Date,Open,High,Low,Close,Volume
2004-06-16,0.7414216346872584,0.7837887574272224,0.6905816023931899,0.7032909393310547,2385268337
2004-06-17,0.7032908809200293,0.7414215731093318,0.6990544538881207,0.7160010933876038,454525756
2004-06-18,0.711764714985637,0.7202376244149288,0.6693975928697745,0.6821078062057495,198501621
2004-06-21,0.6948181632968491,0.6990545911606603,0.66939767858333,0.6778714656829834,123755710
2004-06-22,0.6778714656829834,0.6778714656829834,0.6778714656829834,0.6778714656829834,0
2004-06-23,0.6863443078731463,0.7541318585927703,0.6821078256444775,0.7498944997787476,298397869
2004-06-24,0.7583682758415007,0.7668420613715407,0.7329477958366594,0.7541317939758301,188331925
2004-06-25,0.7583683079810621,0.7710785211288501,0.7371851855294319,0.7456580400466919,115053162
2004-06-28,0.7456582820774323,0.7456582820774323,0.720237847530722,0.7329480648040771,79979914
2004-06-29,0.728711636170359,0.7498947107111505,0.728711636170359,0.7329480648040771,81799612
2004-06-30,0.7414216398701442,0.7498944946968941,0.7287114262580872,0.7287114262580872,66263028
2004-07-01,0.7287114262580872,0.7287114262580872,0.7287114262580872,0.7287114262580872,0
2004-07-02,0.7244749671315451,0.7414216074151548,0.7075282720613536,0.7371851801872253,70650913
2004-07-05,0.7371851801872253,0.7371851801872253,0.7371851801872253,0.7371851801872253,0
2004-07-06,0.7414216127880618,0.7541318259358499,0.7371851855294319,0.7456580400466919,83684395
2004-07-07,0.7414217287932647,0.7414217287932647,0.7202377264418023,0.724475085735321,71242111
2004-07-08,0.7202376297463734,0.7202376297463734,0.6905815973322909,0.6948180794715881,114708748
2004-07-09,0.6948181619865894,0.6990545898424116,0.6821078922605034,0.6905816793441772,50853904
2004-07-12,0.6905816806464479,0.6990545911606603,0.6736341064471411,0.6778714656829834,64923340
2004-07-13,0.6778713788843952,0.686344288313687,0.673634020191129,0.6821078062057495,59304244
2004-07-14,0.682107800068978,0.682107800068978,0.6355042510510429,0.6439771056175232,106513329
2004-07-15,0.6482145823811515,0.6482145823811515,0.601611024871776,0.6227941513061523,61392421
2004-07-16,0.6185575233156235,0.6355042177181989,0.6143201648827336,0.6270304322242737,22381467
2004-07-19,0.6270304333085287,0.6397406458854675,0.6100837388766492,0.6397406458854675,28860241
2004-07-20,0.6312678185101008,0.6397406730060125,0.6270304598902492,0.6355042457580566,18636307
2004-07-21,0.6439770729538283,0.656687340317347,0.6355042188171067,0.6397406458854675,56923179
2004-07-22,0.6355042968131426,0.6355042968131426,0.5931371720276287,0.6016109585762024,75017102
2004-07-23,0.6016108437164599,0.6058472704959414,0.593137058785704,0.5973734855651855,25318475
2004-07-26,0.5846633210743655,0.5931371066894934,0.5719539849228952,0.5761904120445251,40347930
2004-07-27,0.5719539725460726,0.631267786026001,0.5719539725460726,0.631267786026001,97119242
2004-07-28,0.6312679387885098,0.6355043668436519,0.6143203090372023,0.6227941513061523,22807238
2004-07-29,0.6143201919879038,0.6397406730060125,0.610083764739948,0.6355042457580566,18972585
2004-07-30,0.6439770740240015,0.6566873414086423,0.6312677927977984,0.6524508595466614,54590929
2004-08-02,0.6524510152198562,0.6566874980926514,0.6270305839584824,0.6566874980926514,29028380
2004-08-03,0.6609247379059634,0.6736340198638519,0.6566873792147558,0.6693975925445557,69094271
2004-08-04,0.6609246998559011,0.6651611269313021,0.6482144324712603,0.6524508595466614,15452514
2004-08-05,0.6609246527470014,0.6821077179859935,0.6609246527470014,0.6736339330673218,36800740
2004-08-06,0.6651612507195188,0.6863443761971957,0.6651612507195188,0.6778714656829834,23506913
2004-08-09,0.6778714656829834,0.6778714656829834,0.66939767858333,0.6778714656829834,24390999
2004-08-10,0.6863444122268202,0.6863444122268202,0.6566874980926514,0.6566874980926514,22828933
2004-08-11,0.6651612807603857,0.6651612807603857,0.6227941513061523,0.6227941513061523,35607496
2004-08-12,0.6227940326422934,0.6355042457580566,0.6143201919879038,0.6355042457580566,28057513
2004-08-13,0.6227940326422934,0.6355042457580566,0.6227940326422934,0.6355042457580566,5299089
2004-08-16,0.6270304598902492,0.6397406730060125,0.610083764739948,0.6355042457580566,14454528
2004-08-17,0.6355042177181989,0.6355042177181989,0.6227940051632385,0.6270304322242737,4846199
2004-08-18,0.6355042177181989,0.6355042177181989,0.6270304322242737,0.6270304322242737,3666514
2004-08-19,0.6312677906571637,0.6439770718402694,0.6227940051632385,0.6270304322242737,21581451
2004-08-20,0.631267786026001,0.631267786026001,0.622794000594242,0.631267786026001,18744783
2004-08-23,0.6355043905864696,0.6355043905864696,0.6058474755617359,0.6185576915740967,11661251
2004-08-24,0.6185576050492855,0.6185576050492855,0.6016109631940302,0.610083818435669,17725102
2004-08-25,0.6143202418373209,0.6143202418373209,0.5889007449150085,0.5889007449150085,26132051
2004-08-26,0.6016108923046213,0.6058473194262513,0.5719539849228952,0.5761904120445251,45647020
2004-08-27,0.584663300126257,0.5973735124076162,0.580426818369837,0.5931370854377747,53674300
2004-08-30,0.593137172506732,0.6016109590621505,0.5889007449150085,0.5889007449150085,11531079
2004-08-31,0.5973736654445606,0.6227941513061523,0.5889008093342764,0.6227941513061523,12420588
2004-09-01,0.622793999157221,0.622793999157221,0.6100837319382545,0.6143201589584351,11238192
2004-09-02,0.6185575173504614,0.6185575173504614,0.6100837319382545,0.6143201589584351,16537281
2004-09-03,0.6185575722643801,0.6185575722643801,0.6058473587036133,0.6058473587036133,10142576
2004-09-06,0.6100839037751535,0.6227941745741088,0.6058474755617359,0.6185576915740967,13217893
2004-09-07,0.6227940062401679,0.6397406458854675,0.6227940062401679,0.6397406458854675,43716133
2004-09-08,0.6355042130559566,0.6355042130559566,0.622794000594242,0.631267786026001,9280186
2004-09-09,0.6227941745741088,0.6270306027875264,0.6185576915740967,0.6185576915740967,3753295
2004-09-10,0.6185575233156235,0.6270304322242737,0.6143201648827336,0.6270304322242737,3373627
2004-09-13,0.6143202418373209,0.6143202418373209,0.5846633859513137,0.5889007449150085,40244877
2004-09-14,0.5931371765804135,0.6185576050492855,0.5931371765804135,0.610083818435669,19585478
2004-09-15,0.6270304333085287,0.6482144313940456,0.6227940062401679,0.6397406458854675,78537173
2004-09-16,0.6439771640876186,0.6651612199576218,0.6355043087518429,0.6609247922897339,68362053
2004-09-17,0.665161285637136,0.665161285637136,0.6524510152198562,0.6566874980926514,20062776
2004-09-20,0.6566873414086423,0.6609246998559011,0.6397406469486004,0.6524508595466614,13103992
2004-09-21,0.6609247273322907,0.6736340090868522,0.6482144594192505,0.6482144594192505,22470960
2004-09-22,0.6482144594192505,0.652450886670771,0.6439771007958334,0.6482144594192505,8249657
2004-09-23,0.6439772276753716,0.6609248575509337,0.6439772276753716,0.6566874980926514,8743226
2004-09-24,0.6566873736257298,0.6566873736257298,0.639740678334283,0.6439771056175232,23772681
2004-09-27,0.6439771056175232,0.6482144642726669,0.639740678334283,0.6439771056175232,7067260
2004-09-28,0.6439771056175232,0.6439771056175232,0.6355042510510429,0.6439771056175232,11520231
2004-09-29,0.6439771056175232,0.6439771056175232,0.6439771056175232,0.6439771056175232,0
2004-09-30,0.6439771056175232,0.6482144642726669,0.6355042510510429,0.6439771056175232,17801036
2004-10-01,0.6439771056175232,0.6439771056175232,0.6439771056175232,0.6439771056175232,0
2004-10-04,0.643977079717895,0.673633987038217,0.643977079717895,0.6651611328125,33660338
2004-10-05,0.6693977108283258,0.7287115388401431,0.6693977108283258,0.7075284123420715,122007282
2004-10-06,0.7117648158122615,0.7329479415782709,0.7117648158122615,0.724475085735321,103920247
2004-10-07,0.7287114262580872,0.7456580672835191,0.7202376400594052,0.7287114262580872,53668876
2004-10-08,0.7371853008717898,0.7456581567147397,0.7032910285972678,0.724475085735321,47125016
2004-10-11,0.7244749774748359,0.7753149538380866,0.7244749774748359,0.7583683133125305,109109070
2004-10-12,0.7626047410203339,0.775314954264467,0.754131831652266,0.7710785269737244,70363449
2004-10-13,0.7710785211288501,0.7710785211288501,0.7371851855294319,0.7456580400466919,30319254
2004-10-14,0.7456580400466919,0.7583683079810621,0.7329478268989038,0.7456580400466919,21055338
2004-10-15,0.7414217022997889,0.7668421864509583,0.7371852745296956,0.7668421864509583,15474209
2004-10-18,0.7668421635078051,0.7922617155264363,0.7668421635078051,0.7795514464378357,36974303
2004-10-19,0.7795514141737864,0.7922616827363348,0.7583683454618102,0.77531498670578,11916171
2004-10-20,0.7710785493453196,0.7753149767589753,0.7329478537200373,0.741421639919281,20258034
2004-10-21,0.7414216398701442,0.7414216398701442,0.7244749988447122,0.7287114262580872,24488628
2004-10-22,0.7287114262580872,0.7287114262580872,0.7287114262580872,0.7287114262580872,0
2004-10-25,0.7287115388401431,0.7287115388401431,0.7075284123420715,0.7075284123420715,21218054
2004-10-26,0.7032910529021149,0.7117648404099521,0.6990546248342344,0.7075284123420715,21776709
2004-10-27,0.7329477958366594,0.7583682758415007,0.7329477958366594,0.7541317939758301,52166473
2004-10-28,0.7668421896604827,0.8134457442291824,0.7668421896604827,0.7880252599716187,117366429
2004-10-29,0.7710785911511486,0.7922617155264363,0.7668421635078051,0.7795514464378357,24879144
2004-11-01,0.7710785911511486,0.7795514464378357,0.7668421635078051,0.7795514464378357,5000778
2004-11-02,0.7795513659169768,0.8134456324652783,0.7753149387112194,0.8092082738876343,40413016
2004-11-03,0.7964990735054016,0.8049719287810643,0.783788804433339,0.7964990735054016,23642509
2004-11-04,0.7964990367025968,0.7964990367025968,0.7498944997787476,0.7498944997787476,37928898
2004-11-05,0.7668421918210082,0.7753150474205285,0.7541319222631215,0.762604832649231,24146926
2004-11-08,0.762604832649231,0.7668421918210082,0.7541319222631215,0.762604832649231,13521628
2004-11-09,0.7710785269737244,0.7880251675086001,0.7668420996829818,0.7710785269737244,26311037
2004-11-10,0.7837887730137371,0.7837887730137371,0.7710785592377736,0.77531498670578,11547351
2004-11-11,0.7753150474205285,0.7753150474205285,0.762604832649231,0.762604832649231,12518218
2004-11-12,0.7837887406349182,0.7922616500074946,0.7710785273840219,0.7837887406349182,35417661
2004-11-15,0.7837888321837944,0.8092083850693436,0.7837888321837944,0.7880252599716187,64890797
2004-11-16,0.7837886916513306,0.7922616004943848,0.775314906223008,0.7922616004943848,34495609
2004-11-17,0.7880251835455386,0.8727594836759807,0.7880251835455386,0.8558127880096436,155555672
2004-11-18,0.8558127175637641,0.8897060513199383,0.7922616004943848,0.7922616004943848,171301074
2004-11-19,0.7964989981509791,0.8346287608146667,0.7922616395420502,0.8346287608146667,68801384
2004-11-22,0.834628797964105,0.8897061347712208,0.8261559431129063,0.8642857074737549,65877935
2004-11-23,0.8642858035944481,0.9320734163758136,0.8642858035944481,0.9151257872581482,53055982
2004-11-24,0.9235995336076236,0.9235995336076236,0.8727595521906633,0.8897061944007874,34007463
2004-11-25,0.8812324076097267,0.9066528913974996,0.8642857653996026,0.8897061944007874,31528770
2004-11-26,0.8727596720004566,0.9405463597196794,0.8727596720004566,0.923599660396576,53413956
2004-11-29,0.9320733360157176,1.008333743229087,0.9320733360157176,0.9829133152961732,63220255
2004-11-30,0.9744396194277536,1.025280477160381,0.9744396194277536,0.9998600482940674,22129258
2004-12-01,0.9998600498782702,0.9998600498782702,0.9659666560109698,0.9744396209716796,24374727
2004-12-02,1.0083336614962766,1.033753210783378,0.9913870761585504,1.0252803564071655,39393335
2004-12-03,1.0422269813679972,1.076120368914988,0.9913870096206664,0.9913870096206664,31290121
2004-12-06,0.9998600482940674,1.016806745200867,0.9913871929199576,0.9998600482940674,5006202
2004-12-07,0.9998600999281358,0.9998600999281358,0.923599576403232,0.9405462741851808,57134709
2004-12-08,0.9405462721693127,0.9405462721693127,0.9151257872581482,0.9151257872581482,24705581
2004-12-09,0.932073503137488,0.9405463597196794,0.9151258724422594,0.923599660396576,21369921
2004-12-10,0.9320734183735218,0.9744396697490784,0.923599576403232,0.9405462741851808,25991031
2004-12-13,0.9659664630889891,0.9744394263574864,0.9490198791130718,0.9659664630889891,17171870
2004-12-14,0.965966704364238,0.965966704364238,0.9320734183735218,0.9405462741851808,57340814
2004-12-15,0.9405462271043792,0.98291335294462,0.9405462271043792,0.9744396209716796,43455789
2004-12-16,0.9913869964917886,0.9913869964917886,0.9574927328084152,0.9659664630889891,6806916
2004-12-17,0.965966704364238,0.965966704364238,0.9405462741851808,0.9405462741851808,9442901
2004-12-20,0.9405461154671232,0.9490199560074444,0.8897060854871711,0.8981789946556091,43846306
2004-12-21,0.9151257892195324,0.9574929719671296,0.9151257892195324,0.9405462741851808,46455172
2004-12-22,0.9405461675673868,0.9490200085771048,0.8558127978359716,0.8642857074737549,92677119
2004-12-23,0.8473389733015898,0.8473389733015898,0.7922616389847188,0.8219185471534729,139511959
2004-12-24,0.8219186909378029,0.8431026935577393,0.8219186909378029,0.8431026935577393,22644523
2004-12-27,0.8431026935577393,0.8431026935577393,0.8431026935577393,0.8431026935577393,0
2004-12-28,0.8431024195101796,0.8431024195101796,0.809208157823315,0.8261557817459106,34934940
2004-12-29,0.8261558668587421,0.8261558668587421,0.783788692824264,0.8049718141555786,45337861
2004-12-30,0.8007355294936951,0.8049719572815193,0.7837888321837944,0.7880252599716187,38183819
2004-12-31,0.788025167927915,0.800735435965394,0.7837887406349182,0.7837887406349182,42126949
2005-01-03,0.7964990086723972,0.8049718632583909,0.7837887406349182,0.7837887406349182,46194827
2005-01-04,0.7922617451459816,0.8134457468986511,0.7880252625576655,0.8134457468986511,89439087
2005-01-05,0.8049719287810643,0.8049719287810643,0.7880252320711704,0.7964990735054016,52605804
2005-01-06,0.7964990735054016,0.800735501143233,0.7880252320711704,0.7964990735054016,44572015
2005-01-07,0.7964990735054016,0.8049719287810643,0.7880252320711704,0.7964990735054016,40608274
2005-01-10,0.8049718740009006,0.8431025690490339,0.8049718740009006,0.8176820874214172,39116719
2005-01-11,0.8303922938933195,0.8303922938933195,0.8007353871210013,0.8049718141555786,45023278
2005-01-12,0.813445599596582,0.813445599596582,0.8007353871210013,0.8049718141555786,26359852
2005-01-13,0.8049718129509448,0.8092082399791823,0.7837886916513306,0.7922616004943848,22275702
2005-01-14,0.7880251198588413,0.813445599596582,0.7880251198588413,0.8049718141555786,32103696
2005-01-17,0.8049718141555786,0.8049718141555786,0.7964989600864241,0.8049718141555786,20019385
2005-01-18,0.8092083564188957,0.8092083564188957,0.7880252320711704,0.7964990735054016,21478398
2005-01-19,0.8007353859227073,0.8092082399791823,0.775314906223008,0.7922616004943848,18023413
2005-01-20,0.779551469761238,0.779551469761238,0.7498945578399753,0.7668421864509583,44339875
2005-01-21,0.7626049827711058,0.7626049827711058,0.7244752075366406,0.7329480648040771,33991192
2005-01-24,0.7287113687575687,0.7541317939758301,0.724474941678478,0.7541317939758301,42333055
2005-01-25,0.7541319222631215,0.762604832649231,0.7287114927205265,0.762604832649231,24304217
2005-01-26,0.7753149819617143,0.7753149819617143,0.7456580723366634,0.7498944997787476,15121660
2005-01-27,0.7583682758415007,0.7668420613715407,0.7541317939758301,0.7541317939758301,25486614
2005-01-28,0.7541319169820792,0.7668421864509583,0.7498945578399753,0.7668421864509583,26603925
2005-01-31,0.7626047410203339,0.7710785269737244,0.754131831652266,0.7710785269737244,19108181
2005-02-01,0.7710784791947706,0.7964989588944698,0.7710784791947706,0.7922616004943848,27047595
2005-02-02,0.8049718520587772,0.8219185471534729,0.7964989975906668,0.8219185471534729,58029642
2005-02-03,0.817682174700378,0.8346288720658923,0.8049719599231798,0.8134457468986511,12099497
2005-02-04,0.8134457534670302,0.8812324339032701,0.8134457534670302,0.8473390936851501,83657276
2005-02-07,0.8642857638948831,0.8642857638948831,0.8388652801513672,0.8388652801513672,18728512
2005-02-08,0.8388652103275829,0.8431025690490339,0.8049718740009006,0.8176820874214172,32423703
2005-02-14,0.82615602313345,0.8473390936851501,0.82191866392549,0.8473390936851501,36128184
2005-02-15,0.8473389407394881,0.8473389407394881,0.8176820337104093,0.8303923010826111,23365893
2005-02-16,0.8346287602275313,0.8388651874615866,0.8134456378987804,0.8219185471534729,10154238
2005-02-17,0.8303923010826111,0.8431025136682331,0.821918515568244,0.8303923010826111,12467787
2005-02-18,0.8303923335776313,0.8346287608146667,0.8219185477316671,0.8346287608146667,6145208
2005-02-21,0.8388652046249331,0.9151256628308588,0.8388652046249331,0.906652808189392,226282519
2005-02-22,0.9066528913974996,0.9066528913974996,0.8812324076097267,0.8897061944007874,30820416
2005-02-23,0.8981790773494358,0.8981790773494358,0.8558128292226349,0.8812323808670044,51298659
2005-02-24,0.898179133855749,0.898179133855749,0.8727595806121826,0.8727595806121826,14318932
2005-02-25,0.8897060854871711,0.8981789946556091,0.8812322997334313,0.8981789946556091,15306070
2005-02-28,0.898179044409004,0.9066528306321376,0.8431025841872387,0.8642857074737549,29169400
2005-03-01,0.8727595806121826,0.8727595806121826,0.8558128830635993,0.8727595806121826,5423837
2005-03-02,0.8727594836759807,0.8727594836759807,0.8558127880096436,0.8558127880096436,6445146
2005-03-03,0.8558127978359716,0.8642857074737549,0.8473390116128381,0.8642857074737549,10290647
2005-03-04,0.8727595257050663,0.9066528638833428,0.8727595257050663,0.8812323808670044,28502268
2005-03-07,0.8981789946556091,0.9066527804093488,0.8897060854871711,0.8981789946556091,22069596
2005-03-08,0.8981789946556091,0.9235994205449454,0.8981789946556091,0.8981789946556091,21581451
2005-03-09,0.8981790773494358,0.8981790773494358,0.8812323808670044,0.8812323808670044,8124909
2005-03-10,0.8812323267345852,0.9151256628308588,0.8727594720931184,0.906652808189392,21451279
2005-03-11,0.8981789946556091,0.8981789946556091,0.8727594453515747,0.8981789946556091,16076255
2005-03-14,0.8812323808670044,0.8897061674009114,0.8812323808670044,0.8812323808670044,5836049
2005-03-15,0.8812323485480872,0.8812323485480872,0.8558127978359716,0.8642857074737549,13429422
2005-03-16,0.8558127880096436,0.8727594836759807,0.8431025745068476,0.8558127880096436,13505356
2005-03-17,0.8473390959965887,0.8812324363071656,0.8431026681490972,0.8727595806121826,34360013
2005-03-18,0.8812324076097267,0.8981791046064388,0.8642857653996026,0.8897061944007874,26533415
2005-03-21,0.8981791462241743,0.965966704364238,0.8727595926305666,0.9405462741851808,86835645
2005-03-22,0.9320733547210692,0.9405462099541064,0.9151257267244548,0.9320733547210692,21049969
2005-03-23,0.9151257892195324,0.9490201161554706,0.9151257892195324,0.9405462741851808,26245951
2005-03-24,0.940546191078717,1.008333743229087,0.940546191078717,0.9829133152961732,79735841
2005-03-29,0.9744395836478016,0.9913871565177164,0.9744395836478016,0.9829133152961732,30481969
2005-03-30,0.9659666560109698,0.98291335294462,0.9574929240380295,0.9744396209716796,27551469
2005-03-31,0.974439705588312,0.9829134382970788,0.957493007183075,0.957493007183075,30555191
2005-04-01,0.965966739891842,0.965966739891842,0.9235996103726012,0.957493007183075,13722310
2005-04-04,0.9574929065787442,0.9574929065787442,0.9235995133294688,0.9320733547210692,19346829
2005-04-06,0.9320734183735218,0.9405462741851808,0.923599576403232,0.9405462741851808,15306070
2005-04-07,0.9490201161554706,0.9490201161554706,0.9320734183735218,0.9405462741851808,19851246
2005-04-08,0.9490200513457072,0.9490200513457072,0.9320733547210692,0.9320733547210692,14449104
2005-04-11,0.9405463597196794,0.9405463597196794,0.9151258724422594,0.923599660396576,10272749
2005-04-12,0.9320734183735218,0.9490201161554706,0.9320734183735218,0.9405462741851808,15794216
2005-04-13,0.9405462099541064,0.9405462099541064,0.9151257267244548,0.9320733547210692,4411424
2005-04-14,0.9235995744236856,0.9235995744236856,0.8981791442991116,0.9151257872581482,15457938
2005-04-15,0.8981790773494358,0.8981790773494358,0.8727595257050663,0.8812323808670044,13158230
2005-04-18,0.864285697550142,0.8727594836759807,0.8558127880096436,0.8558127880096436,24363880
2005-04-19,0.8558127978359716,0.8727594936968884,0.8473390116128381,0.8642857074737549,27015594
2005-04-20,0.8727594936968884,0.8812323485480872,0.8642857074737549,0.8642857074737549,11840238
2005-04-21,0.8642857074737549,0.8642857074737549,0.8558127978359716,0.8642857074737549,11270735
2005-04-22,0.8812323267345852,0.906652808189392,0.8812323267345852,0.906652808189392,23886582
2005-04-25,0.8981791046064388,0.8981791046064388,0.8812324076097267,0.8897061944007874,15175898
2005-04-26,0.8981790221760135,0.9151256628308588,0.8812323267345852,0.906652808189392,21256020
2005-04-27,0.906653015860068,0.932073503137488,0.8981792279057514,0.923599660396576,50461164
2005-04-28,0.9320732733642432,0.949019968509674,0.9320732733642432,0.949019968509674,12011631
2005-04-29,0.9490201141214408,0.9490201141214408,0.8981791442991116,0.9151257872581482,16092527
2005-05-03,0.9151257267244548,0.9405462099541064,0.9151257267244548,0.9320733547210692,18809870
2005-05-04,0.9320733547210692,0.9320733547210692,0.9235995133294688,0.9320733547210692,3368203
2005-05-05,0.9320734526545532,0.965966739891842,0.9320734526545532,0.957493007183075,20019385
2005-05-06,0.9574928230031506,0.9659665540819408,0.9405461278577198,0.949019968509674,10272749
2005-05-09,0.949019968509674,0.9574928230031506,0.9320732733642432,0.949019968509674,14340627
2005-05-10,0.965966739891842,0.965966739891842,0.9490201510597902,0.957493007183075,21977391
2005-05-11,0.9490202024605916,0.9490202024605916,0.923599660396576,0.923599660396576,15219289
2005-05-12,0.9320733547210692,0.9405462099541064,0.9151257267244548,0.9320733547210692,9860537
2005-05-13,0.9320733751852724,0.9320733751852724,0.8897061944007874,0.8897061944007874,22064172
2005-05-17,0.8981790221760135,0.906652808189392,0.8812323267345852,0.906652808189392,4838063
2005-05-18,0.9066527804093488,0.9151256347912056,0.8812322997334313,0.8981789946556091,11829390
2005-05-19,0.8897060972080097,0.9574928230031506,0.8812323113426376,0.949019968509674,58940847
2005-05-20,0.9490200513457072,0.9574929065787442,0.9320733547210692,0.9320733547210692,18419353
2005-05-23,0.9320733547210692,0.9320733547210692,0.9151257267244548,0.9320733547210692,12129898
2005-05-24,0.932073503137488,0.932073503137488,0.9151258724422594,0.923599660396576,12333807
2005-05-25,0.932073503137488,0.9405463597196794,0.9151258724422594,0.923599660396576,24027602
2005-05-26,0.923599576403232,0.9490201161554706,0.9066529334078736,0.9405462741851808,23929973
2005-05-27,0.949019968509674,0.9574928230031506,0.9235994327122892,0.949019968509674,40982519
2005-05-30,0.9490200513457072,0.9490200513457072,0.9320733547210692,0.9320733547210692,14720296
2005-05-31,0.9405462741851808,0.9405462741851808,0.9320734183735218,0.9405462741851808,79464649
2005-06-01,0.9405462741851808,0.9490201161554706,0.9405462741851808,0.9405462741851808,23501489
2005-06-02,0.94902003230026,0.9998600115807156,0.94902003230026,0.9829133152961732,107375720
2005-06-03,0.9913872805790308,1.0168068351075523,0.957493007183075,0.957493007183075,32464382
2005-06-06,0.9659666560109698,0.991387194490736,0.9659666560109698,0.9744396209716796,31745723
2005-06-07,0.9829133152961732,0.9913871565177164,0.9744395836478016,0.9829133152961732,13174502
2005-06-08,0.9829132565990466,1.0168066471441026,0.9829132565990466,1.008333683013916,53699369
2005-06-09,1.008333683013916,1.0168066471441026,0.9913870973145532,1.008333683013916,14790806
2005-06-10,1.0083335938210063,1.025280287594502,0.9913870096206664,0.9913870096206664,11407415
2005-06-13,0.9998600482940674,1.0083337802535817,0.982913351387268,0.9998600482940674,10248341
2005-06-14,0.999860025172408,1.033753308629053,0.999860025172408,1.016806721687317,32852701
2005-06-15,1.016806721687317,1.025280453450877,1.008333756935968,1.016806721687317,5033321
2005-06-16,1.0168066471441026,1.0168066471441026,0.9744395254567052,1.008333683013916,9697822
2005-06-17,0.9998602275101424,1.067647794299889,0.9998602275101424,1.0591740608215332,45386676
2005-06-20,1.0507002177699822,1.0591740608215332,1.042227360877188,1.0591740608215332,24629648
2005-06-21,1.0506998840016983,1.0506998840016983,1.042227029800415,1.042227029800415,8716107
2005-06-22,1.050699749924618,1.1015407037052494,1.0422268968045334,1.0845940113067627,26864269
2005-06-23,1.084594195421772,1.1269613171160209,1.084594195421772,1.0930670499801636,50075312
2005-06-24,1.1015408906970403,1.1015408906970403,1.07612046427806,1.0930670499801636,57169909
2005-06-27,1.0845940113067627,1.093066864426847,1.076120281601507,1.0845940113067627,19596326
2005-06-28,1.0676474212945568,1.0676474212945568,1.0252803027293649,1.0337531566619873,56760464
2005-06-29,1.0506998840016983,1.0506998840016983,1.042227029800415,1.042227029800415,10261901
2005-06-30,1.0422271740671805,1.05070002944129,0.9913871929199576,0.9998600482940674,34327470
2005-07-04,0.9998599518715746,1.025280378286444,0.9913870973145532,1.008333683013916,25882554
2005-07-05,0.9998599518715746,1.0168066471441026,0.9998599518715746,1.008333683013916,8265929
2005-07-06,1.0083336406783945,1.042227029800415,1.0083336406783945,1.042227029800415,32689471
2005-07-07,1.0337533325344908,1.0337533325344908,0.9998600482940674,0.9998600482940674,27238514
2005-07-08,1.0083336614962766,1.033753210783378,1.0083336614962766,1.0252803564071655,34247116
2005-07-11,1.0337530575261311,1.093066864426847,1.0337530575261311,1.0845940113067627,33372874
2005-07-12,1.0845942728166496,1.0930671279796502,1.0507000032621523,1.0676475763320925,49312070
2005-07-13,1.050700068473816,1.0676476425956063,1.050700068473816,1.050700068473816,30872485
2005-07-14,1.050699749924618,1.093066864426847,1.050699749924618,1.0845940113067627,124384875
2005-07-15,1.0845942271881,1.0845942271881,1.0591738000245887,1.0761204957962036,7609644
2005-07-18,1.0761206078576544,1.08459434013196,1.050700068473816,1.050700068473816,28008699
2005-07-19,1.0506998506856444,1.0506998506856444,1.0083336087057078,1.0337531566619873,26799183
2005-07-20,1.0337532328434655,1.0337532328434655,1.008333683013916,1.008333683013916,46287033
2005-07-21,1.0168066254456518,1.0506999056942667,1.0168066254456518,1.0252803564071655,26961898
2005-07-22,1.0252804395136292,1.0252804395136292,0.9744395836478016,0.9829133152961732,45972450
2005-07-25,0.9744395968939392,1.025280453450877,0.9744395968939392,1.016806721687317,43379855
2005-07-26,1.025280453450877,1.0422271499657858,1.016806721687317,1.016806721687317,11943291
2005-07-27,1.0337531566619873,1.0337531566619873,1.0252803027293649,1.0337531566619873,3335660
2005-07-28,1.042226996753022,1.0506998506856444,1.0252803027293649,1.0337531566619873,3601428
2005-07-29,1.0337531566619873,1.0337531566619873,1.0252803027293649,1.0337531566619873,6958784
2005-08-01,1.033753210783378,1.033753210783378,1.0168066254456518,1.0252803564071655,12870767
2005-08-02,1.0337532328434655,1.042227073558972,1.008333683013916,1.008333683013916,10408345
2005-08-03,1.016806745200867,1.016806745200867,0.9744396194277536,0.9998600482940674,38541792
2005-08-04,1.0168066471441026,1.025280378286444,1.008333683013916,1.008333683013916,18072228
2005-08-05,1.0083335938210063,1.0168065572017106,0.9744394392619288,0.9913870096206664,13277555
2005-08-08,1.016806721687317,1.033753308629053,1.008333756935968,1.016806721687317,30634677
2005-08-09,1.033753189440688,1.0591737243614254,1.033753189440688,1.042227029800415,47892489
2005-08-10,1.0591735892030203,1.0845940113067627,1.050699749924618,1.0845940113067627,21586875
2005-08-11,1.0845941740408558,1.1184875639232428,1.0676474790996622,1.110013723373413,25003892
2005-08-12,1.1354344220616317,1.262535924746104,1.1354344220616317,1.2371153831481934,120631580
2005-08-15,1.2794824289816482,1.2964290158410368,1.2371151948209689,1.2879552841186523,46780493
2005-08-16,1.287955432066538,1.287955432066538,1.220168748122786,1.245588302612305,36623381
2005-08-17,1.220168558358298,1.2371151445287605,1.1947480216635962,1.2116947174072266,45140813
2005-08-18,1.2116946388525025,1.2116946388525025,1.126961275200822,1.1523808240890503,30780280
2005-08-19,1.160854698335223,1.1862751245498655,1.1439080031961777,1.1862751245498655,7799478
2005-08-22,1.1947479790401498,1.1947479790401498,1.1693275528255072,1.1862751245498655,4366189
2005-08-23,1.1862749523351408,1.2032216450139892,1.1693273830711064,1.194747805595398,10858523
2005-08-24,1.2201684713363647,1.254061750833202,1.1862750822663672,1.2201684713363647,29527373
2005-08-25,1.2371150173619747,1.2794822454452517,1.2371150173619747,1.2794822454452517,50047651
2005-08-26,1.2794822712193847,1.355742669695809,1.2625355768763789,1.3472689390182495,59062883
2005-08-29,1.3387963826130496,1.3387963826130496,1.2964292503614476,1.3133759498596191,47827403
2005-08-30,1.313375612897941,1.3218494535523304,1.254061796365812,1.2710084915161133,29201943
2005-08-31,1.2879551866664145,1.2964289177476398,1.254061796365812,1.2710084915161133,21594500
2005-09-01,1.2879553714694694,1.3896363239731788,1.279482515757825,1.3811633586883545,57104335
2005-09-02,1.3896360097411715,1.41505643387196,1.3642154760372278,1.406582593917847,32966087
2005-09-05,1.3981097890593803,1.4065826431516677,1.3472689390182495,1.3472689390182495,24390999
2005-09-06,1.3726897816093926,1.3726897816093926,1.304902107031168,1.3133759498596191,11021238
2005-09-07,1.3303225014390376,1.3726896289798325,1.3303225014390376,1.3557429313659668,16521010
2005-09-08,1.3218496457114155,1.3557429313659668,1.313375803825172,1.3557429313659668,37196680
2005-09-09,1.3557429288093623,1.406582911981907,1.3557429288093623,1.3811633586883545,30460273
2005-09-12,1.381163235937013,1.4658966067426682,1.381163235937013,1.4404761791229248,41264559
2005-09-13,1.4743706526959603,1.4828435088317211,1.4065829823897134,1.415056824684143,31637246
2005-09-14,1.4235294830471596,1.4489500202400731,1.4235294830471596,1.4404761791229248,11715489
2005-09-15,1.3896361486566151,1.3896361486566151,1.338796062324878,1.364215612411499,64554519
2005-09-16,1.3642155688286768,1.3726894093591653,1.3218494342247873,1.3387960195541382,32651504
2005-09-20,1.3642157609187515,1.415056729370318,1.3642157609187515,1.398110032081604,19973239
2005-09-21,1.4065829271740198,1.4743705948192485,1.3981100713708623,1.4235296249389648,46037536
2005-09-22,1.4235294397065894,1.5421570756374168,1.4150565850059362,1.4997899532318115,37419058
2005-09-23,1.5167373418807983,1.5252101955563988,1.4743702246008026,1.5167373418807983,12952125
2005-09-26,1.5082636845177997,1.5252103800776082,1.491317098531158,1.4997899532318115,11726337
2005-09-27,1.5082637395823268,1.5675775597132022,1.482843311808467,1.4913171529769895,31187068
2005-09-28,1.4913171208243898,1.5082637070643603,1.4658965840254226,1.482843279838562,11395483
2005-09-29,1.4913171997392194,1.609944734147523,1.482843358304988,1.5929981470108032,45798887
2005-09-30,1.6014713048934937,1.6099450383557103,1.550631314730483,1.6014713048934937,18175280
2005-10-03,1.5929981470108032,1.6438381275673108,1.5760504641423407,1.5929981470108032,15262680
2005-10-04,1.5760503140359214,1.5929979952902504,1.5760503140359214,1.584524154663086,13028058
2005-10-05,1.57605033585583,1.57605033585583,1.542157054768044,1.5675774812698364,22051578
2005-10-06,1.542157228442103,1.5591039256810757,1.49979010183855,1.5336843729019165,6970662
2005-10-07,1.5336840353903816,1.5336840353903816,1.482843078276403,1.5167373418807983,10147691
2005-10-10,1.5167375253769548,1.5421570756374168,1.491317098531158,1.4997899532318115,3612276
2005-10-12,1.4997901062407102,1.4997901062407102,1.38116333479289,1.398110032081604,23105549
2005-10-13,1.3726893159913411,1.41505643387196,1.3642154760372278,1.406582593917847,18126466
2005-10-14,1.40658288764666,1.415056729370318,1.3726896026424098,1.398110032081604,11802271
2005-10-17,1.406582593917847,1.41505643387196,1.39810974012213,1.406582593917847,6237413
2005-10-18,1.4150567538521712,1.4150567538521712,1.33032249893037,1.3811633586883545,17882393
2005-10-19,1.372689364038815,1.3981097890593803,1.3387959753528031,1.3472689390182495,7857649
2005-10-20,1.4065829823897134,1.4235296808199045,1.3896363935327078,1.415056824684143,16168460
2005-10-21,1.4150565441227072,1.5421570310820532,1.4065827035083749,1.474370360374451,34480053
2005-10-24,1.49978993133521,1.5082636624974837,1.415056564346423,1.4320032596588137,21261444
2005-10-25,1.4574236027659575,1.482843151201251,1.3472689390182495,1.3472689390182495,11200225
2005-10-26,1.3726894633738187,1.3981098902339393,1.3642156225098887,1.3896361589431765,13472813
2005-10-27,1.3981100562702629,1.3981100562702629,1.372689626391271,1.3811633586883545,5022473
2005-10-28,1.3642157630224907,1.3726896047592163,1.3387962101295217,1.3726896047592163,23002496
2005-10-31,1.3896361486566151,1.3896361486566151,1.3557427577687904,1.364215612411499,10630722
2005-11-01,1.398110032081604,1.423529584935374,1.38116333479289,1.398110032081604,11612437
2005-11-02,1.423529714286239,1.4658968448638916,1.4065830154576415,1.4658968448638916,10602518
2005-11-03,1.4743706339034053,1.542157317186964,1.4743706339034053,1.5252106189727783,22769271
2005-11-04,1.5252103360118616,1.533684176626194,1.440476093648758,1.474370360374451,16190156
2005-11-07,1.4658966067426682,1.4913171439355817,1.415056628088543,1.4404761791229248,9638160
2005-11-08,1.4404761878560994,1.4913171529769895,1.4404761878560994,1.4913171529769895,12881615
2005-11-09,1.4913173861861342,1.4913173861861342,1.4574239885289386,1.4658968448638916,10592755
2005-11-10,1.4743705028988854,1.4828433581737983,1.4574238061904907,1.4574238061904907,2566560
2005-11-11,1.482843162733399,1.5252102824264613,1.482843162733399,1.5082635879516602,15268103
2005-11-14,1.5082638383911904,1.5167376801148489,1.3726896026424098,1.398110032081604,56364524
2005-11-15,1.4235296249389648,1.4489501646656973,1.4150567691358074,1.4235296249389648,38422468
2005-11-16,1.4235292911337285,1.440475984924821,1.2286412715911863,1.2286412715911863,216411134
2005-11-17,1.3049017531638103,1.3726894093591653,1.3049017531638103,1.3387960195541382,147040247
2005-11-18,1.3811631946645817,1.4065827449393669,1.3726894633738187,1.3896361589431765,52676314
2005-11-21,1.415056729370318,1.415056729370318,1.398110032081604,1.398110032081604,19102757
2005-11-22,1.4065827449393669,1.4235294405087249,1.3896361589431765,1.3896361589431765,29332115
2005-11-23,1.4065829146343838,1.4065829146343838,1.3218496457114155,1.3557429313659668,54699405
2005-11-24,1.3642157142028155,1.4743705028988854,1.3642157142028155,1.4574238061904907,96374977
2005-11-25,1.4574238061904907,1.4743705028988854,1.4404762328967018,1.4574238061904907,34680019
2005-11-28,1.4574239542657694,1.4658968104015304,1.4065829823897134,1.415056824684143,15306070
2005-11-29,1.4150565858032969,1.4150565858032969,1.3811631946645817,1.3896361589431765,19135300
2005-11-30,1.389636080265644,1.406582665302364,1.330322265625,1.330322265625,51060010
2005-12-01,1.347269036513698,1.3896361589431765,1.347269036513698,1.3896361589431765,25003892
2005-12-02,1.3981100562702629,1.4235296095638157,1.3557429288093623,1.3811633586883545,23246569
2005-12-05,1.389636338982256,1.4320034669007522,1.389636338982256,1.4235296249389648,23037914
2005-12-06,1.39810974012213,1.41505643387196,1.3896360097411715,1.406582593917847,17274923
2005-12-07,1.398110032081604,1.398110032081604,1.38116333479289,1.398110032081604,11384635
2005-12-08,1.3811630463722997,1.406582593917847,1.3811630463722997,1.406582593917847,12290416
2005-12-09,1.398110032081604,1.415056729370318,1.3896362999311238,1.398110032081604,12398893
2005-12-12,1.4065827869713947,1.4489500202400731,1.398109932012778,1.4404761791229248,24412694
2005-12-13,1.4574237517840514,1.4574237517840514,1.4235294830471596,1.4404761791229248,7555406
2005-12-14,1.440476114235765,1.448949954971204,1.4235294189233745,1.4320032596588137,9795451
2005-12-15,1.4320034669007522,1.4320034669007522,1.4150567691358074,1.4235296249389648,14801653
2005-12-16,1.4235294405087249,1.4235294405087249,1.3811631946645817,1.3896361589431765,14046053
2005-12-19,1.3896362999311238,1.398110032081604,1.38116333479289,1.398110032081604,15913540
2005-12-20,1.3896363935327078,1.432003523114334,1.3896363935327078,1.415056824684143,36073946
2005-12-21,1.4235294830471596,1.4489500202400731,1.4065827869713947,1.4404761791229248,20772323
2005-12-22,1.415056628088543,1.4489500202400731,1.415056628088543,1.4404761791229248,16173884
2005-12-23,1.440476114235765,1.440476114235765,1.4320032596588137,1.4320032596588137,7869988
2005-12-28,1.4320034266590322,1.4320034266590322,1.398110032081604,1.398110032081604,9215100
2005-12-29,1.40658288764666,1.423529584935374,1.3896362999311238,1.398110032081604,20404478
2005-12-30,1.39810974012213,1.406582593917847,1.3896360097411715,1.406582593917847,12076337
2006-01-03,1.4150565441227072,1.4913170554446422,1.4150565441227072,1.474370360374451,48011813
2006-01-04,1.4913172462983637,1.550631070140889,1.4828434045995778,1.5336843729019165,39840465
2006-01-05,1.5421569769012626,1.5506308172178824,1.4743703085752171,1.5082635879516602,18205361
2006-01-06,1.508263786875939,1.601471002286466,1.482843358304988,1.5929981470108032,27428348
2006-01-09,1.5929979525667814,1.618417501449585,1.5845241121668814,1.618417501449585,55569291
2006-01-10,1.609944734147523,1.626891430857417,1.584524305576572,1.5929981470108032,15527808
2006-01-11,1.5929982034117416,1.5929982034117416,1.5675776643675887,1.5760505199432373,7875412
2006-01-12,1.5760500773486867,1.6607844166880792,1.5760500773486867,1.6523115634918213,36497005
2006-01-13,1.6692586341960751,1.72009872670314,1.6438382044364153,1.6946781873703003,29219245
2006-01-16,1.6946780537266608,1.787886142730713,1.686205198722967,1.787886142730713,33112530
2006-01-17,1.7878857955784673,1.813305341812395,1.6777310317971457,1.7200982570648191,36339079
2006-01-18,1.6946782430658085,1.728572515769887,1.6607849565203772,1.6862053871154783,18821802
2006-01-19,1.6946779812901198,1.7200985175317125,1.6777312858485565,1.703151822090149,8862551
2006-01-20,1.6946782430658085,1.762465911888501,1.6607849565203772,1.6862053871154783,7913379
2006-01-23,1.6438380157004018,1.6438380157004018,1.6014708933027355,1.6353641748428345,31393174
2006-01-24,1.6523115634918213,1.6777309996657743,1.6099443390355512,1.6523115634918213,39110839
2006-01-25,1.6607847438529373,1.7200985629713772,1.6607847438529373,1.66925847530365,7289638
2006-01-26,1.6946776922166171,1.6946776922166171,1.635363884782652,1.6523115634918213,8688988
2006-01-27,1.6523120462669,1.6946781873703003,1.6438382044364153,1.6946781873703003,9621888
2006-02-01,1.720098399557561,1.7539916785429273,1.686205010999036,1.728572130203247,22763847
2006-02-02,1.7624657540619058,1.7709386092535022,1.6692585395761648,1.6777313947677612,16347447
2006-02-03,1.6777315450065011,1.6862053871154783,1.6607849565203772,1.6862053871154783,10012404
2006-02-06,1.686205305929014,1.7370452880859375,1.6777314642280303,1.7370452880859375,16355241
2006-02-07,1.728572248758575,1.770938494283236,1.6946779812901198,1.703151822090149,11449369
2006-02-08,1.7116257614580903,1.7116257614580903,1.6353643626059304,1.6946781873703003,34435947
2006-02-09,1.694678091309513,1.7031519326596682,1.6607848077991827,1.6777313947677612,17085089
2006-02-10,1.6777312858485565,1.703151822090149,1.6777312858485565,1.703151822090149,12181940
2006-02-13,1.7116257614580903,1.7285724589604454,1.6946781873703003,1.6946781873703003,15696587
2006-02-14,1.6946779812901198,1.7200985175317125,1.6862051266485856,1.703151822090149,9852195
2006-02-15,1.7200985175317125,1.7200985175317125,1.6862051266485856,1.703151822090149,7482184
2006-02-16,1.7285722699609862,1.8302523342843928,1.7116255743115574,1.796358942985535,26132051
2006-02-17,1.8048330545425413,1.8217797527333,1.762465925559502,1.8048330545425413,14175515
2006-02-20,1.8048327518450649,1.931933131318892,1.796358911091548,1.9065136909484863,31827081
2006-02-21,1.8980401898110544,1.8980401898110544,1.830252523615674,1.881093382835388,8407388
2006-02-22,1.872619359477141,1.906513625597738,1.872619359477141,1.8895659446716309,4067878
2006-02-23,1.881093142496025,1.881093142496025,1.8302522897720337,1.8302522897720337,6454367
2006-02-24,1.830252514309724,1.830252514309724,1.7624658346176147,1.7624658346176147,11643667
2006-02-27,1.7624658587729487,1.7794124467483523,1.7455191612243652,1.7455191612243652,9307305
2006-02-28,1.7624658013780383,1.7963590857982867,1.75399195980039,1.7794123888015747,19563783
2006-03-01,1.7709384729354785,1.8387260208967504,1.7539917776981988,1.8302522897720337,21082458
2006-03-02,1.8387263413508743,1.86414688171634,1.779412514177077,1.8048330545425413,17649168
2006-03-03,1.7878863536033605,1.7963592096063874,1.7285725265207426,1.7539920806884766,15208441
2006-03-06,1.753991822105876,1.753991822105876,1.7031518446800322,1.711625576019287,12252449
2006-03-07,1.7624656396417018,1.7624656396417018,1.703151822090149,1.703151822090149,11135139
2006-03-08,1.7031519326596682,1.7031519326596682,1.6607848077991827,1.6777313947677612,19856670
2006-03-09,1.6946782430658085,1.71162581771058,1.6862053871154783,1.6862053871154783,9735789
2006-03-10,1.6692586890561714,1.6946782430658085,1.6692586890561714,1.6862053871154783,3129554
2006-03-13,1.7116258283560353,1.762465922850157,1.6946782536058589,1.7539920806884766,10169696
2006-03-14,1.7794123888015747,1.804832927375936,1.7370452628036777,1.7794123888015747,11894476
2006-03-15,1.779412204060195,1.8556728257071944,1.779412204060195,1.8302522897720337,24708293
2006-03-16,1.8302524396074733,1.881093296493603,1.8302524396074733,1.864146709442139,35727287
2006-03-17,1.847200048808875,1.8980402522623123,1.821779727935791,1.821779727935791,33079987
2006-03-20,1.8471999032443271,1.881093296493603,1.7963590463581978,1.864146709442139,12501946
2006-03-21,1.8556727284138013,1.8556727284138013,1.8217793397162807,1.8387259244918823,21275004
2006-03-22,1.8387262385583845,1.84719997068619,1.728572432543554,1.7370452880859375,42197459
2006-03-23,1.8980398865540664,1.9658264461871449,1.864146497164365,1.957353591918945,61383743
2006-03-24,2.025140664964173,2.092928111032489,2.025140664964173,2.03361439704895,77055885
2006-03-27,2.03361439704895,2.042088129133727,1.999721002734324,2.03361439704895,13928415
2006-03-28,2.084454391293991,2.1352952500793028,2.033614409094102,2.126821517944336,24918288
2006-03-29,2.126821068783737,2.3047623933554617,2.126821068783737,2.287815809249878,34983754
2006-03-30,2.270869121765008,2.296288558473568,2.2285020059908454,2.245448589324951,20279936
2006-03-31,2.2454486289510904,2.2454486289510904,2.1946086589052847,2.211555242538452,23317079
2006-04-03,2.211555242538452,2.253922359060281,2.1691881260166235,2.211555242538452,33883415
2006-04-04,2.211555627488408,2.338656122592172,2.211555627488408,2.330183267593384,20771401
2006-04-06,2.330183477502015,2.330183477502015,2.245449222076193,2.2962892055511475,27195123
2006-04-07,2.313236542180162,2.397969908302225,2.3047625919582364,2.3725502490997314,33980344
2006-04-10,2.3979697577073704,2.592857670939136,2.321709250864826,2.542017698287964,30829094
2006-04-11,2.542017857929171,2.542017857929171,2.3471297133119244,2.3725502490997314,31512319
2006-04-12,2.3556026734813043,2.457283496856689,2.338655869585407,2.457283496856689,23902853
2006-04-13,2.45728309258523,2.45728309258523,2.381022597173203,2.389496326446533,18066804
2006-04-18,2.3810227926359864,2.558964328448751,2.3810227926359864,2.550490379333496,38650269
2006-04-19,2.5589651083146934,2.567438840866089,2.533544568099606,2.567438840866089,32574160
2006-04-20,2.5420176873157176,2.5843848058258376,2.4572834502954777,2.558964490890503,30834518
2006-04-21,2.5589651083146934,2.669118810262773,2.4657577757375715,2.567438840866089,15951507
2006-04-24,2.558964539378392,2.575911124127972,2.457283496856689,2.457283496856689,8016432
2006-04-25,2.474230817785239,2.50812509310084,2.347130298614502,2.347130298614502,21055338
2006-04-26,2.355602639756781,2.4657571922225383,2.355602639756781,2.431864023208618,9003571
2006-04-27,2.44033673905133,2.5674380879766825,2.44033673905133,2.533543825149536,12040920
2006-04-28,2.533544213177092,2.660645581568784,2.423390307514032,2.652171850204468,13963670
2006-05-02,2.6606457564158874,2.736906275657572,2.584385237174203,2.6436991691589355,28325017
2006-05-03,2.5928580925099785,2.711485737333094,2.5928580925099785,2.6436991691589355,6389281
2006-05-04,2.6436991691589355,2.6606457564158874,2.601332043577505,2.6436991691589355,5266546
2006-05-08,2.6436991691589355,2.6606457564158874,2.635225218091409,2.6436991691589355,12100582
2006-05-09,2.6436988684495746,2.7284322333889794,2.6436988684495746,2.6775920391082764,26815454
2006-05-10,2.711485177047444,2.872479914184966,2.6945385932922363,2.6945385932922363,29641274
2006-05-11,2.711485290091135,2.77079921229242,2.711485290091135,2.719959020614624,16797517
2006-05-12,2.6775920011555563,2.7199591213173893,2.6013317108154297,2.6013317108154297,24234250
2006-05-15,2.6098043276999245,2.6098043276999245,2.508124168974112,2.533543825149536,13473898
2006-05-16,2.508124589920044,2.5165974448233723,2.4657574665009943,2.508124589920044,9827994
2006-05-17,2.4996511719185888,2.567438840866089,2.4996511719185888,2.567438840866089,16100391
2006-05-18,2.457283496856689,2.5081243468370173,2.4403369121071097,2.457283496856689,8309319
2006-05-19,2.457283294308385,2.592857495154173,2.457283294308385,2.550490379333496,34381166
2006-05-22,2.5420178823598154,2.550490736931529,2.414916517077214,2.465757369995117,11221920
2006-05-23,2.381023647795363,2.499651307894297,2.381023647795363,2.4742307662963867,23955280
2006-05-24,2.499650760598948,2.5420178823598154,2.4318641985376166,2.465757369995117,7056413
2006-05-25,2.9148473959494408,3.1182083987893803,2.897900810072528,3.008054494857788,111366878
2006-05-26,3.0250018493386075,3.084315568120468,2.965687911410375,2.9741618633270264,37436642
2006-05-29,2.9741618461165413,2.999581291109308,2.830113649368286,2.830113649368286,28464301
2006-05-30,2.830113614901625,2.940267536862501,2.8131670262510045,2.847060203552246,21953857
2006-06-01,2.847059696276364,3.058894427275444,2.830113110645207,3.041947841644287,37088746
2006-06-02,3.025001756376088,3.025001756376088,2.8979012473871792,2.9317946434021,25654753
2006-06-05,2.931794326991627,3.0080546241546684,2.931794326991627,2.9826343059539795,11704642
2006-06-06,2.991108452282096,3.067368979165398,2.948741322455305,2.9741618633270264,20324265
2006-06-07,2.991108233501789,2.991108233501789,2.74537920528482,2.796220064163208,29841956
2006-06-08,2.7877465019246714,2.7877465019246714,2.635225450017906,2.686065435409546,37191256
2006-06-09,2.694539269609996,2.779273524531797,2.694539269609996,2.762326717376709,22416722
2006-06-12,2.796219789707452,2.982634208598525,2.7792732036552645,2.9402670860290527,23186907
2006-06-13,2.762326837948406,2.762326837948406,2.60133227252106,2.686065435409546,53869558
2006-06-14,2.660645143442816,2.660645143442816,2.440336710955674,2.550490379333496,36404800
2006-06-15,2.558964666494209,2.6098046424147268,2.533544130668129,2.592857837677002,27688692
2006-06-16,2.694538843583953,2.7538525496756563,2.6267511873885976,2.6775920391082764,40375049
2006-06-19,2.677592070452043,2.677592070452043,2.601331778138289,2.6606454849243164,7414386
2006-06-20,2.626750881005896,2.626750881005896,2.491176680160108,2.550490379333496,22197056
2006-06-21,2.542017496808181,2.677591696099753,2.5250709136497447,2.6352245807647705,12398893
2006-06-22,2.7114854289133032,2.7453788187183306,2.6521717228215995,2.6775920391082764,9833418
2006-06-23,2.601331916985709,2.677592213369896,2.601331916985709,2.6182785034179688,2690223
2006-06-26,2.652171895428828,2.652171895428828,2.567438524974851,2.6182785034179688,6416400
2006-06-27,2.6267510477507034,2.6267510477507034,2.5335439568088547,2.558964490890503,11591305
2006-06-28,2.5165971532340694,2.558964490890503,2.5165971532340694,2.558964490890503,10120881
2006-06-29,2.652172024494712,2.6606457564158874,2.5589649179960747,2.6436991691589355,13959993
2006-06-30,2.71148561081767,2.779273271560669,2.70301275587723,2.779273271560669,35330891
2006-07-03,2.7453793726145053,2.7453793726145053,2.6521722579126994,2.686065435409546,8923710
2006-07-04,2.711485460653825,2.7369059963843982,2.6606454849243164,2.6606454849243164,4542464
2006-07-05,2.6691187351911387,2.736906402232042,2.6606458794635164,2.7114858627319336,8282200
2006-07-06,2.6945385932922363,2.711485177047444,2.626750943393576,2.6945385932922363,8656445
2006-07-07,2.694539018948495,2.694539018948495,2.550490842810894,2.6182785034179688,12849072
2006-07-10,2.533544332075967,2.533544332075967,2.287816191710255,2.4064438343048096,72771
2006-07-11,2.4403372112246977,2.5335443153572603,2.4403372112246977,2.516597509384156,31915223
2006-07-12,2.525071113786345,2.5589645019358973,2.4996505795949724,2.542017698287964,23848615
2006-07-13,2.54201752594974,2.550490379333496,2.5081241400980177,2.550490379333496,22904867
2006-07-14,2.542017987887443,2.6182785034179688,2.482704277935516,2.6182785034179688,17676830
2006-07-17,2.601331444269428,2.601331444269428,2.5250709425970284,2.550490379333496,9977149
2006-07-18,2.5504908367537378,2.5504908367537378,2.474230321404322,2.508124589920044,22724774
2006-07-19,2.499650478363037,2.508124208563303,2.491176748162772,2.499650478363037,14042316
2006-07-20,2.550490902184021,2.575911439863196,2.516597509384156,2.516597509384156,18609188
2006-07-21,2.508124208563303,2.516597062178346,2.482703894547728,2.499650478363037,12800257
2006-07-24,2.497955674128787,2.497955674128787,2.474230017798599,2.48778772354126,26782911
2006-07-25,2.542017422792937,2.542017422792937,2.474229777255164,2.484398603439331,25101522
2006-07-26,2.4911769458923034,2.525071211944703,2.4674512883751083,2.497955799102783,8168842
2006-07-27,2.5115132364917465,2.525070941460412,2.4776198506552807,2.514902114868164,16477619
2006-07-28,2.514902657821976,2.5420180736133777,2.494566972563812,2.535239219665528,19759041
2006-07-31,2.5352386723211624,2.548796377289828,2.487787581516032,2.514902114868164,12247026
2006-08-01,2.514902175181517,2.636919769655384,2.514902175181517,2.6233620643615723,23566575
2006-08-02,2.6165840197342525,2.6945394247958667,2.572522669227585,2.6843714714050293,54051257
2006-08-03,2.6911501245951044,2.8131668710251003,2.677592416129964,2.796220064163208,21183775
2006-08-04,2.7894411087036133,2.830113356037642,2.745379105656777,2.7894411087036133,15927479
2006-08-07,2.7928297935115807,2.8504494960012217,2.7453786992159013,2.7589364051818848,9485289
2006-08-08,2.769104480743408,2.802998749868403,2.758936747871767,2.769104480743408,7137770
2006-08-09,2.7792734764476723,2.833502337991032,2.775883501465497,2.796220064163208,5114869
2006-08-10,2.809776311875353,2.809776311875353,2.71148524697506,2.7148752212524414,7723545
2006-08-11,2.762326569342725,2.8097767940779312,2.721653664569652,2.7894411087036133,7072684
2006-08-14,2.789441095141642,2.843671050185152,2.786052216030704,2.8063879013061523,11950342
2006-08-15,2.8097760677337646,2.830112624436352,2.762325855264726,2.8097760677337646,11211073
2006-08-16,2.830113121211204,2.9622984619446915,2.8131665355167783,2.935183048248291,18419353
2006-08-17,2.945351950767986,3.0266964467969384,2.9351833408984875,2.975855588912964,16469483
2006-08-18,2.969076633453369,2.969076633453369,2.9419620945645018,2.969076633453369,15669467
2006-08-21,2.96229894087653,3.0063600708056515,2.8504501423321065,2.9317946434021,18110194
2006-08-22,2.9351835227962244,2.9487412318363773,2.8640069747867973,2.9317946434021,15263764
2006-08-23,2.948740762891736,2.948740762891736,2.830113128692846,2.864006519317627,20616225
2006-08-24,2.8809526315468763,2.8979003102322536,2.83350154183706,2.84367036819458,22957804
2006-08-25,2.86400670060869,2.93179436273452,2.8470598946504047,2.874175310134888,23571999
2006-08-28,2.931794716534915,2.931794716534915,2.775883688440385,2.830113649368286,13421666
2006-08-29,2.864007048457093,2.864007048457093,2.813167062700148,2.833502531051636,9893563
2006-08-30,2.840281075770377,2.9148475926859563,2.833502221815744,2.8606176376342773,15680885
2006-08-31,2.85383877279048,2.887732165848934,2.813166744949604,2.880953311920166,12377198
2006-09-01,2.8809533093322903,2.8809533093322903,2.8368921832861287,2.8775644302368164,36132252
2006-09-04,2.877564463244451,2.9487410057977708,2.877564463244451,2.914847612380981,8434068
2006-09-05,2.884343038421213,2.979245012936206,2.884343038421213,2.9487407207489014,7814942
2006-09-06,2.952130326856838,3.016528025049856,2.952130326856838,3.0029714107513428,13051793
2006-09-07,2.9961922149790694,3.0605899058481354,2.94874111185474,3.050421953201294,16620944
2006-09-08,3.050421704578723,3.0707573890686035,3.026696264523462,3.0707573890686035,9823161
2006-09-11,3.070757625044281,3.101262140281778,3.0368642305663363,3.067368745803833,9944010
2006-09-12,3.077536493592872,3.077536493592872,3.0131388027238053,3.050421953201294,10770440
2006-09-13,3.060589600276104,3.2097215298575223,3.060589600276104,3.172438383102417,25251963
2006-09-14,3.172438807959689,3.172438807959689,3.0741477191049897,3.131766557693481,22409600
2006-09-15,3.1283769514999973,3.162270341790683,3.118208342717705,3.148712635040283,14590124
2006-09-18,3.165659365659727,3.216500216917866,3.165659365659727,3.199552536010742,30250940
2006-09-19,3.2029427464619302,3.209721600177889,3.155491647035576,3.196163892745972,33509013
2006-09-20,3.196163996275929,3.196163996275929,3.09448315955996,3.152101993560791,13407293
2006-09-21,3.1554915559598813,3.1826060934557634,3.135154995398971,3.1690492630004883,15021319
2006-09-22,3.1859962384873906,3.1859962384873906,3.1317662840097604,3.1453239917755127,11063544
2006-09-25,3.1453239917755127,3.1758274097972143,3.1419340169682126,3.1453239917755127,10747600
2006-09-26,3.155491668290353,3.155491668290353,3.006359734437145,3.104651689529419,9154711
2006-09-27,3.101261958457701,3.172438499066446,3.091094006454361,3.1114296913146973,14542730
2006-09-28,3.097873146269986,3.118208833007744,3.04364318732688,3.0775365829467773,10818414
2006-09-29,3.077536069302835,3.0809260438234864,3.016527266101092,3.040252923965454,25100540
2006-10-03,3.0334751749513926,3.0334751749513926,2.9487409266709665,2.9656875133514404,19842585
2006-10-04,2.948740221188729,2.962297925582131,2.925014786366002,2.9453511238098145,6090970
2006-10-05,2.965687033138035,3.0944826050790506,2.958908180417156,3.0334746837615967,25447584
2006-10-06,3.0809261480879546,3.1012618321198646,2.999580782204311,3.097872734069824,15994898
2006-10-09,3.101262154728215,3.1114298882287,2.9758556522463167,3.050421953201294,6687592
2006-10-10,3.0843153478371224,3.101262154728215,3.009749923467571,3.050421953201294,8953340
2006-10-11,3.050421953201294,3.1351553302176867,3.0368642447127923,3.050421953201294,14628090
2006-10-12,3.06058929112704,3.0707570225853305,3.033474756181432,3.057200193405152,14957860
2006-10-13,3.033475118215207,3.13515507468898,3.033475118215207,3.0707573890686035,14758263
2006-10-16,3.074147088382824,3.155491353079489,3.0673682352983627,3.080925941467285,14965057
2006-10-17,3.084315452951996,3.145324266644036,3.084315452951996,3.131766557693481,33488983
2006-10-18,3.131766058732528,3.1453237655230337,3.1080406197149646,3.1283769607543945,3541766
2006-10-19,3.1249872053372747,3.135154937564332,3.1114294985467685,3.1283769607543945,6009775
2006-10-20,3.1249872302316173,3.141933815988928,3.1249872302316173,3.135154962539673,8494489
2006-10-23,3.1690495866767336,3.1690495866767336,3.030085376353663,3.067368745803833,13239588
2006-10-24,3.0944832860691047,3.0944832860691047,3.050421938991683,3.067368745803833,8999486
2006-10-25,3.067368542410998,3.094483080878343,3.033475150180476,3.053810834884644,6058562
2006-10-26,3.050421670079169,3.1046516224144467,3.050421670079169,3.084315061569214,9851810
2006-10-27,3.084315711971409,3.1351557003541424,3.033475723588676,3.0605902671813965,8866890
2006-10-31,3.060589864832705,3.162270704816619,3.053811010679299,3.1588809490203857,26651112
2006-11-01,3.199553142159903,3.3114030361175537,3.1792176743894256,3.3114030361175537,41583242
2006-11-02,3.3046241676954766,3.423251600775967,3.2876773602344973,3.389357328414917,34346849
2006-11-03,3.5249312120360496,3.5249312120360496,3.3791890423239246,3.3978307247161865,14528666
2006-11-06,3.38935713701308,3.4740916078256268,3.3724105496554624,3.465617656707764,22169785
2006-11-07,3.5418783399720843,3.5418783399720843,3.457144960978171,3.4740917682647705,11536503
2006-11-08,3.431724421328729,3.4740917682647705,3.389357293539049,3.4740917682647705,5201655
2006-11-09,3.4486710792005715,3.728293496887917,3.4486710792005715,3.7198195457458496,15422943
2006-11-10,3.719819811684789,3.796080556195713,3.5757727127035666,3.609666109085083,18646514
2006-11-13,3.626612623286602,3.7198197353561753,3.609666035016762,3.6944000720977774,8043551
2006-11-14,3.719818968361721,3.779132672515279,3.6435586794325614,3.6774518489837646,5155911
2006-11-15,3.7282929493466335,3.779132704098316,3.6605052947998047,3.6605052947998047,7159466
2006-11-16,3.677451879717032,3.745239534263861,3.6011915901505493,3.6605052947998047,8206266
2006-11-17,3.702873223067214,3.702873223067214,3.592719301321141,3.609666109085083,6752005
2006-11-20,3.601191868796481,3.643558991806709,3.592718794828574,3.6266121864318848,11015814
2006-11-21,3.601191570841875,4.024861889305264,3.601191570841875,4.016387939453125,26513037
2006-11-22,4.067228203103672,4.10112224993234,3.846920405058489,3.91470718383789,19132262
2006-11-23,4.016388778349645,4.092649521728333,3.813027964787088,3.897761344909668,45910401
2006-11-24,3.8977610425696976,3.8977610425696976,3.6943998064886543,3.728293418884277,21109577
2006-11-27,3.7282932843351775,3.787606994313792,3.558825666765617,3.5927188396453857,16179308
2006-11-28,3.567298762232116,3.7282935357301232,3.524931635836614,3.541878223419189,30666005
2006-11-29,3.5757725772039057,3.6774525433490464,3.448671195071144,3.4910383224487305,23006884
2006-11-30,3.558826075644339,3.643559455871582,3.558826075644339,3.643559455871582,19715650
2006-12-01,3.694399559896052,3.7028726337098776,3.5503516072563466,3.567298412322998,20445455
2006-12-04,3.635085852893489,3.643558926710013,3.575772144714487,3.618139266967773,11802271
2006-12-05,3.694399802867932,3.846920839352409,3.694399802867932,3.821500301361084,32315226
2006-12-06,3.8977605987162014,4.024861959445771,3.8638669901801785,3.91470718383789,28751765
2006-12-07,4.01638816437216,4.024862114698843,3.77913289546823,3.8130273818969727,15492379
2006-12-08,3.813027764942722,3.957074854235647,3.74524010015347,3.770660638809204,9144590
2006-12-11,3.76218667169996,3.76218667169996,3.694399883783169,3.7198195457458496,18820717
2006-12-12,3.762186224556173,3.906234172704123,3.762186224556173,3.88081407546997,15484764
2006-12-13,3.8638676075247744,3.8638676075247744,3.6859264629998143,3.762186765670776,24014042
2006-12-14,3.889287266775365,3.89776033962667,3.7282927465039455,3.8045530319213854,13299250
2006-12-15,3.813027665282698,3.8977610387496697,3.762186589300049,3.821500301361084,23045540
2006-12-18,3.821499869936989,3.948601668959204,3.821499869936989,3.91470718383789,13421232
2006-12-19,3.8977610407717154,4.033335051998974,3.863867428391727,3.931654214859009,16260758
2006-12-20,3.897761285967321,4.101122973040079,3.8808146978576175,4.092649459838867,19088655
2006-12-21,4.143489207192202,4.211275983305224,4.067228043120061,4.1519622802734375,20538702
2006-12-22,4.151963436184456,4.55021332211768,4.151963436184456,4.329905033111572,23305683
2006-12-27,4.3553242683410645,4.423111049821383,4.279063974815958,4.3553242683410645,32011968
2006-12-28,4.34685129249202,4.558686051693473,4.296011090537341,4.541739463806152,17281969
2006-12-29,4.54173997422412,4.702734549564075,4.54173997422412,4.694260597229004,18581488
2007-01-02,4.694259039679547,4.753573180002553,4.575631635618778,4.609525680541992,6355300
2007-01-03,4.685786405033984,4.79594029786395,4.5841055851422015,4.609525680541992,12956149
2007-01-04,4.660366104108185,4.999302187342627,4.6349455691461205,4.914567947387695,57565904
2007-01-05,4.829834383218255,4.846780970604805,4.592579091757628,4.838308334350586,45233512
2007-01-08,4.829834366924534,4.88067544379078,4.601053027368044,4.677313327789307,27986353
2007-01-09,4.685786544930735,4.685786544930735,4.473951825884543,4.5671586990356445,21564301
2007-01-10,4.558685700811074,4.804414493458837,4.473952329603687,4.660366535186768,17069089
2007-01-11,4.660367230591225,4.660367230591225,4.5417397919314,4.584106922149658,15383951
2007-01-12,4.609527132350044,4.812888397891273,4.609527132350044,4.702734470367432,27503913
2007-01-15,4.728152686775828,4.8467800918518655,4.728152686775828,4.829833507537842,8295760
2007-01-16,4.846780673835875,5.05861629039231,4.728153254515483,4.982355117797852,22926834
2007-01-17,4.982353974517833,5.024721088107315,4.863727459003528,4.999301433563232,10909350
2007-01-18,5.050143424267352,5.151824270249503,4.999303220422643,5.134877681732178,29205230
2007-01-19,5.1857160054906855,5.1857160054906855,5.058615531216876,5.067088603973389,38887860
2007-01-22,5.08403533160302,5.270450388494259,5.08403533160302,5.185716152191162,21154714
2007-01-23,5.109455908713083,5.338237209106901,5.109455908713083,5.117928981781006,16334083
2007-01-24,5.30434473170263,5.38907897976848,5.253503656911899,5.295870780944824,23199794
2007-01-25,5.338236601049439,5.4060242459197845,5.2535023736809405,5.389077663421631,12401290
2007-01-26,5.3721317080275295,5.389079171854526,5.18571705690647,5.380605220794678,29604283
2007-01-29,5.355184019422931,5.355184019422931,4.982354763343934,5.075562953948975,13217893
2007-01-30,5.168770222814221,5.2365570068359375,4.999302605320909,5.2365570068359375,12284992
2007-01-31,5.202664277662134,5.236557453417111,4.897622189525601,5.143350124359131,11932443
2007-02-01,5.14334925570514,5.14334925570514,4.906093997441031,4.914567947387695,8195576
2007-02-02,5.050143777657244,5.058617291655217,4.846781633169699,4.94846248626709,28958537
2007-02-05,4.931514509859097,5.278923664866767,4.914567924921166,5.109456062316895,15464902
2007-02-06,5.2535035932681975,5.2535035932681975,4.965408555871032,5.2365570068359375,13058909
2007-02-07,5.253503928619352,5.338238181067597,4.999302924445447,5.058616638183594,10861924
2007-02-08,5.117929561759829,5.1264030740806215,4.965408531448944,4.982355117797852,10520347
2007-02-09,5.084035595720707,5.2450305654018194,5.067089010555279,5.168769836425781,13327731
2007-02-12,5.168769633961911,5.168769633961911,5.084035396575928,5.084035396575928,2906146
2007-02-13,5.253502361929819,5.253502361929819,4.999301433563232,4.999301433563232,6048815
2007-02-14,5.050142083323846,5.219609676669996,4.948460826047969,4.965407848358154,6923529
2007-02-15,4.999302751506427,5.084036124438107,4.889147964158628,4.906094551086426,15669603
2007-02-16,4.906095354569986,5.033197187954061,4.575633129869421,4.94846248626709,17345233
2007-02-21,4.948461742357655,4.965408767805931,4.829834317390514,4.872201442718506,11681319
2007-02-22,4.872200681231773,4.9738815031514205,4.855254096724813,4.863728046417236,14030785
2007-02-23,4.863729481288907,4.863729481288907,4.61800020795689,4.702734470367432,21101300
2007-02-26,4.694259949184234,4.702733900349472,4.397690943279962,4.550212860107422,33837291
2007-02-27,4.524791299574228,4.524791299574228,4.406163899321376,4.490898132324219,15194198
2007-02-28,4.262116272761657,4.677312641803884,4.262116272761657,4.499371528625488,27935515
2007-03-01,4.558685700811074,4.778993956145402,4.558685700811074,4.660366535186768,22896731
2007-03-02,4.660366010479379,4.745100248731963,4.533265529685771,4.5671586990356445,10164272
2007-03-05,4.49089942206253,4.507846010554413,4.245170601734723,4.279064655303955,14042316
2007-03-06,4.329903751104162,4.397690087726022,4.236696442517554,4.380743503570557,24456627
2007-03-07,4.52479183318612,4.52479183318612,4.380743883069175,4.516318321228027,15529804
2007-03-08,4.524792213367508,4.762047500080127,4.524792213367508,4.685787200927734,10538517
2007-03-09,4.76204762299439,4.863728901074154,4.745101035509568,4.804414749145508,6497215
2007-03-12,4.846781089535627,4.999303009513399,4.812887913930853,4.956935882568359,5325666
2007-03-13,4.999302187342627,4.999302187342627,4.795940537401962,4.914567947387695,3551507
2007-03-14,4.7112074362189365,4.7112074362189365,4.584106922149658,4.584106922149658,6964207
2007-03-15,4.6603669726707055,4.821361970931528,4.6603669726707055,4.7874674797058105,6659795
2007-03-16,4.770519804999823,4.98235451953455,4.7451001476751005,4.829833507537842,9793607
2007-03-19,4.787467478169797,5.0416693687438965,4.787467478169797,5.0416693687438965,11435891
2007-03-20,5.041668222072569,5.0586156829718405,4.762046731989123,4.829833507537842,7099261
2007-03-21,4.914568401979659,4.914568401979659,4.406164668393875,4.660366535186768,18330370
2007-03-22,4.651892251177559,4.651892251177559,4.363797231858975,4.457004547119141,55484506
2007-03-23,4.465477726081914,4.575631618499756,4.389217440167858,4.575631618499756,30462443
2007-03-26,4.601052564223639,4.609526076181732,4.465478126064787,4.516318321228027,37293642
2007-03-27,4.490898540570848,4.490898540570848,4.406164299865211,4.43158483505249,16430605
2007-03-28,4.406164540723678,4.4146384912086365,4.177383217873242,4.25364351272583,32571502
2007-03-29,4.211276719110961,4.321430633047062,4.202802767963878,4.296010971069336,27395805
2007-03-30,4.406164449889559,4.406164449889559,4.304483620556279,4.321430206298828,28836545
2007-04-02,4.346850806341985,4.35532431848433,4.228222951227163,4.287537097930908,10300633
2007-04-03,4.2536428827081325,4.2790634155199,4.194329182732552,4.262115955352783,20687060
2007-04-04,4.2790634155199,4.287536488164551,4.236696299126226,4.262115955352783,22872324
2007-04-10,4.279064014926698,4.524791921894979,4.279064014926698,4.448531627655029,25463411
2007-04-11,4.524792556183479,4.541739582807558,4.397691171381072,4.40616512298584,18723088
2007-04-12,4.490898272897869,4.490898272897869,4.321429801587499,4.380743503570557,13356011
2007-04-13,4.448531878507708,4.448531878507708,4.202802642804757,4.270590305328369,22205360
2007-04-16,4.355324554763365,4.355324554763365,4.270590305328369,4.270590305328369,18097893
2007-04-17,4.2875373305324445,4.321430504355214,4.270590305328369,4.270590305328369,14463884
2007-04-18,4.279065036478373,4.279065036478373,4.151963639149898,4.185856819152832,22769271
2007-04-19,4.185856766745626,4.185856766745626,3.982495936103024,4.126543045043945,37393110
2007-04-20,4.126542207125802,4.262116651082055,4.126542207125802,4.21975040435791,25421528
2007-04-23,4.27059133261047,4.423112404672331,4.211277606713791,4.236698150634766,35466476
2007-04-24,4.287537162732257,4.355324384310207,4.228223015132045,4.346850872039795,24640495
2007-04-25,4.338378372464646,4.38921857623303,4.236697526635147,4.279064655303955,12379910
2007-04-26,4.29601067500267,4.389217995099182,4.270590138191433,4.346850872039795,11612437
2007-04-27,4.346851149378431,4.762047579314313,4.346851149378431,4.677313327789307,74431328
2007-04-30,4.677313361731875,4.711206974929298,4.524792321489826,4.550212860107422,20991337
2007-05-02,4.524791444819196,4.745100107064369,4.516317933588392,4.609525680541992,13449599
2007-05-03,4.626472934077383,4.982354725741941,4.626472934077383,4.914567947387695,37304316
2007-05-04,5.168770524219812,5.507705778970705,4.982355432838493,5.092510223388672,59248606
2007-05-07,5.084035527471038,5.11792913563954,4.956935044704954,5.109456062316895,26337723
2007-05-08,5.092509346265681,5.092509346265681,4.931514382890839,5.084035396575928,9285621
2007-05-09,5.033196049678522,5.058616147630831,4.982354977188575,5.024722099304199,11314125
2007-05-10,5.024722498232689,5.092510161975164,4.931515172812422,5.033196449279785,12436724
2007-05-11,4.948461519394002,5.050142790916792,4.914568346609975,5.016249179840088,8748108
2007-05-14,5.084035396575928,5.1602961225647865,4.9993020357752025,5.084035396575928,31439710
2007-05-15,5.084035374631435,5.211136730161795,5.084035374631435,5.117928981781006,25854009
2007-05-16,5.084035572836256,5.270450638572735,5.067088987747109,5.202663421630859,25161184
2007-05-17,5.261977909303185,5.4738126650254895,5.261977909303185,5.372131824493408,39278349
2007-05-18,5.33823766578268,5.592439522004617,5.329765030282568,5.567018985748291,37760553
2007-05-21,5.7619076101554,5.7619076101554,5.524653196788911,5.634807109832764,49159014
2007-05-22,5.651753869710704,5.787328325252099,5.389079348257859,5.431445598602295,32213659
2007-05-23,5.490759287155064,5.626333742050201,5.490759287155064,5.592440128326416,19692274
2007-05-25,5.422972679138184,5.473812882275667,5.278924706427437,5.422972679138184,28292848
2007-05-28,5.473812794141794,5.626333839391227,5.431445666680893,5.524653434753418,24794804
2007-05-29,5.524653346603466,5.524653346603466,5.389079329818664,5.499233245849609,22851480
2007-05-30,5.516179460697661,5.516179460697661,5.168770271765707,5.363658428192139,35994313
2007-05-31,5.33823794640502,5.744960850082336,5.304344772866873,5.7110676765441895,141203969
2007-06-01,5.711066808772963,5.736487342503067,5.4822850732503765,5.5754923820495605,59521978
2007-06-04,5.567019467951218,5.567019467951218,5.456865992762547,5.473812580108643,9944655
2007-06-05,5.592439716053818,5.617860253192197,5.473812295912099,5.558546543121338,44280581
2007-06-06,5.711066998520876,5.728013583278035,5.558545982535908,5.626332759857178,18176067
2007-06-07,5.626333859638512,5.626333859638512,5.507705989979632,5.5839667320251465,5980687
2007-06-08,5.609385542602326,5.609385542602326,5.321290543656452,5.41449785232544,17286628
2007-06-11,5.456864982179222,5.558545802303135,5.406024791263576,5.507704734802246,5722555
2007-06-12,5.456865671486857,5.507705430531925,5.448391720873664,5.465339183807373,6345288
2007-06-13,5.473813641025259,5.482287155486967,5.338239162809089,5.406026840209961,6053003
2007-06-14,5.558546215383288,5.558546215383288,5.431444852063467,5.448391437530518,8726955
2007-06-15,5.422972463905804,5.490759252634482,5.363658749835267,5.372131824493408,14346051
2007-06-18,5.37213153728452,5.575493207476411,5.37213153728452,5.55007266998291,15794172
2007-06-20,5.592440128326416,5.711067995506017,5.533126413882972,5.592440128326416,27109692
2007-06-21,5.626332711640401,5.660226757449522,5.533125400543213,5.533125400543213,41621512
2007-06-22,5.5924403151249455,5.5924403151249455,5.414499165851028,5.422972679138184,11607045
2007-06-25,5.592439623276372,5.643279820124342,5.321291176266072,5.338237762451172,12431062
2007-06-26,5.42297171948084,5.42297171948084,5.228083578120312,5.3297648429870605,12767714
2007-06-27,5.253502717991097,5.321290367304187,5.0670885451236725,5.100981712341309,14861071
2007-06-28,5.177242372445058,5.287397136902767,5.168769299888204,5.270450115203857,15560991
2007-06-29,5.287397722341357,5.431444792975861,5.278923772261037,5.3297648429870605,9878316
2007-07-03,5.524653523705877,5.626333929980843,5.422972679138184,5.422972679138184,33877666
2007-07-04,5.439918760681817,5.592439794179392,5.422972173978836,5.55007266998291,11783960
2007-07-05,5.583966537400378,5.6178605889438975,5.558546875328151,5.600914001464844,9494059
2007-07-06,5.600912821119505,6.17710324837062,5.600912821119505,5.905954837799072,32964129
2007-07-09,6.0754237594192,6.2025251388549805,6.050004097141837,6.2025251388549805,18755631
2007-07-10,6.270311507812156,6.270311507812156,6.100843877983366,6.134737491607666,14959633
2007-07-11,6.083895951459623,6.100842535396053,6.016108300836062,6.066949367523193,5506822
2007-07-12,5.999162673950195,6.23641795495801,5.846641641020085,5.999162673950195,11981659
2007-07-13,6.126263759016603,6.236417662746527,6.024582929063291,6.083896636962891,7885853
2007-07-16,6.439779760945815,6.558406300159687,6.066950051117003,6.083896636962891,6986988
2007-07-17,6.134737520184773,6.143211033203497,6.066950730913116,6.100843906402588,2453565
2007-07-18,6.07542236924221,6.1855766975639765,5.931374873444248,5.939847946166992,5565806
2007-07-19,5.863588527618204,6.09236985246959,5.863588527618204,6.041529655456543,4965116
2007-07-20,6.22794455957863,6.22794455957863,6.041530336745091,6.05847692489624,12262896
2007-07-23,6.05847692489624,6.168630843610521,5.93137641803081,6.05847692489624,11902992
2007-07-24,6.168629779007666,6.168629779007666,6.0161087587990165,6.033055782318115,15594662
2007-07-25,5.931375394374114,6.168629779007666,5.931375394374114,6.033055782318115,5681470
2007-07-26,6.033055878644644,6.033055878644644,5.846641246714064,5.897481441497803,12998824
2007-07-27,5.846641193975928,5.948322459211524,5.795801437943432,5.872061729431152,10369971
2007-07-30,5.821220861018393,5.863588421584236,5.702593444604694,5.795801639556885,14793610
2007-07-31,5.795802231950087,6.168630666939255,5.778854329406159,6.134737491607666,12195879
2007-08-01,6.134737398021072,6.185578036828294,5.846641905755828,5.982216358184815,10508686
2007-08-02,5.973740922633128,6.06694910252908,5.812747286537441,5.889007568359375,9420669
2007-08-03,5.880534057614962,5.889007568359375,5.7619062220709605,5.889007568359375,13833769
2007-08-06,5.795801044621401,5.8466407972037455,5.422971371132043,5.5754923820495605,15490481
2007-08-07,5.677174841498696,5.821221944476931,5.5585474030058,5.660228252410889,17893241
2007-08-08,5.660227413735263,5.931375867013365,5.660227413735263,5.744960784912109,19082645
2007-08-09,5.770380355615579,6.109315536718405,5.770380355615579,5.939847946166992,14418714
2007-08-10,5.846641730995496,5.931375980377197,5.677174108817477,5.931375980377197,5114679
2007-08-13,5.863588853782143,5.89748202814771,5.728014403149081,5.761907577514648,14700900
2007-08-14,5.761906487962119,5.905954862386672,5.753433853411915,5.80427360534668,8220368
2007-08-15,5.728013818598811,5.770380939671205,5.499232504368783,5.609385967254639,11761912
2007-08-16,5.609385554926158,5.660226622427047,5.346711089097783,5.507704734802246,30714950
2007-08-17,5.422972754575838,5.439919343093163,4.829834705492993,5.134877681732178,47012661
2007-08-20,5.490759114541223,5.812748653941094,5.490759114541223,5.761907577514648,20758904
2007-08-21,5.761907455641407,6.033056351172313,5.736488232843935,5.965269565582275,16767930
2007-08-22,5.965269263323174,6.405885319649583,5.931375653099194,6.270310878753662,25326828
2007-08-23,6.4397788727884,6.490618623314376,6.024582098168726,6.075422286987305,13276443
2007-08-24,6.092370272063838,6.151683985428344,5.948323183370272,5.982216358184815,10247880
2007-08-27,5.982216536276827,6.38893946737932,5.965269948365052,6.287258625030518,16132202
2007-08-28,6.524513187151782,6.524513187151782,6.355045562613796,6.371992588043213,26757636
2007-08-29,6.066950093995115,6.304204488977642,6.058476143573286,6.270310878753662,16178332
2007-08-30,6.456725253997669,6.693979168855761,6.42283077316451,6.609246253967285,26426462
2007-08-31,6.626195212400539,6.863450527191162,6.592301596001878,6.863450527191162,21137602
2007-09-03,7.01597098906239,7.0413915295212135,6.693981421218583,6.744822502136231,14961884
2007-09-04,6.914290142105304,6.948183757757666,6.727875913456418,6.744822502136231,11914035
2007-09-05,6.863450330042979,7.3040664539836575,6.846503303184068,7.28711986541748,17137283
2007-09-06,6.965131001255226,7.143071272459532,6.897343333816104,6.948183536529541,10955512
2007-09-07,6.956657049746021,6.990550664319221,6.804136003312987,6.948183536529541,14019601
2007-09-10,6.524512574369583,6.838028570734099,6.524512574369583,6.795661449432373,14062590
2007-09-11,6.710927639444678,6.761767392716602,6.6092468180229496,6.693979740142822,7959482
2007-09-12,6.778713836914596,6.846501045410556,6.600772305039553,6.609246253967285,13703559
2007-09-13,6.609247950773208,6.693980887415346,6.609247950773208,6.6855082511901855,13790108
2007-09-14,6.693981216881864,7.143071281847435,6.693981216881864,6.982077598571777,23504201
2007-09-17,7.287119470596663,7.287119470596663,6.96513079894298,7.058337688446045,20122937
2007-09-18,7.032917685101975,7.210858830184327,6.888869277491693,7.11765193939209,12359782
2007-09-19,7.549793460118231,7.626054628781616,7.219330879568603,7.507427215576172,29493377
2007-09-20,7.592161677958567,8.075144474140163,7.558267625526442,7.90567684173584,32171874
2007-09-21,8.032777436030168,8.134457830188012,7.541320736625005,7.57521390914917,10511587
2007-09-24,7.964990490451001,8.109038889280912,7.803995943064354,7.846363067626953,12090884
2007-09-25,7.931098229821752,8.049725666302812,7.65994930267334,7.65994930267334,16801422
2007-09-27,7.71078815485085,8.43950054959551,7.685367180377376,8.388659477233887,36548461
2007-09-28,8.43950068108403,8.558128098605392,8.295452288693133,8.50728702545166,29852722
2007-10-02,8.676757490257872,8.803858010596695,7.939570965950546,8.253087043762207,28248101
2007-10-03,8.405607570961793,8.49034182576154,7.710789136043083,7.744682312011719,33677803
2007-10-04,7.778576713269594,7.795523740306344,7.43116748023632,7.566741943359375,33926106
2007-10-05,7.7955235474158435,7.7955235474158435,7.524374627878975,7.736209392547607,20778739
2007-10-08,7.795522150773005,8.244611701284951,7.719261859535572,7.829415321350098,20941438
2007-10-09,7.964991376166578,8.583548658491535,7.727735627550009,8.422554969787598,45897569
2007-10-10,8.642861125148825,9.727456617452452,8.642861125148825,9.65119457244873,85975349
2007-10-11,9.490201408240146,9.53256853143242,9.20210637306926,9.33768081665039,31086407
2007-10-12,9.252945108989364,9.26989125432176,8.863168864395586,8.981796264648438,35832574
2007-10-15,9.320733070373535,9.405467318166288,9.13431842649777,9.320733070373535,32182342
2007-10-16,9.464780722977425,10.20196528980501,9.464780722977425,9.947763442993164,58215999
2007-10-17,10.083339396331448,10.083339396331448,9.583409577502094,9.91387176513672,42442074
2007-10-18,9.896924128037249,9.922344225066334,9.490200822401269,9.786768913269045,20358717
2007-10-22,9.2783672201319,9.57493534692749,9.2783672201319,9.32920742034912,32902188
2007-10-23,9.49020037108683,9.82913556641317,9.473254224930193,9.65966796875,14114957
2007-10-24,9.829137270058231,10.100286174584664,9.574935391211056,9.676616668701172,15536448
2007-10-25,10.032498359680176,10.083338557148894,9.600354928025366,10.032498359680176,17221531
2007-10-26,10.168072704607054,10.820523944444544,10.151126556673344,10.744263648986816,27596704
2007-10-29,11.015412353721349,11.811912037372446,10.989993130216178,11.523816108703612,29398649
2007-10-30,11.693283779161726,12.337261988125116,11.523816152387036,11.871225357055664,44005116
2007-10-31,11.778018358849634,11.828859437224787,10.930679324793102,11.184881210327148,44595338
2007-11-01,11.134037741612383,11.388239572572454,10.591740911304017,11.15098476409912,45099212
2007-11-02,10.778158773003293,11.015412757006272,10.64258431649979,10.862892150878906,40494379
2007-11-05,11.015412962970847,11.354349110566984,10.74426492147939,11.006939888000488,43215622
2007-11-06,11.015413399123757,11.015413399123757,9.151266704998148,10.252808570861816,58897456
2007-11-07,10.507005291238643,10.591739515924004,9.320730528569287,9.557985305786133,52221796
2007-11-08,8.981799506264977,9.337682712050366,8.812331855682025,9.26989459991455,47750183
2007-11-09,9.43088823411776,9.43088823411776,8.914011381613484,9.108899116516112,30298914
2007-11-12,8.930955557031641,8.930955557031641,7.897202957137171,8.76148796081543,43072866
2007-11-13,8.47339339007846,9.312259217357212,7.820942191083874,8.86316967010498,34036443
2007-11-14,9.829136214057804,9.829136214057804,9.261418365771949,9.490200996398926,48166213
2007-11-15,9.829136851691755,9.829136851691755,9.56646190947813,9.642723083496094,34762657
2007-11-16,9.57493477803934,9.57493477803934,9.252946570265848,9.33768081665039,16537281
2007-11-19,9.3546262403308,9.456306626850864,8.964849964361749,8.998744010925293,20079048
2007-11-20,9.28412666267137,9.28412666267137,8.481866262539853,8.837747573852539,31884758
2007-11-21,8.94790602679969,9.15126685004725,8.464921441830231,8.659810066223145,16087103
2007-11-22,8.507286282740774,8.549653401710774,8.202244253376136,8.303925514221191,15225933
2007-11-23,8.439499385619314,8.439499385619314,8.134456499862418,8.176823616027832,18669501
2007-11-26,8.55812796526864,8.583547186571462,8.337819281457591,8.388659477233887,5586553
2007-11-27,8.47339353626008,8.47339353626008,8.185298515427213,8.33781909942627,15258731
2007-11-28,8.137336758871326,8.96484991704635,8.137336758871326,8.744542121887207,16822033
2007-11-29,8.947903861543098,9.55798706024043,8.947903861543098,9.4139404296875,34525228
2007-11-30,9.541042450557054,9.91387176513672,9.541042450557054,9.91387176513672,25625095
2007-12-03,9.710508800218664,9.710508800218664,9.422413777550087,9.490200996398926,32762883
2007-12-04,9.49020182606543,9.65966944971032,9.235999952305402,9.371574401855469,18649281
2007-12-05,9.65967016951518,9.65967016951518,9.447835405027533,9.574935913085938,15009929
2007-12-06,9.829137158422864,10.040971908958676,9.752876858610469,9.812191009521484,15916453
2007-12-07,10.032499372494478,10.151127680677885,9.659670051305044,9.71051025390625,14132514
2007-12-10,9.998606031478555,9.998606031478555,9.4647821597942,9.47325611114502,5287618
2007-12-11,9.49020037108683,9.913869803537382,9.40546613396262,9.65966796875,13102652
2007-12-12,9.642721506053311,9.642721506053311,9.28683842308234,9.515619277954102,10346627
2007-12-13,9.32073220821637,9.8884500380609,9.32073220821637,9.82913589477539,14590671
2007-12-14,9.829134123511173,9.84608114376527,9.396991681420158,9.557985305786133,6067105
2007-12-17,9.490201136873386,9.829136359549205,9.261418502859955,9.447834014892578,13949568
2007-12-18,9.354627206819952,9.371574231852634,8.778436244977117,8.930956840515137,22393725
2007-12-19,9.0156909070609,9.202106425485816,8.727595870248983,8.88011646270752,12704456
2007-12-20,8.939432374472856,9.320734807430885,8.854698110888616,9.26989459991455,8890017
2007-12-21,9.32073330306971,9.591883078092964,9.303786277770996,9.303786277770996,6473318
2007-12-24,9.439360928738605,9.515621229334656,9.329207453406111,9.422414779663086,3440557
2007-12-27,9.507148815725458,9.507148815725458,9.244472991988497,9.278367042541504,6028595
2007-12-28,9.405466753691549,9.507148020257464,9.21057904736696,9.490200996398926,6677829
2007-12-31,9.490200472354813,10.168071746826172,9.45630642650935,10.168071746826172,6996750
2008-01-02,9.490202360245398,10.032499312384829,9.490202360245398,9.778297424316406,7976296
2008-01-03,9.651195928711644,10.083339396331448,9.625776704447134,9.91387176513672,10066540
2008-01-04,9.786771825526351,10.540904517081431,9.786771825526351,10.507010459899902,26011533
2008-01-07,10.320595462013724,10.320595462013724,9.998606338835025,10.176547050476074,16020395
2008-01-08,10.168074563249874,10.227388721616048,9.863032449074348,9.981659889221191,26453142
2008-01-09,10.032497031870577,10.032497031870577,9.498673275930363,9.930816650390623,22991649
2008-01-10,9.557986853170956,10.142651695617694,9.49867358755682,10.100284576416016,16399711
2008-01-11,10.117232331635746,10.16807252772315,9.913870670700804,9.95623779296875,9742297
2008-01-14,9.91387074094976,10.00707805996557,9.490201268438872,9.566461563110352,13448916
2008-01-15,9.668142078405486,9.76982158678371,8.98179685014609,9.04111099243164,24476891
2008-01-16,8.795381389092967,8.795381389092967,8.363239751080853,8.490340232849121,31664040
2008-01-17,8.337819051806672,8.964850161142916,8.100564226995186,8.405606269836426,34124862
2008-01-18,8.27003214704537,8.431026686391338,7.888729798196429,8.227665901184082,25478869
2008-01-21,8.185300735615142,8.185300735615142,7.693843049642851,7.719264030456543,14008959
2008-01-22,8.058196867641392,8.058196867641392,6.727874396780716,7.0413899421691895,54075273
2008-01-23,7.041389070613596,8.092089912338466,7.041389070613596,7.490478992462158,24157475
2008-01-24,8.049723730920551,8.422552977818137,7.617580341750501,7.939568519592285,33030473
2008-01-25,8.303925514221191,8.524233305645826,8.117510015436135,8.303925514221191,21573277
2008-01-28,8.134457502402398,8.23613876904825,7.736208139218209,7.948042869567871,15851876
2008-01-29,7.964990906382042,8.007358033157049,7.609107742740335,7.880256652832031,15321018
2008-01-30,8.193771742512718,8.193771742512718,7.566740617848466,7.626054763793945,10848988
2008-01-31,7.795522548503756,7.990410261582213,7.626054933801387,7.837889671325684,23384470
2008-02-01,7.956516542691117,8.219191458922744,7.803995086326934,8.032776832580566,22619308
2008-02-04,7.956516762843322,8.99027030967684,7.956516762843322,8.33781909942627,31523747
2008-02-05,8.337819964166346,8.354766989674527,8.049724913454288,8.312399864196777,12304117
2008-02-06,8.117511510869553,8.117511510869553,7.795523275867445,7.880256652832031,15642348
2008-02-11,7.71926297362369,8.303927043996664,7.71926297362369,7.880256652832031,5657697
2008-02-12,8.185297970241574,8.185297970241574,7.854835850335565,7.897202968597412,6499319
2008-02-13,8.066670738059408,8.125984003629842,7.863308215407077,7.914149284362793,11016899
2008-02-14,8.30392730611536,8.38866068575461,8.100565617127348,8.18529987335205,26887049
2008-02-15,8.032777183207102,8.473393671665411,7.939568989382241,8.456446647644043,12908099
2008-02-18,8.473393671665411,8.59202108664434,8.176824695925424,8.456446647644043,8327164
2008-02-19,8.456448059986725,8.524235290808269,8.371713802313426,8.397134780883789,6706982
2008-02-20,8.40560572924732,8.490339965481331,7.981935424662512,7.990409374237059,5768490
2008-02-21,8.168352305153345,8.363240906230166,8.125985179850323,8.219192504882812,9850774
2008-02-22,8.16835271067524,8.185299736954871,7.964991025075981,7.998884201049805,12800078
2008-02-25,7.948043885214457,8.142932493181554,7.9310977357624335,8.134458541870117,7459946
2008-02-26,8.117513069303863,8.473396301269531,8.066673734633103,8.473396301269531,15028099
2008-02-27,8.473394949200593,8.566602280493017,8.320874339768691,8.464920997619629,16445966
2008-02-28,8.447973033425104,8.57507439057544,8.303925529922935,8.329344749450684,16830982
2008-02-29,8.303927533772052,8.43102804500818,8.24461337747154,8.422554969787598,11752643
2008-03-03,8.397134115152276,8.397134115152276,8.219192538779888,8.312399864196777,8288638
2008-03-04,8.59117414693597,8.59117414693597,8.04972488025612,8.219192504882812,16984016
2008-03-05,7.981765407878685,8.219189347446939,7.981765407878685,8.142929077148438,12146880
2008-03-06,8.134458765417861,8.21919302134831,8.049725386072861,8.092092514038086,11518333
2008-03-07,7.964989476733242,8.100563907444617,7.9056753345775395,7.914149284362793,13619799
2008-03-10,7.8802566576500865,8.159878642633577,7.761630105144222,8.134458541870117,22805253
2008-03-11,8.14292991801677,8.371710752537009,8.12598289733874,8.210716247558594,20608414
2008-03-12,8.473394324126183,8.473394324126183,8.286979675292969,8.286979675292969,19023504
2008-03-13,8.278505791113105,8.278505791113105,7.287118493575872,8.083617210388184,10812925
2008-03-14,8.083616649646256,8.303925312299025,7.795521650192127,7.931096076965332,14021868
2008-03-17,7.63452746715012,7.795521996522626,7.202384072184913,7.354904651641846,18278811
2008-03-18,7.083757684615864,7.346433531027321,6.371993080586949,6.558407306671143,47654583
2008-03-19,6.626193579462225,7.176964381490671,6.626193579462225,6.973602294921875,53684589
2008-03-20,7.012580104603108,7.012580104603108,5.761907159332151,6.626194000244141,78143945
2008-03-25,6.948183330994546,7.541321349333487,6.948183330994546,7.2786455154418945,26307300
2008-03-26,7.227805245498706,7.541321277618408,7.227805245498706,7.541321277618408,22592091
2008-03-27,7.558266533709581,7.56674048388624,7.321011707298693,7.507427215576172,23339121
2008-03-28,7.4565851731743615,7.880254576101437,7.397271036003677,7.727733135223389,17295534
2008-03-31,7.626055192044758,7.651474414696281,7.422693521564213,7.498953819274902,34244106
2008-04-01,7.770101386091573,7.770101386091573,7.541320506226033,7.592160701751709,32484889
2008-04-02,7.863309997627862,7.931098104933006,7.744682563014794,7.795523643493652,28794640
2008-04-03,7.795523280633694,8.134458541870117,7.761630105144222,8.134458541870117,18145992
2008-04-07,8.303928443783754,8.456449073981554,8.168353965884215,8.236141204833984,18991649
2008-04-08,8.473391125027002,8.507284286297983,8.007354678894396,8.142929077148438,24172066
2008-04-09,8.50084712552788,8.50084712552788,7.888729371839281,7.96498966217041,8672716
2008-04-10,8.015830732309785,8.142931216195,7.931096491996116,7.96498966217041,8806441
2008-04-11,8.049725159932054,8.159878637644558,7.837890402642451,7.880256652832031,14202184
2008-04-14,7.795521709451929,8.041249592834244,7.795521709451929,7.897202968597412,14033095
2008-04-15,7.914150291610034,7.990410589871484,7.795522868785986,7.846363067626953,19134649
2008-04-16,7.871782044841869,8.049723592003186,7.812467903593012,7.981935501098633,17575583
2008-04-17,7.998883770195991,8.286979695089899,7.998883770195991,8.125985145568848,25720989
2008-04-18,8.236138663054692,8.608967923925686,8.236138663054692,8.405606269836426,24781976
2008-04-21,8.744544478536866,9.125846905320705,8.642863188565132,8.964852333068848,36168093
2008-04-22,8.981799172607378,9.202107899108125,8.90553886416581,9.168213844299316,21858571
2008-04-23,9.117371797158524,9.168211992517609,8.930956286533013,8.939430236816406,12807850
2008-04-24,8.981800399080514,9.388522976226044,8.939433263076983,8.990273475646973,16592192
2008-04-25,9.32073343556242,9.32073343556242,8.981798184282566,9.236000061035156,14246404
2008-04-28,9.235999792153772,9.286839990707136,9.10042534495456,9.15973949432373,5701495
2008-04-29,9.12584501461524,9.151265112695222,8.82080296107011,8.897063255310059,31592630
2008-04-30,8.94790433745044,8.98179750939756,8.71912170131971,8.736068725585938,19310490
2008-05-02,8.981797293325295,9.566461288884376,8.981797293325295,9.490200996398926,23026188
2008-05-05,9.574932957035434,9.8206616988656,9.524092769507863,9.685088157653809,18630476
2008-05-06,9.689094837977036,9.748589671773274,9.408621077056884,9.61260223388672,25505462
2008-05-07,9.731590471037034,9.782585537542277,9.434118077415658,9.485113143920898,23750644
2008-05-08,9.48511359254329,9.48511359254329,9.170643414716908,9.27263355255127,17130975
2008-05-09,9.366126098150554,9.82508261792682,9.35762633345194,9.791086196899414,25293254
2008-05-13,9.681955991730364,11.01497184585377,9.681955991730364,10.649506568908691,60788737
2008-05-14,10.819488784342989,11.048966578337197,10.666502709091263,11.023469924926758,54816723
2008-05-15,11.541922508517814,12.051874977225271,11.52492385842605,11.822396278381348,80483230
2008-05-16,11.006470897300796,11.779898372855747,11.006470897300796,11.3804349899292,40032230
2008-05-19,11.04896690686379,11.550421328390952,10.963975421868462,11.091463088989258,25044164
2008-05-20,11.091465903748198,11.125462330522716,10.76849677199484,10.776995658874512,34779238
2008-05-21,10.793990818025064,11.099962981159829,10.70899933204818,10.980974197387695,24983808
2008-05-22,10.861985413615562,11.091463217083206,10.692001562406174,10.980974197387695,21344971
2008-05-23,11.21895122454137,11.839393526491031,11.065965150342969,11.414433479309082,27958989
2008-05-26,11.72890275360636,11.72890275360636,11.21895122454137,11.414433479309082,17563244
2008-05-27,11.626914289530676,11.626914289530676,11.269947052001951,11.269947052001951,22104325
2008-05-28,11.405935911783793,11.405935911783793,10.802492141723633,10.802492141723633,29065940
2008-05-29,10.853487514157813,11.609917408616422,10.853487514157813,11.575920104980469,45988971
2008-05-30,11.703406224295945,11.881889832874736,11.048966619258906,11.16795539855957,240238607
2008-06-02,11.473928750700024,11.745903634275438,11.363438844340552,11.737403869628906,90865660
2008-06-03,11.805398217734174,12.221858540341076,11.337941946103884,12.068872451782228,59091505
2008-06-04,12.068872982467214,12.2473566137581,11.796898971995027,12.196361541748049,49755333
2008-06-05,12.153864820898882,12.153864820898882,11.907387478013977,12.068872451782228,39045249
2008-06-06,12.196359407223134,12.23035670211699,11.473927002167446,11.626913070678713,139704446
2008-06-10,11.354939501232511,11.37193815058468,10.904481887817385,10.904481887817385,55301918
2008-06-11,11.10846218697397,11.13395972142938,10.86198572748645,10.878983497619627,39613694
2008-06-12,11.023469785125066,11.023469785125066,10.114053988129417,10.513517379760742,43740769
2008-06-13,10.292539941913498,10.87048531253975,10.292539941913498,10.556015968322754,28933680
2008-06-16,10.556013487116289,11.354938506345304,10.556013487116289,10.708998680114746,16220443
2008-06-17,10.79399016091759,10.861984752368771,10.522016191390698,10.708998680114746,21711894
2008-06-18,10.709001547903014,11.252950511877716,10.709001547903014,11.218954086303713,20471343
2008-06-19,11.116960675021696,11.116960675021696,10.505017280578612,10.505017280578612,30469093
2008-06-20,10.454023833309853,11.048967793015404,10.454023833309853,10.692002296447754,19497195
2008-06-23,10.369031486085364,10.675003670929703,10.301038644181824,10.66650390625,20898047
2008-06-24,10.386028766999468,10.96397488103441,10.335033702666648,10.708998680114746,22050743
2008-06-25,10.878983613713793,10.88748337812673,10.513518363115775,10.658003807067873,11889052
2008-06-26,10.624006920421603,10.742995703674126,10.403027123484344,10.530515670776367,23017141
2008-06-27,10.21604573783644,10.21604573783644,9.995065935829231,10.199047088623049,36602526
2008-06-30,10.496520269779037,10.539015577073028,10.216046493657904,10.250042915344238,13996349
2008-07-02,10.080059182252388,10.250043051452645,9.859079360961914,9.859079360961914,26372104
2008-07-03,9.79108562168924,10.42852573236397,9.689094606087451,10.114054679870604,28165133
2008-07-04,10.02906323425602,10.250042157007591,9.901574684039025,10.199047088623049,16075713
2008-07-07,10.403026442917076,10.734496116638184,10.360531142522063,10.734496116638184,18189627
2008-07-08,10.53901436217236,10.802490336705588,10.32653433317355,10.581510543823242,18415030
2008-07-09,10.658002780839464,11.133958768187664,10.658002780839464,11.04896640777588,21248969
2008-07-10,11.04896733797328,11.14245946985056,10.94697807955283,11.07446575164795,12807579
2008-07-11,11.133959412301396,11.150958061218262,10.844986776992805,11.150958061218262,10728953
2008-07-14,10.938477897476613,11.108461746863238,10.420026585331252,10.47102165222168,29470206
2008-07-15,10.420026890630254,10.420026890630254,9.910074448273535,10.199047088623049,39526924
2008-07-16,10.199047483244588,10.30103850321555,9.995066322558335,10.097057342529297,16330329
2008-07-17,10.403026894037882,10.624006686101271,10.39452888869704,10.43702507019043,16060255
2008-07-18,10.505017543527902,10.742995096584773,10.437024710587853,10.708998680114746,12546964
2008-07-21,10.810990705934092,11.133959770202637,10.810990705934092,11.133959770202637,14072999
2008-07-22,11.048967034466957,11.150958048597085,10.929978250694822,10.980974197387695,3759804
2008-07-23,11.524921867959328,11.592915577327522,11.303942092698811,11.482425689697266,25807445
2008-07-24,11.711907254729942,11.86489335857939,11.516424962074767,11.65241241455078,19667378
2008-07-25,11.55891920409703,11.89888777802866,11.218951509421,11.33794116973877,13712004
2008-07-28,11.405934233190942,11.524923016630831,11.06596565246582,11.06596565246582,8703150
2008-07-29,11.048967714302126,11.711906269543432,10.9044822671769,11.507925987243652,19995521
2008-07-30,11.60991761326588,11.86489387800695,11.524925231933594,11.524925231933594,22026748
2008-07-31,11.703407486250365,11.822396278381348,11.52492385842605,11.822396278381348,9734704
2008-08-01,11.558920503855282,12.221859077753074,11.558920503855282,12.196361541748049,15361936
2008-08-04,12.230357371268994,12.230357371268994,11.728902959309885,11.788397789001465,8851161
2008-08-05,11.788400192447895,11.822397496133275,11.354941164877603,11.405936241149902,14473511
2008-08-06,11.405936241149902,11.405936241149902,11.405936241149902,11.405936241149902,0
2008-08-07,11.830895163799388,11.839394928473112,11.431432601804872,11.822396278381348,19632123
2008-08-08,11.898889077916545,11.898889077916545,11.193455199106207,11.320942878723145,21916102
2008-08-11,11.397435657216135,11.626915242475398,11.363439235227617,11.46543025970459,11816915
2008-08-12,11.456928682645763,11.473927330579237,11.04896640777588,11.04896640777588,21015202
2008-08-13,10.878985434284646,11.26994916429262,10.861987661125545,11.218954086303713,24390456
2008-08-14,10.861984797529976,11.55042080665207,10.861984797529976,11.04896640777588,45231825
2008-08-15,11.05746731807806,11.116962152387298,10.57301239615082,10.827988624572754,19263302
2008-08-18,11.09996527791099,11.218954086303713,10.88748520012,11.218954086303713,12969589
2008-08-19,11.218952073107634,11.524923365391569,10.997972269135234,11.07446575164795,12859903
2008-08-20,11.42293480163706,11.42293480163706,10.68350438617479,10.776995658874512,27616924
2008-08-21,10.793990656818282,11.01497045142024,10.708999172110737,10.946977615356444,13653389
2008-08-22,10.946977615356444,10.946977615356444,10.946977615356444,10.946977615356444,0
2008-08-25,11.303942092698811,11.499424336853195,11.210450852224488,11.482425689697266,12773176
2008-08-26,11.388935838092982,11.388935838092982,11.040468364806529,11.269947052001951,5934996
2008-08-27,11.057467258571096,11.388936089959078,10.725998427183114,10.938478469848633,15572326
2008-08-28,11.031970245585487,11.227451647892124,10.929979222388187,11.125460624694824,17116645
2008-08-29,11.303944620926536,11.609916821144578,11.303944620926536,11.38893699645996,34019016
2008-09-01,11.388937976042945,11.541924089310577,11.244451628613172,11.47393035888672,15999031
2008-09-02,11.473926504733727,11.584416389465332,11.27844514496324,11.584416389465332,10749970
2008-09-03,11.388935067563034,11.8648910589815,11.388935067563034,11.414433479309082,18636155
2008-09-04,11.218951355379572,11.218951355379572,10.590010161683413,10.71749782562256,40246233
2008-09-05,10.715797738044786,10.715797738044786,9.697593436045164,10.139552116394045,67518739
2008-09-08,10.675003030681523,10.929978370666504,10.6240070834289,10.929978370666504,38076134
2008-09-09,10.785491276613977,10.80248992447677,10.462521363498697,10.708998680114746,23733895
2008-09-10,10.64100580334085,10.64100580334085,10.02906322479248,10.02906322479248,25762378
2008-09-11,10.037563036107947,10.207546906002014,9.6890955313089,9.774087905883787,35456523
2008-09-12,9.859079551345577,10.437026652149456,9.859079551345577,10.258543014526367,31569177
2008-09-16,9.944071022181204,9.995066091359266,9.527609825134276,9.527609825134276,38385190
2008-09-17,9.859079304100597,10.114055546058283,9.179142951965332,9.179142951965332,31854867
2008-09-18,9.417117822142192,9.893073746583052,7.972253161643762,9.689092636108398,68458722
2008-09-19,7.972255556126661,10.793992021146158,7.972255556126661,10.36903190612793,72212094
2008-09-22,10.539013245135036,10.641004246138175,10.199045586472586,10.547513008117676,34652287
2008-09-23,10.459974188148982,10.459974188148982,9.774087905883787,9.774087905883787,25900876
2008-09-24,9.859077668457978,10.046061035511324,9.578604816016863,9.978066444396973,27437818
2008-09-25,9.986567922303893,10.165051556480371,9.74859032957239,9.859079360961914,17074648
2008-09-26,9.859078061504238,9.859078061504238,9.349125641861102,9.621101379394531,13429162
2008-09-29,9.68909557721281,9.740090650497056,9.196141736705556,9.238637924194336,35250439
2008-09-30,9.377342908186108,9.510609910793676,8.39721390504083,9.434117317199709,38858631
2008-10-02,9.009159083745445,9.400122771981325,9.009159083745445,9.179142951965332,27919298
2008-10-03,9.213139308813211,9.34912675413061,8.669190406799316,8.669190406799316,50682245
2008-10-06,8.760637615224029,8.760637615224029,8.167735436454024,8.17623519897461,45249019
2008-10-08,8.222981121704812,8.222981121704812,7.572791839031146,7.649285316467285,91752723
2008-10-09,7.58129254491726,7.955258499685609,7.564294771852723,7.904262542724609,42034201
2008-10-10,7.564293940123945,7.904261673614822,7.071339671455335,7.666284084320068,71006711
2008-10-13,7.3659215434134895,8.779679252490089,7.3659215434134895,8.694686889648438,29217314
2008-10-14,8.694688004320156,9.570106640201214,8.694688004320156,9.179142951965332,55967846
2008-10-15,9.179140980373536,9.340625928236506,8.694686136784632,8.839173316955566,21508082
2008-10-16,9.067463313280994,9.067463313280994,8.329222643698333,9.034656524658203,45270329
2008-10-17,8.244737100511973,9.570104937191122,8.244737100511973,8.456708908081055,42538260
2008-10-20,8.465210270133293,9.349126922062132,8.465210270133293,9.153645515441896,23074980
2008-10-21,9.043152791468026,9.43411636235979,8.59269528022093,9.06865119934082,29593268
2008-10-22,8.975163743689361,9.043156595768757,8.303726196289062,8.303726196289062,26139644
2008-10-23,8.500905217608636,8.669188568414581,7.904260010156439,8.193233489990234,24127943
2008-10-24,7.853265706704428,8.048747966481068,7.38580946697533,7.470801830291748,47965130
2008-10-27,7.445304947897033,7.564293739386748,5.991939716508864,6.459397315979004,46718607
2008-10-28,6.799365420515421,7.768274456592875,6.527390522332971,7.487801551818848,71759410
2008-10-29,7.086129731810659,8.414216360206195,7.086129731810659,8.337723731994629,59483447
2008-10-30,8.15770646018117,9.09414965260988,8.15770646018117,8.958161354064941,49331026
2008-10-31,9.162143362464263,9.349125862121582,8.86467096412154,9.349125862121582,41476696
2008-11-03,9.140725131824803,9.89307701522814,9.140725131824803,9.417120933532717,24898941
2008-11-04,9.349125616716744,9.349125616716744,8.745681951070509,8.890169143676758,17154514
2008-11-05,8.686188160596991,9.349125789014195,8.686188160596991,8.924165725708008,25674371
2008-11-06,8.92416400157372,8.92416400157372,8.20173168182373,8.20173168182373,15414710
2008-11-07,8.346728678466107,8.941163440129854,7.819268568190613,8.839173316955566,21666063
2008-11-10,9.332126283510792,9.714591888032414,9.000657499734237,9.26413345336914,20959879
2008-11-11,9.179142507248692,9.179142507248692,8.6691900480398,8.686188697814941,32790897
2008-11-12,9.094151393230112,9.264135260249011,8.34622132324012,8.669190406799316,26012569
2008-11-13,8.329221785145275,8.329221785145275,7.929758377373957,8.023249626159668,51105570
2008-11-14,8.329220714982402,8.643691718269599,8.15923600866262,8.524702072143555,23260470
2008-11-17,8.329223028872043,8.499206903158491,8.176237805790961,8.482208251953125,23712010
2008-11-18,8.269726954438182,8.286725603105296,7.666283279683935,8.023249626159668,37438269
2008-11-19,7.38614961810881,8.15923685025989,7.38614961810881,7.649285316467285,37076895
2008-11-20,7.718978659907638,7.718978659907638,6.850358986267612,6.892855167388916,71879298
2008-11-21,6.748369972871415,7.309317509838715,6.603883206313637,6.799365043640137,72563944
2008-11-24,6.790865027922694,6.90985292040703,6.714371115618526,6.807863235473633,54492198
2008-11-25,7.139332722319432,7.530296346306424,7.054340362548828,7.054340362548828,51548942
2008-11-26,7.321385731962168,7.321385731962168,6.510391948663369,6.62938117980957,58456427
2008-11-27,6.969348866428601,7.164830263018613,6.816363215362236,7.122334957122803,63602641
2008-11-28,6.816363292705123,7.394309922588397,6.816363292705123,7.224325180053711,54730826
2008-12-01,7.224324787425103,7.530296955656247,7.054340933384404,7.3943095207214355,24863719
2008-12-02,7.105335521113965,7.5217971481098145,7.054340892748884,7.309317111968994,25671025
2008-12-03,7.377309582451175,7.810769397318813,7.377309582451175,7.649285316467285,36351044
2008-12-04,7.870264457744544,7.895761991220505,7.258321895810259,7.377309799194336,18996064
2008-12-05,7.606789525220995,7.649285708361472,7.47930097579956,7.47930097579956,17377521
2008-12-08,7.708779342692919,8.329222606556778,7.708779342692919,8.1592378616333,44016321
2008-12-09,8.32072399822859,8.584200037777414,8.244231379934973,8.278227806091309,46721450
2008-12-10,8.278226724431155,8.584198916137934,8.278226724431155,8.49920654296875,39679876
2008-12-11,8.490706604346485,8.490706604346485,7.725778778499957,8.184735298156738,42736594
2008-12-12,8.193232687372413,8.193232687372413,7.802269123105614,7.946755409240723,26881419
2008-12-15,7.802270084717043,8.524702483686111,7.802270084717043,7.98925256729126,30309057
2008-12-16,8.142239247131558,8.388717480057862,7.989254031133827,8.244230270385742,27305661
2008-12-17,7.989254776405149,8.898670788667168,7.989254776405149,8.80517864227295,67275620
2008-12-18,8.864670372395983,9.009157559150209,8.609694173587224,8.711685180664062,19333666
2008-12-19,8.788179201638116,8.830675388206766,8.397215516164518,8.669190406799316,19218827
2008-12-22,8.839174147778438,8.932665395894256,8.303724192273698,8.329221725463867,14737918
2008-12-23,8.320722878384608,8.320722878384608,8.176237427223883,8.244230270385742,15007661
2008-12-24,7.870267131585991,8.635196033508295,7.870267131585991,8.473711013793945,6240667
2008-12-29,7.870264118200973,8.60969431561413,7.870264118200973,8.575697898864746,21818863
2008-12-30,8.720185336275678,8.720185336275678,8.329221696620944,8.414213180541992,22159133
2008-12-31,8.584198916137934,8.635193988337162,8.337721561500723,8.49920654296875,10466602
2009-01-02,8.499204774282076,8.9241647931823,8.499204774282076,8.839173316955566,18318584
2009-01-05,8.856174193198704,9.094151793346631,8.745683399854375,8.9071683883667,17661659
2009-01-06,8.805179527053435,8.813679293537426,8.55870300487919,8.660693168640137,32200821
2009-01-07,8.9241656319938,8.9241656319938,8.329221725463867,8.329221725463867,49605722
2009-01-08,8.24422956297084,8.24422956297084,7.496298680555625,7.78527307510376,90376370
2009-01-09,7.666283467174897,7.751274954077847,7.181828562731124,7.309317111968994,61313450
2009-01-12,7.479300592614164,7.725777914647838,7.428305527160463,7.649285316467285,37436842
2009-01-13,7.326315076430518,7.640785677668983,7.326315076430518,7.470801830291748,24551544
2009-01-14,7.470800430460946,7.598288072292154,7.3263137036727155,7.513296604156494,20817248
2009-01-15,7.181828756109679,7.241323150245948,7.045841318296593,7.105335712432861,41637290
2009-01-16,7.309317650950012,7.4453050951290525,7.105336045053605,7.283819675445557,22180427
2009-01-19,7.139333309272447,7.623787337878209,7.139333309272447,7.564293384552002,18084328
2009-01-20,7.343312519762137,7.666282411587549,7.249821281562967,7.632285118103027,12113057
2009-01-21,7.581290901194648,7.972254544261524,7.445304349883027,7.853265762329102,24619369
2009-01-22,7.853264780927138,7.938257134224284,7.70027960009887,7.810768604278564,11159627
2009-01-23,7.64928524503797,7.700280310015478,7.462301874694479,7.521796703338623,12087695
2009-01-29,7.521796853033621,8.13374028270904,7.521796853033621,8.07424545288086,41671580
2009-01-30,7.980755494188002,8.235730865322695,7.955257957074532,8.227231979370117,27492566
2009-02-02,8.227232420137332,8.227232420137332,7.912762192719903,7.997754573822021,32111452
2009-02-03,8.12524130308576,8.12524130308576,7.887262840059999,7.92975902557373,11596236
2009-02-04,8.074245711140648,8.142238548468226,7.708778715157271,7.78527307510376,11925934
2009-02-05,7.819269891192544,7.853266311584248,7.39430980039008,7.445304870605469,45771058
2009-02-06,7.581291227258266,8.1252409729219,7.581291227258266,7.793771266937256,21490054
2009-02-09,8.057247769164706,8.057247769164706,7.666284084320068,7.666284084320068,22151024
2009-02-10,7.759773906085532,8.006250335339434,7.691780196126222,7.98925256729126,30607531
2009-02-11,7.946755679006108,8.363216785595636,7.90425950416955,8.17623519897461,32986909
2009-02-12,8.218732436075113,8.63519364104569,8.125241181051337,8.150738716125488,29403032
2009-02-13,8.15074010893528,8.363220190365872,8.15074010893528,8.278227806091309,15663235
2009-02-16,8.516204993626138,8.516204993626138,8.150738852680933,8.210233688354492,8568465
2009-02-17,7.955255120826301,8.0062492976168,7.768271783232221,7.776771545410156,15846604
2009-02-18,8.159236917346039,8.159236917346039,7.708778450538253,7.836266994476318,11540663
2009-02-19,7.836265941157517,8.057245702578065,7.810768411648296,8.014749526977539,11314836
2009-02-20,7.717276605106214,7.921258584573939,7.708776843062737,7.759772777557373,10226169
2009-02-23,7.895762604716153,7.989253861144091,7.674782791747021,7.92975902557373,17429080
2009-02-24,7.887261995499366,7.887261995499366,7.572791839031146,7.649285316467285,18436623
2009-02-25,7.827768017628853,7.827768017628853,7.615287992826082,7.73427677154541,22107341
2009-02-26,7.768274028149692,7.819269978188119,7.606789930422878,7.717278957366943,21395581
2009-02-27,7.708777567654391,7.870263389849924,7.640784740447998,7.640784740447998,11881811
2009-03-02,7.436804696032801,7.615288311201521,7.3943093927000945,7.504798412322998,14031886
2009-03-03,7.436803139802334,8.320720387350157,7.436803139802334,7.513296604156494,18426534
2009-03-04,8.32072178068195,8.32072178068195,7.385809319847527,7.73427677154541,20320533
2009-03-05,7.963754088449606,8.193233626943972,7.751274076368782,8.057246208190918,36763028
2009-03-06,7.98925492507048,8.329223575198162,7.904262542724609,7.904262542724609,30758362
2009-03-09,8.125240013254261,8.26122743360877,8.006250361002412,8.03174877166748,28749584
2009-03-10,8.031748745922771,8.07424492455428,7.861764910652266,7.98925256729126,28495542
2009-03-11,8.08274369737313,8.354717654212918,8.08274369737313,8.167736053466797,34456942
2009-03-12,8.176235754495615,8.414212415387262,8.176235754495615,8.3632173538208,20434070
2009-03-13,8.414213855975161,8.830675062162308,8.397215206124182,8.771181106567383,23746647
2009-03-16,8.873170185893754,9.315128874369432,8.873170185893754,9.247135162353516,35035102
2009-03-17,9.145146030315802,9.145146030315802,8.754182363442904,8.966662406921387,29021568
2009-03-18,9.179140980373536,9.179140980373536,8.70318589988617,8.839173316955566,20614250
2009-03-19,9.17914215090228,9.425619485678412,8.907167282081119,9.0431547164917,52467518
2009-03-20,9.043154387908336,9.17914181737781,8.779679292845982,8.9751615524292,21199141
2009-03-23,9.01765542615217,9.570103941128446,9.01765542615217,9.46811294555664,32270214
2009-03-24,9.295241799228476,10.0630597003653,9.295241799228476,9.918573379516602,43412784
2009-03-25,9.519111801114718,9.91007549893889,9.357626814605949,9.383124351501465,33293166
2009-03-26,9.400120902020898,9.595602267623995,9.30662966120976,9.434117317199709,29992820
2009-03-27,9.638100226544996,9.765587906086528,9.145146400224906,9.740090370178224,35451794
2009-03-30,9.6890955313089,10.173550483725489,9.55310808369136,9.774087905883787,27068558
2009-03-31,9.825083416121066,9.99506729357904,9.714594379364048,9.75709056854248,31506293
2009-04-01,9.876076316236569,10.199046227751934,9.757088419553137,9.978066444396973,24330756
2009-04-02,10.029063976243815,10.335035288443624,10.029063976243815,10.250042915344238,23897430
2009-04-03,10.301037796326735,10.343533099204835,9.893075502949856,10.105555534362791,20166572
2009-04-06,10.284039059159907,10.505017973396509,10.122554095994255,10.496519088745115,20352669
2009-04-07,10.53901311357088,10.692000052793526,10.28403781238479,10.683500289916992,26989386
2009-04-08,10.683505236760302,10.683505236760302,9.995068967020869,10.462525367736816,26451965
2009-04-09,10.462521101613122,10.581509875163167,10.369029859591262,10.505017280578612,18877630
2009-04-14,10.36903054344063,10.54751415516467,10.21604534418197,10.496519088745115,23616551
2009-04-15,10.43702870506784,10.496522676473925,10.284042574262664,10.462525367736816,24562012
2009-04-16,10.581510900346194,10.96397566883492,10.48801964926649,10.929978370666504,26126589
2009-04-17,11.38043603125548,11.38043603125548,11.048967208438562,11.184954643249512,31024781
2009-04-20,11.08296412103915,11.08296412103915,10.742995545843998,10.861985206604004,22369627
2009-04-21,10.943068643194326,10.955476699537428,10.284040123434986,10.89598274230957,20070397
2009-04-22,10.963976996583323,11.28694697201712,10.420028073316567,10.742997169494627,31189357
2009-04-23,10.844987278839088,11.048967558258065,10.683502304795292,10.99797248840332,13882302
2009-04-24,11.218950889512014,11.218950889512014,10.92147851366578,11.210451126098633,12011805
2009-04-27,11.048966551093802,11.235949922276236,10.793990345806678,11.108461380004885,16226496
2009-04-28,11.08296463670241,11.47392829655352,10.878983482094574,11.07446575164795,25274726
2009-04-29,10.96397545715911,11.414433934032274,10.96397545715911,11.37193775177002,17391357
2009-04-30,11.558918032982378,11.898886572469422,11.507923851128709,11.728901863098145,23676414
2009-05-04,12.000879921145335,12.74880909579016,11.915887549836391,12.612822532653809,45418855
2009-05-05,12.612822133963734,12.748808692801564,12.357845907352363,12.544828414916992,36459434
2009-05-06,12.18254159872257,12.643872338697395,12.10565343666092,12.566984176635742,29911327
2009-05-07,12.575526575261163,12.643871900436697,12.131282403521432,12.626786231994627,28388807
2009-05-08,12.302145456193378,12.81473496067674,12.173998521973756,12.55844020843506,21063067
2009-05-11,12.21671399725011,12.558439731389928,11.960419254744046,12.182540893554688,19293112
2009-05-12,11.840814983851256,12.387576680649577,11.840814983851256,12.17399787902832,26498735
2009-05-13,12.25088661636205,12.65241482418522,12.148368193133296,12.438835144042969,14513610
2009-05-14,12.455923448287995,14.010777618377244,12.455923448287995,13.660508155822754,47250062
2009-05-15,14.096207783570527,14.2072681509374,13.310237075945595,13.592161178588867,55006172
2009-05-18,13.207718772089832,13.805740083117488,13.207718772089832,13.754481315612791,23977773
2009-05-19,13.925347238834494,13.976605130585048,13.52381810146339,13.566534042358398,22884484
2009-05-20,13.37004007341554,13.959517684866954,13.37004007341554,13.575075149536133,20736845
2009-05-21,13.489644589264396,13.720309057198834,13.489644589264396,13.66905117034912,9637048
2009-05-22,13.669051043357396,13.763024866144924,13.241891679217144,13.310237884521484,16341844
2009-05-25,13.35295243665131,13.506728731237152,13.258977739803647,13.370038986206056,10817248
2009-05-26,13.27606590335844,13.301694405102843,12.72930332155381,13.04539966583252,18142325
2009-05-27,13.147919814392525,13.959520075713824,13.122290425487906,13.788657188415527,34588845
2009-05-29,13.122288272299656,14.933437055123854,13.122288272299656,14.762574195861816,44289390
2009-06-01,14.472108686274394,14.642971562532132,14.292702091732176,14.625885009765623,26445229
2009-06-02,14.950522584926954,15.053041890385822,14.31832992308983,14.40376091003418,31733650
2009-06-03,14.608796114610747,15.326419682893052,14.57462301662448,15.19827365875244,27457664
2009-06-04,15.548541265025568,15.548541265025568,15.044496495134585,15.360591888427734,31736475
2009-06-05,15.804840328462484,15.804840328462484,15.369138119019864,15.54000186920166,41413465
2009-06-08,15.548542917158091,15.702320981699431,15.070126592729602,15.309334754943848,15667623
2009-06-09,15.309334856904917,15.377681056623944,14.181639353784714,14.642969131469728,27117416
2009-06-10,14.660057184447744,15.369138958254036,14.660057184447744,15.258078575134276,24676873
2009-06-11,15.540000184350026,15.540000184350026,15.223902987826982,15.428939819335938,26190688
2009-06-12,15.62543185996242,15.62543185996242,15.181188637709448,15.343507766723633,9960119
2009-06-15,15.138473105319903,15.403309772036064,15.138473105319903,15.24099063873291,18568107
2009-06-16,14.976155544677786,15.428943480446632,14.848009483132286,15.26662254333496,27767528
2009-06-17,15.121386853799638,15.240991830537352,14.873635834077309,14.899264335632324,21427739
2009-06-18,14.899264647387245,14.899264647387245,14.437934817498704,14.634427070617676,33374578
2009-06-19,14.514823789954706,15.5143733702641,14.437934748836938,15.463112831115724,22573227
2009-06-22,15.548545886976456,15.873185976475424,15.087215140446087,15.18973445892334,25534479
2009-06-23,14.694229634195228,14.762574958189814,14.506280214160716,14.557538986206056,44451188
2009-06-24,14.600254916742164,15.58271795438628,14.557538978792,15.386225700378418,35466660
2009-06-25,15.651065924902085,15.975704261719097,15.548546601712223,15.856101036071776,22407805
2009-06-26,15.932987126392565,16.061134945084415,15.727952030569504,15.890271186828612,13733803
2009-06-29,16.112389662012042,16.360142402620895,15.992786475432435,16.155105590820312,10717823
2009-06-30,16.13802204601213,16.13802204601213,15.266619458513924,15.45456886291504,31216541
2009-07-02,15.762125340644348,15.82192694976933,15.0615863973356,15.30079460144043,23391038
2009-07-03,15.206819446879395,15.369138600553924,15.03595569134423,15.164103507995604,16254998
2009-07-06,15.292248280194997,15.292248280194997,14.702769855038662,14.959065437316896,10856527
2009-07-07,14.78820588788407,15.4887439434333,1.4950518195867433,15.258078575134276,13256462
2009-07-08,15.215360125314094,15.779208317564274,15.018867894851988,15.70232105255127,18424332
2009-07-09,15.71940758212665,15.71940758212665,15.420396035881163,15.659605979919434,14709014
2009-07-10,15.659605150030634,15.659605150030634,15.172644221850891,15.428939819335938,18651401
2009-07-13,15.20682109847243,15.20682109847243,14.779663430846329,14.873638153076172,18666577
2009-07-14,15.001788192137752,15.377687136395188,14.976157915208695,15.369142532348633,17163398
2009-07-15,15.480199851948967,15.804839908096964,15.480199851948967,15.71940803527832,17133405
2009-07-16,16.283256274755665,16.283256274755665,15.633976162459676,15.71940803527832,14286833
2009-07-17,15.890273757083046,17.069231051576818,15.651067285001044,16.83002281188965,25385693
2009-07-20,17.25717529877089,18.26526673540582,17.25717529877089,18.196922302246094,29857002
2009-07-21,17.94062842798626,17.94062842798626,17.05213842567839,17.171743392944336,52689369
2009-07-22,17.171744760101053,17.376781610652074,17.06068438477263,17.06922721862793,30187368
2009-07-23,17.35969921528289,17.701425041939615,17.0863178469154,17.598907470703125,22311331
2009-07-24,17.94063328625304,17.974804628207117,17.34261005558514,17.684337615966797,16892890
2009-07-27,17.59890398454584,17.66725019690169,17.393868882688153,17.530559539794922,18666512
2009-07-28,17.513469576181063,17.701417195062298,17.25717399409806,17.667245864868164,26903668
2009-07-29,17.564732616312195,17.889374505716813,17.47930072621678,17.684337615966797,25239184
2009-07-30,17.940631511115228,18.11149350679499,17.513473870508427,17.530559539794922,21554201
2009-07-31,17.684332630021093,18.145663292384025,17.59890076401246,17.872282028198242,18540945
2009-08-03,18.111496586862543,19.4784033903884,18.04315213048887,18.777862548828125,30241308
2009-08-04,18.794942180107487,19.307531576568763,18.74368341722181,18.846200942993164,21487222
2009-08-05,19.08541078566795,19.102498219882246,18.214008204087826,18.521562576293945,16420132
2009-08-06,18.4532180103608,18.726597512184405,17.99188557154655,18.675338745117188,17170439
2009-08-07,18.777857061735904,18.777857061735904,18.111491294489586,18.231096267700195,20384415
2009-08-10,18.794947721864265,19.11958782759784,18.38487573026317,18.999982833862305,22676366
2009-08-11,19.10249950843564,20.43523108681696,19.10249950843564,20.07641792297364,31791424
2009-08-12,19.597996700699376,19.75177297532611,19.2220979620978,19.324615478515625,29656943
2009-08-13,20.110587399241755,20.964902450162985,20.00806987594792,20.161846160888672,51274431
2009-08-14,20.33271476762572,20.33271476762572,19.615090164393592,20.281455993652344,35854633
2009-08-17,19.82012367352732,20.07641752287581,19.47839795186108,19.66634559631348,28015506
2009-08-18,20.076417851794275,20.093503519495847,18.98289446398391,19.59800148010254,36128238
2009-08-19,19.59800409832365,19.64926287588112,18.965811330044826,19.153759002685547,31301402
2009-08-20,19.375880301741333,19.546744060990846,19.068325888613185,19.256277084350582,15709663
2009-08-21,19.375879138057904,19.871382949559425,19.307534699025688,19.683433532714844,23583178
2009-08-24,20.161848662097,20.606091907349693,20.14476299529659,20.50357437133789,29018232
2009-08-25,20.161847752724515,20.418143348798832,20.042244555306844,20.23019218444824,16581638
2009-08-26,20.178933418754298,20.60609097794023,20.12767465306036,20.23019218444824,11080580
2009-08-27,20.23019721673078,20.332716541225054,19.392969323731982,19.563831329345703,18071327
2009-08-28,19.56382891359223,19.768865769657666,19.29044761724153,19.70051956176757,16948392
2009-08-31,19.23918884512637,19.87138331388797,19.153756969066176,19.70051956176757,24308415
2009-09-01,19.64926114928417,19.82012490453181,19.324621074876568,19.717605590820312,15195212
2009-09-02,19.649260250812027,19.700519021521515,19.23918831753135,19.59800148010254,12506817
2009-09-03,19.39296760509941,19.905557111724217,19.39296760509941,19.64926147460937,17473761
2009-09-04,19.68343775519048,20.98199828381185,19.68343775519048,20.89656639099121,29718217
2009-09-07,21.067425074740072,22.17803410963705,21.050337639750904,21.870481491088867,23641419
2009-09-08,21.87048533152148,22.212211112449925,21.51167211260333,21.955915451049805,20490972
2009-09-09,22.34889614424166,22.34889614424166,21.80213361850957,22.04134178161621,17680480
2009-09-10,22.07551939220833,22.33181327376255,21.95591440241305,21.99008750915528,11773942
2009-09-11,21.870480757707035,21.904652091330032,21.34080387529445,21.52875328063965,21145325
2009-09-14,21.272459307708257,21.870480621239984,21.18702743897449,21.68252944946289,17442558
2009-09-15,21.75087838869855,21.87048337349827,21.03325201510999,21.23828887939453,11268337
2009-09-16,21.23828993584594,21.54584436376892,21.10159927539184,21.44332504272461,23685059
2009-09-17,21.648360040384546,22.160949530746787,21.61418693633244,22.075517654418945,26469484
2009-09-18,22.21220576634212,22.21220576634212,21.545840035253008,21.58001136779785,19701793
2009-09-21,21.8875671584733,22.19511977702148,21.68253031183644,21.870481491088867,14133708
2009-09-22,21.870481491088867,22.041343467747392,21.71670341421004,21.870481491088867,11925332
2009-09-23,22.092603322642585,22.143863862523148,21.90465390176325,22.075517654418945,11022876
2009-09-24,22.21220109373125,22.51975362756508,21.90464679229317,21.938819885253903,21776769
2009-09-25,22.212207725182733,22.212207725182733,21.4091512902808,21.73379135131836,15180910
2009-09-28,21.426241651831965,21.59710543747325,20.67444382317857,20.89656639099121,20332959
2009-09-29,21.272460433582864,21.68253059704104,21.204115995541425,21.409151077270508,17366782
2009-09-30,21.733792550752025,21.870483203343284,21.40915247179839,21.54584312438965,15368097
2009-10-02,21.426238287382724,21.426238287382724,20.845304335591614,20.999080657958984,17630684
2009-10-05,21.101598535621942,21.23828919128401,20.84530466100864,20.930736541748047,15154479
2009-10-06,21.511666690550367,21.511666690550367,20.93073283263689,21.25537109375,17402286
2009-10-07,21.37497765373272,21.78504957864284,21.37497765373272,21.63127326965332,31545811
2009-10-08,22.02425666970832,22.519758674466715,21.87048036832861,22.297637939453125,28045819
2009-10-09,22.38307205007339,22.485591370300043,21.61418863780578,21.99008750915528,16737784
2009-10-12,21.955913856269515,21.955913856269515,21.52875621923453,21.648361206054688,10563428
2009-10-13,21.767963780342,22.331812056635407,21.767963780342,22.178035736083984,21504183
2009-10-14,22.571024293444985,23.56203029379596,22.571024293444985,23.54494285583496,32462494
2009-10-15,23.835408100677657,24.3138262790369,23.45951100731775,23.63037300109864,30733998
2009-10-16,23.920835370664303,23.920835370664303,23.083607697021097,23.442419052124023,20774579
2009-10-19,23.74997471967467,24.86058371305161,23.579110981799143,24.758066177368164,21237970
2009-10-20,25.27065627583453,25.42443258332994,24.36508233044414,24.46759986877441,30094783
2009-10-21,24.26256543358284,24.60429115958675,24.108787354417025,24.177133560180664,19378505
2009-10-22,24.313823820135543,25.42443285401056,24.262565050424683,25.185226440429688,24924905
2009-10-23,25.62947308329601,25.971200616612737,25.082710444073225,25.407350540161133,27622185
2009-10-27,24.775154515697707,25.18522644099861,24.775154515697707,25.03144836425781,21847452
2009-10-28,24.82641832971681,24.997280340938232,24.10879187272953,24.2113094329834,29532569
2009-10-29,23.237383623662936,23.30572805339749,22.741879879570355,22.79314041137696,58726421
2009-10-30,23.237387415820983,24.17713452555885,23.237387415820983,23.425336837768555,49916188
2009-11-02,23.22029986275603,24.689722014820298,22.89565805017364,24.45051383972168,28708363
2009-11-03,24.43342390415997,24.45051133694952,23.442418203732995,23.5620231628418,31703737
2009-11-04,23.835405170097943,24.177132650853903,23.493679456946683,23.903751373291016,21845901
2009-11-05,23.630374742824795,23.81832418716041,23.408252190172234,23.54494285583496,20613100
2009-11-06,24.09169916235823,24.17713102680852,23.49367787881076,23.68162727355957,23770013
2009-11-09,23.920836813401586,23.93792424784013,23.56202543665768,23.73288917541504,18367550
2009-11-10,24.433426766796085,25.031448097195646,24.091701049826927,24.46759986877441,46433644
2009-11-11,24.775154242418804,25.62946941833539,24.655549269340217,25.49277877807617,36378180
2009-11-12,26.142062950217035,26.142062950217035,24.72389932513969,25.09979820251465,49803551
2009-11-13,25.800332269834545,25.971197785471688,25.18522701916948,25.3731746673584,27492593
2009-11-16,25.714901062727684,25.714901062727684,25.133965404846748,25.321916580200195,15139510
2009-11-17,25.20231200917367,25.59529649795399,24.775154418184925,25.4244327545166,18694640
2009-11-18,25.11687900481592,25.56112224307347,24.877670835353435,24.980188369750977,16051040
2009-11-19,24.98018621793585,25.03144498071915,24.570114348065,24.809324264526367,14727461
2009-11-20,24.484685578373128,24.963103704084315,24.484685578373128,24.70680809020996,12814012
2009-11-23,24.775157267569007,25.37317690316849,24.775157267569007,25.304832458496094,17481083
2009-11-24,25.37317404368532,25.37317404368532,24.706808270906,24.792240142822266,17903855
2009-11-25,25.390263994415232,25.458608438157288,24.946018923474696,25.133968353271484,17273866
2009-11-26,25.06562439534104,25.287745167511456,24.79224307986444,24.911848068237305,16564482
2009-11-27,24.27965227793388,24.74098300258016,23.57911335673116,23.749977111816406,27906324
2009-11-30,24.2796527095128,24.911847200481795,24.2796527095128,24.48468780517578,27762413
2009-12-01,24.65555191228474,25.11688265166123,24.50177558836088,25.04853820800781,19846848
2009-12-02,25.065622710717506,25.56112476506255,24.74098264135824,25.47569465637207,28474351
2009-12-03,25.62946891784668,25.714900787290983,25.30482887452115,25.62946891784668,18821856
2009-12-04,25.62947064779382,25.714902523004632,25.39026245776643,25.544038772583008,12153063
2009-12-07,25.578210930747883,25.629469700458746,24.946016491639348,25.185226440429688,17092265
2009-12-08,25.287745549979284,25.52695553034298,25.13396922054974,25.407350540161133,12429744
2009-12-09,25.28774279334221,25.458606541374586,24.792240752215985,25.3731746673584,15966422
2009-12-10,25.62947218148912,25.62947218148912,24.57012004717092,24.894760131835938,26514247
2009-12-11,24.79224077603645,26.99637499678978,24.79224077603645,26.87677001953125,56415253
2009-12-14,26.740081171788027,27.50896450431653,26.10788671684277,27.269756317138672,30524584
2009-12-15,27.338106157852938,28.0386433771142,27.03055172339249,27.57731437683105,30638940
2009-12-16,27.4747892930639,28.26076000068883,27.06471915656797,27.18432235717773,26227310
2009-12-17,27.85069261174909,27.91903705203925,26.10788728928974,26.500873565673828,20732891
2009-12-18,25.800331299218755,26.19331755138799,25.697813761297983,26.03954124450684,29849094
2009-12-21,25.834508269325177,26.312924663592995,25.49278075832972,26.210405349731445,13205781
2009-12-22,26.6204748588135,26.6204748588135,26.244576045306925,26.34709358215332,12939200
2009-12-23,26.227491894808644,26.603392522987885,26.05662990120526,26.483787536621094,15065724
2009-12-24,26.85968679529645,27.765262621996545,26.6717373622236,27.61148452758789,15502006
2009-12-28,27.66274205611664,27.98738389963077,27.28684320691693,27.321016311645508,12069498
2009-12-29,27.85069116176241,27.867776829044217,27.133064854250893,27.47479057312012,10146959
2009-12-30,27.47479118273296,28.26076194441561,27.42353417975024,28.209503173828125,18279944
2009-12-31,28.4487083810296,28.36327828406332,28.8246071710577,28.875865936279297,13447527
2010-01-04,28.534143802659045,28.80752509632359,28.43162625943604,28.705007553100582,12216592
2010-01-05,28.58540483826623,29.559325111229946,28.551231731950413,29.35429000854492,26493832
2010-01-06,29.49097665723964,29.901050366653333,29.37137344563172,29.422632217407227,25253221
2010-01-07,29.422633705078656,29.61058313362692,28.19241958505453,28.294937133789062,30298638
2010-01-08,27.91903814457255,28.87587095170669,27.91903814457255,28.68792152404785,21669436
2010-01-11,28.91003892275685,29.90104642678416,28.91003892275685,29.18342018127441,19275848
2010-01-12,29.456803827115905,29.50806259629164,28.68791875427047,28.807523727416992,17057834
2010-01-13,28.602490525690705,29.73018889398552,28.53414608062084,29.200511932373047,33144406
2010-01-14,29.627666252831126,29.79852823014956,29.268854863139097,29.45680427551269,20549332
2010-01-15,29.747272730404934,29.55932330853756,30.00356836073581,30.1573429107666,22153823
2010-01-18,29.849787095904205,29.935218963580983,28.70500501832837,28.995471954345703,30176298
2010-01-19,28.602488829210863,28.68792070618474,27.09889345080609,27.54313850402832,66212044
2010-01-20,26.996374922270064,27.372273753181,26.33000913431063,26.55213165283203,47788877
2010-01-21,26.330006817742536,27.303926912398325,25.851590487330625,26.14205741882324,62278145
2010-01-22,25.373177254251083,25.88576678300388,24.80933071698845,25.71490478515625,75153832
2010-01-25,25.11687995926449,25.50986444525681,24.775154242418804,25.49277877807617,47288816
2010-01-26,25.68072781668733,25.68072781668733,24.38216940438123,24.45051383972168,44535919
2010-01-27,24.51885698372736,24.723893814159418,23.49367813438085,24.160045623779297,55563970
2010-01-28,24.33090948805388,25.28774221281792,24.313823820684785,25.03144836425781,55718805
2010-01-29,24.877668692369262,25.287738794635622,24.433423724774705,24.809324264526367,36691645
2010-02-01,24.67263522847735,24.67263522847735,23.78414523612985,24.091699600219727,42869364
2010-02-02,24.57012173783591,24.672641061840963,24.05753218823075,24.2454833984375,35207222
2010-02-03,24.53594528036309,25.902849871701388,24.45051341197858,25.697813034057617,53054111
2010-02-04,25.680727211607035,25.680727211607035,24.94601526908358,24.980188369750977,20930926
2010-02-05,23.920842416246025,24.39926064330292,23.51077217534739,23.64746284484864,60512046
2010-02-08,23.25447429452017,23.8524956957358,23.25447429452017,23.47659683227539,37540416
2010-02-09,23.23739018696684,23.732894071012424,22.77605941124285,23.066526412963867,38598721
2010-02-10,23.562026832930783,23.801235020803635,23.117781792877786,23.715803146362305,34542688
2010-02-11,23.92083717468441,24.84349854974189,23.92083717468441,24.77515411376953,44598760
2010-02-12,24.946015997098,25.561122989038928,24.946015997098,25.321916580200195,35794911
2010-02-17,26.33001170377268,26.39835791657423,25.66364585078472,25.86868095397949,28177646
2010-02-18,25.86867916620469,25.93702360667804,25.287743467959505,25.47569465637207,15689281
2010-02-19,25.561123179896093,25.561123179896093,24.33090918682861,24.382169723510746,20394438
2010-02-22,25.27065334512592,25.612380790068705,24.89475456977247,25.526948928833008,25682995
2010-02-23,25.116876653883462,25.97119348497668,25.03144479401369,25.902847290039062,23759387
2010-02-24,25.62946891784668,25.766159555436627,25.40734641081244,25.62946891784668,18252158
2010-02-25,25.80032841014092,25.97119390021681,25.356085206361616,25.526948928833008,16118214
2010-02-26,26.39835739051525,26.39835739051525,25.69781667748176,26.00537109375,16236182
2010-03-01,26.312925543017705,26.483787536621094,26.17623488757205,26.483787536621094,19962630
2010-03-02,26.75716559217045,27.08180563840677,26.67173372196015,26.97928810119629,27751717
2010-03-03,27.08180826432828,27.20141324774084,26.74008251795717,27.167240142822266,15922972
2010-03-04,27.167243116600257,27.167243116600257,25.885768334127427,26.17623710632324,23317513
2010-03-05,26.31292388654311,27.133065999981824,26.227490243712342,27.04763412475586,31755285
2010-03-08,27.338101699656207,27.594395546906945,27.047632982632404,27.47479057312012,27029072
2010-03-09,27.25267291510564,27.474793685348946,26.85968661466571,27.28684425354004,16138646
2010-03-10,27.67982903209596,28.0557278750462,27.28684275326308,27.93612289428711,27139144
2010-03-11,28.021553542826627,28.021553542826627,27.26975588987405,27.88486289978028,18618690
2010-03-12,28.021554893956232,28.05572799826675,27.4406209587016,27.54313850402832,18659304
2010-03-15,27.11597835511607,28.68791802777496,27.09889092075374,28.61957359313965,27713881
2010-03-16,28.19241804437401,28.517058109362104,28.055727397662984,28.312021255493164,48448410
2010-03-17,28.70500996775113,28.70500996775113,27.67983091407396,28.329111099243164,36439540
2010-03-18,28.12407307592923,28.12407307592923,26.65465076857157,26.77425575256348,75876949
2010-03-19,26.483784088188173,26.945114769297145,25.714900798076343,26.65464782714844,89134436
2010-03-22,26.31292314798769,26.928030157703,25.88576378384744,26.62047576904297,25690230
2010-03-23,26.87677001530849,27.08180686663308,26.70590803474358,27.030548095703125,24668781
2010-03-24,26.825513370294107,27.457706065277616,26.688822723453523,27.04763412475586,31087589
2010-03-25,27.59439509206388,27.59439509206388,26.85968312938093,26.97928810119629,26792517
2010-03-26,26.722995093723963,27.0818082765183,26.535045667994524,27.01346206665039,24324519
2010-03-29,27.081804646574344,27.389357246942115,27.013458445867307,27.252668380737305,16619002
2010-03-30,26.996374088604888,27.1672378310534,26.740080242536845,26.91094398498535,27743874
2010-03-31,27.08180646823064,27.08180646823064,26.55213133134338,26.62047576904297,19236612
2010-04-01,26.33001136779785,26.56921957434107,26.19332071154388,26.33001136779785,31831783
2010-04-07,26.996373537464287,26.996373537464287,26.432525320021032,26.65464782714844,57594330
2010-04-08,26.569217569815343,27.081807050193976,26.535044466428825,26.962202072143555,23805555
2010-04-09,27.150154949079045,27.662744494776444,27.03055172339249,27.57731437683105,39563117
2010-04-12,27.696916409458268,28.1924202637435,27.52605264571751,27.61148452758789,34365041
2010-04-13,27.850691487478915,28.004467797627782,27.167238274142687,27.40644645690918,30674428
2010-04-14,27.6798298438572,27.71400294901981,27.45770731170749,27.49188041687012,13570122
2010-04-15,27.50896748639348,27.79943447605399,27.08180983672715,27.23558616638184,14967655
2010-04-16,27.338105649443445,27.338105649443445,26.79134300617308,27.0818099975586,18816286
2010-04-19,26.5863037109375,26.791340567301447,26.41544172617317,26.5863037109375,22966428
2010-04-20,26.65465076857157,26.893858968950504,26.65465076857157,26.77425575256348,18675944
2010-04-21,27.06472083907748,27.23558281737106,26.791339552682032,26.85968399047852,24116558
2010-04-22,26.398354211933764,27.16723750861707,26.38126677732889,26.97928810119629,17940027
2010-04-23,26.97928925177742,27.765260016584765,26.97928925177742,27.66274070739746,39007184
2010-04-26,28.021554762159408,28.27785039187557,27.936122885587352,28.089900970458984,26346330
2010-04-27,27.86777646187036,27.86777646187036,27.423533209953995,27.457704544067383,17089162
2010-04-28,26.945114188353564,27.321012991877925,26.7913378871676,27.18432235717773,18368006
2010-04-29,27.218497364106835,27.56022309098908,27.218497364106835,27.33810234069824,17149161
2010-04-30,27.850692425401505,27.97029563701023,27.50896492342272,27.91903686523437,23463973
2010-05-03,27.67982902347601,28.294936060148057,27.560224042754164,28.089900970458984,25505603
2010-05-04,28.36328107035101,28.499971713571377,28.141158554167337,28.27784919738769,27619674
2010-05-05,27.787982198897684,27.92512228700077,27.427991019366704,27.530845642089844,26495036
2010-05-06,27.102283943033903,27.153713031957768,26.433727068025995,26.588010787963867,40394271
2010-05-07,25.35374885360008,26.296585888176136,25.35374885360008,26.05659294128418,47362336
2010-05-10,26.39944166454797,26.51943813515837,26.228016108342548,26.433725357055664,21501693
2010-05-11,26.433725357055664,26.74229100354208,26.36515619862353,26.433725357055664,38062845
2010-05-12,26.43372333963876,26.43372333963876,25.62802647911404,25.93659210205078,48425918
2010-05-13,25.883793731827712,27.256565463879493,25.883793731827712,27.239421844482425,62112056
2010-05-14,27.01657466150837,27.97655364362105,26.96514556929372,27.66798973083496,46797736
2010-05-17,27.25656589874161,27.290851364666043,26.2451579545964,26.433725357055664,51650981
2010-05-18,23.345503555940173,26.708002392610496,23.345503555940173,26.553720474243164,26137399
2010-05-19,26.382296572403952,26.46800934572278,25.90230716991848,25.988019943237305,24438967
2010-05-20,26.130132274658177,26.22801601151811,25.045184288950807,25.576601028442383,39808990
2010-05-24,25.355461811272946,25.355461811272946,24.85661566806009,25.336605072021484,38424491
2010-05-25,24.7383320181228,24.7383320181228,24.3423404987426,24.41090965270996,41477629
2010-05-26,24.410911965597435,25.610887347763096,24.410911965597435,25.47374725341797,49078959
2010-05-27,25.19946557612552,26.039447939338043,25.096610954796784,25.81659507751465,30822288
2010-05-28,26.056591531245143,26.3137263108813,25.6623131186752,25.74802589416504,29903961
2010-05-31,25.850880515386176,25.850880515386176,25.456602102816223,25.74802589416504,15744468
2010-06-01,25.628028365584605,26.039448635312567,25.542315587714185,25.645170211791992,18298147
2010-06-02,25.76516609096696,26.142300860252902,25.54231324363892,26.02230262756348,20605854
2010-06-03,26.26229909294233,26.296582782210816,25.95373347560993,26.02230262756348,23760179
2010-06-04,26.15944494291488,26.38229780930872,25.713740983543925,25.86802291870117,19699824
2010-06-07,24.976614333747023,25.30232183801753,24.976614333747023,25.18232536315918,25478446
2010-06-08,25.04518260121872,25.14803721826446,24.393767662040208,24.63376235961914,65074274
2010-06-09,24.428049363896385,24.633760354661533,23.45092880807371,23.553783416748047,118094417
2010-06-10,22.98808469607336,23.00522654224925,21.75382388915718,21.83953666687012,161817889
2010-06-11,22.79951909056828,22.988086507024985,22.31952785224651,22.782377243041992,84307649
2010-06-14,23.399505398876368,23.46807455826796,22.3880974405788,22.54237937927246,45081558
2010-06-15,22.33666971355512,22.439524337443945,21.530972795203624,21.83953666687012,68138656
2010-06-17,21.73668161770465,21.77096708280239,21.10240849377181,21.428117752075195,80069158
2010-06-18,21.256688156036724,22.370950485688773,20.639558768766523,22.233810424804688,140701456
2010-06-21,22.79951456972786,22.953796487123054,22.30238158245465,22.66237449645996,55217512
2010-06-22,22.66237590078216,22.76523051875256,21.46240062868314,21.59954071044922,72100016
2010-06-23,21.256692567084457,22.028104017896297,20.828130452920465,21.41097450256348,115287515
2010-06-24,21.59953933856828,22.23381239812802,21.59953933856828,21.65096664428711,39422764
2010-06-25,21.58239557895937,22.25095226738406,21.58239557895937,22.233810424804688,33667698
2010-06-28,22.30238291985941,22.610948546570047,22.09667368433008,22.31952476501465,27262552
2010-06-29,22.628089414648272,22.628089414648272,21.66811065907425,21.92524719238281,33200185
2010-06-30,21.770963148444675,22.45666168598248,21.770963148444675,22.37095069885254,30498088
2010-07-02,22.37095675136236,22.43952591430112,22.0109637690375,22.2166748046875,32837319
2010-07-05,22.2852421068248,22.54237866314552,21.99382008518909,22.35381126403809,17630206
2010-07-06,22.06238747352708,23.12522262574442,22.06238747352708,23.07379531860352,34875804
2010-07-07,23.056652951947857,23.46807320482035,22.81665824779307,23.31379127502441,41365800
2010-07-08,23.828064063176846,23.87949136860973,23.36521654086432,23.53664207458496,26460442
2010-07-09,23.33093285071032,23.91377687214333,23.27950554137309,23.828065872192383,26145491
2010-07-12,23.913777748898347,23.913777748898347,23.57092841627467,23.79378128051757,12522356
2010-07-13,23.845206876870883,23.999488799443576,23.6566394914765,23.9309196472168,16222655
2010-07-14,23.999490498914096,24.17091605174505,23.34807552625654,23.72521209716797,22408901
2010-07-15,23.570928708361823,23.828067041078537,23.159510213481862,23.27950668334961,24497154
2010-07-16,23.142366281592768,23.793781254250323,23.00522619401136,23.72521209716797,18381093
2010-07-19,23.1423646428176,24.01663241756271,23.1423646428176,23.9309196472168,18752697
2010-07-20,23.99948836857912,24.016631986390472,23.41664437815727,23.588069915771484,14161630
2010-07-21,23.690927026579256,23.87949442846791,23.41664684684726,23.77663803100586,18263678
2010-07-22,23.519503145029567,23.759497876023893,23.39950666624084,23.502361297607425,20864832
2010-07-23,23.62235744603669,23.690928381600028,23.450933653962032,23.65664291381836,28322430
2010-07-26,23.519501445967435,23.86235078356072,23.519501445967435,23.70806884765625,28316990
2010-07-27,23.67378473877064,24.71947635275308,23.485215566982784,24.513765335083008,49926520
2010-07-28,24.54804831981148,25.285175992930952,24.342339096343967,25.113750457763672,47101368
2010-07-29,25.37089035037317,25.62802868721145,25.13089740679091,25.49088859558105,36754079
2010-07-30,25.49088980264269,25.782311846125623,25.38803517240364,25.662315368652344,33749983
2010-08-02,26.056590336919687,26.142301335064207,25.85087933048965,25.93659210205078,19173825
2010-08-03,26.22801922876232,26.22801922876232,25.302323952587297,25.885168075561523,27104718
2010-08-04,25.765168839376628,26.365156519992205,25.73088337303428,26.279443740844727,19752755
2010-08-05,26.228012586750086,26.365152658617504,26.125157976203653,26.21087074279785,12060581
2010-08-06,26.228016774779004,26.228016774779004,25.98802205404335,26.1937313079834,13588232
2010-08-09,25.90230721158609,26.399440233585032,25.90230721158609,26.348012924194336,12150476
2010-08-10,26.26230364109864,26.70800763952601,26.228018172475952,26.57086753845215,29950476
2010-08-11,26.39944192430957,26.570865708785004,25.38803397021244,25.49088859558105,25948134
2010-08-12,24.95947353878151,24.95947353878151,24.428054982702683,24.565195083618164,48412570
2010-08-13,24.753763221369013,25.31946544855541,24.668050440264988,24.82233238220215,32920277
2010-08-16,24.856619053546385,25.182326573471027,24.6680516353488,24.99375915527344,15869439
2010-08-17,25.28517999115685,25.28517999115685,24.908045172887512,25.18232536315918,9281379
2010-08-18,25.182326764856075,25.610888920978848,24.90804655931744,25.1994686126709,15927669
2010-08-19,25.66231519178365,26.022306395139225,25.42232046507433,25.52517509460449,31142576
2010-08-20,25.16518159778723,25.52517456712029,24.993757809918424,25.47374725341797,14479852
2010-08-23,25.62802954559401,25.71374232741097,25.130898248522605,25.38803482055664,8123097
2010-08-24,25.19946301797869,25.30231762886605,24.188055206281145,24.25662612915039,24051721
2010-08-25,24.03377545422705,24.03377545422705,23.262364029688623,23.74235343933105,42667857
2010-08-26,23.48521923155844,24.119492456004583,23.48521923155844,24.08520698547364,23102197
2010-08-27,24.0852009282263,24.308053770506177,24.0852009282263,24.170913696289062,9309811
2010-08-30,24.42805411190528,24.75376339170862,24.41091226493324,24.59947967529297,16401338
2010-08-31,24.23948638087669,24.479481084835868,23.742353354050543,24.393768310546875,16485099
2010-09-01,24.13663087762736,24.56519299145726,24.13663087762736,24.42805290222168,16683080
2010-09-02,24.34234479005415,24.565195909796987,24.08520642715819,24.32520294189453,14111844
2010-09-03,24.06805920863861,25.14803619030669,24.06805920863861,24.890899658203125,22343234
2010-09-06,25.130899788290016,26.022307808235688,25.130899788290016,25.90231132507324,36952266
2010-09-07,26.05659452336783,26.159447382983046,25.74802885085461,25.85088348388672,23961604
2010-09-08,25.85088120799182,25.97087767815924,25.47374640446553,25.576601028442383,23554252
2010-09-09,25.37088984908875,25.8851647391874,25.37088984908875,25.79945373535156,11330196
2010-09-10,25.88516404461984,25.88516404461984,25.6451693388024,25.6794548034668,12588397
2010-09-13,25.936597647472883,26.38230167210208,25.90231217683464,26.22801971435547,22451049
2010-09-14,26.33086793347311,26.519435315885843,26.279440626762053,26.399438858032227,19146972
2010-09-15,26.399442516091952,26.4337262097055,26.00516407878493,26.33087158203125,17381182
2010-09-16,26.50229454040528,26.74228923920908,26.15944345061416,26.50229454040528,16868466
2010-09-17,26.57086425507073,26.74228980358409,26.31372593230069,26.622291564941406,18382395
2010-09-20,26.62229212603182,27.08513969803952,26.29658464104184,27.03371238708496,21971609
2010-09-21,27.222279815722565,27.479416370785,27.03371241753788,27.393705368041992,23651947
2010-09-22,27.4279937632718,27.56513209167753,26.879433355981288,26.999431610107425,19794302
2010-09-24,27.49656017670989,27.56512933405308,27.085139912400628,27.530845642089844,18685995
2010-09-27,28.09654346818282,28.97080939869552,28.02797254809372,28.91938209533692,55573468
2010-09-28,28.91938143814888,29.330801629084696,28.62795946793383,29.09080696105957,38408333
2010-09-29,28.97081231697992,29.090810552515265,28.71367577428505,28.88510131835937,26205848
2010-09-30,28.88510190670583,29.227951228421183,28.799389132922823,29.07366752624512,24731898
2010-10-04,29.999367100580432,29.999367100580432,29.245095687918564,29.553661346435547,22775482
2010-10-05,29.39937900918004,29.45080632267296,28.74796400704737,28.850818634033203,20366685
2010-10-06,29.57079932101741,29.742224861458062,28.88510070608797,29.19366455078125,14477834
2010-10-07,29.65651790129975,29.65651790129975,28.542255216971466,28.765108108520508,26801694
2010-10-08,28.54225336285687,29.622230507541094,28.35368595304561,29.553661346435547,26968813
2010-10-11,29.91365279089637,30.51363868352223,29.502230751614725,30.18793296813965,38596882
2010-10-12,30.20507511957745,31.95361082382792,30.17079142713796,31.25076675415039,47092690
2010-10-13,31.713615084896443,32.60502303086765,31.54218952498525,32.15932083129883,40324770
2010-10-14,32.48502543308907,33.08501132517423,31.02791531795365,31.33647918701172,34855057
2010-10-15,30.54792255278173,32.22788731807746,30.54792255278173,31.54218864440918,28200393
2010-10-18,31.50790597297948,31.95361172137987,31.267909478661245,31.86789894104004,19646247
2010-10-19,31.627905904792545,31.71361869450387,31.096487317949112,31.5936222076416,22121790
2010-10-20,31.16505482581303,31.473618706680742,30.90791648500648,31.147912979125977,20788182
2010-10-21,31.490763348883288,32.22789119653198,31.02791925991065,31.90218544006348,24640072
2010-10-22,31.885039568136943,31.95361049915268,31.405050144693675,31.69647216796875,12098819
2010-10-25,31.970743822020403,32.090740259182645,31.645034646652537,31.79931831359864,11022350
2010-10-26,32.05646084722492,32.22788283165334,31.027911206489552,31.19933319091797,15141533
2010-10-27,31.19933675698296,31.54218785869341,30.565067184385352,30.633634567260746,15786888
2010-10-28,30.925057065395183,30.925057065395183,29.91365268393749,30.256500244140625,16632204
2010-10-29,30.92505636636236,30.92505636636236,29.91365200776654,30.42792510986328,26412604
2010-11-01,31.88504097918942,31.919324672797767,31.370764294062568,31.71361541748047,17539026
2010-11-02,32.227889226698295,32.227889226698295,31.37076494714342,31.765045166015625,20898606
2010-11-03,31.473615188918263,32.43359751126678,31.113625808224903,32.073604583740234,22994822
2010-11-04,31.627898378613896,31.679327458936207,30.61649053816215,31.07933807373047,65641521
2010-11-05,31.370762879073688,31.713613987027173,30.856489763976903,31.33647918701172,32541373
2010-11-08,31.542187098371667,31.542187098371667,30.479353674255503,30.66792106628418,43950270
2010-11-09,30.34220780712702,31.35361556162558,30.273640434968545,31.11362266540528,34662343
2010-11-10,30.85649056694867,31.250767223255284,30.427926670854387,30.51363945007324,33855802
2010-11-11,31.027918541049992,31.06220223667326,29.8108012375844,30.35936164855957,47128210
2010-11-12,30.136501650109,30.479352732966834,29.913650574351305,30.05078887939453,37755205
2010-11-15,30.5307831608926,30.856492451180177,30.30793204941543,30.736495971679688,23339116
2010-11-16,30.479355316855788,30.82220288194537,29.45080552792008,29.74222755432129,36171076
2010-11-17,29.399382562815468,29.65651916136131,28.45654541245237,28.57654190063477,35913254
2010-11-18,29.485086558750822,30.11935963981907,29.193664558656373,29.98221778869629,23878527
2010-11-19,29.963028234046416,30.325078437163448,29.33081389016774,30.205081939697266,16075257
2010-11-22,30.685061963948268,30.719345653500778,30.01650518984202,30.05078887939453,18943746
2010-11-23,29.82793650247844,29.862220190535425,28.90224145660961,29.0222396850586,28129580
2010-11-24,29.96507640086786,29.96507640086786,28.422253606629955,28.816530227661133,29804776
2010-11-25,29.14224117127669,29.14224117127669,28.456542463925185,28.47368431091309,23737990
2010-11-26,28.61082440706675,28.970815607730408,28.165118651213128,28.47368431091309,20006216
2010-11-29,28.799390183789708,29.502230698256447,28.285115295742862,29.467947006225582,26104953
2010-11-30,29.296519748674548,29.947934687212168,29.14223782325773,29.605085372924805,33985665
2010-12-01,29.707941744714617,30.13650385624309,29.365092410175176,29.827939987182617,21109100
2010-12-02,30.34221649169922,30.410787430316944,30.05079443611619,30.34221649169922,17323857
2010-12-03,30.3422125281204,30.410783457780763,29.416519165039062,29.416519165039062,15854686
2010-12-06,29.17652287430685,30.359356272699863,29.17652287430685,30.05078887939453,22826628
2010-12-07,30.016506997775945,30.77077658802731,29.99936515196721,30.702205657958984,20002593
2010-12-08,30.73649741543805,30.73649741543805,29.67366203044945,30.033653259277344,17084878
2010-12-09,30.03364946872701,30.599351673190466,29.9136529987348,30.39364242553711,12139259
2010-12-10,30.393645360274448,31.28505336845569,30.393645360274448,31.21648597717285,21700189
2010-12-13,31.50790100234116,31.610755613156044,30.53077687935016,30.82219886779785,18650674
2010-12-14,31.23362042527003,31.23362042527003,30.59934737833608,31.19933319091797,17031908
2010-12-15,31.38790805237635,31.38790805237635,29.999365331077872,30.54792213439941,21002993
2010-12-16,30.599352468238312,30.770778028014664,29.65651543630194,29.793657302856445,25888401
2010-12-17,29.519374686254647,29.9650786489712,29.14223988187267,29.74222755432129,20336436
2010-12-20,29.91365397809047,29.91365397809047,28.902246006042848,29.347949981689453,18365332
2010-12-21,30.10222051247381,30.10222051247381,29.33080728406366,29.74222755432129,13540286
2010-12-22,29.91365276417165,29.999365541160696,29.322236021680656,29.827939987182617,13328083
2010-12-23,30.342210794894164,30.342210794894164,29.485086637017663,29.62222671508789,10079297
2010-12-24,29.98221948010328,29.98221948010328,29.365091755735826,29.77651023864746,4699370
2010-12-28,29.982221706824625,29.982221706824625,29.0565282781073,29.553661346435547,9304751
2010-12-29,29.39937613903572,29.793654535211964,29.382232520600542,29.605085372924805,9588602
2010-12-30,29.622229819985243,29.99936640427094,29.193667696126624,29.43366241455078,16666515
2010-12-31,29.86222198472049,29.86222198472049,28.57653572309101,28.953670501708984,8960174
2011-01-03,29.12509759332228,29.96507819389352,28.970813885933296,29.8965072631836,13432774
2011-01-04,29.69079373424839,30.58220323770889,29.450799072557064,30.496490478515625,18049296
2011-01-05,30.5993510362732,30.80506027964477,30.49649641458741,30.702205657958984,10271116
2011-01-06,30.85648727416992,31.027912814314355,30.54791988317668,30.85648727416992,15494473
2011-01-07,30.702203578673306,30.959341888889952,30.39363973451322,30.85648727416992,8684296
2011-01-10,30.805064462965174,30.85649355420882,30.359362224078307,30.61649703979492,11515187
2011-01-11,30.90791405184228,30.90791405184228,30.51363742174436,30.8050594329834,11810944
2011-01-12,30.942202926230827,32.21074565715332,30.9079156869085,31.970752716064453,41952421
2011-01-13,32.7421677013286,34.027855963925866,32.33074915977773,33.27358627319336,44807079
2011-01-14,33.59928901965221,34.59355513517228,33.34215068078492,34.45641326904297,58858258
2011-01-17,35.10782648681992,35.24496834599893,34.35355690183551,34.52498245239258,34905412
2011-01-18,34.28498770979811,35.27925382531818,34.16499123706013,34.45641326904297,26272073
2011-01-19,34.764970461036604,34.83354138091262,34.26783927230945,34.422122955322266,19252005
2011-01-20,34.11356242288151,34.233562443411,33.17072538634166,33.51357650756836,29616910
2011-01-21,33.256435985995566,33.3592906062526,32.5878791809082,32.5878791809082,26152276
2011-01-24,32.82787565939684,33.256435985995566,32.41645363153537,32.5878791809082,19532650
2011-01-25,33.15357883432772,34.38783773000472,33.05072422192406,34.13070297241211,36688722
2011-01-26,34.28498331057122,35.14211099681446,34.28498331057122,34.76497268676758,37169089
2011-01-27,34.76497642785997,35.14211477849107,34.11356144431557,34.267845153808594,23369598
2011-01-28,35.07354909209797,35.07354909209797,34.11356654600207,34.86783981323242,22225618
2011-01-31,34.86783462226852,34.93640200712636,34.07927777490199,34.627838134765625,19482463
2011-02-01,34.66212145572381,35.69067123273689,34.182132032695506,34.35355758666992,25521359
2011-02-02,34.696404841795555,35.79352188110352,34.696404841795555,35.79352188110352,17271756
2011-02-07,36.17065886573013,36.34208084757833,34.62783265443302,34.83354187011719,32316322
2011-02-08,34.867829744641895,35.03925172963993,33.10215244171515,33.22214889526367,49137748
2011-02-09,33.27357639825592,33.839278498416135,32.57073246039048,32.7078742980957,45780018
2011-02-10,32.622169176852445,33.410722514433964,32.05646694419606,32.12503433227539,42731604
2011-02-11,32.87930642988799,34.07928191967844,32.759309944959114,33.8221435546875,49370647
2011-02-14,34.62783538648434,35.34782124501698,34.284984302072004,34.730690002441406,38528205
2011-02-15,34.69641876220703,34.79927341506952,34.01071634734445,34.69641876220703,17561107
2011-02-16,34.627840938584185,34.7992665082761,33.95928405425275,34.66212463378906,15722138
2011-02-17,34.319270873426504,35.142111331967655,34.25069994850646,34.90211486816406,20249551
2011-02-18,35.38211750006723,35.89639430932219,35.17640819509904,35.69068145751953,29166927
2011-02-21,35.313541077324786,35.58782129039175,34.833551591166064,35.03926086425781,15218394
2011-02-22,35.03925647858321,35.03925647858321,33.59928820034011,33.633575439453125,31445893
2011-02-23,33.136437867198545,33.49643079355703,32.74216125140904,33.15357971191406,37776304
2011-02-24,33.06787075934036,33.95928225579635,33.06787075934036,33.51357650756836,27761415
2011-02-25,33.83928442052931,34.490699396549296,33.78785533568119,34.2164192199707,18317803
2011-02-28,34.28499149030274,35.58782162802265,33.94214388084177,35.31354141235352,28502084
2011-03-01,35.99923538321917,36.47922476270879,35.759238920057804,36.2049446105957,32320970
2011-03-02,35.65639148456451,35.999242630435496,35.14211831259187,35.93067169189453,17614602
2011-03-03,35.96494993752233,36.513510269052055,35.4163896059926,36.27351379394531,19044418
2011-03-04,37.027790135572886,38.022052719605846,37.027790135572886,37.88491439819336,38751413
2011-03-07,37.54206041701308,38.02204982567428,36.89064545950859,37.13064193725586,19228313
2011-03-08,37.02778476941727,38.15918905773051,36.582079082460616,38.09061813354492,21176578
2011-03-09,38.22776648245793,39.22203273055533,38.22776648245793,38.43347930908203,32332626
2011-03-10,38.36489739980927,38.87917045227336,37.06206760445623,37.4049186706543,16436539
2011-03-11,36.9935000794479,37.98776613463896,36.616365290726,37.13064193725586,29930327
2011-03-14,38.39918518066406,38.43347241903835,36.99350062498633,38.39918518066406,17575144
2011-03-15,37.884907888967646,37.884907888967646,35.827808593387225,36.68493270874024,44553541
2011-03-16,36.51350593388835,37.74776475987291,36.273509487275824,37.164920806884766,31223934
2011-03-17,34.11355951959332,35.00497094018434,33.085009790283145,33.11929702758789,102559303
2011-03-18,33.37644555276441,33.80500600203986,32.65645945803367,32.87931060791016,53343408
2011-03-21,32.74215533936182,33.41071199038196,32.57072982949357,32.9478645324707,47113343
2011-03-22,32.913592595788494,33.18787280009927,32.467886820429264,32.72502517700195,45003937
2011-03-23,32.65644553904371,32.89644198393962,32.090743433395694,32.39930725097656,33270283
2011-03-24,32.57074623583792,33.599296266310034,32.07361484427393,33.32501602172852,44889331
2011-03-25,33.77070932142024,33.82213485308756,33.27357811447115,33.71928024291992,42722215
2011-03-28,33.77071335214653,34.010706288904544,32.570738027856194,32.99930191040039,34627159
2011-03-29,32.81073522662513,32.98216078337938,32.31360040267109,32.60502243041992,29459944
2011-03-30,32.742157181122785,33.80499043652523,32.450735216687164,33.46214294433594,50319765
2011-03-31,33.136434545560995,33.136434545560995,31.95360481676078,32.48501968383789,68127000
2011-04-01,33.256434666514586,33.256434666514586,32.48502327177668,33.067867279052734,38137212
2011-04-04,33.06786869901548,33.71928366065904,32.99930131650916,33.6678581237793,30652559
2011-04-06,33.80499264116272,35.31353163630861,33.44499973607873,35.10782241821289,56846122
2011-04-07,34.42213333996485,35.65639253592631,34.35356239940201,35.1764030456543,28724114
2011-04-08,35.17639267682636,35.622098338854755,34.970683462607994,35.27924728393555,22256117
2011-04-11,35.48495514013056,35.48495514013056,34.199267280220205,34.31926727294922,25676823
2011-04-12,33.59928466230321,33.616426506637936,33.06786620692826,33.1878662109375,56980785
2011-04-13,33.18786645907142,34.250699830934664,33.18786645907142,34.18212890625,32706974
2011-04-14,34.35355276904515,34.52497829897944,33.6507123525141,34.38783645629883,33473042
2011-04-15,34.62783216811744,34.799257694391045,33.90784637650145,34.422122955322266,34809090
2011-04-18,34.49070504426124,34.7992689633757,33.890715508010096,34.28499221801758,19802329
2011-04-19,33.44500427870556,34.627837763662306,33.44500427870556,34.35355758666992,26922456
2011-04-20,35.999235175117285,36.85635931545344,35.65638410024958,36.78778839111328,77264535
2011-04-21,37.884905343683904,38.12489823550575,37.23349049228741,37.6449089050293,43995635
2011-04-26,37.43920568364871,38.57061004638672,36.924929038676886,38.57061004638672,24277917
2011-04-27,38.8791762854466,39.56487852072094,36.684938354335934,37.47349166870117,38753143
2011-04-28,38.74203977850989,38.74203977850989,37.61063529359016,38.124908447265625,26629037
2011-04-29,38.15919458785194,38.15919458785194,37.0620738292176,37.88491439819336,21871344
2011-05-03,39.08754981475118,39.08754981475118,37.299904544597226,37.47179412841797,18965159
2011-05-04,36.23419797002628,36.50922062219693,35.684152665685,36.19982147216797,38630239
2011-05-05,35.58102177610593,37.29991078921498,35.58102177610593,36.40608978271485,25393682
2011-05-06,36.26857842155528,37.02488627776472,35.92479921346802,36.371707916259766,15204992
2011-05-09,36.5092138066441,37.1280155476186,35.61539302127432,36.06230163574219,24377428
2011-05-11,37.47179113132972,37.47179113132972,35.95916860498545,36.06230163574219,37282485
2011-05-12,37.128019620202,37.71244137740695,36.33732822242375,37.574928283691406,61167310
2011-05-13,37.81556630987776,38.09058888189544,37.33427769795524,37.6436767578125,28169109
2011-05-16,37.98746128472634,37.98746128472634,37.50617260409893,37.67805862426758,25175226
2011-05-17,37.81557562369056,37.88433217273784,36.302952883257696,36.646728515625,31465077
2011-05-18,36.81862289362191,37.64369092008116,36.784246392849234,37.540557861328125,23602167
2011-05-19,38.46875408269672,38.50313057912296,37.40304001626858,37.91870880126953,24759549
2011-05-20,38.26248458562558,38.5031271520594,37.74681584652297,37.84994888305664,13125655
2011-05-23,36.95613274432104,37.67806409180596,36.95613274432104,37.23115539550781,13559996
2011-05-24,37.29990136949137,37.29990136949137,36.44045707998106,36.61234664916992,22098614
2011-05-25,36.09668548338556,36.99050636284465,36.09668548338556,36.85299682617188,19967978
2011-05-26,36.19981610364866,37.47179256942035,36.19981610364866,37.43741607666016,15915596
2011-05-27,37.64368349947225,37.64368349947225,36.8873721800832,36.99050521850586,23571099
2011-05-30,36.61234781451743,37.74681473955248,36.543591273366594,37.50617218017578,20415684
2011-05-31,37.78119150288672,38.67501223438416,37.54054540800252,38.468746185302734,26156708
2011-06-01,38.675022575284345,38.91566873451235,38.159357314702575,38.60626602172852,21482807
2011-06-02,38.43437758627048,38.43437758627048,37.81557575555625,37.91870880126953,20617743
2011-06-03,38.19373099379124,38.70939621630645,37.88433186028211,37.98746490478516,26700003
2011-06-07,37.64368688090536,37.81557647919495,37.05926509186844,37.29990768432617,29352194
2011-06-08,37.36866604953463,37.64368870886603,36.81862073087182,37.33428955078125,15068083
2011-06-09,37.12802016212246,37.12802016212246,35.58101739563202,36.23419570922852,50174796
2011-06-10,36.44045791883292,36.577970999923146,34.72156930024383,35.202857971191406,39794097
2011-06-13,34.68719609795685,35.61539703582802,34.37779341437683,35.51226043701172,17135281
2011-06-14,35.06535093126337,35.30599350557202,34.41217264088589,34.618438720703125,31349257
2011-06-15,35.237243892324486,35.54664304169084,34.549685485153,34.92784118652344,26280979
2011-06-16,34.20590562933609,34.44655177854445,33.79337343804703,33.87931823730469,36640655
2011-06-17,33.17458357296135,33.844953960507354,32.17762923189955,32.45265197753906,59840146
2011-06-20,34.03401802394173,34.06839451949189,33.415216208997464,33.844940185546875,62606081
2011-06-21,34.034020236209074,35.030974236312225,33.157383978352364,34.92784118652344,33034091
2011-06-22,36.268576695953705,36.268576695953705,35.68415135872445,35.856040954589844,48486144
2011-06-23,35.89041956781661,35.89041956781661,35.134108146553274,35.34037780761719,20329276
2011-06-24,35.237237389688254,36.302947745130616,35.16848085037241,36.06230163574219,25638297
2011-06-27,35.409136343051344,35.99356180615423,35.34038333504481,35.61540603637695,17979670
2011-06-28,35.58102597593835,35.99356180615423,35.34038333504481,35.61540603637695,15669576
2011-06-29,35.82166405816032,35.99355365210713,35.03097263729186,35.13410568237305,17658763
2011-06-30,35.237241337892804,36.50921789736899,35.237241337892804,36.30295181274414,52059878
2011-07-04,37.33428889561222,37.57493149553248,37.09364273925723,37.16239929199219,22855348
2011-07-05,36.88737824041981,37.09364435115321,36.68111212968642,36.95613479614258,12110719
2011-07-06,36.81861832847447,37.403040107757406,36.47484269406751,36.88737487792969,16902989
2011-07-07,37.12802284644716,37.47179849773958,36.74986358408645,36.921756744384766,14712193
2011-07-08,37.471795296777145,37.471795296777145,36.199818738425584,36.54359436035156,25650913
2011-07-11,36.37171217334608,36.44046873429801,35.2716249802909,35.581024169921875,24089612
2011-07-12,35.06535412892688,35.06535412892688,34.10277307460995,34.44655227661133,22225602
2011-07-13,34.44655866660651,35.684159044383485,34.44655866660651,35.61540603637695,18696712
2011-07-14,35.821665562790685,36.26857781453732,35.71853251337757,35.95917510986328,22242047
2011-07-15,36.33733277528532,36.71548849573216,36.0623101098299,36.47484588623047,26882466
2011-07-18,36.09669042088657,36.5435991435295,35.89042075301109,36.16544342041016,12275864
2011-07-19,36.16543784312056,36.16543784312056,35.27161697924128,35.64977264404297,21761886
2011-07-20,36.09668642950075,36.30295251813347,35.40912805881231,35.68415069580078,14439330
2011-07-21,35.68414824232262,35.75290478595098,34.89346043811639,34.9965934753418,23037914
2011-07-22,35.374751599765865,35.78728377746181,35.1684855109179,35.44350814819336,16903136
2011-07-25,35.23723689260981,35.409122903823615,34.652811651320484,35.09972381591797,18391724
2011-07-26,35.37475489706612,35.75291061401367,35.03097567931931,35.75291061401367,18483799
2011-07-27,36.02793195437728,36.062308452316095,35.30599704618437,35.40913009643555,22225716
2011-07-28,35.06534645954368,35.30598900316431,34.755943822840145,35.23723602294922,24054292
2011-07-29,34.96222169055822,35.06535474167389,34.65281898077647,34.85908508300781,18109245
2011-08-01,35.23725438465557,35.85605286764323,35.23725438465557,35.787296295166016,23749494
2011-08-02,35.71853573483355,35.75291223559345,35.34038000073468,35.54664611816406,13209247
2011-08-03,34.61844332681626,35.34037825866707,34.41217721955456,35.27162170410156,25614514
2011-08-04,35.58101750157228,35.615397553822554,34.82470614214914,34.96221923828125,14371895
2011-08-05,33.19175550303981,34.068387979187065,33.01986594541867,33.94806671142578,54381091
2011-08-08,33.1745739293663,33.415220095510335,32.45264254380394,33.05425262451172,37553205
2011-08-09,30.9915818003718,33.14019463922924,30.59623786311485,31.644760131835938,71262266
2011-08-10,33.00268148945413,33.43240187640252,32.65890233474806,32.76203536987305,62009611
2011-08-11,31.11190335673788,31.541623745140665,30.269647270004736,31.21503639221192,97559278
2011-08-12,32.143244219802426,32.28075377803009,31.50725406646641,31.558818817138672,43560350
2011-08-15,32.65891202827412,32.65891202827412,31.971357071222265,32.487022399902344,32206950
2011-08-16,32.48702128299991,32.624534403543734,30.8540769824791,31.14628791809082,41895058
2011-08-17,31.11190739524616,31.19785219536969,30.733751697276457,30.905637741088867,43718140
2011-08-18,31.12909746760545,31.902597157596208,30.85407480238554,30.940019607543945,31376962
2011-08-19,30.25246163026136,30.28683812623676,29.22112585200259,29.564903259277344,44415076
2011-08-22,29.564906949971625,29.83992962141041,28.447629792300617,29.0836181640625,39692492
2011-08-23,29.393014430392533,30.20089228762774,29.393014430392533,30.09775924682617,28097503
2011-08-24,30.90563854365715,30.92283034927604,29.87430802826208,30.04619407653809,32139087
2011-08-25,30.76813243177711,30.76813243177711,30.06338568500161,30.114953994750977,16113430
2011-08-26,30.25246484356151,30.42435089813008,29.788362538208688,30.149328231811523,10135591
2011-08-29,30.596233273356,31.146278475911576,30.18370114965634,30.87125587463379,18698920
2011-08-30,31.696331674595893,31.7135199246805,31.060341526420736,31.23223114013672,17660596
2011-08-31,31.45568028698344,31.885404250000967,31.09471286933559,31.79945945739746,17596042
2011-09-01,32.65891211635154,33.00269137402222,32.14324678628077,32.24637985229492,38317446
2011-09-02,31.971350806030227,32.280749942607585,31.19785118636956,32.19480514526367,22369431
2011-09-05,31.45568774378252,31.71352218271456,31.215045112594105,31.318178176879883,18704398
2011-09-06,30.940014872800045,31.472871871952176,30.52748271631732,31.438491821289062,26786133
2011-09-07,31.593198419340133,32.60734073231568,31.54163011297506,32.26356506347656,28082067
2011-09-08,32.280745427747775,32.62452456904168,31.679135486917488,32.022911071777344,17091918
2011-09-09,32.31513208752939,32.40107689989612,31.47287932791876,31.71352195739746,12088682
2011-09-12,30.76812884200893,30.9743949440707,30.269651835953884,30.32121658325196,15618489
2011-09-14,30.94001862666151,30.9572068758613,29.56490534415676,30.68218421936035,29121513
2011-09-15,30.75093719859692,30.768125445799026,29.56490190800518,30.01181411743164,23340450
2011-09-16,30.59623405790348,30.76812363266394,30.11494538243468,30.64780235290528,20726366
2011-09-19,30.13213687452899,30.18370517508584,29.633659899173846,29.8055477142334,18394328
2011-09-20,29.90868165737509,30.11494774066621,29.393014670930103,29.54771423339844,24641352
2011-09-21,29.221124769250064,29.30706956243849,28.15541431272173,28.946102142333984,31113298
2011-09-22,27.93195607724646,27.98352081536889,26.849055677683182,26.91781044006348,49951611
2011-09-23,26.642792337403456,27.588183372000767,26.05837053462943,27.33034896850586,44291689
2011-09-26,27.072519479960505,27.41629694623448,26.47090758031787,26.797496795654297,27984628
2011-09-27,27.34753597359872,27.588182117202216,26.6427911256043,27.50223731994629,52085783
2011-09-28,28.172602579141465,28.73983608070837,27.38191297077684,28.430435180664062,63324181
2011-09-30,28.73983769504217,29.066426860793623,27.760070197787783,28.224170684814453,83750035
2011-10-03,28.01790301512811,28.01790301512811,25.30205679556551,25.6114559173584,54483683
2011-10-04,25.611454702446284,25.68020946684417,24.04726380745193,25.027034759521484,52472817
2011-10-06,27.020948608341023,28.12103924124527,26.161504135047625,28.017906188964844,50880074
2011-10-07,27.10843692710323,30.114946920845213,27.10843692710323,29.375822067260746,53624037
2011-10-10,29.46176889841345,29.73679152323073,28.39605845001796,28.9804801940918,18154149
2011-10-11,30.252465137466466,30.252465137466466,28.808595236158045,29.238317489624023,21409526
2011-10-12,29.22112705024208,30.338404114254324,28.77421480206332,29.788360595703125,20951006
2011-10-13,29.496151265520428,29.92587350961704,29.01486249438961,29.702417373657227,26776289
2011-10-14,30.596242339032617,30.71656365135725,29.22113070341468,29.668041229248047,21783988
2011-10-17,29.73679016615557,30.664991038,29.73679016615557,30.57904624938965,20084124
2011-10-18,30.046192161308515,30.046192161308515,28.70545902032229,28.774213790893555,24344728
2011-10-19,28.791405052949784,29.358638602823504,28.56794892712208,28.877349853515625,15273359
2011-10-20,28.138227490552875,28.6538945301724,27.502239149345325,28.017906188964844,24231316
2011-10-21,28.017904706709448,28.36168212219618,27.966336405080007,28.069469451904297,13652960
2011-10-24,29.03204833734041,30.01181582620576,28.72264742256604,29.650848388671875,23353028
2011-10-25,30.286844210822963,30.510298592423744,29.994633267023776,30.40716552734375,16264728
2011-10-26,30.166519014763583,30.59623947126053,29.805549776970512,30.44154167175293,17004995
2011-10-27,30.94001508779677,31.79945945739746,30.561859422915088,31.79945945739746,33954679
2011-10-28,32.65890713372215,32.65890713372215,32.022917026635774,32.14324188232422,38905222
2011-10-31,32.487019827963614,32.487019827963614,31.12909827291424,31.472877502441406,18856151
2011-11-01,30.355596164654013,30.716560059417446,29.857115609935327,30.51029396057129,22084474
2011-11-02,30.02900104048397,31.79945799648382,29.22112322791704,31.61038017272949,21366179
2011-11-03,30.94001850349346,31.833839466237297,30.28684014145826,30.836885452270508,22221849
2011-11-04,32.31512256921996,32.31512256921996,31.043146122432017,31.28378868103028,17900379
2011-11-07,31.558813365141816,31.62756991059498,29.9430576638158,29.977434158325195,33153128
2011-11-08,29.39301798275028,29.73679541970921,27.84601684910896,28.3444938659668,77323980
2011-11-09,28.70545926293544,29.15236972096896,28.292925301369458,28.61951446533203,32110568
2011-11-10,27.84601153309902,27.88038980369707,27.14126676603289,27.399099349975582,58539553
2011-11-11,27.416296405069005,27.58818602392188,26.72873970787505,27.106895446777344,28456616
2011-11-14,27.48504729356474,27.98352427250148,27.41629252269036,27.50223731994629,40123421
2011-11-15,26.677171745211623,27.1068939910488,26.677171745211623,27.03813743591309,28629858
2011-11-16,27.70849882761637,27.70849882761637,26.6771649875693,26.81467628479004,15666202
2011-11-17,26.50527898449145,26.53965725797222,26.24744637892873,26.453712463378903,24698623
2011-11-18,26.299011001677258,26.299011001677258,25.74896577855821,25.81772232055664,31352544
2011-11-21,25.319244908770507,26.88343409145912,25.319244908770507,26.402145385742188,29960391
2011-11-22,26.45371470355642,27.57099357144948,26.178692048854987,27.295970916748047,37665712
2011-11-23,26.952193482091747,26.952193482091747,26.19588207092269,26.53965950012207,17122947
2011-11-24,25.955232945559008,27.106889957881755,25.955232945559008,26.95219039916992,16212480
2011-11-25,26.38495867460751,26.900627496073582,25.955236434936523,25.955236434936523,17120545
2011-11-28,25.95523171277205,26.19587783029457,25.009842601851744,25.18173217773437,37434852
2011-11-29,25.009845047861297,25.611456844072183,24.03007934851521,25.233301162719727,63902639
2011-11-30,25.267677768565367,25.30205604047769,24.752010802749048,24.95827865600586,36717224
2011-12-01,27.15845727778648,27.15845727778648,26.38495590499864,26.84905815124512,41721251
2011-12-02,26.64278999152817,26.8662460992385,25.989613472264228,26.12712478637696,24672995
2011-12-05,26.299015045166016,26.57403769901043,25.93804758971805,26.299015045166016,17349241
2011-12-06,25.955233721668023,26.64279030019731,25.955233721668023,26.453712463378903,18570353
2011-12-07,26.81467998684638,26.86624650814635,26.178689927118025,26.69435691833496,21744442
2011-12-08,26.642789854739668,26.986569027365057,26.35057898058184,26.52246856689453,18163039
2011-12-09,26.16150529959754,26.16150529959754,25.233304231321103,25.57708168029785,24668911
2011-12-12,25.955237645876863,26.453716462953462,24.87233876057121,25.06141662597656,15087435
2011-12-13,24.76920088122325,25.748968366547565,24.494178242021626,25.594268798828125,21587048
2011-12-14,24.92390199276143,26.29901339761996,24.9067119665872,25.74896812438965,29635384
2011-12-15,25.19892233365626,26.12712320311537,25.09578752065862,25.81772232055664,22591321
2011-12-16,25.78334372396317,26.419333727440367,25.731777207224084,26.24744415283203,30450836
2011-12-19,26.19587908665322,26.556846502031974,25.68021211249094,26.4365234375,18603693
2011-12-20,26.299015045166016,26.556849449976664,26.12712722017628,26.299015045166016,12774087
2011-12-21,27.07251426144758,27.07251426144758,26.45371245193041,26.84905815124512,15018786
2011-12-22,26.95219028197057,26.95219028197057,26.55684637424261,26.83186721801757,11577192
2011-12-23,26.98657154206333,27.38191549356137,26.88343671373496,27.33034896850586,11564257
2011-12-28,27.158460421306103,27.22721697619628,26.64279337249952,27.07251739501953,9789257
2011-12-29,26.47089893084668,26.88343104429192,26.47089893084668,26.81467628479004,7763996
2011-12-30,26.88343373736396,27.1068898400097,26.76311245162813,26.83186721801757,7039241
2012-01-03,27.33034896850586,27.5022385708358,27.12408109006646,27.33034896850586,12720386
2012-01-04,27.502238796882807,27.502238796882807,27.15845958939733,27.295970916748047,10056229
2012-01-05,27.3303510424515,27.467862379106936,26.95219531120342,27.055328369140625,17150799
2012-01-06,26.57403868301984,27.072517483848166,26.453715600675952,26.55685043334961,16460382
2012-01-09,26.57403865281432,26.79749478936044,25.83491546635578,26.67717170715332,15285156
2012-01-10,26.814679176576675,27.89757964758809,26.642789591959342,27.7085018157959,30867707
2012-01-11,27.81163298250403,28.997666413134045,27.67412167971332,28.73983383178711,34931832
2012-01-12,28.963294098503017,29.083615394413293,28.67108320475828,28.825782775878903,29394240
2012-01-13,29.22112923964367,29.478963658653736,28.96329659885107,29.238317489624023,23957786
2012-01-16,29.06642965516811,29.289884017782544,28.602329123523965,29.238317489624023,13025276
2012-01-17,29.56490025852405,30.544669415158687,29.22112288614173,30.49310111999512,24071725
2012-01-18,30.940020252433467,31.33536423054144,30.42435141073485,31.111909866333008,37675296
2012-01-19,31.335363248117822,31.679142465138767,30.647808370510784,30.85407447814941,29426447
2012-01-20,30.854075412535536,31.33536419707932,30.42435137824558,31.23223114013672,23249585
2012-01-26,31.369735276397165,31.576001354638528,31.24941399016209,31.438491821289062,14217766
2012-01-27,31.55881129387493,31.59319134256226,31.07752262015942,31.16346740722656,12233298
2012-01-30,31.79945833833197,31.97134791748996,31.61038051254503,31.696325302124023,31736286
2012-01-31,31.971347677853213,32.658902432897456,31.971347677853213,32.60733413696289,45341723
2012-02-01,32.83079993028909,32.83079993028909,31.129099100473265,31.57600784301757,30557029
2012-02-02,32.31512721915831,32.38388376998035,31.79946197907963,32.21199417114258,22075872
2012-02-03,32.31513033701815,32.31513033701815,31.8510333543872,31.95416641235352,14299824
2012-02-06,32.24637436626822,32.28075086361277,31.833838615960428,31.93697166442871,16862278
2012-02-07,31.97135460469161,31.97135460469161,31.23223139357611,31.558818817138672,35916671
2012-02-08,31.76508363216617,32.04010626300478,31.45568094970123,31.971349716186523,22277166
2012-02-09,31.79945733951376,32.64171340578532,31.782269093424688,32.590145111083984,23823703
2012-02-10,32.83079410389425,32.88235884668212,31.66194703372157,31.971349716186523,17474287
2012-02-13,32.46983423591971,32.46983423591971,31.90260059462424,32.24637985229492,10715898
2012-02-14,32.34950503448475,32.38388152929989,31.91978106712344,32.0057258605957,10339511
2012-02-15,32.22918481731602,33.535541597943336,31.988542206189088,33.294898986816406,25477735
2012-02-16,33.29489999558166,34.652821566977664,33.0198773199362,34.27466583251953,44779130
2012-02-17,35.16849443250066,35.16849443250066,33.94808228138106,34.034027099609375,31729517
2012-02-20,34.37779273119469,34.412172782261706,33.24332573110481,33.432403564453125,19675682
2012-02-21,32.9167424962296,33.51835256645288,32.9167424962296,33.2777099609375,16253029
2012-02-22,33.208956147110115,34.13715725968993,32.98550177262928,33.89651107788086,18414304
2012-02-23,34.37779157925991,34.549681159532206,33.96525943175381,34.36060333251953,19336622
2012-02-24,34.61843770292797,34.61843770292797,34.03401597514958,34.36060333251953,12592291
2012-02-27,34.24029032148378,34.377799885063894,33.55273539071304,33.89651107788086,15523246
2012-02-28,34.37779147903904,34.54968105881023,33.87931454284999,34.51530456542969,19526554
2012-02-29,34.99659935495829,34.99659935495829,34.30904447246456,34.72157669067383,23194527
2012-03-01,34.37779811312587,34.48093116960393,33.862132830735575,34.257476806640625,25488599
2012-03-02,34.37779235839844,34.61843848752051,34.240282824924634,34.37779235839844,13049802
2012-03-05,34.034027099609375,34.82471515958739,33.8965139678699,34.034027099609375,10229721
2012-03-06,34.32622822429132,34.32622822429132,33.604293380587336,33.67304992675781,16436262
2012-03-07,33.518355548367104,33.84494654318033,33.27771292144328,33.50116729736328,10842593
2012-03-08,33.50115756777559,34.119959319243485,33.36364804324612,33.93088150024414,15416597
2012-03-09,33.724619190735645,34.54968354265814,33.724619190735645,34.17152786254883,13462573
2012-03-12,34.03401142269956,34.37778698082586,33.81055357566199,34.34341049194336,8752826
2012-03-13,34.7215749269255,35.75290897649496,34.34341922729785,34.44655227661133,40939351
2012-03-14,35.27161401297736,35.27161401297736,34.309036684693545,34.48092269897461,24813993
2012-03-15,36.61235391769046,36.61235391769046,35.237244204051926,35.890419006347656,51746440
2012-03-16,36.44046324931283,37.81557647919495,36.199820656855096,37.29990768432617,44000050
2012-03-20,37.98746449269254,37.98746449269254,37.02488349371547,37.26552963256836,40253561
2012-03-21,37.26552963256836,37.88433144930829,37.02488349371547,37.26552963256836,17109876
2012-03-22,37.64368259526209,38.74377305392513,37.47179301654172,38.399993896484375,32049783
2012-03-23,38.60625998603328,38.67501652883973,38.02183826326407,38.15935134887695,20895921
2012-03-26,37.815576906407976,38.09059955549141,37.23115511076868,37.78120040893555,14269521
2012-03-27,38.50312896771973,38.50312896771973,37.57492803871202,38.12497329711914,13552381
2012-03-28,37.84994307559153,38.15934569415394,37.67805352226436,37.88432312011719,10442075
2012-03-29,37.09364880941796,37.64369420843992,37.09364880941796,37.128028869628906,16441920
2012-03-30,36.95613274432104,37.403041440619184,36.19982134266609,37.23115539550781,23851663
2012-04-02,37.71244414597599,37.71244414597599,36.47484399385287,37.23115539550781,13124559
2012-04-03,37.95308059381805,38.39999277414198,37.78119457655572,38.29685974121094,21901327
2012-04-05,38.434372822741736,38.675015380769466,37.60930500285927,38.29685974121094,16528929
2012-04-10,37.57492917033847,38.228107489814086,37.54055267431563,37.98746490478516,14390022
2012-04-11,36.95613663876207,37.918714241134936,36.95613663876207,37.71244812011719,15885260
2012-04-12,37.81557329748646,38.33123849253382,37.7468167526687,38.26248550415039,21481712
2012-04-13,38.88128662109375,39.43133190755074,38.503130931208894,38.88128662109375,27817807
2012-04-16,39.534464680463735,39.534464680463735,38.8812863518731,39.43133163452149,16761422
2012-04-17,39.91262855589177,39.91262855589177,38.98442739555448,39.36258316040039,16822158
2012-04-18,39.7063581190135,40.737692234693135,39.63760156291889,40.70331573486328,21082978
2012-04-19,41.25335679508312,41.28773685074847,40.56580191542885,40.77206802368164,18467284
2012-04-20,40.35952846563703,40.73768411412426,40.11888590192744,40.222015380859375,15029492
2012-04-23,40.39391500160648,41.25335954762767,40.22202538111522,40.66893768310547,16015356
2012-04-24,40.1532602168191,41.4252366216268,40.1532602168191,41.04708099365234,18538862
2012-04-25,41.0814719993157,41.0814719993157,38.98442368409695,39.1219367980957,34709883
2012-04-26,39.56884003181632,40.18764184599584,39.22506440743611,40.11888885498047,20557056
2012-04-27,39.53446062627372,40.80644065651309,39.5000841332964,40.222015380859375,20955936
2012-04-30,40.737677592193705,42.18154341259701,40.66892106081251,41.90652084350586,19361170
2012-05-02,41.90652309576666,42.59408133366407,41.665880557649615,41.87214660644531,20432497
2012-05-03,41.80340119646287,42.76597871796837,41.80340119646287,42.42220306396485,15506503
2012-05-04,42.35344615219272,42.62846880692914,41.1502224822752,41.70026779174805,15424782
2012-05-07,39.70635449351718,39.98137713634906,39.01879966465479,39.67197799682617,30467715
2012-05-08,40.05013682051332,40.3939124836313,39.29382538264492,39.7407341003418,14889883
2012-05-09,39.01879976378658,39.32819890409554,38.33124137674278,38.64064407348633,28173442
2012-05-10,38.124973523777136,38.81253187909086,37.84995089293854,38.36561965942383,26376346
2012-05-11,38.57188147021011,39.46570581052074,38.3312353612237,38.43437194824219,27060151
2012-05-14,38.503134066890986,40.01575694961791,38.19373490172454,38.70940017700195,30908060
2012-05-15,39.01880054561418,39.84386493630337,38.77815439404005,39.53446578979492,22369355
2012-05-16,39.19068826994461,39.25944126158805,37.05926373100461,37.74681854248047,32506644
2012-05-17,36.784247225922655,39.39696092399769,36.784247225922655,38.675025939941406,44855584
2012-05-18,37.814794543743645,39.29840527794023,37.60777992253964,38.64285659790039,32163820
2012-05-21,37.78030220043162,38.056322950201015,36.81423136090952,37.33176803588867,31779514
2012-05-22,37.40077007558216,37.46977614790576,36.22768469278674,36.33119201660156,41351855
2012-05-23,35.29611827120117,36.60721591238711,35.123604860096485,36.22768783569336,44063959
2012-05-24,36.22768777488847,37.4352745119116,35.95166703145253,36.98674392700195,24622011
2012-05-25,36.848725756530925,37.74579391862257,36.848725756530925,37.43526840209961,21623990
2012-05-28,37.26276103941133,37.36626836194598,36.67621478592687,36.84872817993164,11298044
2012-05-29,36.53820621878596,37.36626836855059,36.22768425112713,37.22825622558594,15826802
2012-05-30,37.090238238028654,37.29725283059182,36.50369213331273,37.15924072265625,29427992
2012-05-31,37.09024878286557,37.43527201211497,36.46920125927072,36.81422805786133,19965896
2012-06-01,36.81422872587965,37.504278766241065,36.745222651041125,36.9177360534668,16459726
2012-06-04,35.882649165006704,36.1586698177637,35.2616018039684,35.98615646362305,17699680
2012-06-05,36.50370184148364,36.74522130993299,35.84815664713787,35.951663970947266,15485041
2012-06-06,36.57270923690184,37.53878000696666,36.22768600150228,37.29726409912109,19709505
2012-06-07,38.29783831539982,38.36684081839603,37.64228955154784,37.84930419921875,17342418
2012-06-08,38.64285515566911,38.64285515566911,37.84929794755735,38.05631256103516,14733058
2012-06-11,38.78086868251874,40.02295997772514,38.6083553085905,39.91945266723633,19509588
2012-06-12,38.98788946661458,39.263910194664376,38.78087481291256,38.95338821411133,15351039
2012-06-13,39.5054197535493,39.78144043725095,39.022384449406566,39.16039657592773,12009532
2012-06-14,39.332920353779,39.40192286595149,38.74637401492143,38.81538009643555,12526087
2012-06-15,39.677935427065485,39.91945487780749,39.12589402766165,39.71243667602539,14424631
2012-06-18,40.54050738140549,41.02354281609138,40.29899144873336,40.57501220703125,14145564
2012-06-19,40.71301562297731,41.57557904444049,40.50600097292074,41.12704849243164,24758806
2012-06-20,41.40306405322339,41.5410761941783,40.74751530704019,41.29955673217773,11877125
2012-06-21,40.195475341372735,40.57500335506564,39.40191449588883,39.47092056274414,25077065
2012-06-22,38.53935173857225,38.711865123661774,38.33233710420119,38.43584442138672,18806268
2012-06-25,38.60834961424389,39.02237879513395,38.09080956879116,38.19431686401367,14171045
2012-06-26,38.19432377368535,38.4358432191242,37.43526775850724,37.71128845214844,20775957
2012-06-27,38.81536933903516,39.09139001925286,38.19432191621016,38.91887664794922,18333917
2012-06-28,38.81537584204121,39.02239049455192,37.50427828368512,37.81480026245117,22352368
2012-06-29,37.262757866990064,39.16039790080197,37.262757866990064,38.987884521484375,25195473
2012-07-03,39.67793769089094,41.230554661466414,39.3329144735839,40.02296447753906,19523175
2012-07-04,41.40306655946584,41.50657745611835,40.16097506238964,40.33348846435547,15741735
2012-07-05,40.71301068937995,40.88552406663568,40.12646806218309,40.78201675415039,8242270
2012-07-06,41.05804535018148,41.19605393695706,40.229983121503714,40.64401245117188,8951719
2012-07-09,39.71243914482238,40.36798790120022,39.3329146746469,39.50542449951172,11137102
2012-07-10,39.50542495892507,40.16097372292636,39.29841031120701,39.74694442749024,7943574
2012-07-11,39.43642380421512,39.50542630958619,38.67736769040323,39.19490432739258,18798550
2012-07-12,38.71186624466143,38.71186624466143,37.84930286357702,38.02181625366211,23616757
2012-07-13,38.36683435691504,38.7118610911536,38.15981974410812,38.5738525390625,9909661
2012-07-16,39.3329192056633,39.3329192056633,38.2978422905316,38.84988021850586,13148381
2012-07-17,38.64286043783709,39.67793721605331,38.64286043783709,39.40191650390625,17983287
2012-07-18,39.16039576931173,39.26390307740025,37.98730699540752,38.29783248901367,23323880
2012-07-19,38.47034375353591,39.64343257208038,38.47034375353591,39.2639045715332,26346634
2012-07-20,39.3329144735839,40.26448394206097,39.19490233118822,40.02296447753906,17605772
2012-07-23,38.88437744338058,39.47092008114189,38.78087012903099,39.229400634765625,19029633
2012-07-24,39.09139520275809,39.781445210132425,38.81537448594014,39.12589645385742,10361342
2012-07-25,39.125895556070375,39.36741501624707,38.64286020505802,38.7808723449707,12942958
2012-07-26,38.780871191565765,38.849873690128845,38.2633310362972,38.43584442138672,16380028
2012-07-27,38.98788788623506,39.81595003681882,38.74636842047856,39.50542449951172,21506743
2012-07-30,40.26448461612653,40.298985867632496,38.88438101577088,39.74694442749024,20559025
2012-07-31,39.98845672607422,40.12646885835347,39.50542140177848,39.98845672607422,18073242
2012-08-01,39.98845737572731,39.98845737572731,39.33291222944375,39.71243667602539,12953318
2012-08-02,39.85044611105296,39.98845466688469,39.332909565008165,39.67793273925781,10394026
2012-08-03,38.74636887106474,39.8159504998433,38.74636887106474,39.74694442749024,10070445
2012-08-06,40.43699309836374,41.02353577050792,40.22997845752945,40.29898452758789,11231482
2012-08-07,40.609504018221486,40.78201739820163,40.16096994414127,40.50599670410156,12436952
2012-08-08,40.54050511875484,41.023540526481504,40.40249653197926,40.64401245117188,16430817
2012-08-09,41.40307081073836,41.74809765009741,41.196056134859575,41.33406829833984,16759935
2012-08-10,41.05804470249727,41.05804470249727,39.33291776363828,40.16097640991211,33400910
2012-08-13,39.64343596553782,40.16097256997541,38.98788722035618,39.40191650390625,29794443
2012-08-14,39.8159504998433,39.85045175134927,39.33291513205411,39.74694442749024,19936081
2012-08-15,38.98788282141788,39.85044611105296,38.74636338703655,39.67793273925781,31617292
2012-08-16,41.0580480835264,42.57616048582975,41.02354325752934,42.19663238525391,71776381
2012-08-17,42.61065451664071,43.6112300527291,42.61065451664071,42.81767272949219,31223087
2012-08-20,42.81767473648787,43.3697126219443,41.81709915349944,43.128196716308594,16456016
2012-08-21,43.3697094467065,43.3697094467065,42.403638756210384,42.8521728515625,11063354
2012-08-22,43.059191559254536,43.059191559254536,41.98961344864105,42.33463668823242,11498465
2012-08-23,42.2656321732626,42.95568218899233,42.093118776994885,42.78316879272461,13286716
2012-08-24,42.54164567331428,42.54164567331428,42.093111633011006,42.265625,10524713
2012-08-27,42.36913230632528,42.61064816463744,42.093111633011006,42.265625,7990094
2012-08-28,41.92060672155512,42.05861530137881,41.437571338160346,41.851600646972656,11324648
2012-08-29,41.67908724518711,41.9896127961376,41.36856526357788,41.851600646972656,11096467
2012-08-30,41.23055017876715,41.40305998399439,41.05803680419922,41.05803680419922,17407780
2012-08-31,40.98903206397056,41.40306132082934,40.71301136961776,40.88552474975586,13920258
2012-09-03,41.196041194911416,41.64457520954678,40.88551929370554,41.57556915283203,10773206
2012-09-04,41.40306586233226,41.40306586233226,40.8165231609975,40.989036560058594,10641157
2012-09-05,40.9890274649854,41.23054688394832,40.33347883561793,40.40248489379883,14446853
2012-09-06,40.36798837739104,41.33406268247202,40.19547855049125,41.26505661010742,10736742
2012-09-07,42.09312462118758,42.16213070314368,41.4375757659588,41.95511245727539,16614810
2012-09-10,42.61065742151031,42.61065742151031,42.12762203060934,42.33463668823242,15657627
2012-09-11,42.334631343777325,42.88667274064168,42.05861064534515,42.64515686035156,19444974
2012-09-12,42.95568106745312,43.30070428163913,42.74866642507331,43.19719696044922,16843446
2012-09-13,43.12818745912582,43.19718994915867,42.748659486583264,42.92116928100586,13841677
2012-09-14,44.95682448065417,44.95682448065417,44.02525510512054,44.0942611694336,27032663
2012-09-17,44.85331921205069,44.85331921205069,43.81824247756718,44.0252571105957,13812833
2012-09-18,43.64572642696681,44.05975923706852,43.64572642696681,43.990753173828125,16616290
2012-09-19,43.4732137292976,44.439287921658114,43.4732137292976,44.0942611694336,15447741
2012-09-20,43.956249639778754,44.5082910231241,43.404211825774176,43.43871307373047,15762248
2012-09-21,43.43871689580588,44.09426565004115,42.95568153521269,43.81824493408203,14872695
2012-09-24,43.99075586153791,44.232271743624224,43.40421321151013,44.0252571105957,12297223
2012-09-25,44.26676758911342,44.26676758911342,43.81823359557589,44.19776153564453,9939405
2012-09-26,43.30070960745334,44.33579008534527,43.30070960745334,44.16327667236328,13398002
2012-09-27,44.16326736831834,45.37085743544313,43.921747927157085,45.23284530639648,27337575
2012-09-28,45.71587796698197,45.71587796698197,45.19834143643594,45.5778694152832,18424593
2012-10-03,46.06091058717379,46.37143254518847,45.37086060180527,45.50886917114258,15210128
2012-10-04,45.71587953701063,45.95739897245368,45.23284423546519,45.64687347412109,12649198
2012-10-05,45.54337310791016,45.99190723106378,45.26735238361109,45.54337310791016,14565635
2012-10-08,44.853321748676926,45.19834853613098,44.54279978157295,44.95682907104492,14270405
2012-10-09,45.30186107204076,45.54337699558045,44.61180741771819,44.78432083129883,13037143
2012-10-10,44.54280402567176,44.887827276659,44.19777720534309,44.818824768066406,8287060
2012-10-11,44.54280494435905,44.74981961308932,44.370291530636656,44.40479278564453,12884424
2012-10-12,44.33578313117194,44.78431365136224,44.33578313117194,44.64630508422852,7069755
2012-10-15,44.784310707345895,44.784310707345895,43.9907534674765,44.61179733276367,7856895
2012-10-16,44.95682074925306,45.0948328664242,44.68080008425121,44.85331344604492,7591035
2012-10-17,45.09484993923187,45.61238665121079,45.09484993923187,45.30186462402344,12155026
2012-10-18,45.23284141425491,45.61236938246489,44.74980614283678,44.85331344604492,13763628
2012-10-19,44.404785212115286,45.232847315146415,44.30127789540401,45.163841247558594,11758468
2012-10-22,45.12933938478918,45.888395409911226,44.853318687532,45.81938934326172,11110780
2012-10-24,45.81939118308408,46.75096062756552,45.54337047474361,46.64745330810547,19620468
2012-10-25,46.8199671659724,47.09598787707771,46.64745377536395,46.888973236083984,20166230
2012-10-26,46.543941886156055,47.37200393819016,45.71587983412194,46.026405334472656,17286796
2012-10-29,45.71588583697351,46.64745532166662,45.50887118911752,46.57844924926758,11645685
2012-10-30,46.57844858300957,46.92347537072839,46.095413221807874,46.854469299316406,16691362
2012-10-31,46.85446464900304,47.37200477921533,46.68195127226561,47.268497467041016,14642534
2012-11-01,47.26850329375421,47.61352652041879,46.716461847881455,47.57902526855469,14484559
2012-11-02,48.47608109150728,48.47608109150728,47.57901658273418,47.993045806884766,15886258
2012-11-05,47.44101424974998,47.924053203372914,47.26850441698896,47.544525146484375,13809384
2012-11-06,46.68195702667617,47.82054117028578,46.612954522947966,47.57902526855469,12394760
2012-11-07,47.544525146484375,47.61352765185228,46.92347761278437,47.544525146484375,13452257
2012-11-08,46.92347671707421,46.95797796909957,46.474942594038446,46.68195724487305,16320914
2012-11-09,46.30242898771506,47.09598990481277,45.957405760984095,46.0609130859375,17518459
2012-11-12,46.23343024636193,47.06148891337502,46.23343024636193,46.81997299194336,14939695
2012-11-13,46.92346747171017,47.33749669180289,46.37142613202621,46.61294555664063,18946816
2012-11-14,46.23342220693591,46.54394415306986,45.92289669146111,46.198917388916016,15917722
2012-11-15,43.99075646846872,44.40478574023804,42.92117490082975,42.99018096923828,61645519
2012-11-16,42.26563130057039,42.9556813020521,41.95510576596371,42.81767272949219,48002620
2012-11-19,42.43813705444336,42.57614918311004,41.81709318346548,42.43813705444336,29549014
2012-11-20,42.8866690336345,43.81823836415317,42.8866690336345,43.40420913696289,25930468
2012-11-21,43.3007030141988,44.646305288963006,43.3007030141988,44.50829315185547,23357817
2012-11-22,44.57730616273866,44.956834244879474,44.232279335577374,44.78432083129883,15775395
2012-11-23,45.16384644341842,45.16384644341842,43.88725367755352,44.23227691650391,20254682
2012-11-26,43.92175677606104,44.0942701874552,43.335214032794056,43.54222869873047,18260223
2012-11-27,43.81823836415317,44.0252529777483,43.36970432180333,43.40420913696289,18161103
2012-11-28,42.99019226079822,43.81825459117195,42.99019226079822,43.74924850463867,17505702
2012-11-29,44.37028683227484,44.37028683227484,43.81824539455535,44.05976486206055,16229489
2012-11-30,43.61122693569058,43.99075494478056,43.36970748929659,43.68023300170898,22370955
2012-12-03,43.23170496372089,43.369713545689166,42.1621268531074,42.33463668823242,29144109
2012-12-04,42.40363443380898,42.95567579191774,42.09311250837554,42.23112106323242,24718474
2012-12-05,42.26563217483109,43.36971148617139,41.26505661804588,43.162696838378906,29554606
2012-12-06,43.16269107165545,43.85274099521711,42.61064970506986,43.61122512817383,21706063
2012-12-07,43.99075853385649,43.99075853385649,43.12819513094534,43.30070495605469,15923802
2012-12-10,43.64572705953877,43.92174774716015,43.30070030767687,43.7147331237793,13711652
2012-12-11,43.23170179182637,43.71473714728721,42.81767250695738,43.57672500610352,16409913
2012-12-12,43.61123543926988,43.74924402887561,43.30070986630936,43.64573669433594,17792710
2012-12-13,43.30069962863151,43.6802311913322,43.26619838172267,43.61122512817383,15906608
2012-12-14,43.12818846238919,43.57671893539847,43.12818846238919,43.40420913696289,12257841
2012-12-17,43.12819604570058,43.33521069569549,42.40364120137721,43.024688720703125,18078183
2012-12-18,42.85217486669018,43.30070541379352,42.85217486669018,43.162696838378906,13213597
2012-12-19,43.33521069569549,43.33521069569549,42.67966192448415,43.024688720703125,19089891
2012-12-20,42.78316745628912,43.05918816782707,42.40363942409208,42.95568084716797,18139288
2012-12-21,42.61064891749392,42.81766710314269,42.3691330549146,42.748661041259766,15493312
2012-12-24,43.162693643695086,43.162693643695086,42.30013029550821,42.50714492797852,5199188
2012-12-27,43.1281976183149,43.1281976183149,42.43814400071504,42.71416473388672,15073990
2012-12-28,43.30070654775928,43.33521136952241,42.64516133569594,43.128196716308594,12066878
2012-12-31,43.12819423804681,43.19719673892552,42.71416138606938,42.95568084716797,7146259
2013-01-02,43.300709793294416,44.57730619936692,43.231707283278666,44.40479278564453,28953423
2013-01-03,45.02584032418003,45.12934765846011,44.19777808059785,44.78432083129883,24442352
2013-01-04,44.92232376913472,44.95682501703251,44.26677507369124,44.715309143066406,14270649
2013-01-07,44.8188159213688,44.8188159213688,43.507718546124494,44.0942611694336,21460803
2013-01-08,43.64572710540986,44.12876241691976,43.4732137292976,44.0942611694336,16113669
2013-01-09,44.30127688785214,44.47379026822774,43.57672211801097,43.68023300170898,18397674
2013-01-10,43.54221974784834,44.26677449902205,43.47321368360782,43.7147331237793,16845589
2013-01-11,43.78374122850939,44.232271743624224,43.68023391199512,44.0252571105957,16689838
2013-01-14,44.23227760350724,44.26678242647712,43.81824828259968,43.95625686645508,22967334
2013-01-15,44.33578625337096,44.57730215519815,43.68023748230385,44.54280090332031,18577746
2013-01-16,44.92232412344399,46.37143008669223,44.57729736438169,46.09540939331055,39632781
2013-01-17,46.09541589174157,46.440442699445,45.37086459264219,46.12991714477539,43168630
2013-01-18,46.50944116926474,46.88897276640625,46.33693134972532,46.64745330810547,27087384
2013-01-21,47.0614852985718,47.09599011994134,46.23342669516207,46.30242919921875,22043697
2013-01-22,46.578442938383,46.647449001432456,46.06090638886373,46.40592956542969,13449713
2013-01-23,46.85446362124016,46.85446362124016,46.26792100867144,46.40592956542969,17736145
2013-01-24,46.233425815726015,46.9234758285553,46.09541367155548,46.71646118164063,15694477
2013-01-25,47.06148003547603,47.06148003547603,46.02640689697073,46.09540939331055,27995443
2013-01-28,46.23342220693591,46.40593201967198,45.75038687872504,46.198917388916016,16298600
2013-01-29,46.19891670716108,46.47493740054276,45.88839476560948,46.09540939331055,14302096
2013-01-30,46.54394778609802,46.9234758285553,46.33693313918335,46.71646118164063,17476039
2013-01-31,47.06148891337502,47.06148891337502,46.612958325190085,46.81997299194336,16034004
2013-02-01,46.23342961871214,46.61295769238795,46.129918717399256,46.3369369506836,9253447
2013-02-04,47.19949539483325,47.19949539483325,46.30242718765666,46.37143325805664,11169868
2013-02-05,45.54336976664572,45.95740260738962,45.439862448794976,45.784889221191406,14418540
2013-02-06,46.09541433780824,46.09541433780824,45.68138503799461,46.0609130859375,10297156
2013-02-07,45.543373538313695,47.09599057333645,45.543373538313695,46.92347717285156,15907091
2013-02-08,46.92347671707421,47.09599011588344,46.12991579641999,46.68195724487305,18031570
2013-02-14,47.09598787707771,47.09598787707771,46.40593431464392,46.888973236083984,12734970
2013-02-15,46.992482117241785,47.7170333847828,46.57844925216292,47.33750534057617,14502735
2013-02-18,47.268499705916746,47.717030223469855,46.75095955119113,47.441009521484375,13087498
2013-02-19,47.51001558931597,48.06205699328693,47.40650827223903,47.441009521484375,21995398
2013-02-20,47.26849906010817,48.0965575854103,47.26849906010817,47.7170295715332,19355795
2013-02-21,46.750961095860816,47.26850126768616,46.750961095860816,46.888973236083984,20771428
2013-02-22,46.23343239460089,46.612960491063845,45.47437263233334,45.61238479614258,33297017
2013-02-25,45.99190317453109,46.02640799286336,45.57787390927089,45.68138122558594,12766580
2013-02-26,45.37086306313439,46.44044113388039,45.37086306313439,46.0609130859375,19251099
2013-02-27,46.23341806686853,46.23341806686853,45.40535604865435,45.5778694152832,18873860
2013-02-28,45.37086437843266,46.33693515223159,45.30185830334952,46.26792907714844,22936255
2013-03-01,46.64745894659796,46.750966278569415,45.888402799246336,46.3369369506836,17308567
2013-03-04,46.78546501713518,47.44101379726664,46.61295518601952,47.30300521850586,28868041
2013-03-05,47.82054703731199,48.13107261955153,47.44101894287843,47.51002502441406,25365738
2013-03-06,48.30357581799067,48.75210632971205,47.579021038531735,48.0965576171875,35482634
2013-03-07,47.924051393803474,48.26907461563903,47.68253192611157,48.23457336425781,16561944
2013-03-08,48.648600424775694,49.13163576864258,48.40708453751274,49.06262969970703,26051545
2013-03-11,49.16614399104177,49.338653821310245,48.165568414910304,48.5796012878418,18371694
2013-03-12,48.16556594405015,48.683102546988735,47.855043982287,48.02755737304688,16014087
2013-03-13,48.64859445801687,48.64859445801687,47.44100446179031,47.993045806884766,21180651
2013-03-14,47.993054568288656,47.993054568288656,47.26850329375421,47.57902526855469,31566617
2013-03-15,47.37201129255686,47.95855399863731,46.99248323928819,47.30300521850586,95085097
2013-03-18,47.130487897934856,47.19949396624623,45.370859926051885,45.40536117553711,49390195
2013-03-19,46.30242365581727,46.33692847305583,44.33578113882759,44.715309143066406,44385728
2013-03-20,44.50829496828282,45.71588515522244,44.197773001129576,45.33635711669922,34281427
2013-03-21,43.12819936685764,44.85332634211634,41.40306882225749,43.54222869873047,93161473
2013-03-22,43.12819763490934,43.369713545689166,42.26563418191894,42.33463668823242,67083698
2013-03-25,41.92060084847881,42.19662153879693,41.29955340292784,41.54107284545898,54277837
2013-03-26,41.98960948009518,43.1626948086489,41.92060341096232,42.8521728515625,40874856
2013-03-27,43.990760831671736,43.990760831671736,43.12819738370541,43.23170471191406,30932278
2013-03-28,43.81824421837131,43.81824421837131,42.47264548088729,42.57615280151367,29474073
2013-04-02,41.748088635363885,42.438138595736746,41.57557525293545,41.88610076904297,31783142
2013-04-03,42.19662271580963,42.4036373469874,41.679082568524336,41.88610076904297,23684397
2013-04-05,41.40307176049617,41.748098607769904,40.88553505892728,40.92003631591797,27034702
2013-04-08,41.40306251525174,41.88610142130976,41.23055269947778,41.61008071899414,23775426
2013-04-09,42.26563416565639,42.852176885143216,42.26563416565639,42.71416473388672,28527874
2013-04-10,43.024688720703125,43.43871802069295,42.78316924948161,43.024688720703125,22232409
2013-04-11,43.23170178040655,43.64573106516618,42.99018231806941,43.19719696044922,25590963
2013-04-12,43.30070654775928,43.40421744370743,42.92117849375354,43.128196716308594,24004247
2013-04-15,42.61065043060635,42.714157742436,42.16211993579146,42.43813705444336,14525607
2013-04-16,42.36914580721414,42.85218124709778,41.92061162398587,42.19663238525391,25032628
2013-04-17,42.71416384053972,43.54222602273623,42.57615526151092,43.128196716308594,38543229
2013-04-18,42.50714472646504,43.0936873721306,42.50714472646504,42.64515686035156,16944715
2013-04-19,43.09369519723001,43.9217574428889,42.71416711413738,43.64573669433594,25915933
2013-04-22,43.81823980039746,44.266773857449046,43.507717869826685,43.990753173828125,16702269
2013-04-23,43.9907517319293,44.12876028454587,43.1971909540272,43.40420913696289,12992142
2013-04-24,43.99075631049054,44.02525755990044,43.50772097204735,43.88724899291992,17027065
2013-04-25,44.163267233746645,44.163267233746645,43.54221979361065,44.0942611694336,18846643
2013-04-26,44.71531002421734,44.853318587868856,44.5082918247288,44.68080520629883,18364876
2013-04-29,45.19834899902344,45.19834899902344,44.7843161359701,45.19834899902344,18542642
2013-04-30,46.06090947421072,46.33693017555687,45.6123753883556,45.92289733886719,26796162
2013-05-02,46.06091021757344,47.54452106508494,45.43986273718647,47.16498947143555,37207089
2013-05-03,48.64860543969587,48.64860543969587,46.57845171295636,46.7509651184082,21604274
2013-05-06,47.61352786984537,47.61352786984537,47.09599123051027,47.40651321411133,13136324
2013-05-07,47.30300007654771,47.61352202201084,47.0614806282936,47.47551345825195,7710978
2013-05-08,47.47551277631408,47.78603471731688,46.71645676319116,47.37200546264648,9290540
2013-05-09,47.57902797530214,47.613529229129,47.026986498024016,47.23400115966797,8974542
2013-05-10,47.44101936737449,47.7860462087983,46.95798393098615,47.75154495239258,9293507
2013-05-13,47.23399664536272,47.441011287221606,46.06091129526831,46.37143325805664,13929788
2013-05-14,46.40592937227825,47.02697679845711,45.95739888767532,46.543941497802734,16671749
2013-05-15,46.68195657609735,47.682532133251705,46.64745532456625,47.33750534057617,15716156
2013-05-16,49.6836825781032,50.96027893004075,48.821119115410326,50.40823745727539,69071052
2013-05-20,50.734599728985735,53.67824530032039,50.734599728985735,53.5743522644043,67736148
2013-05-21,53.33191868932487,53.50507488597841,52.36224828723407,52.63929748535156,36119793
2013-05-22,52.6393043636886,53.3319256581662,51.94667948656971,52.46614456176758,17127178
2013-05-23,52.11983475783926,52.46614360745838,50.180490152879,50.69995880126953,29602857
2013-05-24,50.49217586017368,52.396887188706,50.49217586017368,51.84278869628906,24435599
2013-05-27,51.84278540415837,52.29299084848828,51.46184316264257,52.01594161987305,12251083
2013-05-28,51.9466802380839,52.77782795306604,51.7388942049987,52.67393493652344,15073691
2013-05-29,51.94667997772155,53.47044898956417,51.94667997772155,52.57004165649414,21950462
2013-05-30,52.57003971668405,53.43581720668045,52.57003971668405,53.29729080200195,19676067
2013-05-31,53.60897342120796,53.60897342120796,52.7778257410606,53.29729080200195,21367448
2013-06-03,53.02023557096173,54.5440079366582,52.46613718027952,52.500770568847656,19028374
2013-06-04,52.743197880888346,53.40118941552598,52.46614862511242,52.5354118347168,15889849
2013-06-05,51.94667841705893,52.5007768742894,51.94667841705893,52.01594161987305,13354421
2013-06-06,51.94667840537582,52.11983462105155,51.42721334098985,51.9813117980957,18820733
2013-06-07,52.11983819454183,52.32762423454265,51.56573969944535,51.912052154541016,17841275
2013-06-10,51.94668074578029,54.37086070917702,51.94668074578029,52.84709167480469,20734236
2013-06-11,52.98560659124386,53.98991038784566,52.46613799838888,52.7778205871582,19001206
2013-06-13,51.981314332389466,52.81245847592857,50.59606812208863,51.56573867797852,37044021
2013-06-14,51.94667844037855,52.53540670795975,51.94667844037855,52.08520126342773,16073614
2013-06-17,52.18909046353805,53.33191702665373,51.66962188977235,52.11982727050781,17740495
2013-06-18,52.050575256347656,52.63930714958518,51.66963298682769,52.050575256347656,17659034
2013-06-19,52.1198264544645,52.46613524891208,51.60035788883216,51.87740707397461,25154979
2013-06-20,50.73459113910995,51.11553340051895,50.07659963461793,50.249755859375,33688987
2013-06-21,49.73029251710835,49.86881535220199,48.51820248381256,49.48787307739258,47681257
2013-06-24,48.79525222828147,48.82988204174341,47.79094822882795,48.241153717041016,30531282
2013-06-25,48.13726293848688,49.45324606838229,46.64812356792497,49.072303771972656,37181559
2013-06-26,49.10692558604889,50.38827869209659,48.41430431887349,50.28438568115234,27959738
2013-06-27,51.60036848974551,52.22373018004124,50.97701038209119,51.56573867797852,27824538
2013-06-28,52.98561398615123,52.98561398615123,51.9466802380839,52.67393493652344,27546398
2013-07-02,54.23233243272439,54.30159563626211,52.22372819126076,52.25835800170898,22120184
2013-07-03,52.29299005033572,53.12413414085437,51.25405635454623,51.7388916015625,25887826
2013-07-04,52.1198374849484,53.22803446005365,52.1198374849484,53.05487823486328,15833620
2013-07-05,53.50508067738183,53.67823331013662,52.9856120311938,53.40118408203125,13158317
2013-07-08,53.12414762263834,53.19341084197283,51.25406936174392,52.362266540527344,21097644
2013-07-09,52.362254575602776,53.29729170107029,51.84278592325734,52.1890983581543,14992665
2013-07-10,52.81246159708039,52.95098801761791,52.11984024231759,52.70856857299805,16467021
2013-07-11,53.33192197126723,53.88602040160034,52.812453349339535,53.81675720214844,17056533
2013-07-12,53.88602370016498,54.12843953912424,53.12413562483815,53.64360427856445,10179562
2013-07-15,53.67823941888818,55.75610707482568,53.643609604924485,55.65221405029297,28484809
2013-07-16,55.65221055335677,57.41839902471674,55.40979470555998,57.106719970703125,32002553
2013-07-17,57.83397110684562,57.83397110684562,56.31020206565745,57.14134979248047,25716948
2013-07-18,57.83397393601759,57.97250035525201,56.55262426262783,56.76041030883789,17450818
2013-07-19,57.3145002501969,58.04175130318552,56.31019640016741,57.79933547973633,27195199
2013-07-22,57.972496448243575,58.35343870150259,56.34483083646293,56.72577667236328,16090167
2013-07-23,56.51798936772049,57.660816174211234,56.51798936772049,57.591556549072266,19015259
2013-07-24,57.1413424528689,57.8339636782692,57.10671264552321,57.27986526489258,13530327
2013-07-25,57.14134807674528,58.21491161917248,57.00282166844682,57.90323257446289,17524154
2013-07-26,58.87290902684123,60.67372743746292,58.491966739645136,60.154258728027344,34006308
2013-07-29,60.74298425276434,61.60876539506024,60.32741217057551,60.53519821166992,26828938
2013-07-30,60.985395260469176,63.02863262163766,60.39666706577344,62.95936584472656,35887263
2013-07-31,61.85117842011615,62.7515893338683,60.32740941158912,60.9161376953125,38605218
2013-08-01,61.29707656592729,62.64768927940624,61.29707656592729,62.439903259277344,24146020
2013-08-02,62.16285379368925,62.85547859499761,61.81654139303507,62.37063980102539,18331661
2013-08-05,62.543797582374026,64.69092448931184,62.543797582374026,64.24072265625,21739279
2013-08-06,64.06757611073401,65.62597502274319,63.75589346221895,65.03724670410156,21395869
2013-08-07,64.55240362597765,65.79911966999452,62.23211340770736,62.37063980102539,26490393
2013-08-08,62.855492432440855,63.34032416786547,61.33172326633482,61.71266555786133,21835715
2013-08-09,61.88581085205078,62.5438059510261,61.36634933371368,61.88581085205078,12615830
2013-08-12,61.816545066469054,63.99830902107213,61.15855719835079,63.61736679077149,17527490
2013-08-13,63.3749486518345,64.55241240728999,63.30568902839474,64.06757354736328,16590576
2013-08-14,64.06757354736328,64.06757354736328,64.06757354736328,64.06757354736328,0
2013-08-15,63.37495521655799,65.59134937961005,60.84688555045914,63.72126770019531,64267967
2013-08-16,63.16715726462922,65.34892120153336,62.37064300142251,63.47883987426758,26430405
2013-08-19,63.374956204615096,64.86409560830214,63.20179996009681,64.10221099853516,11891813
2013-08-20,64.06755537154969,64.725550268687,62.68231313876485,63.02862548828125,24309180
2013-08-21,62.370651236698286,62.959379559641135,61.81655272711387,62.33602142333984,19431967
2013-08-22,61.12392779881257,62.40528105005672,60.77762249994505,62.33602142333984,24412672
2013-08-23,61.989695398521086,62.33600778691354,61.158551398604445,61.6087532043457,18140595
2013-08-26,60.98539950699555,62.26674540305382,60.95076969876944,61.78191375732422,11549856
2013-08-27,61.47023751486584,63.72126126592733,61.43560770305556,62.68233108520508,15577127
2013-08-28,61.95506945670326,62.613057303460536,61.64338685465496,61.678016662597656,14868225
2013-08-29,61.816545731657136,62.95937243485665,61.747286112778006,62.64768981933594,13455343
2013-08-30,61.989695455505256,63.06326242745243,61.851169066964616,62.95936584472656,12929735
2013-09-02,63.929035215377645,65.31428474814992,63.54809302692156,65.1757583618164,21781422
2013-09-03,65.41819100664848,66.63028465989248,65.21040495629188,65.7645034790039,20995004
2013-09-04,65.4181905137091,66.66491397173768,65.14114483708234,65.6259765625,19308038
2013-09-05,66.66491041719236,67.28826853032783,66.24933834176872,67.1151123046875,25028332
2013-09-06,67.35751278755829,67.49603916952378,66.31858283602018,67.0112075805664,19641328
2013-09-09,67.32289226622687,67.94625748838389,67.01121682043059,67.59994506835938,15888666
2013-09-10,68.56961174518592,69.08907318115234,68.39645554476984,69.08907318115234,19861855
2013-09-11,69.2622461763323,70.26655381532723,69.15835673006055,69.6431884765625,21114203
2013-09-12,69.262236214174,71.54788968680403,69.01982037579029,71.47863006591797,21833280
2013-09-13,70.4743287047251,71.72104485411393,70.33580229969887,71.13231658935547,18662721
2013-09-16,72.37904512096185,73.14092965559759,71.99810285364397,72.93314361572266,20281378
2013-09-17,73.00240219326375,73.07166898241695,71.96347200879399,72.51757049560547,26371096
2013-09-18,71.16695753083764,71.37474356731606,69.36613566098079,69.67781829833984,35051693
2013-09-19,71.20158333889903,71.96346781823863,70.64748488435363,71.02842712402344,35348318
2013-09-23,71.02843424737793,71.51326596542681,70.23191987823824,70.85527801513672,19706403
2013-09-24,71.2015717680921,71.2015717680921,69.43538009643744,69.71243286132812,22853422
2013-09-25,69.26222722679175,70.99378917708295,69.26222722679175,70.92452239990234,14601823
2013-09-26,70.50895794648801,71.51325825294994,69.98948930578743,70.82064056396484,14521528
2013-09-27,70.82063725202646,72.41366574400455,70.82063725202646,72.34440612792969,17996966
2013-09-30,70.30117086380268,71.54788698435685,70.12801465284534,70.439697265625,20014678
2013-10-02,69.67780905851636,72.51756073419205,69.67780905851636,71.85956573486328,19938820
2013-10-03,72.65607500490582,72.72534178000811,72.03271702067347,72.69071197509766,12417692
2013-10-04,72.10199127608756,72.82924598805504,71.47863316523667,72.58683013916016,13409538
2013-10-07,72.6560887305929,73.34871362077347,71.89420421750738,72.24051666259766,11000590
2013-10-08,72.37903967650196,74.00669806063455,72.171253652257,73.7642822265625,18784524
2013-10-09,72.03272138244955,72.34440397607963,71.34009658117459,71.65177917480469,27936475
2013-10-10,71.30547227844455,71.58252508645378,70.71674401802792,70.95915985107422,20500447
2013-10-11,72.55220794677734,72.89852043315913,72.03273921720465,72.55220794677734,17970433
2013-10-15,73.24480381880997,73.59111620147769,72.72534241008982,73.03701782226562,18419559
2013-10-16,73.59113155720465,73.59113155720465,72.30977834007598,72.9677734375,9827386
2013-10-17,73.41797480487857,73.52187140672807,72.69072725306367,72.7599868774414,8784811
2013-10-18,73.07167407080193,74.80322927568453,72.89851783378535,74.42228698730469,17784612
2013-10-21,77.57371520273799,78.78580886912532,77.05424648857198,77.5390853881836,26803744
2013-10-22,76.88108563557485,77.40054710486218,75.98067476871066,76.04993438720703,21432523
2013-10-23,77.74685506430366,77.74685506430366,74.4569015648103,74.49153137207031,16752836
2013-10-24,73.62576493385879,74.31838987724916,72.89851734163884,74.24913024902344,19080958
2013-10-25,73.24482116728079,74.21449893453692,73.24482116728079,73.79891967773438,14771231
2013-10-28,74.42228091434998,76.11920616641461,74.38765110282917,74.97637939453125,15101440
2013-10-29,74.9763797910025,75.14952884952218,71.13232022092721,72.44830322265625,36127718
2013-10-30,73.07165854612055,74.31837458942482,73.07165854612055,74.21448516845703,19221208
2013-10-31,73.07166344175207,73.93743733561568,72.7253510180937,73.27944946289062,16845979
2013-11-01,72.72535810211888,73.7296584963291,72.72535810211888,73.1755599975586,13590950
2013-11-04,73.79891547910576,73.79891547910576,71.75568495116663,72.17125701904297,18865128
2013-11-05,71.85957947520663,71.96347608217593,70.4743367624098,71.30548095703125,25210145
2013-11-06,71.85958716809458,71.85958716809458,70.88991644880093,71.34011840820312,12470537
2013-11-07,70.99379574580108,71.30547119346606,70.16264449970252,70.54358673095703,15913122
2013-11-08,69.26223854822301,70.058760041667,68.74277704350737,69.5046615600586,25049464
2013-11-11,69.67780742630461,71.27083584583524,69.57391084163528,71.20157623291016,21513702
2013-11-12,72.03272689365053,72.13662348790359,70.54358775614492,70.82064056396484,22722019
2013-11-13,68.60426183208588,69.08909360434492,67.14975218474088,67.98090362548828,39442605
2013-11-14,70.12801627480073,71.72104485411393,69.19297558011789,71.13231658935547,53313718
2013-11-15,70.99379403181982,72.79460855187271,70.99379403181982,72.65608215332031,25987972
2013-11-18,74.2837508698161,74.38764746457977,73.31408036824548,73.7642822265625,36985010
2013-11-19,73.90282091143948,73.9720805426024,71.44401085646902,72.55220794677734,21497777
2013-11-20,73.62576805622061,73.62576805622061,71.54790030321341,72.55220794677734,22760946
2013-11-21,73.07165479275756,73.52185659105673,72.3097632517197,73.03701782226562,16674955
2013-11-22,72.89852290605273,73.86819360164517,72.89852290605273,73.52188110351562,14641335
2013-11-25,74.45692029018525,76.29237218938765,73.90282173882761,75.8421630859375,34744129
2013-11-26,75.84215494480408,76.36162362443118,75.322686265177,75.66899871826172,20126018
2013-11-27,75.87678680808457,76.70793815101138,75.77289736852066,76.4308853149414,28403923
2013-11-28,76.74256080530114,77.81612790567956,76.2923589452882,76.53477478027344,24784314
2013-11-29,76.56940018550065,77.74685664801738,76.56940018550065,77.6429672241211,15984240
2013-12-02,77.92002310791761,78.75116726960007,77.26203517413282,78.64727783203125,15363438
2013-12-03,78.64728244562438,78.64728244562438,77.40055896468265,77.5390853881836,17450932
2013-12-04,77.05425212758045,78.33560551684897,76.56942035777111,76.81183624267578,19037009
2013-12-05,76.7079196209075,78.05853216595663,76.18845105272513,77.8853759765625,19144477
2013-12-06,78.26633061091393,79.99788561503257,77.57370574315348,79.65157318115234,29123075
2013-12-09,83.11469938059166,83.11469938059166,79.92863467429535,80.06715393066406,20217708
2013-12-10,80.30957895203035,81.10609335704189,80.30957895203035,80.72515106201172,12966910
2013-12-11,82.42206518975652,82.49132481016987,81.14071205513233,82.17964935302734,29495454
2013-12-12,82.17964563123658,82.45669126562545,80.27492733802417,80.93292236328125,17613149
2013-12-13,80.20568234189327,81.72945152201395,79.92863665700017,80.72515106201172,18607013
2013-12-16,81.24460763844614,82.52595359181787,80.17104054372481,81.90259552001953,14951574
2013-12-17,82.52594201931734,82.52594201931734,80.517341681203,80.6558609008789,17065303
2013-12-18,80.20567527179512,81.3831318680445,79.65157678556902,80.89830017089844,16066650
2013-12-19,82.52594136915931,82.52594136915931,80.171028669845,80.30955505371094,17124499
2013-12-20,79.75546378542275,80.62123763979545,79.47841099302047,80.2749252319336,24216660
2013-12-23,80.58661753324539,81.55628809282034,80.13641564799792,80.89830017089844,15930815
2013-12-24,80.65587060250277,81.72943767581239,80.65587060250277,81.2446060180664,12412426
2013-12-27,81.41774624048102,83.87654818601618,81.38310927291617,83.66876220703125,19027235
2013-12-30,84.49992748812531,85.95443675072511,84.11898526842364,85.85054016113281,21043943
2013-12-31,86.4046534301513,86.92412213678855,85.05404052512102,85.64276885986328,16073082
2014-01-02,87.35699462890625,87.44357273584514,85.91980378594673,87.35699462890625,17459404
2014-01-03,86.57780145043321,87.35699727116888,85.33107810586051,85.53886413574219,20180799
2014-01-06,85.53886514877158,87.18384208456442,84.84624742939087,85.81591796875,22102974
2014-01-07,86.83753577910596,86.83753577910596,85.33107810586051,85.53886413574219,16291842
2014-01-08,87.35700118820684,87.53015741508624,86.54317552021318,86.83753967285156,20474397
2014-01-09,86.57780092389557,86.75095714195766,85.01940212661931,85.36570739746094,24390131
2014-01-10,85.01940420287573,86.57780303820962,84.846247980585,86.12759399414062,19989072
2014-01-13,86.47389872457381,86.57779531479297,85.1925456600422,85.98906707763672,14454875
2014-01-14,84.32677725437095,85.8159164305354,84.32677725437095,85.36570739746094,14690161
2014-01-15,86.4046371894272,88.13619205413626,86.23148098642811,88.04961395263672,21592006
2014-01-16,92.37850692591294,92.81139744385528,88.5690846985848,88.74224090576172,28516077
2014-01-17,88.74224849637777,91.77246805060122,88.74224849637777,91.59931182861328,36601663
2014-01-20,91.4261748436807,91.4261748436807,90.04093194158985,90.12751007080078,25638563
2014-01-21,91.33957325277856,91.33957325277856,89.43486206467053,90.04090881347656,21828978
2014-01-22,90.04091197713348,91.42615457207934,89.69459953707636,91.25299835205078,30380717
2014-01-23,92.1187928353949,92.1187928353949,90.04092505845804,90.38723754882812,22417400
2014-01-24,86.57779746317578,89.17513346500292,86.23148504089453,86.7509536743164,44774346
2014-01-27,85.1925572465335,85.98907877245779,83.32248285579095,84.74235534667969,47398241
2014-01-28,84.9847697739409,88.1362045157695,84.84625052418183,87.0972671508789,48887622
2014-01-29,90.38721198777624,92.37850107899398,89.43485290858088,92.11876678466795,63839077
2014-01-30,90.04091971452056,94.3698112566592,90.04091971452056,94.11007690429688,44090834
2014-02-04,91.77246701883176,92.72482622905834,88.13620072853196,88.39593505859375,52833979
2014-02-05,90.38722442378484,90.73353686386724,87.01069246354683,88.39593505859375,36958812
2014-02-06,88.82881686613266,89.26170020834849,86.5777933924263,88.04961395263672,32147266
2014-02-07,88.04960701261804,91.85902884777794,88.04960701261804,90.82009887695312,36982037
2014-02-10,91.85904847185046,92.89798582990734,91.07985261859068,92.3785171508789,35547454
2014-02-11,92.811405904667,92.98456212762908,90.9066946173669,91.77246856689452,27295258
2014-02-12,91.51273782629232,93.41744918839326,91.166432532051,93.15771484375,29866803
2014-02-13,93.5040283203125,94.88927817347722,92.63825432736766,93.5040283203125,28562966
2014-02-14,94.71611101939762,95.92819733585875,94.45637670188115,94.97584533691406,30779157
2014-02-17,96.96713454498897,100.51682255158518,96.79397833342014,100.43024444580078,35018234
2014-02-18,101.38259835350178,101.38259835350178,97.48659785039392,101.20944213867188,32111550
2014-02-19,101.03630014782556,102.334964684496,100.08394089972644,100.86314392089844,26779733
2014-02-20,98.69869712790074,99.0450095778192,97.40002544070654,97.746337890625,46371628
2014-02-21,98.95842407202127,100.77655713297514,98.00606490589756,100.5168228149414,32581314
2014-02-24,101.12287593630865,101.12287593630865,98.87185220329378,100.0839385986328,17206919
2014-02-25,101.1228668868626,101.81548455138164,99.47788291608488,99.65103912353516,28183102
2014-02-26,100.4302622169137,101.72892686819598,100.17052785360052,101.4691925048828,27140890
2014-02-27,103.2873027146124,107.01015392175188,103.1141536765259,106.75041961669922,51941763
2014-02-28,109.08803169664756,109.26118075139968,106.49069556140851,107.78936004638672,34341615
2014-03-03,105.10542833201036,106.83699024456268,104.0664983497604,104.23965454101562,36635633
2014-03-04,105.53833924800074,107.52962866777436,105.36518302321322,106.05780792236328,29728164
2014-03-05,107.35646949629978,109.26118075139968,107.35646949629978,107.78936004638672,24293278
2014-03-06,109.69406207850484,110.12695259219473,109.088022524621,109.95379638671876,23266746
2014-03-07,109.088020592643,111.85850550062816,108.22223958059644,109.17459869384766,27489703
2014-03-10,107.26988822680453,109.26117023497768,105.62490429480437,106.75041961669922,33571007
2014-03-11,107.70277210875464,108.39539692569342,106.75042015074575,106.92357635498048,20456959
2014-03-12,105.62489690577604,105.71147500140368,102.59467788937236,104.23965454101562,50432857
2014-03-13,103.89336595781847,104.15310030419982,101.55576400566945,101.81549835205078,37912003
2014-03-14,100.60339245405451,100.86312675022872,94.88925943406726,97.65974426269533,74182764
2014-03-17,96.79397731694984,96.79397731694984,93.15770407747284,94.62953186035156,55927975
2014-03-18,95.23557868671116,100.2570948215788,95.23557868671116,100.0839385986328,52110656
2014-03-19,100.2570897744244,100.51682409576776,96.44766739195296,98.26580047607422,38584228
2014-03-20,95.3221625994545,99.8242103394771,93.76376366337996,96.62083435058594,49250856
2014-03-21,96.96713113487658,99.65103798924184,96.18792821021968,99.13157653808594,40874606
2014-03-24,101.90206830996388,102.50811506967128,100.6899819558316,101.642333984375,33082721
2014-03-25,100.25709327541568,100.68998382610457,96.62082698019424,96.70740509033205,43536491
2014-03-26,97.05373061032668,97.40003593226496,95.4087462960226,95.92821502685548,34995117
2014-03-27,91.9456208024171,92.37851134104898,88.82882325483251,90.30064392089844,91849962
2014-03-28,91.07986087463,93.15772144852806,90.90670463259124,92.63825988769533,37925704
2014-03-31,93.85033286436332,93.85033286436332,90.56037907127488,93.41744232177734,31922470
2014-04-01,94.19664174858968,97.8329078387126,93.50401690655396,97.57317352294922,33895467
2014-04-02,99.21814913358756,99.82418865384408,96.88054765465064,97.22686004638672,28186216
2014-04-03,97.8329074101703,98.61211035404726,93.67717270672416,94.62953186035156,30237598
2014-04-04,90.3872314338658,92.03220848655252,88.65567626444383,90.90670013427734,51974089
2014-04-07,87.27042307476714,88.30936043604352,86.0583366518943,86.83753967285156,62025654
2014-04-08,86.57779391772773,89.78116936208335,86.19685170187478,88.22277069091797,45674025
2014-04-09,90.56037928873585,91.77246564560464,89.52144198403471,90.64695739746094,40048903
2014-04-10,92.6382427685294,97.91948567890913,91.85903982334848,97.4865951538086,69723409
2014-04-11,92.63825530369932,94.28323235638604,90.56038766733631,90.90670013427734,61158036
2014-04-14,90.38723193483764,92.81141205157772,88.82883299024876,91.0798568725586,34383260
2014-04-15,91.77246946978232,92.4650943684449,89.26171137741328,89.3482894897461,22645510
2014-04-16,90.21406581317206,91.77246458696436,90.0409095977193,90.30064392089844,22391143
2014-04-17,91.685880899003,92.11877141128804,90.30063842497282,90.9932632446289,21811823
2014-04-22,91.42613837440037,91.68587265842692,90.21405221422452,90.82009887695312,18239152
2014-04-23,93.157710661222,94.1966479931496,91.51273371761933,91.59931182861328,29147786
2014-04-24,92.55166520531088,92.81139952189169,91.4261498334607,92.20535278320312,17096647
2014-04-25,92.55166862413051,92.55166862413051,90.47380118001077,90.64695739746094,17858420
2014-04-28,88.569082561634,89.34827830984803,87.44356724213988,88.04961395263672,26569223
2014-04-29,86.57779391772773,88.56908309901738,86.43926752143157,88.22277069091797,39597981
2014-04-30,89.34826474003495,89.34826474003495,83.5648728001792,83.66876220703125,58429286
2014-05-02,86.40464624392305,86.75095868621194,85.01940364005016,85.78128814697266,31937461
2014-05-05,86.54318657238572,86.57781638912749,84.84626106448468,85.29646301269531,20850019
2014-05-07,84.4652944297508,84.4652944297508,81.38311981735585,82.0411148071289,44192959
2014-05-08,80.86367341657783,82.17965647546376,80.62125039355558,82.00650024414062,34634898
2014-05-09,81.90259815631968,83.56489356657063,80.51735556375186,82.90689849853516,23015996
2014-05-12,83.28783768310741,87.87646300651694,83.11468863503225,87.27041625976562,46815472
2014-05-13,88.65568321423879,89.86776977826571,87.35701136140592,87.87648010253906,29527824
2014-05-14,89.43485936971855,89.43485936971855,86.37001023887413,89.0019760131836,21754851
2014-05-15,89.00197529084913,96.96713216651068,93.4174370817016,94.19664001464844,56075795
2014-05-16,94.4225845336914,94.4225845336914,94.4225845336914,94.4225845336914,0
2014-05-19,92.86045703737636,93.98866502930171,92.07938499356432,93.38116455078124,16954948
2014-05-20,95.03009396559426,97.19973133887046,94.4225934899854,97.11294555664062,34616544
2014-05-21,96.50544031195471,98.76186335595352,96.41865453401364,96.93936920166016,25681538
2014-05-22,98.58828321089126,98.58828321089126,96.67900344499652,97.46007537841795,29105823
2014-05-23,97.4600770283054,98.0675702487819,95.8979331350172,96.41864776611328,20581670
2014-05-26,97.1997308037938,97.7204383118366,95.72437251400828,96.67901611328124,13054248
2014-05-27,97.02615924028962,97.02615924028962,96.2450872045208,96.67901611328124,8535795
2014-05-28,98.58829159842746,98.9354347094818,97.0261547811524,98.32793426513672,25870488
2014-05-29,98.9354395284782,99.36936843843212,95.29045104980467,95.29045104980467,17478630
2014-05-30,95.6375787652842,96.8525796085993,94.16222778087072,94.85651397705078,24071665
2014-06-03,96.24508632884633,97.46008726232104,94.68294945399134,97.1997299194336,22707266
2014-06-04,97.19973197963724,97.19973197963724,94.59616567804844,94.76973724365234,13973959
2014-06-05,95.46402785134612,95.89795681775492,93.46796178833624,94.0754623413086,16626802
2014-06-06,95.46400749097066,96.3318652386933,93.8150849527668,93.90187072753906,17903351
2014-06-09,94.59616068310712,96.15829750858728,94.42258912666829,95.98472595214844,19098514
2014-06-10,96.76579466778722,98.93543186707382,95.55079381400397,98.50150299072266,26888927
2014-06-11,99.80328675237668,101.10507343771388,98.76186458657644,101.0182876586914,29277946
2014-06-12,101.71256272506888,103.70862838194522,99.80328284381628,100.3239974975586,31027908
2014-06-13,98.76186127284392,101.365427373692,98.76186127284392,100.75792694091795,12240736
2014-06-16,101.53897699704716,102.32004886860813,100.7579123079544,101.19184112548828,12756422
2014-06-17,100.15042594631116,101.1918552537958,99.45614692379064,100.3239974975586,11833349
2014-06-18,100.67114737018537,101.79935534669644,100.23721846288504,100.84471893310548,20733610
2014-06-19,101.71255986524577,102.40684605071446,99.8900658108594,100.49756622314452,15441114
2014-06-20,100.84470931587887,100.93149508906248,99.8900658108594,100.49756622314452,15739795
2014-06-23,100.23720903000844,102.23327463327932,98.9354296130819,99.10900115966795,22909397
2014-06-24,100.2372139941594,100.49757132693246,99.10900606794551,99.71649932861328,14510005
2014-06-25,101.4522048241174,101.4522048241174,99.3693605858726,99.89006805419922,16944717
2014-06-26,100.6711537280158,102.84079121906989,99.8900816455471,102.7540054321289,29529299
2014-06-27,102.40686228436503,103.18793436683374,101.10508266272066,102.7540054321289,16999740
2014-06-30,103.53506550653496,103.70863707232702,101.10507795038572,102.58042907714844,20956259
2014-07-02,104.14255346612796,106.74611945752184,103.70862460381748,106.57254791259766,38558990
2014-07-03,106.31219382416124,108.65540256933755,105.87826494867132,108.22147369384766,24346818
2014-07-04,108.4818329977332,109.1761192111801,106.91969619994704,108.56861877441406,21314352
2014-07-07,109.00255105095232,109.26290838909956,107.44041420453848,108.8289794921875,13257953
2014-07-08,108.82898854539096,109.17613169179856,107.6139875329644,108.74220275878906,16919750
2014-07-09,106.57255575765576,106.65934153650636,104.229346911159,105.18399047851562,38658439
2014-07-10,106.13863515086132,106.91970722150398,105.53114183394266,106.05184936523438,15295637
2014-07-11,104.75004838902822,106.57254233284404,104.75004838902822,105.53112030029295,14408697
2014-07-14,106.57254791259766,107.26683409229442,105.7046901879767,106.57254791259766,11155790
2014-07-15,107.44041442871094,107.52720020827442,106.83291397176652,107.44041442871094,13476284
2014-07-16,107.09327140835993,108.39505092053274,106.91969984907426,107.87433624267578,13972322
2014-07-17,107.70074585651236,108.04788891440052,106.57253810084416,107.18003845214844,15873864
2014-07-18,106.2254110171706,106.9196972373539,105.44433901946437,106.65933990478516,11415268
2014-07-21,106.05184403575424,106.57255872334824,105.27077918683288,105.44434356689452,12626517
2014-07-22,105.87827327910868,107.8743390809423,105.7047017152562,107.70076751708984,25305895
2014-07-23,108.30826514088992,108.74219403910404,107.09327140835993,107.87433624267578,14605140
2014-07-24,108.91576274192926,108.91576274192926,107.87433341352822,108.04790496826172,17208174
2014-07-25,108.56861396510654,108.91575705645243,107.70075623674178,108.3950424194336,21638728
2014-07-28,109.08933224885403,112.30039158620764,108.48183181869068,111.86646270751952,31050502
2014-07-29,113.515379310478,113.60216508166395,111.69288529804224,113.16824340820312,23376114
2014-07-30,113.25504085906589,113.6021767971399,110.91183197786587,111.51932525634766,23999625
2014-07-31,112.64754228270922,113.34182853541192,111.25897695977352,111.43254852294922,21836640
2014-08-01,110.21754283376796,112.38718009755024,109.5232566109674,111.25897216796876,19740870
2014-08-04,111.0854163844866,112.56076763494282,110.73827322379796,112.12683868408205,14411994
2014-08-05,112.82110894312028,116.29252569084016,111.77967960932268,115.8585968017578,21378822
2014-08-06,115.42468403893568,115.68503421008916,113.68896834811277,115.33789825439452,21231530
2014-08-07,114.99075266835132,114.99075266835132,111.17219259476887,111.34576416015624,32045898
2014-08-08,111.4325435261672,114.12288826981217,111.34575774847096,112.64753723144533,21592417
2014-08-11,114.12289058320376,115.7718132103885,113.51539012701534,114.81717681884766,19017740
2014-08-12,116.29252853574866,116.29252853574866,115.25110635894376,115.68502807617188,16179177
2014-08-13,115.4246721621565,115.9453796333545,112.994677627512,115.5982437133789,24676800
2014-08-14,113.68895510725736,115.25109904706191,112.12681834992196,112.90789031982422,47168072
2014-08-15,113.51538838294574,113.51538838294574,112.04003733733953,113.08146667480467,22183679
2014-08-18,113.51539444681325,113.68896601232944,110.56469219797752,111.7796859741211,23910714
2014-08-19,112.8211087868378,113.5153878259384,112.04003678757157,112.64753723144533,18478651
2014-08-20,113.51539574640736,114.90396828643416,112.9946882263672,114.47003936767578,18668880
2014-08-21,114.47003347740798,114.8171765945518,112.38718195701466,113.42860412597656,18783506
2014-08-22,114.55681925669394,114.55681925669394,112.64753929487252,113.42860412597656,13600694
2014-08-25,112.8211087868378,113.42860204824215,111.95325100987532,112.64753723144533,10715563
2014-08-26,112.64753525557492,112.64753525557492,111.34575579543416,112.3003921508789,13398995
2014-08-27,112.3871849379457,112.90789962747272,111.25897695977352,111.43254852294922,15015184
2014-08-28,112.82111474446634,112.82111474446634,110.13076267628536,110.91183471679688,20114906
2014-08-29,109.87039325565222,110.47789366484665,109.0025427107006,109.78360748291016,17722119
2014-09-01,110.21754258571666,111.3457576952284,109.7836136974429,109.87039947509766,10559595
2014-09-02,109.52325427810474,110.56468359012294,108.4818321485558,109.0893325805664,13959150
2014-09-03,109.34967663385594,112.38716406022886,109.17610510292396,112.21359252929688,25822248
2014-09-04,112.7343210317489,112.7343210317489,111.17218424308616,112.3003921508789,13510578
2014-09-05,112.73432950078538,112.73432950078538,110.6514778986068,111.34576416015624,11024112
2014-09-08,110.65146365053096,111.3457498226804,108.4818265450328,109.43647003173828,21862750
2014-09-10,106.91971009516226,107.44042482291916,105.35756591189153,105.87828063964844,32872474
2014-09-11,104.57649819204607,107.61398632404962,104.3161408351652,106.05184936523438,26869494
2014-09-12,105.7046963520331,108.22147671772824,105.7046963520331,106.65933990478516,20165428
2014-09-15,106.74612623625144,108.04790572338116,106.0518400124652,107.09326934814452,15707373
2014-09-16,106.22541550713682,107.00648753785762,104.83685019054728,105.01042175292967,17505371
2014-09-17,106.0518462414941,108.22148363579176,106.0518462414941,107.61398315429688,22041764
2014-09-18,107.0064830148768,108.13469094020532,105.96505368460184,106.65933990478516,18937577
2014-09-19,108.39505342166554,110.04397609045728,106.74613075287378,108.65541076660156,43322836
2014-09-22,107.78755093140148,108.22147983150114,105.01042033570272,105.09720611572266,29445531
2014-09-23,104.1425559541198,104.7500563758678,102.23327609680948,103.18791961669922,28811589
2014-09-24,101.88613103464542,103.10113185472028,101.88613103464542,102.8407745361328,19538645
2014-09-25,104.3161341177896,104.40291989782804,102.05971101925968,102.320068359375,23175529
2014-09-26,101.27864357709802,101.45220795024228,100.32400002122291,101.10507202148438,30484899
2014-09-29,100.23721172193488,100.93149792692464,97.89400296256368,100.3239974975586,35404159
2014-09-30,100.15043498070764,101.36543594904283,98.41472649412724,100.23722076416016,27208792
2014-10-03,99.45614134067308,101.36542111474544,98.06756900864312,100.67113494873048,31286815
2014-10-06,101.10507163419577,104.31613103580943,100.5843569693494,103.8822021484375,23618329
2014-10-07,103.88221120007542,105.7914912884052,103.10114631721824,103.79542541503906,18265459
2014-10-08,102.40684567182036,103.70862508228872,101.9729168075079,102.8407745361328,11486507
2014-10-09,104.14256255771272,104.3161341177896,101.62578211906748,102.320068359375,15816192
2014-10-10,100.67114683273633,101.79935480322428,100.32400370874936,100.4107894897461,14749801
2014-10-13,99.36936329214464,100.4107854396296,98.76186284967126,99.28257751464844,17379779
2014-10-14,98.24113945895932,100.67113383055238,98.24113945895932,98.41471099853516,20110700
2014-10-15,99.36936329214464,100.4975712171258,98.76186284967126,99.28257751464844,16184040
2014-10-16,98.93543899195934,99.71650384317104,97.7204380506772,98.0675811767578,20024970
2014-10-17,98.93542786243576,99.6297068540259,97.46007692502924,97.80721282958984,16346197
2014-10-20,99.10901499584118,99.54293674041524,98.24115714175296,99.19580078125,12535409
2014-10-21,100.4107784569612,101.01827885718836,99.54292074235096,100.15042114257812,13039515
2014-10-22,102.40685671090554,103.708636261701,101.53899888872871,103.53506469726562,19000589
2014-10-23,103.53506805993,104.05578277014811,102.92757474714551,103.79542541503906,14146922
2014-10-24,105.44434183722332,105.44434183722332,103.10114014642669,103.70863342285156,11862551
2014-10-27,103.27470908370616,103.27470908370616,101.27864338049334,102.49363708496094,13808862
2014-10-28,103.3614890544514,104.48969691789746,102.66720287234986,104.22933959960938,13279274
2014-10-29,105.18399058027714,105.87826962928416,104.48970434880064,105.61791229248048,20637824
2014-10-30,106.39897378113834,106.39897378113834,104.40290824550304,105.79147338867188,16391978
2014-10-31,107.18005229804714,107.61397399399458,106.13862298984716,107.26683807373048,19995317
2014-11-03,108.48183660100322,108.48183660100322,106.83291397176652,107.44041442871094,14616679
2014-11-04,107.26684319765953,108.13469381347916,106.31219961954136,106.48577117919922,14339964
2014-11-05,107.26684720448392,107.96112628657968,106.22541780763552,107.61398315429688,13053784
2014-11-06,108.48183175082792,108.48183175082792,107.00648074668048,107.26683807373048,10921966
2014-11-07,106.74613047834347,108.04791001720594,105.44434375701132,106.83291625976562,16769289
2014-11-10,108.4818321485558,110.04396893411383,108.4818321485558,109.0893325805664,23096583
2014-11-11,109.8704081461713,111.51933086927666,109.43648640612145,110.73826599121094,22344919
2014-11-12,111.69290973322126,112.82112500545928,110.73827322379796,112.12683868408205,23820323
2014-11-13,108.48183836417444,113.25504195280668,108.22148102125234,112.3871841430664,57445626
2014-11-14,112.38718774010546,114.7303967189308,112.04004460509876,114.47003936767578,33610764
2014-11-17,116.2925199720537,117.073591933992,111.69288833891068,112.04003143310548,36839261
2014-11-18,112.90789089818088,112.90789089818088,108.91575961872498,109.17611694335938,25737464
2014-11-19,108.4818429426844,109.87040831440402,107.1800633556016,107.96112823486328,23900139
2014-11-20,107.61397438854064,110.13075471011535,107.00648113899928,109.0893325805664,16996286
2014-11-21,109.69683963918936,109.69683963918936,107.61398793542442,107.78755950927734,19427065
2014-11-24,109.52325712028656,110.21754334631578,108.22147762895128,108.91576385498048,27520738
2014-11-25,109.4364745452194,109.4364745452194,108.04790214365168,108.22147369384766,25300094
2014-11-26,108.82897525256186,109.34968990857097,107.8743317165452,109.0893325805664,20243168
2014-11-27,109.08933343449922,109.1761192111801,108.13468989100976,108.56861877441406,12335466
2014-11-28,109.00255568342808,109.17612724956948,107.26684720448392,107.61398315429688,14138489
2014-12-01,105.61790964676884,106.3121958608536,103.18792226241084,104.40291595458984,30463687
2014-12-02,103.96899698511176,105.7914912884052,102.84078896210916,103.79542541503906,32214639
2014-12-03,103.88219258218132,104.75005027700634,101.972912836035,102.146484375,33457097
2014-12-04,102.40685751135638,104.05578020391116,102.32007172846036,102.58042907714844,29959330
2014-12-05,103.27470539123463,104.40291327772609,101.71256144959692,103.18791961669922,31304782
2014-12-08,104.57649688149274,104.75006845057148,102.05971631232124,102.92757415771484,24623879
2014-12-09,101.71255986524577,102.23327450434728,100.32399467677736,100.49756622314452,28361886
2014-12-10,99.36937011210487,100.4107923310652,98.0675833603172,100.23722076416016,29533958
2014-12-11,99.80327613267316,99.80327613267316,98.06756791938346,98.41471099853516,20770154
2014-12-12,99.62971573768723,100.15043041466195,98.32793622771996,98.67507934570312,21158076
2014-12-15,98.06758197869908,98.3279393253886,96.50544508103177,97.11294555664062,18189470
2014-12-16,96.3318759824176,97.11294804247954,93.38116649354234,93.72830963134766,44782436
2014-12-17,94.07546178812184,94.4226049592076,90.69083023497691,91.38511657714844,47964624
2014-12-18,93.81509301437652,97.37330290333014,93.72830723214668,97.11294555664062,52767254
2014-12-19,101.53899746023406,101.97292636521776,99.80328902276892,100.4107894897461,47770038
2014-12-22,101.88614119870516,101.88614119870516,96.59223007338493,98.0675811767578,30153831
2014-12-23,98.0675687333994,99.54291964957156,96.15828896468577,97.8939971923828,22446872
2014-12-24,96.59221920745544,98.4147132318915,96.59221920745544,97.80721282958984,7043478
2014-12-29,100.23720498161278,100.23720498161278,97.37328894354884,98.41471099853516,11937232
2014-12-30,99.54292797135746,99.54292797135746,97.72043382079164,98.32793426513672,13835664
2014-12-31,97.6336441040039,98.76185916941267,97.28650818942415,97.6336441040039,10211446
2015-01-02,98.58828335644915,98.58828335644915,96.59221781722722,97.8939971923828,11783333
2015-01-05,98.50150299072266,100.06363976311764,97.89400256383104,98.50150299072266,23657688
2015-01-06,98.93543034796322,104.57648410650478,98.58828725221252,104.1425552368164,47380755
2015-01-07,107.1800633556016,108.04791401950014,106.39899129386995,107.96112823486328,44327302
2015-01-08,110.65146155439774,110.9118188640217,109.00253910924812,110.47789001464844,38660017
2015-01-09,111.9532346096844,111.9532346096844,109.7835976675808,110.39109802246094,34541307
2015-01-12,111.95326700661616,111.95326700661616,109.52327206637428,110.3043441772461,19396698
2015-01-13,108.74219734229024,111.34576362819216,108.65541156001116,110.91183471679688,18270876
2015-01-14,109.9571942384928,110.82505208596196,108.56862886501212,109.34970092773438,18271542
2015-01-15,108.65541663705405,110.21755360859984,107.70077298737765,110.13076782226562,17358861
2015-01-16,108.481825087126,108.481825087126,105.5311232600836,105.79147338867188,27365685
2015-01-19,107.87432446792408,108.65539639945356,106.05183047682408,106.7461166381836,23426131
2015-01-20,107.1800600080022,108.30826799057348,107.00648844414972,107.70076751708984,11058130
2015-01-21,109.52325671606928,111.8664655378003,108.6554061192052,111.6928939819336,36652734
2015-01-22,113.25504980486654,114.5568294272607,112.5607635089389,114.20968627929688,42375151
2015-01-23,116.8132368160692,117.0735941416248,113.7757418670563,115.16431427001952,32505639
2015-01-26,118.63572270953638,118.98286578627432,116.55287143157749,118.89608001708984,37915473
2015-01-27,119.76394479720332,119.76394479720332,115.4246773683302,118.02823638916016,26528814
2015-01-28,118.8093032836914,118.8960890594762,116.90002339889529,118.8093032836914,17591574
2015-01-29,118.02823375504305,118.37537686539814,116.11895383055932,116.81324005126952,15876766
2015-01-30,117.59430392747186,117.59430392747186,112.38717886116048,114.55681610107422,31865802
2015-02-02,112.73432809586706,118.72252547969563,112.73432809586706,117.85466766357422,19150517
2015-02-03,117.59429777217603,119.15644167452378,115.42466782829764,117.24716186523438,15596398
2015-02-04,117.5942917273305,118.11500633467948,115.68501201618618,116.20572662353516,10304634
2015-02-05,118.89609839107824,118.89609839107824,115.42468145216976,117.3339614868164,19537497
2015-02-06,118.72251019016392,118.72251019016392,116.29251580043751,116.4660873413086,11840077
2015-02-09,115.94538048726088,115.94538048726088,114.38324369722368,115.07752990722656,13498109
2015-02-10,115.07753948329886,116.2925332694392,114.55682478246592,115.4246826171875,15187675
2015-02-11,116.29253798460962,116.29253798460962,114.03611470531496,114.20968627929688,13159484
2015-02-12,112.82110397243623,113.6021687559028,111.08539567504832,112.47396087646484,26064826
2015-02-13,112.47396004252096,114.817168740485,112.04003117577408,112.9946746826172,16781033
2015-02-16,112.90789229657862,114.81717218507544,112.82110652062562,113.25503540039062,11030858
2015-02-17,112.82110186288308,114.55681012781632,112.82110186288308,113.515380859375,9090265
2015-02-18,113.77573603117952,114.03609334338068,112.38717088190889,112.73431396484376,7904399
2015-02-23,115.16432969511976,117.42075296969097,113.77575710617124,116.98682403564452,26286994
2015-02-24,118.0282266339393,118.3753697233499,116.1189468246499,117.24716186523438,18678175
2015-02-25,116.2925307770254,118.37538235324706,115.94538765057683,117.85466766357422,20547578
2015-02-26,116.55288337604418,118.37537753322084,116.55288337604418,117.68109130859376,23493670
2015-02-27,118.0282378069353,118.63573827091214,116.90002984201936,117.9414520263672,19484080
2015-03-02,118.6357421875,118.89609953779969,116.29253321727272,118.6357421875,13760890
2015-03-03,119.06964530693024,119.7639242415031,117.16036566753534,117.42072296142578,19108855
2015-03-04,116.63967165550682,116.90002899532544,115.42467791882284,115.68502807617188,13425097
2015-03-05,114.6436004638672,116.81323767701896,114.38324313639266,114.6436004638672,13359596
2015-03-06,114.73038425491823,115.51145622382968,113.68895496303632,114.29645538330078,15046971
2015-03-09,114.5568132771482,116.03216426553064,113.51538398007646,114.73038482666016,14279651
2015-03-10,115.25110747986434,115.25110747986434,113.42860608340852,113.77574920654295,14125036
2015-03-11,114.1228838346538,114.99074157788873,113.7757407373598,114.29645538330078,15370028
2015-03-12,113.60217536411784,114.73039049165293,112.9946820932992,114.38324737548828,18528164
2015-03-13,115.42468128160736,116.9868181835608,114.29646610952388,115.94538879394533,16764337
2015-03-16,115.4246754434946,118.28859175514243,114.2964603284756,117.68109130859376,24639135
2015-03-17,119.15645264916697,119.33002420985868,115.5114642395798,116.11895751953124,20807023
2015-03-18,116.72645828088312,119.15645295432088,116.46610093917876,117.9414520263672,24872050
2015-03-19,119.76393834793797,126.0992783647438,118.63573045732802,125.83892822265624,69525628
2015-03-20,127.05391033464409,129.1367688594417,122.45428597312277,123.75606536865234,77311538
2015-03-23,125.0578614069844,127.14072020897056,123.84287480409888,126.01251220703124,33376154
2015-03-24,127.1407287792465,127.22750738604228,123.84288315207432,124.10323333740234,18089929
2015-03-25,124.10319984651444,125.92569374680872,122.88819912467262,123.84284973144533,22584700
2015-03-26,123.1485832323668,123.92964806699878,122.020375279023,122.1939468383789,20180863
2015-03-27,124.10321115794812,124.10321115794812,121.76000244900612,123.14857482910156,17165510
2015-03-30,126.53321823953256,127.40106164930324,124.9710742450556,125.5785675048828,25518722
2015-03-31,131.3932111418573,131.3932111418573,126.88036445685424,127.74822235107422,26136506
2015-04-01,128.9632042833561,128.9632042833561,127.2274887522472,128.44248962402344,18620498
2015-04-02,129.22354430283363,130.1781949525934,127.83498635171146,130.00462341308594,15923387
2015-04-08,131.91391967780996,134.51749323808954,131.04606182438343,134.08355712890625,39775326
2015-04-09,137.98890887724784,147.88244521042392,137.55497277249736,138.7699737548828,72522121
2015-04-10,139.72459806201522,142.32817136949723,137.2078177139186,140.41888427734375,40239971
2015-04-13,143.19602002484476,148.4031524658203,141.02638270484988,148.4031524658203,47403378
2015-04-14,140.07174966494506,142.2413870369646,135.732474920906,139.89817810058594,63988065
2015-04-15,138.8567705156372,138.8567705156372,134.951431251808,136.77392578125,50245183
2015-04-16,135.55891998466123,140.1585598219161,134.5175048357024,138.8567657470703,35276924
2015-04-17,137.1210518549534,139.46426086684966,137.1210518549534,137.81533813476562,23617722
2015-04-20,138.7699800362146,138.7699800362146,132.34786042564974,132.86856079101562,30859721
2015-04-21,132.78178711206672,138.6831922113011,132.78178711206672,138.07569885253906,25226881
2015-04-22,137.64175581318904,142.58852362303375,137.64175581318904,141.199951171875,27419042
2015-04-23,143.02247234188076,143.7167586985787,139.46427631121614,139.63784790039062,24710704
2015-04-24,140.07174399442536,141.37352349194927,138.42282138223655,140.2453155517578,20757806
2015-04-27,140.24531664504886,143.10924018089074,140.24531664504886,141.11317443847656,21649051
2015-04-28,140.67923868861322,142.5885112787263,139.72458802861908,141.98101806640625,21955975
2015-04-29,142.58854863047864,143.54318517560677,141.02640434895326,142.50177001953125,22478456
2015-04-30,142.3282003501244,142.3282003501244,139.46427631121614,139.63784790039062,23243390
2015-05-04,138.4228275289628,139.8114000492826,136.77390484355288,137.1210479736328,24186374
2015-05-05,137.55499076102748,139.5510568820802,135.12500284341877,136.77392578125,21200652
2015-05-06,134.5174715925665,138.16245962549425,134.5174715925665,135.38531494140625,21188428
2015-05-07,134.51748439153164,135.29854922577866,131.740339443206,132.78176879882812,21528958
2015-05-08,135.38532892747182,137.121044534336,133.38926316204763,133.64962768554688,19643557
2015-05-11,134.77786056953946,139.29070761692523,134.77786056953946,137.64178466796875,22562554
2015-05-12,138.8567481772903,140.41889225047976,135.99283892385222,136.25318908691406,23738022
2015-05-13,136.25316137213213,138.50959124109988,135.29852514849867,136.07958984375,21169250
2015-05-14,141.02640047906064,142.24140155357296,138.8567628856163,139.9849853515625,28084938
2015-05-15,141.28165997835788,142.32561685499417,140.0637102889489,141.1946563720703,23476343
2015-05-18,141.5426237234527,141.9776128991255,139.54171383479945,140.15069580078125,15199714
2015-05-19,141.19465785348612,141.19465785348612,139.45474410730623,140.4116973876953,13645824
2015-05-20,140.23772255818082,140.75970106891782,137.54084078594198,137.975830078125,17851368
2015-05-21,135.7138951293024,137.366819538202,135.7138951293024,136.4098663330078,19546210
2015-05-22,138.2367847335383,139.10674874566348,136.75785311282627,138.14979553222656,15167822
2015-05-26,140.84667676991387,141.10765877365063,137.88879912868822,138.14979553222656,22683332
2015-05-27,138.84575189261636,138.84575189261636,136.6708492948062,137.36680603027344,17767711
2015-05-28,138.49780088050608,138.49780088050608,133.62601611791368,135.0179443359375,26345205
2015-05-29,135.80091227229747,137.71481887354855,134.58296254435402,135.4529266357422,27284120
2015-06-01,135.4529329263853,137.8018288823183,134.06099031552026,135.80091857910156,16117557
2015-06-02,135.8878942313949,137.45382951234498,134.84395177723033,136.7578582763672,16009236
2015-06-03,137.45385855534397,138.2368191613518,136.844890795094,137.5408477783203,15135793
2015-06-04,138.75876254700017,138.75876254700017,134.66995330721207,137.2798309326172,23097450
2015-06-05,137.27985907390752,137.4538519112551,134.4089844575743,134.58297729492188,16347565
2015-06-08,133.278014262856,135.6269099450181,132.32106102932383,134.93093872070312,18328192
2015-06-09,134.84396362304688,135.53992052036122,133.36501741677003,134.84396362304688,15470964
2015-06-10,136.2358784596493,136.2358784596493,133.10402232949917,133.27801513671875,14621252
2015-06-11,135.19192334481508,135.3659161542592,133.71299166444106,134.23497009277344,14552822
2015-06-12,135.71390142240048,137.0188402899578,134.75694817283204,136.7578582763672,13408538
2015-06-15,137.71482595807632,137.80182957159235,134.49598025405584,135.0179443359375,13450376
2015-06-16,133.97398491832467,135.2789237584736,133.5389957050738,134.06097412109375,10452658
2015-06-17,136.322883806103,136.322883806103,133.62600245962005,134.23497009277344,14324629
2015-06-18,134.40896290221755,135.3659161542592,133.10402403128768,134.23497009277344,9609748
2015-06-19,135.36591499217923,135.53990780012967,133.97398692837768,134.14797973632812,14843428
2015-06-22,135.4529162723124,137.3668227271315,134.49596304490282,136.5838623046875,15544567
2015-06-23,138.3238227841333,138.3238227841333,136.1489194120625,137.5408477783203,15105850
2015-06-24,138.4977811996211,142.4996012574026,137.97580279211027,142.41259765625,23670706
2015-06-25,142.06463147372529,142.32562791306384,140.41170682386084,140.93368530273438,14954705
2015-06-26,140.7596903722252,140.7596903722252,138.4977980640564,139.1067657470703,21029055
2015-06-29,138.49778286162623,139.10675047779583,130.49414265001775,133.19100952148438,30701768
2015-06-30,132.23408119063146,135.71392353777907,131.53810984124104,134.58297729492188,21539802
2015-07-02,134.84392612676623,137.3667997775731,134.84392612676623,136.14886474609375,24560909
2015-07-03,135.2789243328606,135.9748955571756,133.10402145677725,134.93093872070312,14284845
2015-07-06,133.71297613949383,135.71388601588157,121.79452047568884,127.4492645263672,51586652
2015-07-07,130.4941409913934,130.4941409913934,123.0994684899433,125.88333892822266,29309753
2015-07-08,123.09946623835889,123.09946623835889,114.31285867848294,117.2707290649414,79090126
2015-07-09,119.53264224376449,129.01520771039398,119.53264224376449,127.01429748535156,49287877
2015-07-10,130.49415337273393,133.5390061035795,129.0152072122796,129.5371856689453,39125861
2015-07-13,130.49416330317274,131.88609156040235,127.10131027655532,130.92913818359375,20454892
2015-07-14,132.2340502323234,133.36499621040633,130.49413666599608,131.9730682373047,19595245
2015-07-15,132.8430673175297,132.8430673175297,128.84124633795366,130.49417114257812,16888710
2015-07-16,129.798199772251,130.9291460491301,127.88427850385142,130.49417114257812,14158663
2015-07-17,132.06007174093477,134.2349747342881,131.01611484817255,133.62600708007812,15141233
2015-07-20,135.71392080756775,137.36684552921523,134.93096025515692,135.27894592285156,17483588
2015-07-21,136.93185688557523,136.93185688557523,134.49597185627482,136.2358856201172,11761745
2015-07-22,135.7138895591519,135.7138895591519,133.10401205217622,134.40895080566406,11161193
2015-07-23,136.1488787435151,136.1488787435151,133.45199763974642,134.40895080566406,12352771
2015-07-24,133.1040264187504,133.1040264187504,130.92912346158903,131.79908752441406,12342031
2015-07-27,130.7551066579532,131.19008140965494,126.14431957067572,126.66629791259766,23065662
2015-07-28,124.05641233603998,130.23313475444564,122.75147361662198,127.4492645263672,27282004
2015-07-29,126.92729137312575,127.44926976229722,123.96942823428856,125.62235260009766,24613293
2015-07-30,126.6663223729958,127.44928283717547,123.96944095217376,124.2304229736328,16962962
2015-07-31,125.36136052108247,126.23132453298278,123.96943250184358,125.88333892822266,15633695
2015-08-03,125.27438354492188,125.97035482235974,123.62145896090846,125.27438354492188,12513409
2015-08-04,123.7084476706876,125.27438303859364,122.83848357740644,124.4044189453125,17823622
2015-08-05,123.53445302749508,124.143435083699,122.22951410674806,123.88243865966795,12752100
2015-08-06,125.0133688461004,125.0133688461004,121.09855258234153,122.57748413085938,15395187
2015-08-07,120.92457097599664,123.88243434668516,120.92457097599664,123.62145233154295,11702172
2015-08-10,121.79453797407238,124.57840860211324,120.5765882743909,124.2304229736328,12228806
2015-08-11,124.23042277299264,126.927304189459,122.31651621924392,122.49050903320312,16666079
2015-08-12,121.79453700831758,122.1425226340387,116.487770615873,117.35773468017578,42983336
2015-08-13,119.96759614818777,126.5793005374699,119.5326213751286,125.3613510131836,45264092
2015-08-14,126.14434579376172,126.49233142738282,124.1434356003418,124.75240325927734,17613311
2015-08-17,125.10038970719091,125.10038970719091,122.05552259308833,123.53445434570312,18665139
2015-08-18,123.96944155353314,125.53536248948858,121.09856730454467,121.2725601196289,13846720
2015-08-19,121.446533203125,123.01245388466312,120.57656926904812,121.446533203125,18117518
2015-08-20,119.7066199320914,120.40258392245958,117.44472076361856,118.4886703491211,28118026
2015-08-21,114.83485230715723,116.05279486318116,113.09493128430812,114.31287384033205,40755475
2015-08-24,111.35500994367086,112.0509740308834,108.74512481689452,108.74512481689452,51703081
2015-08-25,108.91911041884738,117.87970414697062,107.87515355737608,113.8778839111328,55227077
2015-08-26,114.74784241412286,115.18282441870386,111.35499717819263,111.87696838378906,34556420
2015-08-27,117.27072634671195,117.35772274429426,110.65902173015864,115.00882720947266,46549046
2015-08-28,117.44472605581358,118.4886756883577,113.09492032042776,113.70388793945312,37139565
2015-08-31,115.26983302519275,116.22678633669906,112.65994792125474,114.66085815429688,21359851
2015-09-01,114.57384288166652,115.1828176523058,110.48502667860362,110.65901947021484,22145965
2015-09-02,108.9191168744502,113.52991221942672,108.9191168744502,110.8330307006836,28331354
2015-09-04,113.00793375775356,113.26892298859016,110.13705941845272,110.8330307006836,19820455
2015-09-07,110.13704363791302,112.48593917898874,109.44107965530203,109.96305084228516,22674303
2015-09-08,109.61508127707502,113.70389070385706,108.83211363370548,112.57294464111328,25659965
2015-09-09,113.79089899241744,117.44474117649612,113.09493488108488,116.22679138183594,29896118
2015-09-10,113.96487480587707,114.39985681045806,111.78997198287286,111.87696838378906,20759181
2015-09-11,112.65994811663812,114.22587630175607,110.57204146984702,110.8330307006836,25623201
2015-09-14,111.00700696125784,112.57293491277125,110.74601776935552,111.18099975585938,14235477
2015-09-15,111.355007188869,114.7478527298118,111.00702155392072,114.13887786865234,21540276
2015-09-16,115.26983585365888,118.22769947078672,115.26983585365888,117.792724609375,26766094
2015-09-17,119.70662856144344,119.79362496649838,114.48685865794876,116.83575439453124,26156505
2015-09-18,117.35771815861966,118.66265687146408,116.9227361877048,117.70570373535156,26359821
2015-09-21,116.66176130927587,116.92275052382516,114.9218404121816,116.40077209472656,17982769
2015-09-22,117.3577272950022,117.3577272950022,114.8348388671875,114.8348388671875,21105663
2015-09-23,113.7908875060102,114.6608515572363,112.39895222394956,113.8778839111328,19789230
2015-09-24,113.87788074486062,114.6608483691944,113.18191672313152,113.70388793945312,17377598
2015-09-25,113.96487426757812,114.22586346909398,112.05096065636263,113.96487426757812,19290691
2015-09-29,109.00608920533216,111.26798817302851,109.00608920533216,110.74600982666016,27174437
2015-09-30,113.96487058680223,113.96487058680223,111.00700746495558,112.4859390258789,25784400
2015-10-02,114.66083981747062,118.14068126628268,114.05186504396336,117.87969207763672,30920182
2015-10-05,121.35953838956198,121.96852038737268,120.66357439185116,121.53353118896484,26840723
2015-10-06,123.36043945829388,123.4474430516017,120.05459090860198,121.446533203125,20668534
2015-10-07,121.9685333840182,123.7954507725192,120.1416087956158,123.53445434570312,23239818
2015-10-08,124.83940200174504,124.83940200174504,122.31651345622755,123.62145233154295,18435754
2015-10-09,125.27437361847556,125.36136282136096,121.88152110970913,123.44745635986328,17063804
2015-10-12,125.0133871159812,125.27438354492188,123.01247689324885,125.27438354492188,14986353
2015-10-13,125.10038906569474,125.10038906569474,123.18646807813508,124.3174285888672,11255471
2015-10-14,124.40439731998588,124.83938649091336,123.18644780110952,124.05641174316406,12205045
2015-10-15,123.88242649866002,126.57930768335736,123.27345890203856,126.1443328857422,16602054
2015-10-16,128.40621883694917,128.6672152230905,126.23131615150784,127.5362548828125,17464582
2015-10-19,128.7542205275829,128.7542205275829,126.31833555103717,127.97126007080078,11355381
2015-10-20,127.97126454719816,128.14525736588067,126.231336360373,127.79727172851562,9689976
2015-10-22,128.7542231805112,128.7542231805112,126.5793201781457,127.2752914428711,13540020
2015-10-23,130.32016573327053,130.32016573327053,128.9282231268408,129.79818725585938,20694860
2015-10-26,132.23405364207986,132.23405364207986,128.9282048209931,129.62417602539062,15983408
2015-10-27,129.27620678273243,130.05916728686034,127.97126780925146,129.711181640625,14996036
2015-10-28,130.49412217181845,130.49412217181845,128.84119798748978,130.32012939453125,11419654
2015-10-29,131.1030914927246,131.1030914927246,128.1452286380244,128.7541961669922,11966212
2015-10-30,126.23131615150784,128.4932224322631,126.23131615150784,127.5362548828125,14315360
2015-11-02,129.45017506191087,129.45017506191087,127.1882687902417,128.31922912597656,11739992
2015-11-03,130.05917402294773,131.71209872827313,129.5371955265601,130.92913818359375,24387895
2015-11-04,133.62599757428805,136.3228788221737,132.1470659479834,133.10401916503906,29992511
2015-11-05,132.4950714111328,133.4520247716067,131.97309292365512,132.4950714111328,17065039
2015-11-06,132.66903726761387,134.84393999002725,131.4510877111181,134.40895080566406,12157962
2015-11-09,133.53897797351735,135.1919022048679,131.79906455094834,132.23403930664062,15174340
2015-11-10,130.581135295702,131.19010292792947,129.1022036175767,130.8421173095703,15125054
2015-11-11,132.8430443998041,134.40896531308675,131.19010548053535,131.79908752441406,27727486
2015-11-12,133.53901024104945,135.4529313081232,132.66906051945568,134.84396362304688,25045365
2015-11-13,132.23407296936833,133.36501914191228,131.6251052764147,132.40806579589844,14093483
2015-11-16,129.45019960585012,130.7551385793311,129.27620678273243,129.711181640625,15301504
2015-11-17,131.36409313177123,133.71298880920887,130.92911831735017,131.5380859375,16867971
2015-11-18,133.10402438846796,133.19101359352237,130.92912146448114,131.7120819091797,10388413
2015-11-19,133.62599873286416,134.58295195821688,132.23405629613163,133.19100952148438,14442708
2015-11-20,133.1910106599157,135.1919207299203,132.23405742638354,134.93093872070312,12095477
2015-11-23,136.14891009208816,136.931870644499,134.84397103813535,135.27894592285156,14546053
2015-11-24,135.71391496602072,136.23589344509512,134.84396523403362,135.80091857910156,10746125
2015-11-25,136.32288606683304,136.32288606683304,135.1919255867897,136.0618896484375,14186484
2015-11-26,137.45383684603354,137.71481887354855,135.4529266357422,135.4529266357422,15234486
2015-11-27,135.0179288091124,135.2789252198427,132.49505470413172,133.27801513671875,17797824
2015-11-30,133.62600245962005,135.53990896370334,131.88607436517876,134.23497009277344,35440695
2015-12-01,136.06188739203571,137.01884064407736,133.7999952690642,134.23497009277344,28177429
2015-12-02,134.7569389603322,135.27891735163112,133.1040145877862,133.71298217773438,22467429
2015-12-03,133.79999727186214,135.19192536844824,133.10402602366793,134.3219757080078,30478444
2015-12-04,131.3640899658203,131.8860683704267,129.62417635026725,131.3640899658203,54128339
2015-12-07,132.7560312095072,132.84303480940983,131.01610320946853,131.277099609375,23073955
2015-12-08,131.36408500546068,131.36408500546068,129.1021930707112,130.23313903808594,19298441
2015-12-09,129.10219368595796,132.23404961045966,129.10219368595796,131.1031036376953,20422706
2015-12-10,132.1470705783182,132.1470705783182,130.4941460910133,130.8421173095703,14587823
2015-12-11,131.27710894554502,131.45110175792294,127.7972670977895,128.40623474121094,21345358
2015-12-14,126.57930058015504,127.7102465103306,124.40439791452484,127.4492645263672,18230152
2015-12-15,127.62325796546295,129.8851498373316,127.44926517533456,128.31922912597656,17488277
2015-12-16,131.3641025795692,132.23406667078154,130.05916364265212,132.06007385253906,15645911
2015-12-17,133.19101678657495,133.71299522882168,131.62509585963727,131.88607788085938,17343809
2015-12-18,131.79908436112342,132.49505559467954,131.19010233186077,131.62509155273438,19825228
2015-12-21,131.4510828437057,131.62507563104816,130.40712611965105,130.75511169433594,9736110
2015-12-22,131.62505256860294,131.62505256860294,129.88512500003677,131.1900634765625,7530597
2015-12-23,131.71209448977797,132.6690622355954,131.53810166324786,132.40806579589844,8052953
2015-12-24,133.1040307619939,133.1040307619939,131.8860810342966,132.06007385253906,5189943
2015-12-28,132.58203840950335,132.66904200940596,131.01610320946853,131.277099609375,7279028
2015-12-29,131.97303808231618,132.2340200177022,130.75508878431984,131.1900634765625,7996349
2015-12-30,132.14706041246288,132.58203520204887,130.92911084190072,131.1031036376953,7730687
2015-12-31,131.79910321640958,132.84306021609308,131.4511175498484,132.6690673828125,7435093
2016-01-04,131.7120919065767,132.23407037592975,129.36319599438963,129.711181640625,17407496
2016-01-05,129.45017302245245,130.92910451534334,127.53625236119346,128.2322235107422,17542827
2016-01-06,126.75331545591256,127.7972723732746,126.23133699723154,127.01429748535156,16938124
2016-01-07,125.79636406582765,127.0142994215128,121.7945435547405,121.96853637695312,25670472
2016-01-08,122.4904910472663,125.01336487952383,122.4904910472663,124.05641174316406,20138495
2016-01-11,120.2285963818351,122.9254776621459,119.79362156879864,120.05460357666016,24257707
2016-01-12,119.18466298137749,121.6205553856482,118.22770242259536,118.40169525146484,23950128
2016-01-13,119.2716341030568,121.79452238675832,119.18463770707056,119.53262329101562,25886062
2016-01-14,117.8797021340918,120.48958704330336,117.44472731580736,119.27164459228516,28761138
2016-01-15,119.35863177087732,121.27254530306875,118.5756641986579,119.18463897705078,26001675
2016-01-18,117.4447327594376,119.70663215894116,116.83575790575168,118.31468963623048,23777170
2016-01-19,118.3146881826714,121.794537246795,118.3146881826714,121.62054443359376,24521032
2016-01-20,119.09766359341356,119.70663847925236,116.40078201317206,117.792724609375,28683383
2016-01-21,118.48866772602928,120.66357044757076,115.7917938232422,115.7917938232422,33124887
2016-01-22,118.40169462960368,121.5335511330015,118.40169462960368,120.9245834350586,26630029
2016-01-25,121.79453832637104,125.88334787313934,121.27255988214053,125.53536224365234,33795504
2016-01-26,123.62144714863086,124.8393967677696,122.3165083280259,123.3604507446289,27487065
2016-01-27,125.18736294475762,125.70934133199246,120.92456104870791,122.22949981689452,29721586
2016-01-28,122.22950915255674,124.7523976836515,121.27255590276974,123.18646240234376,26116254
2016-01-29,122.75149340068198,126.14434613784084,122.75149340068198,126.05734252929688,30735595
2016-02-01,127.27529441401173,127.971265694984,125.97035546209018,127.88426208496094,22195440
2016-02-02,128.49321490942455,128.49321490942455,125.27435566747248,126.66629791259766,18664606
2016-02-03,123.70844082944632,123.70844082944632,121.79453432987232,123.18646240234376,24226636
2016-02-04,124.40440959061212,124.4914131932994,123.09947074871792,123.44745635986328,17687922
2016-02-05,124.14342029851348,125.7093410569914,123.62144191242054,125.18736267089844,13803110
2016-02-11,119.35864493499643,120.66358383271734,116.66176353314532,118.22769165039062,39267710
2016-02-12,115.44381856696464,117.35773226921064,114.92184013910637,115.96578979492188,26991807
2016-02-15,118.92366067505998,120.57658516785476,117.70571820665884,120.22859954833984,23538825
2016-02-16,120.2286088063356,122.14252986104584,120.2286088063356,121.18556213378906,16841689
2016-02-17,122.6644988849443,123.09947370943686,119.44563910433236,120.22859954833984,18718340
2016-02-18,123.53442904168386,123.96941819734256,121.09854448923484,123.79542541503906,22174551
2016-02-19,122.66449205871092,124.14342365944626,122.05551005854836,122.83847045898438,13461766
2016-02-22,122.66448519251507,123.70842753472756,122.22949601677604,123.27345275878906,10771604
2016-02-23,123.96943477658134,124.23041678503944,122.31651032354176,123.44745635986328,12494795
2016-02-24,123.27346312220116,123.27346312220116,120.5765818451784,122.14251708984376,16416296
2016-02-25,122.14253323074809,122.664511714615,120.66359419312514,120.9245834350586,11840033
2016-02-26,122.49048551367252,124.57838448048068,122.49048551367252,124.1434097290039,18834969
2016-02-29,124.14342758215402,124.23041678503944,121.44654629567832,123.44745635986328,15490648
2016-03-01,123.53443268412715,125.79633892076544,123.09945791544304,125.70933532714844,16809198
2016-03-02,127.97124018159067,129.18917528067163,126.84029427538688,129.0151824951172,26570950
2016-03-03,129.62418442785622,129.62418442785622,127.01429224218776,128.40623474121094,17311807
2016-03-04,129.18918882260397,129.9721636395724,126.57931116551354,128.05824279785156,21384257
2016-03-07,128.7542032457852,129.2761816135125,126.57930058015504,127.4492645263672,14911361
2016-03-08,126.40532736196435,127.79726989141514,125.36137046487626,127.2752914428711,12413427
2016-03-09,126.1443511020595,126.84032239858897,124.7524085090006,126.7533187866211,15259850
2016-03-10,126.23132208534471,127.18827527997882,125.97034008673587,126.1443328857422,10954673
2016-03-11,125.97034299112082,129.18918824724983,125.53535378367522,128.84121704101562,18982284
2016-03-14,129.62419653610016,133.53901358058374,129.10221805020828,133.36502075195312,32195517
2016-03-15,131.19010233186077,133.53899804521166,131.01610952347173,131.62509155273438,17581817
2016-03-16,131.19009600947237,131.79907800938662,129.7981680092428,131.277099609375,15102556
2016-03-17,133.10403911328822,133.53901398628443,131.3641108216959,132.4950714111328,14805005
2016-03-18,138.3237735411659,138.4977663249827,135.5398890000969,137.36680603027344,56418788
2016-03-21,137.97583709261758,138.06282631559392,136.6708979493361,137.5408477783203,20194965
2016-03-22,139.1067594353019,139.1067594353019,137.4538348851461,138.75877380371094,21637715
2016-03-23,139.01974371702005,139.10674731723995,137.80180851235278,138.93275451660156,16746586
2016-03-24,138.3237883346516,139.01974514455017,137.19282791898806,138.14979553222656,20004563
2016-03-29,138.32381101358146,138.32381101358146,136.58388270406053,136.84487915039062,18247118
2016-03-30,138.32379411475912,138.75876893909714,137.366826461532,137.62782287597656,22598126
2016-03-31,138.58477930935126,138.58477930935126,136.67087275858515,137.80181884765625,19000406
2016-04-01,138.84579225195205,138.84579225195205,137.27985674241864,137.88882446289062,17395068
2016-04-05,136.5838712528462,136.5838712528462,134.32197903991033,136.2358856201172,15729586
2016-04-06,137.10582673459103,138.41076543882605,136.58384837293696,138.3237762451172,19265677
2016-04-07,139.10676471812616,140.93368215345785,138.845782684423,140.7596893310547,23616936
2016-04-08,139.6287453662193,140.0637202291196,138.4977992028359,139.19375610351562,16449003
2016-04-11,137.6278277009416,139.88971990648028,137.6278277009416,138.75877380371094,10198789
2016-04-12,139.10676689085696,139.36774892863642,138.4977992028359,139.19375610351562,13356425
2016-04-13,140.93369354581176,143.28258963822566,140.23772219994035,143.1085968017578,35296728
2016-04-14,143.9785378050274,145.45746947700917,140.4986960356935,143.54354858398438,27445992
2016-04-15,143.10857891202903,143.9785429856158,142.1516256309849,143.80455017089844,12375627
2016-04-18,143.54356003617218,144.41352414786363,142.7605995355515,144.1525421142578,9889521
2016-04-19,144.06553850318704,144.84851340361095,142.1516318572691,144.1525421142578,14793078
2016-04-20,143.97853579622432,143.97853579622432,140.4986940754415,140.8466796875,16790217
2016-04-21,141.80362688790362,142.93457287907805,141.02066649398307,142.2386016845703,14231766
2016-04-22,140.06370343356488,141.80363147613167,139.36773221653817,141.629638671875,9564153
2016-04-25,139.54174060639406,140.06371907746455,138.84578371143675,139.1067657470703,11638578
2016-04-26,140.06371804144197,140.93368215345785,138.1498113948103,140.7596893310547,9379764
2016-04-27,139.36774145909382,139.45474506689288,137.80182051673708,138.75877380371094,12528863
2016-04-28,139.8027234341051,141.45564789837223,139.19374141056323,140.06370544433594,20240494
2016-04-29,139.19372374568624,139.45472012259634,138.14978143744617,138.2367706298828,11828173
2016-05-03,138.2367752628781,138.2367752628781,134.93092664308904,135.10491943359375,16637913
2016-05-04,135.45290756837468,135.45290756837468,133.45199763974642,134.40895080566406,17763120
2016-05-05,133.10402232949917,134.58295399096448,132.66904751135127,133.27801513671875,14810794
2016-05-06,133.36499974573857,135.27892055921538,132.40804653890092,133.88697814941406,17230759
2016-05-09,135.2789243328606,135.53990634207778,134.1479782932497,134.93093872070312,10223280
2016-05-10,134.23497231887828,136.32288606683304,134.23497231887828,136.0618896484375,12851789
2016-05-11,137.8017889172152,137.8017889172152,135.7138756064517,136.14886474609375,12567391
2016-05-12,136.23587903193146,136.23587903193146,133.97398692837768,134.14797973632812,14402019
2016-05-13,135.36591353599906,135.9748955571756,133.7129890781519,134.93093872070312,19625822
2016-05-16,135.80091649676055,139.45475139445065,135.53992006132364,139.1067657470703,23404798
2016-05-17,141.194650611299,142.93457866803672,139.97671537138447,141.7166290283203,24549516
2016-05-18,140.06369220572645,141.2816417378895,139.19372825418145,140.15069580078125,22409505
2016-05-19,135.10493379082095,138.41078276191342,135.10493379082095,136.7578582763672,38265315
2016-05-20,135.54457960062044,138.9484728788911,135.54457960062044,138.33750915527344,20811861
2016-05-23,139.29754961378706,141.04312465084126,138.59931382030285,138.86114501953125,13251183
2016-05-24,139.64664900728846,140.51944372379,139.29754556734375,140.0830535888672,13373091
2016-05-25,142.26506413111457,143.83608051620723,142.09050514980882,143.57424926757812,23409279
2016-05-26,143.92332371954384,143.92332371954384,141.8286165771431,142.9632568359375,15683329
2016-05-27,144.0106079865959,149.94559760569885,143.57421785214743,149.4219207763672,44773664
2016-05-30,149.4219337446221,150.55655974998638,147.85090312027813,148.2873077392578,23596862
2016-05-31,150.1201501425055,151.60389387229924,149.24735546419882,151.25477600097656,61001414
2016-06-01,150.12015007351613,150.90565806030352,148.20000178212385,148.7236785888672,18820645
2016-06-02,148.37457434916308,148.81097895153684,146.9781171828742,148.54913330078125,23281378
2016-06-03,148.63643998580045,150.38201529003842,147.93820408544184,149.0728302001953,29770035
2016-06-06,148.46187342283272,151.86575159312108,148.46187342283272,151.69119262695312,18571284
2016-06-07,152.73855323281782,154.3095839983636,152.30216302127323,154.13502502441406,18717376
2016-06-08,154.1349816061695,154.1349816061695,152.3893923583888,153.52403259277344,20471607
2016-06-10,155.79329310893414,155.79329310893414,152.56396003854135,152.8258056640625,22125813
2016-06-13,148.4618481962396,149.94559193322098,147.67632575863064,147.93817138671875,22963768
2016-06-14,147.3272126413579,147.85087496977786,146.2798590912092,146.89080810546875,19234867
2016-06-15,146.36713090430084,151.9530020421783,146.0180130552676,150.99293518066406,20437650
2016-06-16,150.81837345140983,150.9929323726802,146.9780916301155,147.32720947265625,16373368
2016-06-17,148.81099199905785,149.509213420093,146.19260749520913,147.41452026367188,19396087
2016-06-20,148.37458632345917,149.42194011769303,147.50179149493096,148.9855499267578,10227479
2016-06-21,150.1201621162145,151.25478806518424,149.24736736829294,150.90567016601562,10939128
2016-06-22,151.0802461931544,155.26964701007572,150.90568722383858,154.5714111328125,21298592
2016-06-23,153.61130564133762,153.96042349273353,151.25476736774235,153.69857788085938,13274020
2016-06-24,152.56398745779288,155.00781298414418,146.71628376115322,151.69119262695312,33187954
2016-06-27,148.46185941604773,150.2074344663814,148.46185941604773,149.16009521484375,16988903
2016-06-28,145.75619979026257,149.07280531669363,145.75619979026257,148.81097412109375,19473594
2016-06-29,148.7237095966526,150.73113055104017,148.7237095966526,150.46929931640625,14701784
2016-06-30,152.65123877332604,154.1349824184315,151.60388521913828,153.69857788085938,18351024
2016-07-04,155.4441897328237,156.66610239032363,154.48412272525914,156.14242553710938,17603616
2016-07-05,156.2296702179672,156.2296702179672,153.69857309744688,153.96041870117188,10372609
2016-07-06,151.95303503172664,153.1749477686246,150.99296796177842,152.12759399414062,12648442
2016-07-07,152.73851262207066,154.83321975251562,152.3893947669965,153.87313842773438,8695388
2016-07-08,154.65868981963754,155.7060291345555,153.96045397858737,154.484130859375,14996754
2016-07-11,157.01522103351348,157.80072909371387,156.40425747855173,157.1024932861328,13937686
2016-07-12,158.58623629206772,158.58623629206772,155.7933075235784,157.88800048828125,15012680
2016-07-13,157.80072341736155,158.58623144930593,157.45160552612938,158.14984130859375,12159515
2016-07-14,157.6261746867337,160.5936625078597,157.01522556081275,160.1572723388672,13745514
2016-07-15,160.85548002454243,162.51378260190998,159.80812646620888,161.2918701171875,16802066
2016-07-18,160.59368155228492,162.16471235094548,160.33185030917087,161.4664764404297,10883330
2016-07-19,161.0300808818371,161.4664710881146,159.80816807893862,159.98272705078125,12781610
2016-07-20,160.94275870444466,162.3392301714351,160.15725072759008,161.9901123046875,14458815
2016-07-21,162.51379635842187,162.77562754684158,160.85549364068189,161.11732482910156,16049608
2016-07-22,161.46646276567026,161.99013965420636,160.24455002575263,161.64102172851562,8458286
2016-07-25,163.1247717591432,164.0848388671875,161.6410277430771,164.0848388671875,8439436
2016-07-26,162.51380196848265,165.56857632099536,162.51380196848265,162.60107421875,15964111
2016-07-27,162.3392413497375,164.95761108398438,162.3392413497375,164.95761108398438,13113157
2016-07-28,163.64842621686094,165.30672897477143,162.86291818591812,164.95761108398438,12633362
2016-07-29,165.04490110140807,165.65585019925226,162.775634765625,162.775634765625,14483041
2016-08-01,163.21203945369106,163.8229885518814,160.768214167617,161.03005981445312,22485710
2016-08-02,161.03005981445312,161.03005981445312,161.03005981445312,161.03005981445312,0
2016-08-03,158.8480714419657,159.72086613900706,158.4116668701172,158.4116668701172,19972701
2016-08-04,159.45902212519192,160.24453013717485,158.58622741929102,159.3717498779297,10456799
2016-08-05,159.720867746437,162.42650966451149,159.28446317019652,161.11732482910156,10883081
2016-08-08,162.51378366704583,164.87032196541412,162.51378366704583,164.7830352783203,12916813
2016-08-09,164.52121452769103,165.3940092206207,163.6484198347614,164.25936889648438,8822743
2016-08-10,163.2993307284838,164.95763371389052,163.21205846714253,164.0848388671875,8140708
2016-08-11,163.03746760267995,164.69577026367188,163.03746760267995,164.69577026367188,12354091
2016-08-12,166.2667862040719,167.13958087987382,163.6484166233214,163.91024780273438,19691773
2016-08-15,164.0847949721561,167.31412781773548,164.0847949721561,166.7904510498047,14308764
2016-08-16,170.63075980058096,172.37634930220224,168.97245699736897,170.54348754882812,26651961
2016-08-17,170.5434835985432,172.72546320170056,167.31415031867283,168.4487762451172,20039183
2016-08-18,178.9222862594149,178.9222862594149,174.2964813552545,177.17669677734375,44816218
2016-08-19,178.92229201605673,178.92229201605673,175.95478980105943,176.1293487548828,13630433
2016-08-22,176.30391622760737,178.74774169921875,175.7802393408335,178.74774169921875,12423713
2016-08-23,178.22403997296755,179.27139360054332,176.65300953160394,177.7003631591797,9675377
2016-08-24,177.7003582511319,178.57315291667194,174.90742976805876,175.4311065673828,14776232
2016-08-25,176.30388184519094,176.30388184519094,174.1219024658203,174.1219024658203,11923473
2016-08-26,173.86007135709968,176.82755869114305,173.86007135709968,174.9074249267578,8773332
2016-08-29,175.2565348291471,176.4784328249701,174.5582991477317,175.7801971435547,10675812
2016-08-30,177.0021520766392,178.92230066147673,176.30391622760737,178.74774169921875,12744067
2016-08-31,178.92229201605673,178.92229201605673,175.4311273862461,176.1293487548828,16615992
2016-09-01,175.4311337081295,177.5258267828381,175.25657474801568,176.8275909423828,14759342
2016-09-02,176.8275845701763,178.57317410841,175.60568634006947,176.1293487548828,17820105
2016-09-05,178.5731641821865,183.80991805913905,177.7003694615851,183.46080017089844,20504634
2016-09-06,183.28623329328383,189.22120824316767,182.4134386104612,187.6501922607422,20672647
2016-09-07,188.52298873215,188.8721066353444,184.333588340473,186.0791778564453,19099614
2016-09-08,184.6826903391449,188.5229724969096,184.50813140258035,187.6501922607422,16807110
2016-09-09,187.3010800054822,188.69753709322825,185.2063727038794,186.60284423828125,21996630
2016-09-12,183.28626165084327,183.8099385415588,180.1442003065501,180.6678771972656,21609933
2016-09-13,182.4134287911135,184.68268039764305,180.8423984466014,181.54063415527344,16128610
2016-09-14,180.31875670261311,182.9371411189083,180.31875670261311,182.06434631347656,8348334
2016-09-15,181.540648607568,185.20637192326663,181.540648607568,183.11167907714844,19588828
2016-09-19,184.8572507927074,185.20636866870143,181.1915275414252,182.76255798339844,19949801
2016-09-20,183.2862315642376,183.46079049915545,181.54064221505928,182.41343688964844,13165684
2016-09-21,182.0643357309204,184.50814659742443,181.19154097622013,184.3335876464844,12491005
2016-09-22,186.77742479855684,188.34844100993976,186.0791889505389,187.3011016845703,19357149
2016-09-23,186.2537153258954,192.7123668967513,185.5554796000397,190.443115234375,27092906
2016-09-26,189.74489976509872,189.74489976509872,185.20638150917307,185.9046173095703,20158909
2016-09-27,187.65018266675915,189.7448753517831,186.77738802855976,188.3484039306641,15991298
2016-09-28,186.77740950338097,189.5703382200828,186.77740950338097,189.04666137695312,8857345
2016-09-29,190.2685820214461,190.6176999315641,188.52299247085605,189.91946411132807,12064880
2016-09-30,187.8247657606628,189.2212229148008,185.9046173095703,185.9046173095703,16121230
2016-10-03,188.87213448673032,189.91948835075817,188.1738985773784,189.22125244140625,10868429
2016-10-04,189.57035985561004,189.9194777908744,187.9993435935785,189.7449188232422,8387074
2016-10-05,189.04668295271352,189.7449188232422,188.3484470821849,189.7449188232422,7220623
2016-10-06,190.2685957261387,190.2685957261387,189.04668295271352,189.7449188232422,11567729
2016-10-07,189.04667345972555,189.74490929519223,187.99933415318267,188.6975555419922,9649372
2016-10-11,189.7448753517831,190.4431110623426,187.1265058838395,188.3484039306641,13782859
2016-10-12,186.42829735641263,186.9519742156897,184.1590309662122,186.2537384033203,18077963
2016-10-13,184.1590198903368,186.07916825886912,182.76256279624192,183.28623962402344,18317234
2016-10-14,181.88976008489493,184.15901179217155,181.88976008489493,182.41343688964844,15214223
2016-10-17,182.41346582295688,183.2862606359834,180.8424351595091,182.2389068603516,10598083
2016-10-18,182.762565931772,186.07917145129983,182.4134480405947,185.3809356689453,13302412
2016-10-19,184.5081289641033,187.1265129779668,184.5081289641033,185.73004150390625,8225098
2016-10-20,186.77740638723367,187.9993190008168,186.25372955284087,186.95196533203125,8929043
2016-10-21,186.95196533203125,186.95196533203125,186.95196533203125,186.95196533203125,0
2016-10-24,186.6028721289443,187.9993438720703,185.2064003858184,187.9993438720703,16891604
2016-10-25,188.69752981266825,188.69752981266825,187.4756317138672,187.4756317138672,9084248
2016-10-26,185.90461089838792,188.3484216688436,185.2063751220703,185.2063751220703,9518945
2016-10-27,185.5555270970292,186.25376300161363,183.2862748537882,183.80995178222656,11592317
2016-10-28,183.80990020845755,183.984444688971,179.09682362157588,181.54063415527344,19398159
2016-10-31,182.41341152206505,182.41341152206505,179.6204833984375,179.6204833984375,13119041
2016-11-01,181.3660687305163,182.93709901874493,180.84239196777344,180.84239196777344,16299727
2016-11-02,178.92229748293954,180.14419575038087,177.52582580968408,178.39862060546875,15046194
2016-11-03,176.65301192355452,177.52580662501896,175.25655484786708,176.30389404296875,18943886
2016-11-04,174.3837753950291,176.47846841505418,174.1219297383654,174.55833435058594,18465944
2016-11-07,173.68554160760232,180.49331206076093,173.68554160760232,178.22406005859375,17448960
2016-11-08,179.62051230787796,180.8424104323838,178.3985997367166,179.44595336914062,13403896
2016-11-09,180.493297446358,180.493297446358,174.12191767976122,176.65301513671875,36505960
2016-11-10,180.14420972423773,182.7625943147009,179.795106225501,181.7152404785156,20586129
2016-11-11,177.1767042372815,177.87494005950884,174.55833435058594,174.55833435058594,49194464
2016-11-14,170.8926137483869,171.06717270702632,167.7505524928774,168.09967041015625,54598070
2016-11-15,165.8303930681776,169.32155726112327,165.56856189353502,168.62332153320312,33291131
2016-11-16,171.06715313214784,174.12191288880172,170.63074856215763,171.8526611328125,29288996
2016-11-17,170.19433430453677,172.55087241901902,168.79786299324255,170.019775390625,29581220
2016-11-18,170.2816419002567,172.37634930220224,169.1470159475311,170.54348754882812,18543332
2016-11-21,170.28164279551297,170.71804739654092,167.57600072375973,168.9724578857422,16434738
2016-11-22,170.9798808959618,171.3289988028099,169.40886476180194,170.89260864257812,14110586
2016-11-23,171.24173800371722,171.3290102629385,168.88519919819277,169.58343505859375,16951978
2016-11-24,168.88518974940584,169.40886661540793,167.31415915139965,167.75054931640625,16768475
2016-11-25,168.62333519123604,169.14701202959253,167.6632682109105,168.4487762451172,8480037
2016-11-28,168.448771417099,171.7653912982971,168.448771417099,170.45619201660156,17956724
2016-11-29,171.93994072083774,172.63817650531308,168.4487762451172,168.4487762451172,21417285
2016-11-30,168.3615175771665,169.757989258771,167.66328173636424,169.05975341796875,19411051
2016-12-01,170.19437050094248,170.54348840301537,168.71062664046113,169.7579803466797,16775956
2016-12-02,166.7032012939453,167.1395914360802,165.48128867064906,166.7032012939453,34338203
2016-12-05,165.83041381835938,168.09966577139392,165.13217800306975,165.83041381835938,16142705
2016-12-06,167.48872315083236,167.92511332898133,165.48130232736395,165.74313354492188,11749403
2016-12-07,166.4413645306498,167.05232809821968,165.48129749874172,166.00497436523438,10800382
2016-12-08,168.27420843920845,168.7978852499929,165.91767001400615,166.61590576171875,17118684
2016-12-09,164.9576046508281,166.17951722092965,162.68835289586653,164.25936889648438,24940671
2016-12-12,165.74311180772187,165.74311180772187,160.94276269101957,161.55372619628906,23822970
2016-12-13,163.21203775724626,163.21203775724626,161.29188933814632,162.60107421875,17779847
2016-12-14,164.0848301585255,165.39402958242442,163.03749084472656,163.03749084472656,20099564
2016-12-15,161.81555573997963,162.51379148369566,159.5463040195578,160.59364318847656,25823391
2016-12-16,159.10990662349218,161.11732725377212,159.10990662349218,160.50637817382812,23621862
2016-12-19,159.02264404296875,159.80815211446102,159.02264404296875,159.02264404296875,11859570
2016-12-20,158.84808833606974,160.33183225551417,157.62617563025668,158.58624267578125,13931792
2016-12-21,158.58623943362886,160.1572700232702,158.58623943362886,159.02264404296875,12278741
2016-12-22,159.9826973247917,160.4190874499846,158.14983568433257,158.4116668701172,16305544
2016-12-23,157.9752937294232,157.9752937294232,156.75338102219294,156.84066772460938,17747649
2016-12-28,157.9753005053437,161.72831104376888,157.36435134885215,160.2445526123047,19765965
2016-12-29,159.72087556464157,165.30673306203445,159.72087556464157,163.73570251464844,23995160
2016-12-30,165.8304041902502,166.52863996500025,164.9576094718126,165.56857299804688,14733805
2017-01-03,164.08483468230335,166.79049141474755,164.08483468230335,165.30674743652344,10454200
2017-01-04,166.17952370173907,166.26679595110778,164.17210305304152,164.95761108398438,12378814
2017-01-05,166.70321154299933,169.4961404070177,166.441365884295,168.71063232421875,22284386
2017-01-06,171.241697515316,171.76537428679856,169.93249836328246,170.2816162109375,21779703
2017-01-09,171.67813045184593,171.8526894192428,170.3689454196985,170.7180633544922,14758563
2017-01-10,172.37632353619932,172.81271362304688,171.15441106771016,172.81271362304688,16953594
2017-01-11,174.55834069049885,175.7802389771188,173.4237146614986,175.25657653808594,22458865
2017-01-12,175.4311349024493,175.4311349024493,171.59085220045813,173.510986328125,17749483
2017-01-13,173.68554439220048,174.73289815460328,173.42371317492842,174.29649353027344,11016828
2017-01-16,174.2964856862392,174.2964856862392,171.0671667341487,171.67811584472656,12583601
2017-01-17,174.47102184196817,174.47102184196817,172.37632913178712,172.55088806152344,9595424
2017-01-18,173.33642647139953,174.38378023380236,172.81274959019814,174.29649353027344,11891661
2017-01-19,175.08198379433475,175.08198379433475,173.07456334317996,174.1219024658203,10483465
2017-01-20,173.6855138814821,174.03463174095475,172.55088806152344,172.55088806152344,8338310
2017-01-23,171.4162853674038,173.94736852006767,171.4162853674038,172.63818359375,7657806
2017-01-24,173.59826506015213,173.59826506015213,171.85267552729076,172.63818359375,9573478
2017-01-25,175.4311354999827,175.4311354999827,173.8601048429118,175.25657653808594,18459705
2017-01-26,176.65303571664265,179.2714201737016,176.12935882523087,178.92230224609375,22821208
2017-01-27,179.44597436041036,179.44597436041036,178.2240616463118,178.39862060546875,9456348
2017-02-01,176.3038846204294,180.4932845169011,175.25654548130262,180.3187255859375,21146725
2017-02-02,180.6678482491584,181.88976079837624,178.3985965329804,179.09683227539062,15452583
2017-02-03,179.2714201737016,180.14420054606364,176.65303571664265,178.92230224609375,13587294
2017-02-06,180.14417308745425,181.0169677734375,178.3985981621431,181.0169677734375,10028450
2017-02-07,179.79510024050427,181.0169985620544,178.3986285054095,179.27142333984375,12519260
2017-02-08,178.3986021350979,179.09683789943426,176.65301272425688,178.0494842529297,17332490
2017-02-09,179.4459727618068,180.6678710183628,178.22406005859375,178.22406005859375,14066435
2017-02-10,179.27141638397634,179.7950932643178,176.65303198226897,176.8275909423828,14466217
2017-02-13,177.1766863453918,178.92227572468474,177.1766863453918,177.7003631591797,12441965
2017-02-14,177.35126941261518,177.87494629765123,177.0021514892578,177.0021514892578,12736486
2017-02-15,176.478443551393,181.36607917171915,176.478443551393,180.3187255859375,22745353
2017-02-16,183.2862547110168,185.90462461879667,181.5406651413922,185.0318298339844,33253023
2017-02-17,186.42828773062607,187.650200339182,184.8572572339115,185.2063751220703,20148019
2017-02-20,186.0791994154484,187.82478913366344,185.5555224999838,186.7774353027344,15608270
2017-02-21,186.42830888897703,187.47566267232105,183.28626198560275,184.15904235839844,16247877
2017-02-22,185.031808212274,187.6501922607422,185.031808212274,187.6501922607422,15493226
2017-02-23,188.1738530074727,188.87208874773344,186.77739597360645,187.4756317138672,17061291
2017-02-24,186.25373610682485,186.95197191058503,184.3335876464844,184.3335876464844,18684532
2017-02-27,184.1590215007236,186.42828777428727,182.9371233385376,183.46080017089844,15340167
2017-02-28,183.98448305847305,184.68271891276044,180.6678771972656,180.6678771972656,17749230
2017-03-01,180.6678756124312,181.0169935365124,178.92230043868273,180.49331665039065,20775341
2017-03-02,183.80993369499384,184.15903716627503,180.14419555664065,180.14419555664065,17148829
2017-03-03,179.79505288894174,182.23886333508776,178.2240226007131,180.84239196777344,17609661
2017-03-06,180.3187614008529,183.63538174790864,180.3187614008529,182.5880279541016,12336315
2017-03-07,182.2388994018495,185.55550510895387,182.2388994018495,184.8572692871093,13067498
2017-03-08,183.46080012793223,185.5554930102292,183.46080012793223,185.2063751220703,11776159
2017-03-09,185.90460768752465,185.90460768752465,182.58800225395493,183.11167907714844,15321112
2017-03-10,182.762565931772,185.73005356012257,182.58800698618333,185.3809356689453,17222422
2017-03-13,185.90463625738133,188.34844736119385,185.7300772894906,187.9993438720703,21709182
2017-03-14,188.52299997194424,188.52299997194424,186.60286583655235,187.3011016845703,16385056
2017-03-15,185.9046299885344,188.17388204793528,185.9046299885344,187.3011016845703,11648919
2017-03-16,189.9194733732581,192.71240234375,188.6975606282552,192.71240234375,29472454
2017-03-17,193.9343093245945,194.4579861997452,192.7123966159096,193.7597503662109,23985074
2017-03-20,193.7597232603787,199.1710357666016,193.5851643264149,199.1710357666016,26574247
2017-03-21,198.9964968598891,200.5675129770172,195.3307733243814,199.6947326660156,30756406
2017-03-22,195.5053340677117,198.12370391802688,194.98165720831733,196.5526733398437,26936128
2017-03-23,193.5851993075448,195.1562299971065,190.44315237507885,194.632553100586,43016288
2017-03-24,194.80709825518588,196.7272322929752,194.10886244266004,196.5526733398437,18015721
2017-03-27,196.55265486074487,199.3455978482669,194.9816388769192,196.2035369873047,22354447
2017-03-28,198.12372564751507,198.12372564751507,196.2035769524741,197.2509307861328,15634696
2017-03-29,200.74206549119867,200.91662443713253,197.7745778569782,198.9964904785156,17493457
2017-03-30,200.0438524024729,200.0438524024729,196.5526733398437,196.5526733398437,18862139
2017-03-31,196.72721376648164,197.6000084499448,194.2834030994402,194.4579620361328,17483197
2017-04-03,197.2509091523696,197.2509091523696,194.10886244266004,196.5526733398437,14147961
2017-04-05,198.9964968598891,199.6947326660156,197.4254662961044,199.6947326660156,23403510
2017-04-06,198.8219315325817,199.6947262622513,197.6000189110443,198.9964904785156,12139873
2017-04-07,198.9964993647201,199.171058318449,195.67989369052856,198.2982635498047,16193589
2017-04-10,198.99647758047408,199.3455954497137,196.72721143041665,197.6000061035156,8113207
2017-04-11,198.99648160645032,198.99648160645032,195.6798762282297,196.3780975341797,10247714
2017-04-12,196.7272468208853,201.6148834228516,196.55268785486305,201.6148834228516,17074748
2017-04-13,200.3929371274632,204.0586748005162,199.6947158268704,201.26573181152344,22411276
2017-04-18,201.61486022086825,202.31309600460392,198.9964904785156,198.9964904785156,16069034
2017-04-19,198.9964920032334,201.9639796601909,198.9964920032334,200.9166259765625,18015803
2017-04-20,203.01130786324327,206.50247192382807,202.13851323643345,206.50247192382807,23213880
2017-04-21,207.37532626587435,209.1209015754907,204.0587201756105,206.3279724121093,18430378
2017-04-24,209.46998604131457,209.46998604131457,206.5024983766821,207.7244110107422,15781864
2017-04-25,208.4226542961811,211.9138336181641,207.02619701404564,211.9138336181641,20382474
2017-04-26,212.786589033246,213.4848248157103,209.81910140442844,210.866455078125,22354166
2017-04-27,211.39015489402144,213.83396595164385,208.94632938974144,213.4848480224609,18763024
2017-04-28,213.6593974387444,213.6593974387444,211.56470440391547,212.4374847412109,14589619
2017-05-02,213.83394965272188,216.8014373779297,213.6593907014357,216.8014373779297,21024042
2017-05-04,216.1031950703049,216.1031950703049,211.9137950922164,212.7865753173828,25669932
2017-05-05,212.26291296094504,212.96113425174715,211.0410004203948,212.7865753173828,16164693
2017-05-08,215.7541161599457,215.7541161599457,212.43749580814688,213.659408569336,20945524
2017-05-09,216.4523082317896,218.8961334228516,214.35761537182088,218.8961334228516,21347685
2017-05-10,219.9434992026341,222.91098693730729,217.49967387683304,218.54702758789065,32093525
2017-05-11,217.84877894481824,222.5618559202252,217.6742200032604,222.2127380371093,22014222
2017-05-12,223.6092222950188,226.2275921207408,222.73642753755925,225.35479736328125,28045749
2017-05-15,226.57671642004047,227.4495112021392,225.00568581226275,226.05303955078125,23393487
2017-05-16,228.32228895269824,228.32228895269824,223.6092119275907,225.8784637451172,24895556
2017-05-17,227.62404590982325,227.9731637854713,225.3547797181109,226.75125122070312,19532075
2017-05-18,224.30744293294427,236.8756288038535,224.30744293294427,230.4169769287109,58620075
2017-05-19,232.74596023166416,237.2958684309864,232.0459698985505,234.84591674804688,31780317
2017-05-22,237.6458559610772,242.1957784971512,236.5958849781045,240.97080993652344,29457838
2017-05-23,244.1207472881932,245.5207279663217,237.8208632025317,240.7958221435547,37915344
2017-05-24,241.14580399810512,241.3207870902512,235.3708985026477,239.3958282470703,25105604
2017-05-25,239.2208368374841,242.5457763671875,239.2208368374841,242.5457763671875,19587660
2017-05-26,241.1458319128461,244.1207620680645,240.9708343174851,243.24578857421875,18247355
2017-05-29,243.24576278601347,243.4207458798641,239.74582573280605,240.44581604003903,18197484
2017-05-31,240.4458181368834,242.37077701560344,233.97092222147035,234.1459197998047,40352679
2017-06-01,233.62091813946776,238.6958332343222,229.9459836178027,237.2958526611328,34581882
2017-06-02,241.14579761723823,241.14579761723823,235.72088741553432,236.24588012695312,19589733
2017-06-05,237.820856344368,239.39583456184403,235.370904711252,237.64585876464844,13521143
2017-06-06,238.170845221346,239.5708258221738,237.6458524960355,239.3958282470703,13436828
2017-06-07,240.2708247903659,241.1458126974485,236.94588522641,238.6958465576172,14193394
2017-06-08,238.6958477073233,240.0958283653987,237.47086463150737,239.2208404541016,16265348
2017-06-09,243.070773788229,247.9706768539313,241.6707787248098,242.72076416015625,75048140
2017-06-12,237.2958522545268,240.44580853880555,235.7208885953445,236.7708740234375,41243305
2017-06-13,239.3958258944037,239.3958258944037,237.12085744041576,238.3458404541016,24953487
2017-06-14,239.74581990963185,242.72076416015625,238.8708320468432,242.72076416015625,24527007
2017-06-15,242.3707868348989,242.3707868348989,238.870849609375,238.870849609375,19765217
2017-06-16,238.6958563532465,241.8457984650537,238.52085876464844,238.52085876464844,22701303
2017-06-19,240.4458179242488,244.1207381001047,239.92082518971,243.9457550048828,18401489
2017-06-20,247.4456799496891,248.32068233184447,244.29575247849348,244.9957427978516,17473874
2017-06-21,245.1707039286668,246.39570136074764,242.3707573850536,244.2957305908203,17917266
2017-06-22,247.2707254706296,248.3207110711865,245.34576635256803,246.395751953125,16894090
2017-06-23,247.2706861996323,247.44566928897515,245.17071533203125,245.17071533203125,13845405
2017-06-26,245.87073237551883,249.3706842023659,245.69574926713528,248.4956817626953,17850325
2017-06-27,249.02066123087,252.3456006123779,247.4456686015872,251.99560546875,21733077
2017-06-28,248.4956488611816,251.12062686672127,246.74570214537349,247.44566345214844,27530360
2017-06-29,251.12066011578943,251.2956432241729,247.2707131062577,248.4956817626953,17264372
2017-06-30,244.1207185437032,245.52069905698804,242.7207525133748,244.2957305908203,22691044
2017-07-03,243.5957233462474,245.69569396972656,243.0707451733332,245.69569396972656,14080981
2017-07-04,243.94575316070365,244.29574831441693,233.0959468444646,235.5458984375,42328853
2017-07-05,233.2709326160821,239.22083581454936,227.846036637169,237.1208648681641,48238652
2017-07-06,240.27082798885152,240.6208231563437,237.29586906516795,237.82086181640625,18328237
2017-07-07,234.3209403304655,236.77090666712672,233.6209499485624,235.3709259033203,19581469
2017-07-10,236.2458926098498,237.9958539240876,235.7208998706911,237.64585876464844,14142307
2017-07-11,239.5708342737424,244.1207424210293,239.5708342737424,243.59576416015625,20477200
2017-07-12,244.64573476697032,247.7956620724432,244.12072757211536,246.04571533203125,16704154
2017-07-13,249.895642814,250.59563312424467,247.2706936335398,248.8456573486328,20494348
2017-07-14,249.370660250851,249.72065539991945,247.09570626486365,249.1956481933593,12881086
2017-07-17,251.9956311241911,252.6956214827123,248.6706914041741,249.3706817626953,15525344
2017-07-18,250.77066508487,251.4706264847453,249.5456674617733,250.9456481933593,12337832
2017-07-19,253.5705373024988,261.4454125626703,252.6955640362177,260.74542236328125,30782460
2017-07-20,262.32041888747426,262.4954309423325,258.9954795043113,259.8704528808594,17355113
2017-07-21,260.74545522332187,263.0204091750785,258.1205061277631,259.8704528808594,12553464
2017-07-24,260.74547534568126,264.9453884295098,260.04548500405707,264.42041015625,16898345
2017-07-25,264.5953760382548,266.69534692645675,263.8953857421875,263.8953857421875,19891833
2017-07-26,265.12039820218865,265.6453764709027,260.74547308787834,263.37042236328125,16750289
2017-07-27,265.1203863260467,270.0202894895785,263.8953888107274,269.8453063964844,18776476
2017-07-28,266.52042092419344,268.970358519292,265.1204400321823,266.6954040527344,24146507
2017-07-31,267.2203114494742,275.0951575735428,267.2203114494742,274.2201843261719,23440874
2017-08-01,270.3702646058747,277.7201332894674,270.3702646058747,275.0951843261719,22560090
2017-08-02,275.62023475847855,278.0701720602652,272.82027330967384,273.520263671875,20054571
2017-08-03,271.94525307656914,273.5202457714055,269.4953159351181,270.0202941894531,25460876
2017-08-04,272.2952638068422,275.97019869509734,271.0702951660629,272.47027587890625,18677420
2017-08-07,275.97020419415827,281.22013197193235,275.6202379748912,280.5201416015625,23101541
2017-08-08,280.34510288223504,287.5199890136719,279.9951077303133,287.5199890136719,24701709
2017-08-09,285.24504812890854,291.3699490862935,285.24504812890854,288.91998291015625,28263945
2017-08-10,286.9950170728415,289.0949590645836,282.4450799979164,285.77001953125,29923947
2017-08-11,274.74520796451986,279.2951449154411,271.42026852180413,271.770263671875,62556302
2017-08-14,274.7452064158091,284.1950464485397,274.7452064158091,283.4950561523437,33255457
2017-08-15,286.9950510889021,289.09499332953953,278.9451904296875,278.9451904296875,25954301
2017-08-16,279.47013493772414,284.02004303555753,279.47013493772414,282.7950744628906,25592632
2017-08-17,297.8447936444294,298.36980083957786,288.219970703125,288.219970703125,48084270
2017-08-18,284.02002192600827,288.2199635188502,283.14504857712296,285.07000732421875,26268279
2017-08-21,288.7449480730449,289.0949432134642,285.2450256347656,285.2450256347656,16931061
2017-08-22,286.9950076333235,288.04496411170265,283.4950561523437,283.4950561523437,15958695
2017-08-23,283.4950561523437,283.4950561523437,283.4950561523437,283.4950561523437,0
2017-08-24,291.3699333076299,291.3699333076299,284.5450423837965,286.4700012207031,25415855
2017-08-25,287.86994888370765,287.86994888370765,282.2700561052094,287.344970703125,21618899
2017-08-28,286.1200401288471,287.8700160824798,281.2201364245938,282.6201171875,24237366
2017-08-29,280.1701245524032,281.74508827986915,275.2702213081116,279.82012939453125,24089503
2017-08-30,284.8950461151838,286.6450219132319,282.6200920606791,285.77001953125,19126096
2017-08-31,285.7700544207238,289.0949943599971,285.7700544207238,287.8700256347656,18785051
2017-09-01,290.31994547439024,290.66994062057995,285.4200134277344,285.4200134277344,25442935
2017-09-04,284.37000505410134,285.2450073319621,281.22007795835714,281.7450561523437,16837199
2017-09-05,282.7950980694535,285.245064385216,281.0451221296231,281.57012939453125,15008868
2017-09-06,280.6951313530436,284.8950736746425,279.29517954509583,283.67010498046875,18723440
2017-09-07,285.7700404134187,285.94505248897013,280.3451295260111,280.5201416015625,17591503
2017-09-08,282.7950980694535,283.4950884453856,281.2201342065652,281.57012939453125,11756603
2017-09-11,282.44507225468726,289.4449462890625,281.92009401262294,289.4449462890625,25870476
2017-09-12,293.1198501652339,293.2948622048591,289.0949208447968,291.3699035644531,16566521
2017-09-13,293.1198769447814,293.1198769447814,289.2699593122395,292.2449035644531,16057743
2017-09-14,293.1198971993805,296.96984406386844,292.06991169088377,294.869873046875,20670691
2017-09-15,294.86983015050384,298.0197862177522,292.4198643204218,296.4447937011719,26654363
2017-09-18,298.36976567175896,302.74468994140625,298.36976567175896,302.74468994140625,19950732
2017-09-19,304.8446424522898,305.8946277903734,300.46971802656407,301.1697082519531,23805992
2017-09-20,300.1197231021956,303.9696693442514,300.1197231021956,303.0946960449219,14833293
2017-09-21,301.86975083289025,304.8446953238049,301.3447725557534,303.79473876953125,16155790
2017-09-22,300.9947797834513,303.79474119296185,300.29478943107364,302.91973876953125,15571399
2017-09-25,302.0447933033964,302.56977163337234,297.8448507999096,298.89483642578125,24220766
2017-09-26,288.7449590232055,296.7948185922134,287.51999046824005,295.3948669433594,37668011
2017-09-27,295.3948567978057,298.89477924860614,294.8698496023414,296.0948181152344,14667760
2017-09-28,296.09479414565544,298.0197817519733,291.3699035644531,291.3699035644531,18758486
2017-09-29,292.7699106382623,295.2198768967916,291.5449419919564,294.1698913574219,13951342
2017-10-03,302.3947167716651,303.4447021484375,298.89476551575723,303.4447021484375,20087465
2017-10-04,304.8446936333236,307.11967673074577,304.4946984618676,305.7196960449219,12701200
2017-10-06,309.21962807774486,309.39464015168585,306.419695587947,307.9946594238281,14487329
2017-10-09,307.9946391503961,308.86961256475416,305.0196947824799,305.36968994140625,14596485
2017-10-10,306.9446825425308,308.5196464228708,306.0697090458792,307.294677734375,11740624
2017-10-11,307.29462766791363,308.51959615682944,305.71966404417697,307.6446228027344,19137854
2017-10-12,307.9946721529259,309.5696360538986,306.4197082519531,306.4197082519531,16134876
2017-10-13,303.7947612215555,306.41971073307093,303.0947708230289,305.5447082519531,22702392
2017-10-16,307.9946358881827,311.14459228515625,306.5946552673056,311.14459228515625,19079428
2017-10-17,311.84459125545743,311.84459125545743,308.86961787052144,310.4446105957031,13977610
2017-10-18,305.8946973817089,310.4446348818529,305.8946973817089,310.2696228027344,12989368
2017-10-19,311.6695892083346,311.8446012793876,302.39476048820654,302.91973876953125,23449818
2017-10-20,304.4947031306012,306.7696862629051,304.4947031306012,305.8946838378906,15533718
2017-10-23,307.6446637329005,307.6446637329005,303.96972881131256,305.01971435546875,10595815
2017-10-24,303.794773956071,305.89471627375764,302.2197810104058,303.9697570800781,16724078
2017-10-25,304.66971967812486,308.519637713816,304.4947076041839,307.9946594238281,14090958
2017-10-26,305.1946535480567,306.76964612062056,303.0947117278272,303.61968994140625,17168477
2017-10-27,304.49465470848537,305.0196618731885,303.09470318973973,304.3196716308594,17531746
2017-10-30,308.8696283579221,308.8696283579221,305.36970555561567,305.8946838378906,17940781
2017-10-31,307.9946304677301,308.3446256167897,305.7196764817997,306.0696716308594,13783739
2017-11-01,307.9946924471922,315.34456309058487,307.6446972277011,314.9945678710937,23893284
2017-11-02,315.6944846462106,319.01942397257744,312.8945235436221,316.5694580078125,19452048
2017-11-03,319.0194706592933,322.3444104722465,318.14449716964384,321.9944152832031,18034457
2017-11-06,323.3943667670496,332.14421673521605,319.01944178296634,329.8692626953125,27166292
2017-11-07,332.844250167114,342.1190795898437,332.66923808280325,342.1190795898437,27754538
2017-11-08,338.7941152314014,348.7689343406845,334.5942020675675,337.3941345214844,47712226
2017-11-09,337.0440785530503,343.3439906113934,337.0440785530503,339.3190612792969,25933099
2017-11-10,335.4691708654432,341.94406707585284,335.4691708654432,337.2191467285156,18605940
2017-11-13,336.8691498762138,342.9940508834692,336.8691498762138,339.14410400390625,19163714
2017-11-14,344.7440088736068,344.7440088736068,338.9691318171704,339.4941101074219,22230031
2017-11-15,335.81916147830265,339.4940962578981,335.1191711425781,335.1191711425781,25422987
2017-11-16,339.6690427894616,344.56894522823563,335.99410871890336,342.8189697265625,35345748
2017-11-17,347.36897826637005,354.3688527627773,347.36897826637005,352.9688720703125,37470351
2017-11-20,354.7188711382772,367.49365234375,354.7188711382772,367.49365234375,38218249
2017-11-21,371.8684838414871,384.6432618188333,368.19354969498414,376.243408203125,54746452
2017-11-22,382.3683140544289,383.2433163862082,371.34351060813896,373.4434814453125,42958794
2017-11-23,371.8685049423892,377.99337622349617,365.9185877761263,367.1435852050781,34728566
2017-11-24,366.44364439529744,370.9935526998679,362.7687095444008,363.8186950683594,35873166
2017-11-27,363.9936800462666,364.8686824703611,358.7437813653683,359.96875,27928747
2017-11-28,356.99377449499,366.9685927092202,351.91885935987784,366.7936096191406,42747219
2017-11-29,369.4185345913924,369.9435127932401,359.4437170289853,360.1437072753906,29368361
2017-11-30,348.9439172985085,354.7188227621328,348.2439270019531,348.2439270019531,60714160
2017-12-01,348.2439714650421,351.7439233946856,336.8691711425781,336.8691711425781,85727824
2017-12-04,335.9941377058701,348.06892626026774,330.04422048686865,339.84405517578125,50045677
2017-12-05,332.4942451364603,337.7441440558963,328.9942932128906,328.9942932128906,48151774
2017-12-06,328.1192622840173,333.7191554156571,319.544425021009,320.2444152832031,63243335
2017-12-07,327.0692975520224,331.96922969691514,321.2943920070708,330.7442321777344,42558258
2017-12-08,333.3691887539289,345.44397835908194,332.6691984319563,344.7439880371094,44977163
2017-12-11,340.7190345327955,355.5937843939665,340.54405144739894,354.71881103515625,34730716
2017-12-12,356.118826827818,359.4437664726526,342.4690441112162,344.0440368652344,35302834
2017-12-13,345.6189731836791,349.4688907965854,338.9690944225395,346.1439514160156,24550844
2017-12-14,350.8688848205244,352.2688654483063,343.5190154905847,347.5439453125,18092294
2017-12-15,343.34402386703044,345.2689826994604,340.3690795898437,340.3690795898437,25167742
2017-12-18,345.09395891530056,348.7688933641091,340.36906802333,344.9189758300781,21982724
2017-12-19,353.49385205263945,353.49385205263945,348.94394374609226,351.0439147949219,22898382
2017-12-20,348.7689201468374,350.3439128643552,347.1939563952356,347.7189636230469,14529489
2017-12-21,347.3689411894292,352.0938610392182,345.793948595557,349.8188781738281,19993760
2017-12-22,353.31884140108707,355.0688171386719,350.69389227766715,355.0688171386719,17514744
2017-12-27,356.81879173032786,356.81879173032786,350.86890272456094,351.0439147949219,18094575
2017-12-28,353.4938276086584,357.16876220703125,351.9188639139029,357.16876220703125,12650617
2017-12-29,356.9937806923889,356.9937806923889,352.9688509256254,355.2438049316406,18008940
2018-01-02,356.993766087631,365.7436155674976,356.64377094979983,365.568603515625,26121751
2018-01-03,370.99354286278094,373.44350902038894,366.6186177785819,369.4185791015625,24711172
2018-01-04,373.6184483995811,378.3433680962464,371.168511494579,377.8183898925781,30269938
2018-01-05,381.8433880125588,381.8433880125588,374.66850115462006,379.0434265136719,21650276
2018-01-08,381.6683396225092,384.2933177609241,379.5683976640586,383.768310546875,19520204
2018-01-09,385.8682409658605,390.5931605667415,384.11826537925424,388.3182067871094,26551332
2018-01-10,390.0682434454183,390.4182386435273,384.9933565217161,385.3433227539063,19533792
2018-01-11,381.49335028881393,383.2433260304966,375.7184448242188,375.7184448242188,29978406
2018-01-12,377.8184585215016,386.9183044433594,376.9434850344822,386.9183044433594,20826398
2018-01-15,389.7182362793013,392.69320985482767,379.0434265136719,379.0434265136719,25377720
2018-01-16,381.4933572199062,389.19322165728846,380.6183838161255,388.6682434082031,22337706
2018-01-17,387.6182053846933,392.86810302734375,384.2932663488931,392.86810302734375,26988551
2018-01-18,396.0180873394342,397.2430558194928,389.1931967427342,391.8181457519531,23643575
2018-01-19,395.66812603271177,396.36811635713394,391.99319131245335,395.8431091308594,15999418
2018-01-22,398.1180258057237,402.4929504394531,394.0930963013292,402.4929504394531,21006422
2018-01-23,407.9178919136388,415.2677612304688,405.6429378805087,415.2677612304688,25895533
2018-01-24,414.74278386714536,415.0927790242161,408.4429000057874,410.3678588867188,27042199
2018-01-25,407.9178683152495,409.667843995618,400.7430114746094,400.7430114746094,30083239
2018-01-26,406.1679454843984,412.2928466796875,405.99296237655017,412.2928466796875,23878481
2018-01-29,414.5677811901312,417.0177473450858,408.0929140866255,412.642822265625,24412234
2018-01-30,405.29293117574656,410.8928245514068,403.54295544400446,404.0679626464844,24142240
2018-01-31,398.643040073073,409.8428264791657,398.293044937513,405.6429138183594,29949603
2018-02-01,407.74287737947634,408.4428676381461,402.4929504394531,402.4929504394531,18570539
2018-02-02,401.6180148243843,402.4929882469541,394.6181405460785,395.8431091308594,26391074
2018-02-05,379.5683722301907,390.06816821662574,378.6933699207122,385.8682556152344,43815903
2018-02-06,370.1185739795464,372.2185449975819,356.2938082263545,358.7437744140625,94211751
2018-02-07,376.2434828279157,378.6934201009016,361.5437143604148,362.9436950683594,66226938
2018-02-08,366.4436105862547,370.9935184710388,362.2436688779178,367.6685791015625,38441912
2018-02-09,352.6188642687572,359.61873851447604,348.2439392444435,356.46881103515625,75019011
2018-02-12,361.19373137258594,367.3186326935812,358.393798828125,358.393798828125,36723678
2018-02-13,366.79363450191227,372.3935282530668,365.74364899246143,369.5935668945313,25714553
2018-02-14,375.0184769665888,380.6183996750417,373.0935180185164,379.3934020996094,24174326
2018-02-15,388.8432708158365,391.11822509765625,386.56831653401673,391.11822509765625,17741142
2018-02-20,393.7431723440192,396.3681507714719,389.1932638061489,390.0682373046875,22218239
2018-02-21,392.5181402598344,400.7430114746094,391.2931717665333,400.7430114746094,22134272
2018-02-22,398.1180841354964,398.29309620876217,390.5932312011719,390.5932312011719,24282571
2018-02-23,397.2431179460195,397.7680962436015,393.2181877781644,396.7181396484375,16262913
2018-02-26,398.99305217269233,399.8680255658369,392.3431732802319,396.36810302734375,23053641
2018-02-27,400.74301991758887,400.74301991758887,386.918255200284,390.2431945800781,23874550
2018-02-28,384.1182533202745,384.9932555690641,377.11838015951497,378.1683654785156,35320126
2018-03-01,376.2435017427435,391.4682202922377,374.4935257698365,391.11822509765625,29411827
2018-03-02,382.3683511362665,385.5183076975076,381.4933776855469,381.4933776855469,28086272
2018-03-05,381.4933221769992,384.6432782799112,371.8684997558594,371.8684997558594,26076395
2018-03-06,380.6183831262416,388.4932306437404,376.2434581834371,383.768310546875,26915822
2018-03-07,380.7933999934694,386.0432988040903,376.2434915530537,379.9184265136719,20888976
2018-03-08,384.9933064537481,388.4932290137581,383.2433306907856,387.6182556152344,18990363
2018-03-09,389.3682491247493,392.1682106814004,389.3682491247493,391.11822509765625,14129179
2018-03-12,398.4680209350586,402.4929504394531,397.94304272401286,402.4929504394531,27675689
2018-03-13,402.4929661280658,404.9429321289063,398.81803160976233,404.9429321289063,20069985
2018-03-14,400.21800370013614,405.8178969031825,396.893064395273,405.6429138183594,24528534
2018-03-15,401.7929812945817,411.24282131728944,400.74302481731615,410.0178527832031,26796560
2018-03-16,408.61787139357824,413.69278654273904,407.04290771484375,407.04290771484375,25924828
2018-03-19,406.8678948513572,411.59281484410366,404.0679626464844,404.0679626464844,17667618
2018-03-20,399.3430503458587,409.8428470067287,398.9930551927688,408.2678833007813,23814243
2018-03-21,413.1677987038482,416.14274290162086,403.01796864139067,404.7679443359375,30638140
2018-03-22,395.1431321119187,401.6180283478922,383.7683324059136,384.4683227539063,77938719
2018-03-23,354.3688759422676,371.6935657299466,354.3688759422676,367.49365234375,334582206
2018-03-26,366.9685796947763,377.1184096050396,360.8436793386608,373.2684631347656,51309206
2018-03-27,380.7933142930616,383.76825821394095,376.4183899468479,378.1683654785156,46259026
2018-03-28,367.4935918883585,373.9684585004952,359.96871089500934,360.668701171875,53115318
2018-03-29,362.2437169389781,364.8686953379176,354.54385175135377,358.393798828125,44600676
2018-04-03,354.0188371312315,360.8436991637197,350.5188856023285,358.21875,35674302
2018-04-04,357.1687799180325,360.4937484965933,347.8939514160156,347.8939514160156,38901621
2018-04-06,354.1938147869221,358.3937565571257,350.3438971301502,355.0688171386719,28840000
2018-04-09,356.99379856569965,362.76870438233885,353.66885893676846,358.7437744140625,23019594
2018-04-10,361.36870552300286,366.2686086859857,358.2187491544256,365.0436401367188,27752696
2018-04-11,368.3685536681169,372.3934831505735,365.0436144405147,367.1435852050781,25938299
2018-04-12,369.593560982993,370.6435464756497,357.6937833313835,361.543701171875,22350874
2018-04-13,364.5186244091433,364.6936074842248,356.29375366433413,356.9937438964844,21225866
2018-04-16,355.9438671360501,356.81884071021,349.2939868678561,352.6189270019531,27012047
2018-04-17,352.7938437007668,355.76881701776114,345.6189864322576,347.5439453125,30822960
2018-04-18,353.66886183062667,354.36885217569943,344.2190211380613,349.9939270019531,30504862
2018-04-19,353.4938244918882,356.2937856720239,350.5188802209513,355.0688171386719,23661354
2018-04-20,355.24379942184487,355.9437897152874,348.59392060005536,350.1688842773437,19643810
2018-04-23,347.893944485986,350.1688985494389,344.3940218420389,344.7439880371094,20954440
2018-04-24,347.0189514160156,349.4688884382725,344.91898056901186,347.0189514160156,15752695
2018-04-25,341.94407411262256,343.86903311865706,336.69414641536844,338.4441223144531,37775560
2018-04-26,339.4940430739956,341.768996825756,330.0442039880085,334.41912841796875,37924776
2018-04-27,341.2440356978992,341.9440259589582,335.1191353965897,339.84405517578125,28688551
2018-04-30,343.34407728226114,344.39406289036776,340.5441156606434,342.1190795898437,13973113
2018-05-02,342.1190536015096,347.19396917222707,342.1190536015096,344.2190246582031,20831779
2018-05-03,340.7190892992676,341.76907487816067,336.3441928360908,336.8691711425781,25931462
2018-05-04,340.8940410943165,340.8940410943165,334.2441625698902,334.94415283203125,20964183
2018-05-07,339.4941067861401,340.19409714357244,328.4693021054573,332.4942321777344,37171504
2018-05-08,335.9941662728896,344.39402115385974,334.244190471455,341.76904296875,36224701
2018-05-09,345.61897708106966,347.1939407617538,341.76903045883483,345.2689819335937,22713678
2018-05-10,349.1189103926835,355.7688184004933,348.2439369798769,355.4188232421875,33755045
2018-05-11,360.493747960596,363.1186972334212,356.9937962862182,357.6937866210937,26797340
2018-05-14,363.1186868453386,364.693650570794,357.8687594839616,360.3187255859375,22599949
2018-05-15,360.3187161686608,361.01870646521616,348.2439270019531,348.2439270019531,35947209
2018-05-16,348.7688871271853,348.9438991751918,341.7690134911033,346.6689453125,32123827
2018-05-17,370.9935748196049,371.1685869003245,358.04381051717905,359.6187744140625,74955163
2018-05-18,363.2624429799735,363.9640629412755,357.8249027965588,360.4559631347656,23222404
2018-05-21,365.36722761550567,366.5950477782357,357.8248291015625,357.8248291015625,23257886
2018-05-23,362.03457691247945,363.43781677067017,356.9478759765625,356.9478759765625,26655153
2018-05-24,360.4559465886897,360.8067565532374,353.0889663665379,356.9478759765625,18613513
2018-05-25,353.4397925435922,357.4740928042717,352.21197212802923,354.3168029785156,18172409
2018-05-28,357.4740613588384,357.4740613588384,351.8611311957013,355.36920166015625,14526461
2018-05-29,354.14137436682233,356.246234023984,352.562744140625,352.562744140625,13160068
2018-05-30,350.98411511868017,350.98411511868017,346.4236145019531,346.4236145019531,25215859
2018-05-31,348.0021961203874,352.38730565303734,346.598956424604,350.1070556640625,39887333
2018-06-01,352.21197212802923,354.3168029785156,349.2301018092685,354.3168029785156,25117731
2018-06-04,362.2100004506697,363.9640502929688,358.5265102985168,363.9640502929688,33930802
2018-06-05,367.2967521613927,368.3491821289063,364.3148817701136,368.3491821289063,28072883
2018-06-06,369.40154265812,372.7342224121094,369.05073273489234,372.7342224121094,25186960
2018-06-07,377.9963854452967,378.522585873628,373.43588495526,376.4177551269531,26781445
2018-06-08,374.137481311603,374.137481311603,361.85919048221,363.9640502929688,31380395
2018-06-11,368.3491463379793,369.226156709016,364.4902368320503,367.47210693359375,16793261
2018-06-12,368.699967433133,370.4539882282031,365.016477310126,366.0688781738281,13409569
2018-06-13,368.3491543672298,368.3491543672298,363.9640443497622,364.1394348144531,13245414
2018-06-14,366.2442876466913,366.2442876466913,358.3510781515684,361.3329772949219,19191130
2018-06-15,364.841069596508,365.718109055725,358.1757090665429,359.5789489746094,25145351
2018-06-19,359.5789588261511,359.5789588261511,346.5990183542696,348.00225830078125,37483293
2018-06-20,350.8086793769866,354.84297903013857,348.52842936288914,350.98406982421875,24910320
2018-06-21,354.6676190133602,355.1938485099779,347.4760578375152,348.00225830078125,21870491
2018-06-22,346.9498135113652,351.159533170966,343.09093285674817,348.5284729003906,21877375
2018-06-25,346.42359319852306,348.87926285909106,340.6352435152872,340.9860534667969,23526666
2018-06-26,336.7763747229834,342.38930510780574,333.2682750866259,338.5303955078125,32355415
2018-06-27,338.5303768441187,339.93361662129894,330.9880065917969,330.9880065917969,30462302
2018-06-28,328.8831964158745,335.37316684526013,327.4799564275368,332.39129638671875,29845947
2018-06-29,333.26825530802296,345.37115478515625,333.26825530802296,345.37115478515625,30707020
2018-07-03,346.42360237645323,346.42360237645323,334.6715122395483,342.7401123046875,27813680
2018-07-04,341.33686222244154,342.7401020235642,334.84689265892365,335.8993225097656,16352811
2018-07-05,335.89934563016294,340.28445579382986,332.56666538977817,338.1795959472656,15169460
2018-07-06,339.40745060483346,341.3368909772421,333.6191004542564,339.056640625,19526861
2018-07-09,345.7219679040303,349.0546478747257,343.96791817383587,347.30059814453125,19930676
2018-07-10,347.30062550774164,349.05467537613464,338.7058247026417,339.2320251464844,29062432
2018-07-11,331.5142160743404,335.1977060736842,328.88315593671604,332.7420654296875,26593165
2018-07-12,331.514230185104,337.47797062200976,330.46180027858827,333.2682800292969,16809758
2018-07-13,339.2319932959457,339.2319932959457,333.2682533366964,334.145263671875,13274208
2018-07-16,336.42556305690755,338.7058132923262,333.61908336202345,334.49609375,11972572
2018-07-17,333.2682369949405,333.7944373635759,328.88312746737495,329.5847473144531,16858980
2018-07-18,333.6190809473347,335.8993311662492,329.7601713947992,331.51422119140625,14319526
2018-07-19,331.51422255757126,333.79447278588265,329.05858186555105,329.40936279296875,11377999
2018-07-20,329.5847875379971,331.16341786991075,325.9012974079653,330.2864074707031,18527317
2018-07-23,331.16341084043927,331.16341084043927,323.7964307367515,325.37506103515625,21629587
2018-07-24,328.00613340971506,329.4093441399764,326.0766642180787,329.0585632324219,22624575
2018-07-25,331.6896252183931,333.2682554450405,330.1109659583977,333.0928649902344,20286285
2018-07-26,334.8468942815125,335.72393367813834,324.8488542000884,328.707763671875,24174597
2018-07-27,325.37507003002423,328.00615931123326,324.3226691575607,327.1291198730469,15688916
2018-07-30,324.49802793888006,325.19964780757795,317.1310483508996,322.0423583984375,27567692
2018-07-31,316.60485711986195,317.3064479754973,309.9394681745196,311.51812744140625,40113250
2018-08-01,316.4294421535014,316.780252103007,309.58866265481555,311.3427124023437,27888009
2018-08-02,309.413289650187,310.81652952736385,298.53820963541665,302.572509765625,44233582
2018-08-03,305.3789563203001,310.9918861854402,303.9757165956784,306.7821960449219,32836725
2018-08-06,313.7983728349121,313.7983728349121,306.9575935370901,309.5886535644531,23264362
2018-08-07,311.3426910951689,314.32456094522416,305.7297613205558,313.09674072265625,19668248
2018-08-08,321.51618162050335,321.51618162050335,316.254061252252,319.2359313964844,27607026
2018-08-09,321.86700962895884,329.2339901709461,320.11295973006884,326.7783203125,28883571
2018-08-10,329.2339667484022,329.409357209138,319.7621270015978,324.498046875,21180638
2018-08-13,318.3589097812797,319.76214970017185,315.90326895656955,316.6048889160156,18388373
2018-08-14,311.34272779960713,313.9737880343427,299.7660569601006,305.72979736328125,43572370
2018-08-15,300.818452040906,301.6954914578474,293.80228187212106,294.6793212890625,40449265
2018-08-16,280.6469133719035,291.69741108082854,279.7699031087668,285.733642578125,75116825
2018-08-17,293.8022856262723,297.13496577319574,292.5744652668846,295.55633544921875,46318425
2018-08-20,300.9938206066629,309.0624192904856,300.2922008051701,307.6591796875,37937774
2018-08-21,311.34273691621826,311.34273691621826,303.09874600375963,307.4838562011719,24719082
2018-08-22,310.4657397789982,316.2540901326784,306.4314393860321,315.20166015625,31393303
2018-08-23,318.3588698847975,318.5342893693511,310.46568988022307,314.8507995605469,21762519
2018-08-24,309.5886588624925,313.9737686609232,309.2378489172841,310.4656982421875,19032381
2018-08-27,315.2016489971235,316.6048889160156,312.39516915933933,316.6048889160156,15143111
2018-08-28,320.1129046801603,323.445584398254,316.9556154051181,320.4637145996094,22317297
2018-08-29,320.11296419937435,320.99000367773976,313.79841350855963,316.4294738769531,17066346
2018-08-30,316.78021994855226,318.00804013051913,311.6934907137179,313.4475402832031,13159722
2018-08-31,297.8365375042907,301.34463658247745,296.433326906361,298.1873474121094,55914177
2018-09-03,292.3990321211225,293.9776622146741,288.18931316052425,291.872802734375,30018660
2018-09-04,288.7155745362902,299.06445465174073,288.5401840592012,296.9595947265625,19553594
2018-09-05,291.3466596088357,292.3990895557092,283.4534495239604,284.856689453125,34147860
2018-09-06,277.13889216897246,283.1026326902411,273.6307924309612,275.9110717773437,48041591
2018-09-07,274.6832253381887,280.2961849800199,271.52596457300945,277.84051513671875,43323499
2018-09-10,279.59455667235886,282.40100737608554,273.4553967641788,275.0340270996094,26953805
2018-09-11,275.03402158978525,275.384831549892,269.4210912614272,270.1227111816406,32512854
2018-09-12,273.6307712284036,273.98158117502186,267.6670311692414,270.4735107421875,25480902
2018-09-13,276.08640597283625,283.9796142578125,275.3847861682452,283.9796142578125,33450124
2018-09-14,289.41717529296875,290.9958346486994,287.66315450514537,289.41717529296875,28668756
2018-09-17,285.0320435617865,285.9090829222929,279.4191135946048,279.9453430175781,20462553
2018-09-18,276.2618537977485,283.628833468798,272.75375441470226,278.8929138183594,26558229
2018-09-19,280.64696152754163,286.6107310535562,279.94537061665494,282.0502014160156,22535337
2018-09-20,288.5401963676745,288.5401963676745,281.6994158357088,284.3305053710937,21121988
2018-09-21,287.3123221185017,293.27606201171875,285.9090823710748,293.27606201171875,32676510
2018-09-24,291.3466414989293,291.5220319624971,285.9091016280857,287.4877319335937,20109124
2018-09-26,290.6450246844648,291.6974545771686,287.66315450514537,289.41717529296875,25077781
2018-09-27,292.2236532806471,292.2236532806471,282.2256129090447,285.38287353515625,21665840
2018-09-28,287.3123397175796,287.3123397175796,281.69938038405473,283.45343017578125,17812750
2018-10-02,285.0320700269674,285.0320700269674,276.26187884102467,278.0158996582031,23564066
2018-10-03,274.50779504669026,280.29614432101084,274.50779504669026,277.13885498046875,14258172
2018-10-04,276.6126412579847,276.6126412579847,269.2456614123495,270.4735107421875,24352176
2018-10-05,267.4916687011719,269.94730955109355,265.21138929288566,267.4916687011719,23189729
2018-10-08,268.1932612953427,269.070271647469,262.2294921875,262.2294921875,24100553
2018-10-09,263.1065463223656,264.33436669084193,257.66900634765625,257.66900634765625,28311377
2018-10-10,257.844391579939,260.3000613003877,250.4774114519421,251.1790313720703,36123542
2018-10-11,240.30395440603533,240.8301693203925,232.41075972402487,234.164794921875,73358536
2018-10-12,242.9350203686094,253.9855048054783,239.42693537092893,252.93307495117188,59029000
2018-10-15,255.7395472257904,255.7395472257904,243.81203825251893,248.021728515625,29927384
2018-10-16,248.3725450563631,248.89877449907587,239.60233983907773,246.79391479492188,27240172
2018-10-18,250.82820975593503,250.82820975593503,239.7777400774588,246.443099975586,23845891
2018-10-19,241.35638999820137,251.0036346251065,239.77774521743257,247.3201446533203,27370265
2018-10-22,247.32011865345336,257.6689675783112,246.0922694363716,255.3887176513672,30639884
2018-10-23,256.9673779628301,256.9673779628301,242.9350232868701,243.6366577148437,33585376
2018-10-24,247.8463537408679,249.7757940237956,238.54991873976903,241.88259887695312,28615902
2018-10-25,233.9894141331695,236.79589396645704,232.41078374362075,235.9188690185547,33749187
2018-10-26,235.91886049582632,236.6204804288017,227.4994503334716,228.02566528320312,28619919
2018-10-29,232.05996538113664,232.05996538113664,223.6405552187819,228.02566528320312,26055771
2018-10-30,224.51755528436303,226.27159040598187,220.4832556329644,221.18487548828125,31984176
2018-10-31,225.56998035405493,234.164794921875,225.04377995637168,234.164794921875,37270582
2018-11-01,241.1809880252966,248.3725485660897,238.0236984244504,243.6366577148437,44557493
2018-11-02,258.7214532235702,266.4392439746677,253.8101133607388,266.2638244628906,72584446
2018-11-05,258.370600737231,259.9492309168161,251.52982157011704,256.4411315917969,29528140
2018-11-06,258.5460324684344,258.5460324684344,250.82824175445208,256.0903625488281,25313514
2018-11-07,257.31817626953125,264.685155971316,250.8282069004932,257.31817626953125,27906754
2018-11-08,263.9835612973033,264.5097617405242,256.09035141553755,257.4935913085937,33244164
2018-11-09,252.23143555418525,252.23143555418525,243.98741684927825,244.8644561767578,31202736
2018-11-12,241.5317872842164,242.7596075579389,236.79586760936127,237.32208251953125,29613399
2018-11-13,229.7796904500244,241.5317947749436,228.02565521173327,240.6547698974609,36303890
2018-11-14,242.0580067145897,242.58422166614423,236.9712912162458,238.725326538086,23143505
2018-11-15,249.0741606850912,253.2838800211849,243.46123060364752,252.582260131836,49925846
2018-11-16,254.33630858734776,255.5641288709137,250.65281870330185,254.68711853027344,28117523
2018-11-19,256.967347749506,258.54597784764485,253.8100585198828,255.3887176513672,19570083
2018-11-20,249.24961075504115,249.95123073047327,246.2677403761304,246.9693603515625,18507857
2018-11-21,243.285858924515,255.56416511836244,242.93504893183285,253.98553466796875,24253102
2018-11-22,258.89679547505057,261.0016550241736,254.8624958559046,258.7214050292969,21651394
2018-11-23,256.967347749506,258.3705874071164,252.05600894786988,255.3887176513672,13034339
2018-11-26,256.96733825837094,261.8786478452614,255.91490855403487,261.3524475097656,16446064
2018-11-27,262.580299598924,266.439208984375,259.9492395346087,266.439208984375,29682632
2018-11-28,269.2456467123538,276.2618452616559,267.31620662796905,276.08642578125,37299460
2018-11-29,280.6469689340255,281.3485888967788,271.17515750355835,273.6307983398437,41315963
2018-11-30,274.33241830259703,276.2618877168441,270.47353754080507,273.6307983398437,25128091
2018-12-03,287.6631693114542,287.8385597859242,280.6469696656312,284.856689453125,38123060
2018-12-04,286.0844470202622,288.013916015625,280.8223274753605,288.013916015625,27362775
2018-12-05,278.89289644214347,283.9796257139618,277.1388468599051,281.5239562988281,28211224
2018-12-06,273.8061781211396,277.8404778049659,266.4391986144436,266.7900085449219,34131290
2018-12-07,267.31622433308326,275.20943370716446,267.31622433308326,272.4029541015625,33594850
2018-12-10,266.79003107730153,270.99972156523273,266.2638016204668,270.1227111816406,18952846
2018-12-11,271.70131794626866,275.03399776187695,270.2980782274132,272.9291381835937,18498264
2018-12-12,277.1388951814899,279.594565024791,275.9110747765147,277.84051513671875,17418811
2018-12-13,278.8929584605352,281.34859938839253,277.8405284771597,279.4191589355469,15331777
2018-12-14,272.9291408683758,273.98157066787,269.9472709531489,270.8243103027344,18486131
2018-12-17,272.578330935211,272.578330935211,267.8424403875075,270.8243103027344,14960163
2018-12-18,265.2113848467752,268.0178646663238,263.2819444875108,265.56219482421875,20361218
2018-12-19,263.9835296894029,267.31620951969984,263.8081392404464,265.7375793457031,15909721
2018-12-20,263.2819148413004,267.4916340965984,262.7557144510619,264.5097351074219,17671194
2018-12-21,261.5278764053215,279.41912594351595,260.4754465462102,276.437255859375,45157148
2018-12-24,276.43725401794103,276.43725401794103,270.64890434806125,272.4029541015625,15815743
2018-12-27,273.63077058280146,277.8404899322882,269.2456607770935,271.52593994140625,19141960
2018-12-28,272.75371920023446,274.332349202119,270.47346941232485,271.876708984375,12520377
2018-12-31,271.8767561547278,278.1913062911781,271.8767561547278,275.38482666015625,10730359
2019-01-02,276.261876246389,276.261876246389,268.54405697654846,268.8948669433594,17053953
2019-01-03,266.6146292261845,271.3505494843924,265.5621992762104,267.4916687011719,17811920
2019-01-04,263.4573439087291,272.75376405226274,263.4573439087291,272.4029541015625,20967532
2019-01-07,278.8929547652009,279.5945747448214,275.03404487728795,278.5421447753906,27000908
2019-01-08,278.8929150591138,279.419115452238,273.63076596113393,276.7880554199219,17643666
2019-01-09,280.4715377668792,287.31231689453125,280.12072783640093,287.31231689453125,34580860
2019-01-10,288.5401916503906,289.24181164390893,283.4534612140592,288.5401916503906,27019402
2019-01-11,290.11879452879043,293.4514746643878,288.71555467520216,290.4696044921875,21852875
2019-01-14,289.0663672531704,289.0663672531704,280.82237658879774,282.2256164550781,20585897
2019-01-15,285.0320652567109,290.118795221438,283.45343493433,289.41717529296875,18390886
2019-01-16,289.4171501022008,290.294189453125,285.2074599311451,290.294189453125,17781729
2019-01-17,293.80228462778484,296.43337386993767,289.9434040637667,290.4696044921875,25110293
2019-01-18,293.8022856262723,296.25795537839736,292.7498557325044,295.55633544921875,16983991
2019-01-21,296.433326906361,302.0462563981148,294.85466780450446,298.1873474121094,20678907
2019-01-22,299.94144619728297,299.94144619728297,290.1187961989669,294.50390625,22822617
2019-01-23,289.94341301428096,294.3285231754373,289.94341301428096,292.2236633300781,17802099
2019-01-24,291.3466401261919,292.0482600438562,286.6107201986327,289.59259033203125,18564119
2019-01-25,293.8022605207028,301.5200500488281,292.39904981560045,301.5200500488281,34208087
2019-01-28,302.046337740664,306.08063825036305,298.5382377177288,299.5906677246094,24126816
2019-01-29,297.48575679016244,300.64304627037035,295.3809261700383,300.292236328125,17137986
2019-01-30,299.9414095519874,301.870849609375,297.3103496494869,301.870849609375,14197935
2019-01-31,306.7821729870205,307.8346027013856,302.7478735986263,303.4494934082031,26238800
2019-02-01,308.7116517347528,308.7116517347528,302.9233020951396,305.2035522460937,15157159
2019-02-04,306.08063270558574,306.08063270558574,302.3971422649081,304.852783203125,6351813
2019-02-08,300.9938949583901,304.6773853094535,296.43339415549326,303.0987548828125,16166809
2019-02-11,303.4495494122277,309.4132898609413,301.5200800631203,308.711669921875,18821575
2019-02-12,307.65919541000346,309.5886354460378,305.3789454552951,308.1854248046875,16277037
2019-02-13,306.2559574124414,307.3083871742269,302.9232776834602,305.02813720703125,24819505
2019-02-14,303.0987015052699,303.2740919514086,298.7135919516438,299.7660217285156,20908615
2019-02-15,296.4333355507157,298.1873561076135,290.4695669438875,292.74981689453125,20128324
2019-02-18,293.80227399972154,299.41523321103034,293.80227399972154,298.0119934082031,13060793
2019-02-19,299.7660610566701,301.52008188156407,295.3809509277344,295.3809509277344,10098735
2019-02-20,298.1873832158953,301.8708731736008,293.6268829000117,299.0644226074219,18552172
2019-02-21,297.31040611463703,301.5200969514725,297.13498660337,300.993896484375,12803109
2019-02-22,296.7841560964551,301.69549560546875,296.6087656306652,301.69549560546875,14911161
2019-02-25,305.2035398455846,305.9051597148094,299.5906099251336,301.5200500488281,18634296
2019-02-26,302.57250072177715,302.747920217856,298.0120002906152,300.8184509277344,15000121
2019-02-27,300.81843350483405,302.3970927447138,297.3103631532793,298.36279296875,17122656
2019-02-28,299.94144619728297,300.46767566208285,293.4514763537501,294.50390625,20311185
2019-03-01,295.90716629616355,299.06445620027915,292.3990954360535,294.854736328125,18448548
2019-03-04,295.5562946184771,305.7297531527662,293.80224503785047,304.151123046875,31012446
2019-03-05,303.27409813003067,317.4818568572363,301.5200484661756,316.95562744140625,39727887
2019-03-06,320.28835215955894,324.4980425276582,315.0262029077492,317.4818725585937,32406203
2019-03-07,317.3064479754973,317.3064479754973,309.76407771894776,311.51812744140625,18734701
2019-03-08,305.20354843046374,308.36083793078467,300.9938581300505,304.3265380859375,28059348
2019-03-11,306.95760840647665,312.7459581670784,304.6773582078605,311.1673278808594,19951686
2019-03-12,318.3589097812797,318.3589097812797,314.3246095311405,316.6048889160156,17771387
2019-03-13,314.3245544433594,316.2540235103573,312.2197239672598,314.3245544433594,13147090
2019-03-14,314.3246057909411,316.25407517313414,312.3951654420987,313.6229858398437,13075137
2019-03-15,314.4999896247871,318.8850993051109,313.2721403329541,314.8507995605469,17436386
2019-03-18,316.78025755383186,323.44561767578125,316.42944759828987,323.44561767578125,21134288
2019-03-19,322.2177966853412,324.498046875,321.1653668208798,324.498046875,16700116
2019-03-20,323.9718464594437,325.5504767394615,321.86698673052075,324.498046875,17532642
2019-03-21,322.7439966309465,325.02427585063384,317.3064568558209,318.35888671875,22972059
2019-03-22,318.35886538505554,324.147214726605,313.6229458359103,320.1129150390625,27573954
2019-03-25,309.4132728441999,312.3951429045634,308.53626248527485,310.290283203125,22617971
2019-03-26,310.11486484072185,312.2197243527662,304.3265156992729,308.1854248046875,17602840
2019-03-27,306.95764292607987,313.9738138057211,306.95764292607987,310.991943359375,14740764
2019-03-28,309.5886588624925,310.81650818739587,307.65921868052044,310.4656982421875,11904776
2019-03-29,312.2197786861533,317.30647984211066,310.4657287875382,316.6048889160156,19095841
2019-04-01,322.5685845546722,322.74397500339944,319.9375245903353,320.1129150390625,16053177
2019-04-02,324.4980300497593,324.4980300497593,320.4637302951768,320.9899597167969,14530522
2019-04-03,326.2521008349345,332.7420705657058,323.6210406566986,331.51422119140625,30008550
2019-04-04,329.7601928710937,332.91748271061124,327.12913252150474,329.7601928710937,14865851
2019-04-08,333.2682740861647,334.6715139364952,330.11098442292104,333.44366455078125,17634612
2019-04-09,329.5847877944218,336.6009580935912,329.5847877944218,336.4255676269531,15816009
2019-04-10,335.8993236865804,341.51225387738714,333.0928731078513,340.9860534667969,16870930
2019-04-11,347.30062710346164,351.1595368316565,342.9155169290064,343.2663269042969,36449814
2019-04-12,342.03847484507736,345.37115478515625,339.7582247334467,345.37115478515625,13875436
2019-04-15,346.9497480503065,349.4054173884146,340.4598083496094,340.4598083496094,15187897
2019-04-16,342.0384504856064,345.54652063057983,337.6533410293802,345.1957397460937,14128328
2019-04-17,345.1957474713387,348.879237174335,344.3187081404584,346.94976806640625,13869622
2019-04-18,344.6695623242371,346.949812617303,340.8106816795641,343.4417419433594,14256234
2019-04-23,343.6171257722108,346.94980591306626,341.1614850579066,344.6695556640625,14437538
2019-04-24,348.8792752314692,348.8792752314692,342.03849545110813,344.6695556640625,16509779
2019-04-25,342.03845708007594,343.6170872240826,335.5484879917322,335.7239074707031,16861495
2019-04-26,333.2682676296374,338.35499747186367,333.2682676296374,336.7763671875,13978806
2019-04-29,336.7763763870584,343.61712716173247,336.7763763870584,342.564697265625,14591256
2019-04-30,338.53040448103087,342.38931418330986,337.12719362264346,340.2844543457031,10475776
2019-05-02,342.0385065074556,343.2663269042969,336.7763859114496,343.2663269042969,9812465
2019-05-03,339.58277939821807,341.68763889490447,337.3025294601473,340.1090087890625,10480803
2019-05-06,327.1291125646574,330.98802213309534,324.6734718726372,329.40936279296875,24653329
2019-05-07,329.93560942581377,334.3207196469975,328.0061690578312,333.96990966796875,18752430
2019-05-08,332.39126537547423,346.4236058829654,330.11098609049344,337.4779663085937,37124214
2019-05-09,337.4779628572624,339.933632582632,329.40936279296875,329.40936279296875,21478983
2019-05-10,330.9880386339178,340.10906903522545,328.8831787643812,335.0223388671875,28121103
2019-05-14,323.62102171943684,330.63719146195194,323.62102171943684,325.0242614746094,28738898
2019-05-15,327.8307145457447,331.8650143571155,327.3045141500649,328.0061340332031,17730271
2019-05-16,321.8670417263953,329.7602235085031,320.63922119140625,320.63922119140625,24949505
2019-05-17,323.0007236338958,323.3525775428542,312.26922309028635,312.9729309082031,24881304
2019-05-20,307.5192100466803,310.1580998054314,300.8340148925781,300.8340148925781,29149146
2019-05-21,298.01924718853564,306.2878012574149,296.26000638727743,300.13037109375,24652748
2019-05-22,298.7228957059233,301.36181462212767,296.611801340607,298.19512939453125,20846891
2019-05-23,294.676618889173,296.084034682654,284.2969710918771,286.75994873046875,40111319
2019-05-24,288.3432353756494,292.7413945364389,285.5284041944252,285.704345703125,23218677
2019-05-27,282.71361407374377,289.04695537924897,278.66730863970605,284.8247375488281,21475309
2019-05-28,285.0006349610493,292.3895376156185,284.64878106703424,286.4080505371094,31415233
2019-05-29,282.5376861840018,288.16734905573725,282.5376861840018,283.24139404296875,21664543
2019-05-30,286.2321593924326,286.7599548861932,282.8895613710369,285.3525390625,14094108
2019-05-31,285.00067898861755,291.6858748879013,284.82476657430783,286.75994873046875,20589200
2019-06-03,290.1025316184319,293.44512939453125,287.81549563264014,293.44512939453125,22151996
2019-06-04,292.917358062233,293.4451243885087,286.93584135253167,287.81549072265625,21332074
2019-06-05,294.85253260413106,295.3802989170167,288.3432497333027,291.1580810546875,19816758
2019-06-06,292.0376951722598,292.7414029878819,286.7599156748416,290.6302795410156,13443268
2019-06-10,294.67660407067353,302.417361425806,293.9728962093206,301.7136535644531,25913387
2019-06-11,302.2414429831755,303.47291715607014,300.1303194412858,303.1210632324219,19379972
2019-06-12,300.65811286061256,301.00996678188983,294.8525377194117,296.7877197265625,19025182
2019-06-13,295.02846219766803,295.5562576610644,287.81550019583176,293.972900390625,22042584
2019-06-14,294.32477893921987,296.2599903071724,289.57476497018104,290.2784729003906,15258383
2019-06-17,291.86181182834247,295.02846819408376,289.0469802856832,289.3988342285156,11490923
2019-06-18,292.9173463375673,295.9080900128324,290.2784274525709,293.7969665527344,12984753
2019-06-19,302.5933105735249,305.93590843927853,300.8340408758256,305.4081420898437,25555991
2019-06-20,306.9914884918947,311.3896484375,306.1118390309226,311.3896484375,20855905
2019-06-21,314.3803140450666,314.3803140450666,306.9914118405136,311.7414245605469,21815788
2019-06-24,311.917369181328,314.3803465440366,309.9821872419306,312.9729309082031,11550680
2019-06-25,311.3896284797349,312.0933363555094,306.11181941142587,307.34332275390625,12440721
2019-06-26,301.71361625307964,308.3988401092048,301.71361625307964,306.9914245605469,11564088
2019-06-27,308.22292192743123,311.91737346232605,308.22292192743123,310.33404541015625,12246527
2019-06-28,310.509934942566,310.509934942566,306.63957129564824,310.1580810546875,13856800
2019-07-02,323.52851659285176,323.52851659285176,316.8433214933119,318.77850341796875,24419062
2019-07-03,316.4915207212271,317.3711410747243,314.20445538658066,317.019287109375,11241036
2019-07-04,317.5470688687578,320.36187134993025,315.9637115333629,316.6674194335937,7391202
2019-07-05,316.66742853351866,317.5470779939607,314.5563047721597,316.49151611328125,5561509
2019-07-08,312.26924261166954,312.97295047357835,308.750732421875,308.750732421875,10873669
2019-07-09,308.222914161484,309.1025634836632,305.2321705295186,308.57476806640625,10476906
2019-07-10,309.6302927089651,314.38030529682004,309.6302927089651,313.8525390625,13956208
2019-07-11,313.67664043184755,317.3710919361267,313.1488741254138,314.20440673828125,9662357
2019-07-12,316.667385418352,316.667385418352,312.0933136779324,312.26922607421875,8989439
2019-07-15,313.1489060267365,317.3711242675781,307.6951844125134,317.3711242675781,12810514
2019-07-16,320.7137069055337,320.7137069055337,317.5470506558692,318.9544372558594,11301854
2019-07-17,316.3155231249721,320.53776996094683,315.43590292735087,319.4822082519531,10469926
2019-07-18,316.6674409971045,317.72300291932936,313.6766967773437,313.6766967773437,11378562
2019-07-19,314.9081044185364,319.3062636029181,314.7321920286396,318.2507019042969,8737499
2019-07-22,315.7877777158776,317.89887215374125,312.97294630572753,314.5562744140625,9409509
2019-07-23,314.3803817584049,317.01927181130634,313.14890749898444,315.4359436035156,9505545
2019-07-24,319.3063184890488,325.463748229544,317.72299022882925,321.5933837890625,19256489
2019-07-25,326.343356245697,328.2785675126082,324.40817409853645,327.5748596191406,15119218
2019-07-26,325.991502352862,330.74148653062724,324.935940606776,325.6396484375,12640190
2019-07-29,323.5285312391449,328.27854462906333,323.5285312391449,327.3988952636719,12236190
2019-07-30,327.2229722033107,332.3248393492451,326.51926438181994,328.2785339355469,11434496
2019-07-31,324.5841094914834,327.5748534222682,322.82483979109526,323.8804016113281,11385201
2019-08-01,327.5748688571264,328.80634314554834,323.70447533390507,325.4637451171875,13427530
2019-08-02,317.5470317246621,318.4266519371843,312.4451646046393,312.9729309082031,27420706
2019-08-05,307.8710622007674,308.7507115285016,299.6025390625,299.6025390625,33152641
2019-08-06,290.2784456293697,300.8340344710875,288.6951174950243,296.61181640625,33906107
2019-08-07,296.6118180273013,300.83403611521425,295.55625622538577,297.8432922363281,16437514
2019-08-08,299.9544083899198,304.5284802981942,299.6025544646873,301.1858825683594,16770089
2019-08-09,304.88028715716007,305.23214102807475,297.66729736328125,297.66729736328125,14909020
2019-08-12,298.1951173587619,302.59327654858646,298.0191758489006,299.0747375488281,13389656
2019-08-13,295.9080900128324,298.5469797780812,293.7969665527344,293.7969665527344,14267299
2019-08-14,301.7136272387735,303.47289673865265,296.7877017588586,299.0747375488281,18963618
2019-08-15,287.46362349046365,294.50067252693714,286.5839741610623,290.6302795410156,32552503
2019-08-16,287.8154631518835,289.7506449891822,286.7599014806989,287.1117553710937,25743149
2019-08-19,290.9821699684907,297.6673659361775,290.9821699684907,296.2599792480469,23648090
2019-08-20,296.61179308845607,298.8988289071066,293.2691955566406,293.2691955566406,16832186
2019-08-21,292.9173446306222,295.7321467746024,292.3895492087996,292.56549072265625,11312355
2019-08-22,294.6765910866705,295.20438651930414,291.1580810546875,291.1580810546875,11417172
2019-08-23,291.5099519606076,295.5562576610644,290.2784486258492,293.972900390625,12801726
2019-08-26,284.1210586775673,286.75994873046875,282.0099349873459,286.75994873046875,24692391
2019-08-27,285.00066995595296,288.3432677996563,285.00066995595296,286.93585205078125,19437687
2019-08-28,286.23211125560675,287.6395268426091,279.7228578453405,280.6024780273437,24553431
2019-08-29,279.7228685905169,282.009904447376,274.6210014515253,281.6580505371094,27152900
2019-08-30,287.6395275803434,287.8154690890431,282.36174823529456,285.704345703125,21063572
2019-09-02,288.1673585427241,291.68586883364526,285.8802933659127,291.3340148925781,18394571
2019-09-03,292.917364460669,293.6210432044914,288.87105880500565,289.5747375488281,15146208
2019-09-04,293.0933205294559,300.6581666299304,292.9174080972316,300.13037109375,24230875
2019-09-05,303.4729307489867,304.3525801573823,295.3803192623471,300.3062744140625,19662031
2019-09-06,302.59328614923925,303.472906367214,298.7228931267056,302.06549072265625,14586162
2019-09-09,304.17662637296166,304.35256789545235,299.07475901696404,301.1858825683594,9552222
2019-09-10,302.5932687909207,303.4728889584359,298.0191682085023,299.25067138671875,11581508
2019-09-11,299.9544100502013,305.9358976925141,298.5469943414809,304.3525695800781,17133798
2019-09-12,308.0470306296808,308.75073850545533,305.40814065540127,307.34332275390625,16599304
2019-09-13,307.87108000170696,308.39887545281374,304.88033617793184,307.51922607421875,10778695
2019-09-16,304.35254377245013,304.8803100585937,298.8988229234822,304.8803100585937,25353473
2019-09-17,301.8896011403964,303.8247832380288,299.6025651050354,302.241455078125,10007726
2019-09-18,302.59330295101887,304.00071867372463,300.4821793669602,301.7136535644531,7957211
2019-09-19,301.3617775677576,301.8895438142574,297.3154726121109,297.66729736328125,10237950
2019-09-20,299.77845574210227,299.77845574210227,293.97288075109503,296.9636535644531,20916404
2019-09-23,295.90810551113555,297.6673460336106,294.85254372580107,295.3803100585937,9011778
2019-09-24,294.676641732514,297.49147353768166,293.972933781222,295.2044372558594,11627629
2019-09-25,291.1580685050177,292.38954259516987,288.5191788148365,288.8710327148437,18911597
2019-09-26,295.0284774969211,295.0284774969211,290.2784636787813,292.3895874023437,13500737
2019-09-27,290.2784377105198,291.5099409989701,289.04696354181823,289.75067138671875,11739396
2019-09-30,285.0006550391328,292.38955821424474,284.4728887208027,290.4543762207031,15934749
2019-10-02,284.29695144265685,287.28769523722286,284.29695144265685,285.8802795410156,18747209
2019-10-03,284.296974135797,286.7599518007593,283.2414122793845,286.0562438964844,17167043
2019-10-04,287.4636381343034,287.63955053729643,281.482121396808,283.9450988769531,13679071
2019-10-08,283.2413803826409,288.1673351578377,283.2413803826409,284.8247375488281,16578036
2019-10-09,282.8895784748113,284.2969943835982,279.8988342285156,279.8988342285156,19188773
2019-10-10,280.95440215937555,283.76923403705496,279.19513223582584,280.4266357421875,17884571
2019-10-11,285.00063790781894,288.5191768843492,284.1210177235597,285.704345703125,21267408
2019-10-14,287.6395675548761,290.8062530738415,285.0006775156136,288.69512939453125,26046993
2019-10-15,289.750697279166,291.68587946569824,288.1673690465261,289.2229309082031,15406432
2019-10-16,290.2784317068807,292.03770128274624,288.51919125076324,291.1580810546875,15135969
2019-10-17,292.74140911309246,292.74140911309246,288.8710451659363,291.1580810546875,11215542
2019-10-18,292.03770128274624,293.9728832563243,290.4543732243413,291.1580810546875,10744045
2019-10-21,289.92656335521474,290.4543587615676,285.704345703125,285.704345703125,15129429
2019-10-22,285.88029322277123,288.3432708090079,285.7043808122008,288.1673583984375,11334114
2019-10-23,285.7043637375749,286.5839839773583,281.1302918991041,281.48211669921875,21538339
2019-10-24,280.6024780273437,282.0098936143461,278.4913546468402,280.6024780273437,20038367
2019-10-25,281.833961091213,281.833961091213,278.4913635253906,278.4913635253906,17128351
2019-10-28,278.3154681499494,284.6488097609026,278.1395266253331,283.24139404296875,19103143
2019-10-29,284.1211022716824,284.8248102763963,278.8432922363281,278.8432922363281,21616525
2019-10-30,277.9636444607606,280.9543886268653,276.7321701334682,278.1395568847656,14313332
2019-10-31,282.36179358774046,283.2414139132828,280.07475744552943,282.18585205078125,17472913
2019-11-01,281.1302859250052,283.4173217956404,280.42657810023314,282.8895263671875,11286031
2019-11-04,283.2414032259641,288.3432708090079,283.2414032259641,288.1673583984375,16028553
2019-11-05,290.27840916214114,293.7969480406016,287.99137345101474,292.9173278808594,24676400
2019-11-06,293.0932587327017,294.50067437276704,291.33398918262,293.7969665527344,13482076
2019-11-07,292.91736305925207,293.44512939453125,287.4636417025376,293.44512939453125,16850134
2019-11-08,294.6765985629846,294.85254008490904,286.93584135253167,287.81549072265625,18067752
2019-11-11,287.63957365278014,287.8155151896612,283.2414137875189,284.1210632324219,16365872
2019-11-12,287.11177855195,290.4543762207031,286.05621679554145,290.4543762207031,17256636
2019-11-13,291.6858455696399,291.6858455696399,286.23212447794725,287.99139404296875,17278463
2019-11-14,281.4821257846415,284.8247526911046,279.7228852482917,281.30621337890625,27868435
2019-11-15,284.1210356580656,284.1210356580656,280.4265840593781,281.48211669921875,14739277
2019-11-18,283.2414227180466,290.2784729003906,282.18586082273214,290.2784729003906,27972534
2019-11-19,292.91735868865413,296.0840148925781,290.63029361723824,296.0840148925781,26725435
2019-11-20,295.2044372558594,296.96370713408925,292.56554699839114,295.2044372558594,14909386
2019-11-21,292.03770732277115,292.03770732277115,288.5191972180171,289.75067138671875,14475405
2019-11-22,292.38956760422366,293.6210417997079,290.27844402360853,293.44512939453125,11568961
2019-11-25,300.658083753035,300.658083753035,297.1395448809021,298.0191650390625,19446738
2019-11-26,299.9544513672035,300.8340717464419,293.621079805576,295.2044372558594,31933477
2019-11-27,296.4359055846541,298.0192338829978,293.79701538083043,294.6766357421875,12162395
2019-11-28,294.6766324635972,299.25073400311857,293.44515814744824,297.3155517578125,19734610
2019-11-29,293.9728802382892,294.8525295770652,289.398808507746,291.8617858886719,14979066
2019-12-02,294.67656820034387,294.67656820034387,291.68582471352534,292.9173278808594,11059948
2019-12-03,289.398811478822,292.5654967153799,287.2876879877834,291.1580810546875,13815111
2019-12-04,288.3432587005035,289.7506744049652,286.232135143811,289.0469665527344,13302131
2019-12-05,293.4451585863339,293.4451585863339,289.3988525475047,290.2784729003906,12689342
2019-12-06,293.4451673776296,295.90814520715134,292.21369302274513,295.2044372558594,16964134
2019-12-09,294.67661589997186,297.1395935135791,293.6210540655688,295.732177734375,10673622
2019-12-10,293.0932936803132,298.01921988814786,292.74143972834275,296.2599792480469,11359774
2019-12-11,298.1951173587619,299.42659144880395,296.4358478588828,299.0747375488281,13598163
2019-12-12,303.29697330519264,309.10254788353376,302.2414116436992,306.9914245605469,36103941
2019-12-13,316.6674391331608,318.250767447302,313.6766949310039,317.5470886230469,35566142
2019-12-16,319.13040625510405,320.53782209601,314.9081587323862,316.49151611328125,20869776
2019-12-17,323.88036688403827,328.10258459250264,319.658120055827,326.5192565917969,35316922
2019-12-18,334.26001871180733,334.26001871180733,328.2785313951709,332.1488952636719,34235752
2019-12-19,329.5100281668443,330.3896484375,325.81557643849123,330.3896484375,20004320
2019-12-20,332.500759592901,332.500759592901,327.3988923265451,330.0378112792969,23492441
2019-12-23,332.50080255910143,332.50080255910143,328.80635049154483,332.32489013671875,12661443
2019-12-24,333.3803708053355,334.0840785629186,331.4451599121094,331.4451599121094,6899647
2019-12-27,333.2044936629467,339.0100692244546,332.67672730269624,337.7785949707031,20805881
2019-12-30,335.4915024278681,338.3063337725764,335.31559002869795,337.0748596191406,15543213
2019-12-31,333.38042142117814,334.4359540980652,329.5100281668443,330.3896484375,11258288
2020-01-02,330.56557964475337,338.48224919278124,330.38963812426465,336.37115478515625,15176989
2020-01-03,341.2970852977571,343.05635492830976,335.31559767362705,336.89892578125,16611161
2020-01-06,334.26002784814403,334.26002784814403,330.2137223551603,331.9729919433594,13150847
2020-01-07,334.963755973409,341.1211853452097,334.2600480955032,339.1859741210937,19185574
2020-01-08,336.371171565735,339.3619154855061,333.5563400554799,336.0193176269531,16845521
2020-01-09,343.05633544921875,343.05633544921875,340.4174457131031,343.05633544921875,17298593
2020-01-10,347.2785571983219,351.14895021029974,344.8156089468108,350.62115478515625,27435986
2020-01-13,351.8526662303631,357.4822998046875,349.5656303207703,357.4822998046875,29907325
2020-01-14,360.64899393758327,363.2878838304395,348.86193106167593,352.2045288085937,29101747
2020-01-15,349.38970340826853,354.491570878186,348.5100831354205,350.797119140625,17289175
2020-01-16,350.9730422310163,354.4915816690129,348.6860061561937,351.8526916503906,14937928
2020-01-17,351.8526718307618,352.38043815685734,348.3341325909622,350.9730224609375,14829690
2020-01-20,356.2508045807668,356.2508045807668,348.3341064453125,348.3341064453125,14408330
2020-01-21,347.4545364423076,347.4545364423076,337.25080105884854,339.01007080078125,26222512
2020-01-22,340.769348152231,345.51936200164374,336.5471006773079,343.9360046386719,20265958
2020-01-23,342.70451351062275,342.8804259202242,333.38042780799594,339.1859741210937,20199731
2020-01-24,340.4174391394184,341.82485473676786,337.250754045382,339.36187744140625,8733127
2020-01-29,337.95447985448783,342.704493188809,335.13964850977953,337.0748596191406,34453327
2020-01-30,339.5378167609925,342.1767357751969,325.6396594342273,329.86187744140625,27061451
2020-01-31,334.4359415195212,338.4822470278999,326.6951844217422,328.10260009765625,22019753
2020-02-03,332.50077062955614,337.0748717290383,325.1118672039882,334.2600402832031,31109450
2020-02-04,343.0563615281216,346.2230469240379,338.4822604006869,345.6952514648437,30843842
2020-02-05,351.8526838224321,351.8526838224321,340.76932851894907,344.9915466308594,24297251
2020-02-06,350.0934219313924,351.8526916503906,344.9915543061725,351.8526916503906,19300328
2020-02-07,351.1490049496892,353.9638366699219,347.1026989117307,353.9638366699219,16159459
2020-02-10,347.9822727142677,352.7322860468673,347.4545063972003,352.38043212890625,17859063
2020-02-11,356.25083795891743,361.5286177972128,355.01933464216575,359.76934814453125,25149444
2020-02-12,360.6490052031023,363.8156615255464,359.0656479221303,361.5286254882813,19203274
2020-02-13,365.9268020515897,366.4545975428698,363.46382437170246,366.2786560058594,19377169
2020-02-14,365.0472106933594,369.4453709108608,363.6397947645983,365.0472106933594,15064498
2020-02-17,361.1767806405913,369.2693922990173,360.824926693714,366.45458984375,11584816
2020-02-18,363.287890512578,364.5193647199624,358.3619645632912,359.0656433105469,14137968
2020-02-19,360.64898848038536,364.6952940201376,359.4174851945378,361.8804626464844,13560685
2020-02-20,365.9267974620826,365.9267974620826,356.7786238855617,360.6490173339844,17988323
2020-02-21,357.1304284927733,359.2415519002313,351.85264909387536,352.7322692871094,18924900
2020-02-24,345.8712113031364,348.1582474280649,343.05637969106976,343.4082336425781,25147543
2020-02-25,343.7600444228715,354.3156325227432,343.4081905155508,353.26007080078125,26122308
2020-02-26,349.74149359466605,355.19521400363385,347.982224249879,351.5007629394531,19879517
2020-02-27,350.9730147808138,353.2600797965115,346.92670930346145,351.1489562988281,20804187
2020-02-28,344.2878246605293,344.6396785820928,338.1304247127916,339.5378112792969,34620841
2020-03-02,338.30636893522825,347.1026886819592,338.30636893522825,342.7045288085937,25046834
2020-03-03,345.6952393775724,350.79710666606434,345.6952393775724,346.5748596191406,23657661
2020-03-04,348.3341292220255,348.3341292220255,343.76005737427323,346.5748596191406,21215873
2020-03-05,350.0934055341896,357.8341628154805,346.5748662609896,357.306396484375,29338773
2020-03-06,350.0934464265792,352.0286286930021,347.4545562233202,348.15826416015625,32962369
2020-03-09,334.26002784814403,338.65818725876755,328.63039428565526,331.9729919433594,39186001
2020-03-10,336.0193055258481,342.5285594792695,330.74149663419024,336.89892578125,34608378
2020-03-11,336.8989672209179,338.3063830984768,331.6211867998248,332.8526611328125,22181564
2020-03-12,323.7044399076309,324.93594318102834,318.2507187361874,319.8340759277344,41266522
2020-03-13,295.5562163850005,323.7044108294316,295.5562163850005,321.0655212402344,62258137
2020-03-16,313.1488502590384,314.7321781774153,296.4358344460219,300.6580810546875,53921271
2020-03-17,300.6580808382336,312.0932883821855,297.3154835019858,307.69512939453125,45722279
2020-03-18,301.71363584848075,312.44516554410546,290.2784274525709,293.7969665527344,48160440
2020-03-19,301.7136535644531,308.3988782473056,286.05622644872454,301.7136535644531,64815069
2020-03-20,312.26927619413675,320.5378299009177,307.16740820650114,316.3155822753906,56732339
2020-03-23,299.25070836443035,316.1396389777165,299.25070836443035,306.11181640625,41974224
2020-03-24,317.54703408406374,323.5285214610517,314.90811518739474,321.2414855957031,39717104
2020-03-25,329.8618807089604,335.6674560061207,328.4544649860428,334.2600402832031,39297721
2020-03-26,339.5378048177191,339.5378048177191,330.74148606577967,335.8433532714844,31804183
2020-03-27,343.05635016875715,343.05635016875715,335.84335934343864,336.37115478515625,31174808
2020-03-30,327.04704005944376,334.2600308765354,326.87112765890424,331.269287109375,23689947
2020-03-31,338.8341030582794,339.53781090062154,326.16742013561884,334.4359436035156,24083255
2020-04-01,337.4267175375414,337.4267175375414,327.57483683401307,329.3341064453125,25623592
2020-04-02,325.4637002553394,334.0841064453125,325.1118463471824,334.0841064453125,13153815
2020-04-03,327.2229891723247,331.0933532714844,327.2229891723247,331.0933532714844,15484189
2020-04-06,334.2600723151696,337.77861195964334,331.269328177243,335.4915466308594,15044698
2020-04-07,340.9452209472656,340.9452209472656,336.01929525207703,340.9452209472656,20520606
2020-04-08,341.1212114033948,341.1212114033948,336.5471098475924,338.6582336425781,16468233
2020-04-09,343.0563675699826,344.287841796875,340.06562364770826,344.287841796875,17026496
2020-04-14,348.3341491003591,349.74156486298386,345.1674927542037,347.4545288085937,28419783
2020-04-15,352.38045485803013,352.38045485803013,347.4545288085937,347.4545288085937,22245735
2020-04-16,350.97300043572454,357.8341369628906,347.45449053647684,357.8341369628906,31296624
2020-04-17,366.8064329226965,369.09346894976176,357.30640575823315,360.2971496582031,32138269
2020-04-20,360.29712982132486,361.5286039712319,357.6582400030966,359.41748046875,16637453
2020-04-21,361.00083855907695,361.00083855907695,348.86192206904434,352.38043212890625,22590476
2020-04-22,349.2138313901236,360.4731003116736,348.33418189578964,360.1212463378906,18608344
2020-04-23,360.6489504284661,365.04710942587707,358.36191473855126,362.0563659667969,19316647
2020-04-24,356.25082565023325,361.0008389884829,355.7230302127898,357.4822998046875,13561226
2020-04-27,363.11196129943886,365.04717255920286,360.8249252139911,363.2879028320313,16994244
2020-04-28,365.0471483107974,366.9823303222656,362.7600832575183,366.9823303222656,14225735
2020-04-29,367.6860472690108,368.5656675360685,363.8156540305084,366.8064270019531,14399213
2020-05-04,359.5934492942327,359.5934492942327,351.8526916503906,351.8526916503906,26726857
2020-05-05,352.90824454752897,358.53787838605274,352.38044908531606,357.1304626464844,13649718
2020-05-06,357.65827332007865,362.5841994983202,356.9545654203654,360.6490173339844,21476066
2020-05-07,362.0563977084002,362.0563977084002,358.1860046386719,358.1860046386719,13340752
2020-05-08,362.9360429582725,367.8619689941406,362.05642266893,367.8619689941406,23885792
2020-05-11,373.843451936156,382.6397705078125,372.6119486994858,382.6397705078125,36293510
2020-05-12,376.6582385681365,382.4638132455353,374.5471443288748,379.1212158203125,23905781
2020-05-13,376.6582672281461,385.4545861069135,374.8990267481913,377.8897705078125,26333597
2020-05-14,390.5564409243992,393.19533067987874,375.2508395749717,378.7693786621094,35721383
2020-05-15,379.3885266977911,384.329388823467,370.5655356670486,371.6242980957031,26675459
2020-05-18,369.6832247116601,375.329957751129,367.74217483336537,373.2124328613281,22330008
2020-05-19,379.5649956161872,382.03544143351183,375.50642066317744,379.3885498046875,21521451
2020-05-20,383.4471311569479,388.2115478515625,381.1531311128391,388.2115478515625,23046369
2020-05-21,385.035227629919,386.2704358503036,380.62373214677336,382.3883361816406,20371407
2020-05-22,376.74158074129946,376.74158074129946,361.74252036196896,363.8600158691406,41079921
2020-05-25,361.7425559279361,368.4480223106776,358.2133477222584,367.5657348632813,21641576
2020-05-26,372.68306565273787,377.9768782837455,369.8597281242483,375.3299865722656,17354301
2020-05-27,373.38888914877487,373.38888914877487,365.4482144011323,370.5655517578125,22598252
2020-05-28,371.4478566637812,371.4478566637812,356.6252397388239,360.1544189453125,31393636
2020-05-29,358.03691452649883,364.7423811454152,356.44875617398395,362.0954895019531,31759786
2020-06-01,370.036125182867,379.2120366594874,369.859679389107,378.5061950683594,24941583
2020-06-02,384.6822863876593,384.6822863876593,378.68266219587065,379.7414245605469,19358960
2020-06-03,384.6823073767581,385.91751559892094,376.035791405528,381.6824951171875,21726934
2020-06-04,383.8000183105469,383.8000183105469,378.1532854151408,383.8000183105469,20040135
2020-06-05,382.9176717353177,383.0941467285156,376.3886519398032,383.0941467285156,28778334
2020-06-08,383.80004558874367,384.50585804278944,376.74162896781627,379.3885498046875,21391198
2020-06-09,381.1530528931829,383.7999732310309,377.80032023435575,382.7412109375,20064734
2020-06-10,385.56461294901743,394.74052516761793,384.505850476712,393.6817626953125,36818761
2020-06-11,397.7403177383521,401.7988924091517,389.9760892032594,390.3290100097656,29209470
2020-06-12,383.447107204946,392.0936233577069,382.0354239453819,389.09381103515625,18940636
2020-06-15,383.8000568849795,392.0936528466009,381.32961099494327,382.5648193359375,17366744
2020-06-16,396.5051356836368,399.504948132865,392.9759273856937,395.9757690429688,24353819
2020-06-17,398.6226357141347,400.2107647447907,392.6229819831268,397.5638732910156,15271133
2020-06-18,399.152004176958,404.0928955078125,392.7994588167617,404.0928955078125,20206364
2020-06-19,404.0928925510522,410.7983586715312,402.68120932399455,406.21038818359375,27479164
2020-06-22,405.8574636843533,418.7390292019911,405.1516220772463,418.3861083984375,28164190
2020-06-23,423.503457182053,439.914231190001,419.2684366300944,438.85546875,33983938
2020-06-24,442.9140723236245,445.5609639918609,433.0323181152344,433.0323181152344,25018502
2020-06-26,429.1501849453449,434.9733344820444,426.6797392822315,427.9149475097656,19393757
2020-06-29,424.3858063453381,435.6792148214783,424.3858063453381,428.79730224609375,23950557
2020-06-30,430.7383034851249,441.1494232853237,430.7383034851249,439.9142150878906,24021590
2020-07-02,443.7963395897638,457.9131431905694,443.7963395897638,457.4719848632813,34478837
2020-07-03,458.79544018382,466.7361149919613,451.2958945040998,462.7657775878906,22780939
2020-07-06,462.3246197452002,466.7361154904504,455.2662323944093,458.7954406738281,25231360
2020-07-07,457.9131254873353,468.5006912685595,451.737025976258,455.2662048339844,27361783
2020-07-08,454.8251057440223,482.17636783040143,454.8251057440223,479.08831787109375,29952588
2020-07-09,480.8529050789653,497.6166000948659,479.97058843136506,496.7342834472656,28275408
2020-07-10,484.3820636765623,495.8519459486809,481.7351722611572,482.1763305664063,25448185
2020-07-13,476.8825416245561,490.5581868772322,476.4414125059863,477.3236999511719,21734334
2020-07-14,466.7360880435224,472.4710292542934,456.5896513469241,463.2069091796875,28032305
2020-07-15,475.1179804411468,479.08831787109375,468.05959305189225,479.08831787109375,24048405
2020-07-16,475.5591211222704,478.2060420145672,450.8547500558649,452.6193542480469,29339802
2020-07-17,457.9130986185423,467.6183764178731,456.1484946891976,459.67767333984375,19053259
2020-07-20,459.6777443361456,465.4126860862336,452.6193567366564,461.0011901855469,14087753
2020-07-21,483.94096229255166,497.6166076660156,479.9705957340338,497.6166076660156,31566813
2020-07-22,487.9112811531241,496.7342721807356,474.2356362979128,475.55908203125,22705332
2020-07-23,481.73521295321774,491.881679582748,479.0883213142303,491.4405212402344,20706016
2020-07-24,478.2060203791589,482.61748684795526,463.20692923628496,465.8538208007813,30519968
2020-07-27,467.6184321643284,474.6768195151193,454.383944928578,458.7954406738281,20271449
2020-07-28,472.0299341929101,480.4117674580445,466.7361217033144,479.5294799804688,23359984
2020-07-29,473.3533361478076,478.6471189387833,470.2652864503904,477.7648315429688,13541414
2020-07-30,482.6174731848083,484.82323556480645,469.3830157370011,472.0299072265625,14864435
2020-07-31,476.44139510977226,485.2643860716603,471.1475830078125,471.1475830078125,16957703
2020-08-03,472.9121905645756,477.7648443921754,465.8538035840954,475.55908203125,19608257
2020-08-04,481.7352263919857,490.9993765949269,476.4414429663323,485.2644348144531,21891901
2020-08-05,491.8816739970037,494.96966552734375,486.1467032335937,494.96966552734375,17231508
2020-08-06,494.52855981943503,497.6166097297352,479.5294686002762,490.1170349121094,22312251
2020-08-07,493.20507830902784,493.20507830902784,440.62008064443694,465.4126586914063,67382603
2020-08-10,449.972418857514,457.0308057326061,442.0317153680074,442.9140319824219,52702218
2020-08-11,450.8547234278792,464.0892102755293,449.9724359879208,453.06048583984375,27659963
2020-08-12,451.7370270146556,461.4423054057687,444.6786400749329,459.236572265625,20550871
2020-08-13,465.85378964217387,468.500681029633,449.972412109375,449.972412109375,29564943
2020-08-14,443.3552203413224,453.5016576385259,442.4729036671024,446.8843994140625,19516498
2020-08-17,448.64895890613207,454.3838998856497,442.9140179266144,445.1197509765625,16044652
2020-08-18,454.3839214983511,455.7073672328783,449.0901385602426,451.7370300292969,14522085
2020-08-19,455.2662287240569,458.7954369750232,446.4432373046875,446.4432373046875,12036870
2020-08-20,448.2078247070313,449.0901413408758,442.9140417361452,448.2078247070313,15594179
2020-08-21,455.707346561833,462.7657332284885,451.7370095383475,457.0307922363281,19791641
2020-08-24,474.235637021414,483.4997863769531,472.0299038651686,483.4997863769531,29733601
2020-08-25,483.4997622777456,484.3820496546586,473.79448429952726,480.4117126464844,19540299
2020-08-26,488.35246424408257,489.6759100445664,481.73520603361663,486.5878601074219,16958631
2020-08-27,488.7935749738151,494.08738718453577,482.61747533199696,492.32275390625,18475989
2020-08-28,488.7936101813864,492.3227893680264,476.882568359375,476.882568359375,24448188
2020-08-31,489.2346995533237,489.2346995533237,468.0595397949219,468.0595397949219,23436872
2020-09-01,474.2356362979128,482.6174690117301,468.5006950507698,475.55908203125,21442977
2020-09-02,489.6759275822672,489.6759275822672,479.5294899431327,480.8529357910156,15799943
2020-09-03,481.7351780036871,483.9409403481816,470.2652955948417,471.1475830078125,18526413
2020-09-04,456.1485048560127,462.7657332284885,452.619296918663,457.0307922363281,35876407
2020-09-07,455.2661704378646,462.76571510499184,449.9723879472066,450.8546752929688,19569013
2020-09-08,456.1485322272524,458.7954237350698,442.91404548012014,448.6489868164063,20087365
2020-09-09,442.9140762228802,448.6490179572299,442.47291787160793,444.6786804199219,19265013
2020-09-10,453.50165380662014,457.47199118292247,446.4432373046875,446.4432373046875,14842100
2020-09-11,449.090134530952,457.4719671771026,446.88437218783366,455.2662048339844,13818776
2020-09-14,460.11888921847583,474.2356640041804,457.4719975971621,467.1772766113281,20916073
2020-09-15,472.4710598539556,475.1179806833162,465.41267246110334,467.1772766113281,12278865
2020-09-16,474.6767948995285,474.6767948995285,468.0595662288301,471.5887451171875,11049682
2020-09-17,472.02994522692927,472.9122327251291,460.5600617100929,464.9715576171875,12772075
2020-09-18,458.7954136938602,463.2069091796875,450.4135810332018,463.2069091796875,23536646
2020-09-21,460.5600207722393,465.4126453930741,451.7370297423004,455.7073669433594,11402469
2020-09-22,452.61934425039175,457.47199836969287,449.97245262460825,451.2958984375,13609887
2020-09-23,451.7370742453594,460.11890778712745,449.97247002392186,453.5016784667969,13578774
2020-09-24,449.9724392513938,451.73704335215433,445.5609436035156,445.5609436035156,15563132
2020-09-25,449.9724599963808,451.2959058309542,442.9140724759735,444.2375183105469,14348363
2020-09-28,445.5609498459691,449.5312872222714,444.2375040538684,446.4432373046875,11867319
2020-09-29,454.3839076614219,454.8250659621785,446.0020751953125,446.0020751953125,12400323
2020-09-30,452.17818591007887,458.7954441825846,449.0901651520293,451.2958984375,11113578
2020-10-05,467.6184046655149,467.6184046655149,460.1188594188039,463.2069091796875,19784578
2020-10-06,465.4126586914063,467.1772627894235,463.6480838014351,465.4126586914063,8516081
2020-10-07,467.6184116746117,472.91219465373456,464.5303618674415,472.0299072265625,12498379
2020-10-08,474.676798716124,474.676798716124,468.9418574193924,472.0299072265625,8817982
2020-10-09,474.2356096749781,480.85286717822544,472.02987664592456,476.0002136230469,16480298
2020-10-12,480.8529254762376,491.4405212402344,479.5294796567439,491.4405212402344,20502504
2020-10-14,501.1456999062934,506.43954084819137,494.52850095707095,505.9983825683594,28099743
2020-10-15,502.9103367760188,502.9103367760188,483.9409103063387,487.0289306640625,16837386
2020-10-16,493.20509619419465,497.17546286072286,487.0289962311926,491.4405212402344,11200152
2020-10-19,495.851924888074,501.5868657805498,492.7638752985804,495.4107666015625,10600153
2020-10-20,499.8223420663927,499.8223420663927,492.76392559394486,498.0577087402344,10789484
2020-10-21,500.263454433584,502.4691874725257,495.85192993961306,499.8222961425781,13248862
2020-10-22,499.3812400822849,500.7047152262372,487.9113558324281,497.1755065917969,13724851
2020-10-23,494.5285084446263,498.0576579045447,491.4404588551326,495.4107666015625,8194052
2020-10-27,498.4989130677347,519.2329476505529,494.5286045497278,516.1448974609375,30502855
2020-10-28,518.3504963502373,532.9084267748096,515.262446962232,530.2615356445312,27029743
2020-10-29,519.6740579929047,541.7315072377412,518.3505829984902,533.7908325195312,25004401
2020-10-30,526.7324398464577,538.2023220465261,515.7036575327783,521.4385986328125,26994484
2020-11-02,523.2032427390199,532.4673920357243,517.4683015195491,530.7027587890625,16822035
2020-11-03,526.7324878245215,532.4674294469298,524.9678544538765,527.61474609375,18416480
2020-11-04,506.439610365458,528.9382183965114,505.9984520250697,519.23291015625,30877246
2020-11-05,538.2023108593286,551.436767578125,537.319994272713,551.436767578125,28159138
2020-11-06,552.7602309934049,553.2013308614763,534.6730918394503,542.172607421875,23160064
2020-11-09,556.2894371190592,558.4952287646134,547.0253458721006,549.2310791015625,18813238
2020-11-10,536.4377172809085,539.0846088200365,516.1448432035321,524.9678344726562,39182109
2020-11-11,494.96962912534366,516.1448188555684,486.1466674804688,486.1466674804688,71667336
2020-11-12,502.9104775093013,517.0272544391757,502.9104775093013,509.0865783691406,35048219
2020-11-13,520.556355007125,531.1439208984375,512.6156221725504,531.1439208984375,30867511
2020-11-16,529.3793745253345,532.0262661405128,516.586016371895,526.7324829101562,21033460
2020-11-17,525.8501197170688,525.8501197170688,513.0567626953125,513.0567626953125,21014227
2020-11-18,517.0271198959103,521.4385859814785,511.7333372267937,519.6740112304688,14626060
2020-11-19,517.0271331933385,517.9094497995794,505.5572509765625,505.5572509765625,17038003
2020-11-20,509.96875655148864,522.3209563282483,507.76302328166537,518.791748046875,17972456
2020-11-23,528.4970434702926,529.3793601233795,517.0271606445312,517.0271606445312,22671092
2020-11-24,517.9095234372602,520.5564152162357,510.85110641592735,515.2625732421875,17250845
2020-11-25,520.1151828990927,524.0854907949989,503.7926177640807,505.5572509765625,22351142
2020-11-26,510.4099025785637,517.0271606445312,507.3218527088517,517.0271606445312,12088784
2020-11-27,517.0271404632894,524.5266564735215,514.3802490234375,514.3802490234375,12128872
2020-11-30,513.4979492551204,515.7036824580293,496.7342834472656,496.7342834472656,35594689
2020-12-01,505.55731377061386,512.6156722489759,504.2338386968669,509.9687805175781,24105564
2020-12-02,515.7036971115624,515.7036971115624,501.1457640929583,506.4396057128906,14617333
2020-12-03,515.7036450205875,519.6740112304688,511.2921789350194,519.6740112304688,16875948
2020-12-04,519.6740684966384,523.203276803651,517.9094935511789,519.23291015625,15581008
2020-12-07,522.7620855109807,522.7620855109807,511.2922030482633,514.8214111328125,13161833
2020-12-08,518.7917152844941,520.9975068311121,513.939090714114,514.3802490234375,10589801
2020-12-09,521.4386810956788,521.4386810956788,514.3803223880565,516.1448974609375,10724443
2020-12-10,511.7334139492408,513.9391473227229,509.5276221596625,509.9687805175781,11095396
2020-12-11,520.5563813956082,520.5563813956082,513.9391231700451,518.791748046875,13061206
2020-12-14,516.5859279860299,516.5859279860299,502.9103139114383,503.7925720214844,22972317
2020-12-15,503.79262089069846,504.6749375024152,494.0873718261719,494.0873718261719,25302119
2020-12-16,497.17543729700645,504.2337951660156,487.91128782884647,504.2337951660156,18783148
2020-12-17,511.7333575835856,514.3802490234375,506.4395747038819,514.3802490234375,15010198
2020-12-18,517.0271200732765,517.0271200732765,506.8806546072493,511.73333740234375,20833822
2020-12-21,512.1745938787858,512.1745938787858,503.7927015575544,504.6750183105469,14272363
2020-12-22,506.88072489866033,509.968774954286,500.7046832035045,505.11614990234375,11140303
2020-12-23,501.145680859179,506.88062144685455,499.8222644860681,503.7925720214844,12357176
2020-12-24,491.881591796875,491.881591796875,491.881591796875,491.881591796875,0
2020-12-28,476.0002271132674,478.2059894128775,457.9131164550781,457.9131164550781,65693227
2020-12-29,467.6183815057749,475.5590554621593,464.08917360868617,468.0595397949219,39322878
2020-12-30,478.206019982264,496.7342901264065,475.5590992119184,493.646240234375,31656728
2020-12-31,499.3811645507813,499.3811645507813,499.3811645507813,499.3811645507813,0
2021-01-04,492.3227913267381,514.3803000692208,491.8816913897306,505.11614990234375,22545919
2021-01-05,504.6749451917448,517.4683025922019,498.9400039603861,514.8214111328125,20250507
2021-01-06,516.1448543352185,528.4970540616104,516.1448543352185,526.2913208007812,27892115
2021-01-07,512.1745075479121,515.7036571328201,501.5868835449219,501.5868835449219,43257974
2021-01-08,501.5868846645674,509.9687171755892,500.70462647441536,505.5572509765625,24801900
2021-01-11,512.6156078315223,531.1439060390584,512.6156078315223,521.4385986328125,41658409
2021-01-12,517.4682857775925,526.2912764942263,517.0271274793475,520.5563354492188,21880619
2021-01-13,520.1152172047541,531.5851001780584,519.2329005403175,525.8501586914062,24526128
2021-01-14,536.4377672786273,555.4072265625,535.5554505446527,555.4072265625,39717665
2021-01-15,555.407207871141,569.965141411313,545.2607410201872,569.0828247070312,33259043
2021-01-18,563.3477824650893,588.9344365799668,560.7008912405215,579.6702880859375,36342783
2021-01-19,586.7287526769023,594.2282687040913,571.7296622064345,577.90576171875,32892334
2021-01-20,592.0225178881857,599.9631919885525,580.5526358267377,599.5220336914062,39283275
2021-01-21,600.4043730920421,617.6091968377388,594.6694318434764,602.1690063476562,30107343
2021-01-22,608.7862014449225,617.1680341007486,603.9335768589416,609.6685180664062,32900498
2021-01-25,623.7853150571513,677.164421146384,619.814948529359,676.2821044921875,50943301
2021-01-26,657.3126227291341,660.8417720701957,631.2848104463177,633.9317016601562,54204246
2021-01-27,631.7259773785884,643.1958599951232,616.2857867277705,618.9326782226562,40555108
2021-01-28,617.6092478716868,634.8140730390431,600.8455810546875,600.8455810546875,40450793
2021-01-29,613.1977850337872,632.6083436581815,601.2867431640625,601.2867431640625,36854446
2021-02-01,615.8445790796437,641.8723920412469,615.8445790796437,628.19677734375,31071463
2021-02-02,652.9012024573224,659.9596190962529,638.3432692536102,639.2255859375,28558742
2021-02-03,647.6074951538208,652.4601206522644,637.9021857408325,649.3720703125,18419172
2021-02-04,639.6667554891549,655.1069472312413,626.8733970129338,648.9308471679688,25643030
2021-02-05,659.9596141510527,667.9002889982781,646.2839393176107,646.72509765625,20247014
2021-02-08,659.9596382983906,661.7242133014182,648.489754738472,649.8131713867188,16074400
2021-02-09,657.7538126800329,660.4007042564274,650.2542962829305,653.3423461914062,11554775
2021-02-10,669.6648710213058,679.3701793257633,663.0476711199929,671.4295043945312,18359327
2021-02-11,667.9002685546875,667.9002685546875,667.9002685546875,667.9002685546875,0
2021-02-16,672.7528735350786,676.2820816163943,653.7834750241531,657.3126831054688,25578781
2021-02-17,653.7834979326068,673.1940554358504,644.5193483005727,668.3414306640625,17395892
2021-02-18,676.7231940950862,684.222709645872,657.3126385866339,659.5183715820312,26296878
2021-02-19,659.0773530135227,659.5185113893378,640.5490517258761,653.7835693359375,24504422
2021-02-22,661.2830210089459,661.2830210089459,627.314530427267,629.520263671875,29610396
2021-02-23,614.9622875462394,637.0197936894665,614.9622875462394,623.7852783203125,29217098
2021-02-24,625.9910594219441,631.2849010252847,599.9632434045654,606.1393432617188,45110719
2021-02-25,617.6091344714115,632.608223549069,610.109619140625,610.109619140625,26043490
2021-02-26,590.2579513647784,605.6981414841484,584.5230102539062,584.5230102539062,40220039
2021-03-01,610.5509353412514,614.96240234375,599.0810510354357,614.96240234375,29374462
2021-03-02,628.1968032660016,637.0197940449989,610.99198000937,615.8446044921875,25036439
2021-03-03,615.8446502316932,637.902099609375,608.7862337178229,637.902099609375,19835294
2021-03-04,619.373880021706,625.9910800154075,608.7862548828125,608.7862548828125,26574209
2021-03-05,589.8167836438332,613.1977060173086,588.4933087550306,599.0809326171875,29437409
2021-03-08,603.0512996299495,607.9039829490072,565.5536001766349,566.8770751953125,39304600
2021-03-09,557.6129338413027,586.2876421902818,540.8492671782218,568.2005004882812,42094843
2021-03-10,591.140181239862,591.140181239862,575.2588335778925,580.9937744140625,25226999
2021-03-11,580.9938015018494,603.0512493105576,580.1114848963526,600.4043579101562,22750548
2021-03-12,612.3155054803552,612.756663860238,571.2885939766463,573.9354858398438,28188692
2021-03-15,573.4941727291726,576.1411222943127,547.9075193442358,554.0836181640625,37980809
2021-03-16,563.7890033602839,567.7593114300871,551.4368039962485,556.2894287109375,21200125
2021-03-17,550.9957275390625,563.7890871263389,548.7899940152183,550.9957275390625,20718031
2021-03-18,560.2598624953813,574.8177968042422,557.61297065887,565.1124877929688,24258336
2021-03-19,554.0836181640625,563.3477663938025,550.5544104932925,554.0836181640625,24450964
2021-03-22,556.2894487182681,567.7593318499398,555.4071904577427,558.9363403320312,15200343
2021-03-23,568.6416152273617,568.6416152273617,552.7602664747816,554.5248413085938,15845913
2021-03-24,556.7306622184168,562.4656043524807,543.4962028383076,550.1134033203125,19578933
2021-03-25,529.3793130871492,548.7898688177562,519.2328477264564,534.673095703125,48044038
2021-03-26,534.673070749832,557.6128332925156,534.2319124830751,547.0252685546875,26565370
2021-03-29,547.0252734087308,548.7898480753321,529.820392932966,539.9668579101562,31467316
2021-03-30,541.2903774746668,547.9075768335783,535.1142780068113,537.7611694335938,22298924
2021-03-31,545.2606892588906,548.3487390146344,537.3200149224448,538.2023315429688,17291203
2021-04-01,553.6425732515942,578.7881319398599,548.3487898696735,577.0234985351562,35692168
2021-04-07,576.1412608982248,580.5527277359038,550.113384574749,555.4072265625,29482285
2021-04-08,541.7314277696894,554.9659421080586,541.7314277696894,547.0252685546875,268356622
2021-04-09,554.9660052196236,554.9660052196236,543.0549643269836,547.4664306640625,24367916
2021-04-12,543.4961997902251,546.5842500309484,532.0263155864236,541.2904663085938,30351587
2021-04-13,541.2904275520793,548.7899442190982,535.555427444707,536.437744140625,20003360
2021-04-14,547.9076698263109,551.4368784663731,543.0550444562874,550.1134033203125,19525541
2021-04-15,550.1132595898173,550.1132595898173,538.6433783184755,547.0252685546875,15781867
2021-04-16,547.0252888728247,558.054012287049,543.4960810237687,557.6128540039062,22516576
2021-04-19,555.8483048008202,568.200445215349,547.0253139812488,553.2013549804688,21957212
2021-04-20,547.0253458721006,552.3191289892461,545.2607125556572,549.2310791015625,16518819
2021-04-21,542.1726318362997,543.4961067483704,536.4376907161716,537.3200073242188,22412262
2021-04-22,548.3487510934171,550.9956425972035,543.4961264058238,547.9075927734375,16681244
2021-04-23,553.6424878717075,557.6128540039062,547.907547023024,557.6128540039062,17679003
2021-04-26,557.6128910798327,564.6712488311716,551.8779498498304,554.5248413085938,15403758
2021-04-27,550.1132926982016,551.436767578125,543.9372518401549,551.436767578125,15000735
2021-04-28,547.9075193442358,554.0836181640625,544.8194699343223,554.0836181640625,12146108
2021-04-29,564.2302311609066,564.2302311609066,554.5249221203449,557.1718139648438,13523125
2021-04-30,553.6425493680555,553.6425493680555,547.0253496341612,549.6722412109375,13011490
2021-05-03,546.5842604913742,550.9957275390625,543.9373685795412,550.9957275390625,8617701
2021-05-04,550.9956502064555,551.4368085325275,546.1430254518474,548.7899169921875,6862858
2021-05-05,543.0549573133818,544.3783738309772,538.6434326171875,538.6434326171875,12612494
2021-05-06,542.172640690925,546.143007075891,531.5850748858023,538.6434326171875,23222240
2021-05-07,540.8492157449307,540.8492157449307,529.3793334960938,529.3793334960938,18943197
2021-05-10,528.4970426635243,536.4377172809085,520.5563680461402,524.9678344726562,22281136
2021-05-11,513.49794114832,517.0271492669124,499.822325406877,515.7036743164062,37552039
2021-05-12,515.7037081848755,532.0262748993036,515.7037081848755,528.055908203125,24845424
2021-05-13,523.2032193280604,524.9677940796755,511.73333740234375,511.73333740234375,19503878
2021-05-14,509.0864661437337,518.7917152844941,506.4395747038819,514.3802490234375,17371562
2021-05-17,523.203174965607,533.3495811552319,519.6739673455313,529.8203735351562,20791791
2021-05-18,535.5553627014663,537.7611541746035,528.9381635303181,535.9965209960938,13221629
2021-05-20,539.084582124224,543.0549484443469,532.4673828121377,537.3200073242188,16956713
2021-05-21,529.3793767368998,529.3793767368998,514.8214435845545,519.23291015625,43760440
2021-05-24,518.9988789927501,520.3262099379228,510.1497911990596,518.1139526367188,18016223
2021-05-25,521.6537292791201,542.4490936984083,520.7688027028856,539.7943725585938,29337091
2021-05-26,552.62556329732,552.62556329732,541.5642144826162,546.8736572265625,20313763
2021-05-27,539.7943053324518,542.4490261416466,532.7150107820112,535.8121948242188,27927261
2021-05-28,538.0244265476726,541.5640736528087,531.8300587609044,532.2725219726562,16470119
2021-05-31,541.5641156199338,548.2009471327582,534.0424162039137,547.7584838867188,16833640
2021-06-01,547.7584934489107,559.2623036912233,545.9886404338569,555.72265625,19570899
2021-06-02,561.032140110736,566.3415823755415,553.5104400004097,556.1651611328125,17716492
2021-06-03,556.1651886251558,557.0501152426633,541.5641923807405,544.661376953125,13353978
2021-06-04,539.7943119400019,543.7763639080972,536.2546646214532,541.1216430664062,20546029
2021-06-07,540.6791866346761,541.1216498786752,529.6178398902302,531.3876342773438,21443030
2021-06-08,536.2546518147398,536.2546518147398,528.2904894798652,531.830078125,11199399
2021-06-09,530.9453153175066,536.254757924681,528.7329987404402,533.6000366210938,8425280
2021-06-10,535.3697448844528,538.4669290035635,529.1753766462311,531.3876342773438,12721726
2021-06-11,538.4668629660079,538.4668629660079,527.405517578125,527.405517578125,15725544
2021-06-15,535.3697669090895,535.3697669090895,523.8659564473882,530.9452514648438,12508921
2021-06-16,528.2904856856218,529.6178167707941,526.0781695622006,527.8480224609375,10599375
2021-06-17,525.6357288866046,530.060302734375,523.4234712571608,530.060302734375,14939241
2021-06-18,532.7151099902673,538.0245525974417,530.5028520020933,533.6000366210938,13344383
2021-06-21,530.9452616300301,530.9452616300301,515.4593401009142,522.5386352539062,25501352
2021-06-22,521.2111840174953,521.2111840174953,505.7252643133848,507.4951171875,33489921
2021-06-23,513.2470927764601,515.9018138656105,507.0527240388133,515.4593505859375,19947191
2021-06-24,516.7866623707226,519.8838466228871,513.2470734444364,515.9017944335938,11875278
2021-06-25,520.7687694559837,530.9452486663272,516.7866587060432,529.6178588867188,20884046
2021-06-28,533.5999664462153,536.2546874006745,523.8659505539418,526.963134765625,12459596
2021-06-29,530.9452616300301,531.8301295824892,520.3263189005422,522.5386352539062,15961551
2021-06-30,528.7329563312961,528.7329563312961,516.7866821289062,516.7866821289062,14772746
2021-07-02,529.6178618716273,529.6178618716273,506.6102409398232,508.3800354003906,27052611
2021-07-05,504.3979707974117,506.1677652144026,485.3724318120026,490.2394104003906,47011802
2021-07-06,488.4696024051714,498.2036184840174,485.81488139982906,494.6639709472656,21123736
2021-07-07,488.4695607181458,489.7969504019777,476.5233172136228,485.3724060058594,33107895
2021-07-08,477.8506937748048,480.9478778863489,463.2496997029204,467.2317810058594,49561439
2021-07-09,464.5770426754467,479.6204994248196,450.8609463104961,476.5233154296875,46560639
2021-07-12,486.25733774553714,487.58469822931846,462.36479044858805,472.9837036132813,33240198
2021-07-13,478.7356017765432,497.761140823901,471.6563362022029,491.5667724609375,35933948
2021-07-14,495.548874803153,498.2035956870196,490.2394037409782,492.4516906738281,21595871
2021-07-15,496.8762348798038,506.1677878087519,495.9913669262515,499.9734191894531,21890303
2021-07-16,501.7432524275614,503.9555101072647,492.894163119864,499.0885314941406,16011232
2021-07-19,495.5488766411879,495.5488766411879,482.7176768308379,486.25732421875,18348476
2021-07-20,485.81489370330905,492.0092624022784,476.9658039317653,480.06298828125,21492839
2021-07-21,480.0629528973867,481.8327765801363,469.0016061454744,476.0808715820313,22021840
2021-07-22,482.275215751064,485.8148336454372,475.1959506678775,481.3902893066406,17022608
2021-07-23,483.16013885640217,483.60260210238295,468.1166814374716,469.8865051269531,18179395
2021-07-26,451.3034335883703,453.5156912488265,432.8973256449411,433.6052551269531,89266221
2021-07-27,411.8364977484496,425.4640963671941,388.29794494738354,394.6692810058594,117184426
2021-07-28,399.09382101555656,407.5889454267499,373.4314507658884,395.7311706542969,122431259
2021-07-29,424.7561783067332,437.3218830379277,414.6682268349756,435.3750915527344,79075566
2021-07-30,431.4814749920214,431.4814749920214,411.4825399760708,423.8712768554688,43889700
2021-08-02,421.2165304672689,423.6942542580267,406.3500412505186,420.3316040039063,31941064
2021-08-03,414.8451834067731,414.8451834067731,374.8473140523324,394.6692810058594,127799280
2021-08-04,384.9352832160933,415.7300976709372,384.0503567403495,404.2262878417969,50011558
2021-08-05,400.5096550737512,410.9515702462721,382.8114778758839,388.4748840332031,63595518
2021-08-06,393.60739705606926,407.4119637588956,389.3598493376776,401.39459228515625,46586976
2021-08-09,396.2620772061808,418.0308339175315,391.6605652109157,408.4738159179688,44428211
2021-08-10,422.9863520338426,436.2599861887746,418.73880433737446,430.24261474609375,44347453
2021-08-11,433.7822765493846,435.9060358204621,424.756189793142,428.29583740234375,21853357
2021-08-12,427.0569028994445,434.6671298423094,421.39349659196114,426.5259704589844,17736919
2021-08-13,416.96897313780187,421.3935177770234,408.2968808780376,416.0840759277344,28656855
2021-08-16,410.24368680429393,412.7214400922017,397.3240171732965,401.5715942382813,31480707
2021-08-17,391.8375403403882,395.0232228320429,383.1654486103221,384.9352722167969,46801344
2021-08-18,380.51075227462417,392.0145625135342,380.51075227462417,385.9971618652344,28851497
2021-08-19,396.4390902113372,398.9168140190494,370.9537176153705,372.7235412597656,55433509
2021-08-20,372.7236004680481,383.3424854323793,364.75940745035433,376.4402160644531,56555339
2021-08-23,389.3597902120024,392.8994078907514,381.92653156830914,383.8733520507813,48400600
2021-08-24,395.3771901765962,417.6768798828125,393.96133128202246,417.6768798828125,53716905
2021-08-25,435.0211188484226,435.0211188484226,413.96028976434536,419.9776611328125,44724609
2021-08-26,419.9776628949367,425.4641018163291,414.49122397354415,417.49993896484375,18764172
2021-08-27,415.0222224722165,427.9418929162392,409.3588153236193,412.7214660644531,25452380
2021-08-30,410.77460124561264,414.4912163669886,404.9342269794802,412.1904602050781,20041445
2021-08-31,409.5357349281948,425.8180541992188,395.7311688097653,425.8180541992188,56603643
2021-09-01,429.18070646686834,437.6758308765103,422.8093704832473,432.18939208984375,38287137
2021-09-02,441.56942291058505,451.30340881220025,436.25995208698015,438.9146728515625,43902749
2021-09-03,439.4456457614028,440.33054294063015,426.17201230634674,431.8354187011719,29441113
2021-09-06,433.074309831087,448.6486993850138,432.0124156395319,446.8788757324219,29043486
2021-09-07,451.30343281692535,460.1525220325076,449.5336091149206,456.1704406738281,27079321
2021-09-08,465.4619735175885,468.1166944785468,453.51569989883376,464.1346130371094,35792918
2021-09-09,450.4185349563245,452.6307926097731,423.8712673482902,424.7561645507813,58676024
2021-09-10,434.6671493499712,437.8528320190253,425.81806011926255,433.6052551269531,38694918
2021-09-13,424.7561517711754,425.8180459588807,416.79198930504737,422.986328125,30173503
2021-09-14,421.5705400548488,427.2339469863864,414.8452095364961,418.3848571777344,21592603
2021-09-15,405.2881699748794,410.5976114935717,399.2707697199959,401.2175903320313,39231994
2021-09-16,395.3772262624846,402.45649208703446,393.7843702134897,399.0938415527344,26598358
2021-09-17,394.4922584103714,413.7832916476201,393.9613259792728,408.65081787109375,26015577
2021-09-20,404.0492950021887,404.7572244723193,396.43909713994685,401.9255065917969,16828242
2021-09-21,394.6693050007978,401.5716032388808,392.1915516573551,398.20892333984375,17960361
2021-09-23,407.2349885357144,415.5531160910952,403.8723381096624,409.88970947265625,24093629
2021-09-24,408.2968795769248,418.9157632416638,403.6953379336882,407.2349853515625,18068880
2021-09-27,406.1730934378554,418.5618008820395,402.8104430189579,411.1285705566406,19490017
2021-09-28,413.2523190544902,421.3934780801747,411.1285307970666,415.7300720214844,22722926
2021-09-29,408.4738279125681,411.4825134277344,398.3858771921094,411.4825134277344,19797496
2021-09-30,403.51839584707193,411.1285943373436,401.571604290775,408.2969055175781,18804935
2021-10-04,415.907069212221,415.907069212221,402.10250314925656,404.40325927734375,12713753
2021-10-05,394.84627273525047,401.3946062099844,394.1383432085525,398.20892333984375,12888955
2021-10-06,401.7485243049068,401.7485243049068,394.3152944324906,395.0232238769531,11767293
2021-10-07,402.6334405704315,418.38482751555193,401.9255110923738,417.1459655761719,15784083
2021-10-08,433.6052939573678,433.6052939573678,417.6769377745575,426.34906005859375,32333000
2021-10-11,435.9059873654065,441.2154581890114,432.7203341656838,438.9146728515625,28425260
2021-10-12,430.9504795556677,433.6052001292721,424.9331090162394,427.58782958984375,17842757
2021-10-15,435.1980808189592,442.4543433457665,428.6497770669867,438.5607604980469,31595846
2021-10-18,441.923440684007,441.923440684007,429.5347032361311,439.7996520996094,22487283
2021-10-19,438.38377526044223,442.4543552348607,434.1362275583911,441.5694580078125,16735539
2021-10-20,449.5336319114351,455.72800053535656,446.4364475994743,450.8609924316406,35497959
2021-10-21,450.8609681964578,453.51568909416943,442.4543422555572,447.32135009765625,18097118
2021-10-22,449.09116863988544,453.07327949494544,444.66665310216246,450.8609924316406,13823480
2021-10-25,447.3213389691801,451.3034202166812,443.3392284272381,446.8788757324219,13296540
2021-10-26,449.0911300018652,449.53359323534704,438.5607452594119,444.2241516113281,16606863
2021-10-27,434.3131813731424,435.02111084988,426.7029541454335,430.9505310058594,20302427
2021-10-28,429.88866261408646,437.1449255393089,429.88866261408646,432.012451171875,14832277
2021-10-29,430.7735583360122,432.1894173695094,425.64111328125,425.64111328125,17834144
2021-11-01,421.57053197833847,421.924496735681,411.4825510412982,415.5531311035156,24569493
2021-11-02,423.51732602857993,426.5260118367577,407.2350056823634,410.59765625,35803836
2021-11-03,408.8278479192268,415.9071140817771,405.1112324515268,415.022216796875,21003990
2021-11-04,420.5086340627109,426.3490378610352,419.2697427755251,425.464111328125,17834322
2021-11-05,417.676933961483,419.6237255463624,411.6595621748862,413.6063537597656,21716216
2021-11-08,407.23500079442607,410.5976513217016,401.2176292502954,410.420654296875,24234522
2021-11-09,415.0222010960129,416.7920248933068,406.7040438959536,410.59765625,14760906
2021-11-10,415.0221944422249,430.7735527495,412.36747343606726,427.9418640136719,33212806
2021-11-11,422.9863500014481,424.9331707601492,413.2523633857121,422.6323852539063,39089792
2021-11-12,431.6584833247072,434.84413684416046,426.34904126265616,429.3577270507813,25849642
2021-11-15,435.3750866204997,437.85283985186686,432.72036566268457,435.1980895996094,21038637
2021-11-16,440.1535829065027,450.418530978056,437.3218650124352,444.6666259765625,30659014
2021-11-17,445.9940038487783,450.4185485839844,441.215494362978,450.4185485839844,23262320
2021-11-18,444.2241920278077,445.55155255457856,436.0830318399098,439.6226501464844,20959763
2021-11-19,430.5965458362419,439.4456345811431,429.1806869499472,438.9146728515625,16502389
2021-11-22,440.68452425022826,443.7817084357048,434.4901851737173,437.4988708496094,15931741
2021-11-23,428.29580735181327,429.8886340169748,423.8712627979724,425.8180541992188,20313292
2021-11-24,418.7388095905019,425.4641106160376,413.6063353093186,417.8539123535156,28227792
2021-11-25,417.8539099780821,426.8799672040247,416.7920157230695,422.8093872070313,18375654
2021-11-26,418.2078096887413,418.2078096887413,407.0579649058134,410.066650390625,35673130
2021-11-29,408.8277979657127,416.968957452067,408.2968655185335,409.1817626953125,21163279
2021-11-30,404.93421195115553,407.2349680276781,397.3239849736879,406.5270385742188,38602838
2021-12-01,409.3587747573297,419.0927612375307,408.29688052949,414.8451843261719,22065387
2021-12-02,413.25236966158593,419.0927734375,410.2436839090103,419.0927734375,19221936
2021-12-03,414.8451740817958,414.8451740817958,404.9342201222548,409.3587646484375,24404006
2021-12-06,397.1470419976864,406.70403162585575,396.085147751347,396.2621154785156,33582406
2021-12-07,405.1112122631648,410.5976513217016,399.6247732046279,410.420654296875,25205220
2021-12-08,413.78331160466286,416.2610354618785,411.48252617376056,413.2523498535156,16459470
2021-12-09,419.80071129163474,419.80071129163474,416.7920254792273,418.2078552246094,14485645
2021-12-10,416.7919800975195,419.44670086091566,408.47382379147535,410.066650390625,16521558
2021-12-13,416.4380545293725,425.6411088570012,412.8984069824219,412.8984069824219,24125047
2021-12-14,407.0579796828025,412.013485962514,404.7572235573001,406.8810119628906,14808796
2021-12-15,406.7040507709639,410.951627956271,401.0406438183316,403.3414001464844,14505438
2021-12-16,399.97874280337726,402.8104608793497,396.6160922353817,400.50970458984375,22812079
2021-12-17,395.5541898390295,395.731186862367,387.5900268554688,387.5900268554688,30682034
2021-12-20,387.0590458365713,389.0058665242802,379.6258157036937,380.5107421875,22143443
2021-12-21,380.51075934623344,395.3772202823761,379.9797975731183,390.0677490234375,18686797
2021-12-22,398.2088958744693,398.9168253523397,389.7137714344659,392.0145568847656,15012791
2021-12-23,401.7485205001721,414.8451565098173,397.5009731680634,408.65081787109375,35745558
2021-12-24,414.6682156346566,414.6682156346566,406.1730911262002,407.2349853515625,10313242
2021-12-28,405.1111993259848,406.3500612824361,393.7843568154223,398.5628662109375,20555921
2021-12-29,392.5454971195874,394.3153208493116,389.7137791520288,393.6073913574219,10402269
2021-12-30,395.0232512267538,398.9168341464333,391.12963901263214,392.3685302734375,8314363
2021-12-31,408.82780005567656,408.82780005567656,402.8104289161597,404.2262878417969,10712324
2022-01-03,406.8810362750692,409.7127543183924,400.8636647274504,401.5715942382813,6531544
2022-01-04,402.9874329978329,405.2882186068231,394.1383432085525,398.20892333984375,14711705
2022-01-05,391.4836030807352,392.8994620652342,379.6258280272198,381.0416870117188,34633344
2022-01-06,372.5465474375087,386.8820751381752,372.5465474375087,386.705078125,24292770
2022-01-07,393.784351285,396.7930662131701,387.9439770342315,392.0145568847656,22577720
2022-01-10,396.439136693552,404.5802971178739,391.483629908216,401.0406494140625,21218880
2022-01-11,405.2881890053986,408.827807085918,401.9255093519648,407.0579833984375,17795793
2022-01-12,417.49994829859054,425.464111328125,415.1991627485783,425.464111328125,30671300
2022-01-13,430.0656243892612,430.0656243892612,418.0308528427091,420.5086059570313,19860639
2022-01-14,408.8277903039212,419.6236704127292,408.8277903039212,418.9157409667969,14886027
2022-01-17,417.676895261916,419.2697219297401,410.59762982282473,412.0134887695313,13757827
2022-01-18,413.96024763043584,416.7919653012327,398.9167914459864,400.6866149902344,25533037
2022-01-19,400.8636760828324,405.28822100363874,398.2089256947935,403.3414001464844,18972619
2022-01-20,402.9765997269576,430.32794337081856,402.9765997269576,429.9632568359375,31098094
2022-01-21,427.4104385932301,436.1628559856604,425.7693639939546,432.8807067871094,28238280
2022-01-24,428.5045180591845,431.7866674106836,424.6753242861405,428.1398315429688,15453269
2022-01-25,418.8403793627356,426.6810957076896,418.8403793627356,425.5870361328125,26320564
2022-01-26,428.5044720943209,434.5217550247541,424.8576073233557,431.78662109375,22762432
2022-01-27,423.9459606978708,425.76939331956976,417.3816325541978,422.1225280761719,21591501
2022-01-28,422.1225243982143,423.0342553483415,415.3758676983768,419.3873901367188,15822080
2022-01-31,429.5985412597656,429.5985412597656,429.5985412597656,429.5985412597656,0
2022-02-04,440.3567355961131,440.3567355961131,429.4161992203639,436.70989990234375,16772866
2022-02-07,439.4450831697285,439.4450831697285,428.6868741923368,435.7982177734375,16195588
2022-02-08,432.6983675821136,433.97478503174807,427.5927856669032,428.5045166015625,19745906
2022-02-09,437.6216328022305,440.9037822319283,434.5218119877634,440.1744384765625,24600711
2022-02-10,444.91532686482026,444.91532686482026,433.7924319754226,441.6331481933594,19803240
2022-02-11,436.5275186012848,440.9037270580658,430.69256422743024,434.8864440917969,16344233
2022-02-14,428.6868063380224,430.87492522945246,424.310597849602,430.327880859375,13541324
2022-02-15,430.327919881996,432.6983675821136,425.2223379667857,428.5045166015625,14623872
2022-02-16,434.8864775067664,434.8864775067664,429.5985377982901,434.1571044921875,12855204
2022-02-17,434.1570944105964,437.2569150033547,430.3279008201959,436.70989990234375,13607278
2022-02-18,436.70991924684085,440.1744264918841,426.6810840266865,428.5045166015625,25303740
2022-02-21,423.21656327139175,425.587010895838,401.7001767524877,406.0763854980469,48477043
2022-02-22,394.0418070034408,405.8940456528457,394.0418070034408,405.5293884277344,32179004
2022-02-23,403.3412528065657,411.54665521912415,403.3412528065657,405.7117004394531,21311907
2022-02-24,397.6886004236122,400.7884208614802,386.2010495208568,390.0302429199219,35768451
2022-02-25,394.22412346659297,400.2414362065715,383.1012581990867,386.5657653808594,26877414
2022-02-28,382.9189104168458,387.8421637619824,377.8133284599543,384.0129699707031,28269030
2022-03-01,384.01294814824126,400.2414240387959,383.2835751537848,392.9477233886719,20329969
2022-03-02,389.3009165108346,396.4122597912124,385.47172265387945,386.0187377929688,14752581
2022-03-03,385.4716953080597,388.7538444986427,378.725039030505,381.8248596191406,20920744
2022-03-04,367.4198442356882,370.3373071507805,364.6847099364702,367.6021728515625,43750295
2022-03-07,354.6558409841997,362.1318701249101,347.36214044218053,353.7441101074219,41987247
2022-03-08,354.65585968491683,361.402516197727,346.8151436389489,349.367919921875,33966559
2022-03-09,349.36791413619693,356.2969284370071,337.3333180596429,350.82666015625,34965768
2022-03-10,360.490791555629,363.5906120544802,347.5444651813445,351.00897216796875,25335066
2022-03-11,336.42163525982244,342.256590371932,328.21623237977246,335.3275756835937,50996737
2022-03-14,321.83421875099026,327.85153150974844,300.8648469879736,302.5059509277344,70448173
2022-03-15,278.25439112933657,303.78232874629776,270.7783618811143,271.6900634765625,124658821
2022-03-16,287.3715229043782,338.06268210738665,282.9952849602363,334.5981750488281,113433662
2022-03-17,365.59636978173967,365.59636978173967,340.6154774203153,355.5675354003906,73377749
2022-03-18,346.45045048667566,358.12036002777074,338.24504808694707,347.3621520996094,39708790
2022-03-21,357.5733342165472,357.7556921252807,337.69802124230307,339.5214538574219,32326528
2022-03-22,337.3333058587092,354.6558409841997,330.03960531669003,353.7441101074219,32645563
2022-03-23,363.7729572940459,367.9668374480897,351.19134612635617,354.6558532714844,44491277
2022-03-24,340.06846301902857,347.9091791845972,332.7747619811619,333.6864929199219,49413053
2022-03-25,326.9398127430089,335.87458861510504,320.01082739469285,324.9340515136719,40322104
2022-03-28,326.39279045745974,339.70377501971967,322.74595460166495,334.0511779785156,28357473
2022-03-29,338.2450471867172,346.8151360676985,337.3333162817684,343.89764404296875,22007226
2022-03-30,349.1855860745015,354.29116785819343,346.6327805354346,346.9974670410156,28377006
2022-03-31,348.63856657797874,348.63856657797874,339.70379049454726,341.1625366210937,15361005
2022-04-01,334.59817655780546,345.3563842773437,330.22196788836857,345.3563842773437,15263214
2022-04-04,354.4734759469714,356.4792369643532,349.9149388327183,355.5675354003906,16493903
2022-04-06,349.18558461991853,351.00898784578595,346.45045048667566,347.3621520996094,18033596
2022-04-07,342.4388787861621,349.73257914365223,340.79780426169776,341.3448486328125,16713428
2022-04-08,337.33331443077765,339.3390755395527,333.6864787143177,336.9686279296875,20637305
2022-04-11,333.68651064790816,333.86883926868126,321.834242169886,322.3812866210937,23993899
2022-04-12,331.6807302780826,339.70377501971967,326.93980558277406,334.0511779785156,27806289
2022-04-13,333.6864645827954,345.5387021301827,329.85727113073483,340.615478515625,22786489
2022-04-14,345.3563706469341,345.5386992410124,339.70374481390826,341.3448486328125,15962008
2022-04-19,333.50414234055125,335.14524634859265,329.12793333947513,331.8630676269531,18679202
2022-04-20,332.4100887071596,336.2392530050506,329.67492531740123,330.03961181640625,11427510
2022-04-21,320.9225008989119,324.75169440734845,312.7170987927367,317.2756652832031,27099539
2022-04-22,305.241081319329,312.71711072882664,304.69403691470615,310.52899169921875,29513509
2022-04-25,302.87068459562227,308.70564036096374,296.4886843337024,298.49444580078125,27152036
2022-04-26,302.8706218741102,311.44071046422334,301.4118759112551,306.1527709960937,28731252
2022-04-27,302.6882832695204,308.70559610251445,299.2237760341934,305.2410888671875,24646404
2022-04-28,310.52902518813767,310.52902518813767,301.9589353395971,309.7996520996094,22355935
2022-04-29,309.070259605983,353.74410523639926,307.61151365877777,344.0799865722656,49977014
2022-05-03,345.53870857478586,350.8266480680543,333.13942642045225,346.450439453125,26923424
2022-05-04,341.34487034073896,342.62125846377904,333.86881161928846,335.87457275390625,14847493
2022-05-05,342.62126713990955,344.6270283253188,334.0511779785156,334.0511779785156,22525168
2022-05-06,321.4695104140633,324.02231580690324,316.36392892282345,318.36968994140625,24135375
2022-05-10,302.6882594214956,314.90521273469653,300.86482699539687,311.0760192871094,29900375
2022-05-11,309.6172687512644,330.0395944427257,309.6172687512644,319.4637451171875,25636282
2022-05-12,312.5347398650169,321.10482843382624,311.62303828771906,313.8111572265625,21081648
2022-05-13,319.09907474038187,325.6634024137391,319.09907474038187,323.1106262207031,20518021
2022-05-16,328.2162555789688,330.4043455916428,316.54634452988944,319.09912109375,16380684
2022-05-17,323.1106329346219,336.78630366559923,323.1106329346219,335.87457275390625,31709550
2022-05-18,342.07416307167176,342.07416307167176,326.392733543396,333.3217468261719,29842282
2022-05-19,311.8054047721491,313.26412147713484,304.51170406945494,311.623046875,63330058
2022-05-20,318.84718183007493,325.07753068548783,317.01471762567684,322.6953125,29823434
2022-05-23,320.3131009278619,321.2293476845376,313.34979632645025,317.7476806640625,17935414
2022-05-24,314.0827599296963,318.4806738106505,308.2189041946299,309.68487548828125,20741634
2022-05-25,306.7529746900067,311.33409100778846,306.0199890136719,306.0199890136719,22692875
2022-05-26,306.93617162847966,307.66915722180306,302.3550263899769,306.20318603515625,19474403
2022-05-27,316.6482014356818,318.6638971921153,309.8681285386712,313.1665344238281,21858579
2022-05-30,316.83143608557225,321.7790743991121,315.548725944854,320.6795959472656,23477448
2022-05-31,319.76339606958896,332.5905864952175,317.381207347056,332.04083251953125,68180756
2022-06-01,331.67431582757337,335.5224756224486,327.8261854722363,330.2083740234375,28343735
2022-06-02,325.2607300571235,330.3915998799188,324.16125164376643,328.9256286621094,14932415
2022-06-06,331.67433713394416,338.4544398517133,326.17697405656054,336.80523681640625,25163887
2022-06-07,340.83662855594355,343.4020489576345,332.5905839398681,336.80523681640625,28519264
2022-06-08,343.58527289281017,358.61138916015625,341.9360700360712,358.61138916015625,49987345
2022-06-09,370.1558985528994,372.7213188883176,356.412491214475,361.7265930175781,41217081
2022-06-10,352.1978399987808,364.841768917939,350.9151298254194,363.1925659179688,31329160
2022-06-13,351.4648424011831,354.39678491441344,342.3025809264151,345.4177551269531,26256659
2022-06-14,336.621974133479,346.70048287557705,336.621974133479,344.50152587890625,17169964
2022-06-15,344.5015177054319,350.1821417589526,343.7685320572655,347.9831848144531,22365927
2022-06-16,348.16645580563505,350.3653833728644,333.50680130625204,336.80523681640625,23314598
2022-06-17,331.4911028940363,343.2188146277784,331.4911028940363,338.4544372558594,20513213
2022-06-20,339.0041359745335,342.6690640120223,334.05652728323,339.73712158203125,12255165
2022-06-21,340.6533663914883,349.0826721191406,339.1874244976035,349.0826721191406,15807132
2022-06-22,348.89942707310206,348.89942707310206,339.004150390625,339.004150390625,14439299
2022-06-23,340.6533843272184,347.6167190880723,338.0879637981932,343.5853271484375,13288125
2022-06-24,347.6167028159242,353.6638198818487,342.85232539400806,352.0145874023437,19160085
2022-06-27,354.5800557946967,366.67426111950994,343.2188361792105,346.5172424316406,60436173
2022-06-28,341.5696157717278,342.11934030613963,326.54346836983456,335.156005859375,61682872
2022-06-29,329.841857978334,339.3706115119298,326.3601912396272,334.4229736328125,36825199
2022-06-30,329.8418682467882,333.14027397585977,324.3445057386442,324.71099853515625,35150506
2022-07-04,324.71104163637955,326.543476422635,315.5487499469382,317.9309387207031,40489011
2022-07-05,318.8471535434241,323.794762297059,318.297399611106,319.58013916015625,20516943
2022-07-06,319.7633925697081,323.4282914628287,312.2503336470638,318.4806823730469,26134846
2022-07-07,314.4492490852973,322.14556884765625,314.0827562661593,322.14556884765625,19989588
2022-07-08,327.27645095152815,327.27645095152815,319.3968992086388,323.0617980957031,19746025
2022-07-11,315.54874334164765,317.1979463905717,311.70058326779804,313.71630859375,21687300
2022-07-12,310.2346336058796,312.2503294419272,308.03567663589706,309.50164794921875,18222209
2022-07-13,310.23464660693475,312.6168353711435,306.9362110137328,307.3027038574219,18040252
2022-07-14,306.5697254093753,309.1351753757795,304.1875365889136,306.93621826171875,17662006
2022-07-15,302.3550728009877,304.5540299184943,296.124753180469,297.7739562988281,27720676
2022-07-18,299.0566499844044,305.8367232281795,294.1090114640852,304.7372741699219,21449470
2022-07-19,303.63778433931503,310.05136451111406,302.3550447533242,305.2869873046875,13324752
2022-07-20,313.34976249239736,314.0827186032428,309.6848347404936,310.2345886230469,16827893
2022-07-21,306.93620638932015,308.4021777419897,301.6221043952036,306.0199890136719,20117623
2022-07-22,309.318369876105,311.15083391740603,302.355035958699,304.1875,15878686
2022-07-25,301.9885831940342,302.35504657562444,294.6587562109877,299.056640625,17738614
2022-07-26,297.407443863246,302.72154572133627,296.12473368226404,301.8053283691406,14596411
2022-07-27,297.77395176571844,300.3393722575469,293.1928058937576,293.37603759765625,20864179
2022-07-28,297.4074175784116,298.5068959675984,293.1927651396307,293.9257507324219,16161029
2022-07-29,293.92576123025066,296.3079497721356,279.4493688544292,281.0985717773437,39161077
2022-08-01,276.700696429806,279.26611673942847,274.5017395019531,274.5017395019531,42108373
2022-08-02,270.47033998247633,271.0200644785634,263.87349883174056,270.2870788574219,44948736
2022-08-03,273.9520212188548,280.7320944079236,273.03577442497976,277.2504272460937,28852709
2022-08-04,282.01478582129806,285.8629455566406,279.63259730695034,285.8629455566406,20838564
2022-08-05,287.1457359004918,287.6954604858607,278.7164293278822,281.83160400390625,17311910
2022-08-08,277.0671934445385,280.182367753042,273.2190334823236,274.3185119628906,15842588
2022-08-09,274.8682306972665,278.8996222682763,271.5698247645382,273.0357666015625,14943954
2022-08-10,274.50175196731897,274.68501310606496,267.72167862452574,270.8368530273437,16170724
2022-08-11,274.1352356223664,279.082873790684,273.219018325823,278.1666564941406,15647854
2022-08-12,279.0828929782064,279.0828929782064,275.05150126880363,278.7164001464844,11562363
2022-08-15,276.51742078082185,280.1823488014826,273.95200060589684,275.2347106933594,12236681
2022-08-16,276.70069551133565,280.3655942727194,268.0881583984756,277.6169128417969,24774160
2022-08-17,277.6169097706492,280.1823594829148,272.11954696961885,277.8001708984375,18547810
2022-08-18,289.52786322207,289.52786322207,283.48074687218065,286.4126892089844,33909244
2022-08-19,286.41270585987826,293.1927787485983,286.0462130464714,288.61163330078125,24497052
2022-08-22,286.0462325842263,289.1614069911908,282.38130419983247,284.58026123046875,15556594
2022-08-23,285.8629311744271,287.6953951084765,283.1142499931212,286.5959167480469,14245624
2022-08-24,287.5121551496841,288.9781264047859,281.6482995688154,284.030517578125,13740901
2022-08-25,286.4127367374608,298.1404491517459,286.4127367374608,297.7739562988281,20468991
2022-08-26,302.53828656552724,303.0880110390386,294.4754745036263,297.0409240722656,19558483
2022-08-29,292.2765685020095,297.5906702655953,290.26087269930184,295.94146728515625,13050392
2022-08-30,295.94145592738613,296.67444154379245,287.51215077825134,296.4911804199219,14785492
2022-08-31,288.6116254700878,306.5696845211674,288.42839378812505,299.78961181640625,27592247
2022-09-01,299.6063676915328,305.6534845719574,296.85768622939594,297.4074401855469,25197807
2022-09-02,296.67444238873094,302.90479070639094,295.20847115174314,301.07232666015625,26838727
2022-09-05,296.8576971225184,297.59068279792353,289.52789924754785,292.2765808105469,21447744
2022-09-06,292.27657609078705,294.6587647776153,285.4964734225467,287.878662109375,17091537
2022-09-07,283.29753251345426,286.2294455899448,280.5488511244463,285.4964599609375,15981089
2022-09-08,281.0985709219654,284.5802378817113,275.0514837431674,276.5174255371094,24821368
2022-09-09,273.9519734414314,283.4807264712245,273.9519734414314,281.28179931640625,18070133
2022-09-13,282.7478112188472,282.9310723670281,278.8996509420081,279.2661437988281,18081809
2022-09-14,275.23472514457075,278.7163922272348,273.95201498975945,274.5017395019531,18940182
2022-09-15,274.135239474307,277.0671819677039,274.135239474307,274.86822509765625,14026323
2022-09-16,272.48606919957126,274.31853347756896,268.6379089355469,268.6379089355469,26263163
2022-09-19,267.72167656780715,268.2714011007411,264.05674821644664,264.78973388671875,24136397
2022-09-20,267.90488973039044,271.7530495133109,267.90488973039044,268.8211364746094,15936615
2022-09-21,266.07246723368354,266.98868458007416,262.0410461425781,262.0410461425781,16944133
2022-09-22,258.376141074186,261.4913153040876,255.8106913509275,259.2923583984375,18464820
2022-09-23,255.26096077211432,257.82641043434563,251.96255493164065,251.96255493164065,20715044
2022-09-26,250.3133255628804,263.50700796150363,250.3133255628804,259.4756164550781,25949956
2022-09-27,258.74264368922445,259.47562935219605,252.14580216201983,257.27667236328125,23931088
2022-09-28,256.3604414812572,256.3604414812572,250.496585926344,251.0463104248047,23331323
2022-09-29,254.89447110002936,260.025341048096,245.732194924328,247.9311370849609,21225113
2022-09-30,244.44948536796704,253.2452687508056,241.51755757368755,244.0829925537109,23645919
2022-10-03,241.8840373526974,244.44948707035627,237.6693993989393,241.7008056640625,14726895
2022-10-05,251.77929684503468,256.5436739785493,248.4808909647672,255.62745666503903,19100720
2022-10-06,255.6274630866961,258.9258690498234,251.96256430105032,254.52798461914065,10922599
2022-10-07,250.8630795921638,251.41280409249515,247.3814125846296,247.9311370849609,10508799
2022-10-10,243.71650143673943,245.91544361782056,240.78457362204148,241.7008056640625,16508799
2022-10-11,239.68509446961312,240.41808010108312,232.90502153782333,233.27149963378903,22451585
2022-10-12,229.97308192552893,241.8840242265953,227.22438594862683,232.3552703857422,33718496
2022-10-13,233.08825285017,233.63797731840137,225.5751800537109,225.5751800537109,23330747
2022-10-14,229.0568687105689,237.1196667444716,227.5908974027123,228.32388305664065,33120474
2022-10-17,224.65897563453305,229.789860632211,220.62758386750696,226.491439819336,27710742
2022-10-18,230.8893151611745,235.10396789737976,228.5071265362626,233.08827209472656,23299725
2022-10-19,230.5228289403574,231.43906102224207,223.1930164445899,223.5595092773437,22065529
2022-10-20,217.1459119699828,219.1616078101813,211.64854897324523,212.93125915527344,52023627
2022-10-21,212.56477432401647,216.5961808758664,210.9155712508513,213.2977600097656,27949605
2022-10-24,205.23496000375857,207.0674094838783,188.0098848434144,188.9261169433593,89566069
2022-10-25,185.07795277091108,197.53865017689705,181.9627784194146,189.10934448242188,76877860
2022-10-26,187.6433701473248,200.1040663761127,185.261181684708,193.87371826171875,53011549
2022-10-27,202.66950245356983,203.4024880525485,194.05696582487624,195.3396759033203,44975839
2022-10-28,192.40776062052865,193.6904855013641,183.2454842024412,183.9784698486328,42991223
2022-10-31,184.89470611217703,198.4548672763289,182.3292710119197,188.3763732910156,52130612
2022-11-01,190.39206787222403,212.38153457288388,190.39206787222403,208.35012817382807,81958346
2022-11-02,206.7008980883268,212.5647535620349,201.5700282287744,211.28204345703125,37003471
2022-11-03,207.0673905197587,210.9155502673264,201.75327426630784,202.85275268554688,32254804
2022-11-04,205.6014550795565,226.6746905690609,205.6014550795565,218.61187744140625,70707463
2022-11-07,214.21399063055995,228.69038422480472,212.19829472850668,224.8422241210937,46305791
2022-11-08,223.00976746531447,230.8893191196586,222.4600282225016,225.20870971679688,24786140
2022-11-09,223.5595031112432,227.59089472080413,214.21398029309267,216.9626617431641,33332722
2022-11-10,209.8160881566176,214.7637267079931,209.8160881566176,212.0150451660156,24487596
2022-11-11,231.80555010551603,238.9521307890799,224.84221583536512,236.753173828125,55816383
2022-11-14,246.6484264341404,253.4284993083439,235.65370093455067,238.7688751220703,50955670
2022-11-15,240.05161694800603,264.05676686698973,236.56994948807065,263.87353515625,66439198
2022-11-16,261.6745233846655,271.93629191233686,256.54365384059787,269.7373352050781,65052154
2022-11-17,273.5855076236195,274.3184932272688,257.6431443430902,267.53839111328125,73512490
2022-11-18,274.8682346451014,277.4336844159336,262.40753749442365,263.6902770996094,47125979
2022-11-21,258.5593697021353,262.5907906480992,251.5960651290926,259.4756164550781,32964378
2022-11-22,256.7269334412049,262.4075278514156,251.5960635276301,254.16148376464844,29966391
2022-11-23,254.5279995259214,260.9416095758473,254.1615066819388,258.37615966796875,24616758
2022-11-24,262.4075187845635,265.1562000518452,255.6274461758118,256.91015625,18082659
2022-11-25,253.7950106485655,254.5279963273196,245.9154587612706,250.130111694336,32973614
2022-11-28,237.3029152779512,248.6641341362596,237.3029152779512,247.3814239501953,35269983
2022-11-29,253.245281204279,262.04105029988494,250.86309251423825,261.8578186035156,34893161
2022-11-30,259.84212733800484,268.0881720506972,256.54369178920365,263.1405334472656,49099574
2022-12-01,273.03574082643013,278.34987148253737,268.0881323944021,269.7373352050781,47958641
2022-12-02,271.2033386230469,274.5017446369895,267.17191751323537,271.2033386230469,26413721
2022-12-05,284.03056576787327,290.44414693778947,277.0672305642513,287.6954650878906,62990620
2022-12-06,282.0147899119312,287.51215263086345,281.46506541585325,285.6797180175781,30595611
2022-12-07,283.8472516572696,291.9100639846095,273.9520047315408,275.0514831542969,43281194
2022-12-08,278.71637396108025,291.36030186874467,278.71637396108025,290.8105773925781,35895137
2022-12-09,292.0932907319029,299.2398561997249,288.0618993561373,298.3236389160156,42536416
2022-12-12,291.72679051579297,297.5906457494749,288.9781092949901,290.9938049316406,21594497
2022-12-13,289.52787920616174,297.7739233243601,289.16138639382814,291.726806640625,21387357
2022-12-14,295.2085063284038,300.33937682971083,291.72683894545594,297.7739562988281,25520152
2022-12-15,297.77390686528133,299.2398485940493,289.52786320287265,290.9938049316406,19964708
2022-12-16,287.6954448243926,294.4755183927182,285.4964877235372,290.2608947753906,26457328
2022-12-19,293.55926513671875,301.2555846102718,290.26085932778903,293.55926513671875,26213666
2022-12-20,292.0933112027629,292.0933112027629,280.7320924424794,283.48077392578125,30592837
2022-12-21,284.9467468261719,286.9624426665836,282.1980653275123,284.9467468261719,16134154
2022-12-22,292.27658432831834,298.50693320470856,289.8943955743504,296.6744689941406,25534109
2022-12-23,291.36034165706496,298.69016916429416,290.6273559623879,293.37603759765625,16322433
2022-12-28,297.7739346072765,301.98858738904056,294.8419919975139,298.8734130859375,25467403
2022-12-29,295.94145918678134,307.8524019857221,295.94145918678134,307.11944580078125,31678390
2022-12-30,310.60113477099407,314.9990193894624,303.63780028535405,306.0199890136719,28650190
2023-01-03,306.0199974100876,316.831462833814,301.25561982272933,316.28173828125,31541576
2023-01-04,320.6796089511364,330.75811767578125,319.76339159054686,330.75811767578125,39409103
2023-01-05,345.3535488750701,349.40519446450264,331.46223883057223,335.51385498046875,40803927
2023-01-06,341.1090190285466,346.704121156056,334.54921265058016,337.057373046875,27092487
2023-01-09,342.4595566217412,349.5981443084838,339.1796681645393,349.2122802734375,28323733
2023-01-10,352.1063049199575,352.87803299054184,344.3889064559584,349.59814453125,19854116
2023-01-11,356.7367292667689,365.4188024668318,353.6497875704697,360.5954284667969,35722217
2023-01-12,365.61175428118025,366.1905650571321,343.8100976102786,351.1416320800781,40547528
2023-01-13,351.7204355826456,359.2448871958016,343.61717320550724,358.2802124023437,20970696
2023-01-16,359.0519692121212,363.10358567314967,351.1416241451245,357.12261962890625,19986153
2023-01-17,357.50848677049765,362.33186077053256,353.07097680255777,360.5954284667969,16103837
2023-01-18,366.5764465332031,367.54112139250105,357.894372799522,366.5764465332031,27122730
2023-01-19,363.6823943544073,371.399792643095,361.3671807557086,369.2774963378906,17351698
2023-01-20,376.2231917711272,378.3454882184727,371.3998175176512,377.9595947265625,16863710
2023-01-26,385.8699107923453,392.4296875,384.3264252612684,392.4296875,23729091
2023-01-27,395.709629931054,401.8835430002244,394.552008350786,400.3400573730469,18625209
2023-01-30,393.20145477924166,396.4813432147651,370.43512358751775,373.5220947265625,53626689
2023-01-31,376.2231823397289,382.9759061253137,360.59543837441663,368.69873046875,55756238
2023-02-01,371.9785910137192,373.3291297813514,360.40249396623534,371.3997802734375,31418879
2023-02-02,375.25850795018766,378.152532433094,367.73405607044697,369.470458984375,23755405
2023-02-03,368.1198919978912,372.9432657676761,362.1388967475431,371.3997802734375,25941959
2023-02-06,361.9459848403259,366.5764119523297,355.57912548166735,363.4894409179688,25591052
2023-02-07,367.54112139250105,372.3644956889905,364.0682860111205,366.5764465332031,19801656
2023-02-08,370.2421866395379,373.1362111190743,364.4541376804652,368.69873046875,17269537
2023-02-09,367.7340546351153,382.9759050764478,366.57643307065536,381.6253662109375,26660695
2023-02-10,381.0465571371614,383.1688535350069,369.084595155447,369.8563232421875,24606130
2023-02-13,365.8047403584332,374.8726786917184,363.2965796859394,372.9433288574219,20355691
2023-02-14,373.3291536772834,373.9079644546134,364.6470803359513,365.2258911132813,17932457
2023-02-15,368.6987243549508,368.6987243549508,359.2448935481727,363.6824035644531,16498472
2023-02-16,367.34816237410496,378.9242602989975,365.61175946118686,369.0845947265625,21914350
2023-02-17,371.5927447385074,373.7150116347996,359.8237004026067,360.5954284667969,17721575
2023-02-20,358.4731654755756,365.418806447566,356.1579518182455,363.6824035644531,12312675
2023-02-21,361.9459830083152,362.13890029727537,345.54651203029687,349.0193176269531,29313236
2023-02-22,343.0383913091468,350.1769794935591,335.3209923120436,343.4242553710937,33151555
2023-02-23,338.4079342471603,350.56284355550605,336.0927204359375,343.4242553710937,19433112
2023-02-24,338.60085863225174,342.6525046139233,335.1280234250388,337.057373046875,24415893
2023-02-27,332.8128097667432,341.8807471014655,330.69051340690777,337.057373046875,20480043
2023-02-28,339.7584584879588,344.96769624640456,331.4622497558594,331.4622497558594,26006206
2023-03-01,335.1280288114402,357.7014138618304,333.7774899423559,355.7720642089844,35607254
2023-03-02,355.1933072790159,355.96503541738343,349.5981752374569,349.9840393066406,14796574
2023-03-03,359.05198151692355,361.5601125094266,351.5275002207963,354.6144714355469,17784504
2023-03-06,351.14161568633784,355.579125508743,347.86172736179054,350.17694091796875,12628083
2023-03-07,349.9840182815196,355.77206729018553,342.45956634606966,344.388916015625,17037998
2023-03-08,337.6361997480205,339.1796854062052,332.81282546590586,337.2503356933594,21208344
2023-03-09,335.7068245806255,336.8644460963739,328.182373046875,328.182373046875,17274863
2023-03-10,321.2367389115404,326.2530601238134,318.9215250595456,319.8861999511719,37596411
2023-03-13,328.37530963890174,339.1796796224153,325.4812851189827,332.619873046875,27127633
2023-03-14,329.3399512248904,340.1443201174694,327.024737730634,329.53289794921875,21324692
2023-03-15,338.0220429644817,341.3019313862148,332.0410768870952,332.42694091796875,16570551
2023-03-16,328.3752696785571,332.8127792903355,322.0084106216174,324.1307067871094,23728825
2023-03-17,328.76115281598885,334.35628419635617,327.4106140136719,327.4106140136719,29033159
2023-03-20,325.0954410856674,327.4106549562327,319.30739168948344,322.97314453125,20437066
2023-03-21,322.9730942980802,334.74213801565577,318.7285312889591,331.4622497558594,21276362
2023-03-22,334.7421423831309,341.1090016996513,333.97041434941707,334.9350891113281,19654793
2023-03-23,341.10900328391966,362.524765434087,339.9513817884349,362.3318481445313,46850205
2023-03-24,366.5764119523297,373.71499934980966,361.5600913813775,363.4894409179688,33215505
2023-03-27,361.3672207045799,364.6471094519537,349.79112199181947,349.9840393066406,25798653
2023-03-28,353.84271041143126,367.5411045619985,353.84271041143126,364.8400268554688,31337657
2023-03-29,382.97589238143865,383.554703144482,368.5057705030468,371.2068481445313,36095299
2023-03-30,376.03020731661616,376.03020731661616,366.7693532302589,371.3997802734375,25243232
2023-03-31,376.2232162364279,380.0819158901349,370.4351667558674,372.1715698242188,25957481
2023-04-03,375.25848340691255,377.18783293599694,371.39978434874376,374.48675537109375,18773494
2023-04-04,369.6633774921298,374.8726152755901,368.6987027381728,371.3997802734375,14254252
2023-04-06,370.4351057627308,373.90794076716384,367.15521748503073,371.78564453125,14945689
2023-04-11,375.25850106183503,376.2231758717626,358.2802185192015,363.2965393066406,21931068
2023-04-12,357.89438022064587,358.4731910361346,341.68785402420656,344.5818786621094,40470596
2023-04-13,337.6361842676849,351.14163163839225,335.1280238680743,350.3699035644531,24956481
2023-04-14,353.4568623587518,355.19329476822924,346.31827429189656,352.4921875,12744724
2023-04-17,351.7204653493774,358.8590535372094,347.66881909814094,357.8943786621094,15710199
2023-04-18,357.8943725969181,357.8943725969181,348.2476240094001,352.4921875,13686354
2023-04-19,350.1769811862384,350.1769811862384,342.45958215183094,344.5818786621094,16279391
2023-04-20,344.5818627583964,348.82642614351016,343.0383771348442,344.388916015625,10530854
2023-04-21,340.723139991762,343.0383535481305,333.77746988311907,336.86444091796875,16523648
2023-04-24,334.9351015063408,338.40790722610944,326.06008159250456,332.81280517578125,20470625
2023-04-25,329.5329245705549,329.5329245705549,321.2367152263509,326.4459533691406,20949955
2023-04-26,323.93781852086295,339.7585103776348,323.5519544501093,335.8998107910156,25018346
2023-04-27,334.7421547710032,335.7068295686141,328.18237792306405,332.81280517578125,14757831
2023-04-28,335.70684409868096,342.2666212305404,331.65519799753616,332.2340087890625,15394102
2023-05-02,339.56552922053794,341.880742850043,330.11172796691795,333.58453369140625,8648798
2023-05-03,327.60356074523344,330.883449105014,324.3236723854528,327.4106140136719,10551544
2023-05-04,328.5682642628515,331.4622888521787,321.23672941531464,325.8671569824219,17579228
2023-05-05,331.2693625993971,334.7421982093624,326.253070664596,330.6905517578125,14814925
2023-05-08,331.8481406573852,335.3209759242657,325.67422764934173,328.7611694335937,10715881
2023-05-09,326.25302491742434,327.2176997049513,316.606277042155,316.7991943359375,23541440
2023-05-10,315.448687554356,319.69325116259193,313.905201849668,317.95684814453125,15572919
2023-05-11,320.8508068481262,321.81548153531867,311.7828706764239,314.86981201171875,17571687
2023-05-12,320.07912943241496,322.58729013389006,315.4487015524167,316.6063232421875,17991214
2023-05-15,313.51930500824784,332.233989942371,313.51930500824784,328.9541015625,23740493
2023-05-16,335.70684431060454,335.70684431060454,330.690523366929,332.619873046875,14121222
2023-05-17,333.7775232865688,337.4432762173673,329.14709543297664,330.6905517578125,19562717
2023-05-18,329.1470465143043,330.88344934144715,317.7638664534122,327.7964782714844,34412000
2023-05-19,323.52174523904733,326.2420363424385,319.6355981490888,323.716064453125,22685856
2023-05-22,322.3559125063454,334.5972826525633,318.8584035922416,330.516845703125,20042131
2023-05-23,335.374519333977,335.7631281289544,324.4932951809053,326.0477600097656,15019611
2023-05-24,321.7729859362553,327.2135680589723,321.1900579519788,322.9388122558594,13547979
2023-05-25,320.41278467989457,321.1900318119901,309.33727247581487,313.2234191894531,26028377
2023-05-29,317.88685463306274,317.88685463306274,302.3422657443839,304.28533935546875,28838839
2023-05-30,302.9251353959334,309.1429940812084,298.8446989887877,307.1999206542969,21736553
2023-05-31,305.64545469882376,305.64545469882376,297.2902330684186,301.7593078613281,32131907
2023-06-01,303.7023775636516,314.19496203691256,302.3422321169618,306.42266845703125,22951704
2023-06-02,318.2754431155395,324.6875915527344,314.19497693306585,324.6875915527344,32055423
2023-06-05,326.4363681448472,329.1566593531407,320.6071472851177,328.5737609863281,19890895
2023-06-06,328.3794177003052,329.5452736463945,319.6355870514805,321.7729797363281,16700158
2023-06-07,330.32251605241856,330.32251605241856,325.0762231978468,326.0477600097656,18254900
2023-06-08,323.3274038830073,325.65911569646266,318.85835875476164,325.2704772949219,13133723
2023-06-09,326.8249490931131,330.32248724074594,324.298947672659,326.43634033203125,16184167
2023-06-12,330.32250064502654,330.32250064502654,324.6875992583087,328.7680358886719,13488760
2023-06-13,329.93386683016774,338.4833778678897,328.37940219177824,334.98583984375,23119808
2023-06-14,336.7346287485134,343.34106649991924,334.20862737922977,335.7630920410156,22081967
2023-06-15,342.9524648746974,344.8955383300781,338.0947812362456,344.8955383300781,25008358
2023-06-16,348.78169960883696,354.02799222469537,345.67277009257685,352.6678466796875,35853943
2023-06-19,349.36461066650713,349.75321942496754,340.42646097717886,347.0329284667969,20273905
2023-06-20,343.9240194266183,348.97602253201285,337.31758119551733,340.0378723144531,16283873
2023-06-21,331.8769766243976,336.1517326122196,327.40790141710403,330.71112060546875,19304438
2023-06-23,330.3225083167192,331.09972588847273,323.5217507925515,327.40789794921875,13898721
2023-06-26,326.04771304906,329.739540543037,320.80142095011246,323.327392578125,18157220
2023-06-27,323.32742554429865,334.59725801821406,323.32742554429865,331.6826477050781,17490624
2023-06-28,330.3224732998433,331.29400998601926,324.2989339859733,326.6306457519531,15887756
2023-06-29,329.35096796797853,329.35096796797853,321.7729929539588,324.10467529296875,13517437
2023-06-30,321.57866259937424,324.2989536258318,320.0241978775634,322.1615905761719,16197039
2023-07-03,322.35588527415166,330.3224985698271,322.35588527415166,328.3794250488281,14198462
2023-07-04,326.82496730885015,331.4883616485929,326.6306777419544,329.5452880859375,9439642
2023-07-05,330.12817989563337,331.2940358697105,323.7160609850563,325.8534240722656,9861945
2023-07-06,322.7445216555544,327.4078862168679,316.1380539365866,317.4981994628906,19781825
2023-07-07,314.0006751730497,322.1615775719519,310.8917458549215,317.30389404296875,21595356
2023-07-10,324.2989681218905,326.2420416987717,318.08113860566067,319.4412841796875,17287899
2023-07-11,323.13312390299814,326.0477341072063,320.8014416694213,324.2989501953125,12361269
2023-07-12,328.9623337926973,331.2940159517176,326.2420132330509,330.3224792480469,16847310
2023-07-13,340.03788611760734,340.6208141378848,337.1232756651707,339.84356689453125,27315463
2023-07-14,344.7012364097421,344.7012364097421,338.8720157512981,342.5638732910156,21213481
2023-07-18,341.7866109358001,341.7866109358001,325.4648056749633,326.824951171875,29147987
2023-07-19,321.1900463119686,324.2989460338612,317.6925081820101,323.521728515625,21913296
2023-07-20,326.43632178806604,332.0712226260196,321.19002968911855,323.327392578125,16564481
2023-07-21,323.327409311592,327.7964841638197,321.5786550710867,323.521728515625,11843920
2023-07-24,319.2469889901865,321.5786713115985,314.58359469841304,315.7494506835937,17451591
2023-07-25,327.40791166001475,335.7631343265294,325.4648380003114,335.1802062988281,29203653
2023-07-26,334.9858338550017,334.9858338550017,328.57371551581707,331.29400634765625,14941840
2023-07-27,336.1517053894329,336.5403141479548,330.71109382328257,334.0143127441406,13651548
2023-07-28,334.01430450790264,341.98091728142373,328.9623314737953,340.42645263671875,22244305
2023-07-31,349.7532648599468,352.66787540044635,340.81511400950086,344.3126525878906,36796567
2023-08-01,345.8670847402454,350.72476851468707,337.3175731568076,343.92401123046875,23436211
2023-08-02,341.5923148245617,342.3695323367569,330.5168022065685,333.6257019042969,21038298
2023-08-03,332.2655501858968,337.900451165728,329.3509400965468,332.4598693847656,16661383
2023-08-04,338.6777046804084,340.6207781098439,329.5452654918507,333.6257019042969,19099499
2023-08-07,330.51680556057954,332.071240600744,328.3794129069316,331.48834228515625,9480118
2023-08-08,324.88186854232845,327.6021891083772,323.91033183637114,325.2704772949219,15381749
2023-08-09,323.5217371669154,328.5737401173896,322.5502004186664,327.6022033691406,11917732
2023-08-10,327.6022020122984,331.8769577570994,326.0477372917485,330.128173828125,11185881
2023-08-11,329.15667600701863,331.8769970018989,325.07623898812625,326.2420654296875,12303930
2023-08-14,318.6640613765992,324.88189079074294,318.4697421625215,323.716064453125,15754526
2023-08-15,321.77300259227457,325.46483060221203,321.1900745778238,323.1331481933594,10787439
2023-08-16,320.41282096812813,321.5786769738368,318.2754578229288,319.4412841796875,16484843
2023-08-17,311.4746629692356,326.2420025940899,311.4746629692356,323.327392578125,28817958
2023-08-18,320.02420654767405,323.3274256404203,315.7494506835937,315.7494506835937,18108794
2023-08-21,311.8633103280697,316.52667507152626,308.9486999511719,308.9486999511719,25696855
2023-08-22,309.1430095008291,315.3608388472932,305.4511520161839,309.92022705078125,24679965
2023-08-23,310.8917735357704,312.2519191151994,307.9771631588726,308.9486999511719,17244848
2023-08-24,311.86328998248337,318.6640470849051,311.86328998248337,315.9437561035156,22340826
2023-08-25,313.41775558265215,314.58358187134723,310.8917541503906,310.8917541503906,12542511
2023-08-28,321.19004850987994,324.1046586966321,315.55511769279025,315.9437561035156,19402834
2023-08-29,316.1380534282905,322.5502019264986,316.1380534282905,320.0242004394531,15382479
2023-08-30,324.29896663517474,324.49328585155195,315.7494547956718,316.52667236328125,15190035
2023-08-31,321.5786713115985,322.35588886908613,312.83484036959135,315.7494506835937,49737237
2023-09-04,320.6071204083241,325.07619528926006,319.05265571291835,323.91033935546875,30748869
2023-09-05,322.5501998391195,325.4648100786296,318.0811248754143,319.6355895996094,13250752
2023-09-06,319.6355972078466,319.6355972078466,314.0006958035798,318.27545166015625,16488562
2023-09-07,317.30391182861166,317.88683981455364,311.08608249277853,312.4462280273437,16724228
2023-09-11,306.4227011640021,316.1380691758535,306.4227011640021,314.7779235839844,18808064
2023-09-12,318.6640594671972,318.6640594671972,310.6974461209376,312.8348388671875,10399333
2023-09-13,316.72099157535695,316.72099157535695,309.9202340875425,311.0860900878906,10662703
2023-09-14,313.22345027481185,313.4177694893573,309.3373031754992,310.69744873046875,10153112
2023-09-15,310.8917386071401,312.6404927772266,307.97712855769817,308.17144775390625,19218155
2023-09-18,308.1714654326871,309.9202197030939,303.31378173828125,303.31378173828125,14736625
2023-09-19,303.8966653876223,305.83973877155586,300.0105186197553,303.508056640625,15579978
2023-09-20,303.7023888866902,303.7023888866902,299.233313981847,300.399169921875,13663748
2023-09-21,298.06746873003203,299.62193348949387,293.4041041005956,294.3756408691406,19116385
2023-09-22,293.40411724549665,305.06255899035085,291.6553628433488,304.6739501953125,21236877
2023-09-25,297.8731715039959,298.26178027162854,294.5699525056959,295.7357788085937,18307015
2023-09-26,292.4325351969401,294.9585364473673,289.7122444035237,291.46099853515625,15924558
2023-09-27,289.5179665672858,295.5415065903464,289.5179665672858,293.40411376953125,14203461
2023-09-28,293.209783913787,293.9870311154119,287.9634913108526,288.9350280761719,15604031
2023-09-29,289.1293363111636,299.62192111865045,288.7407275495804,297.48455810546875,11252646
2023-10-03,293.40412145670973,293.40412145670973,287.96350930123225,292.0439758300781,15122710
2023-10-04,291.26669648846524,291.4610156918389,286.9919408547745,289.1293334960937,10942209
2023-10-05,291.2666931152344,294.95855039394337,290.1008668553374,291.2666931152344,10801914
2023-10-06,295.1528558227264,298.6503940884488,293.2097823027639,296.5130310058594,11076858
2023-10-09,296.70731506821267,300.01053406112504,293.4040960753003,298.26177978515625,11396304
2023-10-10,299.23332360969266,305.8397617518855,297.2902500797596,299.4276428222656,16445252
2023-10-11,305.06252884941466,305.6454568088528,301.56499074173377,302.1479187011719,16424531
2023-10-12,307.5885314941406,308.1714594559536,305.83974760870177,307.5885314941406,13451541
2023-10-13,303.89669508671057,304.091014303673,296.70732879334656,298.0674743652344,13367440
2023-10-16,300.01051666391976,300.01051666391976,291.65532488663257,292.6268615722656,12452816
2023-10-17,295.9301014714161,295.9301014714161,291.4610264691002,293.5984191894531,9202480
2023-10-18,291.6553177270914,293.0154631237996,288.93499728472904,291.46099853515625,12001017
2023-10-19,286.9919663335892,289.1293591646637,282.9115295410156,282.9115295410156,17216427
2023-10-20,279.21964422260834,281.9399647970384,278.05381796123606,280.77410888671875,19212180
2023-10-24,278.8310629908693,281.5513541848586,274.55630697933594,274.9449157714844,21619960
2023-10-25,284.07735153201264,287.9634986929128,277.0823044317623,279.6082763671875,17506229
2023-10-26,278.6367237698091,281.9399723883398,274.94489603597253,279.4139709472656,11446711
2023-10-27,279.41396918153777,286.2147262843272,278.83104121436617,284.4659423828125,16455031
2023-10-30,283.3001156546386,289.3236255754689,282.5228684833086,286.991943359375,14357754
2023-10-31,286.9919549891396,286.9919549891396,279.80258884445385,280.96844482421875,13727382
2023-11-01,280.5797783155903,281.7456341786667,276.30502289922043,278.8310241699219,11006036
2023-11-02,281.7456434994969,285.8261095063099,278.63671419440635,280.385498046875,10477412
2023-11-03,283.8830831058205,295.5415254567954,283.10583582638424,293.987060546875,21575201
2023-11-06,300.9820719013108,305.2568573007405,298.4561000821277,303.702392578125,26863379
2023-11-07,303.702400748724,305.0625462992493,297.4845713399305,299.8162536621094,13397743
2023-11-08,300.5934544420361,305.6454572322341,298.65038100718266,299.6219177246094,12879809
2023-11-09,296.31872000837143,300.0105479390598,296.31872000837143,298.0674743652344,10272208
2023-11-10,295.9300888049728,295.9300888049728,292.62686990949766,294.1813049316406,9871831
2023-11-13,293.59843028455373,302.9251597648635,291.65535670133085,300.9820861816406,13586029
2023-11-14,302.92514848660363,303.11946769727115,296.9016383922451,299.0390014648437,12477388
2023-11-15,307.588564695094,314.38932246943745,305.0625630205477,313.41778564453125,32454690
2023-11-16,320.607086542706,320.607086542706,307.19989296504343,315.5550842285156,35296026
2023-11-17,314.3892962741329,314.3892962741329,304.2853200667744,306.2283935546875,21970164
2023-11-20,307.19991823247324,319.44125700635294,307.19991823247324,317.30389404296875,27782719
2023-11-21,320.9956952632717,323.1330876998011,314.3892580668182,315.5550842285156,24188659
2023-11-22,318.6640728606251,320.6071464756289,312.83485201561365,315.1665344238281,14169841
2023-11-23,317.30392393428906,320.2185343262471,314.389313542331,319.8299255371094,14531153
2023-11-24,320.2185199898228,320.2185199898228,310.891761223333,312.0576171875,15236522
2023-11-27,315.7494533212448,315.7494533212448,308.9486958650949,313.612060546875,12232068
2023-11-28,315.166538707944,315.166538707944,307.97717216449354,310.503173828125,15153725
2023-11-29,313.8063626936181,314.7778994202238,304.67392339331485,307.9771423339844,16856744
2023-11-30,308.3657465160964,317.6925048828125,307.9771377610139,317.6925048828125,30308092
2023-12-01,315.55512841030674,316.52666517222144,309.92022705078125,309.92022705078125,15149684
2023-12-04,313.8064078632088,314.97226396252915,306.2284321644831,307.7828674316406,14907238
2023-12-05,311.8633201821805,311.8633201821805,296.3187310142213,300.01055908203125,23730039
2023-12-06,297.87318159615484,305.8397653738569,293.792715275392,302.7308654785156,15896242
2023-12-07,300.2048574309512,302.3422501524987,295.3471736537514,299.0390014648437,13703651
2023-12-08,298.6503961662565,300.39918013575897,292.43256678890674,296.9016418457031,16600566
2023-12-11,292.2382565063488,299.81626130786725,289.9065741247085,298.45611572265625,18402157
2023-12-12,298.261773890614,302.9251383003344,297.4845563719765,302.5365295410156,12995914
2023-12-13,300.787781244071,301.9536075450674,295.7357783262415,298.26177978515625,14145125
2023-12-14,301.1764018639229,305.0625489847477,295.9301091805993,297.6788635253906,17198776
2023-12-15,302.1479525995221,310.30885600039426,300.2048789493644,305.451171875,30917917
2023-12-18,300.7877919255713,303.7024022549878,300.7877919255713,302.7308654785156,12094993
2023-12-19,302.1479228568839,305.4511418072017,297.87316717712275,302.9251403808594,12530326
2023-12-20,307.19990929254726,309.14298264759447,303.31376258245274,305.2568359375,14187408
2023-12-21,300.39917357315994,304.6739293236411,300.2048543644773,303.702392578125,10167030
2023-12-22,307.97716227065035,307.97716227065035,256.09710364128347,266.2010803222656,147014902
2023-12-27,274.16770918516994,282.71722155119244,274.16770918516994,276.88800048828125,64471032
2023-12-28,276.8879840317033,287.18627989390046,276.6936648149082,284.6602783203125,37840686
2023-12-29,286.60334009480613,287.380557632094,281.3570475957418,285.2431945800781,19624685
2024-01-02,291.4609945540632,296.3186777966309,286.0203833925982,288.15777587890625,23354069
2024-01-03,285.631826848585,293.01551265609373,284.0773619971698,292.0439758300781,20391718
2024-01-04,295.735777688725,295.735777688725,289.51794848330286,290.295166015625,20217430
2024-01-05,286.9919565216844,288.157812507675,281.35705510361163,283.883056640625,23745017
2024-01-08,286.0204110081443,286.214730216187,277.082290768203,279.8025817871094,16718452
2024-01-09,277.8595143336305,280.9684438361039,275.3335128189895,275.52783203125,16927478
2024-01-10,273.9733636664832,277.08229312795186,268.92136070383384,272.224609375,19146068
2024-01-11,272.61322726198097,284.0773494427428,272.0302992623432,279.2196655273437,20604580
2024-01-12,277.4708713666312,284.6602366001216,276.6936242623148,280.191162109375,15770055
2024-01-15,281.7456476860473,285.4374753478716,279.41396549705576,281.1627197265625,16334371
2024-01-16,275.7220838292412,280.57976698091176,272.03025649354964,274.3619384765625,22236094
2024-01-17,269.1156788443951,270.8644331289309,264.4523143196674,266.78399658203125,36114167
2024-01-18,266.7839679534343,271.25304243860853,263.48074929880823,269.6985778808594,24604079
2024-01-19,267.1726016526753,274.55628675541163,260.5661637259339,263.48077392578125,26897479
2024-01-22,262.8978409509784,263.8693776657648,252.7938650469898,254.7369384765625,33654810
2024-01-23,259.20602258758424,270.28156651925593,255.70851360805847,264.2580261230469,35610787
2024-01-24,271.6416896078232,276.30505429207227,264.4523233658769,273.779052734375,33863638
2024-01-25,276.8879866310334,283.6887441974097,272.8075202316277,282.5228881835937,34160783
2024-01-26,279.9969019801066,281.9399754715745,273.1961447599689,274.7505798339844,24815795
2024-01-29,277.8595360289229,280.1912185133613,271.4473869600036,273.973388671875,20159014
2024-01-30,269.3099929805886,272.0302839606156,265.2295268616002,266.0067443847656,21505998
2024-01-31,266.0067575616272,270.0872238827448,260.7604648980112,262.8978576660156,20052974
2024-02-01,262.31492005035176,269.8928947700048,260.3718465684973,263.869384765625,17329472
2024-02-02,276.4993600471888,279.4139702451937,267.17260148378347,271.4473571777344,31053753
2024-02-05,270.4758371046439,275.33352106718763,266.0067619293137,271.6416931152344,20456590
2024-02-06,271.83598343643104,284.27167220431767,271.6416938667617,282.5228881835937,28856902
2024-02-07,286.6033477426706,288.5464212866887,280.57980789663475,283.883056640625,26343654
2024-02-08,281.74565108591355,284.85458047471667,278.2481129357471,279.0253601074219,17910672
2024-02-09,276.4993586851379,279.2196496636296,273.3904292963348,279.0253601074219,6732059
2024-02-14,278.83102595888334,282.9114918568846,273.9733425798088,281.7456359863281,11567444
2024-02-15,280.38551025095694,281.7456557627807,276.8879720427327,277.2765808105469,12568028
2024-02-16,277.4708752792,283.494384765625,272.418872801215,283.494384765625,17215356
2024-02-19,283.1058132625529,283.1058132625529,275.72212776563254,276.69366455078125,15415304
2024-02-20,278.8310392534211,279.60825677155185,272.418890957525,276.1107482910156,15773028
2024-02-21,272.8075094134347,286.21473444485383,272.8075094134347,280.5798034667969,23947218
2024-02-22,279.9969046171004,283.1058044433594,278.636729441104,283.1058044433594,12441270
2024-02-23,281.74567060701645,287.9635001664848,278.83106022142664,282.5228881835937,13229798
2024-02-26,279.2196496636296,281.93997029106924,277.27657620786465,279.0253601074219,12412426
2024-02-27,278.05382382776673,278.05382382776673,270.281529992178,276.4993591308594,23612599
2024-02-28,276.8879864964675,277.665204072667,268.5327641320472,269.1156921386719,25903478
2024-02-29,267.36695436609546,271.0587825556599,266.7840263232821,269.3100280761719,29721885
2024-03-01,265.2295169454522,271.0587370980995,264.063661055344,269.5042724609375,27952651
2024-03-04,269.5042661552905,272.030267425459,266.978264885122,268.33843994140625,13832089
2024-03-05,262.50923556388506,265.4238457456501,258.62308865486494,260.566162109375,26055083
2024-03-06,258.4287746303578,269.1156788443951,258.23445542143224,266.78399658203125,23289346
2024-03-07,266.97832737156494,267.7555746783492,261.53774446884097,263.2864990234375,17159729
2024-03-08,264.257984302662,267.7555223776338,262.3149108886719,262.3149108886719,12416156
2024-03-11,263.48079942339376,270.670166015625,263.48079942339376,270.670166015625,17866889
2024-03-12,273.9733762454436,284.27167220431767,272.2246218736697,282.5228881835937,36531141
2024-03-13,283.10580029661526,285.6318017521038,280.38550928236504,282.3285827636719,20074418
2024-03-14,281.16273438821344,285.63180944538,278.6367328646889,280.96844482421875,14227432
2024-03-15,274.9448894237769,278.05381876093924,271.6416705336341,275.7221069335937,29183023
2024-03-18,274.1677049053844,283.10582593961897,274.1677049053844,281.5513610839844,19633305
2024-03-19,280.77414786355536,282.9115407795367,276.88800048828125,276.88800048828125,15635351
2024-03-20,277.2765844239077,281.9399786452944,274.9449021376888,280.5798034667969,15622235
2024-03-21,286.7976767619145,289.71228717758856,281.357064722866,282.9115295410156,36868686
2024-03-22,279.21965793724826,282.1342682072591,274.3619741538969,280.5798034667969,26432205
2024-03-25,280.5797875978511,282.32857145031977,276.8879599908849,280.385498046875,21127168
2024-03-26,277.8595255668304,292.04396881576633,277.8595255668304,290.87811279296875,33998571
2024-03-27,287.5748929661631,298.8447257824649,287.3805737464707,293.40411376953125,38753084
2024-03-28,293.40410820058986,300.7877936745006,292.8211802015273,295.1528625488281,30000843
2024-04-02,300.2048507155543,303.50806968036943,299.03899477552625,300.399169921875,26561604
2024-04-03,303.1194558371351,303.1194558371351,297.67884428975594,299.6219177246094,19696947
2024-04-05,300.7877828325115,302.7308563267151,295.73577988800264,301.1763916015625,13582369
2024-04-08,296.5130468527707,302.1479485022354,295.73579961387696,296.70733642578125,21656541
2024-04-09,298.65040798862697,300.0105535861166,294.37565197553795,296.3187255859375,17879375
2024-04-10,297.6788320634479,306.2283726150236,297.6788320634479,305.2568359375,24730145
2024-04-11,300.9820849789928,307.5885529249226,300.20486740838913,306.0340881347656,18834968
2024-04-12,305.06256744103706,308.94871479697383,300.5934920519195,300.7878112792969,23031342
2024-04-15,295.9300980168843,300.0105345504496,295.1528508326706,295.7357788085937,18295291
2024-04-16,292.62687950408946,299.6219262799278,291.4610235503088,293.20977783203125,19691636
2024-04-17,293.2097875096559,295.3471802791506,289.32364040071974,292.2382507324219,14410544
2024-04-18,293.5984157621401,300.0105345504496,290.1008775555496,295.7357788085937,19058907
2024-04-19,294.7642537657696,296.7073273300119,291.072425853289,295.1528625488281,19472600
2024-04-22,299.23331536631525,313.41775767385883,298.0674594208932,311.2803649902344,41133325
2024-04-23,316.7209829377907,324.1046682244124,315.943765391388,322.9388122558594,43821652
2024-04-24,328.1850953145694,335.1801716254626,325.853413093921,334.4029541015625,41472682
2024-04-25,330.5168101681465,336.5403201551242,326.82495277392,329.73956298828125,27727556
2024-04-26,330.32252543299444,341.7866482796178,330.32252543299444,338.4834289550781,29599531
2024-04-29,338.4833942902424,344.70122349652684,335.3744945115744,337.7061767578125,25416523
2024-04-30,339.6492481498731,340.8150744413511,334.2086365094642,337.31756591796875,15957023
2024-05-02,339.0663324636162,350.919092907884,335.5687941645742,350.141845703125,22479610
2024-05-03,360.4401330780822,361.99459780281785,350.3361568407236,354.0279846191406,23592345
2024-05-06,354.22232136810635,362.3832245158858,352.6678565663983,359.6629333496094,26208326
2024-05-07,356.94258725019057,360.6344445988515,353.0564403456725,355.3881225585937,19408056
2024-05-08,355.97105651513783,361.21734899474393,349.55890808497554,351.1133728027344,20058148
2024-05-09,350.72478012571133,359.4686112091778,350.1418521236902,359.2742919921875,16026030
2024-05-10,363.16041547864313,363.5490538873019,354.61090416921115,360.4401245117188,15693045
2024-05-13,358.1084524398684,369.1839654743079,357.52552445932974,367.4352111816406,20558084
2024-05-14,370.1554912219197,373.8473189073361,367.8238090180279,370.9327087402344,21603101
2024-05-16,388.61471411563286,389.5862509009219,383.36842140486175,385.7001037597656,58430778
2024-05-17,389.03184914890727,392.1676342023089,386.2880596559778,387.0719909667969,27916392
2024-05-20,389.03184914890727,391.7756386418368,384.9161350044504,387.0719909667969,22331961
2024-05-21,385.5041113223186,385.5041113223186,371.9811013758896,375.90081787109375,30679849
2024-05-22,371.5891398602925,379.0365773603627,369.0413181289224,376.6847534179688,22374764
2024-05-23,372.9610049305617,376.2927577420572,368.84529093073337,374.1369018554688,18323988
2024-05-24,370.6091848984212,374.9208668098472,367.2774021483968,369.4332580566406,19143321
2024-05-27,364.5336148217427,370.0212236065232,355.12628974855625,369.8252258300781,32132068
2024-05-28,369.6292739359202,378.25263818113314,365.9055253579384,372.5690612792969,16614787
2024-05-29,369.8252514524441,372.1770754074151,362.1818161225223,363.5537109375,27378220
2024-05-30,362.5737803915272,366.6894947255648,358.45806605748976,360.6139221191406,22006500
2024-05-31,363.7496758021538,371.3931104402182,352.5784606933594,352.5784606933594,40035868
2024-06-03,359.4379884611517,371.3931356608073,359.24202058062207,367.4734191894531,28125374
2024-06-04,367.473402038047,371.98108175072616,366.29747518950046,369.8252258300781,18043066
2024-06-05,370.0212273028628,380.0164859951085,370.0212273028628,373.156982421875,20205424
2024-06-06,379.6245252730736,383.1522759947023,371.393126859315,373.9409484863281,18888938
2024-06-07,375.3128663351205,376.8807589640086,365.3175769928905,367.2774353027344,25247259
2024-06-11,360.02594509713646,370.21720174871166,360.02594509713646,366.2974853515625,26496779
2024-06-12,366.2974838187632,370.21720019951,362.1817995620167,363.3576965332031,14960058
2024-06-13,368.84531000449385,372.9610242171544,366.1015204660956,372.1770629882813,15337042
2024-06-14,375.9008115390368,375.9008115390368,371.00116600256615,372.1770629882813,20859332
2024-06-17,368.6493352675749,378.056630598531,367.2774106188365,373.5489807128906,15281150
2024-06-18,373.7449399680665,376.0967637465659,369.4332580566406,369.4332580566406,14278934
2024-06-19,372.7650172343133,383.1522714962996,370.8051590680918,381.1924133300781,22313477
2024-06-20,384.13220819318224,384.13220819318224,377.8606679179797,379.8205261230469,14049005
2024-06-21,376.096788533105,377.46871324061925,370.41321153506857,373.7449645996094,25855005
2024-06-24,370.0212251967861,373.3529780752377,366.493474541047,372.7650146484375,12919565
2024-06-25,374.1369184777092,377.272703560235,371.0011633002463,374.3329162597656,12789522
2024-06-26,371.5891267413527,375.3128453599221,369.4332707589833,374.3329162597656,11886907
2024-06-27,371.9811110678547,372.3730767465751,364.7296413438027,366.8854675292969,17513758
2024-06-28,364.1416363588852,368.4533181433807,363.3576751857563,364.9255676269531,15561097
2024-07-02,359.63396951846204,368.64932894525487,357.8701091504236,361.7898254394531,27266647
2024-07-03,359.43798255205,373.1569899762513,359.43798255205,371.78509521484375,22256951
2024-07-04,379.03656611720766,379.03656611720766,371.0011653936226,374.7248840332031,15437093
2024-07-05,377.07670852475184,377.86066975362496,371.1971338809871,372.1770629882813,10522095
2024-07-08,374.1369148147312,375.5088394655687,368.0613723962813,371.0011596679688,11623215
2024-07-09,369.4332803240598,374.5289237388309,368.45335119853183,373.3529968261719,13024401
2024-07-10,377.4687074980295,378.05664104366105,369.2372789984273,370.021240234375,15586645
2024-07-11,371.7851098152763,378.25264812168587,370.6092127900608,377.0767211914063,16590064
2024-07-12,382.9562878500417,389.2278581374426,381.3884251832549,389.0318603515625,27521352
2024-07-15,385.308134470936,389.0318530926694,380.8004546253736,382.3683471679688,13680185
2024-07-16,378.2526409815228,379.6245357709094,370.2172102214443,370.4132080078125,19061149
2024-07-17,367.4734317305011,369.8252557125634,361.0058933510314,364.337646484375,25857823
2024-07-18,360.6138985907194,364.1416492318584,359.63396951846204,361.7898254394531,18944747
2024-07-19,359.2420049259761,361.0058652991966,355.7142542744731,356.6941833496094,23088518
2024-07-22,359.82995938707535,368.25732529923386,358.06606915273926,365.7095336914063,16960926
2024-07-23,367.473400456447,368.845295170472,358.65403884549227,358.8500366210937,12104461
2024-07-24,358.458039443624,362.1817878277257,353.362426256783,355.9102478027344,11800216
2024-07-25,352.97048523299014,354.3423800364842,343.95512525849136,344.151123046875,25787277
2024-07-26,345.7189727016,351.2065816137812,345.3270070446719,347.286865234375,13267324
2024-07-29,352.57848277339446,354.7343387832739,346.6989080974286,351.0106201171875,12872249
2024-07-30,348.2667900746597,350.4226460190214,345.32700282601866,346.5029296875,9749595
2024-07-31,345.1310374688889,359.4379782592063,343.9551105988337,354.9303283691406,20304313
2024-08-01,356.4981946378017,361.201872261101,356.3022267608285,358.2620849609375,12412285
2024-08-02,353.55841188605547,358.06609178530863,349.05076189186553,351.0106201171875,17707597
2024-08-05,344.9350387233485,356.89018555021687,341.9952514615019,349.4427185058594,22963458
2024-08-06,353.36243758447966,356.1062270880389,342.38721976011726,347.286865234375,17674374
2024-08-07,348.07083095087893,358.06608990448046,348.07083095087893,356.1062316894531,15840290
2024-08-08,353.9504023168131,366.8854484731198,352.18651199659206,360.8099060058594,18811540
2024-08-09,363.9456557225612,368.4533354888091,361.0058684713207,362.5737609863281,16353916
2024-08-12,364.5336318359375,369.0413117590074,362.5737736002604,367.4734191894531,10215275
2024-08-13,368.4533380514938,372.9610178490937,368.0613723962813,371.0011596679688,13590391
2024-08-14,371.0011629711792,371.7850942885839,361.985803295711,366.2974853515625,18692686
2024-08-15,358.8500637234508,367.27743041968415,356.89020543966365,361.0058898925781,21443850
2024-08-16,364.53361860088125,367.6694036261396,361.3978335756229,365.12158203125,16414338
2024-08-19,370.0212274425522,370.0212274425522,363.74968729709786,365.12158203125,15210162
2024-08-20,365.3175525934882,366.2974816829611,361.593834015516,362.9657287597656,11852608
2024-08-21,360.02594838108337,366.2974886927148,357.87012228602487,364.14166259765625,11647083
2024-08-22,367.2774366455793,370.21722412109375,363.74971559901365,370.21722412109375,16786859
2024-08-23,369.43326558961934,371.0011581089432,366.1015126767201,368.0613708496094,13055635
2024-08-26,370.4131998591398,377.07670577817856,370.0212342000898,374.3329162597656,16251125
2024-08-27,370.4131834023376,374.9208630438016,369.6292521190662,374.1369018554688,13675535
2024-08-28,375.3128478184173,375.3128478184173,364.9255933077044,366.6894836425781,14602521
2024-08-29,362.5737729707205,370.4132058998172,361.5938438545834,370.021240234375,12890430
2024-08-30,370.0212342000898,377.8606670013414,369.2372729769269,374.3329162597656,30873303
2024-09-02,372.3730802318302,375.50886550107145,368.8453292801999,370.21722412109375,13878671
2024-09-03,370.4132246169528,373.74497779916106,367.2774393248362,370.6092224121094,9814885
2024-09-04,366.6894599851353,369.04128370817295,363.74967285507296,365.3175354003906,13278870
2024-09-05,362.9657302972535,369.04130263974633,362.9657302972535,365.905517578125,9576319
2024-09-09,362.5737679391477,363.7496948242188,357.8701202089893,363.7496948242188,20078164
2024-09-10,361.7898066555589,363.1617013044789,358.6540218251184,361.2018432617188,12303441
2024-09-11,359.2420245464492,363.1617410610748,357.6741319595862,362.769775390625,12043623
2024-09-12,363.5536895186208,369.4332640121834,362.1817947844687,365.12158203125,13800366
2024-09-13,365.3175769928905,369.2372936125784,365.3175769928905,367.2774353027344,11013765
2024-09-16,365.1216104399075,370.21722412109375,362.96575432917103,370.21722412109375,7689238
2024-09-17,364.5336143092105,373.7449415930008,364.5336143092105,372.373046875,10147851
2024-09-19,371.9810696976044,381.97632796613055,369.04128257655645,380.9963989257813,25801963
2024-09-20,382.1723402843412,385.5040931673461,376.096768040873,380.8004455566406,28407069
2024-09-23,380.21249178304777,384.13220819318224,377.4687022579788,379.8205261230469,15223032
2024-09-24,385.1121127921155,394.1274719238281,381.5843622664427,394.1274719238281,42919010
2024-09-25,409.6103570669611,409.6103570669611,393.3435282933373,397.2632446289063,40112126
2024-09-26,399.8110669513081,421.3695068359375,398.6351400864852,421.3695068359375,50254878
2024-09-27,434.3046113055284,435.8724740217061,423.9173563329967,429.0129699707031,57154793
2024-09-30,440.57609778579325,448.2195322563253,425.4851967076559,435.6764526367188,75459468
2024-10-02,440.9680987418966,469.9740063290429,440.1841674172696,460.5666809082031,48766943
2024-10-03,461.5466042420087,467.0342131609305,444.1038782942509,456.8429565429688,31600782
2024-10-04,460.56666272843376,469.3860243551485,452.9232279473058,468.0141296386719,24663665
2024-10-07,470.1699599144701,472.7177814996485,460.1747012565481,468.7980651855469,25334387
2024-10-08,462.5265311930209,467.2301788702469,429.7969055175781,429.7969055175781,70468024
2024-10-09,439.98816828890574,443.9078847101877,415.4899406558931,425.4852294921875,46372903
2024-10-10,429.20892760198177,439.59618160258543,427.64103512744623,429.9928588867188,33111230
2024-10-14,431.9527321562017,431.9527321562017,415.4899353587299,427.24908447265625,30316807
2024-10-15,425.0932289432976,425.0932289432976,404.3187500970478,408.6304321289063,33478410
2024-10-16,406.6705669913704,417.253789061892,404.3187431873725,407.4544982910156,22490256
2024-10-17,409.6103673078193,418.2337314996429,401.770934440684,404.3187561035156,16476899
2024-10-18,404.3187507876049,426.8571199842884,403.1428239109703,422.1534423828125,25963857
2024-10-21,421.9574966909112,422.7414280465072,410.7863103958143,412.5501708984375,16334100
2024-10-22,414.7059844966389,415.0979501342794,409.6103414921286,413.1380920410156,11027704
2024-10-23,414.5100085822668,423.5253682486817,408.2384683341387,419.6056518554688,14656951
2024-10-24,416.46984696953217,417.0578103815603,411.1782360714022,413.5300598144531,11202752
2024-10-25,419.0177092498297,419.0177092498297,410.1983469265852,412.5501708984375,11951879
2024-10-28,412.55016527916047,413.7260922016017,405.29869567094335,408.8264465332031,15551935
2024-10-29,410.9822484117428,414.90196471496415,406.8665642363977,410.0023193359375,13797786
2024-10-30,405.2986760977248,409.6103580966773,402.3588888386577,402.7508544921875,17895482
2024-10-31,402.162916700826,410.3943155700262,396.4793395996094,396.4793395996094,22753709
2024-11-01,397.85120948467664,413.92204053703534,397.85120948467664,410.7862854003906,21086569
2024-11-04,414.5099871869873,415.29391846314144,407.6504838529236,410.59027099609375,11706119
2024-11-05,406.86657093021984,419.2136535644531,406.86657093021984,419.2136535644531,15270863
2024-11-06,416.4698805016514,417.6458074203875,404.9067287226899,411.3742370605469,20755203
2024-11-07,408.6304198710184,420.9775320639608,406.0825983224649,419.8016052246094,19924018
2024-11-08,426.2691617833464,427.2490908908943,410.9822617245862,412.3541564941406,19389836
2024-11-11,403.73078090580486,407.25853157434375,401.1829593171344,404.9067077636719,22857586
2024-11-12,401.18298268304426,405.4946649045763,394.91144218762827,395.69537353515625,27303282
2024-11-13,389.2278651553902,399.0271565248103,388.0519382290342,395.69537353515625,28307185
2024-11-14,393.5395452866176,406.67058967088144,389.81579664297846,395.3034057617188,34898922
2024-11-15,395.8913558998013,398.8311431960869,390.9917104059919,392.9515686035156,29061324
2024-11-18,397.0673009698239,405.102702004732,393.5395500716638,396.0873718261719,20493537
2024-11-19,398.439176350684,400.79100019969405,395.303391281962,398.0472106933594,13879296
2024-11-20,400.007078817067,405.4946579659908,398.0472205767189,402.5548706054688,15005135
2024-11-21,401.182988929904,403.1428472343052,398.8311649456355,399.4191284179688,12501718
2024-11-22,400.5950014535965,404.12275217114586,391.5796717365957,392.5596008300781,16949546
2024-11-25,391.9716223598088,394.3234461129553,385.8960502512071,387.2679748535156,27888308
2024-11-26,384.3281945355727,391.1876980491241,384.3281945355727,385.8960571289063,16940574
2024-11-27,386.68002302782304,398.047206397946,384.13220142511335,394.7154235839844,16685594
2024-11-28,393.3435439610039,396.0873634482315,389.4238274693047,391.9716491699219,13067643
2024-11-29,387.0719925003435,394.71542747883154,387.0719925003435,390.01177978515625,15626995
2024-12-02,390.0117743812023,393.53952505511006,387.6599505669512,391.775634765625,13334410
2024-12-03,395.10742820904375,396.2833251953125,386.4840341177575,396.2833251953125,18362569
2024-12-04,394.12749278295394,397.459245714898,391.7756390379933,395.107421875,14053234
2024-12-05,395.3033705192784,398.4391554232983,392.75554902289497,397.0672607421875,13314801
2024-12-06,398.6351493318047,406.2786143202994,396.87128889872446,404.3187561035156,27711445
2024-12-09,398.04720461437125,412.7461408275303,398.04720461437125,410.394287109375,22461949
2024-12-10,421.3695245180383,422.3494536448244,402.1629076520172,402.9468688964844,30282843
2024-12-11,406.4745660010065,406.67056377689966,399.02712899805744,401.5749206542969,13098201
2024-12-12,405.6906523616868,414.31401658512726,400.98700458618526,407.258544921875,23414258
2024-12-13,404.7107056382158,406.67056377689966,400.3990237141237,401.5749206542969,16296064
2024-12-16,401.7709103530356,403.1428050415215,395.6953382832334,397.459228515625,14059845
2024-12-17,393.9314762889565,399.811050561926,393.735478517833,394.5194396972656,16779048
2024-12-18,399.8110543988609,400.5949856807556,395.89133817926415,397.8511962890625,14906072
2024-12-19,394.1274691966232,413.530052095974,393.34350802686447,406.8665466308594,34671236
2024-12-20,405.88664916319686,421.1735193490891,405.88664916319686,417.8417663574219,44834041
2024-12-23,421.9574923958976,422.34945806970586,407.8465188033518,411.7662353515625,20856154
2024-12-24,411.5702209472656,411.5702209472656,411.5702209472656,411.5702209472656,0
2024-12-27,409.2183976841501,412.5501506394179,407.2585394863381,409.02239990234375,13545082
2024-12-30,409.6103419483704,413.3340603676947,407.4544860813545,410.59027099609375,13515622
2024-12-31,411.3742370605469,411.3742370605469,411.3742370605469,411.3742370605469,0
2025-01-02,408.6304418123685,416.4698747488169,405.2986887953907,407.6505126953125,20733037
2025-01-03,409.6103764477982,410.5903055780561,402.1629090768255,405.88665771484375,16843241
2025-01-06,406.67056162109617,406.67056162109617,399.02712688277256,401.1829528808594,16869318
2025-01-07,372.96100816668513,384.9161248181441,369.0412919061946,371.9810791015625,142920468
2025-01-08,363.7496835839679,372.1770496813318,358.26207479831413,361.7898254394531,95456188
2025-01-09,357.6741191726974,371.785092139868,357.6741191726974,365.905517578125,60578450
2025-01-10,366.1015095249239,371.78508621534735,362.1817932128906,362.1817932128906,37053933
2025-01-13,357.4781258453518,364.1416617080448,357.4781258453518,358.654052734375,34785015
2025-01-14,358.2620914627836,371.9810991125231,358.2620914627836,367.4734191894531,40623785
2025-01-15,365.9055090272113,377.6646578758955,365.5135433799342,372.373046875,29158255
2025-01-16,376.2927765833128,378.8405982391083,369.0413071822512,374.7248840332031,26141103
2025-01-17,373.3529898790594,374.5289167698376,370.8051682190821,372.1770629882813,17138321
2025-01-20,372.569053498658,384.916136158936,372.569053498658,381.9763488769531,31141403
2025-01-21,384.132222253995,384.3282200437012,378.6446130979251,379.6245422363281,25249668
2025-01-22,377.2726959765431,380.8004466472063,373.3529796547088,375.7048034667969,17859069
2025-01-23,375.3128411111792,378.2526283783686,371.9810881893771,373.5489807128906,21256810
2025-01-24,375.5088455350484,384.5241753709036,374.5289164286469,382.7603149414063,24079119
2025-01-27,380.2124757801442,390.01176639303446,380.2124757801442,387.6599426269531,23605938
2025-01-28,393.9314880371094,393.9314880371094,393.9314880371094,393.9314880371094,0
2025-02-03,391.9716574608077,396.67530538831176,386.2880803896517,396.0873718261719,27917841
2025-02-04,400.9870027706352,412.7461520612103,398.83114677200456,412.3541564941406,31276268
2025-02-05,413.1381162138972,413.1381162138972,401.7709326268565,409.4143676757813,32129392
2025-02-06,407.8465044331339,411.9621887207031,405.1026850030247,411.9621887207031,19585105
2025-02-07,411.96218694566585,423.7213361253046,409.4143653090649,419.6056518554688,34567530
2025-02-10,420.977564764712,430.9728240553648,420.1936035092272,428.2290344238281,31411302
2025-02-11,431.1687982678811,432.344725134273,417.05782539649016,418.8216857910156,30893563
2025-02-12,420.38958119468685,435.6764810373244,417.4497939136052,435.2845153808594,38264929
2025-02-13,439.98816580793977,455.2750657457538,428.2290166104002,433.128662109375,60985718
2025-02-14,440.7720972076075,465.2703247070313,437.6363420307189,465.2703247070313,74519223
2025-02-17,495.84413889083817,501.7237136602947,475.2656271977401,483.6930236816406,126223580
2025-02-18,484.2809886675672,502.7036443746315,483.8889930909823,493.3943176269531,62529454
2025-02-19,489.9645412462428,490.454505787489,483.3010354473189,487.8086853027344,34127174
2025-02-20,481.3411919993159,483.1050524397074,472.91379565120087,477.0294799804688,34549151
2025-02-21,494.8642026801635,506.6233520507813,489.3765936595293,506.6233520507813,73545153
2025-02-24,511.52299406159375,511.52299406159375,487.22076416015625,487.22076416015625,67542767
2025-02-25,468.21010696966334,481.14518291222055,466.8382122254679,475.0696105957031,56509529
2025-02-26,478.2053755725012,497.8039565385874,478.0093778008159,491.4344177246094,40489654
2025-02-27,493.3943104921517,501.723707988047,481.7331599789109,485.4568786621094,38902820
2025-02-28,482.9090550551748,487.80870062150194,466.446257914341,468.99407958984375,52160819
2025-03-03,473.8937356925396,487.0247801212341,470.1699870363006,473.5017700195313,32752021
2025-03-04,469.3860233097116,483.1050302540455,463.7024466805122,481.1451721191406,31124964
2025-03-05,491.9244046687608,498.7839083195205,488.00468829689817,495.3541564941406,35165757
2025-03-06,510.543052000158,533.0814208984375,510.543052000158,533.0814208984375,79683892
2025-03-07,528.1817853475354,536.0212181541779,518.3824943392324,522.7921752929688,46494425
2025-03-10,517.4025772552639,526.7119039293642,501.7237112778316,506.1333923339844,34415026
2025-03-11,491.4344165157004,509.5631038647343,490.45448746980674,507.11328125,33852768
2025-03-12,512.5029138326645,514.4627720117569,494.8641902208328,501.72369384765625,28031056
2025-03-13,502.7036051632736,505.6433923279711,489.1805961676896,497.3139953613281,27326941
2025-03-14,502.7036227613031,520.3423463669628,497.3140127706848,511.0330200195313,30711707
2025-03-17,521.3223079830493,523.7721308589096,511.5230164796085,513.9728393554688,22096160
2025-03-18,527.6917790044478,532.5914241205522,522.7921338883433,530.1416015625,33639833
2025-03-19,531.6115047313549,534.0613273338035,523.2821078830295,529.1616821289062,31604153
2025-03-20,529.6516610550352,530.1416255888512,507.6032570333178,509.0731506347656,49845030
2025-03-21,507.6032732742623,515.4427060661428,495.354159536949,501.2337341308594,42260479
2025-03-24,503.6835729290402,507.11332488478274,494.37424619202494,502.7036437988281,24598555
2025-03-25,502.7036280537032,505.1534508025029,490.9444788594645,491.9244079589844,27744935
2025-03-26,491.9244253416523,500.25382298189936,491.9244253416523,496.3341064453125,17310634
2025-03-27,498.7839050292969,505.6434086348078,491.92440142378587,498.7839050292969,17595617
2025-03-28,501.2337229001511,506.13336828529424,493.3942902839219,499.27386474609375,18594342
2025-03-31,494.8642133563097,497.3140361947073,484.6729563295886,487.0247802734375,28036973
2025-04-01,490.9444899786086,501.2337457566034,489.9645608568948,493.88427734375,19518013
2025-04-02,494.8642064654638,498.78392295231896,489.1806295215492,493.88427734375,14247546
2025-04-03,483.1050376687954,490.454505787489,481.3411772823338,487.8086853027344,29219618
2025-04-07,432.9326422325269,453.1191866390887,422.34942045688473,426.6611022949219,123364114
2025-04-08,431.95272614871385,442.14401249642896,421.369504055394,431.5607604980469,65120104
2025-04-09,417.44979242928906,438.0283033236906,410.5902887978218,432.3447265625,66484213
2025-04-10,450.7673702862244,452.3352627725802,434.1085761669509,435.8724365234375,57799983
2025-04-11,431.1687964160222,443.5159088398571,423.3293637539127,434.5005493164063,46594597
2025-04-14,443.9078882696345,449.9834607333634,439.7921740322616,444.8878173828125,30346489
2025-04-15,455.27505223923606,455.27505223923606,442.5359743198282,446.84765625,20245398
2025-04-16,441.55603070951474,442.5359597479713,431.3647746905793,439.0082092285156,27322773
2025-04-17,441.3600585296827,452.72724201585527,440.77209509150674,448.8075256347656,24479822
2025-04-22,450.76739712430816,453.5111867099959,444.1038910418873,451.1593627929688,24043746
2025-04-23,466.4462640294297,469.7780170771986,461.9385840683006,464.6824035644531,27001392
2025-04-24,467.426174868444,468.2101061766386,455.6670258151498,461.5466003417969,18912016
2025-04-25,470.36594161787065,476.0495181170621,465.4662963926845,468.6020812988281,28746958
2025-04-28,472.7177653449478,472.7177653449478,465.2702986216526,468.6020812988281,13805160
2025-04-29,468.2101174996059,468.7980809475021,459.5867532806719,463.5064697265625,16367401
2025-04-30,465.4663363367012,467.6221923828125,459.978727232561,467.6221923828125,15312733
2025-05-02,468.6021040490384,479.9692575992863,467.8181428319113,478.0093994140625,13240838
2025-05-06,481.7331599789109,486.8287734451265,475.46161961007306,485.4568786621094,19813305
2025-05-07,498.7839197780205,499.2738843357592,479.7733009187706,479.9692687988281,25616342
2025-05-08,477.2254495888829,491.9243854078423,476.83348394805626,488.0046691894531,19815740
2025-05-09,489.9645234701213,493.39427513441217,482.1250910945994,484.67291259765625,13777285
2025-05-12,493.8842391304348,511.0329974335749,488.98459390096616,507.11328125,35846811
2025-05-13,509.56312337882906,509.56312337882906,495.3541516692271,495.8441162109375,23119901
2025-05-14,501.7236684261037,510.54302978515625,500.2537748662616,510.54302978515625,24294663
2025-05-15,520.8323257152852,521.3222902738131,504.6634952838604,509.5631408691406,32799956
2025-05-16,503.6322305333896,511.0458551241657,500.6667806970792,502.1495056152344,21334027
2025-05-19,502.1494838848189,511.0458330087625,496.7128260868533,508.0803833007813,22457714
2025-05-20,506.5976628021299,511.5400790245897,505.609179557638,511.04583740234375,15792185
2025-05-21,513.0228292591634,518.4594873726998,509.56313773236747,514.5055541992188,18924042
2025-05-22,514.0112966443309,514.0112966443309,507.0919138048879,510.5516052246094,14281176
2025-05-23,512.0343017578125,514.5055097778792,506.5976441136658,512.0343017578125,16262610
2025-05-26,509.06888116574754,511.0458476945466,502.149498314951,504.12646484375,17286567
2025-05-27,502.6437326967716,508.5746321976185,501.1610078215599,506.1034240722656,14986877
2025-05-28,507.0918984997414,509.0688649656273,496.7128245538403,500.1725158691406,16813826
2025-05-29,502.1494889067857,506.1034218903037,497.7013143003279,504.6206970214844,19368449
2025-05-30,500.17252918189735,500.66677081152375,490.2876965893698,492.4623718261719,28284004
2025-06-02,487.3222307884526,493.4508388607571,483.9613938507206,492.6600341796875,13086586
2025-06-03,498.1955682433478,499.678293148834,495.2301184323755,499.1840515136719,14609189
2025-06-04,504.12645757198334,507.0919073224068,501.1610078215599,506.1034240722656,18378499
2025-06-05,511.54008632030303,511.54008632030303,503.1379786222884,509.0688781738281,19329282
2025-06-06,509.56311980312313,510.5516030617131,505.1149451394683,509.0688781738281,13137101
2025-06-09,514.0112681738658,514.9997513818925,506.5976441136658,512.0343017578125,18481403
2025-06-10,513.5170506493142,514.0112922765032,502.64373485115743,507.5861511230469,17039003
2025-06-11,511.0458185497858,512.0343017578125,508.5746105297192,512.0343017578125,14784979
2025-06-12,512.034330958946,512.034330958946,502.149498314951,504.12646484375,13368048
2025-06-13,504.62070647594976,509.5631227979473,500.172531786152,504.12646484375,19085310
2025-06-16,501.1609940907906,506.1034102060844,498.6897860331437,503.6322021484375,13784320
2025-06-17,508.08039275023583,508.08039275023583,500.66676834240167,507.5861511230469,11524031
2025-06-18,504.1264721727747,505.1149554515448,497.70133086076873,502.1495056152344,15187515
2025-06-19,497.2070645864709,500.1725142758534,490.2876819779116,492.2646484375,19387767
2025-06-20,498.6898004397912,499.6782836914063,490.2876928010633,499.6782836914063,20622275
2025-06-23,492.4623658727145,498.195556640625,488.90382014920135,498.195556640625,14252887
2025-06-24,502.1494773138493,505.1149269830256,498.19554442161433,503.6322021484375,17768858
2025-06-25,506.1034146341464,509.0688643292683,502.1494817073171,506.59765625,17592461
2025-06-26,506.1034356725146,507.0919189453125,501.6552609449241,507.0919189453125,15000643
2025-06-27,506.1034356725146,508.5746438545093,504.1264691269188,507.0919189453125,15181667
2025-06-30,503.1379611127182,505.60916917319327,497.2070617675781,497.2070617675781,18464531
2025-07-02,502.1494756453296,502.6437172552168,494.2416098871354,495.7243347167969,18203168
2025-07-03,494.2416193004616,497.7013106355648,488.11301115469007,495.2301025390625,18956331
2025-07-04,487.3222364544765,495.72434397955374,487.3222364544765,491.0784606933594,14658173
2025-07-07,489.4969232984711,496.2185974121094,488.3107313178925,496.2185974121094,11631687
2025-07-08,499.18403043264914,499.18403043264914,494.2416142897516,498.6897888183594,13172857
2025-07-09,498.1955493522773,498.1955493522773,489.29920025670094,491.8692626953125,17820435
2025-07-10,491.8692816106988,493.8462481524089,488.5084445230147,490.88079833984375,14032556
2025-07-11,491.2761856149627,499.18405178180313,490.88079833984375,490.88079833984375,19225560
2025-07-14,491.27618835449215,495.7243630981445,490.287705078125,494.24163818359375,11704663
2025-07-15,496.71282118645263,512.034311193199,494.2416131208484,511.5400695800781,27446891
2025-07-16,514.0112966443309,519.9421962209962,510.0573635932206,510.5516052246094,23250693
2025-07-17,513.5170455135736,513.5170455135736,505.114937935392,511.04583740234375,13735794
2025-07-18,518.9537268842577,518.9537268842577,510.5516189251792,513.0228271484375,13781113
2025-07-21,516.4825018117435,516.4825018117435,508.5746357552957,515.4940185546875,13273287
2025-07-22,515.4940249947088,519.9421997070312,513.0228168211962,519.9421997070312,17600260
2025-07-23,523.8961294422979,545.6427612304688,520.9306796530019,545.6427612304688,46744850
2025-07-24,547.1254528326449,553.5505936518177,541.6887952164217,550.5851440429688,24180342
2025-07-25,545.6427590684605,548.6082088460065,539.7118595133685,544.1600341796875,19886923
2025-07-28,544.1600009976584,551.573624989452,540.206068202035,549.1024169921875,14661199
2025-07-29,545.1485238839914,550.090940238334,539.7118658942145,548.6082153320312,16847424
2025-07-30,543.6657903841501,549.5966899156136,536.2521659698208,542.6773071289062,19362555
2025-07-31,540.7003218217329,552.5621204723011,538.7233553799716,543.665771484375,20453269
2025-08-01,545.1485363541362,548.1139862345758,527.355837071499,528.8385620117188,21203861
2025-08-04,529.8270063920455,545.1484963156961,526.8615567294034,543.665771484375,17340007
2025-08-05,548.1139591878983,552.5621337890625,542.677301342031,552.5621337890625,17347823
2025-08-06,553.5505905755276,563.4354225500907,551.5736241806151,561.9526977539062,20737133
2025-08-07,564.4239649427841,565.4124482439098,554.0448902809641,560.4700317382812,16940382
2025-08-08,560.4700232521097,561.9527481813482,551.0794320336,554.5391235351562,13305719
2025-08-11,554.5391235351562,556.0218484643947,547.1254988889643,554.5391235351562,11790350
2025-08-12,551.0794299196409,557.9988128962103,549.5967049960902,553.056396484375,13827897
2025-08-13,561.4584619307274,579.2511596679688,559.4814955154783,579.2511596679688,37596415
2025-08-14,593.0899720272776,593.0899720272776,582.2166558734441,583.2051391601562,36339315
2025-08-15,580.2396517573176,589.6302423734923,577.7684437004295,585.1820678710938,22176876
2025-08-18,587.1590680149995,589.1360345739726,580.2396850585938,580.2396850585938,17590658
2025-08-19,581.2281559038765,590.1245052289358,576.2857396121769,585.6763305664062,16359474
2025-08-20,582.2166159918104,587.653273696318,578.7569247253056,583.6993408203125,15952765
2025-08-21,583.6993850270571,590.1245264371772,582.7109017331926,586.1705932617188,14290178
2025-08-22,592.1014825439453,599.5151071166993,588.6417910766602,593.0899658203125,19378950
2025-08-25,601.4920739716296,613.8481149324273,600.9978323331977,607.4229736328125,25694519
2025-08-26,604.9517378646689,610.8826372554989,602.4805297851562,602.4805297851562,20656474
2025-08-27,605.9402053145217,607.422930123611,588.1475076054492,592.1014404296875,21263402
2025-08-28,588.1475408791694,592.1014739270964,583.2051245692603,587.1590576171875,21712370
2025-08-29,588.641765789534,598.0323565116172,587.1590409386788,589.6302490234375,18234935
2025-09-01,598.0323486328125,602.9747647372159,594.5726573597301,598.0323486328125,15958837
2025-09-02,598.5265835294318,601.4920331588097,592.1014426657798,593.5841674804688,14808157
2025-09-03,599.5151049519143,605.9402462251005,589.1360305875365,591.6072387695312,15523985
2025-09-04,598.0323712956553,598.0323712956553,584.1936056788963,585.6763305664062,18003934
2025-09-05,592.5957117939074,601.9863027230853,588.6417787710957,598.526611328125,19047729
2025-09-08,598.5266283290106,611.8711526600455,598.0323866871204,610.388427734375,21815489
2025-09-09,612.8596090167713,620.7674749395684,610.3884009158973,619.7789916992188,19871460
2025-09-10,622.7444710915919,631.6408206786147,620.767504516698,626.2041625976562,19193376
2025-09-11,625.7098743538709,625.7098743538709,616.8135254294083,622.2501831054688,18191860
2025-09-12,637.5717141744974,641.525647285657,634.6062643411276,636.0889892578125,20780375
2025-09-15,638.5601974522873,641.0314056467621,630.158089591073,636.0889892578125,16371242
2025-09-16,639.5486828707909,642.0198910735375,633.12354154365,637.5717163085938,13339685
2025-09-17,639.0544044684931,655.8586192805029,637.5716796321393,653.8816528320312,22349048
2025-09-18,654.3759276963468,656.8471358825113,628.1811209230037,634.6062622070312,29989898
2025-09-19,639.5486383222884,639.5486383222884,630.6522894120866,635.1004638671875,20805608
2025-09-22,634.6062200251681,636.088944838311,626.6983543550726,633.6177368164062,12899662
2025-09-23,634.1119906757874,636.0889571315187,619.7789838717362,628.1810913085938,15293080
2025-09-24,626.2041236800972,643.5025801353485,620.7674659370182,641.0313720703125,18440788
2025-09-25,643.5025823505108,651.4104481858474,636.0889581298828,642.5140991210938,17384258
2025-09-26,637.57167413368,645.479539859369,632.6292580551242,636.5831909179688,19504951
2025-09-29,642.0198519620029,656.847100275213,640.0428855202415,652.39892578125,20489556
2025-09-30,650.4219637449331,658.8240711793281,649.9277221311452,655.3643798828125,20610633
2025-10-02,659.8125740271186,675.1340645101453,657.8356075131796,668.7089233398438,17137745
2025-10-03,669.2031606151692,672.1686103667873,662.2837778613934,665.7434692382812,7125093
2025-10-06,667.2261796226361,674.6398038406653,662.2837634772832,669.6973876953125,7828323
2025-10-08,672.1686125578703,672.1686125578703,661.7895383933738,667.2261962890625,10540730
2025-10-09,667.2262173418995,673.1571170516053,657.8356261348654,667.720458984375,14454705
2025-10-10,661.2952827459468,661.2952827459468,640.0428932406586,643.996826171875,19904705
2025-10-13,622.7444586955326,641.0313991492902,615.3308341872524,631.6408081054688,38012175
2025-10-14,635.1004728602902,636.5831976996527,609.894150591127,613.8480834960938,26797863
2025-10-15,617.3077835983447,625.7098911413166,613.3538506369462,619.7789916992188,18381023
2025-10-16,618.7905186806955,621.7559684507308,608.411444485572,612.859619140625,14285465
2025-10-17,611.3768766302811,613.3538430866442,595.5611449793765,600.997802734375,18654519
2025-10-20,616.813562935757,625.2156707642088,614.3423547509182,620.2732543945312,14963360
2025-10-21,635.5947495051361,636.5832327858594,622.7444668557321,623.2387084960938,14171988
2025-10-22,618.7905441810345,621.7559940732759,609.3999528556035,616.3193359375,9979448
2025-10-23,612.8596175978722,628.675349664914,610.882651089492,625.7098999023438,12419348
2025-10-24,631.6408059512868,634.1120141122856,626.2041479970895,630.1580810546875,11997034
2025-10-27,641.5256246241128,648.4450073242188,638.560174895496,648.4450073242188,16043970
2025-10-28,648.4450324006783,648.4450324006783,633.6177831841993,637.5717163085938,16295470
2025-10-30,649.4335242768037,656.3529073360695,637.5717247466338,643.5026245117188,21772780
2025-10-31,643.9968551854071,647.4565466560886,621.7559814453125,621.7559814453125,20578283
2025-11-03,623.2386640803829,626.6983553163565,615.3307983981575,620.7674560546875,11591004
2025-11-04,623.7329479999876,632.6292974960254,618.2962899746311,621.7559814453125,14972125
2025-11-05,613.8481152266122,624.7214312773251,605.9402490079118,621.7559814453125,13309811
2025-11-06,622.2501842901573,638.0659157415355,622.2501842901573,636.5831909179688,13081287
2025-11-07,630.6522971553381,635.5947132772451,621.2617065237147,626.6983642578125,13314360
2025-11-10,633.6177894880076,643.502622397337,633.6177894880076,642.0198974609375,14513815
2025-11-11,654.3758978740985,654.3758978740985,633.6177500563401,642.5140991210938,13087772
2025-11-12,647.4565052514388,650.916196500874,644.4910556090658,649.4334716796875,13658568
2025-11-13,642.0198662455489,652.3989402957079,637.5716916526236,648.4450073242188,17299913
2025-11-14,637.571669651454,651.4104345741213,632.6292536076443,633.6177368164062,19956444
2025-11-17,632.6293082285939,635.1005164638618,625.7099251698436,629.1696166992188,13794477
2025-11-18,620.7675107758621,633.6177936422414,613.3538860452586,616.3193359375,18818609
2025-11-19,620.2732266958459,624.2271596150226,612.3653608574924,615.330810546875,13959708
2025-11-20,619.284741240423,623.2386741453898,608.4114257517643,613.8480834960938,14015988
2025-11-21,602.9747924804688,607.9172088122758,599.020859415023,602.9747924804688,23732050
2025-11-24,607.9172092556859,620.273250094216,606.4344843550622,617.3078002929688,22376801
2025-11-25,625.709867578125,627.686833984375,613.3538275390625,617.802001953125,14877620
2025-11-26,621.2617054493606,622.7444302833686,610.8826316113045,612.3653564453125,14429595
2025-11-27,610.8826607854661,613.3538689601646,601.9863113565515,604.45751953125,15493209
2025-11-28,604.45751953125,609.8941775155866,601.4920697216119,604.45751953125,13216245
2025-12-01,606.4344571092804,615.8250477246645,605.9402154979445,612.3653564453125,12643338
2025-12-02,618.2962726611565,618.7905142859856,607.9171985397462,609.8941650390625,11460186
2025-12-03,608.905673012991,608.905673012991,601.4920487474108,603.9632568359375,11002158
2025-12-04,602.9747547822841,605.9402043959674,598.0323387594784,604.9517211914062,15329748
2025-12-05,598.0323761486616,603.9632757468302,597.0438928823002,602.9747924804688,14638391
2025-12-08,600.5035566850142,602.4805231267756,597.0438654119318,598.0323486328125,13421327
2025-12-09,602.4805399661242,602.9747815903786,589.1360161112552,595.5611572265625,17431321
2025-12-10,595.0669366384225,596.055419921875,588.1475536542548,596.055419921875,14750743
2025-12-11,601.986317470484,604.95176731024,592.101484671297,594.5726928710938,12480887
2025-12-12,600.9978344409496,608.9057006835938,594.5726931188013,608.9057006835938,17825495
2025-12-15,599.0208697722326,601.4920779808639,595.0669366384225,596.055419921875,15165502
2025-12-16,595.5611484268585,596.0553900438102,585.1820744708717,589.6302490234375,15987678
2025-12-17,590.124482865767,599.0208318536932,587.6532748135654,598.0323486328125,14824785
2025-12-18,594.0784157492898,599.0208318536932,592.1014493075285,598.0323486328125,10153604
2025-12-19,602.9747779672232,610.3884022864922,600.0093282395155,606.9287109375,17765762
2025-12-22,612.8596316555635,614.3423565708591,602.9747988869253,607.4229736328125,13868060
2025-12-23,606.4344514865812,607.4229347000883,594.5726529244964,595.06689453125,15623392
2025-12-24,595.5611572265625,595.5611572265625,595.5611572265625,595.5611572265625,0
2025-12-29,599.0208397455208,603.9632559150382,589.1360074064858,589.6302490234375,18502650
2025-12-30,591.6072409057617,594.0784490966797,587.1590661621094,593.0899658203125,13582535
2025-12-31,592.1014404296875,592.1014404296875,592.1014404296875,592.1014404296875,0
2026-01-02,593.5841998104873,617.3077981376342,593.5841998104873,615.8250732421875,16200058
2026-01-05,616.8135586594276,620.7674917277573,608.411450889227,617.3078002929688,19947025
2026-01-06,619.7789794921875,631.1465365323154,618.7904962713069,625.2156372070312,24168431
2026-01-07,620.273250094216,622.2502166283808,607.9172092556859,617.3078002929688,21378622
2026-01-08,611.37690888442,613.8481170852463,602.9748010016107,608.9057006835938,18742539
2026-01-09,608.905673012991,609.8941562484017,602.9747736005269,603.9632568359375,17813669
2026-01-12,608.9056903967697,620.2732479285276,606.4344822376919,615.8250732421875,27530129
2026-01-13,629.6638454969186,631.6408120447895,615.3308380248537,620.2732543945312,24212695
2026-01-14,626.6983831565339,631.1465578003894,618.7905171230129,625.7098999023438,28677291
2026-01-15,623.7329585329896,625.2156834740348,611.3769173576135,614.8366088867188,26194252
2026-01-16,619.7790189302884,622.7444687816295,606.4344945992535,610.388427734375,20616793
2026-01-19,606.4344839127338,607.4229671790952,601.4920675809266,602.9747924804688,13233330
2026-01-20,594.0784301757812,600.0093296450902,591.1129804411268,594.0784301757812,24332228
2026-01-21,591.1129826082728,599.0208485963434,591.1129826082728,595.5611572265625,16003431
2026-01-22,597.5380957950608,598.5265789973686,589.1359885754446,590.6187133789062,27168713
2026-01-23,590.6187300481716,595.0669045840992,588.1475219726562,588.1475219726562,19177660
2026-01-26,588.1475285394079,598.0323609518349,587.1590452981651,592.595703125,17439619
2026-01-27,593.089955563993,603.4690297863629,591.6072306750831,600.0093383789062,23887447
2026-01-28,605.9402176861602,615.8250499485771,603.4690096205559,613.8480834960938,25577066
2026-01-29,607.4229841814931,617.802058768809,605.4460175934329,614.8366088867188,22951530
2026-01-30,607.917223637647,612.3653984447517,598.5266323782037,599.0208740234375,21479886
2026-02-02,591.1129971331322,597.5381384063185,583.6993725871482,591.6072387695312,27926332
2026-02-03,591.6072339896697,594.572683784104,554.5391115592392,574.3087768554688,65128647
2026-02-04,565.4124353333614,567.8836435297484,551.5736694335938,551.5736694335938,60374834
2026-02-05,543.6657638344897,555.0333207146654,534.7694149717436,552.06787109375,79306977
2026-02-06,539.7118552011985,551.0794125909674,536.7464054473459,541.194580078125,35402860
2026-02-09,543.6657660348075,556.0218061719622,543.6657660348075,553.5505981445312,26375723
2026-02-10,556.5160964439656,559.481546336207,540.7003636853449,544.654296875,29211865
2026-02-11,536.7464263247747,544.1600509977688,536.7464263247747,541.6888427734375,23759058
2026-02-12,530.8154885000876,534.7694213753209,524.3903475778332,529.332763671875,39790780
2026-02-13,519.4479665541111,528.3443161240198,518.9537249113383,525.8731079101562,26900740
2026-02-16,528.3442993164062,528.3442993164062,528.3442993164062,528.3442993164062,0
2026-02-20,525.378872575431,526.8615975215517,512.0343480603449,515.98828125,21351884
2026-02-23,522.907666401349,536.7464326199103,521.9191831000232,531.8040161132812,22136687
2026-02-24,528.344298670842,528.344298670842,510.0573584923377,514.0112915039062,36134943
2026-02-25,516.4824829101562,522.9076238458807,515.9882412997159,516.4824829101562,22838866
2026-02-26,522.9076393246651,523.4018809497356,506.1034240722656,506.1034240722656,25547825
2026-02-27,504.6206776976125,524.3903418581458,504.6206776976125,512.0343017578125,32229030
2026-03-02,505.6091752107969,514.0112827167437,501.1610006488251,508.0803833007813,30816358
2026-03-03,512.0343213655807,519.4479457096769,504.6206970214844,504.6206970214844,27370602
2026-03-04,500.1725158691406,509.0688649656273,493.0554245255056,500.1725158691406,32965198
2026-03-05,503.6322218754377,509.5631214461004,495.7243557812208,496.2185974121094,23955443
2026-03-06,498.1955778088873,515.9882770163475,496.2186112302806,513.0228271484375,30359878
2026-03-09,496.7128190328909,511.5400673622309,496.7128190328909,510.0573425292969,31383491
2026-03-10,518.9537151719173,549.5966964487353,518.9537151719173,547.12548828125,57862244
2026-03-11,571.3433260710343,571.3433260710343,541.688828178074,545.6427612304688,47623240
2026-03-12,544.1600488660974,550.5851902241894,535.2636992933548,540.2061157226562,19663840
2026-03-13,540.2060968268407,552.0678958422517,536.7464054473459,541.194580078125,17183958
2026-03-16,544.6542470414615,558.9872535425526,537.2406229891731,552.06787109375,24217363
2026-03-17,556.5160533558238,559.4815030184659,542.6772882634943,543.665771484375,22872974
2026-03-18,540.2061011429595,545.6427590684605,536.2521681062316,544.1600341796875,21350876
2026-03-19,521.9191680372807,523.4018929464775,506.1034356725146,507.0919189453125,59432770
2026-03-20,499.184055778924,513.022821681706,499.184055778924,502.1495056152344,24924662
2026-03-23,492.0669382104138,500.1725127362212,489.4969059537514,492.6600341796875,35123702
2026-03-24,502.1494838848189,514.0112827167437,494.24161799686897,508.0803833007813,29358876
2026-03-25,513.0228075882094,515.4940157172471,496.2185923107536,499.6782836914063,37353909
2026-03-26,495.2301069697751,501.6552480781654,489.2992074851071,489.8923034667969,22623215
2026-03-27,485.5429758379236,492.4623584649601,481.9844301679391,487.7176208496094,20345920
2026-03-30,479.4143647683183,480.2051392829338,470.5180157313805,476.0535278320313,28410968
2026-03-31,478.82129059561856,486.33376949089615,474.4719702350207,478.4259033203125,25801397
2026-04-01,498.1955685109481,498.1955685109481,487.32225253154246,490.88079833984375,21275055
2026-04-02,490.2876834376516,490.2876834376516,479.4143678775424,483.5660095214844,17030828
2026-04-08,498.6898141395389,504.1264721727747,495.23012266384336,502.1495056152344,32856156
2026-04-09,500.6667712726424,508.5746373539477,497.20707986207134,502.6437377929688,20722763
2026-04-10,502.14948011838766,508.08037948986464,495.2300975183311,498.6897888183594,20671874
2026-04-13,492.6600340755941,497.2070629509128,482.1821058410201,484.3567810058594,21140848
2026-04-14,491.6715701105456,491.6715701105456,480.60057563922527,487.51995849609375,17833779
2026-04-15,494.24162656367423,504.1264590949477,491.6715640723201,493.2531433105469,20288791
2026-04-16,500.6667633351781,511.04583740234375,498.19555522394825,511.04583740234375,22559081
2026-04-17,506.1034218903037,511.0458381197012,500.17252241502666,504.6206970214844,13747249
2026-04-20,503.6322010387074,520.436415793679,498.689784934304,516.4824829101562,23428202
2026-04-21,516.9767603056509,519.4479685289093,509.5631356358758,513.0228271484375,13113816
2026-04-22,507.58614749000185,508.5746307373047,496.2185901460193,498.195556640625,23170931
2026-04-23,494.2416252606658,496.2185917617085,489.4969177246094,489.4969177246094,23497267
2026-04-24,481.3913341952559,489.2992000547263,481.3913341952559,487.7176208496094,18566187
2026-04-27,484.35680761651406,485.34529089736407,472.4950082463137,473.0881042480469,45048027
2026-04-28,470.51802849483926,476.0535407456486,466.5640954822776,468.3433532714844,25793090
2026-04-29,469.1341539031126,475.06505337049424,469.1341539031126,473.6811828613281,19321018
2026-04-30,468.5410531891784,469.33182771039367,457.8654463221998,462.4124450683594,38406905
2026-05-04,464.3894232899683,473.28577262629807,464.3894232899683,467.5525817871094,23758824
2026-05-05,463.5986517848776,466.9594888562784,460.2378147134768,466.7618103027344,13004679
2026-05-06,465.1802340305106,467.9479751268192,454.9000140306445,457.6677551269531,44367227
2026-05-07,466.76179131159006,475.4604316326016,466.76179131159006,471.9018859863281,40989511
2026-05-08,469.5295541125415,470.1226501088541,463.0055584853336,465.9710083007813,25207039
2026-05-11,459.6447011948578,465.7733092772349,458.2608307083542,459.0516052246094,27814648
2026-05-12,456.679247179694,463.5986297127196,451.9345397949219,451.9345397949219,32469707
2026-05-13,450.74837373174097,460.4354977674243,448.771407180286,457.2723693847656,26616535
2026-05-14,468.7387590977459,474.0765624992953,453.3184146974031,454.8999938964844,39339032
2026-05-15,459.0,462.6000061035156,454.2000122070313,456.3999938964844,26449868
2026-05-18,455.0,457.7999877929688,445.7999877929688,449.2000122070313,29497076
2026-05-19,449.2000122070313,468.7999877929688,448.6000061035156,460.0,33736701
2026-05-20,460.0,463.3999938964844,453.6000061035156,455.2000122070313,18927606
2026-05-21,460.0,460.0,438.3999938964844,439.0,39653795
2026-05-22,442.2000122070313,445.0,438.7999877929688,441.3999938964844,23998219
2026-05-26,438.0,441.0,432.0,439.0,32795639
2026-05-27,435.7999877929688,442.6000061035156,433.6000061035156,434.3999938964844,24863984
2026-05-28,431.0,432.7999877929688,420.3999938964844,425.0,42196103
2026-05-29,428.2000122070313,438.3999938964844,423.6000061035156,427.2000122070313,48005475
2026-06-01,432.3999938964844,442.0,430.0,436.0,35164391
2026-06-02,438.0,484.7999877929688,437.3999938964844,481.6000061035156,101874275
2026-06-03,484.0,484.0,461.6000061035156,466.3999938964844,49104320
2026-06-04,462.6000061035156,468.6000061035156,454.7999877929688,459.0,29053909
2026-06-05,461.6000061035156,466.2000122070313,452.2000122070313,453.2000122070313,31649780
2026-06-08,447.7999877929688,458.2000122070313,443.2000122070313,446.3999938964844,29019096
2026-06-09,443.7999877929688,468.3999938964844,443.2000122070313,453.2000122070313,37387399
2026-06-10,454.7999877929688,471.0,451.6000061035156,465.6000061035156,35788237
2026-06-11,469.7999877929688,475.6000061035156,455.0,457.2000122070313,28580619
2026-06-12,466.0,467.0,459.3999938964844,463.6000061035156,22334646
2026-06-15,475.0,476.7999877929688,457.7999877929688,459.6000061035156,19748938
2026-06-16,462.6000061035156,462.6000061035156,445.3999938964844,447.3999938964844,24323142
2026-06-17,445.6000061035156,454.0,445.3999938964844,445.3999938964844,16962334
2026-06-18,440.0,446.2000122070313,435.6000061035156,440.2000122070313,30119117
2026-06-22,439.0,439.0,428.3999938964844,433.0,31563111
2026-06-23,430.0,432.3999938964844,413.6000061035156,414.7999877929688,43435789
2026-06-24,414.0,439.7999877929688,412.6000061035156,428.7999877929688,39958288
2026-06-25,428.6000061035156,428.6000061035156,418.0,421.3999938964844,29472428
2026-06-26,418.0,421.2000122070313,411.0,411.7999877929688,31872909
2026-06-29,417.0,432.0,415.0,420.2000122070313,33066070
2026-06-30,421.2000122070313,435.6000061035156,418.3999938964844,429.7999877929688,38994409
2026-07-02,442.6000061035156,447.0,429.3999938964844,430.2000122070313,40905100
2026-07-03,433.0,445.7999877929688,431.2000122070313,431.2000122070313,24957296
2026-07-06,432.7999877929688,453.3999938964844,425.3999938964844,452.0,41502083
2026-07-07,459.0,479.7999877929688,457.0,461.2000122070313,55418434
2026-07-08,461.2000122070313,482.7999877929688,460.6000061035156,478.7999877929688,56278627
2026-07-09,479.0,485.0,467.2000122070313,469.6000061035156,42402152
2026-07-10,472.7999877929688,473.6000061035156,458.7999877929688,460.2000122070313,40440298
2026-07-13,463.2000122070313,473.7999877929688,456.2000122070313,457.6000061035156,24291842
2026-07-14,457.6000061035156,459.2000122070313,447.3999938964844,456.2000122070313,25540540
2026-07-15,467.6000061035156,476.3999938964844,455.3999938964844,474.0,33780856
2026-07-16,478.0,494.7999877929688,477.3999938964844,484.0,42851475
2026-07-17,488.7999877929688,488.7999877929688,458.0,461.6000061035156,36237657
2026-07-20,465.6000061035156,481.7999877929688,465.6000061035156,477.7999877929688,30822839
2026-07-21,478.2000122070313,482.6000061035156,472.7999877929688,474.0,21362780
2026-07-22,468.0,468.0,440.6000061035156,440.6000061035156,66379871
2026-07-23,440.0,450.7999877929688,439.0,445.2000122070313,22888528
2026-07-24,438.2000122070313,438.7999877929688,432.0,434.6000061035156,22959603
2026-07-27,438.7999877929688,446.3999938964844,435.3999938964844,443.0,14454552
2026-07-28,447.7999877929688,452.0,441.6000061035156,447.2000122070313,18143997
2026-07-29,453.0,469.3999938964844,450.0,466.3999938964844,36203193
2026-07-30,466.3999938964844,475.0,462.7999877929688,471.7999877929688,31791979
2026-07-31,470.0,479.7999877929688,462.0,475.2000122070313,31100240
2026-08-03,482.0,491.0,480.6000061035156,490.3999938964844,38649910
