Date,close,ret,rf,state,lam,p_bear,p_bear_jm,p_bear_combo
2010-01-04,21823.279296875,-0.0022503464681677965,2.182539670713361e-06,0.0,150.0,0.14003600559257268,0.28007201118514535,0.0
2010-01-05,22279.580078125,0.020908900767967475,2.3809523277339444e-06,0.0,150.0,0.09123103457267895,0.1824620691453579,0.0
2010-01-06,22416.669921875,0.006153161023200848,1.7857143566721944e-06,0.0,150.0,0.08150486588925915,0.1630097317785183,0.0
2010-01-07,22269.44921875,-0.0065674653567225905,1.7857143566721944e-06,0.0,150.0,0.08542634159576047,0.17085268319152094,0.0
2010-01-08,22296.75,0.0012259297920584888,1.5873015518226308e-06,0.0,150.0,0.09238992403834342,0.18477984807668685,0.0
2010-01-11,22411.51953125,0.005147365927769654,9.92063506846389e-07,0.0,150.0,0.12214926757857278,0.24429853515714556,0.0
2010-01-12,22326.640625,-0.003787289216674816,1.5873015518226308e-06,0.0,150.0,0.12012280344813216,0.2402456068962643,0.0
2010-01-13,21748.599609375,-0.025890192140135326,1.984127013692778e-06,0.0,150.0,0.29730734909559015,0.44321156861808614,0.15140312957309418
2010-01-14,21716.94921875,-0.0014552840731573147,1.7857143566721944e-06,0.0,150.0,0.3219145970375073,0.4910073213685825,0.15282187270643213
2010-01-15,21654.16015625,-0.0028912469181348044,2.182539670713361e-06,0.0,150.0,0.28169587858913936,0.49534958877433255,0.0680421684039462
2010-01-18,21460.009765625,-0.00896596262445959,2.182539670713361e-06,0.0,150.0,0.3003037275009112,0.5150593994645644,0.08554805553725804
2010-01-19,21677.98046875,0.01015706448904563,1.984127013692778e-06,0.0,150.0,0.20439223921025232,0.40878447842050464,0.0
2010-01-20,21286.169921875,-0.01807412583657486,1.984127013692778e-06,0.0,150.0,0.24774785143322262,0.49549570286644523,0.0
2010-01-21,20862.669921875,-0.019895547275735392,1.5873015518226308e-06,0.0,150.0,0.30873470945816706,0.5565970971391773,0.0608723217771568
2010-01-22,20726.1796875,-0.006542318643113165,1.7857143566721944e-06,0.0,150.0,0.2871111924108208,0.5335482178456288,0.04067416697601275
2010-01-25,20598.55078125,-0.00615785968153959,1.7857143566721944e-06,0.0,150.0,0.2591902184558642,0.5183804369117284,0.0
2010-01-26,20109.330078125,-0.023750248661683404,2.5793649847545313e-06,0.0,150.0,0.30216407081989305,0.5599088527893075,0.0444192888504786
2010-01-27,20033.0703125,-0.0037922578886879776,2.777777789604095e-06,0.0,150.0,0.28038745099011575,0.5607749019802315,0.0
2010-01-28,20356.369140625,0.016138256546889496,2.777777789604095e-06,0.0,150.0,0.3351718413214811,0.5465854513049034,0.12375823133805872
2010-01-29,20121.990234375,-0.011513787386683405,2.777777789604095e-06,0.0,150.0,0.3396095529853004,0.5535375848064027,0.12568152116419812
2010-02-01,20243.75,0.006051079650013724,3.3730159084948255e-06,0.0,150.0,0.34545330392215934,0.5235674228702742,0.16733918497404443
2010-02-02,20272.1796875,0.0014043686322939841,3.571428713344389e-06,0.0,150.0,0.320886610382602,0.5327145965492245,0.10905862421597956
2010-02-03,20722.080078125,0.02219299540356845,3.571428713344389e-06,0.0,150.0,0.32753559528961707,0.4039086319120686,0.2511625586671656
2010-02-04,20341.640625,-0.018359134396290888,3.3730159084948255e-06,0.0,150.0,0.385772059424078,0.53296976318951,0.238574355658646
2010-02-05,19665.080078125,-0.03325988101684896,3.3730159084948255e-06,0.0,150.0,0.5352812884505435,0.6383269201872681,0.4322356567138188
2010-02-08,19550.890625,-0.005806711829870581,3.571428713344389e-06,0.0,150.0,0.5272042429837563,0.6223018387859289,0.4321066471815837
2010-02-09,19790.279296875,0.012244387044388239,3.96825402738556e-06,0.0,150.0,0.49933342733488256,0.6038669088059344,0.3947999458638307
2010-02-10,19922.220703125,0.0066669805044556885,3.96825402738556e-06,0.0,150.0,0.48483056289671445,0.5643230452079484,0.4053380805854805
2010-02-11,20290.689453125,0.018495365325523316,3.7698412225359962e-06,0.0,150.0,0.4298488378266484,0.43702976745038585,0.422667908202911
2010-02-12,20268.689453125,-0.0010842411269870178,3.571428713344389e-06,0.0,150.0,0.4325003388384707,0.4713435552953152,0.3936571223816262
2010-02-17,20534.009765625,0.013090156278411591,3.571428713344389e-06,0.0,150.0,0.4232152244076413,0.4280315139056243,0.41839893490965835
2010-02-18,20422.150390625,-0.005447517376136579,3.3730159084948255e-06,0.0,150.0,0.45628397634946527,0.48498982313661754,0.427578129562313
2010-02-19,19894.01953125,-0.025860687991870024,3.7698412225359962e-06,0.0,150.0,0.5353903195297243,0.6371907034610773,0.43358993559837133
2010-02-22,20377.26953125,0.024291219742742287,3.3730159084948255e-06,0.0,150.0,0.5335754771793371,0.5531391829243528,0.5140117714343214
2010-02-23,20623.0,0.012059047870626394,4.563492146276289e-06,0.0,150.0,0.34958554283282706,0.44124182247824756,0.2579292631874065
2010-02-24,20467.740234375,-0.00752847624618147,4.365079341426725e-06,0.0,150.0,0.3706776373750019,0.47389188493284323,0.26746338981716056
2010-02-25,20399.5703125,-0.0033306032368199956,4.563492146276289e-06,0.0,150.0,0.3830087221729631,0.5026338305508247,0.2633836137951016
2010-02-26,20608.69921875,0.010251632904338948,4.563492146276289e-06,0.0,150.0,0.36090900874284804,0.4495602115551569,0.2722578059305392
2010-03-01,21056.9296875,0.02174957594325977,4.761904655467893e-06,0.0,150.0,0.293365297316759,0.2891439227375229,0.2975866718959951
2010-03-02,20906.109375,-0.00716250254611106,4.96031746031746e-06,0.0,150.0,0.31343423546481697,0.30785179200771573,0.31901667892191826
2010-03-03,20876.7890625,-0.0014024758014067329,5.357143070016588e-06,0.0,150.0,0.3369437173068996,0.3773405797274001,0.2965468548863991
2010-03-04,20575.779296875,-0.014418393782868133,5.357143070016588e-06,0.0,150.0,0.42505163737220564,0.5075111359718686,0.3425921387725427
2010-03-05,20787.970703125,0.010312678960462396,5.753968088399794e-06,0.0,150.0,0.27360808391202707,0.38994793874450273,0.15726822907955143
2010-03-08,21196.869140625,0.019669954481825958,5.753968088399794e-06,0.0,150.0,0.19767496666759712,0.2839251685881879,0.11142476474700637
2010-03-09,21207.55078125,0.0005039253936105492,5.952381188907317e-06,0.0,150.0,0.18483086958618075,0.2773508936975999,0.09231084547476158
2010-03-10,21208.2890625,3.4812188244526254e-05,5.753968088399794e-06,0.0,150.0,0.18123951412233172,0.3019971822681613,0.060481845976502156
2010-03-11,21228.19921875,0.0009387912523883823,5.753968088399794e-06,0.0,150.0,0.127670458812296,0.20818465624562607,0.04715626137896595
2010-03-12,21209.740234375,-0.0008695501763850144,5.55555557920819e-06,0.0,150.0,0.1070063562091678,0.17525569964568943,0.038757012772646184
2010-03-15,21079.099609375,-0.006159463697168133,5.753968088399794e-06,0.0,150.0,0.07467032020877454,0.14934064041754908,0.0
2010-03-16,21022.9296875,-0.0026647211178800756,6.150793698098924e-06,0.0,150.0,0.10550180297095003,0.21100360594190007,0.0
2010-03-17,21384.490234375,0.0171983901506354,5.952381188907317e-06,0.0,150.0,0.06744282209289393,0.13488564418578786,0.0
2010-03-18,21330.669921875,-0.002516791932383078,5.753968088399794e-06,0.0,150.0,0.08198982867383797,0.16397965734767594,0.0
2010-03-19,21370.8203125,0.0018822845589028248,5.753968088399794e-06,0.0,150.0,0.057282005558560896,0.11456401111712179,0.0
2010-03-22,20933.25,-0.020475129456966168,5.55555557920819e-06,0.0,150.0,0.1388365830324815,0.277673166064963,0.0
2010-03-23,20987.779296875,0.0026049130868355252,5.158729969509063e-06,0.0,150.0,0.1740391036455936,0.3480782072911872,0.0
2010-03-24,21008.619140625,0.0009929513482687113,5.357143070016588e-06,0.0,150.0,0.1982456180426365,0.396491236085273,0.0
2010-03-25,20778.55078125,-0.010951141426049693,5.158729969509063e-06,0.0,150.0,0.18879820234146852,0.368952591229784,0.008643813453153015
2010-03-26,21053.109375,0.013213558377601409,5.158729969509063e-06,0.0,150.0,0.11729385797576848,0.2137555935816299,0.020832122369907058
2010-03-29,21237.4296875,0.008755016145922667,4.96031746031746e-06,0.0,150.0,0.09768129767296023,0.16398595246081013,0.03137664288511033
2010-03-30,21374.7890625,0.006467796575253537,5.952381188907317e-06,0.0,150.0,0.07993009145882388,0.12139817531317537,0.03846200760447239
2010-03-31,21239.349609375,-0.006336411214584392,5.952381188907317e-06,0.0,150.0,0.13469551331480012,0.22054976485299368,0.048841261776606526
2010-04-01,21537.0,0.01401410100117273,5.952381188907317e-06,0.0,150.0,0.08350862047069824,0.1171190760282041,0.049898164913192364
2010-04-07,21928.76953125,0.018190534022844318,6.3492062072905275e-06,0.0,150.0,0.09957591397383996,0.1206521169522913,0.0784997109953886
2010-04-08,21867.0390625,-0.0028150448050461296,6.150793698098924e-06,0.0,150.0,0.07711711678349739,0.10302008521216599,0.051214148354828785
2010-04-09,22208.5,0.015615325720324646,5.952381188907317e-06,0.0,150.0,0.09185831795132872,0.1376068388240366,0.04610979707862083
2010-04-12,22138.169921875,-0.0031668090201949495,5.357143070016588e-06,0.0,150.0,0.08719383438991174,0.1323272928139445,0.042060375965878985
2010-04-13,22103.529296875,-0.0015647465496130275,5.952381188907317e-06,0.0,150.0,0.09118047827777426,0.1386312359612347,0.04372972059431381
2010-04-14,22121.4296875,0.0008098430972076631,6.150793698098924e-06,0.0,150.0,0.08773735391373416,0.14165908199182525,0.033815625835643084
2010-04-15,22157.8203125,0.0016450394714118133,5.952381188907317e-06,0.0,150.0,0.10373203118818063,0.18587822113516003,0.02158584124120121
2010-04-16,21865.259765625,-0.013203489456494744,5.952381188907317e-06,0.0,150.0,0.1294320578465442,0.2416347635267582,0.01722935216633026
2010-04-19,21405.169921875,-0.021042047919015316,5.952381188907317e-06,0.0,150.0,0.2460211736610784,0.3746945887316601,0.11734775859049666
2010-04-20,21623.380859375,0.010194309986626182,5.753968088399794e-06,0.0,150.0,0.16342241875952246,0.23488181133104102,0.09196302618800392
2010-04-21,21510.9296875,-0.005200443566448443,5.753968088399794e-06,0.0,150.0,0.16842889127989236,0.32860940749212597,0.008248375067658742
2010-04-22,21454.939453125,-0.002602873757127089,5.952381188907317e-06,0.0,150.0,0.11405960264343443,0.22273577439700626,0.005383430889862595
2010-04-23,21244.490234375,-0.009808893621433556,6.150793698098924e-06,0.0,150.0,0.18166626523570253,0.36333253047140507,0.0
2010-04-26,21587.060546875,0.016125136857635614,5.952381188907317e-06,0.0,150.0,0.11113273033727325,0.21161812430435256,0.010647336370193928
2010-04-27,21261.7890625,-0.015067891418968027,5.753968088399794e-06,0.0,150.0,0.20494567999484178,0.3546146359611429,0.05527672402854068
2010-04-28,20949.400390625,-0.014692492290122816,6.150793698098924e-06,0.0,150.0,0.24645839605403524,0.4154034639544669,0.0775133281536036
2010-04-29,20778.919921875,-0.008137725451382916,6.3492062072905275e-06,0.0,150.0,0.28068747967015045,0.4993589986640313,0.06201596067626967
2010-04-30,21108.58984375,0.015865594704368657,6.150793698098924e-06,0.0,150.0,0.2646024158429896,0.36341274229759507,0.16579208938838408
2010-05-03,20811.359375,-0.01408101966782993,6.3492062072905275e-06,0.0,150.0,0.29467270969558196,0.47969209834031534,0.1096533210508486
2010-05-04,20763.05078125,-0.002321260849881379,6.150793698098924e-06,0.0,150.0,0.2879370880528171,0.5208256300018254,0.055048546103808826
2010-05-05,20327.5390625,-0.020975324066696777,5.753968088399794e-06,0.0,150.0,0.36186069752418093,0.591518845898332,0.13220254915002988
2010-05-06,20133.41015625,-0.009550044678459213,3.96825402738556e-06,0.0,150.0,0.35841539689207536,0.5840071476863012,0.13282364609784952
2010-05-07,19920.2890625,-0.010585444397944732,4.761904655467893e-06,0.0,150.0,0.35539199793735143,0.5762670294521407,0.13451696642256214
2010-05-10,20426.640625,0.025418886287810416,5.753968088399794e-06,0.0,150.0,0.39038546354627546,0.5177711994354389,0.262999727657112
2010-05-11,20146.509765625,-0.013713995586339789,5.952381188907317e-06,0.0,150.0,0.40508203143813615,0.5531059671613628,0.25705809571490945
2010-05-12,20212.490234375,0.0032750322272983023,5.952381188907317e-06,0.0,150.0,0.3776966033933722,0.5100360138026698,0.24535719298407452
2010-05-13,20422.4609375,0.0103881659652163,6.150793698098924e-06,0.0,150.0,0.3583629827026239,0.4383631555276009,0.27836280987764683
2010-05-14,20145.4296875,-0.013565027782293959,5.753968088399794e-06,0.0,150.0,0.3833360377885451,0.549793978346478,0.21687809723061208
2010-05-17,19715.19921875,-0.021356231930707015,5.952381188907317e-06,0.0,150.0,0.43224048608485127,0.601502223692487,0.2629787484772156
2010-05-18,19944.939453125,0.011652950184571687,6.547619307798051e-06,0.0,150.0,0.4396799369567233,0.5557020378549475,0.32365783605849907
2010-05-19,19578.98046875,-0.01834846303921278,6.547619307798051e-06,0.0,150.0,0.46664715968544856,0.6287939459247589,0.3045003734461382
2010-05-20,19545.830078125,-0.0016931622500931942,6.150793698098924e-06,0.0,150.0,0.44756577013835475,0.5993190433527879,0.2958124969239217
2010-05-24,19667.759765625,0.006238143226081627,5.952381188907317e-06,0.0,150.0,0.4406921297504536,0.5868473685402694,0.29453689096063773
2010-05-25,18985.5,-0.03468924644978855,6.3492062072905275e-06,0.0,150.0,0.4951870805281292,0.6829966532334727,0.30737750782278567
2010-05-26,19196.44921875,0.01111106996128619,6.3492062072905275e-06,0.0,150.0,0.5383027146426885,0.7173825164954698,0.35922291278990726
2010-05-27,19431.369140625,0.012237675790871982,6.3492062072905275e-06,0.0,150.0,0.5346428621509537,0.6638360843367768,0.4054496399651306
2010-05-28,19766.7109375,0.017257754430381578,5.952381188907317e-06,0.0,150.0,0.520488224271643,0.5867027326109714,0.4542737159323145
2010-05-31,19765.189453125,-7.697205568546472e-05,5.952381188907317e-06,0.0,150.0,0.4903814200977308,0.5505177467713046,0.4302450934241569
2010-06-01,19496.94921875,-0.013571346483227886,5.753968088399794e-06,0.0,150.0,0.5316016720665546,0.6856886082034623,0.3775147359296469
2010-06-02,19471.80078125,-0.0012898652613719808,5.753968088399794e-06,0.0,150.0,0.5076626506694842,0.6765898759168111,0.33873542542215745
2010-06-03,19786.7109375,0.016172626239748578,5.158729969509063e-06,0.0,150.0,0.4669878570206667,0.6034911806787233,0.3304845333626101
2010-06-04,19780.0703125,-0.0003356103508549424,4.761904655467893e-06,0.0,150.0,0.447039525460317,0.5649757109498411,0.3291033399707929
2010-06-07,19378.150390625,-0.020319438481520846,4.166666536577163e-06,0.0,150.0,0.5117046066134507,0.6132761510897818,0.4101330621371196
2010-06-08,19487.48046875,0.005641925360321931,4.365079341426725e-06,0.0,150.0,0.37436246330613365,0.5217220702480605,0.2270028563642068
2010-06-09,19621.240234375,0.006863881959471074,3.7698412225359962e-06,0.0,150.0,0.34266620921974833,0.44766416709742757,0.23766825134206915
2010-06-10,19632.69921875,0.000584009177713618,3.3730159084948255e-06,0.0,150.0,0.32175189671263704,0.42110336594962083,0.22240042747565325
2010-06-11,19872.380859375,0.01220828771196647,2.777777789604095e-06,0.0,150.0,0.3211077917323919,0.3918368845234621,0.25037869894132175
2010-06-14,20051.91015625,0.009034111118613408,2.182539670713361e-06,0.0,150.0,0.3270079474127653,0.37908260988673637,0.2749332849387942
2010-06-15,20062.150390625,0.0005106862286536895,3.1746031036452616e-06,0.0,150.0,0.3332658335242418,0.3807225932226656,0.2858090738258179
2010-06-17,20138.400390625,0.0038006892838182704,3.571428713344389e-06,0.0,150.0,0.32769464887234323,0.38174779810932746,0.27364149963535905
2010-06-18,20286.7109375,0.007364564414164887,3.7698412225359962e-06,0.0,150.0,0.2885349410382575,0.3577731875395722,0.21929669453694278
2010-06-21,20912.1796875,0.030831451777814767,4.166666536577163e-06,0.0,150.0,0.24292435461065418,0.35069932818242894,0.1351493810388794
2010-06-22,20819.080078125,-0.004451932355509003,4.96031746031746e-06,0.0,150.0,0.19257701041665723,0.1603084962642401,0.22484552456907436
2010-06-23,20856.609375,0.001802639537105799,4.761904655467893e-06,0.0,150.0,0.1504566618621324,0.12647988248893108,0.17443344123533375
2010-06-24,20733.490234375,-0.005903123485286099,4.96031746031746e-06,0.0,150.0,0.14176891810650782,0.12553670320163524,0.15800113301138044
2010-06-25,20690.7890625,-0.0020595264662292,4.96031746031746e-06,0.0,150.0,0.1678459400718273,0.09430907695809729,0.2413828031855573
2010-06-28,20726.6796875,0.0017346184764430728,5.357143070016588e-06,0.0,150.0,0.18829022113922916,0.12417156298170103,0.2524088792967573
2010-06-29,20248.900390625,-0.0230514150881167,6.3492062072905275e-06,0.0,150.0,0.38552654346227866,0.346479703772648,0.4245733831519094
2010-06-30,20128.990234375,-0.005921810761907675,6.746031816989654e-06,0.0,150.0,0.3545377691534469,0.27368695657664,0.43538858173025385
2010-07-02,19905.3203125,-0.011111830214564411,6.3492062072905275e-06,0.0,150.0,0.4176743933046324,0.38456357124108353,0.4507852153681813
2010-07-05,19842.19921875,-0.0031710664666050326,6.3492062072905275e-06,0.0,150.0,0.4747934940088028,0.48456196866838225,0.46502501934922336
2010-07-06,20084.119140625,0.012192192972561022,6.3492062072905275e-06,0.0,150.0,0.37107440074218956,0.26556215141323003,0.4765866500711491
2010-07-07,19857.0703125,-0.01130489350990449,6.150793698098924e-06,0.0,150.0,0.4444643725999228,0.4005705945164511,0.4883581506833945
2010-07-08,20050.560546875,0.009744148121044738,5.753968088399794e-06,0.0,150.0,0.4230928536054814,0.34382074756013103,0.5023649596508317
2010-07-09,20378.66015625,0.01636361280812859,5.753968088399794e-06,0.0,150.0,0.3383974209082977,0.16774264153034918,0.5090522002862463
2010-07-12,20467.4296875,0.004356004299074234,5.55555557920819e-06,0.0,150.0,0.3620678124581891,0.21327750467147236,0.5108581202449058
2010-07-13,20431.060546875,-0.0017769275957113528,5.753968088399794e-06,0.0,150.0,0.3389170846003335,0.16630288465227042,0.5115312845483966
2010-07-14,20560.810546875,0.006350624809823957,5.753968088399794e-06,0.0,150.0,0.38265403029928446,0.25030812784105955,0.5149999327575094
2010-07-15,20255.619140625,-0.01484335481591148,5.753968088399794e-06,0.0,150.0,0.4493344299591241,0.38144382170213453,0.5172250382161137
2010-07-16,20250.16015625,-0.0002695046908761656,5.753968088399794e-06,0.0,150.0,0.43792050853832276,0.35658843338249585,0.5192525836941497
2010-07-19,20090.94921875,-0.00786220633671686,5.753968088399794e-06,0.0,150.0,0.44484826361931684,0.3703547698426391,0.5193417573959946
2010-07-20,20264.58984375,0.008642728778486486,5.952381188907317e-06,0.0,150.0,0.3834469711163343,0.2508267440576876,0.5160671981749809
2010-07-21,20487.23046875,0.010986683012914167,5.952381188907317e-06,0.0,150.0,0.3133893395932463,0.11691364390868923,0.5098650352778034
2010-07-22,20589.69921875,0.005001591120688653,5.753968088399794e-06,0.0,150.0,0.31444687386045106,0.12179496178859932,0.5070987859323028
2010-07-23,20815.330078125,0.010958433971173687,5.753968088399794e-06,0.0,150.0,0.303462288220434,0.18412047718116548,0.42280409925970247
2010-07-26,20839.91015625,0.0011808642011799098,5.753968088399794e-06,0.0,150.0,0.2468338966332254,0.07548438698340773,0.41818340628304307
2010-07-27,20973.390625,0.006405040508774329,5.952381188907317e-06,0.0,150.0,0.2523260802840225,0.07576993084309101,0.42888222972495393
2010-07-28,21091.1796875,0.00561611923441685,5.753968088399794e-06,0.0,150.0,0.25732730130385034,0.08505515321156008,0.42959944939614064
2010-07-29,21093.8203125,0.000125200441090767,5.753968088399794e-06,0.0,150.0,0.20394858444805442,0.08287556844227216,0.32502160045383666
2010-07-30,21029.810546875,-0.003034526921947278,5.55555557920819e-06,0.0,150.0,0.23442398938537506,0.06631796871711694,0.4025300100536332
2010-08-02,21412.7890625,0.018211220437357234,5.55555557920819e-06,0.0,150.0,0.19960478767433215,0.13206842852146367,0.26714114682720064
2010-08-03,21457.66015625,0.002095527753018578,5.952381188907317e-06,0.0,150.0,0.13099278278323964,0.12024310166017653,0.14174246390630277
2010-08-04,21549.880859375,0.004297798662737273,5.753968088399794e-06,0.0,150.0,0.0972726674594622,0.1310059453410263,0.06353938957789809
2010-08-05,21551.720703125,8.537605205360954e-05,5.55555557920819e-06,0.0,150.0,0.09127358496654663,0.12243010437787473,0.060117065555218514
2010-08-06,21678.80078125,0.005896516564757315,5.55555557920819e-06,0.0,150.0,0.10126143351773889,0.14738913727553962,0.055133729759938147
2010-08-09,21801.58984375,0.005664015447118365,5.55555557920819e-06,0.0,150.0,0.11425305370534863,0.17745357641843906,0.05105253099225819
2010-08-10,21473.599609375,-0.015044326433332422,5.753968088399794e-06,0.0,150.0,0.07041100093439993,0.026117411442886797,0.11470459042591308
2010-08-11,21294.5390625,-0.008338636750814032,5.753968088399794e-06,0.0,150.0,0.10366989287057839,0.03149055286264677,0.17584923287851
2010-08-12,21105.7109375,-0.0088674436411037,5.952381188907317e-06,0.0,150.0,0.14111335215380327,0.05181933331138632,0.23040737099622025
2010-08-13,21071.5703125,-0.001617601278682379,5.753968088399794e-06,0.0,150.0,0.15046346939397684,0.05739669763072104,0.24353024115723265
2010-08-16,21112.119140625,0.001924338220818056,5.952381188907317e-06,0.0,150.0,0.13514281221182023,0.043551007954682815,0.22673461646895765
2010-08-17,21137.4296875,0.0011988633971991014,6.150793698098924e-06,0.0,150.0,0.12381532756177173,0.04810523458128365,0.1995254205422598
2010-08-18,21022.73046875,-0.005426356016116296,5.952381188907317e-06,0.0,150.0,0.12806890754633976,0.06346467932400891,0.19267313576867062
2010-08-19,21072.4609375,0.0023655570728038366,5.753968088399794e-06,0.0,150.0,0.13097573527563505,0.08538519227731932,0.17656627827395077
2010-08-20,20981.8203125,-0.0043013782428562575,5.753968088399794e-06,0.0,150.0,0.11645274571941154,0.07159059547522958,0.1613148959635935
2010-08-23,20889.009765625,-0.004423379167903141,5.952381188907317e-06,0.0,150.0,0.13356128855496735,0.11990107323888131,0.14722150387105337
2010-08-24,20658.7109375,-0.011024880102453727,6.150793698098924e-06,0.0,150.0,0.19810445377431135,0.258089553881122,0.13811935366750072
2010-08-25,20634.98046875,-0.0011486906817077536,5.952381188907317e-06,0.0,150.0,0.1635784883566715,0.1971010339719669,0.1300559427413761
2010-08-26,20612.060546875,-0.0011107314547600389,5.753968088399794e-06,0.0,150.0,0.16134418853448734,0.20009148656270445,0.1225968905062702
2010-08-27,20597.349609375,-0.0007137053312329389,5.55555557920819e-06,0.0,150.0,0.1645767792679011,0.21400135719023475,0.11515220134556747
2010-08-30,20737.220703125,0.006790732613789041,5.158729969509063e-06,0.0,150.0,0.1419037656980404,0.1765842205371459,0.10722331085893488
2010-08-31,20536.490234375,-0.009679718976022267,5.357143070016588e-06,0.0,150.0,0.14972582252031216,0.1927408788210267,0.10671076621959763
2010-09-01,20623.830078125,0.004252909954584494,5.158729969509063e-06,0.0,150.0,0.11268957588127482,0.1215930708222628,0.10378608094028685
2010-09-02,20868.919921875,0.011883818030965942,4.96031746031746e-06,0.0,150.0,0.08663759022869615,0.07329148945412975,0.09998369100326254
2010-09-03,20971.5,0.0049154473978059166,4.96031746031746e-06,0.0,150.0,0.07305421322651658,0.05225110168316053,0.09385732476987263
2010-09-06,21355.76953125,0.018323416601101483,4.96031746031746e-06,0.0,150.0,0.0743865406982237,0.06520074291692458,0.08357233847952283
2010-09-07,21401.7890625,0.0021548992267714784,4.761904655467893e-06,0.0,150.0,0.07189613485440108,0.07040748029349049,0.07338478941531168
2010-09-08,21088.859375,-0.014621660207291387,5.158729969509063e-06,0.0,150.0,0.04866719375489498,0.03629342119650169,0.06104096631328826
2010-09-09,21167.26953125,0.0037180842669448655,5.357143070016588e-06,0.0,150.0,0.04823398852502092,0.04900320087012666,0.04746477617991518
2010-09-10,21257.390625,0.0042575682053347386,5.357143070016588e-06,0.0,150.0,0.029785831149910645,0.0310507075323988,0.028520954767422488
2010-09-13,21658.349609375,0.01886209796151772,5.357143070016588e-06,0.0,150.0,0.03243479483571688,0.05696492870811227,0.007904660963321496
2010-09-14,21696.0390625,0.0017401812143933437,5.753968088399794e-06,0.0,150.0,0.03010536963475335,0.0602107392695067,0.0
2010-09-15,21725.640625,0.0013643763460569058,5.952381188907317e-06,0.0,150.0,0.031119783240745873,0.062239566481491745,0.0
2010-09-16,21691.44921875,-0.0015737812679574859,5.952381188907317e-06,0.0,150.0,0.024267089869544137,0.04853417973908827,0.0
2010-09-17,21970.859375,0.012881119810495667,5.753968088399794e-06,0.0,150.0,0.04996177836882125,0.0999235567376425,0.0
2010-09-20,21977.33984375,0.0002949574542985278,5.952381188907317e-06,0.0,150.0,0.05135561610662117,0.10271123221324234,0.0
2010-09-21,22002.58984375,0.0011489106588657982,6.150793698098924e-06,0.0,150.0,0.04447554671314429,0.08895109342628858,0.0
2010-09-22,22047.7109375,0.002050717396016699,6.150793698098924e-06,0.0,150.0,0.048558242067775974,0.09711648413555195,0.0
2010-09-24,22119.4296875,0.0032528887104563697,5.55555557920819e-06,0.0,150.0,0.05158290681122367,0.10316581362244734,0.0
2010-09-27,22340.83984375,0.010009758812864922,5.158729969509063e-06,0.0,150.0,0.07457435106860649,0.14914870213721299,0.0
2010-09-28,22109.94921875,-0.010334912501715698,5.952381188907317e-06,0.0,150.0,0.03592106198521241,0.07184212397042482,0.0
2010-09-29,22378.669921875,0.012153836287290831,6.150793698098924e-06,0.0,150.0,0.049491142438967024,0.09898228487793405,0.0
2010-09-30,22358.169921875,-0.0009160508677041879,6.150793698098924e-06,0.0,150.0,0.03606527944145295,0.0721305588829059,0.0
2010-10-04,22618.66015625,0.011650785161988475,5.753968088399794e-06,0.0,150.0,0.060420927831048445,0.12084185566209689,0.0
2010-10-05,22639.140625,0.0009054678132356386,4.563492146276289e-06,0.0,150.0,0.05543002397331565,0.1108600479466313,0.0
2010-10-06,22880.41015625,0.010657185943867997,4.563492146276289e-06,0.0,150.0,0.08580672483259677,0.17161344966519354,0.0
2010-10-07,22884.3203125,0.00017089537395964527,4.563492146276289e-06,0.0,150.0,0.08739265238165997,0.17478530476331994,0.0
2010-10-08,22944.1796875,0.0026157375085902324,4.563492146276289e-06,0.0,150.0,0.09480555354994012,0.18961110709988024,0.0
2010-10-11,23207.310546875,0.011468305381096444,4.563492146276289e-06,0.0,150.0,0.11890356722267305,0.2378071344453461,0.0
2010-10-12,23121.69921875,-0.003688981019669635,4.563492146276289e-06,0.0,150.0,0.10554775445511708,0.21109550891023415,0.0
2010-10-13,23457.689453125,0.014531381590784598,5.158729969509063e-06,0.0,150.0,0.11580976923447923,0.23161953846895847,0.0
2010-10-14,23852.169921875,0.016816680497807823,5.357143070016588e-06,0.0,150.0,0.13930872237516662,0.27861744475033323,0.0
2010-10-15,23757.630859375,-0.003963541380497149,5.357143070016588e-06,0.0,150.0,0.11226664256840103,0.22453328513680207,0.0
2010-10-18,23469.380859375,-0.012132943798402906,5.357143070016588e-06,0.0,150.0,0.06539258841449336,0.13078517682898672,0.0
2010-10-19,23763.73046875,0.012541856606218094,5.357143070016588e-06,0.0,150.0,0.06800602602942643,0.13601205205885286,0.0
2010-10-20,23556.5,-0.008720451909792315,5.357143070016588e-06,0.0,150.0,0.043650373814546596,0.08730074762909319,0.0
2010-10-21,23649.48046875,0.003947125793305473,4.761904655467893e-06,0.0,150.0,0.04666024553331645,0.0933204910666329,0.0
2010-10-22,23517.5390625,-0.0055790403693791735,4.761904655467893e-06,0.0,150.0,0.04006535923440123,0.08013071846880246,0.0
2010-10-25,23627.91015625,0.00469313959494988,4.563492146276289e-06,0.0,150.0,0.04782189901414251,0.09564379802828502,0.0
2010-10-26,23601.240234375,-0.0011287465416379705,5.158729969509063e-06,0.0,150.0,0.05468636901006064,0.10937273802012128,0.0
2010-10-27,23164.580078125,-0.01850157669316077,5.158729969509063e-06,0.0,150.0,0.09629999249421908,0.17514072681885018,0.017459258169587974
2010-10-28,23210.859375,0.0019978474342690067,4.96031746031746e-06,0.0,150.0,0.08070937693945242,0.16141875387890484,0.0
2010-10-29,23096.3203125,-0.004934718730120302,4.365079341426725e-06,0.0,150.0,0.06838561756445925,0.1367712351289185,0.0
2010-11-01,23652.939453125,0.0240999056600264,4.166666536577163e-06,0.0,150.0,0.07072370908786807,0.07030314824070946,0.07114426993502666
2010-11-02,23671.419921875,0.000781318059289271,4.96031746031746e-06,0.0,150.0,0.04304613037615407,0.062108407424611475,0.023983853327696664
2010-11-03,24144.669921875,0.019992463551485873,4.761904655467893e-06,0.0,150.0,0.10643233411571187,0.1091683571857402,0.10369631104568355
2010-11-04,24535.630859375,0.016192432481580088,4.563492146276289e-06,0.0,150.0,0.1554156023233544,0.15932352515353085,0.15150767949317798
2010-11-05,24876.8203125,0.013905876522210203,4.761904655467893e-06,0.0,150.0,0.16909407867682158,0.19281257811846755,0.14537557923517563
2010-11-08,24964.369140625,0.0035192933431693607,4.365079341426725e-06,0.0,150.0,0.17267499275917964,0.19897380327767436,0.1463761822406849
2010-11-09,24710.599609375,-0.010165269141010902,4.96031746031746e-06,0.0,150.0,0.16159118250013074,0.12468440574039895,0.19849795925986252
2010-11-10,24500.609375,-0.008497982149139438,4.96031746031746e-06,0.0,150.0,0.09003515864628422,0.08546872188764319,0.09460159540492526
2010-11-11,24700.30078125,0.008150466920784583,4.96031746031746e-06,0.0,150.0,0.08987565894388547,0.10335154911993497,0.07639976876783595
2010-11-12,24222.580078125,-0.019340683636032363,4.96031746031746e-06,0.0,150.0,0.1586065992870104,0.08677284737543017,0.23044035119859063
2010-11-15,24027.1796875,-0.008066869424923961,5.158729969509063e-06,0.0,150.0,0.1517515709994789,0.15327443400421778,0.15022870799474
2010-11-16,23693.01953125,-0.013907589679526322,5.357143070016588e-06,0.0,150.0,0.2210316751024608,0.2335902985634142,0.20847305164150737
2010-11-17,23214.4609375,-0.020198294823452256,5.357143070016588e-06,0.0,150.0,0.2785816111473552,0.38507532959013124,0.17208789270457914
2010-11-18,23637.390625,0.018218372101710623,5.357143070016588e-06,0.0,150.0,0.20701578177500884,0.2195389810132573,0.19449258253676036
2010-11-19,23605.7109375,-0.001340236238533632,5.158729969509063e-06,0.0,150.0,0.12385042477972744,0.14266124923966453,0.10503960031979034
2010-11-22,23524.01953125,-0.003460662822919902,4.96031746031746e-06,0.0,150.0,0.10425941758391216,0.12625068909381998,0.08226814607400433
2010-11-23,22896.140625,-0.026690970283199555,5.55555557920819e-06,0.0,150.0,0.2785726082887549,0.36658659048858716,0.19055862608892268
2010-11-24,23023.859375,0.005578178090876351,5.952381188907317e-06,0.0,150.0,0.2930766553257004,0.35701406906014915,0.22913924159125154
2010-11-25,23054.6796875,0.0013386249454538923,5.952381188907317e-06,0.0,150.0,0.29588832997001013,0.4017037564414877,0.19007290349853256
2010-11-26,22877.25,-0.007696037850233095,6.150793698098924e-06,0.0,150.0,0.2900785849278597,0.43590136410946445,0.14425580574625493
2010-11-29,23166.220703125,0.01263135661519632,6.150793698098924e-06,0.0,150.0,0.2484795854985471,0.27750086980983046,0.21945830118726375
2010-11-30,23007.990234375,-0.006830223659600065,6.3492062072905275e-06,0.0,150.0,0.2479075638388581,0.3024555096060272,0.193359618071689
2010-12-01,23249.80078125,0.010509850900133122,6.150793698098924e-06,0.0,150.0,0.15973067443386926,0.184709699444809,0.13475164942292953
2010-12-02,23448.779296875,0.008558289057920332,5.753968088399794e-06,0.0,150.0,0.10936739056678267,0.1613512144481643,0.05738356668540103
2010-12-03,23320.51953125,-0.005469784332956418,5.158729969509063e-06,0.0,150.0,0.16119858729672726,0.2587709851712122,0.06362618942224231
2010-12-06,23237.689453125,-0.003551811014073092,4.96031746031746e-06,0.0,150.0,0.20367597650488284,0.343594689922159,0.06375726308760668
2010-12-07,23428.150390625,0.008196208056063359,5.55555557920819e-06,0.0,150.0,0.1075047424245672,0.2150094848491344,0.0
2010-12-08,23092.51953125,-0.01432596486615123,5.357143070016588e-06,0.0,150.0,0.1620202675542867,0.3240405351085734,0.0
2010-12-09,23171.80078125,0.003433200517280577,5.357143070016588e-06,0.0,150.0,0.14678643516990875,0.2935728703398175,0.0
2010-12-10,23162.91015625,-0.00038368295515445183,4.563492146276289e-06,0.0,150.0,0.10095106135473737,0.20190212270947475,0.0
2010-12-13,23317.609375,0.006678747087755621,4.761904655467893e-06,0.0,150.0,0.10271030602156847,0.20542061204313694,0.0
2010-12-14,23431.189453125,0.004871000122627311,5.357143070016588e-06,0.0,150.0,0.05886349749555239,0.11772699499110478,0.0
2010-12-15,22975.349609375,-0.019454404765149702,5.357143070016588e-06,0.0,150.0,0.14246436594726566,0.28492873189453133,0.0
2010-12-16,22668.779296875,-0.013343444940437599,4.96031746031746e-06,0.0,150.0,0.20273971554184844,0.4054794310836969,0.0
2010-12-17,22714.849609375,0.0020323243654478684,4.166666536577163e-06,0.0,150.0,0.14645527421589388,0.29291054843178777,0.0
2010-12-20,22639.080078125,-0.003335682716504862,3.96825402738556e-06,0.0,150.0,0.12477556001901902,0.24955112003803803,0.0
2010-12-21,22993.859375,0.015671100400312055,5.158729969509063e-06,0.0,150.0,0.06130752540460912,0.10744880589277214,0.015166244916446095
2010-12-22,23045.189453125,0.0022323385251632466,5.158729969509063e-06,0.0,150.0,0.05486757004135053,0.10973514008270106,0.0
2010-12-23,22902.970703125,-0.006171298799225733,5.158729969509063e-06,0.0,150.0,0.10095151804235673,0.20190303608471347,0.0
2010-12-24,22833.80078125,-0.003020128819601675,5.158729969509063e-06,0.0,150.0,0.12087789914176056,0.24175579828352112,0.0
2010-12-28,22621.73046875,-0.00928756077587145,5.55555557920819e-06,0.0,150.0,0.1331852713513095,0.266370542702619,0.0
2010-12-29,22969.30078125,0.01536444406762505,4.96031746031746e-06,0.0,150.0,0.07188863883323576,0.10141623133766904,0.042361046328802485
2010-12-30,22999.33984375,0.0013077917689388041,4.365079341426725e-06,0.0,150.0,0.04846661616047944,0.09693323232095888,0.0
2010-12-31,23035.44921875,0.0015700178894400008,4.563492146276289e-06,0.0,150.0,0.0648943571073142,0.1297887142146284,0.0
2011-01-03,23436.05078125,0.017390655536855038,4.761904655467893e-06,0.0,80.0,0.024080201008230856,0.04816040201646171,0.0
2011-01-04,23668.48046875,0.009917613239085243,5.357143070016588e-06,0.0,80.0,0.03059609990096796,0.06119219980193592,0.0
2011-01-05,23757.8203125,0.0037746336892203747,5.357143070016588e-06,0.0,80.0,0.04132009239059327,0.08264018478118654,0.0
2011-01-06,23786.30078125,0.0011987829007620299,5.55555557920819e-06,0.0,80.0,0.036118189473155995,0.07223637894631199,0.0
2011-01-07,23686.630859375,-0.004190223725480169,5.357143070016588e-06,0.0,80.0,0.019077869948573835,0.03815573989714767,0.0
2011-01-10,23527.259765625,-0.0067283141573054595,5.357143070016588e-06,0.0,80.0,0.02849255251546667,0.05698510503093334,0.0
2011-01-11,23760.33984375,0.009906809396712957,5.753968088399794e-06,0.0,80.0,0.020759678038768704,0.04151935607753741,0.0
2011-01-12,24125.609375,0.015373076885770276,5.753968088399794e-06,0.0,80.0,0.038426965942631335,0.07685393188526267,0.0
2011-01-13,24238.98046875,0.004699201250745633,5.55555557920819e-06,0.0,80.0,0.04874220541032307,0.09748441082064614,0.0
2011-01-14,24283.23046875,0.0018255718328190618,5.753968088399794e-06,0.0,80.0,0.047846429452256464,0.09569285890451293,0.0
2011-01-17,24156.970703125,-0.005199463299888518,5.753968088399794e-06,0.0,80.0,0.0413430885187236,0.0826861770374472,0.0
2011-01-18,24153.98046875,-0.00012378349966757352,5.753968088399794e-06,0.0,80.0,0.06271530403616767,0.12543060807233533,0.0
2011-01-19,24419.619140625,0.010997718252636624,6.150793698098924e-06,0.0,80.0,0.05355814117426678,0.10711628234853356,0.0
2011-01-20,24003.69921875,-0.01703220347049017,6.150793698098924e-06,0.0,80.0,0.05369356327490929,0.10738712654981858,0.0
2011-01-21,23876.859375,-0.005284179017329249,5.952381188907317e-06,0.0,80.0,0.09911048706463954,0.19822097412927908,0.0
2011-01-24,23801.779296875,-0.0031444704240966015,5.952381188907317e-06,0.0,80.0,0.1266211339557425,0.253242267911485,0.0
2011-01-25,23788.830078125,-0.0005440441484851899,5.952381188907317e-06,0.0,80.0,0.15744186000570798,0.31488372001141596,0.0
2011-01-26,23843.240234375,0.002287214464574916,6.150793698098924e-06,0.0,80.0,0.13508743019881123,0.27017486039762245,0.0
2011-01-27,23779.619140625,-0.002668307374526946,5.55555557920819e-06,0.0,80.0,0.16141603493027842,0.32283206986055685,0.0
2011-01-28,23617.01953125,-0.00683777180843137,5.357143070016588e-06,0.0,80.0,0.1881007519189892,0.3762015038379784,0.0
2011-01-31,23447.33984375,-0.0071846359476258614,5.753968088399794e-06,0.0,80.0,0.18069783614583257,0.36139567229166514,0.0
2011-02-01,23482.94921875,0.0015186957342410157,5.952381188907317e-06,0.0,80.0,0.1690452659580049,0.3380905319160098,0.0
2011-02-02,23908.9609375,0.01814132095511445,5.952381188907317e-06,0.0,80.0,0.08180964274170976,0.16361928548341953,0.0
2011-02-07,23553.58984375,-0.014863510575761518,5.55555557920819e-06,0.0,80.0,0.15906980965546608,0.31813961931093215,0.0
2011-02-08,23484.30078125,-0.002941762294395467,5.753968088399794e-06,0.0,80.0,0.1655566540839892,0.3311133081679784,0.0
2011-02-09,23164.029296875,-0.013637684483700174,5.158729969509063e-06,0.0,80.0,0.224122517932378,0.448245035864756,0.0
2011-02-10,22708.619140625,-0.019660230541645785,4.365079341426725e-06,0.0,80.0,0.2770137946682311,0.5484688233889211,0.005558765947541071
2011-02-11,22828.919921875,0.005297582407147949,4.365079341426725e-06,0.0,80.0,0.25372291767669364,0.4844915401926539,0.02295429516073335
2011-02-14,23121.060546875,0.01279695342573195,4.365079341426725e-06,0.0,80.0,0.23493482541684366,0.3598783771316283,0.10999127370205901
2011-02-15,22899.779296875,-0.009570549307259535,4.96031746031746e-06,0.0,80.0,0.288392630942005,0.45777733057149655,0.1190079313125135
2011-02-16,23156.970703125,0.011231174017694467,4.365079341426725e-06,0.0,80.0,0.23708891820493905,0.3097518272388491,0.164426009171029
2011-02-17,23301.83984375,0.006255962512637714,3.571428713344389e-06,0.0,80.0,0.1831581327486108,0.18864622767833136,0.17767003781889024
2011-02-18,23595.240234375,0.012591297193371487,3.571428713344389e-06,0.0,80.0,0.10966789307715491,0.09548346942885737,0.12385231672545244
2011-02-21,23485.419921875,-0.004654341782882376,3.571428713344389e-06,0.0,80.0,0.09446204377423037,0.12343932413087988,0.06548476341758085
2011-02-22,22990.810546875,-0.021060273848427458,3.96825402738556e-06,0.0,80.0,0.25750815802146576,0.32925463389514725,0.1857616821477842
2011-02-23,22906.900390625,-0.0036497258797778542,4.563492146276289e-06,0.0,80.0,0.25560677397273873,0.3668783187804864,0.14433522916499109
2011-02-24,22601.0390625,-0.013352366444574826,4.761904655467893e-06,0.0,80.0,0.2904662873320989,0.4982814509846908,0.082651123679507
2011-02-25,23012.369140625,0.018199609185556742,4.96031746031746e-06,0.0,80.0,0.25176091979950405,0.33034940479057545,0.17317243480843264
2011-02-28,23338.01953125,0.014151102332619514,5.357143070016588e-06,0.0,80.0,0.1754378204834646,0.16793809500898557,0.18293754595794362
2011-03-01,23396.419921875,0.002502371315046714,5.158729969509063e-06,0.0,80.0,0.13954097124423614,0.13247995481220468,0.14660198767626761
2011-03-02,23048.66015625,-0.014863802529884285,4.761904655467893e-06,0.0,80.0,0.20043044620915507,0.21271653276114394,0.1881443596571662
2011-03-03,23122.419921875,0.0032001758507858025,4.96031746031746e-06,0.0,80.0,0.20996082117301715,0.24098960931698885,0.17893203302904545
2011-03-04,23408.859375,0.012387953081589576,4.365079341426725e-06,0.0,80.0,0.1975993321046753,0.2178107560995398,0.17738790810981084
2011-03-07,23313.189453125,-0.0040869108717519476,3.96825402738556e-06,0.0,80.0,0.22032961116149724,0.26447665921282504,0.17618256311016947
2011-03-08,23711.69921875,0.017093747143704707,4.166666536577163e-06,0.0,80.0,0.10872930955376486,0.11548603539743739,0.10197258371009235
2011-03-09,23810.109375,0.004150278533062046,3.7698412225359962e-06,0.0,80.0,0.11818169592161612,0.15631442800144124,0.08004896384179098
2011-03-10,23614.890625,-0.00819898585619161,2.5793649847545313e-06,0.0,80.0,0.13260785229757927,0.23380103510171513,0.031414669493443396
2011-03-11,23249.779296875,-0.01546106369590694,2.777777789604095e-06,0.0,80.0,0.20360053404640746,0.34504842757691573,0.06215264051589921
2011-03-14,23345.880859375,0.004133439774755887,2.9761905944536585e-06,0.0,80.0,0.10559385733659389,0.20527814335971953,0.005909571313468252
2011-03-15,22678.25,-0.028597372846906333,3.7698412225359962e-06,0.0,80.0,0.3448000400834761,0.4600318237750514,0.22956825639190082
2011-03-16,22700.880859375,0.000997910305027938,3.3730159084948255e-06,0.0,80.0,0.30395233138890865,0.41985884641924703,0.1880458163585702
2011-03-17,22284.4296875,-0.01834515473010878,2.777777789604095e-06,0.0,80.0,0.38369635289387827,0.5192769777741942,0.24811572801356233
2011-03-18,22300.23046875,0.000709050286302082,2.5793649847545313e-06,0.0,80.0,0.3571927769012668,0.5356673233897512,0.17871823041278234
2011-03-21,22685.220703125,0.017263957648980366,2.777777789604095e-06,0.0,80.0,0.3220821010638852,0.3469124775980419,0.2972517245297285
2011-03-22,22857.900390625,0.0076119906330121,3.571428713344389e-06,0.0,80.0,0.2253351006323001,0.2308882706220003,0.21978193064259993
2011-03-23,22825.400390625,-0.0014218278776527704,3.3730159084948255e-06,0.0,80.0,0.20828016017317852,0.21291152980489614,0.20364879054146087
2011-03-24,22915.279296875,0.003937670521079406,3.1746031036452616e-06,0.0,80.0,0.2042040926320479,0.19533991784573715,0.21306826741835863
2011-03-25,23158.669921875,0.01062132483077316,3.1746031036452616e-06,0.0,80.0,0.15663604404583414,0.11194076106689274,0.20133132702477555
2011-03-28,23068.189453125,-0.003906980368701296,3.1746031036452616e-06,0.0,80.0,0.16385656330921544,0.1301083025170608,0.1976048241013701
2011-03-29,23060.359375,-0.0003394318457853318,3.7698412225359962e-06,0.0,80.0,0.061570363060265004,0.12314072612053001,0.0
2011-03-30,23451.4296875,0.01695855238595989,3.7698412225359962e-06,0.0,80.0,0.030664675352322368,0.061329350704644736,0.0
2011-03-31,23527.51953125,0.0032445716429201354,3.571428713344389e-06,0.0,80.0,0.02577892471830021,0.05155784943660042,0.0
2011-04-01,23801.900390625,0.011662124390569906,2.182539670713361e-06,0.0,80.0,0.03375885984765129,0.06751771969530258,0.0
2011-04-04,24150.580078125,0.01464923732045098,1.3888888948020476e-06,0.0,80.0,0.0570786199147126,0.1141572398294252,0.0
2011-04-06,24285.05078125,0.0055680113144280785,1.984127013692778e-06,0.0,80.0,0.06551624918625651,0.13103249837251302,0.0
2011-04-07,24281.80078125,-0.00013382718567378493,1.3888888948020476e-06,0.0,80.0,0.052680402274357,0.105360804548714,0.0
2011-04-08,24396.0703125,0.004705974333593765,1.3888888948020476e-06,0.0,80.0,0.05540004762629302,0.11080009525258604,0.0
2011-04-11,24303.0703125,-0.003812089357372761,1.3888888948020476e-06,0.0,80.0,0.029389027999026082,0.058778055998052164,0.0
2011-04-12,23976.369140625,-0.013442794168560868,1.7857143566721944e-06,0.0,80.0,0.0053192516115539755,0.010638503223107951,0.0
2011-04-13,24135.029296875,0.0066173554185553485,1.984127013692778e-06,0.0,80.0,0.008790277819009496,0.017580555638018993,0.0
2011-04-14,24014.0,-0.005014673708752082,2.5793649847545313e-06,0.0,80.0,0.012027740807521272,0.024055481615042545,0.0
2011-04-15,24008.0703125,-0.00024692627217459684,2.3809523277339444e-06,0.0,80.0,0.0065890859707735915,0.013178171941547183,0.0
2011-04-18,23830.310546875,-0.007404167153427954,2.182539670713361e-06,0.0,80.0,0.029481578630244382,0.058963157260488765,0.0
2011-04-19,23520.619140625,-0.012995693263871955,2.182539670713361e-06,0.0,80.0,0.08979438283917984,0.17958876567835969,0.0
2011-04-20,23896.099609375,0.015963885410714695,2.182539670713361e-06,0.0,80.0,0.01298669639675211,0.02597339279350422,0.0
2011-04-21,24138.310546875,0.010136003007159111,1.7857143566721944e-06,0.0,80.0,0.0035213133843527843,0.0070426267687055686,0.0
2011-04-26,24007.380859375,-0.005424144628752847,2.182539670713361e-06,0.0,80.0,0.00981790376814546,0.01963580753629092,0.0
2011-04-27,23892.83984375,-0.004771075041293815,1.984127013692778e-06,0.0,80.0,0.020352021551376238,0.040704043102752475,0.0
2011-04-28,23805.630859375,-0.003650004978282717,1.3888888948020476e-06,0.0,80.0,0.057718823952696736,0.11543764790539347,0.0
2011-04-29,23720.810546875,-0.0035630356952542908,1.5873015518226308e-06,0.0,80.0,0.06696867868814348,0.13393735737628695,0.0
2011-05-03,23633.25,-0.0036912965812011533,9.92063506846389e-07,0.0,80.0,0.11466391530716513,0.22932783061433026,0.0
2011-05-04,23315.240234375,-0.01345603188833533,7.936507759113135e-07,0.0,80.0,0.17809054385969608,0.35618108771939216,0.0
2011-05-05,23261.609375,-0.002300249057521131,3.9682538795565474e-07,0.0,80.0,0.1714819387573769,0.3429638775147538,0.0
2011-05-06,23159.140625,-0.004405058495657088,1.9841269397782539e-07,0.0,80.0,0.15275611186178192,0.30551222372356385,0.0
2011-05-09,23336.0,0.007636698522788921,1.9841269397782539e-07,0.0,80.0,0.10274634880059895,0.2054926976011979,0.0
2011-05-11,23291.80078125,-0.0018940357709118505,7.936507759113135e-07,0.0,80.0,0.13086911789625716,0.2617382357925143,0.0
2011-05-12,23073.759765625,-0.009361277716256389,7.936507759113135e-07,0.0,80.0,0.15020327082598833,0.30040654165197667,0.0
2011-05-13,23276.26953125,0.008776626249125563,7.936507759113135e-07,0.0,80.0,0.07596234199412812,0.15192468398825623,0.0
2011-05-16,22960.630859375,-0.013560535181603495,7.936507759113135e-07,0.0,80.0,0.1582066964233646,0.3164133928467292,0.0
2011-05-17,22901.080078125,-0.002593603878513817,1.3888888948020476e-06,0.0,80.0,0.14757352090680317,0.29514704181360635,0.0
2011-05-18,23011.140625,0.004805910747420539,1.5873015518226308e-06,0.0,80.0,0.11011343750516583,0.22022687501033167,0.0
2011-05-19,23163.380859375,0.006615936030984981,1.5873015518226308e-06,0.0,80.0,0.07387883410710336,0.14775766821420672,0.0
2011-05-20,23199.390625,0.0015545988663578925,1.5873015518226308e-06,0.0,80.0,0.06580190368978053,0.13160380737956107,0.0
2011-05-23,22711.01953125,-0.021051031108710427,1.7857143566721944e-06,0.0,80.0,0.19153810131052532,0.38307620262105063,0.0
2011-05-24,22730.779296875,0.0008700518969573245,1.984127013692778e-06,0.0,80.0,0.15474799459966654,0.3094959891993331,0.0
2011-05-25,22747.279296875,0.0007258880034204385,1.7857143566721944e-06,0.0,80.0,0.12319290290405198,0.24638580580810396,0.0
2011-05-26,22900.7890625,0.006748489066386476,1.7857143566721944e-06,0.0,80.0,0.08686151226222932,0.17372302452445865,0.0
2011-05-27,23118.0703125,0.009487937267445457,1.3888888948020476e-06,0.0,80.0,0.060026248410544956,0.12005249682108991,0.0
2011-05-30,23184.3203125,0.0028657236137992204,1.3888888948020476e-06,0.0,80.0,0.049627588838112614,0.09925517767622523,0.0
2011-05-31,23684.130859375,0.02155812808562363,1.5873015518226308e-06,0.0,80.0,0.046287047791298656,0.09257409558259731,0.0
2011-06-01,23626.4296875,-0.002436279896340765,1.5873015518226308e-06,0.0,80.0,0.026401772613408463,0.04937754161209739,0.0034260036147195343
2011-06-02,23253.83984375,-0.015770044339248,1.3888888948020476e-06,0.0,80.0,0.07908524739049777,0.08733118159312801,0.07083931318786753
2011-06-03,22949.560546875,-0.013085120518570248,1.1904761638669722e-06,0.0,80.0,0.18217045151404287,0.217851586408586,0.1464893166194997
2011-06-07,22868.669921875,-0.003524713461714346,1.5873015518226308e-06,0.0,80.0,0.11075193393244814,0.21292571129105348,0.008578156573842824
2011-06-08,22661.630859375,-0.009053393275922805,1.3888888948020476e-06,0.0,80.0,0.16900523058863584,0.299555886386365,0.038454574790906686
2011-06-09,22609.830078125,-0.00228583642419411,1.5873015518226308e-06,0.0,80.0,0.15297974679996357,0.2667246049845415,0.039234888615385655
2011-06-10,22420.369140625,-0.008379582546412134,1.3888888948020476e-06,0.0,80.0,0.18741652979637974,0.34065629122242463,0.03417676837033485
2011-06-13,22508.080078125,0.0039121094282552615,1.5873015518226308e-06,0.0,80.0,0.12894210861724753,0.25788421723449506,0.0
2011-06-14,22496.0,-0.0005366996244491329,1.984127013692778e-06,0.0,80.0,0.1231710893454959,0.2463421786909918,0.0
2011-06-15,22343.76953125,-0.006767001633623759,1.7857143566721944e-06,0.0,80.0,0.16148094386785822,0.32296188773571644,0.0
2011-06-16,21953.109375,-0.017484075625808004,1.3888888948020476e-06,0.0,80.0,0.23092003494471472,0.46184006988942944,0.0
2011-06-17,21695.259765625,-0.011745470993217766,9.92063506846389e-07,0.0,80.0,0.27019722512933414,0.5403944502586683,0.0
2011-06-20,21599.509765625,-0.004413406478391724,5.952380819334841e-07,0.0,80.0,0.28007135369850744,0.5601427073970149,0.0
2011-06-21,21850.58984375,0.011624341517444403,7.936507759113135e-07,0.0,80.0,0.22112879491741552,0.44225758983483104,0.0
2011-06-22,21859.970703125,0.00042931835900450466,3.9682538795565474e-07,0.0,80.0,0.2339131298298703,0.4678262596597406,0.0
2011-06-23,21759.140625,-0.004612544064873103,1.9841269397782539e-07,0.0,80.0,0.24781903994555207,0.4790941572843021,0.016543922606802042
2011-06-24,22171.94921875,0.018971732425668852,3.9682538795565474e-07,0.0,80.0,0.148115277319078,0.25756900673356115,0.03866154790459486
2011-06-27,22041.76953125,-0.005871368647638375,5.952380819334841e-07,0.0,80.0,0.16706997562941553,0.2734557712885127,0.060684179970318386
2011-06-28,22061.779296875,0.0009078112170908259,9.92063506846389e-07,0.0,80.0,0.17229858651138277,0.26563426432700893,0.07896290869575662
2011-06-29,22061.1796875,-2.7178649869119553e-05,7.936507759113135e-07,0.0,80.0,0.3222545395948357,0.545907563152065,0.09860151603760636
2011-06-30,22398.099609375,0.015272071876822668,5.952380819334841e-07,0.0,80.0,0.2170839898555443,0.318480955207272,0.11568702450381663
2011-07-04,22770.470703125,0.016625119998758375,5.952380819334841e-07,0.0,80.0,0.1617804545040551,0.19344511709142284,0.13011579191668732
2011-07-05,22747.94921875,-0.0009890653851046816,3.9682538795565474e-07,0.0,80.0,0.1394759586304326,0.13599840478041703,0.14295351248044819
2011-07-06,22517.55078125,-0.010128316855485764,1.9841269397782539e-07,0.0,80.0,0.20448141510794274,0.2552321150925086,0.15373071512337688
2011-07-07,22530.1796875,0.0005608472418996424,7.936507759113135e-07,0.0,80.0,0.2485193564548416,0.32933706637017895,0.16770164653950426
2011-07-08,22726.4296875,0.00871053860741644,7.936507759113135e-07,0.0,80.0,0.2471937123630788,0.31190582358118946,0.18248160114496814
2011-07-11,22347.23046875,-0.016685384548483118,5.952380819334841e-07,0.0,80.0,0.3238494159738825,0.44893506195591065,0.1987637699918543
2011-07-12,21663.16015625,-0.030610966019104402,1.1904761638669722e-06,0.0,80.0,0.4364322200329679,0.6115747327247028,0.2612897073412331
2011-07-13,21926.880859375,0.012173694937527957,1.9841269397782539e-07,0.0,80.0,0.42832477173807315,0.5511199856055288,0.3055295578706176
2011-07-14,21940.19921875,0.0006073987203385478,1.9841269397782539e-07,0.0,80.0,0.5039924716474042,0.7022093542833445,0.30577558901146407
2011-07-15,21875.380859375,-0.002954319545084516,1.9841269397782539e-07,0.0,80.0,0.4878150637006614,0.7092367132939474,0.2663934141073754
2011-07-18,21804.75,-0.0032287830702947273,1.9841269397782539e-07,0.0,80.0,0.4976389203645232,0.7158544901762898,0.2794233505527566
2011-07-19,21902.400390625,0.004478399918595777,9.92063506846389e-07,0.0,80.0,0.46748774870386495,0.6441414094688961,0.2908340879388338
2011-07-20,22003.689453125,0.004624564462959668,7.936507759113135e-07,0.0,80.0,0.4178211834085872,0.534495531427849,0.3011468353893254
2011-07-21,21987.2890625,-0.0007453473045935244,1.3888888948020476e-06,0.0,80.0,0.44020480628680164,0.5677919932770298,0.3126176192965735
2011-07-22,22444.80078125,0.02080800945716854,1.1904761638669722e-06,0.0,80.0,0.2978731478176059,0.2751721976381078,0.3205740979971039
2011-07-25,22293.2890625,-0.006750414950288608,1.3888888948020476e-06,0.0,80.0,0.3415723839462198,0.3561295664412622,0.32701520145117735
2011-07-26,22572.080078125,0.012505602688028583,2.5793649847545313e-06,0.0,80.0,0.27402832593631454,0.21471820346814363,0.33333844840448545
2011-07-27,22541.689453125,-0.0013463812326915958,2.777777789604095e-06,0.0,80.0,0.29448336072460424,0.2525277959565338,0.33643892549267473
2011-07-28,22570.740234375,0.0012887579393909832,2.5793649847545313e-06,0.0,80.0,0.2614263368988087,0.20636916762398794,0.31648350617362947
2011-07-29,22440.25,-0.005781389224278288,3.571428713344389e-06,0.0,80.0,0.2973089466294012,0.25169928026019855,0.34291861299860393
2011-08-01,22663.369140625,0.009942809934158525,2.9761905944536585e-06,0.0,80.0,0.25079846733306366,0.15528026127564187,0.34631667339048544
2011-08-02,22421.4609375,-0.01067397356606481,1.984127013692778e-06,0.0,80.0,0.33989554454670895,0.3278559088002454,0.3519351802931725
2011-08-03,21992.720703125,-0.01912186880106148,3.9682538795565474e-07,0.0,80.0,0.4694254820782015,0.5835474329016604,0.35530353125474257
2011-08-04,21884.740234375,-0.004909827674693168,3.9682538795565474e-07,0.0,80.0,0.4932918648281489,0.6278476110706326,0.35873611858566523
2011-08-05,20946.140625,-0.04288831392664716,3.9682538795565474e-07,0.0,80.0,0.56051016248722,0.7518789892298418,0.3691413357445983
2011-08-08,20490.5703125,-0.021749606319183212,5.952380819334841e-07,0.0,80.0,0.5597850382767937,0.7237517514318305,0.39581832512175685
2011-08-09,19330.69921875,-0.056605115234027226,1.1904761638669722e-06,0.0,80.0,0.7021596589318708,0.7155214576090942,0.6887978602546473
2011-08-10,19783.669921875,0.023432711771007142,5.952380819334841e-07,0.0,80.0,0.8507207045349363,0.8004535324069971,0.9009878766628754
2011-08-11,19595.140625,-0.009529541162964006,3.9682538795565474e-07,0.0,80.0,0.8212267147934089,0.7734133508340426,0.8690400787527751
2011-08-12,19620.009765625,0.0012691483618785249,1.9841269397782539e-07,1.0,80.0,0.8676244960817746,0.8406545775209183,0.8945944146426309
2011-08-15,20260.099609375,0.03262433869281045,1.9841269397782539e-07,1.0,80.0,0.9281615965504877,0.8563231931009755,1.0
2011-08-16,20212.080078125,-0.002370152771992262,7.936507759113135e-07,1.0,80.0,0.9333858263819375,0.866771652763875,1.0
2011-08-17,20289.029296875,0.003807090534599711,1.9841269397782539e-07,1.0,80.0,0.9530083483117822,0.9060166966235644,1.0
2011-08-18,20016.26953125,-0.013443707021854046,3.9682538795565474e-07,1.0,80.0,0.9487979650126592,0.8975959300253183,1.0
2011-08-19,19399.919921875,-0.03079243154738387,3.9682538795565474e-07,1.0,80.0,0.9292756510557394,0.8585513021114787,1.0
2011-08-22,19486.869140625,0.004481936992531521,1.9841269397782539e-07,1.0,80.0,0.958867465468849,0.9177349309376981,1.0
2011-08-23,19875.529296875,0.019944720388137993,1.9841269397782539e-07,1.0,80.0,0.7657330671988971,0.9040140324972312,0.627452101900563
2011-08-24,19466.7890625,-0.02056499871121753,3.9682538795565474e-07,1.0,80.0,0.7906899764254084,0.9348976999751526,0.6464822528756642
2011-08-25,19752.48046875,0.014675836129562025,3.9682538795565474e-07,1.0,80.0,0.7913444779909383,0.9216608094275756,0.6610281465543011
2011-08-26,19582.880859375,-0.008586243618532885,3.9682538795565474e-07,1.0,80.0,0.8071770660394065,0.9421018741275995,0.6722522579512136
2011-08-29,19865.109375,0.014412001873048697,1.9841269397782539e-07,1.0,80.0,0.7930525680045055,0.9075150420933368,0.6785900939156742
2011-08-30,20204.169921875,0.01706814397416334,5.952380819334841e-07,1.0,80.0,0.6399182827947703,0.5978467000758791,0.6819898655136614
2011-08-31,20534.849609375,0.016366902910570635,5.952380819334841e-07,1.0,80.0,0.5636240165341946,0.44138013354814654,0.6858678995202427
2011-09-01,20585.330078125,0.0024582828562305092,3.9682538795565474e-07,1.0,80.0,0.5676042710118698,0.44621485592059873,0.6889936861031409
2011-09-02,20212.91015625,-0.018091520537275807,5.952380819334841e-07,1.0,80.0,0.6308569371372437,0.5666125742989094,0.6951012999755779
2011-09-05,19616.400390625,-0.029511325237873032,5.952380819334841e-07,1.0,80.0,0.7208536819786722,0.7312567815694438,0.7104505823879004
2011-09-06,19710.5,0.0047969865776176235,5.952380819334841e-07,1.0,80.0,0.6917244751611761,0.6588345195296139,0.7246144307927382
2011-09-07,20048.0,0.01712285330153973,5.952380819334841e-07,1.0,80.0,0.6322354808644047,0.5269246087151311,0.7375463530136783
2011-09-08,19912.8203125,-0.006742801651037467,3.9682538795565474e-07,1.0,80.0,0.6918073074718447,0.6330382015472407,0.7505764133964488
2011-09-09,19866.630859375,-0.002319583685290727,1.9841269397782539e-07,1.0,80.0,0.7431375364655424,0.7187346659378547,0.7675404069932301
2011-09-12,19030.5390625,-0.04208523341442416,1.9841269397782539e-07,1.0,80.0,0.8332638104034227,0.8713203828701328,0.7952072379367126
2011-09-14,19045.439453125,0.0007829725987300584,1.9841269397782539e-07,1.0,80.0,0.8134343659113874,0.8026474722501818,0.8242212595725928
2011-09-15,19181.5,0.007143996189212354,1.9841269397782539e-07,1.0,80.0,0.7840255863768361,0.7184050741033847,0.8496460986502874
2011-09-16,19455.310546875,0.014274720270833985,1.9841269397782539e-07,1.0,80.0,0.7491261489981318,0.625166443396637,0.8730858545996267
2011-09-19,18917.94921875,-0.027620290451303764,1.9841269397782539e-07,1.0,80.0,0.8200407000612437,0.7365662846614763,0.903515115461011
2011-09-20,19014.80078125,0.005119559280982067,1.9841269397782539e-07,1.0,80.0,0.8036519903871814,0.6786429064674226,0.9286610743069401
2011-09-21,18824.169921875,-0.010025393458919396,1.9841269397782539e-07,1.0,80.0,0.86058881701628,0.7725371498435083,0.9486404841890517
2011-09-22,17911.94921875,-0.04846007589768597,1.9841269397782539e-07,1.0,80.0,0.8997149923952199,0.8209339809022079,0.9784960038882318
2011-09-23,17668.830078125,-0.013573014173717368,1.9841269397782539e-07,1.0,80.0,0.927123355747626,0.8542467114952521,1.0
2011-09-26,17407.80078125,-0.014773434105191163,1.9841269397782539e-07,1.0,80.0,0.9220916345159973,0.8441832690319946,1.0
2011-09-27,18130.55078125,0.04151874260753696,3.9682538795565474e-07,1.0,80.0,0.9697411866593759,0.9394823733187517,1.0
2011-09-28,18011.060546875,-0.006590546300367928,3.9682538795565474e-07,1.0,80.0,0.9658336573119365,0.931667314623873,1.0
2011-09-30,17592.41015625,-0.02324407213753099,3.9682538795565474e-07,1.0,80.0,0.9452546900843029,0.8905093801686056,1.0
2011-10-03,16822.150390625,-0.04378364071686636,7.936507759113135e-07,1.0,80.0,0.9076697480986291,0.8153394961972581,1.0
2011-10-04,16250.26953125,-0.033995704835317,1.9841269397782539e-07,1.0,80.0,0.8865264715131871,0.7730529430263742,1.0
2011-10-06,17172.279296875,0.05673812141096701,1.9841269397782539e-07,1.0,80.0,0.951124183852452,0.9022483677049039,1.0
2011-10-07,17707.009765625,0.031139166764385884,1.9841269397782539e-07,1.0,80.0,0.9734260591733965,0.9468521183467931,1.0
2011-10-10,17711.060546875,0.00022876709865848888,1.9841269397782539e-07,1.0,80.0,0.967078868506426,0.934157737012852,1.0
2011-10-11,18141.58984375,0.024308498959480174,1.9841269397782539e-07,1.0,80.0,0.913461507452702,0.8269230149054041,1.0
2011-10-12,18329.4609375,0.010355823021471533,5.952380819334841e-07,1.0,80.0,0.8522432476116879,0.7044864952233759,1.0
2011-10-13,18757.810546875,0.023369460282306687,5.952380819334841e-07,1.0,80.0,0.7643360199234013,0.5286720398468026,1.0
2011-10-14,18501.7890625,-0.013648793591086394,5.952380819334841e-07,1.0,80.0,0.8186532593652776,0.6373065187305552,1.0
2011-10-17,18873.990234375,0.020117036823719348,7.936507759113135e-07,1.0,80.0,0.7489034092167297,0.49780681843345953,1.0
2011-10-18,18076.4609375,-0.04225546834407423,9.92063506846389e-07,1.0,80.0,0.8939491186047299,0.7878982372094597,1.0
2011-10-19,18309.220703125,0.012876401328212106,7.936507759113135e-07,1.0,80.0,0.8531111866588394,0.706222373317679,1.0
2011-10-20,17983.099609375,-0.017811850052926514,5.952380819334841e-07,1.0,80.0,0.9110616727109015,0.8221233454218032,1.0
2011-10-21,18025.720703125,0.0023700638196866297,5.952380819334841e-07,1.0,80.0,0.8787208277951801,0.7574416555903601,1.0
2011-10-24,18771.8203125,0.041390833779292535,1.9841269397782539e-07,1.0,80.0,0.7545954774960708,0.5091909549921415,1.0
2011-10-25,18968.19921875,0.01046136725052893,5.952380819334841e-07,1.0,80.0,0.717074516870382,0.434149033740764,1.0
2011-10-26,19066.5390625,0.0051844586096918555,5.952380819334841e-07,1.0,80.0,0.7018327984461937,0.4036655968923874,1.0
2011-10-27,19688.69921875,0.032630995809494356,3.9682538795565474e-07,1.0,80.0,0.6790859548886663,0.3581719097773326,1.0
2011-10-28,20019.240234375,0.01678836229618552,3.9682538795565474e-07,1.0,80.0,0.675042749846032,0.350085499692064,1.0
2011-10-31,19864.869140625,-0.0077111364838376995,1.9841269397782539e-07,1.0,80.0,0.6678851828995316,0.3357703657990631,1.0
2011-11-01,19369.9609375,-0.024913740917269833,1.9841269397782539e-07,1.0,80.0,0.7026433904360366,0.4052867808720732,1.0
2011-11-02,19733.7109375,0.018779077623010787,1.9841269397782539e-07,1.0,80.0,0.6715030384201319,0.34300607684026385,1.0
2011-11-03,19242.5,-0.024891969840632022,1.9841269397782539e-07,1.0,80.0,0.7217972646278388,0.44359452925567744,1.0
2011-11-04,19842.7890625,0.031196001688969632,1.9841269397782539e-07,1.0,80.0,0.6775641369568972,0.3551282739137945,1.0
2011-11-07,19677.890625,-0.008310244944932377,1.9841269397782539e-07,1.0,80.0,0.7059173041873563,0.4118346083747126,1.0
2011-11-08,19678.470703125,2.9478674114846726e-05,1.9841269397782539e-07,1.0,80.0,0.7163240252260118,0.43264805045202365,1.0
2011-11-09,20014.4296875,0.017072413270490916,1.9841269397782539e-07,1.0,80.0,0.6999554765133796,0.39991095302675933,1.0
2011-11-10,18963.890625,-0.05248908307170563,1.9841269397782539e-07,1.0,80.0,0.8217932339078247,0.6435864678156494,1.0
2011-11-11,19137.169921875,0.009137328425980584,1.9841269397782539e-07,1.0,80.0,0.792960989615378,0.5859219792307561,1.0
2011-11-14,19508.1796875,0.019386866874234743,1.9841269397782539e-07,1.0,80.0,0.7600904302543141,0.5201808605086283,1.0
2011-11-15,19348.439453125,-0.00818837210513057,3.9682538795565474e-07,1.0,80.0,0.8289456587292297,0.6578913174584592,1.0
2011-11-16,18960.900390625,-0.020029473872499204,1.9841269397782539e-07,1.0,80.0,0.879494618741324,0.7589892374826478,1.0
2011-11-17,18817.470703125,-0.007564497705547679,1.9841269397782539e-07,1.0,80.0,0.9103606414047145,0.8207212828094291,1.0
2011-11-18,18491.23046875,-0.01733709272207462,1.9841269397782539e-07,1.0,80.0,0.9328354761216677,0.8656709522433353,1.0
2011-11-21,18225.849609375,-0.01435171444234018,1.9841269397782539e-07,1.0,80.0,0.9415965823388861,0.8831931646777723,1.0
2011-11-22,18251.58984375,0.0014122927011182007,5.952380819334841e-07,1.0,80.0,0.9546757617310159,0.9093515234620317,1.0
2011-11-23,17864.4296875,-0.021212407223942575,5.952380819334841e-07,1.0,80.0,0.9506890151751178,0.9013780303502357,1.0
2011-11-24,17935.099609375,0.003955901369997239,5.952380819334841e-07,1.0,80.0,0.9593080922001538,0.9186161844003077,1.0
2011-11-25,17689.48046875,-0.013694885781209143,1.9841269397782539e-07,1.0,80.0,0.9591935797607571,0.9183871595215142,1.0
2011-11-28,18037.810546875,0.01969136847972197,3.9682538795565474e-07,1.0,80.0,0.9610334046616641,0.9220668093233282,1.0
2011-11-29,18256.19921875,0.012107271628531091,5.952380819334841e-07,1.0,80.0,0.9000611970861074,0.8001223941722149,1.0
2011-11-30,17989.349609375,-0.014616931277838585,5.952380819334841e-07,1.0,80.0,0.9728867769360682,0.9457735538721364,1.0
2011-12-01,19002.259765625,0.05630610212401055,5.952380819334841e-07,1.0,80.0,0.7511831925620152,0.5023663851240304,1.0
2011-12-02,19040.390625,0.002006648674700129,5.952380819334841e-07,1.0,80.0,0.7165504012816721,0.4331008025633442,1.0
2011-12-05,19179.689453125,0.007315964828058741,5.952380819334841e-07,1.0,80.0,0.6786956893086469,0.3573913786172938,1.0
2011-12-06,18942.23046875,-0.012380752303385756,1.9841269397782539e-07,1.0,80.0,0.7093068235607013,0.41861364712140264,1.0
2011-12-07,19240.580078125,0.015750500442236914,1.9841269397782539e-07,1.0,80.0,0.663319515409839,0.32663903081967816,1.0
2011-12-08,19107.810546875,-0.006900495240314886,1.9841269397782539e-07,1.0,80.0,0.6705255394731645,0.3410510789463291,1.0
2011-12-09,18586.23046875,-0.027296695078981803,1.9841269397782539e-07,1.0,80.0,0.7885744533877108,0.5771489067754216,1.0
2011-12-12,18575.66015625,-0.0005687173909616483,1.9841269397782539e-07,1.0,80.0,0.8441248694376242,0.6882497388752485,1.0
2011-12-13,18447.169921875,-0.006917128828488384,1.9841269397782539e-07,1.0,80.0,0.8448341124646475,0.6896682249292949,1.0
2011-12-14,18354.4296875,-0.005027342121732503,1.9841269397782539e-07,1.0,80.0,0.886420429803711,0.7728408596074222,1.0
2011-12-15,18026.83984375,-0.01784799905676726,1.9841269397782539e-07,1.0,80.0,0.9174089990418227,0.8348179980836454,1.0
2011-12-16,18285.390625,0.014342546086336894,1.9841269397782539e-07,1.0,80.0,0.8572696105080482,0.7145392210160962,1.0
2011-12-19,18070.2109375,-0.011767847453354574,1.9841269397782539e-07,1.0,80.0,0.8589052727810262,0.7178105455620525,1.0
2011-12-20,18080.19921875,0.000552748459027308,1.9841269397782539e-07,1.0,80.0,0.8684315063188414,0.7368630126376827,1.0
2011-12-21,18416.44921875,0.01859769330701244,1.9841269397782539e-07,1.0,80.0,0.7592266610052206,0.5184533220104413,1.0
2011-12-22,18378.23046875,-0.002075250747092361,1.9841269397782539e-07,1.0,80.0,0.7537619186062532,0.5075238372125065,1.0
2011-12-23,18629.169921875,0.01365416836793365,1.9841269397782539e-07,1.0,80.0,0.6871692919755723,0.3743385839511446,1.0
2011-12-28,18518.669921875,-0.005931557898897433,1.9841269397782539e-07,1.0,80.0,0.7180394892011692,0.4360789784023385,1.0
2011-12-29,18397.919921875,-0.0065204466902542,1.9841269397782539e-07,1.0,80.0,0.7422173640823021,0.48443472816460414,1.0
2011-12-30,18434.390625,0.0019823275283221697,1.9841269397782539e-07,1.0,80.0,0.7316710173012952,0.4633420346025904,1.0
2012-01-03,18877.41015625,0.024032230859271975,1.9841269397782539e-07,1.0,30.0,0.6636137344273424,0.32722746885468473,1.0
2012-01-04,18727.310546875,-0.007951281883087358,3.9682538795565474e-07,1.0,30.0,0.7132264701390292,0.42645294027805847,1.0
2012-01-05,18813.41015625,0.004597542672210686,3.9682538795565474e-07,1.0,30.0,0.6459708927198563,0.33451964011099306,0.9574221453287195
2012-01-06,18593.060546875,-0.011712369397410827,5.952380819334841e-07,1.0,30.0,0.7530283725385326,0.5060567450770652,1.0
2012-01-09,18865.720703125,0.014664619391874467,1.9841269397782539e-07,1.0,30.0,0.6605028709357669,0.32100574187153375,1.0
2012-01-10,19004.279296875,0.007344463322148442,3.9682538795565474e-07,1.0,30.0,0.6259578595065163,0.2880992471231216,0.9638164718899108
2012-01-11,19151.939453125,0.00776983720052371,5.952380819334841e-07,1.0,30.0,0.611331451614415,0.2980287698318099,0.92463413339702
2012-01-12,19095.380859375,-0.0029531522845730462,7.936507759113135e-07,1.0,30.0,0.6249194077992374,0.24983881559847476,1.0
2012-01-13,19204.419921875,0.005710232401385573,7.936507759113135e-07,0.0,30.0,0.607922063766172,0.26624789841147145,0.9495962291208726
2012-01-16,19012.19921875,-0.01000919079602347,7.936507759113135e-07,0.0,30.0,0.630001202284943,0.2668255065822584,0.9931768979876276
2012-01-17,19627.75,0.03237662167157063,7.936507759113135e-07,0.0,30.0,0.6266753323571286,0.25335066471425727,1.0
2012-01-18,19686.919921875,0.003014605437454687,9.92063506846389e-07,0.0,30.0,0.4970916896598868,0.2755319646900172,0.7186514146297565
2012-01-19,19942.94921875,0.013005045882800381,1.5873015518226308e-06,0.0,30.0,0.6505592859679694,0.30111857193593894,1.0
2012-01-20,20110.369140625,0.008394942996575283,1.5873015518226308e-06,0.0,30.0,0.4167215509571948,0.31408377170140767,0.519359330212982
2012-01-26,20439.140625,0.016348356515786033,1.7857143566721944e-06,0.0,30.0,0.40947178953303415,0.328601649102112,0.4903419299639563
2012-01-27,20501.669921875,0.0030592918764167365,1.984127013692778e-06,0.0,30.0,0.2909441431652119,0.25920295956542005,0.3226853267650037
2012-01-30,20160.41015625,-0.016645461902636605,1.7857143566721944e-06,0.0,30.0,0.5511434440782411,0.1626940029069218,0.9395928852495605
2012-01-31,20390.490234375,0.011412470100647942,2.182539670713361e-06,0.0,30.0,0.5451527685663191,0.17094265171418732,0.919362885418451
2012-02-01,20333.369140625,-0.0028013595109009914,2.182539670713361e-06,0.0,30.0,0.5156973345823467,0.13391832581082647,0.8974763433538668
2012-02-02,20739.44921875,0.019971116213774565,2.9761905944536585e-06,0.0,30.0,0.5230477310602074,0.17851438137020667,0.8675810807502082
2012-02-03,20756.98046875,0.0008453093336804329,2.777777789604095e-06,0.0,30.0,0.3054698390303409,0.17635067729969547,0.43458900076098633
2012-02-06,20709.939453125,-0.002266274504416521,2.5793649847545313e-06,0.0,30.0,0.29477351146936426,0.13777171881461436,0.4517753041241142
2012-02-07,20699.189453125,-0.0005190744291807547,3.1746031036452616e-06,0.0,30.0,0.3486507210624466,0.12287995121642381,0.5744214909084694
2012-02-08,21018.4609375,0.015424347175430064,2.9761905944536585e-06,0.0,30.0,0.3577199011193119,0.16575378819932796,0.5496860140392958
2012-02-09,21010.009765625,-0.00040208328764557155,3.3730159084948255e-06,0.0,30.0,0.42336560491515757,0.16502311957744908,0.681708090252866
2012-02-10,20783.859375,-0.010763935531101443,3.1746031036452616e-06,0.0,30.0,0.3714151018602701,0.10121840419485259,0.6416117995256876
2012-02-13,20887.400390625,0.004981799277834931,3.7698412225359962e-06,0.0,30.0,0.3550220417043796,0.11140450463677477,0.5986395787719845
2012-02-14,20917.830078125,0.0014568441706923618,4.365079341426725e-06,0.0,30.0,0.34191497145868693,0.1235241785591895,0.5603057643581844
2012-02-15,21365.23046875,0.02138847045577985,4.166666536577163e-06,0.0,30.0,0.35202648197324526,0.18415406011590593,0.5198989038305846
2012-02-16,21277.279296875,-0.004116556196463339,3.7698412225359962e-06,0.0,30.0,0.32492523313968347,0.17287680321120596,0.4769736630681609
2012-02-17,21491.619140625,0.01007364902060015,2.9761905944536585e-06,0.0,30.0,0.3162681099356946,0.18876608624247346,0.4437701336289157
2012-02-20,21424.7890625,-0.003109587867145547,2.9761905944536585e-06,0.0,30.0,0.2743753563284245,0.13677481431286542,0.4119758983439836
2012-02-21,21478.720703125,0.002517254217424103,2.777777789604095e-06,0.0,30.0,0.2719141188871831,0.16222700330131157,0.3816012344730546
2012-02-22,21549.279296875,0.003285046382661694,3.1746031036452616e-06,0.0,30.0,0.2677055500143918,0.18689299450860883,0.3485181055201747
2012-02-23,21380.990234375,-0.007809498414381055,3.3730159084948255e-06,0.0,30.0,0.23695816202613162,0.15362096592615293,0.3202953581261103
2012-02-24,21406.859375,0.0012099131210212555,3.571428713344389e-06,0.0,30.0,0.2225599575404204,0.15370834475461317,0.29141157032622766
2012-02-27,21217.859375,-0.0088289457453401,3.96825402738556e-06,0.0,30.0,0.18896263307993116,0.11905546326518111,0.2588698028946812
2012-02-28,21568.73046875,0.01653659247847661,3.7698412225359962e-06,0.0,30.0,0.16801062313976878,0.149062764688309,0.18695848159122858
2012-02-29,21680.080078125,0.005162548140528189,2.9761905944536585e-06,0.0,30.0,0.16160044064841766,0.1677909965088395,0.15540988478799586
2012-03-01,21387.9609375,-0.013474080334220928,2.777777789604095e-06,0.0,30.0,0.1340953308300104,0.11734740355000695,0.15084325811001387
2012-03-02,21562.259765625,0.008149389679284358,2.3809523277339444e-06,0.0,30.0,0.10070398321067733,0.09014926480531976,0.1112587016160349
2012-03-05,21265.310546875,-0.013771711405842657,2.3809523277339444e-06,0.0,30.0,0.09247372820531036,0.10867046229738052,0.07627699411324018
2012-03-06,20806.25,-0.021587295697520825,2.777777789604095e-06,0.0,30.0,0.18686420049949642,0.3009868812962691,0.07274151970272376
2012-03-07,20627.779296875,-0.008577744818263788,2.9761905944536585e-06,0.0,30.0,0.20088015607094378,0.33722532738470645,0.06453498475718114
2012-03-08,20900.73046875,0.0132322131212812,2.9761905944536585e-06,0.0,30.0,0.15926285777093385,0.17552642852837494,0.14299928701349274
2012-03-09,21086.0,0.008864261061449996,3.1746031036452616e-06,0.0,30.0,0.14504558977725468,0.11626677302995858,0.17382440652455075
2012-03-12,21134.1796875,0.00228491356824434,2.9761905944536585e-06,0.0,30.0,0.13075353456616975,0.10322251631423678,0.15828455281810272
2012-03-13,21339.69921875,0.009724509504930312,3.1746031036452616e-06,0.0,30.0,0.08663461038184442,0.07202401387594125,0.10124520688774757
2012-03-14,21307.890625,-0.0014905830407417886,3.1746031036452616e-06,0.0,30.0,0.08265774957643165,0.07740544902170257,0.08791005013116074
2012-03-15,21353.529296875,0.002141867192684721,2.9761905944536585e-06,0.0,30.0,0.04889043176124165,0.0589456808985858,0.0388351826238975
2012-03-16,21317.849609375,-0.0016709035309315778,3.1746031036452616e-06,0.0,30.0,0.03498839909687529,0.057083191818975136,0.01289360637477544
2012-03-20,20888.240234375,-0.020152566176800057,3.7698412225359962e-06,0.0,30.0,0.14812644363506475,0.21670785111024765,0.07954503615988183
2012-03-21,20856.630859375,-0.0015132617513649027,3.3730159084948255e-06,0.0,30.0,0.11054219595825109,0.22108439191650217,0.0
2012-03-22,20901.560546875,0.0021542159806604566,2.777777789604095e-06,0.0,30.0,0.08920850957947951,0.17841701915895902,0.0
2012-03-23,20668.80078125,-0.011135999395978091,2.777777789604095e-06,0.0,30.0,0.13368108586962352,0.26736217173924703,0.0
2012-03-26,20668.859375,2.8348887106677267e-06,2.777777789604095e-06,0.0,30.0,0.1272578243012893,0.2545156486025786,0.0
2012-03-27,21046.91015625,0.018290839102000467,3.1746031036452616e-06,0.0,30.0,0.03721597751437894,0.07443195502875788,0.0
2012-03-28,20885.419921875,-0.007672871370482115,2.9761905944536585e-06,0.0,30.0,0.06039290311280883,0.12078580622561766,0.0
2012-03-29,20609.390625,-0.013216363276751353,2.182539670713361e-06,0.0,30.0,0.12312013191205631,0.24624026382411263,0.0
2012-03-30,20555.580078125,-0.002610972243387244,2.5793649847545313e-06,0.0,30.0,0.11238274495434658,0.22476548990869316,0.0
2012-04-02,20522.259765625,-0.001620986241855471,2.3809523277339444e-06,0.0,30.0,0.11223104694210957,0.22446209388421914,0.0
2012-04-03,20790.98046875,0.013094108845416175,2.9761905944536585e-06,0.0,30.0,0.05985659532695175,0.1197131906539035,0.0
2012-04-05,20593.0,-0.00952242098671463,2.777777789604095e-06,0.0,30.0,0.09527181506252835,0.1905436301250567,0.0
2012-04-10,20356.240234375,-0.011497099287379187,3.3730159084948255e-06,0.0,30.0,0.13551783896008399,0.27103567792016797,0.0
2012-04-11,20140.669921875,-0.01058988840856634,3.3730159084948255e-06,0.0,30.0,0.1702328378619122,0.3404656757238244,0.0
2012-04-12,20327.3203125,0.00926733774740418,3.3730159084948255e-06,0.0,30.0,0.14395841951592417,0.25308368978720136,0.034833149244647
2012-04-13,20701.0390625,0.018385047524940523,3.1746031036452616e-06,0.0,30.0,0.1017633925427765,0.16741497097258035,0.03611181411297264
2012-04-16,20610.640625,-0.004366855075586873,2.9761905944536585e-06,0.0,30.0,0.11732733814864847,0.20892461856498087,0.02573005773231607
2012-04-17,20562.310546875,-0.0023449090692686525,2.9761905944536585e-06,0.0,30.0,0.10311683020861101,0.20623366041722202,0.0
2012-04-18,20780.73046875,0.010622343309963922,2.5793649847545313e-06,0.0,30.0,0.07054991083128548,0.13638222669019265,0.004717594972378319
2012-04-19,20995.009765625,0.010311441996576187,2.5793649847545313e-06,0.0,30.0,0.09549858275281942,0.16456088167773586,0.026436283827902987
2012-04-20,21010.640625,0.0007445035534392463,2.5793649847545313e-06,0.0,30.0,0.08083858160030902,0.16167716320061803,0.0
2012-04-23,20624.390625,-0.018383542267645603,2.777777789604095e-06,0.0,30.0,0.12080026263973373,0.17147657247426168,0.0701239528052058
2012-04-24,20677.16015625,0.00255859832222316,3.1746031036452616e-06,0.0,30.0,0.08440528339413053,0.14962253507161621,0.019188031716644852
2012-04-25,20646.2890625,-0.001493004528509645,3.3730159084948255e-06,0.0,30.0,0.06899122484732048,0.13798244969464096,0.0
2012-04-26,20809.7109375,0.007915314684653119,3.3730159084948255e-06,0.0,30.0,0.0589559875225108,0.1179119750450216,0.0
2012-04-27,20741.44921875,-0.0032802819296730013,3.3730159084948255e-06,0.0,30.0,0.053719979025644016,0.10743995805128803,0.0
2012-04-30,21094.2109375,0.017007573339239412,3.571428713344389e-06,0.0,30.0,0.04840384329857255,0.0968076865971451,0.0
2012-05-02,21309.080078125,0.010186166302291966,3.1746031036452616e-06,0.0,30.0,0.04239848720877809,0.08479697441755618,0.0
2012-05-03,21249.529296875,-0.00279461999446573,2.9761905944536585e-06,0.0,30.0,0.05811695538955546,0.11623391077911092,0.0
2012-05-04,21086.0,-0.007695666788207323,2.777777789604095e-06,0.0,30.0,0.03813338888339421,0.07626677776678842,0.0
2012-05-07,20536.650390625,-0.02605281273712412,2.9761905944536585e-06,0.0,30.0,0.2101052031934309,0.2692475247287635,0.1509628816580983
2012-05-08,20484.75,-0.002527208168703776,3.571428713344389e-06,0.0,30.0,0.17136351048093618,0.28126433483539665,0.06146268612647572
2012-05-09,20330.640625,-0.007523126960299775,3.571428713344389e-06,0.0,30.0,0.1942397971744138,0.3180316870340624,0.07044790731476522
2012-05-10,20227.279296875,-0.00508401727380392,3.571428713344389e-06,0.0,30.0,0.20883663527634738,0.3437630929688303,0.07391017758386448
2012-05-11,19964.630859375,-0.012984862355688964,3.571428713344389e-06,0.0,30.0,0.2594091761074642,0.45164823990164926,0.06717011231327921
2012-05-14,19735.0390625,-0.011499926970459762,3.3730159084948255e-06,0.0,30.0,0.31859469828412135,0.5545530372609228,0.08263635930731997
2012-05-15,19894.310546875,0.008070492481448532,3.571428713344389e-06,0.0,30.0,0.219519837627034,0.439039675254068,0.0
2012-05-16,19259.830078125,-0.03189255879237618,3.7698412225359962e-06,0.0,30.0,0.35748080000906274,0.6553148780069792,0.059646722011146305
2012-05-17,19200.9296875,-0.003058198872268214,3.571428713344389e-06,0.0,30.0,0.3646594312369315,0.670905979365418,0.05841288310844504
2012-05-18,18951.849609375,-0.012972292601391766,2.9761905944536585e-06,0.0,30.0,0.3609273432483169,0.6632835643814583,0.05857112211517542
2012-05-21,18922.3203125,-0.0015581221613532037,2.3809523277339444e-06,0.0,30.0,0.3204286162843712,0.6408572325687424,0.0
2012-05-22,19039.150390625,0.006174194083789164,3.3730159084948255e-06,0.0,30.0,0.3561956010888674,0.6719343196186778,0.040456882559057036
2012-05-23,18786.189453125,-0.013286356392486875,3.1746031036452616e-06,0.0,30.0,0.3591392225515884,0.6666607139497364,0.0516177311534405
2012-05-24,18666.400390625,-0.006376442801180882,3.571428713344389e-06,0.0,30.0,0.35967495539117544,0.6695817278313485,0.04976818295100244
2012-05-25,18713.41015625,0.0025184162260127874,3.1746031036452616e-06,0.0,30.0,0.38393113808667795,0.69834037836262,0.06952189781073588
2012-05-28,18800.990234375,0.004680070462504737,3.1746031036452616e-06,0.0,30.0,0.40050070956388867,0.7089034295605228,0.09209798956725453
2012-05-29,19055.4609375,0.013534962784020665,2.9761905944536585e-06,0.0,30.0,0.3944541599535844,0.6453408227449356,0.14356749716223316
2012-05-30,18690.220703125,-0.019167221174704263,2.5793649847545313e-06,0.0,30.0,0.357523953783748,0.715047907567496,0.0
2012-05-31,18629.51953125,-0.0032477504059035267,2.3809523277339444e-06,0.0,30.0,0.3275924004775432,0.6551848009550864,0.0
2012-06-01,18558.33984375,-0.0038208010346482135,2.5793649847545313e-06,0.0,30.0,0.3280958821547891,0.6561917643095782,0.0
2012-06-04,18185.58984375,-0.020085309523283357,2.5793649847545313e-06,0.0,30.0,0.3427787574633964,0.6624050689724084,0.023152445954384485
2012-06-05,18259.029296875,0.004038332204563622,3.1746031036452616e-06,0.0,30.0,0.3538773258572048,0.6981945983102804,0.009560053404129269
2012-06-06,18520.529296875,0.014321681385590201,3.1746031036452616e-06,0.0,30.0,0.3736956065850291,0.6769539099926162,0.07043730317744203
2012-06-07,18678.2890625,0.008518102430885577,3.1746031036452616e-06,0.0,30.0,0.38667446122510896,0.686708706618319,0.08664021583189893
2012-06-08,18502.33984375,-0.00941998585423165,3.1746031036452616e-06,0.0,30.0,0.4123842080809,0.7156849641620086,0.1090834519997914
2012-06-11,18953.630859375,0.024391024023777463,2.9761905944536585e-06,0.0,30.0,0.4488810212775094,0.6251741994291313,0.2725878431258874
2012-06-12,18872.560546875,-0.004277297215583342,3.571428713344389e-06,0.0,30.0,0.42569925847642587,0.6226450238072636,0.22875349314558807
2012-06-13,19026.51953125,0.00815782172178503,3.571428713344389e-06,0.0,30.0,0.33225876610264654,0.5296645907556324,0.13485294144966062
2012-06-14,18808.400390625,-0.011463953786542636,3.7698412225359962e-06,0.0,30.0,0.4091989299437311,0.6409149011354774,0.1774829587519847
2012-06-15,19233.939453125,0.022624947026973485,3.3730159084948255e-06,0.0,30.0,0.35762102945834107,0.43610325778182873,0.27913880113485345
2012-06-18,19427.810546875,0.010079635231382778,2.9761905944536585e-06,0.0,30.0,0.2362384551537859,0.36761264420458517,0.1048642661029866
2012-06-19,19416.669921875,-0.0005734369795875605,3.571428713344389e-06,0.0,30.0,0.2527712083157471,0.38714025279988157,0.11840216383161267
2012-06-20,19518.849609375,0.005262472293711129,3.1746031036452616e-06,0.0,30.0,0.2047934720083987,0.33050699034217584,0.07907995367462153
2012-06-21,19265.0703125,-0.013001754814131461,2.9761905944536585e-06,0.0,30.0,0.34984050850809517,0.5198118252298665,0.17986919178632385
2012-06-22,18995.130859375,-0.014011859222224143,2.9761905944536585e-06,0.0,30.0,0.4487737868167105,0.6797827236455044,0.21776484998791654
2012-06-25,18897.44921875,-0.005142456840553367,2.9761905944536585e-06,0.0,30.0,0.3870746380446711,0.7043343764639595,0.0698148996253828
2012-06-26,18981.83984375,0.004465715135578696,3.7698412225359962e-06,0.0,30.0,0.35638331030918213,0.6435695576218317,0.06919706299653265
2012-06-27,19176.94921875,0.010278738868626736,3.1746031036452616e-06,0.0,30.0,0.26950389265937646,0.4581701110947462,0.08083767422400678
2012-06-28,19025.26953125,-0.007909479540765374,2.9761905944536585e-06,0.0,30.0,0.3402479159783806,0.6245340494036369,0.055961782553124374
2012-06-29,19441.4609375,0.021875716691760028,3.1746031036452616e-06,0.0,30.0,0.19040685638599622,0.33539638763005947,0.045417325141932974
2012-07-03,19735.529296875,0.015125836495537337,2.9761905944536585e-06,0.0,30.0,0.1540159155731025,0.23702902381439625,0.07100280733180878
2012-07-04,19709.75,-0.0013062379268987678,2.9761905944536585e-06,0.0,30.0,0.17462738731375052,0.2654728896514617,0.08378188497603935
2012-07-05,19809.130859375,0.005042218159793999,2.9761905944536585e-06,0.0,30.0,0.14508492849179747,0.20689629720812472,0.08327355977547021
2012-07-06,19800.640625,-0.00042860206413253277,2.777777789604095e-06,0.0,30.0,0.13924741454226833,0.21295331052506566,0.06554151855947099
2012-07-09,19428.08984375,-0.01881508726437986,2.777777789604095e-06,0.0,30.0,0.29339813681755117,0.5058869104224001,0.08090936321270226
2012-07-10,19396.359375,-0.0016332263750677978,3.571428713344389e-06,0.0,30.0,0.3307194420608393,0.5656191408255259,0.09581974329615273
2012-07-11,19419.869140625,0.0012120710474823326,3.571428713344389e-06,0.0,30.0,0.2613204032202097,0.4087162089512383,0.11392459748918116
2012-07-12,19025.109375,-0.02032762233187202,3.7698412225359962e-06,0.0,30.0,0.44148240415673073,0.7164159510205937,0.16654885729286772
2012-07-13,19092.630859375,0.0035490720733373227,3.571428713344389e-06,0.0,30.0,0.41195991733242815,0.6639770976581633,0.15994273700669304
2012-07-16,19121.33984375,0.0015036683308053966,3.3730159084948255e-06,0.0,30.0,0.39234103804632936,0.6036731689090391,0.18100890718361962
2012-07-17,19455.330078125,0.017466884491578627,3.7698412225359962e-06,0.0,30.0,0.2561779427098818,0.31822328699565977,0.1941325984241038
2012-07-18,19239.880859375,-0.011074045923910814,3.3730159084948255e-06,0.0,30.0,0.35733049334806355,0.5038136292015236,0.21084735749460348
2012-07-19,19559.05078125,0.016588976002908984,3.1746031036452616e-06,0.0,30.0,0.23643311640414463,0.24884945192606794,0.22401678088222132
2012-07-20,19640.80078125,0.004179650685214753,3.3730159084948255e-06,0.0,30.0,0.2218457469249956,0.2075693349025707,0.2361221589474205
2012-07-23,19053.470703125,-0.029903570870984608,3.571428713344389e-06,0.0,30.0,0.4196752008375358,0.5501284683857637,0.2892219332893079
2012-07-24,18903.19921875,-0.007886830001546885,3.7698412225359962e-06,0.0,30.0,0.5037202254299884,0.7098905323686048,0.29754991849137213
2012-07-25,18877.330078125,-0.0013685059510636366,3.7698412225359962e-06,0.0,30.0,0.5099098805489323,0.7255881335537702,0.2942316275440944
2012-07-26,18892.7890625,0.0008189179460771356,3.96825402738556e-06,0.0,30.0,0.4550783569110883,0.6269012544658391,0.28325545935633745
2012-07-27,19274.9609375,0.0202284519101823,3.96825402738556e-06,0.0,30.0,0.3127296311846786,0.3192118083255716,0.3062474540437856
2012-07-30,19585.400390625,0.016105840843549046,3.571428713344389e-06,0.0,30.0,0.2889128681410086,0.22100965761225422,0.35681607866976295
2012-07-31,19796.810546875,0.010794272878444477,3.96825402738556e-06,0.0,30.0,0.27629086567117944,0.23489314163576586,0.317688589706593
2012-08-01,19820.380859375,0.0011906116111073395,3.571428713344389e-06,0.0,30.0,0.27261513151368244,0.26219464892386973,0.2830356141034951
2012-08-02,19690.19921875,-0.00656806958194367,3.3730159084948255e-06,0.0,30.0,0.2409849573000445,0.20460466704432814,0.27736524755576086
2012-08-03,19666.1796875,-0.0012198724341563327,2.9761905944536585e-06,0.0,30.0,0.21546852763984925,0.160811873022457,0.27012518225724147
2012-08-06,19998.720703125,0.016909283903083994,2.9761905944536585e-06,0.0,30.0,0.19477789264171005,0.15640838432412812,0.23314740095929198
2012-08-07,20072.55078125,0.0036917400478253537,3.96825402738556e-06,0.0,30.0,0.2085612320745337,0.19402947903571469,0.22309298511335268
2012-08-08,20065.51953125,-0.00035029180280210515,4.166666536577163e-06,0.0,30.0,0.1649048268682899,0.11396140878208254,0.21584824495449725
2012-08-09,20269.470703125,0.010164260713876105,4.365079341426725e-06,0.0,30.0,0.16563024697030793,0.16166889142760865,0.1695916025130072
2012-08-10,20136.119140625,-0.006578936591543072,3.7698412225359962e-06,0.0,30.0,0.11992556653912584,0.07606887750006615,0.16378225557818551
2012-08-13,20081.359375,-0.002719479619810228,3.7698412225359962e-06,0.0,30.0,0.11538385441811333,0.04309348673189214,0.18767422210433451
2012-08-14,20291.6796875,0.010473410119926196,4.166666536577163e-06,0.0,30.0,0.11906725504346502,0.06466639378823831,0.17346811629869174
2012-08-15,20052.2890625,-0.011797477029339642,3.1746031036452616e-06,0.0,30.0,0.11292418848375137,0.048373873268695945,0.1774745036988068
2012-08-16,19962.94921875,-0.004455343899718467,2.9761905944536585e-06,0.0,30.0,0.12718433178331323,0.08944974217996779,0.16491892138665865
2012-08-17,20116.0703125,0.0076702641514603265,3.1746031036452616e-06,0.0,30.0,0.09777524809364177,0.042960680779068505,0.15258981540821503
2012-08-20,20104.26953125,-0.0005866345198975997,3.3730159084948255e-06,0.0,30.0,0.09577472485945468,0.05458785832490904,0.13696159139400033
2012-08-21,20100.08984375,-0.00020790049066454763,4.166666536577163e-06,0.0,30.0,0.09900335024142985,0.07275340138958661,0.1252532990932731
2012-08-22,19887.779296875,-0.010562666561463985,3.96825402738556e-06,0.0,30.0,0.1107285626273879,0.10667352221423108,0.11478360304054469
2012-08-23,20132.240234375,0.012292017819124368,3.7698412225359962e-06,0.0,30.0,0.090081769662542,0.07487237857814089,0.10529116074694311
2012-08-24,19880.029296875,-0.012527713486617298,3.571428713344389e-06,0.0,30.0,0.11078929084877961,0.12698036959192488,0.09459821210563435
2012-08-27,19798.669921875,-0.004092517862274381,3.7698412225359962e-06,0.0,30.0,0.12015308546260811,0.1501103120274926,0.09019585889772364
2012-08-28,19811.80078125,0.000663219268103088,3.96825402738556e-06,0.0,30.0,0.10881075279934489,0.13146047073943415,0.08616103485925564
2012-08-29,19788.509765625,-0.0011756132560671873,3.7698412225359962e-06,0.0,30.0,0.12272261086117701,0.1628295270318075,0.08261569469054653
2012-08-30,19552.91015625,-0.011905879329239033,3.571428713344389e-06,0.0,30.0,0.19767115790816037,0.31339743845385093,0.0819448773624698
2012-08-31,19482.5703125,-0.003597410471786744,3.3730159084948255e-06,0.0,30.0,0.2197996828016218,0.3612484877194287,0.0783508778838149
2012-09-03,19559.2109375,0.003933804614621561,3.3730159084948255e-06,0.0,30.0,0.16492797932434353,0.25578453293853326,0.0740714257101538
2012-09-04,19429.91015625,-0.006610736070241874,3.571428713344389e-06,0.0,30.0,0.22306715453506745,0.37678386280712256,0.06935044626301234
2012-09-05,19145.0703125,-0.014659864171238879,3.96825402738556e-06,0.0,30.0,0.2986265730396196,0.5305025655204472,0.06675058055879202
2012-09-06,19209.30078125,0.003354935119149971,3.96825402738556e-06,0.0,30.0,0.24628223671071975,0.4265001865421002,0.0660642868793393
2012-09-07,19802.16015625,0.03086314185775496,3.96825402738556e-06,0.0,30.0,0.10354169158942075,0.08636299447148148,0.12072038870736004
2012-09-10,19827.169921875,0.0012629816862230747,3.7698412225359962e-06,0.0,30.0,0.10652927384239114,0.0968182580245891,0.11624028966019319
2012-09-11,19857.880859375,0.0015489319767274523,3.96825402738556e-06,0.0,30.0,0.09090064778510357,0.06509737333575742,0.1167039222344497
2012-09-12,20075.390625,0.010953322117566833,3.7698412225359962e-06,0.0,30.0,0.09618720797146305,0.04640297033250188,0.14597144561042422
2012-09-13,20047.630859375,-0.0013827758644173738,3.7698412225359962e-06,0.0,30.0,0.07345218853285992,0.05719589754497493,0.08970847952074491
2012-09-14,20629.779296875,0.029038265996790713,3.7698412225359962e-06,0.0,30.0,0.18580499213584004,0.1205184722173233,0.25109151205435676
2012-09-17,20658.109375,0.0013732613285539763,3.571428713344389e-06,0.0,30.0,0.18412263172099974,0.11299992474700477,0.2552453386949947
2012-09-18,20601.9296875,-0.002719498017954458,3.96825402738556e-06,0.0,30.0,0.1676742068134905,0.10190017180394291,0.23344824182303808
2012-09-19,20841.91015625,0.011648446159662651,4.166666536577163e-06,0.0,30.0,0.09552201198997903,0.12958056097805784,0.061463463001900226
2012-09-20,20590.919921875,-0.01204257347303328,4.166666536577163e-06,0.0,30.0,0.1424253576775842,0.07544502913757085,0.2094056862175976
2012-09-21,20734.939453125,0.006994322341907555,3.96825402738556e-06,0.0,30.0,0.05180411376432519,0.0921580380738648,0.011450189454785587
2012-09-24,20694.69921875,-0.0019406969798957396,3.7698412225359962e-06,0.0,30.0,0.03631897459094959,0.05716609270501587,0.015471856476883313
2012-09-25,20698.6796875,0.0001923424306835564,4.166666536577163e-06,0.0,30.0,0.041722151253295765,0.0642491564957967,0.019195146010794834
2012-09-26,20527.73046875,-0.008258943146660536,3.96825402738556e-06,0.0,30.0,0.05854221621049917,0.06983578769966184,0.047248644721336504
2012-09-27,20762.2890625,0.011426426029271797,3.3730159084948255e-06,0.0,30.0,0.05046809086958659,0.03893408747033926,0.06200209426883392
2012-09-28,20840.380859375,0.0037612325230576005,3.571428713344389e-06,0.0,30.0,0.019655029099486177,0.039310058198972354,0.0
2012-10-03,20888.279296875,0.0022983475121307606,3.3730159084948255e-06,0.0,30.0,0.025093649115708237,0.050187298231416475,0.0
2012-10-04,20907.94921875,0.0009416726765973937,3.7698412225359962e-06,0.0,30.0,0.024859963489028573,0.04971992697805715,0.0
2012-10-05,21012.380859375,0.004994829456125949,3.96825402738556e-06,0.0,30.0,0.03461800228823441,0.06923600457646882,0.0
2012-10-08,20824.560546875,-0.008938554548243882,3.7698412225359962e-06,0.0,30.0,0.017024731930369578,0.034049463860739156,0.0
2012-10-09,20937.279296875,0.005412779287528036,3.7698412225359962e-06,0.0,30.0,0.047280221297686706,0.09456044259537341,0.0
2012-10-10,20919.599609375,-0.0008444118860581051,3.7698412225359962e-06,0.0,30.0,0.024954768474132572,0.049909536948265144,0.0
2012-10-11,20999.05078125,0.003797929853274651,3.7698412225359962e-06,0.0,30.0,0.023210842894460768,0.046421685788921536,0.0
2012-10-12,21136.4296875,0.006542148389519831,3.96825402738556e-06,0.0,30.0,0.0314701598976582,0.0629403197953164,0.0
2012-10-15,21148.25,0.0005592388437765106,3.7698412225359962e-06,0.0,30.0,0.03379630514732642,0.06759261029465284,0.0
2012-10-16,21207.0703125,0.0027813323797476475,3.96825402738556e-06,0.0,30.0,0.03974460890044761,0.07948921780089523,0.0
2012-10-17,21416.640625,0.009882096367477722,4.166666536577163e-06,0.0,30.0,0.06042036208700066,0.12084072417400132,0.0
2012-10-18,21518.7109375,0.004765934783480974,3.7698412225359962e-06,0.0,30.0,0.06900356910998609,0.13800713821997218,0.0
2012-10-19,21551.759765625,0.0015358182105327245,3.571428713344389e-06,0.0,30.0,0.07198145608962243,0.14396291217924487,0.0
2012-10-22,21697.55078125,0.006764691942118706,3.571428713344389e-06,0.0,30.0,0.08675965002244092,0.17351930004488184,0.0
2012-10-24,21763.779296875,0.003052349838592372,4.166666536577163e-06,0.0,30.0,0.09424682322427996,0.18849364644855993,0.0
2012-10-25,21810.23046875,0.0021343338967634295,4.365079341426725e-06,0.0,30.0,0.09884997891332481,0.19769995782664962,0.0
2012-10-26,21545.5703125,-0.01213467948581326,4.166666536577163e-06,0.0,30.0,0.019782673168682804,0.03956534633736561,0.0
2012-10-29,21511.05078125,-0.0016021637278254008,4.166666536577163e-06,0.0,30.0,0.02401582968812105,0.0480316593762421,0.0
2012-10-30,21428.580078125,-0.0038338760836772456,4.166666536577163e-06,0.0,30.0,0.02328367830303264,0.04656735660606528,0.0
2012-10-31,21641.8203125,0.00995120692073681,4.166666536577163e-06,0.0,30.0,0.03380557098439465,0.0676111419687893,0.0
2012-11-01,21821.869140625,0.008319486324401604,3.571428713344389e-06,0.0,30.0,0.0563556832089271,0.1127113664178542,0.0
2012-11-02,22111.330078125,0.013264717867871312,3.571428713344389e-06,0.0,30.0,0.07514099619853469,0.15028199239706938,0.0
2012-11-05,22006.400390625,-0.004745516761282875,3.571428713344389e-06,0.0,30.0,0.04524722440763224,0.09049444881526449,0.0
2012-11-06,21944.4296875,-0.002816030883060705,3.96825402738556e-06,0.0,30.0,0.041138493466153996,0.08227698693230799,0.0
2012-11-07,22099.849609375,0.007082431582331461,3.571428713344389e-06,0.0,30.0,0.0630803994732268,0.1261607989464536,0.0
2012-11-08,21566.91015625,-0.024115071484419603,3.3730159084948255e-06,0.0,30.0,0.05402362337665547,0.0679459185244699,0.040101328228841035
2012-11-09,21384.380859375,-0.00846339580183686,3.571428713344389e-06,0.0,30.0,0.06021659545499951,0.10409083438644662,0.016342356523552398
2012-11-12,21430.30078125,0.0021473580262609815,3.452380853039877e-06,0.0,30.0,0.04771073682230013,0.07703871248681317,0.01838276115778709
2012-11-13,21188.650390625,-0.011276108211996094,3.3730159084948255e-06,0.0,30.0,0.11856677117011968,0.1840039364430513,0.053129605897188056
2012-11-14,21441.990234375,0.011956393591830317,3.7698412225359962e-06,0.0,30.0,0.06339864545526033,0.05791659420823564,0.06888069670228501
2012-11-15,21108.9296875,-0.015533098524643907,2.9761905944536585e-06,0.0,30.0,0.15180568832253716,0.21095363682522558,0.0926577398198487
2012-11-16,21159.009765625,0.0023724593746055067,2.9761905944536585e-06,0.0,30.0,0.08804348282676222,0.16790621072493533,0.008180754928589103
2012-11-19,21262.060546875,0.004870302646082125,2.9761905944536585e-06,0.0,30.0,0.06252222043673063,0.09072661303493901,0.034317827838522254
2012-11-20,21228.279296875,-0.0015888041483808069,3.3730159084948255e-06,0.0,30.0,0.09766950664621489,0.16009008950010928,0.03524892379232051
2012-11-21,21524.359375,0.013947436529563095,3.571428713344389e-06,0.0,30.0,0.0573654903374884,0.019068014945911513,0.0956629657290653
2012-11-22,21743.19921875,0.010167078143295427,3.571428713344389e-06,0.0,30.0,0.006897929099429098,0.013795858198858197,0.0
2012-11-23,21913.98046875,0.007854467425967737,3.571428713344389e-06,0.0,30.0,0.02675623127703957,0.05351246255407914,0.0
2012-11-26,21861.810546875,-0.0023806684481350038,3.571428713344389e-06,0.0,30.0,0.007266472762715708,0.014532945525431416,0.0
2012-11-27,21844.029296875,-0.0008133475478563357,3.7698412225359962e-06,0.0,30.0,0.009743078592612779,0.019486157185225558,0.0
2012-11-28,21708.98046875,-0.006182413797820696,3.650793657889441e-06,0.0,30.0,0.010359826489798543,0.020719652979597086,0.0
2012-11-29,21922.890625,0.009853533037073037,3.1746031036452616e-06,0.0,30.0,0.007312898694040726,0.014625797388081452,0.0
2012-11-30,22030.390625,0.004903550441355264,2.9761905944536585e-06,0.0,30.0,0.011752093070420612,0.023504186140841224,0.0
2012-12-03,21767.849609375,-0.011917220175255094,3.0555555389987068e-06,0.0,30.0,0.022556490188619313,0.045112980377238626,0.0
2012-12-04,21799.970703125,0.0014756208962489747,3.571428713344389e-06,0.0,30.0,0.012570171403569948,0.025140342807139896,0.0
2012-12-05,22270.91015625,0.021602756239369247,3.571428713344389e-06,0.0,30.0,0.02090607928900398,0.04181215857800796,0.0
2012-12-06,22249.810546875,-0.0009474066945162063,3.571428713344389e-06,0.0,30.0,0.01622928241695374,0.03245856483390748,0.0
2012-12-07,22191.169921875,-0.0026355561489594947,3.1746031036452616e-06,0.0,30.0,0.03588500788598585,0.0717700157719717,0.0
2012-12-10,22276.720703125,0.003855172194669576,2.9761905944536585e-06,0.0,30.0,0.0536973000599268,0.1073946001198536,0.0
2012-12-11,22323.939453125,0.002119645464396136,2.9761905944536585e-06,0.0,30.0,0.050274674666008844,0.10054934933201769,0.0
2012-12-12,22503.349609375,0.008036670974973736,2.3809523277339444e-06,0.0,30.0,0.037789256145058854,0.07557851229011771,0.0
2012-12-13,22445.580078125,-0.0025671525463005773,2.0634921060668095e-06,0.0,30.0,0.03818109882453534,0.07636219764907068,0.0
2012-12-14,22605.98046875,0.007146190477889336,9.92063506846389e-07,0.0,30.0,0.0413554753984543,0.0827109507969086,0.0
2012-12-17,22513.609375,-0.004086135254239065,8.730158682853453e-07,0.0,30.0,0.03375448184085467,0.06750896368170935,0.0
2012-12-18,22494.73046875,-0.0008385552905152416,2.182539670713361e-06,0.0,30.0,0.042430202329907366,0.08486040465981473,0.0
2012-12-19,22623.369140625,0.005718613612806234,1.7857143566721944e-06,0.0,30.0,0.05063835636885507,0.10127671273771013,0.0
2012-12-20,22659.779296875,0.0016094046834349562,1.984127013692778e-06,0.0,30.0,0.044368525722005066,0.08873705144401013,0.0
2012-12-21,22506.2890625,-0.006773686202502738,1.984127013692778e-06,0.0,30.0,0.027217065314204963,0.054434130628409926,0.0
2012-12-24,22541.1796875,0.0015502611249287312,1.984127013692778e-06,0.0,30.0,0.030611455061708977,0.061222910123417955,0.0
2012-12-27,22619.779296875,0.0034869341562715483,2.777777789604095e-06,0.0,30.0,0.04403067660231241,0.08806135320462483,0.0
2012-12-28,22666.58984375,0.0020694519721271565,3.9682538795565474e-07,0.0,30.0,0.04907996739320104,0.09815993478640209,0.0
2012-12-31,22656.919921875,-0.00042661564627310966,1.3888888948020476e-06,0.0,30.0,0.04659537343926053,0.09319074687852107,0.0
2013-01-02,23311.98046875,0.02891216233864813,2.182539670713361e-06,0.0,150.0,0.10453032205469005,0.2090606441093801,0.0
2013-01-03,23398.599609375,0.0037156491590712992,2.5793649847545313e-06,0.0,150.0,0.11007476143914229,0.22014952287828457,0.0
2013-01-04,23331.08984375,-0.002885205386306544,2.5793649847545313e-06,0.0,150.0,0.09570584807407832,0.19141169614815665,0.0
2013-01-07,23329.75,-5.742739661851459e-05,2.3015872353599167e-06,0.0,150.0,0.09087995861280547,0.18175991722561094,0.0
2013-01-08,23111.189453125,-0.009368319286533255,2.3809523277339444e-06,0.0,150.0,0.04131583421850021,0.08263166843700041,0.0
2013-01-09,23218.470703125,0.004641961428146768,2.182539670713361e-06,0.0,150.0,0.05078193384870793,0.10156386769741586,0.0
2013-01-10,23354.310546875,0.00585050779126961,2.182539670713361e-06,0.0,150.0,0.058959573119324815,0.11791914623864963,0.0
2013-01-11,23264.0703125,-0.0038639648211356015,2.5000000402094805e-06,0.0,150.0,0.047598314248618774,0.09519662849723755,0.0
2013-01-14,23413.259765625,0.00641286976530675,2.3809523277339444e-06,0.0,150.0,0.05799937949828218,0.11599875899656437,0.0
2013-01-15,23381.509765625,-0.0013560691812173342,3.1746031036452616e-06,0.0,150.0,0.05502798974363045,0.1100559794872609,0.0
2013-01-16,23356.990234375,-0.0010486718563421649,2.857142734149143e-06,0.0,150.0,0.056114004332639335,0.11222800866527867,0.0
2013-01-17,23339.759765625,-0.0007377007301497818,2.777777789604095e-06,0.0,150.0,0.055533272400487776,0.11106654480097555,0.0
2013-01-18,23601.779296875,0.011226316546578463,2.777777789604095e-06,0.0,150.0,0.0763177929214794,0.1526355858429588,0.0
2013-01-21,23590.91015625,-0.0004605220855716796,2.777777789604095e-06,0.0,150.0,0.07417924588364978,0.14835849176729957,0.0
2013-01-22,23658.990234375,0.0028858605994463993,2.3809523277339444e-06,0.0,150.0,0.0830666911452963,0.1661333822905926,0.0
2013-01-23,23635.099609375,-0.0010097905600928714,2.777777789604095e-06,0.0,150.0,0.07972357267015547,0.15944714534031093,0.0
2013-01-24,23598.900390625,-0.00153158731497971,2.9761905944536585e-06,0.0,150.0,0.07355623584312108,0.14711247168624217,0.0
2013-01-25,23580.4296875,-0.0007826933805923364,2.777777789604095e-06,0.0,150.0,0.07338538576866661,0.14677077153733323,0.0
2013-01-28,23671.880859375,0.003878265709614137,2.3809523277339444e-06,0.0,150.0,0.07946558183559845,0.1589311636711969,0.0
2013-01-29,23655.169921875,-0.0007059404193217045,2.5000000402094805e-06,0.0,150.0,0.07931635885557417,0.15863271771114834,0.0
2013-01-30,23822.060546875,0.007055143782571882,2.3809523277339444e-06,0.0,150.0,0.09438957676527912,0.18877915353055824,0.0
2013-01-31,23729.529296875,-0.0038842672663821354,2.5793649847545313e-06,0.0,150.0,0.07445779995114962,0.14891559990229924,0.0
2013-02-01,23721.83984375,-0.00032404575028854854,2.3809523277339444e-06,0.0,150.0,0.07475692057073079,0.14951384114146157,0.0
2013-02-04,23685.009765625,-0.0015525810125854855,2.182539670713361e-06,0.0,150.0,0.07720193251538225,0.1544038650307645,0.0
2013-02-05,23148.529296875,-0.02265063320888372,2.777777789604095e-06,0.0,150.0,0.06475453672788319,0.12950907345576637,0.0
2013-02-06,23256.9296875,0.004682819769445734,2.5793649847545313e-06,0.0,150.0,0.06275880569807638,0.12551761139615275,0.0
2013-02-07,23177.0,-0.0034368116760897793,2.5793649847545313e-06,0.0,150.0,0.07994961152941839,0.15989922305883678,0.0
2013-02-08,23215.16015625,0.0016464665940372214,2.5793649847545313e-06,0.0,150.0,0.05750926016732966,0.11501852033465931,0.0
2013-02-14,23413.25,0.008532779546501112,3.7698412225359962e-06,0.0,150.0,0.03759864197490671,0.07519728394981343,0.0
2013-02-15,23444.560546875,0.0013373003267380668,3.7698412225359962e-06,0.0,150.0,0.024569009023810335,0.04913801804762067,0.0
2013-02-18,23381.939453125,-0.002671028685941712,3.7698412225359962e-06,0.0,150.0,0.027526995682876646,0.05505399136575329,0.0
2013-02-19,23143.91015625,-0.010180049321921736,3.96825402738556e-06,0.0,150.0,0.056961468864178806,0.11392293772835761,0.0
2013-02-20,23307.41015625,0.007064493376278014,4.563492146276289e-06,0.0,150.0,0.02659994470260582,0.05319988940521164,0.0
2013-02-21,22906.669921875,-0.017193683540491445,4.761904655467893e-06,0.0,150.0,0.05506581503655962,0.11013163007311924,0.0
2013-02-22,22782.439453125,-0.005423331683465871,4.761904655467893e-06,0.0,150.0,0.060577037825201546,0.12115407565040309,0.0
2013-02-25,22820.080078125,0.0016521771111230876,4.563492146276289e-06,0.0,150.0,0.05401049108596785,0.1080209821719357,0.0
2013-02-26,22519.689453125,-0.013163434307487343,4.365079341426725e-06,0.0,150.0,0.11425985333036952,0.22851970666073904,0.0
2013-02-27,22577.009765625,0.0025453420492016487,3.96825402738556e-06,0.0,150.0,0.0887188812331198,0.1774377624662396,0.0
2013-02-28,23020.26953125,0.01963323620915869,3.96825402738556e-06,0.0,150.0,0.019970163142242408,0.039940326284484816,0.0
2013-03-01,22880.220703125,-0.006083718000559624,3.96825402738556e-06,0.0,150.0,0.04991652698789039,0.09983305397578078,0.0
2013-03-04,22537.810546875,-0.014965334499733807,3.3730159084948255e-06,0.0,150.0,0.13617189279501693,0.22413633030801602,0.04820745528201783
2013-03-05,22560.5,0.001006728363334597,3.3730159084948255e-06,0.0,150.0,0.13849790521247285,0.24092510731136152,0.03607070311358415
2013-03-06,22777.83984375,0.009633644810620234,3.650793657889441e-06,0.0,150.0,0.09161234992106419,0.127780218363624,0.055444481478504386
2013-03-07,22771.439453125,-0.00028099199348596837,3.571428713344389e-06,0.0,150.0,0.05182588283148694,0.10365176566297388,0.0
2013-03-08,23091.94921875,0.01407507708437894,3.452380853039877e-06,0.0,150.0,0.03538768435679632,0.04964181372710871,0.02113355498648392
2013-03-11,23090.8203125,-4.8887438617972734e-05,3.452380853039877e-06,0.0,150.0,0.06115158485182878,0.10052982182960347,0.02177334787405409
2013-03-12,22890.599609375,-0.008671008669909108,3.650793657889441e-06,0.0,150.0,0.10204936251350545,0.2040987250270109,0.0
2013-03-13,22556.650390625,-0.014588924032083006,3.3730159084948255e-06,0.0,150.0,0.19066377914222707,0.3159679280283978,0.06535963025605636
2013-03-14,22619.1796875,0.0027721002805003447,3.571428713344389e-06,0.0,150.0,0.1033419656337685,0.206683931267537,0.0
2013-03-15,22533.109375,-0.0038051915979766537,3.2936506682918174e-06,0.0,150.0,0.13844553811429974,0.2768910762285995,0.0
2013-03-18,22083.359375,-0.0199595179038623,2.857142734149143e-06,0.0,150.0,0.19173110459310638,0.38346220918621277,0.0
2013-03-19,22041.859375,-0.001879243066930325,2.777777789604095e-06,0.0,150.0,0.21082077952867406,0.4216415590573481,0.0
2013-03-20,22256.439453125,0.009735116918873743,2.5000000402094805e-06,0.0,150.0,0.1510853042519181,0.3021706085038362,0.0
2013-03-21,22225.880859375,-0.0013730225723822542,2.3809523277339444e-06,0.0,150.0,0.16822074656515626,0.3364414931303125,0.0
2013-03-22,22115.30078125,-0.004975284391410595,2.5793649847545313e-06,0.0,150.0,0.17507976816041484,0.3501595363208297,0.0
2013-03-25,22251.150390625,0.006142788231493501,2.3015872353599167e-06,0.0,150.0,0.16445746372783004,0.3289149274556601,0.0
2013-03-26,22311.080078125,0.0026933298480267265,2.857142734149143e-06,0.0,150.0,0.1158728954482941,0.2317457908965882,0.0
2013-03-27,22464.8203125,0.006890757141145176,3.1746031036452616e-06,0.0,150.0,0.08648179541768358,0.17296359083536716,0.0
2013-03-28,22299.630859375,-0.007353250585898752,2.5793649847545313e-06,0.0,150.0,0.08856070230750997,0.17712140461501993,0.0
2013-04-02,22367.8203125,0.0030578736282682595,2.698412845059044e-06,0.0,150.0,0.06737251747874749,0.13474503495749499,0.0
2013-04-03,22337.490234375,-0.0013559693211613322,2.182539670713361e-06,0.0,150.0,0.08965189202957959,0.17930378405915917,0.0
2013-04-05,21726.900390625,-0.02733475593468271,2.3809523277339444e-06,0.0,150.0,0.21891331712780482,0.43782663425560964,0.0
2013-04-08,21718.05078125,-0.0004073111771993876,2.182539670713361e-06,0.0,150.0,0.1968845468842448,0.3937690937684896,0.0
2013-04-09,21870.33984375,0.007012096252739131,2.5000000402094805e-06,0.0,150.0,0.17660681707732165,0.3532136341546433,0.0
2013-04-10,22034.560546875,0.007508831792201409,2.5793649847545313e-06,0.0,150.0,0.10710181156348685,0.2142036231269737,0.0
2013-04-11,22101.26953125,0.0030274706061457213,2.5000000402094805e-06,0.0,150.0,0.11726147197205099,0.23452294394410197,0.0
2013-04-12,22089.05078125,-0.0005528528568335966,2.182539670713361e-06,0.0,150.0,0.13146647626810393,0.26293295253620785,0.0
2013-04-15,21772.669921875,-0.014322972159743319,2.182539670713361e-06,0.0,150.0,0.19705270574355338,0.39410541148710676,0.0
2013-04-16,21672.029296875,-0.004622337332128801,2.0634921060668095e-06,0.0,150.0,0.19060460918401356,0.3812092183680271,0.0
2013-04-17,21569.669921875,-0.00472310984808233,1.984127013692778e-06,0.0,150.0,0.23072610408115576,0.46145220816231153,0.0
2013-04-18,21512.51953125,-0.002649571867905154,1.984127013692778e-06,0.0,150.0,0.2313663976934456,0.4627327953868912,0.0
2013-04-19,22013.5703125,0.023291124989899492,1.7857143566721944e-06,0.0,150.0,0.1461568176226103,0.2923136352452206,0.0
2013-04-22,22044.369140625,0.0013990837327968464,1.7857143566721944e-06,0.0,150.0,0.12320484519748347,0.24640969039496693,0.0
2013-04-23,21806.609375,-0.010785510082338412,1.7857143566721944e-06,0.0,150.0,0.18081445319860717,0.36162890639721434,0.0
2013-04-24,22183.05078125,0.01726272066310175,1.90476192131875e-06,0.0,150.0,0.1275664977016035,0.19244170753535011,0.06269128786785687
2013-04-25,22401.240234375,0.009835863212711127,1.984127013692778e-06,0.0,150.0,0.11265310358688124,0.13781694828075455,0.08748925889300793
2013-04-26,22547.7109375,0.00653850865365202,1.7857143566721944e-06,0.0,150.0,0.14436169623785708,0.1954338252003003,0.09328956727541385
2013-04-29,22580.76953125,0.0014661618574778323,1.7857143566721944e-06,0.0,150.0,0.09957369048530058,0.19914738097060117,0.0
2013-04-30,22737.009765625,0.00691917226996086,1.7857143566721944e-06,0.0,150.0,0.08379777264271414,0.16759554528542828,0.0
2013-05-02,22668.30078125,-0.003021900640552966,1.984127013692778e-06,0.0,150.0,0.06060723573357474,0.12121447146714948,0.0
2013-05-03,22689.9609375,0.0009555262416456323,1.7857143566721944e-06,0.0,150.0,0.09289703459276652,0.18579406918553304,0.0
2013-05-06,22915.08984375,0.009921960944319075,1.1904761638669722e-06,0.0,150.0,0.09721442499347112,0.19442884998694224,0.0
2013-05-07,23047.08984375,0.005760396354544728,1.3888888948020476e-06,0.0,150.0,0.0726020061241108,0.1452040122482216,0.0
2013-05-08,23244.349609375,0.008558988009433888,1.3888888948020476e-06,0.0,150.0,0.07503505874549245,0.1500701174909849,0.0
2013-05-09,23211.48046875,-0.0014140701365007446,1.3888888948020476e-06,0.0,150.0,0.07237609623346787,0.14475219246693574,0.0
2013-05-10,23321.220703125,0.004727842953522243,1.3888888948020476e-06,0.0,150.0,0.06943135415604668,0.13886270831209335,0.0
2013-05-13,22989.810546875,-0.014210669349979277,1.3888888948020476e-06,0.0,150.0,0.04205151410522739,0.08410302821045477,0.0
2013-05-14,22930.279296875,-0.00258946240024982,1.5873015518226308e-06,0.0,150.0,0.0661530278639465,0.132306055727893,0.0
2013-05-15,23044.240234375,0.00496988876692539,1.4682539871760755e-06,0.0,150.0,0.08227193100419096,0.16454386200838192,0.0
2013-05-16,23082.6796875,0.0016680720533219784,9.92063506846389e-07,0.0,150.0,0.06921472336426716,0.13842944672853433,0.0
2013-05-20,23493.029296875,0.017777381782809965,1.3888888948020476e-06,0.0,150.0,0.05834680938556738,0.11669361877113477,0.0
2013-05-21,23366.369140625,-0.005391393108544196,1.5873015518226308e-06,0.0,150.0,0.06005753100011972,0.12011506200023944,0.0
2013-05-22,23261.080078125,-0.0045060086942195765,1.3888888948020476e-06,0.0,150.0,0.06813706734283469,0.13627413468566937,0.0
2013-05-23,22669.6796875,-0.025424459596833593,1.5873015518226308e-06,0.0,150.0,0.18645952085865805,0.31227177016797036,0.060647271549345745
2013-05-24,22618.669921875,-0.0022501317322594083,1.4682539871760755e-06,0.0,150.0,0.18164474284870477,0.30301743839233714,0.06027204730507243
2013-05-27,22686.05078125,0.0029789930003725207,1.4682539871760755e-06,0.0,150.0,0.1360658204188265,0.2197153747662748,0.05241626607137821
2013-05-28,22924.25,0.01049980981911891,1.3888888948020476e-06,0.0,150.0,0.07298402697157878,0.10036346005571652,0.04560459388744106
2013-05-29,22554.9296875,-0.01611046435543151,1.5873015518226308e-06,0.0,150.0,0.1879410864276655,0.25345307678100437,0.1224290960743266
2013-05-30,22484.310546875,-0.003130984738300313,9.92063506846389e-07,0.0,150.0,0.17365419059015996,0.2401538842249246,0.10715449695539535
2013-05-31,22392.16015625,-0.004098430789455931,1.1904761638669722e-06,0.0,150.0,0.20054342205417228,0.29947240374695294,0.1016144403613916
2013-06-03,22282.189453125,-0.004911125249088766,1.1904761638669722e-06,0.0,150.0,0.18400592586532358,0.36801185173064715,0.0
2013-06-04,22285.51953125,0.00014945022041068512,1.5873015518226308e-06,0.0,150.0,0.15514126886738908,0.31028253773477815,0.0
2013-06-05,22069.240234375,-0.009704925055559976,1.7857143566721944e-06,0.0,150.0,0.16899254745884168,0.33798509491768336,0.0
2013-06-06,21838.4296875,-0.010458472716948775,1.7857143566721944e-06,0.0,150.0,0.20438071662276988,0.40876143324553976,0.0
2013-06-07,21575.259765625,-0.012050771307317687,1.5873015518226308e-06,0.0,150.0,0.23673683657590425,0.4734736731518085,0.0
2013-06-10,21615.08984375,0.001846099586177763,1.5873015518226308e-06,0.0,150.0,0.2215337860258878,0.4430675720517756,0.0
2013-06-11,21354.66015625,-0.012048512839066605,1.7857143566721944e-06,0.0,150.0,0.25169328601743934,0.5033865720348787,0.0
2013-06-13,20887.0390625,-0.021897847604619436,1.7063492642981665e-06,0.0,150.0,0.27978231319565844,0.5595646263913169,0.0
2013-06-14,20969.140625,0.0039307420383678515,1.5873015518226308e-06,0.0,150.0,0.28689414800684077,0.5737882960136815,0.0
2013-06-17,21225.900390625,0.012244648944691683,1.5873015518226308e-06,0.0,150.0,0.26390753831240593,0.5278150766248119,0.0
2013-06-18,21225.880859375,-9.201612012343929e-07,1.7857143566721944e-06,0.0,150.0,0.23918996605439433,0.47837993210878865,0.0
2013-06-19,20986.890625,-0.011259378866693481,1.5873015518226308e-06,0.0,150.0,0.2632336061126065,0.526467212225213,0.0
2013-06-20,20382.869140625,-0.028780894472069996,1.5873015518226308e-06,0.0,150.0,0.36438864495543105,0.6098147093157396,0.11896258059512257
2013-06-21,20263.310546875,-0.0058656410402845305,1.5873015518226308e-06,0.0,150.0,0.35219667712446945,0.5870478204512402,0.11734553379769871
2013-06-24,19813.98046875,-0.022174564076564263,1.5873015518226308e-06,0.0,150.0,0.39042822132262206,0.6049883256609846,0.17586811698425955
2013-06-25,19855.720703125,0.002106605204382328,2.3015872353599167e-06,0.0,150.0,0.40702941921934127,0.636551005118166,0.1775078333205166
2013-06-26,20338.55078125,0.02431692535083907,2.182539670713361e-06,0.0,150.0,0.5165860028655944,0.6077817735692777,0.4253902321619112
2013-06-27,20440.080078125,0.004991963191821824,1.7857143566721944e-06,0.0,150.0,0.4867592449781287,0.6155652444534223,0.35795324550283514
2013-06-28,20803.2890625,0.017769450167844925,1.1904761638669722e-06,0.0,150.0,0.4542336285084907,0.4673356281805421,0.4411316288364393
2013-07-02,20658.650390625,-0.006952682887809591,1.3888888948020476e-06,0.0,150.0,0.47470935068959697,0.5479253877374706,0.4014933136417234
2013-07-03,20147.310546875,-0.024751851359179233,1.3888888948020476e-06,0.0,150.0,0.5869238756684353,0.6725084188091163,0.5013393325277543
2013-07-04,20468.669921875,0.01595048501646512,1.3888888948020476e-06,0.0,150.0,0.5985567816354285,0.6232842282016563,0.5738293350692006
2013-07-05,20854.669921875,0.01885808904405062,1.3888888948020476e-06,0.0,150.0,0.46846570832882994,0.46954083731356455,0.46739057934409534
2013-07-08,20582.189453125,-0.01306568120093754,1.3888888948020476e-06,0.0,150.0,0.5113914221977593,0.5173240272066195,0.5054588171888991
2013-07-09,20683.009765625,0.004898425054808309,1.3888888948020476e-06,0.0,150.0,0.40783335823467115,0.46226518043819226,0.3534015360311501
2013-07-10,20904.560546875,0.010711728310365043,1.1904761638669722e-06,0.0,150.0,0.3600021729247455,0.3597148009051042,0.3602895449443868
2013-07-11,21437.490234375,0.025493465232382828,1.1904761638669722e-06,0.0,150.0,0.31275169427846766,0.25354353268149643,0.3719598558754389
2013-07-12,21277.279296875,-0.0074733999058855805,1.1904761638669722e-06,0.0,150.0,0.339551258841269,0.2699846993688488,0.4091178183136893
2013-07-15,21303.310546875,0.0012234294449395833,7.936507759113135e-07,0.0,150.0,0.3093319725433049,0.26058456217605247,0.3580793829105574
2013-07-16,21312.380859375,0.00042577009240152286,1.3888888948020476e-06,0.0,150.0,0.29657672567171933,0.2583642186040541,0.3347892327393846
2013-07-17,21371.869140625,0.0027912546065369526,9.92063506846389e-07,0.0,150.0,0.2178848566262505,0.2566626461007896,0.17910706715171143
2013-07-18,21345.220703125,-0.001246893162439644,8.730158682853453e-07,0.0,150.0,0.20499062197744602,0.22607684951253523,0.18390439444235682
2013-07-19,21362.419921875,0.0008057643905028389,7.936507759113135e-07,0.0,150.0,0.18527462236797754,0.2297953838907966,0.14075386084515845
2013-07-22,21416.5,0.002531552058370634,1.9841269397782539e-07,0.0,150.0,0.19554115434230657,0.23524429097916455,0.1558380177054486
2013-07-23,21915.419921875,0.023296053130763772,7.936507759113135e-07,0.0,150.0,0.20243831453665406,0.24906066433761712,0.15581596473569098
2013-07-24,21968.9296875,0.0024416491135352825,7.936507759113135e-07,0.0,150.0,0.1832279876763001,0.260781132944564,0.1056748424080362
2013-07-25,21900.9609375,-0.0030938580516588488,5.952380819334841e-07,0.0,150.0,0.17874350434619113,0.20061997150121536,0.1568670371911669
2013-07-26,21968.94921875,0.003104351514256365,5.952380819334841e-07,0.0,150.0,0.1952568188658298,0.22286912605892065,0.16764451167273892
2013-07-29,21850.150390625,-0.005407578985325734,7.936507759113135e-07,0.0,150.0,0.2001104477414971,0.15434345521124493,0.24587744027174926
2013-07-30,21953.9609375,0.004751022076239009,1.1904761638669722e-06,0.0,150.0,0.18324412100052156,0.18542500885826124,0.1810632331427819
2013-07-31,21883.66015625,-0.003202191233287577,1.1904761638669722e-06,0.0,150.0,0.1882478930287984,0.1165504339246082,0.2599453521329886
2013-08-01,22088.7890625,0.009373610483135453,1.3888888948020476e-06,0.0,150.0,0.17368164314483123,0.07367665538006453,0.27368663090959794
2013-08-02,22190.970703125,0.00462595031062496,1.1904761638669722e-06,0.0,150.0,0.19013644395960294,0.09423059096385754,0.28604229695534833
2013-08-05,22222.009765625,0.0013987248649574013,1.3888888948020476e-06,0.0,150.0,0.16771619613537786,0.10918102055042499,0.22625137172033075
2013-08-06,21923.69921875,-0.013424102951140493,1.5873015518226308e-06,0.0,150.0,0.18327615260212451,0.060829557977204636,0.3057227472270444
2013-08-07,21588.83984375,-0.015273853725999653,1.5873015518226308e-06,0.0,150.0,0.30863435998949706,0.22791648399831416,0.38935223598068003
2013-08-08,21655.880859375,0.003105355179352509,1.7857143566721944e-06,0.0,150.0,0.3345544454146482,0.26620070103001375,0.40290818979928256
2013-08-09,21807.560546875,0.007004087641825807,1.90476192131875e-06,0.0,150.0,0.2636169013961261,0.1154953427148945,0.4117384600773577
2013-08-12,22271.279296875,0.021264127594796456,1.90476192131875e-06,0.0,150.0,0.20923115919462879,0.0448215369260652,0.37364078146319235
2013-08-13,22541.130859375,0.012116572151194882,2.0634921060668095e-06,0.0,150.0,0.2100341695658982,0.07296057694488246,0.34710776218691397
2013-08-15,22539.25,-8.344121626968626e-05,1.7857143566721944e-06,0.0,150.0,0.22457041145033702,0.0585529778727644,0.3905878450279096
2013-08-16,22517.810546875,-0.0009512052586044817,1.5873015518226308e-06,0.0,150.0,0.2327088000131341,0.04804928946426302,0.4173683105620052
2013-08-19,22463.69921875,-0.0024030457140741257,1.5873015518226308e-06,0.0,150.0,0.22721710597101857,0.039120158632968936,0.41531405330906823
2013-08-20,21970.2890625,-0.02196477754822146,1.7857143566721944e-06,0.0,150.0,0.2758192524799484,0.13712689830727562,0.4145116066526211
2013-08-21,21817.73046875,-0.006943859196208546,1.309523802428016e-06,0.0,150.0,0.2848302226530678,0.15749499248487522,0.4121654528212604
2013-08-22,21895.400390625,0.003559945063316583,7.936507759113135e-07,0.0,150.0,0.2479240881511181,0.08559555051683511,0.4102526257854011
2013-08-23,21863.509765625,-0.001456498827655861,8.730158682853453e-07,0.0,150.0,0.25678425459752613,0.107446489437197,0.4061220197578552
2013-08-26,22005.3203125,0.006486174836300096,5.158730265167024e-07,0.0,150.0,0.23494285693752404,0.07328974001808454,0.39659597385696355
2013-08-27,21874.76953125,-0.005932691703462334,1.309523802428016e-06,0.0,150.0,0.24615512946487447,0.10396070338430036,0.3883495555454486
2013-08-28,21524.650390625,-0.01600561505915865,1.1904761638669722e-06,0.0,150.0,0.3177790263046756,0.25079858489272006,0.38475946771663105
2013-08-29,21704.779296875,0.008368493935142052,7.936507759113135e-07,0.0,150.0,0.24997472920308614,0.12077774363971255,0.3791717147664597
2013-08-30,21731.369140625,0.0012250686075314654,7.936507759113135e-07,0.0,150.0,0.2326232412232117,0.09391939347136372,0.3713270889750597
2013-09-02,22175.33984375,0.020429946233577745,7.936507759113135e-07,0.0,150.0,0.1984368093529536,0.04231130648763104,0.35456231221827617
2013-09-03,22394.580078125,0.00988666852096931,5.952380819334841e-07,0.0,150.0,0.19035237682053172,0.045956465105221285,0.33474828853584215
2013-09-04,22326.220703125,-0.003052496396964033,5.952380819334841e-07,0.0,150.0,0.1759239946569679,0.03940077784789766,0.31244721146603815
2013-09-05,22597.970703125,0.012171786869506374,5.952380819334841e-07,0.0,150.0,0.17098758236489728,0.052863455128310664,0.2891117096014839
2013-09-06,22621.220703125,0.0010288534446496467,5.952380819334841e-07,0.0,150.0,0.1519212027963534,0.03811558473944851,0.26572682085325827
2013-09-09,22750.650390625,0.005721604912422684,3.9682538795565474e-07,0.0,150.0,0.14752191630025915,0.050713780434204755,0.24433005216631354
2013-09-10,22976.650390625,0.00993378194115846,5.952380819334841e-07,0.0,150.0,0.1355970224282619,0.08840425858976075,0.18278978626676307
2013-09-11,22937.140625,-0.001719561596372654,5.952380819334841e-07,0.0,150.0,0.13736637041017033,0.0663166979502635,0.20841604287007717
2013-09-12,22953.720703125,0.0007228485187438238,3.9682538795565474e-07,0.0,150.0,0.11468023587547652,0.0683544696207455,0.16100600213020752
2013-09-13,22915.279296875,-0.0016747352966077766,3.9682538795565474e-07,0.0,150.0,0.0963023946634215,0.05517105665642273,0.13743373267042028
2013-09-16,23252.41015625,0.014712055437219762,1.1904762008242064e-07,0.0,150.0,0.12053683375881939,0.11686844904976935,0.12420521846786943
2013-09-17,23180.51953125,-0.0030917493935860296,1.9841269397782539e-07,0.0,150.0,0.10819685754115466,0.08706915324018939,0.1293245618421199
2013-09-18,23117.44921875,-0.0027208325686994828,1.9841269397782539e-07,0.0,150.0,0.09526566235780165,0.07088996489337653,0.11964135982222679
2013-09-19,23502.509765625,0.016656705643920633,1.9841269397782539e-07,0.0,150.0,0.12377928860911512,0.1480940557389547,0.09946452147927554
2013-09-23,23371.5390625,-0.00557262626124122,1.9841269397782539e-07,0.0,150.0,0.08608831764811786,0.09447181222690533,0.07770482306933041
2013-09-24,23179.0390625,-0.008236513628187558,5.952380819334841e-07,0.0,150.0,0.06590507476732327,0.06083899100148693,0.0709711585331596
2013-09-25,23209.630859375,0.0013198043625757272,5.952380819334841e-07,0.0,150.0,0.06479396507843047,0.07250895406943741,0.057078976087423516
2013-09-26,23125.029296875,-0.0036451059050698342,1.1904762008242064e-07,0.0,150.0,0.05963473644485353,0.07586049600388338,0.04340897688582368
2013-09-27,23207.0390625,0.003546363750383863,1.9841269397782539e-07,0.0,150.0,0.060845223946623214,0.09216665597919191,0.02952379191405452
2013-09-30,22859.859375,-0.014960102689748345,1.9841269397782539e-07,0.0,150.0,0.09525313950945385,0.17213759938026263,0.01836867963864508
2013-10-02,22984.48046875,0.005451524950599085,3.9682538795565474e-07,0.0,150.0,0.09967309981511879,0.192856646693354,0.00648955293688358
2013-10-03,23214.400390625,0.010003268169911594,7.936507759113135e-07,0.0,150.0,0.056785203319984504,0.11357040663996901,0.0
2013-10-04,23138.5390625,-0.003267856453257223,7.142856835372857e-07,0.0,150.0,0.02492122273901898,0.04984244547803796,0.0
2013-10-07,22973.94921875,-0.007113234042366412,7.142856835372857e-07,0.0,150.0,0.044139102672648076,0.08827820534529615,0.0
2013-10-08,23178.849609375,0.008918814465637137,1.7857143566721944e-06,0.0,150.0,0.01925331746962594,0.03850663493925188,0.0
2013-10-09,23033.970703125,-0.006250478720540187,1.4682539871760755e-06,0.0,150.0,0.018428138316767054,0.03685627663353411,0.0
2013-10-10,22951.30078125,-0.0035890434584856523,1.5873015518226308e-06,0.0,150.0,0.022807015780222463,0.045614031560444926,0.0
2013-10-11,23218.3203125,0.01163417855026938,2.5000000402094805e-06,0.0,150.0,0.030614249451468057,0.061228498902936114,0.0
2013-10-15,23336.51953125,0.005090773887134414,3.650793657889441e-06,0.0,150.0,0.037560836121428375,0.07512167224285675,0.0
2013-10-16,23228.330078125,-0.0046360577883143295,3.650793657889441e-06,0.0,150.0,0.0398632222495964,0.0797264444991928,0.0
2013-10-17,23094.880859375,-0.005745106010684564,1.4682539871760755e-06,0.0,150.0,0.07711958178511304,0.15423916357022607,0.0
2013-10-18,23340.099609375,0.010617883308995602,9.92063506846389e-07,0.0,150.0,0.042730634034412476,0.08546126806882495,0.0
2013-10-21,23438.150390625,0.004200958131756138,9.92063506846389e-07,0.0,150.0,0.048188180612374364,0.09637636122474873,0.0
2013-10-22,23315.990234375,-0.005212022033055264,1.309523802428016e-06,0.0,150.0,0.0504498498552164,0.1008996997104328,0.0
2013-10-23,22999.94921875,-0.013554689826514754,1.1904761638669722e-06,0.0,150.0,0.10143587060748674,0.20287174121497348,0.0
2013-10-24,22835.8203125,-0.007136055157730525,1.1904761638669722e-06,0.0,150.0,0.12285371396928035,0.2457074279385607,0.0
2013-10-25,22698.33984375,-0.006020386693739499,1.1904761638669722e-06,0.0,150.0,0.1448587514996441,0.2897175029992882,0.0
2013-10-28,22806.580078125,0.004768641016043462,7.936507759113135e-07,0.0,150.0,0.1194976904942798,0.2389953809885596,0.0
2013-10-29,22846.5390625,0.0017520813834479565,1.5873015518226308e-06,0.0,150.0,0.11748470533911337,0.23496941067822674,0.0
2013-10-30,23304.01953125,0.020024059989939724,1.3888888948020476e-06,0.0,150.0,0.050751200784946104,0.10150240156989221,0.0
2013-10-31,23206.369140625,-0.004190281015429731,1.309523802428016e-06,0.0,150.0,0.03895554143601086,0.07791108287202173,0.0
2013-11-01,23249.7890625,0.001871034697926488,1.309523802428016e-06,0.0,150.0,0.03860439070106848,0.07720878140213697,0.0
2013-11-04,23189.619140625,-0.0025879771086633196,1.309523802428016e-06,0.0,150.0,0.06573851736610359,0.13147703473220718,0.0
2013-11-05,23038.94921875,-0.006497300406760331,1.7857143566721944e-06,0.0,150.0,0.09240873927462746,0.18481747854925493,0.0
2013-11-06,23036.939453125,-8.723338924521151e-05,1.7857143566721944e-06,0.0,150.0,0.0886357631368768,0.1772715262737536,0.0
2013-11-07,22881.029296875,-0.0067678328784620545,1.90476192131875e-06,0.0,150.0,0.11323451732251698,0.22646903464503396,0.0
2013-11-08,22744.390625,-0.005971701277165065,2.0634921060668095e-06,0.0,150.0,0.12347198494279704,0.24694396988559408,0.0
2013-11-11,23069.849609375,0.014309417638002753,2.0634921060668095e-06,0.0,150.0,0.06214345399480966,0.12428690798961932,0.0
2013-11-12,22901.41015625,-0.007301280934945975,2.3015872353599167e-06,0.0,150.0,0.09613602656655804,0.19227205313311607,0.0
2013-11-13,22463.830078125,-0.019107123759607436,2.777777789604095e-06,0.0,150.0,0.18354716300088944,0.3670943260017789,0.0
2013-11-14,22649.150390625,0.008249720188208798,2.698412845059044e-06,0.0,150.0,0.1346040094786046,0.2692080189572092,0.0
2013-11-15,23032.150390625,0.016910126578457918,2.777777789604095e-06,0.0,150.0,0.06862996735936333,0.11665970153950908,0.02060023317921757
2013-11-18,23660.060546875,0.02726233311265558,2.5793649847545313e-06,0.0,150.0,0.16956425949529758,0.09546628096549854,0.24366223802509662
2013-11-19,23657.810546875,-9.509696712495241e-05,3.1746031036452616e-06,0.0,150.0,0.17083648691225867,0.11899521615734501,0.22267775766717232
2013-11-20,23700.859375,0.0018196454840866405,3.0555555389987068e-06,0.0,150.0,0.1982662626956419,0.1760329379720245,0.22049958741925935
2013-11-21,23580.2890625,-0.005087170494213367,2.777777789604095e-06,0.0,150.0,0.189143393080792,0.16655276470934807,0.21173402145223594
2013-11-22,23696.279296875,0.004918948790982425,2.5793649847545313e-06,0.0,150.0,0.17678350935907264,0.16880382591845117,0.1847631927996941
2013-11-25,23684.44921875,-0.0004992377907430123,2.3809523277339444e-06,0.0,150.0,0.1908291280992201,0.22824116420132956,0.15341709199711065
2013-11-26,23681.279296875,-0.0001338397969791183,2.698412845059044e-06,0.0,150.0,0.18927839460238804,0.255912535870858,0.1226442533339181
2013-11-27,23806.349609375,0.00528140016981693,2.5000000402094805e-06,0.0,150.0,0.10102098708550548,0.20204197417101097,0.0
2013-11-28,23789.08984375,-0.0007250068115526309,2.5000000402094805e-06,0.0,150.0,0.11838441401295026,0.23676882802590052,0.0
2013-11-29,23881.2890625,0.0038756934105330654,2.182539670713361e-06,0.0,150.0,0.09935046197118398,0.19870092394236796,0.0
2013-12-02,24038.55078125,0.006585143638537572,1.984127013692778e-06,0.0,150.0,0.08721429367228174,0.17442858734456348,0.0
2013-12-03,23910.470703125,-0.005328111469386165,1.3888888948020476e-06,0.0,150.0,0.07551620278048092,0.15103240556096184,0.0
2013-12-04,23728.69921875,-0.007602170891233939,2.0634921060668095e-06,0.0,150.0,0.07146601929720536,0.14293203859441073,0.0
2013-12-05,23712.5703125,-0.0006797214672962237,1.90476192131875e-06,0.0,150.0,0.05180501734278392,0.10361003468556784,0.0
2013-12-06,23743.099609375,0.0012874731196435008,2.0634921060668095e-06,0.0,150.0,0.04869129377037916,0.09738258754075832,0.0
2013-12-09,23811.169921875,0.002866951393032169,2.0634921060668095e-06,0.0,150.0,0.062482913929501005,0.12496582785900201,0.0
2013-12-10,23744.189453125,-0.00281298520693285,2.777777789604095e-06,0.0,150.0,0.07280491686745957,0.14560983373491915,0.0
2013-12-11,23338.240234375,-0.017096781490537394,2.698412845059044e-06,0.0,150.0,0.12468209126382947,0.24936418252765893,0.0
2013-12-12,23218.119140625,-0.00514696449019636,2.5000000402094805e-06,0.0,150.0,0.14042467491917313,0.28084934983834625,0.0
2013-12-13,23245.9609375,0.0011991409255147634,2.3809523277339444e-06,0.0,150.0,0.11120584398163895,0.2224116879632779,0.0
2013-12-16,23114.66015625,-0.005648326675030568,2.3015872353599167e-06,0.0,150.0,0.11462449310717213,0.22924898621434425,0.0
2013-12-17,23069.23046875,-0.001965405815742227,2.5000000402094805e-06,0.0,150.0,0.14132213229274032,0.28264426458548064,0.0
2013-12-18,23143.8203125,0.0032333043727246213,2.3809523277339444e-06,0.0,150.0,0.11824969592948527,0.23649939185897054,0.0
2013-12-19,22888.75,-0.011021098032040766,2.3015872353599167e-06,0.0,150.0,0.16081626164224028,0.32163252328448055,0.0
2013-12-20,22812.1796875,-0.0033453252143520462,2.182539670713361e-06,0.0,150.0,0.16301657479858706,0.3260331495971741,0.0
2013-12-23,22921.560546875,0.004794844722134872,2.3015872353599167e-06,0.0,150.0,0.14997414565755016,0.2999482913151003,0.0
2013-12-24,23179.55078125,0.01125535208858941,2.698412845059044e-06,0.0,150.0,0.08880383797521343,0.17760767595042687,0.0
2013-12-27,23243.240234375,0.0027476569207940393,2.3015872353599167e-06,0.0,150.0,0.06780937626907226,0.1356187525381445,0.0
2013-12-30,23244.869140625,7.008085936277553e-05,2.182539670713361e-06,0.0,150.0,0.07766349247207772,0.15532698494415545,0.0
2013-12-31,23306.390625,0.002646669422091019,2.5000000402094805e-06,0.0,150.0,0.08181209642991252,0.16362419285982505,0.0
2014-01-02,23340.05078125,0.0014442457775463158,2.3015872353599167e-06,0.0,30.0,0.06512147344346175,0.1302429468869235,0.0
2014-01-03,22817.279296875,-0.022398044000613848,2.3015872353599167e-06,0.0,30.0,0.1458475639054657,0.2916951278109314,0.0
2014-01-06,22684.150390625,-0.005834565309819073,1.7857143566721944e-06,0.0,30.0,0.14553639756813808,0.29107279513627615,0.0
2014-01-07,22712.779296875,0.0012620664982820884,1.7063492642981665e-06,0.0,30.0,0.13769223948262943,0.27538447896525886,0.0
2014-01-08,22996.58984375,0.012495632664120793,1.5873015518226308e-06,0.0,30.0,0.07352922411271305,0.1470584482254261,0.0
2014-01-09,22787.330078125,-0.009099599855753038,1.309523802428016e-06,0.0,30.0,0.11394951359749818,0.22789902719499636,0.0
2014-01-10,22846.25,0.0025856439377933693,1.309523802428016e-06,0.0,30.0,0.09557699598700828,0.19115399197401656,0.0
2014-01-13,22888.759765625,0.0018606889806860316,1.1904761638669722e-06,0.0,30.0,0.09282616408726281,0.18565232817452562,0.0
2014-01-14,22791.279296875,-0.004258879456474518,1.309523802428016e-06,0.0,30.0,0.09242142498389028,0.18484284996778055,0.0
2014-01-15,22902.0,0.004858029322653223,1.3888888948020476e-06,0.0,30.0,0.08288266143823325,0.1657653228764665,0.0
2014-01-16,22986.41015625,0.0036857111278489896,1.1904761638669722e-06,0.0,30.0,0.08470224635752985,0.1694044927150597,0.0
2014-01-17,23133.349609375,0.00639244893509594,1.1904761638669722e-06,0.0,30.0,0.06036157178754816,0.12072314357509632,0.0
2014-01-20,22928.94921875,-0.008835745539511719,1.1904761638669722e-06,0.0,30.0,0.09536407471056711,0.19072814942113422,0.0
2014-01-21,23033.119140625,0.004543161611165969,1.1111111454074327e-06,0.0,30.0,0.09801343404788034,0.19602686809576067,0.0
2014-01-22,23082.25,0.002133052804313529,1.1904761638669722e-06,0.0,30.0,0.06820227417397501,0.13640454834795002,0.0
2014-01-23,22733.900390625,-0.015091666079996569,1.1904761638669722e-06,0.0,30.0,0.13847678253400192,0.27695356506800384,0.0
2014-01-24,22450.060546875,-0.012485312193373121,1.309523802428016e-06,0.0,30.0,0.1939098696344963,0.3878197392689926,0.0
2014-01-27,21976.099609375,-0.02111178883060849,1.90476192131875e-06,0.0,30.0,0.2390032782640462,0.4780065565280924,0.0
2014-01-28,21960.640625,-0.0007034453178581535,1.7857143566721944e-06,0.0,30.0,0.22834112655567718,0.45668225311135435,0.0
2014-01-29,22141.609375,0.0082405952125999,1.5873015518226308e-06,0.0,30.0,0.20958507503393703,0.41917015006787406,0.0
2014-01-30,22035.419921875,-0.00479592297590159,5.952380819334841e-07,0.0,30.0,0.18718434919251747,0.37436869838503495,0.0
2014-02-04,21397.76953125,-0.02893751936136202,2.182539670713361e-06,0.0,30.0,0.33227847749982664,0.5649844400969737,0.09957251490267965
2014-02-05,21269.380859375,-0.006000096023442869,2.182539670713361e-06,0.0,30.0,0.3372627526688036,0.5746639100130478,0.0998615953245594
2014-02-06,21423.130859375,0.007228701249770042,2.3809523277339444e-06,0.0,30.0,0.32153389416867617,0.5186348459876526,0.12443294234969973
2014-02-07,21636.849609375,0.009976074524442158,2.857142734149143e-06,0.0,30.0,0.31297421084932,0.43504609244904174,0.19090232924959818
2014-02-10,21579.259765625,-0.0026616556841549954,2.182539670713361e-06,0.0,30.0,0.3054400341470089,0.4451623942965613,0.16571767399745643
2014-02-11,21962.98046875,0.01778192149743041,1.7857143566721944e-06,0.0,30.0,0.28385444424624195,0.28488531190914,0.2828235765833439
2014-02-12,22285.7890625,0.01469785005770552,1.7063492642981665e-06,0.0,30.0,0.19263670788059645,0.1649385909057445,0.22033482485544842
2014-02-13,22165.529296875,-0.0053962534280358465,9.92063506846389e-07,0.0,30.0,0.21310315502371446,0.19343364715543848,0.23277266289199047
2014-02-14,22298.41015625,0.005994932834459066,3.9682538795565474e-07,0.0,30.0,0.20236405667708335,0.1805484532560568,0.22417966009810986
2014-02-17,22535.939453125,0.01065229741540219,3.9682538795565474e-07,0.0,30.0,0.18551126743667273,0.13387253484470044,0.23715000002864503
2014-02-18,22587.720703125,0.0022977187220309947,5.952380819334841e-07,0.0,30.0,0.04788359185861967,0.09576718371723934,0.0
2014-02-19,22664.51953125,0.0034000255773649624,1.7857143566721944e-06,0.0,30.0,0.04320229438956292,0.08640458877912584,0.0
2014-02-20,22394.080078125,-0.011932282647868053,1.5873015518226308e-06,0.0,30.0,0.05878619667223905,0.1175723933444781,0.0
2014-02-21,22568.240234375,0.007777062314791028,1.3888888948020476e-06,0.0,30.0,0.04131248323139117,0.08262496646278233,0.0
2014-02-24,22388.560546875,-0.007961617105897267,1.309523802428016e-06,0.0,30.0,0.05716250616667235,0.1143250123333447,0.0
2014-02-25,22317.19921875,-0.0031874013505955867,1.5873015518226308e-06,0.0,30.0,0.07843445155370604,0.15686890310741208,0.0
2014-02-26,22437.439453125,0.005387783350250253,1.5873015518226308e-06,0.0,30.0,0.0516505256535808,0.1033010513071616,0.0
2014-02-27,22828.1796875,0.017414653538845748,1.3888888948020476e-06,0.0,30.0,0.030842603715587336,0.06168520743117467,0.0
2014-02-28,22836.9609375,0.0003846671140761426,1.7063492642981665e-06,0.0,30.0,0.028464325609011062,0.056928651218022125,0.0
2014-03-03,22500.669921875,-0.014725734152865488,1.7063492642981665e-06,0.0,30.0,0.06345263710688487,0.12690527421376974,0.0
2014-03-04,22657.630859375,0.006975833966054612,1.90476192131875e-06,0.0,30.0,0.04951112618408342,0.09902225236816684,0.0
2014-03-05,22579.779296875,-0.0034359974784295977,1.984127013692778e-06,0.0,30.0,0.08149826235193382,0.16299652470386763,0.0
2014-03-06,22702.970703125,0.005455828625705372,1.7857143566721944e-06,0.0,30.0,0.056605217145567495,0.11321043429113499,0.0
2014-03-07,22660.490234375,-0.0018711414160506035,1.7857143566721944e-06,0.0,30.0,0.07755748621229179,0.15511497242458358,0.0
2014-03-10,22264.9296875,-0.017455957165258162,1.5873015518226308e-06,0.0,30.0,0.14255439780727214,0.2851087956145443,0.0
2014-03-11,22269.609375,0.00021018200217470806,1.7857143566721944e-06,0.0,30.0,0.1351039395439814,0.2702078790879628,0.0
2014-03-12,21901.94921875,-0.016509501808448346,1.5873015518226308e-06,0.0,30.0,0.23038908138617986,0.408964318220878,0.05181384455148177
2014-03-13,21756.080078125,-0.006660098567853656,1.5873015518226308e-06,0.0,30.0,0.2316092013016828,0.4632184026033656,0.0
2014-03-14,21539.490234375,-0.009955370773238381,1.5873015518226308e-06,0.0,30.0,0.24702153533856716,0.4888505693716811,0.005192501305453234
2014-03-17,21473.94921875,-0.0030428303971837822,1.7063492642981665e-06,0.0,30.0,0.25096110650385406,0.48261176680640205,0.019310446201306064
2014-03-18,21583.5,0.005101566560208992,1.984127013692778e-06,0.0,30.0,0.21725277666080844,0.4066078045671262,0.027897748754490692
2014-03-19,21568.689453125,-0.0006861976451919549,1.984127013692778e-06,0.0,30.0,0.20358038335588924,0.37228552011832305,0.03487524659345542
2014-03-20,21182.16015625,-0.017920852248118235,2.0634921060668095e-06,0.0,30.0,0.2742769473614127,0.5029897745957104,0.04556412012711508
2014-03-21,21436.69921875,0.012016671605841633,1.7857143566721944e-06,0.0,30.0,0.2211015617180863,0.38492711676045094,0.057276006675721636
2014-03-24,21846.44921875,0.01911441662817226,1.7063492642981665e-06,0.0,30.0,0.1465323070809439,0.20008968648657624,0.09297492767531156
2014-03-25,21732.3203125,-0.005224139863976074,1.7857143566721944e-06,0.0,30.0,0.17887092475440866,0.26321782233064084,0.09452402717817648
2014-03-26,21887.75,0.0071520061026617565,1.4682539871760755e-06,0.0,30.0,0.17366440093826355,0.2657565787953505,0.08157222308117662
2014-03-27,21834.44921875,-0.0024351877762675,1.309523802428016e-06,0.0,30.0,0.1721046164981691,0.25447777359244816,0.08973145940389005
2014-03-28,22065.529296875,0.010583279468600715,1.309523802428016e-06,0.0,30.0,0.13718531094224776,0.1765205172892193,0.09785010459527621
2014-03-31,22151.060546875,0.0038762383104089526,1.1111111454074327e-06,0.0,30.0,0.13039339746620066,0.15402969390072543,0.1067571010316759
2014-04-01,22448.5390625,0.013429538283076248,1.1904761638669722e-06,0.0,30.0,0.09806476049139162,0.09470035286105682,0.10142916812172643
2014-04-02,22523.939453125,0.0033588105851820593,7.142856835372857e-07,0.0,30.0,0.09069983536531809,0.09079758628790773,0.09060208444272844
2014-04-03,22565.080078125,0.0018265288399312851,5.952380819334841e-07,0.0,30.0,0.10580018908741601,0.11457054356389182,0.09702983461094018
2014-04-04,22510.080078125,-0.002437394408066784,7.936507759113135e-07,0.0,30.0,0.11392668866046299,0.12170020606950992,0.10615317125141607
2014-04-07,22377.150390625,-0.0059053404980633495,7.936507759113135e-07,0.0,30.0,0.12794241968136594,0.15068966142200693,0.10519517794072492
2014-04-08,22596.970703125,0.009823427409778374,9.92063506846389e-07,0.0,30.0,0.10035556283940668,0.09169852120285618,0.10901260447595718
2014-04-09,22843.169921875,0.010895231134496752,1.1111111454074327e-06,0.0,30.0,0.10533706913804686,0.10346289811399258,0.10721124016210112
2014-04-10,23186.9609375,0.015050057273171102,1.1111111454074327e-06,0.0,30.0,0.1063991739524191,0.13659610318076787,0.07620224472407032
2014-04-11,23003.640625,-0.007906181107310117,1.1904761638669722e-06,0.0,30.0,0.09362688297516358,0.0806248072963912,0.10662895865393597
2014-04-14,23038.80078125,0.0015284605086287595,1.1904761638669722e-06,0.0,30.0,0.07503912494044243,0.07403788659791304,0.07604036328297181
2014-04-15,22671.259765625,-0.0159531313767044,1.1904761638669722e-06,0.0,30.0,0.09972832904599699,0.1019293517072833,0.09752730638471067
2014-04-16,22696.009765625,0.0010916905481153094,9.92063506846389e-07,0.0,30.0,0.11222742324891238,0.12967037259695716,0.0947844739008676
2014-04-17,22760.240234375,0.0028300335351143513,9.92063506846389e-07,0.0,30.0,0.10372579530223022,0.11569372414251083,0.09175786646194962
2014-04-22,22730.6796875,-0.0012987800906579805,9.92063506846389e-07,0.0,30.0,0.10819256382041947,0.11139766118481305,0.10498746645602591
2014-04-23,22509.640625,-0.009724261022496128,5.952380819334841e-07,0.0,30.0,0.16501467187817398,0.22642623107172535,0.10360311268462263
2014-04-24,22562.80078125,0.0023616617046724464,2.777777863518571e-07,0.0,30.0,0.11908364308604039,0.13689955456440825,0.10126773160767252
2014-04-25,22223.529296875,-0.015036762840938578,2.777777863518571e-07,0.0,30.0,0.20242131341073438,0.2980530144871276,0.10678961233434112
2014-04-28,22132.529296875,-0.004094759152984628,1.1904762008242064e-07,0.0,30.0,0.21788646493116018,0.3245387460561833,0.11123418380613703
2014-04-29,22453.890625,0.014519864576452823,5.952380819334841e-07,0.0,30.0,0.1356138580174831,0.15721181193187098,0.11401590410309526
2014-04-30,22133.970703125,-0.014247861415998986,7.936507759113135e-07,0.0,30.0,0.21282477452951043,0.3047439765273299,0.12090557253169099
2014-05-02,22260.669921875,0.005724197454192614,5.952380819334841e-07,0.0,30.0,0.1757332202782645,0.22455839711507966,0.12690804344144935
2014-05-05,21976.330078125,-0.012773193472968458,5.952380819334841e-07,0.0,30.0,0.23472485882931335,0.3350869104680622,0.13436280719056448
2014-05-07,21746.259765625,-0.010469005137896503,7.936507759113135e-07,0.0,30.0,0.27419775460012585,0.40709259564107797,0.14130291355917368
2014-05-08,21837.119140625,0.004178161025355953,8.730158682853453e-07,0.0,30.0,0.2544421737724908,0.3597290816447167,0.14915526590026484
2014-05-09,21862.990234375,0.00118473016442322,8.730158682853453e-07,0.0,30.0,0.22823217357964723,0.3012833922633929,0.15518095489590156
2014-05-12,22261.609375,0.018232599308316777,7.936507759113135e-07,0.0,30.0,0.1526561111448114,0.1476269175737362,0.1576853047158866
2014-05-13,22352.380859375,0.0040774897648208075,7.936507759113135e-07,0.0,30.0,0.14883721133383176,0.13695201406367305,0.16072240860399045
2014-05-14,22582.76953125,0.010307120003208547,7.936507759113135e-07,0.0,30.0,0.1262467344528703,0.08679081463590582,0.16570265426983477
2014-05-15,22730.859375,0.006557647570421876,7.142856835372857e-07,0.0,30.0,0.10721012133419591,0.07275752413053126,0.14166271853786058
2014-05-16,22712.91015625,-0.0007896410097781859,5.952380819334841e-07,0.0,30.0,0.10216168090602307,0.06342257739230031,0.14090078441974582
2014-05-19,22704.5,-0.0003702808751562259,7.142856835372857e-07,0.0,30.0,0.11955943923960943,0.06841986861077644,0.17069900986844244
2014-05-20,22834.6796875,0.005733651368671433,9.92063506846389e-07,0.0,30.0,0.09627893147822367,0.063325551724895,0.12923231123155235
2014-05-21,22836.51953125,8.057234763869658e-05,9.92063506846389e-07,0.0,30.0,0.0999900015544608,0.0730353414572472,0.12694466165167442
2014-05-22,22953.759765625,0.005133892413621277,1.1111111454074327e-06,0.0,30.0,0.08098168599992459,0.06785262310319838,0.09411074889665079
2014-05-23,22965.859375,0.0005271297381581608,1.1111111454074327e-06,0.0,30.0,0.059932688970473005,0.0657455532006203,0.05411982474032571
2014-05-26,22963.1796875,-0.00011668135105435962,1.1111111454074327e-06,0.0,30.0,0.07210396954365603,0.06655541787585448,0.07765252121145759
2014-05-27,22944.30078125,-0.0008221381579954778,1.1111111454074327e-06,0.0,30.0,0.08253758195772332,0.0683573134142408,0.09671785050120585
2014-05-28,23080.029296875,0.005915565565454806,1.1111111454074327e-06,0.0,30.0,0.0857669301932941,0.08227199850112517,0.089261861885463
2014-05-29,23010.140625,-0.0030281015234440156,1.1904761638669722e-06,0.0,30.0,0.10180211206237454,0.09074159085756388,0.1128626332671852
2014-05-30,23081.650390625,0.0031077500477032505,1.1904761638669722e-06,0.0,30.0,0.10140875934215732,0.10132917525672783,0.10148834342758682
2014-06-03,23291.0390625,0.009071650784557628,1.1904761638669722e-06,0.0,30.0,0.10117845746557554,0.11419789107195621,0.08815902385919486
2014-06-04,23151.7109375,-0.005982048487666147,1.1904761638669722e-06,0.0,30.0,0.08229760002094266,0.08576696901537052,0.07882823102651482
2014-06-05,23109.66015625,-0.0018163141965412688,1.1904761638669722e-06,0.0,30.0,0.08082630323266253,0.09303170014189527,0.06862090632342979
2014-06-06,22951.0,-0.006865533944560909,1.1111111454074327e-06,0.0,30.0,0.11350453392593857,0.154119252438642,0.07288981541323514
2014-06-09,23117.470703125,0.007253309360158555,1.1904761638669722e-06,0.0,30.0,0.09233194015643621,0.12183820879188725,0.06282567152098517
2014-06-10,23315.740234375,0.008576610036460375,1.3888888948020476e-06,0.0,30.0,0.07110565310612268,0.09176239116803313,0.05044891504421223
2014-06-11,23257.2890625,-0.0025069404311179877,1.309523802428016e-06,0.0,30.0,0.057555567134600825,0.07518934714250174,0.039921787126699915
2014-06-12,23175.01953125,-0.003537365469763687,1.309523802428016e-06,0.0,30.0,0.05092098554213025,0.07222760968843832,0.029614361395822186
2014-06-13,23319.169921875,0.0062200763382582736,1.1904761638669722e-06,0.0,30.0,0.04989765165649148,0.07829136647358974,0.021503936839393223
2014-06-16,23300.669921875,-0.0007933387021056282,9.92063506846389e-07,0.0,30.0,0.048930894029406466,0.08323798488268927,0.014623803176123662
2014-06-17,23203.58984375,-0.004166407165566488,1.309523802428016e-06,0.0,30.0,0.04645831601531535,0.08206881752438776,0.010847814506242948
2014-06-18,23181.720703125,-0.0009424895359840813,7.142856835372857e-07,0.0,30.0,0.04730510218315604,0.08665528434544036,0.007954920020871725
2014-06-19,23167.73046875,-0.0006035028440798396,3.9682538795565474e-07,0.0,30.0,0.054420431928244105,0.10363302164567116,0.005207842210817049
2014-06-20,23194.060546875,0.0011364979474581816,3.9682538795565474e-07,0.0,30.0,0.06248254484712858,0.12287151081961259,0.002093578874644564
2014-06-23,22804.810546875,-0.016782313696790174,1.9841269397782539e-07,0.0,30.0,0.10436961744867379,0.20759148699756635,0.0011477478997812263
2014-06-24,22880.640625,0.0033251790436554796,8.730158682853453e-07,0.0,30.0,0.09536274992724805,0.18948765319551036,0.0012378466589857418
2014-06-25,22866.69921875,-0.0006093101359568864,7.936507759113135e-07,0.0,30.0,0.104202159587887,0.20488131333167242,0.00352300584410159
2014-06-26,23197.830078125,0.014480920757617755,9.92063506846389e-07,0.0,30.0,0.04299057932091487,0.08030953286737484,0.005671625774454903
2014-06-27,23221.51953125,0.001021192630742629,7.142856835372857e-07,0.0,30.0,0.03520111714777883,0.06482950631316071,0.005572727982396941
2014-06-30,23190.720703125,-0.0013263054591906576,7.936507759113135e-07,0.0,30.0,0.035855349158797296,0.06557524949129136,0.006135448826303236
2014-07-02,23549.619140625,0.015475950148096773,2.777777863518571e-07,0.0,30.0,0.03288153398843726,0.0652485815620613,0.00051448641481322
2014-07-03,23531.439453125,-0.0007719737373008684,1.1904762008242064e-07,0.0,30.0,0.03240974249235197,0.06481948498470394,0.0
2014-07-04,23546.359375,0.0006340420400001712,1.1904762008242064e-07,0.0,30.0,0.03725353647634055,0.0745070729526811,0.0
2014-07-07,23540.919921875,-0.00023101036718120582,2.777777863518571e-07,0.0,30.0,0.036791580783807266,0.07358316156761453,0.0
2014-07-08,23541.380859375,1.9580267106356075e-05,9.92063506846389e-07,0.0,30.0,0.03924098701544712,0.07848197403089424,0.0
2014-07-09,23176.0703125,-0.015517804544142533,5.952380819334841e-07,0.0,30.0,0.03536932844022333,0.07073865688044666,0.0
2014-07-10,23238.990234375,0.0027148658520017577,5.952380819334841e-07,0.0,30.0,0.029751715127353046,0.05950343025470609,0.0
2014-07-11,23233.44921875,-0.0002384361613442243,5.952380819334841e-07,0.0,30.0,0.030986738672938833,0.061973477345877666,0.0
2014-07-14,23346.669921875,0.0048731766884457794,5.952380819334841e-07,0.0,30.0,0.029246024827419465,0.05849204965483893,0.0
2014-07-15,23459.9609375,0.004852555675139314,7.936507759113135e-07,0.0,30.0,0.02537316996336879,0.05074633992673758,0.0
2014-07-16,23523.279296875,0.0026989967947383953,7.142856835372857e-07,0.0,30.0,0.025219030662467928,0.050438061324935855,0.0
2014-07-17,23520.869140625,-0.00010245834433131318,2.777777863518571e-07,0.0,30.0,0.02764299499952603,0.05528598999905206,0.0
2014-07-18,23454.7890625,-0.0028094233138208358,3.9682538795565474e-07,0.0,30.0,0.03767127717393072,0.07534255434786144,0.0
2014-07-21,23387.140625,-0.0028842057508911,5.158730265167024e-07,0.0,30.0,0.035224904772726544,0.07044980954545309,0.0
2014-07-22,23782.109375,0.01688828729997849,7.936507759113135e-07,0.0,30.0,0.04065213436194374,0.08130426872388748,0.0
2014-07-23,23971.869140625,0.007979097338795205,7.936507759113135e-07,0.0,30.0,0.05990181419348874,0.11980362838697747,0.0
2014-07-24,24141.5,0.0070762466781335576,7.936507759113135e-07,0.0,30.0,0.07781602955287743,0.15563205910575487,0.0
2014-07-25,24216.009765625,0.0030863768044653295,7.936507759113135e-07,0.0,30.0,0.08467527603264019,0.16935055206528038,0.0
2014-07-28,24428.630859375,0.00878018698405958,9.92063506846389e-07,0.0,30.0,0.0966010007780015,0.193202001556003,0.0
2014-07-29,24640.529296875,0.008674183940958757,1.1111111454074327e-06,0.0,30.0,0.11215682465571077,0.22431364931142153,0.0
2014-07-30,24732.2109375,0.003720765878053811,1.1111111454074327e-06,0.0,30.0,0.10745402199087083,0.21490804398174165,0.0
2014-07-31,24756.849609375,0.0009962179255733616,7.142856835372857e-07,0.0,30.0,0.10255650676834722,0.20511301353669445,0.0
2014-08-01,24532.4296875,-0.009064962845273139,7.142856835372857e-07,0.0,30.0,0.0463347737636853,0.0926695475273706,0.0
2014-08-04,24600.080078125,0.002757590319701242,5.952380819334841e-07,0.0,30.0,0.04858017196183026,0.09716034392366052,0.0
2014-08-05,24648.259765625,0.001958517506731372,9.92063506846389e-07,0.0,30.0,0.053402313741845404,0.10680462748369081,0.0
2014-08-06,24584.130859375,-0.002601762025383869,7.936507759113135e-07,0.0,30.0,0.057938734753124034,0.11587746950624807,0.0
2014-08-07,24387.560546875,-0.007995821110146739,7.936507759113135e-07,0.0,30.0,0.037143559287745785,0.07428711857549157,0.0
2014-08-08,24331.41015625,-0.0023024193222226375,7.936507759113135e-07,0.0,30.0,0.038092167044916046,0.07618433408983209,0.0
2014-08-11,24646.01953125,0.012930174329381705,9.92063506846389e-07,0.0,30.0,0.04776024562316436,0.09552049124632872,0.0
2014-08-12,24689.41015625,0.001760553055838665,9.92063506846389e-07,0.0,30.0,0.060755893660583586,0.12151178732116717,0.0
2014-08-13,24890.33984375,0.008138294362983522,1.1904761638669722e-06,0.0,30.0,0.07822784525227952,0.15645569050455904,0.0
2014-08-14,24801.359375,-0.003574899712441737,1.1111111454074327e-06,0.0,30.0,0.06264313421552797,0.12528626843105595,0.0
2014-08-15,24954.939453125,0.006192405658207889,8.730158682853453e-07,0.0,30.0,0.06861726040590016,0.13723452081180032,0.0
2014-08-18,24955.4609375,2.0897040282630286e-05,8.730158682853453e-07,0.0,30.0,0.07631760301821827,0.15263520603643654,0.0
2014-08-19,25122.94921875,0.006711488185670689,9.92063506846389e-07,0.0,30.0,0.086088148688093,0.172176297376186,0.0
2014-08-20,25159.759765625,0.001465215988556201,9.92063506846389e-07,0.0,30.0,0.09065527215314553,0.18131054430629107,0.0
2014-08-21,24994.099609375,-0.00658432981050705,5.952380819334841e-07,0.0,30.0,0.06835603716520039,0.13671207433040078,0.0
2014-08-22,25112.23046875,0.004726349867417934,5.952380819334841e-07,0.0,30.0,0.0772937848465285,0.154587569693057,0.0
2014-08-25,25166.91015625,0.002177412618446839,5.952380819334841e-07,0.0,30.0,0.0822725304307409,0.1645450608614818,0.0
2014-08-26,25074.5,-0.003671891212559175,9.92063506846389e-07,0.0,30.0,0.06245369019782176,0.12490738039564352,0.0
2014-08-27,24918.75,-0.0062114897605136665,9.92063506846389e-07,0.0,30.0,0.05103178718363827,0.10206357436727655,0.0
2014-08-28,24741.0,-0.007133182844243802,8.730158682853453e-07,0.0,30.0,0.05302435149429413,0.10604870298858826,0.0
2014-08-29,24742.060546875,4.2865966412009016e-05,7.142856835372857e-07,0.0,30.0,0.05221132484402967,0.10442264968805934,0.0
2014-09-01,24752.08984375,0.0004053541480912859,7.142856835372857e-07,0.0,30.0,0.057290310067749255,0.11458062013549851,0.0
2014-09-02,24749.01953125,-0.00012404255638132078,7.936507759113135e-07,0.0,30.0,0.05474903125841565,0.1094980625168313,0.0
2014-09-03,25317.94921875,0.022987968746867926,7.936507759113135e-07,0.0,30.0,0.06340892167965537,0.12681784335931073,0.0
2014-09-04,25297.919921875,-0.0007911105556751563,7.936507759113135e-07,0.0,30.0,0.06311233489172509,0.12622466978345018,0.0
2014-09-05,25240.150390625,-0.0022835684288828872,7.936507759113135e-07,0.0,30.0,0.05898344699888567,0.11796689399777134,0.0
2014-09-08,25190.44921875,-0.001969131368308341,7.936507759113135e-07,0.0,30.0,0.05825649755033873,0.11651299510067746,0.0
2014-09-10,24705.359375,-0.019256895323205847,5.952380819334841e-07,0.0,30.0,0.04645293031253646,0.09290586062507292,0.0
2014-09-11,24662.640625,-0.0017291288643721536,3.9682538795565474e-07,0.0,30.0,0.051223576366108435,0.10244715273221687,0.0
2014-09-12,24595.3203125,-0.0027296473854369063,3.9682538795565474e-07,0.0,30.0,0.053254325494419316,0.10650865098883863,0.0
2014-09-15,24356.990234375,-0.009690057909263139,3.9682538795565474e-07,0.0,30.0,0.07620089729949554,0.15240179459899109,0.0
2014-09-16,24136.009765625,-0.009072568762544808,5.952380819334841e-07,0.0,30.0,0.12330753153498134,0.23324482573855462,0.013370237331408056
2014-09-17,24376.41015625,0.009960237543795714,5.158730265167024e-07,0.0,30.0,0.13190896371991817,0.19806042064732657,0.06575750679250977
2014-09-18,24168.720703125,-0.008520100039084322,3.9682538795565474e-07,0.0,30.0,0.11992190004513455,0.2398438000902691,0.0
2014-09-19,24306.16015625,0.005686666448474043,2.777777863518571e-07,0.0,30.0,0.09228475526775595,0.1845695105355119,0.0
2014-09-22,23955.490234375,-0.014427203623309848,1.1904762008242064e-07,0.0,30.0,0.1515249249699994,0.3030498499399988,0.0
2014-09-23,23837.0703125,-0.004943331182806432,2.777777863518571e-07,0.0,30.0,0.17741264714179983,0.35482529428359966,0.0
2014-09-24,23921.609375,0.003546537447417286,2.777777863518571e-07,0.0,30.0,0.15178038190851714,0.3035607638170343,0.0
2014-09-25,23768.130859375,-0.006415894232659647,1.9841269397782539e-07,0.0,30.0,0.18195821243757757,0.36391642487515513,0.0
2014-09-26,23678.41015625,-0.0037748320915866884,1.9841269397782539e-07,0.0,30.0,0.16226380501055396,0.3245276100211079,0.0
2014-09-29,23229.2109375,-0.01897083527930321,1.9841269397782539e-07,0.0,30.0,0.20665930017426848,0.41331860034853696,0.0
2014-09-30,22932.98046875,-0.012752498117436284,5.158730265167024e-07,0.0,30.0,0.2331501665397793,0.4663003330795586,0.0
2014-10-03,23064.560546875,0.0057375916882804745,3.9682538795565474e-07,0.0,30.0,0.19433876728527694,0.3886775345705539,0.0
2014-10-06,23315.0390625,0.010859886756391601,3.9682538795565474e-07,0.0,30.0,0.13943010359193184,0.2788602071838637,0.0
2014-10-07,23422.51953125,0.004609920166201764,3.9682538795565474e-07,0.0,30.0,0.10582347054528966,0.21164694109057933,0.0
2014-10-08,23263.330078125,-0.006796427383169101,1.9841269397782539e-07,0.0,30.0,0.1271043987349952,0.2542087974699904,0.0
2014-10-09,23534.529296875,0.011657798683130771,1.9841269397782539e-07,0.0,30.0,0.07625658927223083,0.15251317854446167,0.0
2014-10-10,23088.5390625,-0.018950463327695233,1.9841269397782539e-07,0.0,30.0,0.19693888745906174,0.3293756856931344,0.06450208922498907
2014-10-13,23143.380859375,0.002375282243997523,1.9841269397782539e-07,0.0,30.0,0.17222005437550972,0.2733906022515646,0.07104950649945486
2014-10-14,23047.970703125,-0.004122567779951236,1.9841269397782539e-07,0.0,30.0,0.20747632066824728,0.343566472926683,0.07138616840981156
2014-10-15,23140.05078125,0.003995149044185187,3.9682538795565474e-07,0.0,30.0,0.14360589587694833,0.28721179175389666,0.0
2014-10-16,22900.939453125,-0.010333224001338293,7.936507759113135e-07,0.0,30.0,0.18736035728288697,0.37472071456577394,0.0
2014-10-17,23023.2109375,0.005339147095920316,8.730158682853453e-07,0.0,30.0,0.16155972954643857,0.32311945909287715,0.0
2014-10-20,23070.259765625,0.0020435389421884498,7.936507759113135e-07,0.0,30.0,0.17564659829085733,0.35129319658171465,0.0
2014-10-21,23088.580078125,0.0007941095022820921,7.142856835372857e-07,0.0,30.0,0.1659583060536816,0.3319166121073632,0.0
2014-10-22,23403.970703125,0.013660026902165834,5.952380819334841e-07,0.0,30.0,0.10537348086559996,0.21074696173119992,0.0
2014-10-23,23333.1796875,-0.0030247438147557038,5.952380819334841e-07,0.0,30.0,0.09696203425376453,0.19392406850752905,0.0
2014-10-24,23302.19921875,-0.0013277431179513632,1.9841269397782539e-07,0.0,30.0,0.08206632888205201,0.16413265776410402,0.0
2014-10-27,23143.23046875,-0.006822049219804449,1.9841269397782539e-07,0.0,30.0,0.09990409138714601,0.19980818277429202,0.0
2014-10-28,23520.359375,0.01629543061238725,5.952380819334841e-07,0.0,30.0,0.04883026852886664,0.09766053705773328,0.0
2014-10-29,23819.869140625,0.012734064171797899,5.952380819334841e-07,0.0,30.0,0.041040355317446944,0.08208071063489389,0.0
2014-10-30,23702.0390625,-0.004946713914730894,1.1904762008242064e-07,0.0,30.0,0.03991331066913276,0.07982662133826551,0.0
2014-10-31,23998.060546875,0.01248928345761402,1.1904762008242064e-07,0.0,30.0,0.040833951254406316,0.08166790250881263,0.0
2014-11-03,23915.970703125,-0.003420686583803567,1.1904762008242064e-07,0.0,30.0,0.04192045375460835,0.0838409075092167,0.0
2014-11-04,23845.66015625,-0.0029398993562830267,8.730158682853453e-07,0.0,30.0,0.05939459392827009,0.11878918785654018,0.0
2014-11-05,23695.619140625,-0.006292172858367029,7.936507759113135e-07,0.0,30.0,0.0757415158741928,0.1514830317483856,0.0
2014-11-06,23649.310546875,-0.0019543103505831327,7.142856835372857e-07,0.0,30.0,0.10156224805617278,0.20312449611234557,0.0
2014-11-07,23550.240234375,-0.004189141679358244,7.142856835372857e-07,0.0,30.0,0.11978439125636094,0.23956878251272187,0.0
2014-11-10,23744.69921875,0.008257197482476553,5.952380819334841e-07,0.0,30.0,0.1295381495798469,0.2590762991596938,0.0
2014-11-11,23808.279296875,0.002677653548662118,5.952380819334841e-07,0.0,30.0,0.1343169064840766,0.2686338129681532,0.0
2014-11-12,23938.1796875,0.0054561015941227975,5.158730265167024e-07,0.0,30.0,0.10945685704278357,0.21891371408556715,0.0
2014-11-13,24019.939453125,0.0034154545872882025,1.9841269397782539e-07,0.0,30.0,0.09185681431133634,0.18371362862267268,0.0
2014-11-14,24087.380859375,0.002807725905455083,1.1904762008242064e-07,0.0,30.0,0.07030728054688204,0.14061456109376408,0.0
2014-11-17,23797.080078125,-0.012051986180847574,3.9682538795565474e-07,0.0,30.0,0.10100467796780327,0.20200935593560654,0.0
2014-11-18,23529.169921875,-0.011258110464412496,5.952380819334841e-07,0.0,30.0,0.1495523013848415,0.299104602769683,0.0
2014-11-19,23373.310546875,-0.00662409152203447,5.952380819334841e-07,0.0,30.0,0.1784743688433752,0.3569487376867504,0.0
2014-11-20,23349.640625,-0.001012690171874886,5.952380819334841e-07,0.0,30.0,0.1722633546975971,0.3445267093951942,0.0
2014-11-21,23437.119140625,0.003746460899759496,1.1904762008242064e-07,0.0,30.0,0.14476127229545213,0.28952254459090426,0.0
2014-11-24,23893.140625,0.019457232846700423,1.9841269397782539e-07,0.0,30.0,0.09763309996535775,0.1952661999307155,0.0
2014-11-25,23843.91015625,-0.00206044360273383,7.142856835372857e-07,0.0,30.0,0.11234888693408943,0.22469777386817885,0.0
2014-11-26,24111.98046875,0.011242716095779759,3.9682538795565474e-07,0.0,30.0,0.0783738909414009,0.1567477818828018,0.0
2014-11-27,24004.279296875,-0.004466707826616956,3.9682538795565474e-07,0.0,30.0,0.10049718982460669,0.20099437964921338,0.0
2014-11-28,23987.44921875,-0.0007011282412128228,1.9841269397782539e-07,0.0,30.0,0.10192833057534194,0.20385666115068388,0.0
2014-12-01,23367.44921875,-0.02584684992330788,2.777777863518571e-07,0.0,30.0,0.25536124191725446,0.3817332144876914,0.12898926934681754
2014-12-02,23654.30078125,0.012275689991436023,5.952380819334841e-07,0.0,30.0,0.21238200345522357,0.27853262002630397,0.1462313868841432
2014-12-03,23428.619140625,-0.009540829074258239,1.9841269397782539e-07,0.0,30.0,0.2635233717216538,0.3642913562640563,0.16275538717925134
2014-12-04,23832.560546875,0.01724136637440865,5.158730265167024e-07,0.0,30.0,0.22641795327248337,0.21061962378207716,0.24221628276288962
2014-12-05,24002.640625,0.007136458451053818,3.9682538795565474e-07,0.0,30.0,0.20966569928438106,0.17067584764333424,0.2486555509254279
2014-12-08,24047.669921875,0.001876014292698347,1.9841269397782539e-07,0.0,30.0,0.17268956791162834,0.20520407270947122,0.14017506311378547
2014-12-09,23485.830078125,-0.023363587639687378,1.1111111454074327e-06,0.0,30.0,0.33841384470847613,0.3672598619211458,0.3095678274958065
2014-12-10,23524.51953125,0.0016473530207916642,9.92063506846389e-07,0.0,30.0,0.2959297080345187,0.3289097820092118,0.26294963405982563
2014-12-11,23312.5390625,-0.009011043497334947,8.730158682853453e-07,0.0,30.0,0.30413385803773263,0.33418150473373287,0.27408621134173233
2014-12-12,23249.19921875,-0.002716986064031368,5.952380819334841e-07,0.0,30.0,0.32696825155334414,0.3813008423716133,0.27263566073507495
2014-12-15,23027.849609375,-0.009520741221765827,3.9682538795565474e-07,0.0,30.0,0.2435921107186027,0.3757548937626136,0.11142932767459182
2014-12-16,22670.5,-0.015518149346846366,1.1904761638669722e-06,0.0,30.0,0.2849975709942093,0.4813831104406708,0.08861203154774779
2014-12-17,22585.83984375,-0.003734375344610852,7.936507759113135e-07,0.0,30.0,0.28347980852364696,0.48981282227826856,0.07714679476902542
2014-12-18,22832.2109375,0.010908210429827259,1.309523802428016e-06,0.0,30.0,0.21415633416862612,0.42831266833725223,0.0
2014-12-19,23116.630859375,0.012456959277993729,9.92063506846389e-07,0.0,30.0,0.20004973310032612,0.35287881080348854,0.0472206553971637
2014-12-22,23408.5703125,0.012628979322330869,5.952380819334841e-07,0.0,30.0,0.1931426025760825,0.2590923879468542,0.12719281720531084
2014-12-23,23333.689453125,-0.003198865132528539,7.936507759113135e-07,0.0,30.0,0.14603922719105164,0.2920784543821033,0.0
2014-12-24,23349.33984375,0.0006707207900593648,7.936507759113135e-07,0.0,30.0,0.14098215027997582,0.28196430055995164,0.0
2014-12-29,23773.1796875,0.01815211250451898,1.1904762008242064e-07,0.0,30.0,0.13094059665065697,0.22877265066919067,0.033108542632123275
2014-12-30,23501.099609375,-0.011444833282779565,7.936507759113135e-07,0.0,30.0,0.19938718002174916,0.3100362908825567,0.08873806916094164
2014-12-31,23605.0390625,0.0044227485033736524,1.4682539871760755e-06,0.0,30.0,0.1357855399015892,0.22757489698144218,0.04399618282173621
2015-01-02,23721.30078125,0.00492529236838668,5.952380819334841e-07,0.0,30.0,0.10619178626021228,0.21238357252042456,0.0
2015-01-05,23721.3203125,8.233633634890936e-07,1.1904762008242064e-07,0.0,30.0,0.1226998439510549,0.2453996879021098,0.0
2015-01-06,23485.41015625,-0.009945068535063273,7.936507759113135e-07,0.0,30.0,0.12543030959920845,0.2508606191984169,0.0
2015-01-07,23681.259765625,0.008339203278631357,7.936507759113135e-07,0.0,30.0,0.07708930428412401,0.15417860856824803,0.0
2015-01-08,23835.529296875,0.0065144140462465305,7.142856835372857e-07,0.0,30.0,0.0680143149460704,0.1360286298921408,0.0
2015-01-09,23919.94921875,0.0035417682915086512,5.952380819334841e-07,0.0,30.0,0.08410655081418372,0.16821310162836745,0.0
2015-01-12,24026.4609375,0.00445284050463246,5.158730265167024e-07,0.0,30.0,0.07479853185229732,0.14959706370459463,0.0
2015-01-13,24215.970703125,0.007887543909107952,9.126984144723571e-07,0.0,30.0,0.05573885828091305,0.1114777165618261,0.0
2015-01-14,24112.599609375,-0.004268715676000512,9.92063506846389e-07,0.0,30.0,0.0648406377149001,0.1296812754298002,0.0
2015-01-15,24350.91015625,0.009883237425065694,9.126984144723571e-07,0.0,30.0,0.05152814400583818,0.10305628801167636,0.0
2015-01-16,24103.51953125,-0.010159399521931345,7.142856835372857e-07,0.0,30.0,0.05899341957589131,0.11798683915178262,0.0
2015-01-19,23738.490234375,-0.015144232210642206,7.142856835372857e-07,0.0,30.0,0.09300651576535937,0.18601303153071874,0.0
2015-01-20,23951.16015625,0.00895886468664453,3.17460332538873e-07,0.0,30.0,0.05410121647436461,0.10820243294872922,0.0
2015-01-21,24352.580078125,0.016759936439665557,7.936507759113135e-07,0.0,30.0,0.03360900881125205,0.0672180176225041,0.0
2015-01-22,24522.630859375,0.006982865088810408,5.952380819334841e-07,0.0,30.0,0.03541111971982583,0.07082223943965166,0.0
2015-01-23,24850.44921875,0.013367993069539397,5.158730265167024e-07,0.0,30.0,0.04885841155171135,0.09414994415442916,0.0035668789489935308
2015-01-26,24909.900390625,0.002392358035529618,1.9841269397782539e-07,0.0,30.0,0.051357060902874764,0.09862095980281092,0.00409316200293861
2015-01-27,24807.279296875,-0.004119691052181906,7.142856835372857e-07,0.0,30.0,0.04309568844097486,0.07006045523306909,0.01613092164888064
2015-01-28,24861.810546875,0.0021981955113823393,5.952380819334841e-07,0.0,30.0,0.03444887162288879,0.06889774324577758,0.0
2015-01-29,24595.849609375,-0.010697569149219932,3.9682538795565474e-07,0.0,30.0,0.038311752344869,0.037762310530036376,0.03886119415970163
2015-01-30,24507.05078125,-0.003610317575334032,1.9841269397782539e-07,0.0,30.0,0.02717880295177573,0.05435760590355146,0.0
2015-02-02,24484.740234375,-0.0009103725729441292,1.9841269397782539e-07,0.0,30.0,0.0201783531064847,0.0403567062129694,0.0
2015-02-03,24554.779296875,0.0028605189121699848,5.952380819334841e-07,0.0,30.0,0.021235787169105808,0.042471574338211616,0.0
2015-02-04,24679.759765625,0.005089863249795323,1.9841269397782539e-07,0.0,30.0,0.021343065708960933,0.042686131417921866,0.0
2015-02-05,24765.490234375,0.0034737156910826794,3.17460332538873e-07,0.0,30.0,0.029019476295090062,0.058038952590180125,0.0
2015-02-06,24679.390625,-0.003476596205452487,5.952380819334841e-07,0.0,30.0,0.04306779124978544,0.08613558249957089,0.0
2015-02-09,24521.0,-0.006417930953268813,1.1904762008242064e-07,0.0,30.0,0.053974784915040465,0.10794956983008093,0.0
2015-02-10,24528.099609375,0.00028953180437185644,1.9841269397782539e-07,0.0,30.0,0.04423430084411966,0.08846860168823932,0.0
2015-02-11,24315.01953125,-0.00868718251794598,1.9841269397782539e-07,0.0,30.0,0.07366203013478691,0.14732406026957381,0.0
2015-02-12,24422.150390625,0.004405954074489404,3.17460332538873e-07,0.0,30.0,0.051575998555664256,0.10315199711132851,0.0
2015-02-13,24682.5390625,0.010661987896649627,1.9841269397782539e-07,0.0,30.0,0.027390723684153215,0.05478144736830643,0.0
2015-02-16,24726.529296875,0.001782241051603739,1.9841269397782539e-07,0.0,30.0,0.030671878885853425,0.06134375777170685,0.0
2015-02-17,24784.880859375,0.002359876786564463,3.17460332538873e-07,0.0,30.0,0.029956123112797356,0.05991224622559471,0.0
2015-02-18,24832.080078125,0.0019043552808584163,5.158730265167024e-07,0.0,30.0,0.03553461444008246,0.07106922888016493,0.0
2015-02-23,24836.759765625,0.00018845330255357062,5.952380819334841e-07,0.0,30.0,0.03433286827891446,0.06866573655782893,0.0
2015-02-24,24750.0703125,-0.0034903688702977442,7.142856835372857e-07,0.0,30.0,0.03347455166679324,0.06694910333358647,0.0
2015-02-25,24778.279296875,0.0011397537065078733,5.952380819334841e-07,0.0,30.0,0.036647878105197124,0.07329575621039425,0.0
2015-02-26,24902.060546875,0.004995554716166639,5.158730265167024e-07,0.0,30.0,0.03866381218053841,0.07732762436107682,0.0
2015-02-27,24823.2890625,-0.0031632516605091254,3.17460332538873e-07,0.0,30.0,0.04910237194556038,0.09820474389112076,0.0
2015-03-02,24887.439453125,0.0025842824640796014,1.9841269397782539e-07,0.0,30.0,0.04788279555938608,0.09576559111877216,0.0
2015-03-03,24702.779296875,-0.0074198133800708055,5.158730265167024e-07,0.0,30.0,0.059410716934395404,0.11882143386879081,0.0
2015-03-04,24465.380859375,-0.009610191413969016,3.9682538795565474e-07,0.0,30.0,0.09289498385486665,0.1857899677097333,0.0
2015-03-05,24193.0390625,-0.011131721122201177,1.1904762008242064e-07,0.0,30.0,0.12690702011605223,0.25381404023210447,0.0
2015-03-06,24164.0,-0.001200306518952865,1.9841269397782539e-07,0.0,30.0,0.1376095909965118,0.2752191819930236,0.0
2015-03-09,24123.05078125,-0.0016946374255090157,1.9841269397782539e-07,0.0,30.0,0.11657934506515863,0.23315869013031726,0.0
2015-03-10,23896.98046875,-0.009371547344903641,3.9682538795565474e-07,0.0,30.0,0.15479589517456885,0.3095917903491377,0.0
2015-03-11,23717.970703125,-0.00749089475379916,5.158730265167024e-07,0.0,30.0,0.18303131990522295,0.3660626398104459,0.0
2015-03-12,23797.9609375,0.003372558106940371,7.142856835372857e-07,0.0,30.0,0.15940790355445092,0.31881580710890184,0.0
2015-03-13,23823.2109375,0.0010610152721199917,9.126984144723571e-07,0.0,30.0,0.16088699766363712,0.32177399532727424,0.0
2015-03-16,23949.55078125,0.005303224828989261,1.1904761638669722e-06,0.0,30.0,0.11326308052731417,0.22652616105462833,0.0
2015-03-17,23901.490234375,-0.0020067410580671963,1.90476192131875e-06,0.0,30.0,0.12567828876800177,0.25135657753600354,0.0
2015-03-18,24120.080078125,0.00914544832169617,1.5079364594485992e-06,0.0,30.0,0.09083288895846711,0.18166577791693422,0.0
2015-03-19,24468.890625,0.014461417447421576,3.9682538795565474e-07,0.0,30.0,0.05558428229887234,0.11116856459774468,0.0
2015-03-20,24375.240234375,-0.003827324747175731,1.1904762008242064e-07,0.0,30.0,0.07521413151172987,0.15042826302345974,0.0
2015-03-23,24494.509765625,0.0048930607494814815,1.1904762008242064e-07,0.0,30.0,0.07321782338538502,0.14643564677077003,0.0
2015-03-24,24399.599609375,-0.003874752226443623,5.952380819334841e-07,0.0,30.0,0.07100417845821731,0.14200835691643462,0.0
2015-03-25,24528.23046875,0.00527184303981687,7.142856835372857e-07,0.0,30.0,0.06184689023540246,0.12369378047080493,0.0
2015-03-26,24497.080078125,-0.0012699811616939671,1.1111111454074327e-06,0.0,30.0,0.06271918360777563,0.12543836721555127,0.0
2015-03-27,24486.19921875,-0.00044416964553728455,1.1904761638669722e-06,0.0,30.0,0.06404517298505354,0.12809034597010707,0.0
2015-03-30,24855.119140625,0.015066442879893893,9.126984144723571e-07,0.0,30.0,0.0694966930016202,0.1389933860032404,0.0
2015-03-31,24900.890625,0.0018415314815445338,9.92063506846389e-07,0.0,30.0,0.08509595511926561,0.17019191023853122,0.0
2015-04-01,25082.75,0.007303328131461173,1.309523802428016e-06,0.0,30.0,0.08174326700264575,0.1634865340052915,0.0
2015-04-02,25275.640625,0.007690170535527452,3.9682538795565474e-07,0.0,30.0,0.09024013357987207,0.18048026715974413,0.0
2015-04-08,26236.859375,0.03802945152849113,7.142856835372857e-07,0.0,30.0,0.2031562910558859,0.3169344349773772,0.08937814713439454
2015-04-09,26944.390625,0.02696707101590734,7.936507759113135e-07,0.0,30.0,0.30706914248000605,0.37118398791084917,0.24295429704916296
2015-04-10,27272.390625,0.012173220191354694,5.952380819334841e-07,0.0,30.0,0.22509716762847815,0.38121325329489264,0.06898108196206365
2015-04-13,28016.33984375,0.027278474739505842,1.9841269397782539e-07,0.0,30.0,0.3214646383467591,0.4097302041661507,0.23319907252736752
2015-04-14,27561.490234375,-0.01623515462447067,3.9682538795565474e-07,0.0,30.0,0.32378453756416903,0.22459942318275994,0.42296965194557806
2015-04-15,27618.8203125,0.002080079039176841,5.952380819334841e-07,0.0,30.0,0.31233809999760986,0.21731119264946508,0.4073650073457547
2015-04-16,27739.7109375,0.00437711037734978,3.9682538795565474e-07,0.0,30.0,0.3174696613953625,0.21604922974212493,0.4188900930486
2015-04-17,27653.119140625,-0.003121582523700317,5.158730265167024e-07,0.0,30.0,0.3234567853742958,0.1971042990598924,0.4498092716886991
2015-04-20,27094.9296875,-0.020185406582397758,5.158730265167024e-07,0.0,30.0,0.393174841929259,0.12425439137720432,0.6620952924813137
2015-04-21,27850.490234375,0.027885680294773785,7.936507759113135e-07,0.0,30.0,0.4556266043827599,0.16969704464293742,0.7415561641225824
2015-04-22,27933.849609375,0.0029931026096305935,7.936507759113135e-07,0.0,30.0,0.35363295011591767,0.1654114289816163,0.541854471250219
2015-04-23,27827.69921875,-0.003800063081508598,7.936507759113135e-07,0.0,30.0,0.2973228155503803,0.1593704637166639,0.43527516738409666
2015-04-24,28060.98046875,0.008383059201776177,5.952380819334841e-07,0.0,30.0,0.2903944285232264,0.16016127847969225,0.42062757856676053
2015-04-27,28433.58984375,0.013278558652465966,5.158730265167024e-07,0.0,30.0,0.22973862922804722,0.18529583141339737,0.27418142704269705
2015-04-28,28442.75,0.0003221596815716765,5.158730265167024e-07,0.0,30.0,0.1558638510784901,0.17631586031348048,0.13541184184349975
2015-04-29,28400.33984375,-0.0014910708792222893,1.1904762008242064e-07,0.0,30.0,0.1666852909172466,0.16460037989404358,0.16877020194044962
2015-04-30,28133.0,-0.009413262137735745,1.9841269397782539e-07,0.0,30.0,0.17078319361493194,0.12924884460667585,0.21231754262318803
2015-05-04,28123.8203125,-0.0003262960757829392,1.1904762008242064e-07,0.0,30.0,0.16623561420329486,0.1263359067395242,0.20613532166706552
2015-05-05,27755.5390625,-0.013094993706680436,3.17460332538873e-07,0.0,30.0,0.11096702467732943,0.10816445874006154,0.11376959061459731
2015-05-06,27640.91015625,-0.004129947034783865,3.9682538795565474e-07,0.0,30.0,0.06373933184444047,0.12747866368888094,0.0
2015-05-07,27289.970703125,-0.01269637834431614,1.9841269397782539e-07,0.0,30.0,0.07913400076371058,0.15826800152742115,0.0
2015-05-08,27577.33984375,0.010530210667910156,1.1904762008242064e-07,0.0,30.0,0.057948748731375864,0.11589749746275173,0.0
2015-05-11,27718.19921875,0.0051077941454140685,1.9841269397782539e-07,0.0,30.0,0.054791090232755885,0.10958218046551177,0.0
2015-05-12,27407.1796875,-0.011220769747538717,5.158730265167024e-07,0.0,30.0,0.07771736874751023,0.15543473749502046,0.0
2015-05-13,27249.279296875,-0.005761278337479414,3.9682538795565474e-07,0.0,30.0,0.09632987652012419,0.19265975304024838,0.0
2015-05-14,27286.55078125,0.001367797069747656,3.9682538795565474e-07,0.0,30.0,0.08972666354334055,0.1794533270866811,0.0
2015-05-15,27822.279296875,0.01963342746834562,3.9682538795565474e-07,0.0,30.0,0.0754871154447337,0.12412361679852627,0.02685061409094113
2015-05-18,27591.25,-0.008303751623288114,3.17460332538873e-07,0.0,30.0,0.0833472713825679,0.12166132524182274,0.04503321752331304
2015-05-19,27693.5390625,0.0037073007747021602,3.9682538795565474e-07,0.0,30.0,0.04799056708432985,0.0959811341686597,0.0
2015-05-20,27585.05078125,-0.0039174581842053025,5.158730265167024e-07,0.0,30.0,0.052506584807524355,0.10501316961504871,0.0
2015-05-21,27523.720703125,-0.0022233085090670457,5.158730265167024e-07,0.0,30.0,0.04735345479383667,0.09470690958767335,0.0
2015-05-22,27992.830078125,0.017043821220970923,3.9682538795565474e-07,0.0,30.0,0.04350242997241774,0.08700485994483548,0.0
2015-05-26,28249.859375,0.009181968959824927,3.9682538795565474e-07,0.0,30.0,0.07030947938588318,0.1291000582948957,0.011518900476870646
2015-05-27,28081.2109375,-0.005969885912042727,5.158730265167024e-07,0.0,30.0,0.058614293905170305,0.11722858781034061,0.0
2015-05-28,27454.310546875,-0.022324549750375233,1.1904762008242064e-07,0.0,30.0,0.1601240552503454,0.15555168752629575,0.16469642297439505
2015-05-29,27424.189453125,-0.0010971353186440824,1.1904762008242064e-07,0.0,30.0,0.15609015355628114,0.14652890260357518,0.16565140450898708
2015-06-01,27597.16015625,0.006307231191669427,3.17460332538873e-07,0.0,30.0,0.07137693998056911,0.10588739145785334,0.03686648850328488
2015-06-02,27466.720703125,-0.004726553470954076,3.9682538795565474e-07,0.0,30.0,0.06476272871024513,0.10975035009698741,0.019775107323502853
2015-06-03,27657.470703125,0.006944767890631365,3.9682538795565474e-07,0.0,30.0,0.06170187070713188,0.08909819849157141,0.03430554292269235
2015-06-04,27551.890625,-0.0038174162510482557,1.9841269397782539e-07,0.0,30.0,0.057016455639076855,0.0800308377729404,0.034002073505213316
2015-06-05,27260.16015625,-0.010588401090896093,3.9682538795565474e-07,0.0,30.0,0.10717479520692869,0.14165357993313668,0.0726960104807207
2015-06-08,27316.279296875,0.0020586504372437364,3.9682538795565474e-07,0.0,30.0,0.051735973796749164,0.10347194759349833,0.0
2015-06-09,26989.51953125,-0.011962089055897906,5.158730265167024e-07,0.0,30.0,0.09702504576976526,0.1940500915395305,0.0
2015-06-10,26687.640625,-0.011185041878958524,5.158730265167024e-07,0.0,30.0,0.13255930418389403,0.26511860836778806,0.0
2015-06-11,26907.849609375,0.008251347036227541,3.17460332538873e-07,0.0,30.0,0.1090567982214419,0.2181135964428838,0.0
2015-06-12,27280.5390625,0.013850584812067357,1.9841269397782539e-07,0.0,30.0,0.06059598101017138,0.12119196202034276,0.0
2015-06-15,26861.810546875,-0.015348982462028649,1.1904762008242064e-07,0.0,30.0,0.11491594796317738,0.22983189592635475,0.0
2015-06-16,26566.69921875,-0.01098627836757382,3.17460332538873e-07,0.0,30.0,0.16041091563831195,0.3208218312766239,0.0
2015-06-17,26753.7890625,0.007042269053054051,1.1904762008242064e-07,0.0,30.0,0.127916932398248,0.2551867269778824,0.000647137818613592
2015-06-18,26694.66015625,-0.002210113345510356,1.1904762008242064e-07,0.0,30.0,0.13195446514707296,0.26302831050614073,0.0008806197880051936
2015-06-19,26760.529296875,0.0024675024982319105,1.1904762008242064e-07,0.0,30.0,0.13951172599964445,0.2790234519992889,0.0
2015-06-22,27080.849609375,0.011969879554564855,1.1904762008242064e-07,0.0,30.0,0.11919558564689346,0.18783177027495482,0.05055940101883211
2015-06-23,27333.4609375,0.00932804294432299,3.17460332538873e-07,0.0,30.0,0.07136683389967871,0.11912669727931559,0.023606970520041848
2015-06-24,27404.970703125,0.002616198723919938,1.9841269397782539e-07,0.0,30.0,0.04909116374205899,0.09818232748411798,0.0
2015-06-25,27145.75,-0.009458893641343669,1.9841269397782539e-07,0.0,30.0,0.0787731267245766,0.1575462534491532,0.0
2015-06-26,26663.869140625,-0.017751613397124832,1.9841269397782539e-07,0.0,30.0,0.13685614129657475,0.2522547136147084,0.02145756897844107
2015-06-29,25966.98046875,-0.026136067057620727,1.9841269397782539e-07,0.0,30.0,0.28549928642688344,0.4049350457182238,0.16606352713554304
2015-06-30,26250.029296875,0.010900336620410567,3.9682538795565474e-07,0.0,30.0,0.25791361031844784,0.31746401783726347,0.19836320279963218
2015-07-02,26282.3203125,0.0012301325556556275,1.1904762008242064e-07,0.0,30.0,0.2357832714518962,0.2949776959852307,0.17658884691856166
2015-07-03,26064.109375,-0.008302575073488416,1.1904762008242064e-07,0.0,30.0,0.2670198142902188,0.3440395043306096,0.19000012424982807
2015-07-06,25236.279296875,-0.03176130310898073,1.9841269397782539e-07,0.0,30.0,0.46405726810296133,0.5178852908380747,0.410229245367848
2015-07-07,24975.310546875,-0.010341015287159028,3.9682538795565474e-07,0.0,30.0,0.42691859406635124,0.5417602016437866,0.3120769864889159
2015-07-08,23516.560546875,-0.05840768214922254,3.9682538795565474e-07,0.0,30.0,0.7095638179574923,0.6613873858596047,0.7577402500553801
2015-07-09,24392.7890625,0.03726006249419145,3.17460332538873e-07,0.0,30.0,0.8229300537247282,0.6458601074494562,1.0
2015-07-10,24901.279296875,0.02084592430460197,3.17460332538873e-07,0.0,30.0,0.7875365814592008,0.5750731629184016,1.0
2015-07-13,25224.009765625,0.012960397130700851,3.17460332538873e-07,0.0,30.0,0.7356164205237565,0.47123284104751306,1.0
2015-07-14,25120.91015625,-0.004087360032483889,3.9682538795565474e-07,0.0,30.0,0.7308339000214872,0.46166780004297436,1.0
2015-07-15,25055.759765625,-0.0025934725382069646,5.158730265167024e-07,0.0,30.0,0.7261309017518178,0.4522618035036356,1.0
2015-07-16,25162.779296875,0.004271254683596792,3.9682538795565474e-07,0.0,30.0,0.6886017531585358,0.37720350631707145,1.0
2015-07-17,25415.26953125,0.010034274489160167,5.158730265167024e-07,0.0,30.0,0.6540786988598094,0.3081573977196188,1.0
2015-07-20,25404.810546875,-0.000411523645741374,9.126984144723571e-07,0.0,30.0,0.6468313114835021,0.2936626229670043,1.0
2015-07-21,25536.4296875,0.005180874715918327,1.1904761638669722e-06,0.0,30.0,0.6253174572947846,0.2506349145895691,1.0
2015-07-22,25282.619140625,-0.009939155550755752,1.1904761638669722e-06,0.0,30.0,0.2788928887580315,0.2863682458809846,0.27141753163507837
2015-07-23,25398.849609375,0.004597247939523763,1.1904761638669722e-06,0.0,30.0,0.1214868862454443,0.2429737724908886,0.0
2015-07-24,25128.509765625,-0.010643783002290519,1.1904761638669722e-06,0.0,30.0,0.15371121718426303,0.30742243436852607,0.0
2015-07-27,24351.9609375,-0.030903099123979594,1.1111111454074327e-06,0.0,30.0,0.3330679587510323,0.5561457453700975,0.109990172131967
2015-07-28,24503.939453125,0.0062409148903883604,1.7063492642981665e-06,0.0,30.0,0.3262984391016052,0.5127551684609759,0.1398417097422345
2015-07-29,24619.44921875,0.004713926340128571,1.7857143566721944e-06,0.0,30.0,0.3034662538332967,0.4510994577943023,0.15583304987229105
2015-07-30,24497.98046875,-0.004933853268638155,2.3809523277339444e-06,0.0,30.0,0.3226125311824387,0.5011151836584554,0.14410987870642197
2015-07-31,24636.279296875,0.005645315470041101,2.3015872353599167e-06,0.0,30.0,0.25778927845983457,0.40512359986147406,0.11045495705819502
2015-08-03,24411.419921875,-0.009127164548281552,2.5000000402094805e-06,0.0,30.0,0.27562582518498846,0.43261165722045947,0.11863999314951744
2015-08-04,24406.119140625,-0.00021714350361279333,2.9761905944536585e-06,0.0,30.0,0.24488728976170243,0.39764266168691137,0.09213191783649351
2015-08-05,24514.16015625,0.0044268003037468695,2.9761905944536585e-06,0.0,30.0,0.2215830705771973,0.34055054236395943,0.10261559879043519
2015-08-06,24375.279296875,-0.005665332138233281,1.1111111454074327e-06,0.0,30.0,0.23263993895115054,0.38569409904443086,0.07958577885787019
2015-08-07,24552.470703125,0.007269307731490038,2.182539670713361e-06,0.0,30.0,0.19660855656090742,0.2939793070743562,0.09923780604745866
2015-08-10,24521.119140625,-0.001276920880146304,2.5793649847545313e-06,0.0,30.0,0.13040762059837147,0.26081524119674293,0.0
2015-08-11,24498.2109375,-0.0009342233930524912,3.888888787182548e-06,0.0,30.0,0.1402865103012837,0.2805730206025674,0.0
2015-08-12,23916.01953125,-0.023764649905876456,3.571428713344389e-06,0.0,30.0,0.2514835778842114,0.5029671557684228,0.0
2015-08-13,24018.80078125,0.004297590151475683,3.2936506682918174e-06,0.0,30.0,0.2237908055701265,0.447581611140253,0.0
2015-08-14,23991.029296875,-0.0011562394237717433,3.1746031036452616e-06,0.0,30.0,0.23093343547105855,0.4618668709421171,0.0
2015-08-17,23814.650390625,-0.0073518690702018,2.3809523277339444e-06,0.0,30.0,0.24184756641960525,0.4836951328392105,0.0
2015-08-18,23474.970703125,-0.014263475714668461,3.3730159084948255e-06,0.0,30.0,0.28353008400371693,0.5670601680074339,0.0
2015-08-19,23167.849609375,-0.013082917019748064,1.5873015518226308e-06,0.0,30.0,0.3016177184175013,0.6032354368350026,0.0
2015-08-20,22757.470703125,-0.017713292911049394,5.952380819334841e-07,0.0,30.0,0.31692464804677606,0.6338492960935521,0.0
2015-08-21,22409.619140625,-0.015285159191800402,7.936507759113135e-07,0.0,30.0,0.3243248256397669,0.6486496512795338,0.0
2015-08-24,21251.5703125,-0.05167641720539751,5.952380819334841e-07,0.0,30.0,0.557127706710044,0.6897906827214044,0.42446473069868346
2015-08-25,21404.9609375,0.007217848975130892,2.103174578339333e-06,1.0,30.0,0.60041192527802,0.7038714216979853,0.49695242885805474
2015-08-26,21080.390625,-0.01516332187887226,2.182539670713361e-06,1.0,30.0,0.584370843119118,0.7013565216867998,0.46738516455143614
2015-08-27,21838.5390625,0.03596462945050383,1.984127013692778e-06,1.0,30.0,0.8526416343540142,0.7987151062106197,0.9065681624974088
2015-08-28,21612.390625,-0.010355474642913753,1.984127013692778e-06,1.0,30.0,0.8168014897788614,0.7412901684326851,0.8923128111250376
2015-08-31,21670.580078125,0.0026924116880291393,1.1904762008242064e-07,1.0,30.0,0.8699148145803113,0.8187580857554072,0.9210715434052155
2015-09-01,21185.4296875,-0.022387512880410965,1.5079364594485992e-06,1.0,30.0,0.8610586034476876,0.7737529014666221,0.948364305428753
2015-09-02,20934.939453125,-0.011823703274840613,9.92063506846389e-07,1.0,30.0,0.8432896222884727,0.7394321142932235,0.9471471302837219
2015-09-04,20840.609375,-0.004505868208322883,9.92063506846389e-07,1.0,30.0,0.8257648200049537,0.714057713100863,0.9374719269090445
2015-09-07,20583.51953125,-0.012336004150550473,9.92063506846389e-07,1.0,30.0,0.8126349290502243,0.6939407737580425,0.931329084342406
2015-09-08,21259.0390625,0.03281846577425318,9.92063506846389e-07,1.0,30.0,0.7458214792946747,0.7463235556291721,0.7453194029601773
2015-09-09,22131.310546875,0.041030616756034366,1.3888888948020476e-06,1.0,30.0,0.8717028667671117,0.7434057335342235,1.0
2015-09-10,21562.5,-0.02570162059179626,5.952380819334841e-07,1.0,30.0,0.8915349460477531,0.7830698920955063,1.0
2015-09-11,21504.369140625,-0.0026959239130435186,9.126984144723571e-07,1.0,30.0,0.8174106124300264,0.7338678828213009,0.9009533420387521
2015-09-14,21561.900390625,0.002675328423902279,9.92063506846389e-07,1.0,30.0,0.8225868547524444,0.7604430873735505,0.8847306221313385
2015-09-15,21455.23046875,-0.004947148439725657,2.3015872353599167e-06,1.0,30.0,0.8114198087096727,0.7359303975927084,0.8869092198266368
2015-09-16,21966.66015625,0.023837063332640795,2.103174578339333e-06,1.0,30.0,0.80329655754853,0.7343279038228999,0.8722652112741602
2015-09-17,21854.630859375,-0.005099969502788793,1.1904762008242064e-07,1.0,30.0,0.7778415235404219,0.7175894910201029,0.8380935560607408
2015-09-18,21920.830078125,0.0030290705514983696,3.9682538795565474e-07,1.0,30.0,0.7772352402216385,0.7336903134940983,0.8207801669491785
2015-09-21,21756.9296875,-0.007476924461385148,5.158730265167024e-07,1.0,30.0,0.7695931098236369,0.7494684901395218,0.7897177295077521
2015-09-22,21796.580078125,0.0018224258291270612,1.1904762008242064e-07,1.0,30.0,0.7383793388570643,0.7447621450348888,0.7319965326792399
2015-09-23,21302.91015625,-0.022648962364992586,1.1904762008242064e-07,1.0,30.0,0.7743859840663272,0.7858030009167386,0.7629689672159157
2015-09-24,21095.98046875,-0.00971368165110953,1.9841269397782539e-07,1.0,30.0,0.773729128875138,0.7530548310146613,0.7944034267356148
2015-09-25,21186.3203125,0.004282324961564221,7.936507759113135e-07,1.0,30.0,0.8114413599394903,0.7959828245600541,0.8268998953189266
2015-09-29,20556.599609375,-0.029722986051214484,1.1904762008242064e-07,1.0,30.0,0.8256087746256964,0.7854770361038534,0.8657405131475393
2015-09-30,20846.30078125,0.014092854722085324,1.9841269397782539e-07,1.0,30.0,0.8739265330208184,0.8455517973570923,0.9023012686845444
2015-10-02,21506.08984375,0.031650174744357606,3.17460332538873e-07,1.0,30.0,0.8452835633283726,0.7551479596577998,0.9354191669989453
2015-10-05,21854.5,0.016200534768585628,3.17460332538873e-07,1.0,30.0,0.8003622368709417,0.6357781695864537,0.9649463041554296
2015-10-06,21831.619140625,-0.001046963297032688,1.9841269397782539e-07,1.0,30.0,0.8493248697066476,0.7027772854452009,0.9958724539680941
2015-10-07,22515.759765625,0.03133714547662336,1.9841269397782539e-07,1.0,30.0,0.72208822037842,0.44417644075684004,1.0
2015-10-08,22354.91015625,-0.007143867719736963,1.1904762008242064e-07,1.0,30.0,0.7626589625238535,0.5253179250477069,1.0
2015-10-09,22458.80078125,0.004647329122499544,1.1904762008242064e-07,1.0,30.0,0.7376042105711247,0.4752084211422495,1.0
2015-10-12,22730.9296875,0.012116804850826668,3.9682538795565474e-07,1.0,30.0,0.6951201819030965,0.3902403638061931,1.0
2015-10-13,22600.4609375,-0.005739701446164203,1.9841269397782539e-07,1.0,30.0,0.716211036662129,0.432422073324258,1.0
2015-10-14,22439.91015625,-0.007103871982699461,3.9682538795565474e-07,1.0,30.0,0.7581493629913965,0.5162987259827929,1.0
2015-10-15,22888.169921875,0.019976005362933646,1.9841269397782539e-07,1.0,30.0,0.6703178180988743,0.3406356361977484,1.0
2015-10-16,23067.369140625,0.007829338010057807,1.9841269397782539e-07,1.0,30.0,0.6595217822323605,0.319043564464721,1.0
2015-10-19,23075.609375,0.00035722471534427314,1.9841269397782539e-07,1.0,30.0,0.6538473477016162,0.30769469540323247,1.0
2015-10-20,22989.220703125,-0.003743722233770952,3.9682538795565474e-07,1.0,30.0,0.6329590198832546,0.2659180397665092,1.0
2015-10-22,22845.369140625,-0.006257348361549564,1.9841269397782539e-07,0.0,30.0,0.6259012476715256,0.25180249534305116,1.0
2015-10-23,23151.939453125,0.01341936348731787,1.1904762008242064e-07,0.0,30.0,0.5563497634141232,0.2261263833460427,0.8865731434822037
2015-10-26,23116.25,-0.0015415318961617963,3.17460332538873e-07,0.0,30.0,0.6064557449634986,0.21291148992699716,1.0
2015-10-27,23142.73046875,0.0011455347969502316,3.9682538795565474e-07,0.0,30.0,0.555383960467699,0.1991198022827369,0.9116481186526612
2015-10-28,22956.5703125,-0.008044001398252232,1.3888888948020476e-06,0.0,30.0,0.6066551219155865,0.213310243831173,1.0
2015-10-29,22819.939453125,-0.0059517104478190586,2.103174578339333e-06,0.0,30.0,0.6898167142908654,0.3796334285817309,1.0
2015-10-30,22640.0390625,-0.007883473617208203,2.698412845059044e-06,0.0,30.0,0.7612866850431522,0.5225733700863044,1.0
2015-11-02,22370.0390625,-0.011925774476565176,2.103174578339333e-06,0.0,30.0,0.8043800830559191,0.6087601661118384,1.0
2015-11-03,22568.4296875,0.00886858643588928,2.3015872353599167e-06,0.0,30.0,0.7823817868656053,0.5647635737312106,1.0
2015-11-04,23053.5703125,0.02149642805093821,2.182539670713361e-06,0.0,30.0,0.6886844477937328,0.3773688955874657,1.0
2015-11-05,23051.0390625,-0.00010979861104754018,1.5873015518226308e-06,0.0,30.0,0.7036878227687632,0.4073756455375264,1.0
2015-11-06,22867.330078125,-0.007969661752639245,2.896825354250651e-06,0.0,30.0,0.737832573346223,0.4756651466924461,1.0
2015-11-09,22726.76953125,-0.006146784359817414,2.9761905944536585e-06,0.0,30.0,0.7719919530733403,0.5439839061466807,1.0
2015-11-10,22401.69921875,-0.014303410436446673,4.96031746031746e-06,0.0,30.0,0.8045827201237739,0.6091654402475477,1.0
2015-11-11,22352.169921875,-0.0022109616056956716,4.880952515772409e-06,0.0,30.0,0.801085504560876,0.6021710091217521,1.0
2015-11-12,22888.919921875,0.024013328543762924,4.880952515772409e-06,0.0,30.0,0.7553953604529318,0.5107907209058635,1.0
2015-11-13,22396.140625,-0.021529163392460915,4.484126906073282e-06,0.0,30.0,0.8138300866365078,0.6276601732730155,1.0
2015-11-16,22010.8203125,-0.017204763934634437,3.888888787182548e-06,0.0,30.0,0.8261189254938804,0.6522378509877609,1.0
2015-11-17,22264.25,0.011513868356649803,5.357143070016588e-06,1.0,30.0,0.8261990168165787,0.6523980336331573,1.0
2015-11-18,22188.259765625,-0.003413105511077208,4.880952515772409e-06,1.0,30.0,0.8202486655299395,0.6404973310598788,1.0
2015-11-19,22500.220703125,0.014059729820871558,3.492063473141381e-06,1.0,30.0,0.8032061181994435,0.6064122363988871,1.0
2015-11-20,22754.720703125,0.011311000161196239,3.6904762779909446e-06,1.0,30.0,0.7549978090186928,0.5099956180373856,1.0
2015-11-23,22665.900390625,-0.00390337959576903,4.166666536577163e-06,1.0,30.0,0.7765979287168316,0.5531958574336633,1.0
2015-11-24,22587.630859375,-0.003453184294517353,6.071428457895913e-06,1.0,30.0,0.7792299450226297,0.5584598900452592,1.0
2015-11-25,22498.0,-0.003968139019670525,6.944444326181258e-06,1.0,30.0,0.7872518761790173,0.5745037523580344,1.0
2015-11-26,22488.939453125,-0.0004027267701574022,6.944444326181258e-06,1.0,30.0,0.7874291265574653,0.5748582531149307,1.0
2015-11-27,22068.3203125,-0.01870337823185131,6.3492062072905275e-06,1.0,30.0,0.8033738232321461,0.614244995876247,0.9925026505880452
2015-11-30,21996.419921875,-0.0032580817029501663,6.746031816989654e-06,1.0,30.0,0.7925588628498811,0.5990996829308919,0.9860180427688703
2015-12-01,22381.349609375,0.017499651710012776,8.055555323759714e-06,1.0,30.0,0.7841967267125868,0.5926850568700053,0.9757083965551683
2015-12-02,22479.689453125,0.004393829928325932,7.93650805477112e-06,1.0,30.0,0.7710019092873274,0.5763367677481306,0.9656670508265242
2015-12-03,22417.009765625,-0.002788280844835511,7.85714281456811e-06,1.0,30.0,0.7658816257711784,0.5772736595617249,0.9544895919806318
2015-12-04,22235.890625,-0.008079540604150282,8.134920563962722e-06,1.0,30.0,0.7636979779544353,0.5818425841117495,0.945553371797121
2015-12-07,22203.220703125,-0.0014692427852774914,9.325396801744186e-06,1.0,30.0,0.7581713107914332,0.5845274393441574,0.9318151822387089
2015-12-08,21905.130859375,-0.013425522708426008,1.0634920899830168e-05,1.0,30.0,0.7595137233877755,0.6012857480782412,0.9177416986973097
2015-12-09,21803.759765625,-0.004627732854041167,9.722222411443313e-06,1.0,30.0,0.7508572553150576,0.5964875415261592,0.9052269691039561
2015-12-10,21704.609375,-0.004547398783090517,9.126984292552583e-06,1.0,30.0,0.7401367051644315,0.5930411518075098,0.8872322585213532
2015-12-11,21464.05078125,-0.011083295238986546,8.452380933458842e-06,1.0,30.0,0.7360845046647349,0.5984081764245478,0.8737608329049218
2015-12-14,21309.849609375,-0.007184159851583272,7.85714281456811e-06,1.0,30.0,0.7307493862728498,0.59368358475399,0.8678151877917095
2015-12-15,21274.369140625,-0.001664979781668241,9.92063492063492e-06,1.0,30.0,0.7268409716057525,0.5879891312338131,0.8656928119776919
2015-12-16,21701.2109375,0.020063664123412872,9.325396801744186e-06,1.0,30.0,0.7238617944475836,0.5876172486079972,0.86010634028717
2015-12-17,21872.060546875,0.007872814557079444,8.452380933458842e-06,1.0,30.0,0.7228375936923406,0.5860893266679627,0.8595858607167184
2015-12-18,21755.560546875,-0.005326430024748863,6.944444326181258e-06,1.0,30.0,0.722643230404618,0.5867349116808901,0.8585515491283457
2015-12-21,21791.6796875,0.0016602256948139438,6.071428457895913e-06,1.0,30.0,0.7210856467149975,0.5840615158000634,0.8581097776299318
2015-12-22,21830.01953125,0.0017593799238886376,7.658730305376503e-06,1.0,30.0,0.7144370334673821,0.568443774685474,0.8604302922492901
2015-12-23,22040.58984375,0.009645905822418754,7.5396824450719925e-06,1.0,30.0,0.5405566063739027,0.22066643531834548,0.86044677742946
2015-12-24,22138.130859375,0.004425517480089569,7.261904695677376e-06,1.0,30.0,0.5539615272661055,0.2491372674486152,0.8587857870835958
2015-12-28,21919.619140625,-0.009870377952774012,7.5396824450719925e-06,1.0,30.0,0.5989628245889218,0.3347542438825704,0.8631714052952733
2015-12-29,21999.619140625,0.0036496984499028162,8.531746173661852e-06,1.0,30.0,0.5644987400954475,0.2601977569468126,0.8687997232440825
2015-12-30,21882.150390625,-0.005339581074068622,7.738094954263595e-06,1.0,30.0,0.6054746673723659,0.3350429424253373,0.8759063923193944
2015-12-31,21914.400390625,0.0014738039646147172,5.87301594870431e-06,1.0,30.0,0.5805248410041377,0.31639321930225534,0.84465646270602
2016-01-04,21327.119140625,-0.02679887377850587,6.150793698098924e-06,1.0,50.0,0.808655568417492,0.7502577603077814,0.8670533765272026
2016-01-05,21188.720703125,-0.00648931703280875,8.134920563962722e-06,1.0,50.0,0.8141936472608169,0.7234485395467672,0.9049387549748666
2016-01-06,20980.810546875,-0.00981230340250494,8.134920563962722e-06,1.0,50.0,0.8091395030424133,0.6990446311197235,0.9192343749651033
2016-01-07,20333.33984375,-0.03086013772816032,7.5396824450719925e-06,1.0,50.0,0.8128532735287204,0.6868185078096981,0.9388880392477428
2016-01-08,20453.7109375,0.005919887961101544,7.5396824450719925e-06,1.0,50.0,0.8490203153415217,0.742662672163742,0.9553779585193012
2016-01-11,19888.5,-0.027633662137257375,6.944444326181258e-06,1.0,50.0,0.8466911423460022,0.7192450170387253,0.9741372676532789
2016-01-12,19711.759765625,-0.008886554258742518,8.333333073154326e-06,1.0,50.0,0.8447869194051749,0.6967978513325513,0.9927759874777986
2016-01-13,19934.880859375,0.011319186942360115,8.531746173661852e-06,1.0,50.0,0.8636889836653043,0.7273779673306086,1.0
2016-01-14,19817.41015625,-0.005892721604591644,9.523809310935788e-06,1.0,50.0,0.8645092209475941,0.7290184418951882,1.0
2016-01-15,19520.76953125,-0.014968687768035394,8.849206543157968e-06,1.0,50.0,0.8523459529603283,0.7046919059206566,1.0
2016-01-18,19237.44921875,-0.014513788098693747,8.849206543157968e-06,1.0,50.0,0.8439767838842209,0.687953567768442,1.0
2016-01-19,19635.810546875,0.020707596084866164,9.126984292552583e-06,1.0,50.0,0.8712815183197639,0.7425630366395277,1.0
2016-01-20,18886.30078125,-0.038170553939484986,1.0039682189623515e-05,1.0,50.0,0.8595350583733266,0.719070116746653,1.0
2016-01-21,18542.150390625,-0.018222223325314535,1.0833333409021768e-05,1.0,50.0,0.8468082616294191,0.6936165232588383,1.0
2016-01-22,19080.509765625,0.02903435489727224,1.1428570936596582e-05,1.0,50.0,0.877995666234656,0.7559913324693119,1.0
2016-01-25,19340.140625,0.013607123843344393,1.0912698649224782e-05,1.0,50.0,0.8897930440919024,0.7795860881838047,1.0
2016-01-26,18860.80078125,-0.024784713464305552,1.190476237781464e-05,1.0,50.0,0.8788121969094305,0.757624393818861,1.0
2016-01-27,19052.44921875,0.010161203637256033,1.190476237781464e-05,1.0,50.0,0.8933145937313929,0.7866291874627858,1.0
2016-01-28,19195.830078125,0.007525586748915014,1.2619047174378047e-05,1.0,50.0,0.9107704721436998,0.8215409442873995,1.0
2016-01-29,19683.109375,0.025384643169470866,1.190476237781464e-05,1.0,50.0,0.8892728091307833,0.7785456182615667,1.0
2016-02-01,19595.5,-0.004450992642009877,1.1706348685991194e-05,1.0,50.0,0.9139834191012368,0.8279668382024735,1.0
2016-02-02,19446.83984375,-0.0075864436350182585,1.3095238615596102e-05,1.0,50.0,0.9187900938476896,0.8375801876953793,1.0
2016-02-03,18991.58984375,-0.023409973222272007,1.3214285884584698e-05,1.0,50.0,0.9191063069684431,0.8382126139368862,1.0
2016-02-04,19183.08984375,0.010083410687337535,1.1230158427404976e-05,1.0,50.0,0.9277611983126497,0.8555223966252994,1.0
2016-02-05,19288.169921875,0.005477745190211714,1.1031745918213372e-05,1.0,50.0,0.9223346112193986,0.8446692224387973,1.0
2016-02-11,18545.80078125,-0.03848831400967012,1.0833333409021768e-05,1.0,50.0,0.92731804270764,0.85463608541528,1.0
2016-02-12,18319.580078125,-0.012197947437983414,1.0714286140033176e-05,1.0,50.0,0.9087730109735852,0.8175460219471703,1.0
2016-02-15,18918.140625,0.03267326785452518,1.0714286140033176e-05,1.0,50.0,0.9419176337832866,0.8838352675665732,1.0
2016-02-16,19122.080078125,0.010780100284036198,1.0833333409021768e-05,1.0,50.0,0.9356790675246276,0.8713581350492553,1.0
2016-02-17,18924.5703125,-0.010328884975800534,1.1626984628420029e-05,1.0,50.0,0.9379053079587822,0.8758106159175645,1.0
2016-02-18,19363.080078125,0.023171451630548123,1.1428570936596582e-05,1.0,50.0,0.9132922107727968,0.8265844215455936,1.0
2016-02-19,19285.5,-0.004006598010852791,1.1230158427404976e-05,1.0,50.0,0.9323096801875325,0.8646193603750649,1.0
2016-02-22,19464.08984375,0.009260317012781627,1.1626984628420029e-05,1.0,50.0,0.9074076818251584,0.8148153636503167,1.0
2016-02-23,19414.779296875,-0.002533411388400131,1.2619047174378047e-05,1.0,50.0,0.9245000856015746,0.8490001712031493,1.0
2016-02-24,19192.44921875,-0.011451589262247541,1.2499999905389453e-05,1.0,50.0,0.937408886087702,0.874817772175404,1.0
2016-02-25,18888.75,-0.015823890702459265,1.2301587396197849e-05,1.0,50.0,0.9237259475574733,0.8474518951149466,1.0
2016-02-26,19364.150390625,0.02516844103633109,1.2023809646803233e-05,1.0,50.0,0.9252320483364678,0.8504640966729357,1.0
2016-02-29,19111.9296875,-0.013025136555803174,1.2222222155994837e-05,1.0,50.0,0.9288427618011799,0.8576855236023597,1.0
2016-03-01,19407.4609375,0.015463182150219579,1.2698412414581055e-05,1.0,50.0,0.9185007423022937,0.8370014846045876,1.0
2016-03-02,20003.490234375,0.03071134852696389,1.2023809646803233e-05,1.0,50.0,0.7835700840519693,0.5671401681039385,1.0
2016-03-03,19941.759765625,-0.0030859848969715387,1.0436508390638564e-05,1.0,50.0,0.8262907720057215,0.652581544011443,1.0
2016-03-04,20176.69921875,0.011781279881326379,1.0515872448209729e-05,1.0,50.0,0.744986189202151,0.48997237840430186,1.0
2016-03-07,20159.720703125,-0.0008414912390239948,1.0515872448209729e-05,1.0,50.0,0.7877098875206728,0.5754197750413457,1.0
2016-03-08,20011.580078125,-0.007348347091784668,1.2103174887006245e-05,1.0,50.0,0.8356501311510532,0.6713002623021065,1.0
2016-03-09,19996.259765625,-0.0007655723556155847,1.1428570936596582e-05,1.0,50.0,0.8202731144625,0.6405462289249998,1.0
2016-03-10,19984.419921875,-0.0005921029176843007,1.2023809646803233e-05,1.0,50.0,0.8297035571533891,0.6594071143067782,1.0
2016-03-11,20199.599609375,0.0107673722000039,1.2222222155994837e-05,1.0,50.0,0.7663981518597445,0.5327963037194889,1.0
2016-03-14,20435.33984375,0.011670539957910231,1.2222222155994837e-05,1.0,50.0,0.6984219050005144,0.39684381000102875,1.0
2016-03-15,20288.76953125,-0.007172394176983898,1.2896824923772657e-05,1.0,50.0,0.7506064624200566,0.501212924840113,1.0
2016-03-16,20257.69921875,-0.001531404477346121,1.190476237781464e-05,1.0,50.0,0.7762538341467773,0.5525076682935546,1.0
2016-03-17,20503.810546875,0.012149026672150676,1.0912698649224782e-05,1.0,50.0,0.704833218949479,0.409666437898958,1.0
2016-03-18,20671.630859375,0.00818483530738523,1.1111111158416386e-05,1.0,50.0,0.6498101221247949,0.2996202442495899,1.0
2016-03-21,20684.150390625,0.0006056382941030947,1.1428570936596582e-05,1.0,50.0,0.6479513252276152,0.29590265045523056,1.0
2016-03-22,20666.75,-0.0008412427049885318,1.1706348685991194e-05,1.0,50.0,0.6403550810615118,0.28071016212302374,1.0
2016-03-23,20615.23046875,-0.0024928704924577216,1.1626984628420029e-05,1.0,50.0,0.6487871624163813,0.29757432483276264,1.0
2016-03-24,20345.609375,-0.013078732937704007,1.0912698649224782e-05,1.0,50.0,0.75826989613895,0.5165397922778999,1.0
2016-03-29,20366.30078125,0.0010169961424417728,8.92857119204506e-06,1.0,50.0,0.6867156918211383,0.3734313836422766,1.0
2016-03-30,20803.390625,0.021461425343987983,7.3412699358803885e-06,1.0,50.0,0.536960577823596,0.22504773413910456,0.8488734215080873
2016-03-31,20776.69921875,-0.001283031537076651,7.658730305376503e-06,1.0,50.0,0.6114830735490906,0.22296614709818108,1.0
2016-04-01,20498.919921875,-0.01336975108270888,8.650793442650444e-06,1.0,50.0,0.7189509094933884,0.43790181898677666,1.0
2016-04-05,20177.0,-0.01570423822825273,8.650793442650444e-06,1.0,50.0,0.8345645063609011,0.6691290127218023,1.0
2016-04-06,20206.669921875,0.0014704823251723287,8.730158682853456e-06,1.0,50.0,0.7927975868687511,0.5855951737375024,1.0
2016-04-07,20266.05078125,0.0029386761700262998,8.730158682853456e-06,1.0,50.0,0.7224376593049716,0.4448753186099433,1.0
2016-04-08,20370.400390625,0.005148985882910351,8.650793442650444e-06,1.0,50.0,0.6448572590912379,0.2897145181824759,1.0
2016-04-11,20440.810546875,0.0034564934856364804,8.333333073154326e-06,1.0,50.0,0.6307864011587045,0.26157280231740904,1.0
2016-04-12,20504.439453125,0.0031128367490167452,9.126984292552583e-06,1.0,50.0,0.6293410925990887,0.2586821851981773,1.0
2016-04-13,21158.7109375,0.03190877204279219,8.849206543157968e-06,0.0,50.0,0.6331581004529132,0.2663162009058265,1.0
2016-04-14,21337.810546875,0.008464580375620923,8.531746173661852e-06,0.0,50.0,0.6429313946404132,0.2858627892808263,1.0
2016-04-15,21316.470703125,-0.0010000952863987722,8.333333073154326e-06,0.0,50.0,0.602578456091599,0.22239689163687315,0.9827600205463249
2016-04-18,21161.5,-0.007269998175743142,7.85714281456811e-06,0.0,50.0,0.5541731133928918,0.1574905481699852,0.9508556786157984
2016-04-19,21436.2109375,0.01298163823452958,8.531746173661852e-06,0.0,50.0,0.4894071282056983,0.20761451025101227,0.7711997461603843
2016-04-20,21236.310546875,-0.009325360307744446,8.650793442650444e-06,0.0,50.0,0.4340725646419367,0.11832863751463983,0.7498164917692336
2016-04-21,21622.25,0.018173564201423575,8.92857119204506e-06,0.0,50.0,0.3505040164257689,0.1890190202532763,0.5119890125982615
2016-04-22,21467.0390625,-0.007178297240111431,8.92857119204506e-06,0.0,50.0,0.4791060350699171,0.15063126395621335,0.8075808061836209
2016-04-25,21304.439453125,-0.007574384567037962,9.444444662048701e-06,0.0,50.0,0.4364952277379926,0.09934951709798778,0.7736409383779974
2016-04-26,21407.26953125,0.004826697193852647,9.722222411443313e-06,0.0,50.0,0.4345489039446711,0.13744131953928576,0.7316564883500565
2016-04-27,21361.599609375,-0.0021333837932171473,9.722222411443313e-06,0.0,50.0,0.4036587971667699,0.11738373760602605,0.6899338567275137
2016-04-28,21388.029296875,0.0012372522649661821,8.333333073154326e-06,0.0,50.0,0.3684833154401167,0.08180959894930044,0.655157031930933
2016-04-29,21067.05078125,-0.015007390871299098,7.658730305376503e-06,0.0,50.0,0.36010280578975745,0.09139483059953234,0.6288107809799826
2016-05-03,20676.939453125,-0.01851760515393097,8.055555323759714e-06,0.0,50.0,0.43537731937577473,0.2692906239921797,0.6014640147593697
2016-05-04,20525.830078125,-0.007308111306442044,7.85714281456811e-06,0.0,50.0,0.4357909551940009,0.292883667469106,0.5786982429188958
2016-05-05,20449.8203125,-0.003703127490371605,7.261904695677376e-06,0.0,50.0,0.4253748393448026,0.2957559933281739,0.5549936853614312
2016-05-06,20109.869140625,-0.016623675253870318,7.142857426688782e-06,0.0,50.0,0.49479752351762746,0.4534962211871668,0.5360988258480881
2016-05-09,20156.810546875,0.0023342472256655533,8.055555323759714e-06,0.0,50.0,0.48148960381418515,0.446465984874663,0.5165132227537073
2016-05-10,20242.6796875,0.004260055946118557,9.642857171240305e-06,0.0,50.0,0.4198478595460357,0.3459458555943792,0.49374986349769223
2016-05-11,20055.2890625,-0.009257204475537684,9.841269680431907e-06,0.0,50.0,0.45550680304271596,0.44223778952206044,0.46877581656337153
2016-05-12,19915.4609375,-0.0069721321175796325,1.0238094698815117e-05,0.0,50.0,0.47009711630850665,0.49039582304261764,0.44979840957439565
2016-05-13,19719.2890625,-0.00985023021137399,1.0238094698815117e-05,0.0,50.0,0.4789053252197709,0.5283353219799609,0.4294753284595809
2016-05-16,19883.94921875,0.008350207541869992,1.0238094698815117e-05,0.0,50.0,0.4301918302045664,0.4488653784817563,0.4115182819273766
2016-05-17,20118.80078125,0.011811112567041926,1.0634920899830168e-05,0.0,50.0,0.3383185579717727,0.27912088752304287,0.3975162284205025
2016-05-18,19826.41015625,-0.014533203453781285,1.0714286140033176e-05,0.0,50.0,0.4009771610022248,0.41616158767065997,0.3857927343337897
2016-05-19,19694.330078125,-0.0066618251657304395,1.150793617679959e-05,0.0,50.0,0.42097523544770876,0.4626121345449521,0.37933833635046543
2016-05-20,19852.19921875,0.008015969063113637,1.1825397137611633e-05,0.0,50.0,0.364382318408943,0.3576374502077964,0.3711271866100896
2016-05-23,19809.029296875,-0.0021745662230825413,1.2420634665186441e-05,0.0,50.0,0.3712200091777127,0.38097386278798734,0.3614661555674381
2016-05-24,19830.4296875,0.0010803351494046431,1.3611110902967905e-05,0.0,50.0,0.33613012469428305,0.32048127997201653,0.3517789694165496
2016-05-25,20368.05078125,0.027110915003969227,1.2499999905389453e-05,0.0,50.0,0.2259243903454147,0.11431867292702341,0.337530107763806
2016-05-26,20397.109375,0.0014266752406544292,1.0912698649224782e-05,0.0,50.0,0.22611093429668971,0.12644289313693388,0.3257789754564455
2016-05-27,20576.76953125,0.008808118491054673,1.1825397137611633e-05,0.0,50.0,0.21957754096053142,0.13771738471887401,0.3014376972021888
2016-05-30,20629.390625,0.0025573058817656147,1.1825397137611633e-05,0.0,50.0,0.17595699019251154,0.12267247372873444,0.22924150665628867
2016-05-31,20815.08984375,0.009001682217649076,1.1230158427404976e-05,0.0,50.0,0.1275413911065481,0.11909486295964064,0.13598791925345557
2016-06-01,20760.98046875,-0.002599526372750516,1.1706348685991194e-05,0.0,50.0,0.13314028436640862,0.08351751935388614,0.18276304937893112
2016-06-02,20859.220703125,0.004731965068936583,1.0714286140033176e-05,0.0,50.0,0.1406780855701183,0.10952841504699956,0.17182775609323706
2016-06-03,20947.240234375,0.004219694134441676,1.0714286140033176e-05,0.0,50.0,0.1078894869065705,0.0987682728881984,0.11701070092494262
2016-06-06,21030.220703125,0.003961403403099695,9.92063492063492e-06,0.0,50.0,0.10262204878746173,0.12940523658843267,0.0758388609864908
2016-06-07,21328.240234375,0.014171013012988176,1.0515872448209729e-05,0.0,50.0,0.1265138096568574,0.1834071252768411,0.06962049403687372
2016-06-08,21297.880859375,-0.0014234355327200632,9.325396801744186e-06,0.0,50.0,0.1231092443389839,0.1720940255351386,0.07412446314282918
2016-06-10,21042.640625,-0.011984301915307527,9.523809310935788e-06,0.0,50.0,0.08369272248045799,0.061326932325507594,0.10605851263540839
2016-06-13,20512.990234375,-0.02517033865016649,9.722222411443313e-06,0.0,50.0,0.17364353826642512,0.19648401161356482,0.1508030649192854
2016-06-14,20387.529296875,-0.006116170098387497,1.0436508390638564e-05,0.0,50.0,0.21091087184703752,0.2410365512525496,0.18078519244152544
2016-06-15,20467.51953125,0.003923488384012241,1.0119047429826525e-05,0.0,50.0,0.17664795540040873,0.17835480076275675,0.17494111003806068
2016-06-16,20038.419921875,-0.02096490533304962,9.722222411443313e-06,0.0,50.0,0.287548421433086,0.3913714375524837,0.1837254053136883
2016-06-17,20169.98046875,0.006565415206783998,9.841269680431907e-06,0.0,50.0,0.255317845694644,0.3255988462713801,0.1850368451179079
2016-06-20,20510.19921875,0.01686757954610374,9.841269680431907e-06,0.0,50.0,0.22532696059644317,0.15616611737909408,0.29448780381379225
2016-06-21,20668.439453125,0.007715197336081392,1.0515872448209729e-05,0.0,50.0,0.2162933765275093,0.1202963306095652,0.3122904224454534
2016-06-22,20795.119140625,0.0061291365411164644,1.0634920899830168e-05,0.0,50.0,0.18665057083925482,0.12288546485018442,0.2504156768283252
2016-06-23,20868.33984375,0.0035210523503064195,1.0912698649224782e-05,0.0,50.0,0.1999465312096101,0.13910151784443808,0.2607915445747821
2016-06-24,20259.130859375,-0.02919297792428166,9.444444662048701e-06,0.0,50.0,0.37458622871449354,0.3069876789634702,0.44218477846551696
2016-06-27,20227.30078125,-0.0015711472691470885,9.325396801744186e-06,0.0,50.0,0.29624628920103036,0.3005194808414063,0.29197309756065437
2016-06-28,20172.4609375,-0.0027111795262784177,1.0317459939018125e-05,0.0,50.0,0.2979805213718189,0.3109713885342154,0.2849896542094224
2016-06-29,20436.119140625,0.01307020516445112,1.0119047429826525e-05,0.0,50.0,0.30221829978996506,0.2687810200194153,0.3356555795605149
2016-06-30,20794.369140625,0.017530236417923062,9.841269680431907e-06,0.0,50.0,0.24364147246221113,0.2378210260942512,0.24946191883017108
2016-07-04,21059.19921875,0.012735663021755883,9.841269680431907e-06,0.0,50.0,0.24388765856654904,0.21628625609804356,0.27148906103505455
2016-07-05,20750.720703125,-0.014648159809910855,9.444444662048701e-06,0.0,50.0,0.24143265219048315,0.1773185897191587,0.3055467146618076
2016-07-06,20495.2890625,-0.012309531041325816,1.0436508390638564e-05,0.0,50.0,0.28588562790742317,0.23508960263268822,0.3366816531821581
2016-07-07,20706.919921875,0.010325829449374213,1.0714286140033176e-05,0.0,50.0,0.2864138805587758,0.21426891074582682,0.35855885037172475
2016-07-08,20564.169921875,-0.00689383068745042,1.0833333409021768e-05,0.0,50.0,0.2915114801633294,0.2193153658537565,0.3637075944729023
2016-07-11,20880.5,0.015382584336093519,1.0912698649224782e-05,0.0,50.0,0.18079723151211288,0.1364393475632925,0.22515511546093325
2016-07-12,21224.740234375,0.016486206478532495,1.1706348685991194e-05,0.0,50.0,0.18985855904401067,0.1547428112841723,0.224974306803849
2016-07-13,21322.369140625,0.004599769192552117,1.1825397137611633e-05,0.0,50.0,0.16276863560511004,0.11224207002114499,0.2132952011890751
2016-07-14,21561.060546875,0.011194412997720171,1.2023809646803233e-05,0.0,50.0,0.15295651331196614,0.15014835621277792,0.15576467041115438
2016-07-15,21659.25,0.004554017781803088,1.1825397137611633e-05,0.0,50.0,0.1246592587755079,0.14870630231232007,0.10061221523869572
2016-07-18,21803.1796875,0.006645183351223993,1.1428570936596582e-05,0.0,50.0,0.13531034884327636,0.17583170318760918,0.09478899449894353
2016-07-19,21673.19921875,-0.005961537290109953,1.2301587396197849e-05,0.0,50.0,0.12615107201650805,0.13318280135362448,0.1191193426793916
2016-07-20,21882.48046875,0.009656223240865458,1.2499999905389453e-05,0.0,50.0,0.14162306049039552,0.1721622037309125,0.11108391724987851
2016-07-21,22000.490234375,0.005392887967775373,1.2023809646803233e-05,0.0,50.0,0.11467007379928351,0.15362695601024873,0.0757131915883183
2016-07-22,21964.26953125,-0.0016463589101485265,1.2023809646803233e-05,0.0,50.0,0.11615334925722598,0.17162389352087998,0.06068280499357199
2016-07-25,21993.439453125,0.001328062462241153,1.1825397137611633e-05,0.0,50.0,0.10726327865164183,0.1624565299386041,0.05207002736467955
2016-07-26,22129.73046875,0.006196894119970597,1.2222222155994837e-05,0.0,50.0,0.09448303644374131,0.1623707659717267,0.026595306915755918
2016-07-27,22218.990234375,0.004033477305611433,1.1230158427404976e-05,0.0,50.0,0.09876050396349445,0.17755394079141001,0.019967067135578873
2016-07-28,22174.33984375,-0.002009559847410247,8.730158682853456e-06,0.0,50.0,0.10075700827722865,0.17737297677900868,0.024141039775448618
2016-07-29,21891.369140625,-0.012761178241108118,9.523809310935788e-06,0.0,50.0,0.06722066489254513,0.11577360787824456,0.0186677219068457
2016-08-01,22129.140625,0.010861425927616075,9.444444662048701e-06,0.0,50.0,0.05014797327254287,0.09969926206569758,0.0005966844793881574
2016-08-03,21739.119140625,-0.017624791264346684,1.0634920899830168e-05,0.0,50.0,0.04417287899015586,0.08834575798031172,0.0
2016-08-04,21832.23046875,0.004283123318966409,9.841269680431907e-06,0.0,50.0,0.03339265861227592,0.06678531722455185,0.0
2016-08-05,22146.08984375,0.014375964721023315,9.92063492063492e-06,0.0,50.0,0.03334019518989034,0.06668039037978069,0.0
2016-08-08,22494.759765625,0.01574408504322955,9.92063492063492e-06,0.0,50.0,0.07648336040311399,0.11484256303231956,0.0381241577739084
2016-08-09,22465.609375,-0.0012958747249901537,1.1626984628420029e-05,0.0,50.0,0.08026381916926933,0.11059028249660806,0.049937355841930604
2016-08-10,22492.4296875,0.0011938386380849764,1.0833333409021768e-05,0.0,50.0,0.06508301043611839,0.09323076792985292,0.03693525294238387
2016-08-11,22580.55078125,0.003917811235794266,1.0912698649224782e-05,0.0,50.0,0.06851210792432877,0.10246476006217886,0.03455945578647867
2016-08-12,22766.91015625,0.00825309253106199,1.0436508390638564e-05,0.0,50.0,0.07762483397630202,0.11517745893494173,0.040072209017662314
2016-08-15,22932.509765625,0.007273697143726832,1.0912698649224782e-05,0.0,50.0,0.07074223781286194,0.1414844756257239,0.0
2016-08-16,22910.83984375,-0.0009449433183054134,1.1428570936596582e-05,0.0,50.0,0.05703178136740221,0.11406356273480442,0.0
2016-08-17,22799.779296875,-0.004847510943833733,1.1428570936596582e-05,0.0,50.0,0.038606147117396135,0.07721229423479227,0.0
2016-08-18,23023.16015625,0.009797500952371863,1.130952366760799e-05,0.0,50.0,0.05548065500761599,0.11096131001523198,0.0
2016-08-19,22937.220703125,-0.003732739230486115,1.1626984628420029e-05,0.0,50.0,0.05210828897891403,0.10421657795782806,0.0
2016-08-22,22997.91015625,0.0026458939341649224,1.1111111158416386e-05,0.0,50.0,0.043437456525276634,0.08687491305055327,0.0
2016-08-23,22998.9296875,4.43314737328393e-05,1.2103174887006245e-05,0.0,50.0,0.04704887491646152,0.09409774983292304,0.0
2016-08-24,22820.779296875,-0.007746029621622963,1.2103174887006245e-05,0.0,50.0,0.028070373642445422,0.056140747284890845,0.0
2016-08-25,22814.94921875,-0.00025547235040301874,1.2103174887006245e-05,0.0,50.0,0.0283624179792207,0.0567248359584414,0.0
2016-08-26,22909.5390625,0.004145958986937481,1.2103174887006245e-05,0.0,50.0,0.031040230163838094,0.06208046032767619,0.0
2016-08-29,22821.33984375,-0.0038498905852877296,1.2103174887006245e-05,0.0,50.0,0.028933507682618376,0.05786701536523675,0.0
2016-08-30,23016.109375,0.008534535333311721,1.2896824923772657e-05,0.0,50.0,0.034974428690457776,0.06994885738091555,0.0
2016-08-31,22976.880859375,-0.0017043938654379698,1.2698412414581055e-05,0.0,50.0,0.035276617821890434,0.07055323564378087,0.0
2016-09-01,23162.33984375,0.008071547461557582,1.2499999905389453e-05,0.0,50.0,0.04611154399403611,0.09222308798807222,0.0
2016-09-02,23266.69921875,0.004505562723973178,1.2023809646803233e-05,0.0,50.0,0.056572400381784294,0.11314480076356859,0.0
2016-09-05,23649.55078125,0.016454915194479725,1.2023809646803233e-05,0.0,50.0,0.09162774324301227,0.18325548648602455,0.0
2016-09-06,23787.6796875,0.0058406566588788955,1.2023809646803233e-05,0.0,50.0,0.10628881440565692,0.21257762881131384,0.0
2016-09-07,23741.810546875,-0.001928273006345571,1.3095238615596102e-05,0.0,50.0,0.09143598160114373,0.18287196320228746,0.0
2016-09-08,23919.33984375,0.007477496146492069,1.3214285884584698e-05,0.0,50.0,0.10980976028636018,0.21961952057272036,0.0
2016-09-09,24099.69921875,0.007540315751946913,1.3214285884584698e-05,0.0,50.0,0.1187577330036543,0.2375154660073086,0.0
2016-09-12,23290.599609375,-0.03357301690908676,1.388888865236252e-05,0.0,50.0,0.18055019925639376,0.10154671259238525,0.2595536859204023
2016-09-13,23215.759765625,-0.0032133068708061208,1.3690476143170916e-05,0.0,50.0,0.17752373763393284,0.10404488113720926,0.2510025941306564
2016-09-14,23190.640625,-0.0010819865849143184,1.2499999905389453e-05,0.0,50.0,0.18817351285533576,0.12630278737510886,0.25004423833556266
2016-09-15,23335.58984375,0.006250332670574954,1.1031745918213372e-05,0.0,50.0,0.17010346713877877,0.0975736991065504,0.24263323517100716
2016-09-19,23550.44921875,0.009207368506159552,9.444444662048701e-06,0.0,50.0,0.1632755242027281,0.06624520034613529,0.2603058480593209
2016-09-20,23530.859375,-0.0008318246317953193,1.1428570936596582e-05,0.0,50.0,0.10538179351943165,0.04259478755319085,0.16816879948567245
2016-09-21,23669.900390625,0.005908879629475949,8.849206543157968e-06,0.0,50.0,0.1116620117180635,0.04829289934738596,0.17503112408874105
2016-09-22,23759.80078125,0.0037980890980262583,6.3492062072905275e-06,0.0,50.0,0.10993872404276339,0.04380534688219672,0.17607210120333006
2016-09-23,23686.48046875,-0.0030858976123175896,6.547619307798051e-06,0.0,50.0,0.10265458614512202,0.045000833316841696,0.16030833897340235
2016-09-26,23317.919921875,-0.015559954015171185,6.86507908597825e-06,0.0,50.0,0.14966536953074921,0.10762277444708948,0.19170796461440895
2016-09-27,23571.900390625,0.010892072260344943,1.0119047429826525e-05,0.0,50.0,0.02219859695393968,0.04439719390787936,0.0
2016-09-28,23619.650390625,0.0020257170278468184,1.0436508390638564e-05,0.0,50.0,0.013705055519592772,0.027410111039185545,0.0
2016-09-29,23739.470703125,0.005072907960888218,9.325396801744186e-06,0.0,50.0,0.014702118129887988,0.029404236259775975,0.0
2016-09-30,23297.150390625,-0.018632273567993796,1.0317459939018125e-05,0.0,50.0,0.03264056669147878,0.06528113338295756,0.0
2016-10-03,23584.4296875,0.012331091659630866,1.1428570936596582e-05,0.0,50.0,0.019056158825340685,0.03811231765068137,0.0
2016-10-04,23689.439453125,0.004452503919594619,1.2499999905389453e-05,0.0,50.0,0.018492580011868126,0.03435113917928706,0.0026340208444491945
2016-10-05,23788.310546875,0.004173635849241464,1.2420634665186441e-05,0.0,50.0,0.02440747043147812,0.04881494086295624,0.0
2016-10-06,23952.5,0.006902106511576855,1.2301587396197849e-05,0.0,50.0,0.03484188646388574,0.06368655367247023,0.005997219255301246
2016-10-07,23851.8203125,-0.004203306022335873,1.2301587396197849e-05,0.0,50.0,0.026808827937335876,0.042568911041604596,0.011048744833067156
2016-10-11,23549.51953125,-0.012674117836263155,1.2698412414581055e-05,0.0,50.0,0.016212928860962122,0.032425857721924245,0.0
2016-10-12,23407.05078125,-0.006049751877567844,1.3492063633979314e-05,0.0,50.0,0.02760965679734554,0.05521931359469108,0.0
2016-10-13,23031.30078125,-0.01605285533455547,1.0912698649224782e-05,0.0,50.0,0.08612980368324553,0.1448958049204015,0.027363802446089575
2016-10-14,23233.310546875,0.008771096671598144,1.150793617679959e-05,0.0,50.0,0.062458226321916215,0.07002564338057102,0.05489080926326141
2016-10-17,23037.5390625,-0.008426327534339806,1.1706348685991194e-05,0.0,50.0,0.061822135234767414,0.12364427046953483,0.0
2016-10-18,23394.390625,0.015490003577720568,1.3214285884584698e-05,0.0,50.0,0.015100689424035849,0.030201378848071697,0.0
2016-10-19,23304.970703125,-0.0038222804478370564,1.2817460866201492e-05,0.0,50.0,0.016853480740577867,0.033706961481155734,0.0
2016-10-20,23374.400390625,0.0029791793512399245,1.2698412414581055e-05,0.0,50.0,0.02496159559894812,0.04992319119789624,0.0
2016-10-24,23604.080078125,0.009826121041039304,1.2420634665186441e-05,0.0,50.0,0.0037238031345543927,0.005565492061795977,0.0018821142073128082
2016-10-25,23565.109375,-0.001651015544601342,1.2896824923772657e-05,0.0,50.0,0.0027846410806631207,0.0055692821613262415,0.0
2016-10-26,23325.4296875,-0.010170955868945564,1.2420634665186441e-05,0.0,50.0,0.031243635985135368,0.062487271970270736,0.0
2016-10-27,23132.349609375,-0.008277664365105797,1.0912698649224782e-05,0.0,50.0,0.05900318679853662,0.11800637359707324,0.0
2016-10-28,22954.810546875,-0.007674925612746519,1.0833333409021768e-05,0.0,50.0,0.09014931856617205,0.1802986371323441,0.0
2016-10-31,22934.5390625,-0.0008831039721980405,1.1706348685991194e-05,0.0,50.0,0.07650825519851451,0.15301651039702902,0.0
2016-11-01,23147.0703125,0.00926686380837305,1.3690476143170916e-05,0.0,50.0,0.0390131704868992,0.0780263409737984,0.0
2016-11-02,22810.5,-0.014540514542708438,1.3690476143170916e-05,0.0,50.0,0.11555617897078276,0.2311123579415655,0.0
2016-11-03,22683.509765625,-0.00556718328730188,1.420634961317456e-05,0.0,50.0,0.16411372756737597,0.32822745513475193,0.0
2016-11-04,22642.619140625,-0.0018026586459722882,1.420634961317456e-05,0.0,50.0,0.1697655696229428,0.3395311392458856,0.0
2016-11-07,22801.400390625,0.007012494844958805,1.547618990852719e-05,0.0,50.0,0.11392034451230208,0.22784068902460416,0.0
2016-11-08,22909.470703125,0.004739634875427834,1.6666666146308656e-05,0.0,50.0,0.08888521281274826,0.17777042562549653,0.0
2016-11-09,22415.189453125,-0.021575411165329794,1.6587302088737487e-05,0.0,50.0,0.17858034002332174,0.3571606800466435,0.0
2016-11-10,22839.109375,0.018912172157255602,1.817460334490216e-05,0.0,50.0,0.17333673978563435,0.22224964696780608,0.12442383260346263
2016-11-11,22531.08984375,-0.01348649486249942,1.817460334490216e-05,0.0,50.0,0.2428002504154183,0.3230812097665258,0.16251929106431076
2016-11-14,22222.220703125,-0.013708575251661803,1.9960318292890277e-05,0.0,50.0,0.3086272698875479,0.41154735644121065,0.20570718333388513
2016-11-15,22323.91015625,0.00457602570343929,1.9365079582683625e-05,0.0,50.0,0.2671333261776522,0.361628959668197,0.17263769268710732
2016-11-16,22280.529296875,-0.0019432464595748877,1.7976190835710555e-05,0.0,50.0,0.2700752248821505,0.4157150780139647,0.12443537175033634
2016-11-17,22262.880859375,-0.0007921013574159197,1.6666666146308656e-05,0.0,50.0,0.2501205185694078,0.3798035995262802,0.12043743761253548
2016-11-18,22344.2109375,0.003653169535368095,1.6587302088737487e-05,0.0,50.0,0.19914918089535558,0.26798632317076765,0.1303120386199435
2016-11-21,22357.779296875,0.0006072427177201689,1.6666666146308656e-05,0.0,50.0,0.17288287104621222,0.24108380445546007,0.10468193763696439
2016-11-22,22678.0703125,0.014325707905604279,1.884920611267998e-05,0.0,50.0,0.1359583996258584,0.0913439167585654,0.1805728824931514
2016-11-23,22676.689453125,-6.088963284667237e-05,1.9246032313695026e-05,0.0,50.0,0.06525251415877201,0.13001525335919,0.0004897749583540063
2016-11-24,22608.490234375,-0.003007459218902997,1.9246032313695026e-05,0.0,50.0,0.051153162269864313,0.10230632453972863,0.0
2016-11-25,22723.44921875,0.00508477050803724,1.9047618621871583e-05,0.0,50.0,0.02950537552140984,0.05901075104281968,0.0
2016-11-28,22830.5703125,0.004714121202234134,1.785714238409012e-05,0.0,50.0,0.02688122610600458,0.05376245221200916,0.0
2016-11-29,22737.0703125,-0.004095386086295338,1.8571428363285367e-05,0.0,50.0,0.059490835442591726,0.11898167088518345,0.0
2016-11-30,22789.76953125,0.0023177664503692963,1.8571428363285367e-05,0.0,50.0,0.07483413538235222,0.14966827076470443,0.0
2016-12-01,22878.23046875,0.003881607375568308,1.817460334490216e-05,0.0,50.0,0.0902392592720743,0.1804785185441486,0.0
2016-12-02,22564.8203125,-0.01369905581981501,1.8055556075913563e-05,0.0,50.0,0.16108523958434004,0.3221704791686801,0.0
2016-12-05,22505.55078125,-0.0026266343108066748,1.7976190835710555e-05,0.0,50.0,0.15395439333988525,0.3079087866797705,0.0
2016-12-06,22675.150390625,0.007535901299349668,1.9246032313695026e-05,0.0,50.0,0.13271827971206177,0.26543655942412353,0.0
2016-12-07,22800.919921875,0.00554657980579476,1.9365079582683625e-05,0.0,50.0,0.0947296478739816,0.1894592957479632,0.0
2016-12-08,22861.83984375,0.0026718185969571984,1.944444482288663e-05,0.0,50.0,0.11496245117549996,0.2299249023509999,0.0
2016-12-09,22760.98046875,-0.004411691083890279,2.0634919878036257e-05,0.0,50.0,0.10060140888132298,0.20120281776264595,0.0
2016-12-12,22433.01953125,-0.014408910809017184,1.984126984126984e-05,0.0,50.0,0.17184005594936116,0.34368011189872233,0.0
2016-12-13,22446.69921875,0.0006098014349313896,2.0753968329656692e-05,0.0,50.0,0.12293436816412198,0.24586873632824396,0.0
2016-12-14,22456.619140625,0.0004419323205753223,2.0753968329656692e-05,0.0,50.0,0.15504347579062203,0.31008695158124405,0.0
2016-12-15,22059.400390625,-0.017688270327451683,1.9365079582683625e-05,0.0,50.0,0.22531686819435354,0.4506337363887071,0.0
2016-12-16,22020.75,-0.001752105222289968,1.9246032313695026e-05,0.0,50.0,0.2268830870261692,0.4537661740523384,0.0
2016-12-19,21832.6796875,-0.008540595234040604,1.8968253381668574e-05,0.0,50.0,0.24470232129677943,0.48940464259355887,0.0
2016-12-20,21729.060546875,-0.004746056925129749,2.0357143311273484e-05,0.0,50.0,0.24978886392948887,0.49957772785897775,0.0
2016-12-21,21809.80078125,0.0037157719819880253,1.9960318292890277e-05,0.0,50.0,0.2379567309687905,0.475913461937581,0.0
2016-12-22,21636.19921875,-0.00795979588448359,1.9563492091875226e-05,0.0,50.0,0.2537683479797293,0.5075366959594586,0.0
2016-12-23,21574.759765625,-0.002839660168767355,1.984126984126984e-05,0.0,50.0,0.24217319417017388,0.48434638834034777,0.0
2016-12-28,21754.740234375,0.00834217718784358,1.9642857332078237e-05,0.0,50.0,0.1967705270795513,0.3935410541591026,0.0
2016-12-29,21790.91015625,0.0016626225588227683,1.746031736570691e-05,0.0,50.0,0.1574038151926964,0.3148076303853928,0.0
2016-12-30,22000.560546875,0.009621002019728264,1.9047618621871583e-05,0.0,50.0,0.10679684017543052,0.21359368035086104,0.0
2017-01-03,22150.400390625,0.006810728455338477,1.884920611267998e-05,0.0,20.0,0.066043982486079,0.132087964972158,0.0
2017-01-04,22134.470703125,-0.0007191602507891082,2.055555582046509e-05,0.0,20.0,0.06926604870739043,0.13853209741478087,0.0
2017-01-05,22456.689453125,0.014557327994046299,2.015873080208188e-05,0.0,20.0,0.04883550301206168,0.09767100602412336,0.0
2017-01-06,22503.009765625,0.002062650979641756,1.9960318292890277e-05,0.0,20.0,0.04771831725014072,0.09543663450028143,0.0
2017-01-09,22558.689453125,0.002474321794280865,1.9246032313695026e-05,0.0,20.0,0.047590000543768295,0.09518000108753659,0.0
2017-01-10,22744.849609375,0.008252259362709236,1.9960318292890277e-05,0.0,20.0,0.05543517787664029,0.11087035575328058,0.0
2017-01-11,22935.349609375,0.008375522514841416,1.976190460106683e-05,0.0,20.0,0.07159245074436257,0.14318490148872515,0.0
2017-01-12,22829.01953125,-0.004636078365316765,1.9960318292890277e-05,0.0,20.0,0.04859580300278892,0.09719160600557784,0.0
2017-01-13,22937.380859375,0.004746648360288486,2.0357143311273484e-05,0.0,20.0,0.05510586484933244,0.11021172969866488,0.0
2017-01-16,22718.150390625,-0.009557781252099495,2.0357143311273484e-05,0.0,20.0,0.024746842392339794,0.04949368478467959,0.0
2017-01-17,22840.970703125,0.005406263731341676,2.0357143311273484e-05,0.0,20.0,0.030741465405859467,0.06148293081171893,0.0
2017-01-18,23098.259765625,0.011264366381101176,2.0436507368844653e-05,0.0,20.0,0.045307927680325294,0.09061585536065059,0.0
2017-01-19,23049.9609375,-0.002091015886698022,1.9960318292890277e-05,0.0,20.0,0.042952349988857004,0.08590469997771401,0.0
2017-01-20,22885.91015625,-0.007117182614531314,1.9047618621871583e-05,0.0,20.0,0.021705664850873115,0.04341132970174623,0.0
2017-01-23,22898.51953125,0.0005509667264229634,1.876984087247697e-05,0.0,20.0,0.022840832876214877,0.045681665752429754,0.0
2017-01-24,22949.859375,0.002242059521792905,1.9563492091875226e-05,0.0,20.0,0.02537188771466629,0.05074377542933258,0.0
2017-01-25,23049.119140625,0.004325070755471616,1.916666707349202e-05,0.0,20.0,0.028786952608558503,0.05757390521711701,0.0
2017-01-26,23374.169921875,0.014102525101581165,1.9365079582683625e-05,0.0,20.0,0.053782749763605996,0.10756549952721199,0.0
2017-01-27,23360.779296875,-0.0005728813063632376,1.976190460106683e-05,0.0,20.0,0.05145080126068339,0.10290160252136678,0.0
2017-02-01,23318.390625,-0.0018145230232397003,1.984126984126984e-05,0.0,20.0,0.06009321791578371,0.12018643583156742,0.0
2017-02-02,23184.51953125,-0.005741009141791875,1.9365079582683625e-05,0.0,20.0,0.033453062512620424,0.06690612502524085,0.0
2017-02-03,23129.2109375,-0.002385582917750373,1.9365079582683625e-05,0.0,20.0,0.03542622637630516,0.07085245275261032,0.0
2017-02-06,23348.240234375,0.009469812760446672,1.9960318292890277e-05,0.0,20.0,0.05267207242052565,0.1053441448410513,0.0
2017-02-07,23331.5703125,-0.0007139690917886687,2.083333238722786e-05,0.0,20.0,0.04967153712286367,0.09934307424572734,0.0
2017-02-08,23485.130859375,0.00658166359221557,2.083333238722786e-05,0.0,20.0,0.06606337078824764,0.1321267415764953,0.0
2017-02-09,23525.140625,0.0017036211492527098,2.0952380838848296e-05,0.0,20.0,0.057495754260950535,0.11499150852190107,0.0
2017-02-10,23574.98046875,0.0021185779309236263,2.0753968329656692e-05,0.0,20.0,0.057454849331760746,0.11490969866352149,0.0
2017-02-13,23710.98046875,0.005768827684938138,2.0753968329656692e-05,0.0,20.0,0.06952182844884294,0.13904365689768589,0.0
2017-02-14,23703.009765625,-0.0003361608405652028,2.123015977087475e-05,0.0,20.0,0.06960013280037014,0.13920026560074028,0.0
2017-02-15,23994.869140625,0.012313177857407265,2.0634919878036257e-05,0.0,20.0,0.09951114922997702,0.19902229845995403,0.0
2017-02-16,24107.69921875,0.004702258531344539,2.015873080208188e-05,0.0,20.0,0.10933429930208027,0.21866859860416055,0.0
2017-02-17,24033.740234375,-0.003067857438567856,2.015873080208188e-05,0.0,20.0,0.08502622387966455,0.1700524477593291,0.0
2017-02-20,24146.080078125,0.004674255553004603,2.015873080208188e-05,0.0,20.0,0.09557610186565145,0.1911522037313029,0.0
2017-02-21,23963.630859375,-0.007556059540914428,2.0039682350461445e-05,0.0,20.0,0.04262172465603654,0.08524344931207307,0.0
2017-02-22,24201.9609375,0.009945491128768635,2.023809485965305e-05,0.0,20.0,0.06371195995502923,0.12742391991005847,0.0
2017-02-23,24114.859375,-0.003598946495489974,1.976190460106683e-05,0.0,20.0,0.051123937812436654,0.10224787562487331,0.0
2017-02-24,23965.69921875,-0.006185404357142321,1.976190460106683e-05,0.0,20.0,0.03607453455460313,0.07214906910920627,0.0
2017-02-27,23925.05078125,-0.0016961089734530699,1.944444482288663e-05,0.0,20.0,0.03952931513929816,0.07905863027859632,0.0
2017-02-28,23740.73046875,-0.007704071944727109,2.0753968329656692e-05,0.0,20.0,0.05418333184388165,0.1083666636877633,0.0
2017-03-01,23776.490234375,0.0015062622303079198,2.4404762283204094e-05,0.0,20.0,0.05838544398591876,0.11677088797183752,0.0
2017-03-02,23728.0703125,-0.002036462126987826,2.5595237338353714e-05,0.0,20.0,0.08265452749529817,0.16530905499059634,0.0
2017-03-03,23552.720703125,-0.007389965010455413,2.710317571957906e-05,0.0,20.0,0.0964762584641297,0.1929525169282594,0.0
2017-03-06,23596.279296875,0.0018494081553908082,2.7976189813916644e-05,0.0,20.0,0.10653824165638649,0.21307648331277299,0.0
2017-03-07,23681.0703125,0.003593406170447677,2.916666723432995e-05,0.0,20.0,0.08229924062498281,0.16459848124996562,0.0
2017-03-08,23782.26953125,0.004273422502216073,2.809523826553708e-05,0.0,20.0,0.05478012099116063,0.10956024198232125,0.0
2017-03-09,23501.560546875,-0.011803288328144923,2.8293650774728687e-05,0.0,20.0,0.0772742948038528,0.1545485896077056,0.0
2017-03-10,23568.669921875,0.002855528460169676,2.8769842215946745e-05,0.0,20.0,0.05134999255423765,0.1026999851084753,0.0
2017-03-13,23829.669921875,0.01107402330573426,2.88888883023035e-05,0.0,20.0,0.028501822582119904,0.05700364516423981,0.0
2017-03-14,23827.94921875,-7.220843304345248e-05,2.9880953213525197e-05,0.0,20.0,0.03392648182729361,0.06785296365458722,0.0
2017-03-15,23792.849609375,-0.0014730436536006808,2.8373014832299852e-05,0.0,20.0,0.03342799466612657,0.06685598933225315,0.0
2017-03-16,24288.279296875,0.020822629303922868,2.809523826553708e-05,0.0,20.0,0.04958414674415603,0.09916829348831206,0.0
2017-03-17,24309.9296875,0.0008913925256033295,2.809523826553708e-05,0.0,20.0,0.04947992389235545,0.0989598477847109,0.0
2017-03-20,24501.990234375,0.00790049783540736,2.8174602323108248e-05,0.0,20.0,0.0679259542253436,0.1358519084506872,0.0
2017-03-21,24593.119140625,0.003719245064515153,2.9880953213525197e-05,0.0,20.0,0.072194638369598,0.144389276739196,0.0
2017-03-22,24320.41015625,-0.01108883272657013,2.9682540704333593e-05,0.0,20.0,0.04176240995939051,0.08352481991878102,0.0
2017-03-23,24327.69921875,0.0002997096863568416,2.9682540704333593e-05,0.0,20.0,0.03392646197750306,0.06785292395500613,0.0
2017-03-24,24358.26953125,0.001256605165376179,2.9682540704333593e-05,0.0,20.0,0.03665732147536077,0.07331464295072154,0.0
2017-03-27,24193.69921875,-0.00675623989991847,3.00793657227168e-05,0.0,20.0,0.029464236650093026,0.05892847330018605,0.0
2017-03-28,24345.869140625,0.00628965089212441,3.0674603250291616e-05,0.0,20.0,0.03347746890281563,0.06695493780563126,0.0
2017-03-29,24392.05078125,0.001896898416657411,2.9960317271096366e-05,0.0,20.0,0.03484523115276814,0.06969046230553629,0.0
2017-03-30,24301.08984375,-0.0037291221765544114,3.00793657227168e-05,0.0,20.0,0.03528157118680216,0.07056314237360432,0.0
2017-03-31,24111.58984375,-0.0077980041725880245,2.9285713320686706e-05,0.0,20.0,0.05003579876647991,0.10007159753295981,0.0
2017-04-03,24261.48046875,0.006216538435305674,2.9365079743521554e-05,0.0,20.0,0.03247368931288073,0.06494737862576146,0.0
2017-04-05,24400.80078125,0.005742448927609889,3.0952379817054386e-05,0.0,20.0,0.03757582040649678,0.07515164081299355,0.0
2017-04-06,24273.720703125,-0.005208029001353531,3.1269840777866425e-05,0.0,20.0,0.03445708931685861,0.06891417863371722,0.0
2017-04-07,24267.30078125,-0.0002644803387794603,3.166666579624963e-05,0.0,20.0,0.04592951809261228,0.09185903618522456,0.0
2017-04-10,24262.1796875,-0.00021102856869670283,3.1269840777866425e-05,0.0,20.0,0.045076717610810405,0.09015343522162081,0.0
2017-04-11,24088.4609375,-0.007160063614956247,3.174603221908449e-05,0.0,20.0,0.043696163531426746,0.08739232706285349,0.0
2017-04-12,24313.5,0.009342193471134852,3.146825328705803e-05,0.0,20.0,0.04400048286964848,0.08800096573929696,0.0
2017-04-13,24261.66015625,-0.0021321423797479033,3.134920720070128e-05,0.0,20.0,0.04394005312447399,0.08788010624894799,0.0
2017-04-18,23924.5390625,-0.013895219518321178,3.194444472827609e-05,0.0,20.0,0.0462054446185323,0.0924108892370646,0.0
2017-04-19,23825.880859375,-0.0041237243011147395,3.115079469150967e-05,0.0,20.0,0.05400918201393972,0.10801836402787944,0.0
2017-04-20,24056.98046875,0.009699520061356548,3.055555479867118e-05,0.0,20.0,0.03913668043015581,0.07827336086031161,0.0
2017-04-21,24042.01953125,-0.0006218958991729417,3.0277778231908405e-05,0.0,20.0,0.03510012910123644,0.07020025820247287,0.0
2017-04-24,24139.48046875,0.004053774990629089,3.055555479867118e-05,0.0,20.0,0.03393877997488388,0.06787755994976775,0.0
2017-04-25,24455.939453125,0.013109602121912811,3.206349317989652e-05,0.0,20.0,0.044467863561782305,0.08893572712356461,0.0
2017-04-26,24578.4296875,0.005008608833440231,3.186507830544124e-05,0.0,20.0,0.045106871809428885,0.09021374361885777,0.0
2017-04-27,24698.48046875,0.00488439590227574,3.115079469150967e-05,0.0,20.0,0.059911169625707694,0.11982233925141539,0.0
2017-04-28,24615.130859375,-0.003374685721271753,3.0952379817054386e-05,0.0,20.0,0.048796080973978646,0.09759216194795729,0.0
2017-05-02,24696.130859375,0.003290658922869394,3.3452380744237744e-05,0.0,20.0,0.05228591844369531,0.10457183688739062,0.0
2017-05-04,24683.880859375,-0.0004960291176684395,3.3928572185455806e-05,0.0,20.0,0.06586570326430832,0.13173140652861665,0.0
2017-05-05,24476.349609375,-0.008407561646497697,3.444444329019577e-05,0.0,20.0,0.052394962078335834,0.10478992415667167,0.0
2017-05-08,24577.91015625,0.004149333887439655,3.4523809713030615e-05,0.0,20.0,0.05494112546756221,0.10988225093512442,0.0
2017-05-09,24889.029296875,0.012658486366298405,3.531745974979704e-05,0.0,20.0,0.07310425249517284,0.14620850499034568,0.0
2017-05-10,25015.419921875,0.0050781661065371075,3.472222222222222e-05,0.0,20.0,0.0674551131855355,0.134910226371071,0.0
2017-05-11,25125.55078125,0.004402518915091136,3.412698469464741e-05,0.0,20.0,0.070702620643919,0.141405241287838,0.0
2017-05-12,25156.33984375,0.0012254084604177429,3.3928572185455806e-05,0.0,20.0,0.07069496923324668,0.14138993846649336,0.0
2017-05-15,25371.58984375,0.008556491180233383,3.424603078100416e-05,0.0,20.0,0.08857332504870019,0.17714665009740038,0.0
2017-05-16,25335.939453125,-0.001405130338482996,3.531745974979704e-05,0.0,20.0,0.08369739779883076,0.16739479559766152,0.0
2017-05-17,25293.630859375,-0.0016699042807659659,3.472222222222222e-05,0.0,20.0,0.07518282823722472,0.15036565647444944,0.0
2017-05-18,25136.51953125,-0.006211497629521556,3.543650820141747e-05,0.0,20.0,0.0582354084822502,0.1164708169645004,0.0
2017-05-19,25174.869140625,0.0015256531170644294,3.523809569222586e-05,0.0,20.0,0.057232380913717,0.114464761827434,0.0
2017-05-22,25391.33984375,0.008598682357227272,3.4841270673842654e-05,0.0,20.0,0.06884314578075268,0.13768629156150536,0.0
2017-05-23,25403.150390625,0.00046514075065262617,3.6230158238183885e-05,0.0,20.0,0.06966040729449254,0.13932081458898507,0.0
2017-05-24,25428.5,0.0009978923474134316,3.5912697277371846e-05,0.0,20.0,0.07912320136645001,0.15824640273290003,0.0
2017-05-25,25630.779296875,0.007954826154708217,3.6031745728992285e-05,0.0,20.0,0.09143020324802903,0.18286040649605806,0.0
2017-05-26,25639.26953125,0.00033125151118729157,3.6111112151827125e-05,0.0,20.0,0.08764497751893538,0.17528995503787076,0.0
2017-05-29,25701.630859375,0.0024322583780709284,3.6111112151827125e-05,0.0,20.0,0.09338924589200494,0.18677849178400988,0.0
2017-05-31,25660.650390625,-0.0015944695873277848,3.769841222535996e-05,0.0,20.0,0.08402101119254332,0.16804202238508664,0.0
2017-06-01,25809.220703125,0.005789810867548262,3.7619048167788795e-05,0.0,20.0,0.09620404381175106,0.19240808762350212,0.0
2017-06-02,25924.05078125,0.004449188119465264,3.7817460676980396e-05,0.0,20.0,0.10420240580411937,0.20840481160823873,0.0
2017-06-05,25862.990234375,-0.0023553628786734393,3.7619048167788795e-05,0.0,20.0,0.09202251444769519,0.18404502889539037,0.0
2017-06-06,25997.140625,0.005186963665427147,3.8015873186172e-05,0.0,20.0,0.10345188860003805,0.2069037772000761,0.0
2017-06-07,25974.16015625,-0.0008839613971969307,3.8611110713746805e-05,0.0,20.0,0.09952970093244427,0.19905940186488855,0.0
2017-06-08,26063.060546875,0.0034226473576126626,3.8611110713746805e-05,0.0,20.0,0.10885431357317203,0.21770862714634406,0.0
2017-06-09,26030.2890625,-0.0012573920210199319,3.8888889645773273e-05,0.0,20.0,0.1048839841654167,0.2097679683308334,0.0
2017-06-12,25708.0390625,-0.012379808738437803,3.8611110713746805e-05,0.0,20.0,0.056818739172102305,0.11363747834420461,0.0
2017-06-13,25852.099609375,0.005603715885321714,3.900793573213001e-05,0.0,20.0,0.061375138005605165,0.12275027601121033,0.0
2017-06-14,25875.900390625,0.0009206517694744232,3.900793573213001e-05,0.0,20.0,0.06736919747772549,0.13473839495545098,0.0
2017-06-15,25565.33984375,-0.01200192233648878,3.940476075051322e-05,0.0,20.0,0.05140572423115583,0.10281144846231166,0.0
2017-06-16,25626.490234375,0.0023919255913960047,3.908730215496487e-05,0.0,20.0,0.049327569106728815,0.09865513821345763,0.0
2017-06-19,25924.55078125,0.011630954693717221,3.908730215496487e-05,0.0,20.0,0.05191236954154429,0.10382473908308858,0.0
2017-06-20,25843.0390625,-0.003144190209419362,3.940476075051322e-05,0.0,20.0,0.048768633543485776,0.09753726708697155,0.0
2017-06-21,25694.580078125,-0.0057446411010702025,3.8412698204555204e-05,0.0,20.0,0.049618195973964566,0.09923639194792913,0.0
2017-06-22,25674.529296875,-0.0007803506104803182,3.702381064021399e-05,0.0,20.0,0.054892298022580326,0.10978459604516065,0.0
2017-06-23,25670.05078125,-0.00017443418624019102,3.702381064021399e-05,0.0,20.0,0.06524338039533209,0.13048676079066418,0.0
2017-06-26,25871.890625,0.007862853309874573,3.702381064021399e-05,0.0,20.0,0.05099223085642402,0.10198446171284804,0.0
2017-06-27,25839.990234375,-0.0012330135082657678,3.9285714664156475e-05,0.0,20.0,0.05437646846529982,0.10875293693059963,0.0
2017-06-28,25683.5,-0.006056125910094967,3.908730215496487e-05,0.0,20.0,0.059072699471356654,0.11814539894271331,0.0
2017-06-29,25965.419921875,0.010976694059415593,3.980158813416012e-05,0.0,20.0,0.05059937220617781,0.10119874441235562,0.0
2017-06-30,25764.580078125,-0.00773489681100048,3.940476075051322e-05,0.0,20.0,0.046913604424255205,0.09382720884851041,0.0
2017-07-03,25784.169921875,0.0007603401138538413,3.968253968253968e-05,0.0,20.0,0.05096780644351893,0.10193561288703785,0.0
2017-07-04,25389.009765625,-0.01532568849209881,3.968253968253968e-05,0.0,20.0,0.05343619026855769,0.10687238053711538,0.0
2017-07-05,25521.970703125,0.005236948535110697,4.04761897193061e-05,0.0,20.0,0.047412716216438666,0.09482543243287733,0.0
2017-07-06,25465.220703125,-0.002223574372846149,4.000000064335172e-05,0.0,20.0,0.04633188105483511,0.09266376210967021,0.0
2017-07-07,25340.849609375,-0.00488395899646521,4.000000064335172e-05,0.0,20.0,0.057022803258726655,0.11404560651745331,0.0
2017-07-10,25500.060546875,0.006282778200187078,4.019841315254333e-05,0.0,20.0,0.04401300861522462,0.08802601723044924,0.0
2017-07-11,25877.640625,0.014807026729639405,4.099206318930975e-05,0.0,20.0,0.035523772648513405,0.07104754529702681,0.0
2017-07-12,26043.640625,0.006414804286277498,4.059523817092654e-05,0.0,20.0,0.0400027901609187,0.0800055803218374,0.0
2017-07-13,26346.169921875,0.011616244488667826,4.019841315254333e-05,0.0,20.0,0.05216279110793994,0.10432558221587988,0.0
2017-07-14,26389.23046875,0.0016344139206074804,4.000000064335172e-05,0.0,20.0,0.05512862805047263,0.11025725610094526,0.0
2017-07-17,26470.580078125,0.0030826821369926982,4.04761897193061e-05,0.0,20.0,0.058005047730161526,0.11601009546032305,0.0
2017-07-18,26524.939453125,0.002053577021718711,4.12698397560725e-05,0.0,20.0,0.0640999850624118,0.1281999701248236,0.0
2017-07-19,26672.16015625,0.005550274804026145,4.3055557069324325e-05,0.0,20.0,0.0770409456513651,0.1540818913027302,0.0
2017-07-20,26740.2109375,0.0025513786979136643,4.4166668066902766e-05,0.0,20.0,0.08047851493384581,0.16095702986769161,0.0
2017-07-21,26706.08984375,-0.0012760218619722874,4.515873061286078e-05,0.0,20.0,0.07345760036343038,0.14691520072686076,0.0
2017-07-24,26846.830078125,0.0052699678312486675,4.5634919688815166e-05,0.0,20.0,0.08431449329075438,0.16862898658150877,0.0
2017-07-25,26852.05078125,0.00019446255329991224,4.535714312205238e-05,0.0,20.0,0.0836174754962682,0.1672349509925364,0.0
2017-07-26,26941.01953125,0.0033132944192897362,4.345238208770752e-05,0.0,20.0,0.08950797419640612,0.17901594839281224,0.0
2017-07-27,27131.169921875,0.00705802504632147,4.277777577203418e-05,0.0,20.0,0.10265602102405937,0.20531204204811873,0.0
2017-07-28,26979.390625,-0.0055942776265105465,4.1785713226076154e-05,0.0,20.0,0.07892771210352126,0.15785542420704252,0.0
2017-07-31,27323.990234375,0.01277269802586578,4.1785713226076154e-05,0.0,20.0,0.10120746025098312,0.20241492050196624,0.0
2017-08-01,27540.23046875,0.00791393323303713,4.198412573526776e-05,0.0,20.0,0.11491518985826162,0.22983037971652323,0.0
2017-08-02,27607.380859375,0.0024382653842056623,4.166666477445572e-05,0.0,20.0,0.10991802311357557,0.21983604622715114,0.0
2017-08-03,27531.009765625,-0.0027663288357202553,4.198412573526776e-05,0.0,20.0,0.10062405500427009,0.20124811000854018,0.0
2017-08-04,27562.6796875,0.001150336371408489,4.1785713226076154e-05,0.0,20.0,0.100013275545232,0.200026551090464,0.0
2017-08-07,27690.359375,0.004632339415020725,4.099206318930975e-05,0.0,20.0,0.10616885650241356,0.21233771300482712,0.0
2017-08-08,27854.91015625,0.00594252963717623,4.0873014737689306e-05,0.0,20.0,0.11807503259461703,0.23615006518923407,0.0
2017-08-09,27757.08984375,-0.0035117798604010764,4.06746022284977e-05,0.0,20.0,0.10351800358006717,0.20703600716013434,0.0
2017-08-10,27444.0,-0.01127963505945484,4.039682566173493e-05,0.0,20.0,0.07140037682843389,0.14280075365686778,0.0
2017-08-11,26883.509765625,-0.020423051828268424,4.019841315254333e-05,0.0,20.0,0.05710091202620934,0.11420182405241867,0.0
2017-08-14,27250.23046875,0.013641102159730467,3.980158813416012e-05,0.0,20.0,0.053583793356089406,0.10716758671217881,0.0
2017-08-15,27174.9609375,-0.0027621612718584654,4.000000064335172e-05,0.0,20.0,0.046021697000334844,0.09204339400066969,0.0
2017-08-16,27409.0703125,0.008614892788196826,3.908730215496487e-05,0.0,20.0,0.04794423476333501,0.09588846952667002,0.0
2017-08-17,27344.220703125,-0.0023659908430175847,3.880952322293841e-05,0.0,20.0,0.04425383417866671,0.08850766835733342,0.0
2017-08-18,27047.5703125,-0.01084874181808726,3.920634824132162e-05,0.0,20.0,0.0503699223255494,0.0952430075155333,0.005496837135565495
2017-08-21,27154.6796875,0.003960036844806725,3.829364975293477e-05,0.0,20.0,0.04429573953976822,0.08671648242805108,0.0018749966514853545
2017-08-22,27401.669921875,0.009095678432498477,3.9484127173348075e-05,0.0,20.0,0.05584427243475743,0.0846114909483736,0.027077053921141268
2017-08-24,27518.599609375,0.00426724677121415,3.9603175624968514e-05,0.0,20.0,0.069147464937062,0.10085188802320458,0.03744304185091942
2017-08-25,27848.16015625,0.01197591997968983,3.9484127173348075e-05,0.0,20.0,0.06880207080492948,0.1002504498125826,0.037353691797276344
2017-08-28,27863.2890625,0.0005432641210447731,3.988095219173128e-05,0.0,20.0,0.054186276463683986,0.10837255292736797,0.0
2017-08-29,27765.009765625,-0.0035271965436151076,4.007936470092289e-05,0.0,20.0,0.04784627967885792,0.09569255935771584,0.0
2017-08-30,28094.609375,0.011871042443610591,3.9603175624968514e-05,0.0,20.0,0.05739444493859332,0.11478888987718663,0.0
2017-08-31,27970.30078125,-0.004424642182803029,3.880952322293841e-05,0.0,20.0,0.05259767055742917,0.10519534111485834,0.0
2017-09-01,27953.16015625,-0.000612815183292259,3.908730215496487e-05,0.0,20.0,0.050846129394410015,0.10169225878882003,0.0
2017-09-04,27740.259765625,-0.007616326362920978,3.908730215496487e-05,0.0,20.0,0.04544128209583565,0.0908825641916713,0.0
2017-09-05,27741.349609375,3.928743851755456e-05,3.900793573213001e-05,0.0,20.0,0.050357675558141635,0.10071535111628327,0.0
2017-09-06,27613.759765625,-0.004599265917000772,4.119047569850135e-05,0.0,20.0,0.04702855211405613,0.09405710422811225,0.0
2017-09-07,27522.919921875,-0.0032896586528242677,4.059523817092654e-05,0.0,20.0,0.05910071460163698,0.11820142920327396,0.0
2017-09-08,27668.470703125,0.005288348099080853,4.04761897193061e-05,0.0,20.0,0.0504072838851279,0.1008145677702558,0.0
2017-09-11,27955.130859375,0.01036053489640909,4.04761897193061e-05,0.0,20.0,0.05052532871404634,0.10105065742809267,0.0
2017-09-12,27972.240234375,0.0006120298662191104,4.039682566173493e-05,0.0,20.0,0.052847603350775506,0.10569520670155101,0.0
2017-09-13,27894.080078125,-0.0027942043824559226,4.039682566173493e-05,0.0,20.0,0.05200128243529511,0.10400256487059022,0.0
2017-09-14,27777.19921875,-0.004190167198475203,4.079365068011814e-05,0.0,20.0,0.05243884761752458,0.10487769523504915,0.0
2017-09-15,27807.58984375,0.001094085287745239,4.007936470092289e-05,0.0,20.0,0.05369517792143686,0.10739035584287372,0.0
2017-09-18,28159.76953125,0.01266487636932534,3.968253968253968e-05,0.0,20.0,0.0651490951040038,0.1302981902080076,0.0
2017-09-19,28051.41015625,-0.0038480206622341084,4.039682566173493e-05,0.0,20.0,0.05642512546262151,0.11285025092524302,0.0
2017-09-20,28127.80078125,0.0027232365351508303,4.04761897193061e-05,0.0,20.0,0.06146632012295016,0.12293264024590032,0.0
2017-09-21,28110.330078125,-0.0006211187024847131,4.000000064335172e-05,0.0,20.0,0.06219968143172048,0.12439936286344096,0.0
2017-09-22,27880.529296875,-0.00817495848007943,3.980158813416012e-05,0.0,20.0,0.05214253536925915,0.1042850707385183,0.0
2017-09-25,27500.33984375,-0.013636378602310595,3.9603175624968514e-05,0.0,20.0,0.06286791410773754,0.12573582821547508,0.0
2017-09-26,27513.009765625,0.0004607187382770217,4.1388888207692946e-05,0.0,20.0,0.05343063462184896,0.10686126924369792,0.0
2017-09-27,27642.4296875,0.00470395361966891,4.119047569850135e-05,0.0,20.0,0.04557372038744066,0.09114744077488132,0.0
2017-09-28,27421.599609375,-0.007988808531721125,4.0873014737689306e-05,0.0,20.0,0.06071891916678795,0.1214378383335759,0.0
2017-09-29,27554.30078125,0.0048392936139884934,4.079365068011814e-05,0.0,20.0,0.04588092217969047,0.09176184435938094,0.0
2017-10-03,28173.2109375,0.02246147202803095,4.107142724688091e-05,0.0,20.0,0.04566683614476693,0.09133367228953386,0.0
2017-10-04,28379.1796875,0.0073108014012646105,4.1388888207692946e-05,0.0,20.0,0.05046959292278742,0.10093918584557483,0.0
2017-10-06,28458.0390625,0.002778775703468739,4.1388888207692946e-05,0.0,20.0,0.05407356390060221,0.10814712780120442,0.0
2017-10-09,28326.58984375,-0.004619053985459365,4.1468252265264115e-05,0.0,20.0,0.05208342583241671,0.10416685166483342,0.0
2017-10-10,28490.830078125,0.005798094132790199,4.186507728364732e-05,0.0,20.0,0.05304953495479954,0.10609906990959908,0.0
2017-10-11,28389.5703125,-0.0035541177756960307,4.238095075365097e-05,0.0,20.0,0.0521932127454814,0.1043864254909628,0.0
2017-10-12,28459.029296875,0.0024466373957205967,4.1785713226076154e-05,0.0,20.0,0.053753876363557745,0.10750775272711549,0.0
2017-10-13,28476.4296875,0.0006114189786126101,4.166666477445572e-05,0.0,20.0,0.05474836009255711,0.10949672018511422,0.0
2017-10-16,28692.80078125,0.007598252172918318,4.186507728364732e-05,0.0,20.0,0.06327315651398852,0.12654631302797703,0.0
2017-10-17,28697.490234375,0.0001634365763298895,4.257936326284257e-05,0.0,20.0,0.06486683352751088,0.12973366705502176,0.0
2017-10-18,28711.759765625,0.0004972396935571943,4.238095075365097e-05,0.0,20.0,0.0662199033824538,0.1324398067649076,0.0
2017-10-19,28159.08984375,-0.0192489045041635,4.2261907032557895e-05,0.0,20.0,0.04439965619590596,0.08879931239181192,0.0
2017-10-20,28487.240234375,0.011653444498591847,4.26587320509411e-05,0.0,20.0,0.03619080690824255,0.0723816138164851,0.0
2017-10-23,28305.880859375,-0.006366337121739063,4.24603195417495e-05,0.0,20.0,0.04056002575689681,0.08112005151379362,0.0
2017-10-24,28154.970703125,-0.00533140646637098,4.357143053932795e-05,0.0,20.0,0.053467359957415944,0.10693471991483189,0.0
2017-10-25,28302.890625,0.005253776444476443,4.297618828122578e-05,0.0,20.0,0.04559776410989122,0.09119552821978244,0.0
2017-10-26,28202.380859375,-0.0035512190947810662,4.285714456013271e-05,0.0,20.0,0.04905963088518896,0.09811926177037791,0.0
2017-10-27,28438.849609375,0.008384708765515114,4.257936326284257e-05,0.0,20.0,0.03875441059981579,0.07750882119963158,0.0
2017-10-30,28336.189453125,-0.0036098561531180406,4.26587320509411e-05,0.0,20.0,0.058813409706326515,0.11762681941265303,0.0
2017-10-31,28245.5390625,-0.003199103068355691,4.456349308528596e-05,0.0,20.0,0.06659531591088654,0.13319063182177307,0.0
2017-11-01,28594.060546875,0.012338992136202931,4.515873061286078e-05,0.0,20.0,0.04362202497495383,0.08724404994990766,0.0
2017-11-02,28518.640625,-0.0026376079658697593,4.515873061286078e-05,0.0,20.0,0.054998888733937004,0.10999777746787401,0.0
2017-11-03,28603.609375,0.0029794109444865047,4.555555563124399e-05,0.0,20.0,0.05480159713773756,0.10960319427547512,0.0
2017-11-06,28596.80078125,-0.00023803267834965336,4.595238064962721e-05,0.0,20.0,0.046219369715484404,0.09243873943096881,0.0
2017-11-07,28994.33984375,0.01390152225561736,4.714285570477683e-05,0.0,20.0,0.05609151419219784,0.11218302838439569,0.0
2017-11-08,28907.599609375,-0.0029916264637319667,4.7420637002066956e-05,0.0,20.0,0.05446575914087496,0.10893151828174992,0.0
2017-11-09,29136.5703125,0.007920778833907072,4.773809323235164e-05,0.0,20.0,0.06187208808253554,0.12374417616507108,0.0
2017-11-10,29120.919921875,-0.0005371390818186272,4.7619049511258563e-05,0.0,20.0,0.06244231698828484,0.12488463397656968,0.0
2017-11-13,29182.1796875,0.002103634287287104,4.702380725315639e-05,0.0,20.0,0.06528236430938447,0.13056472861876894,0.0
2017-11-14,29152.119140625,-0.0010300994372903771,4.9206349584791395e-05,0.0,20.0,0.07191762920164892,0.14383525840329783,0.0
2017-11-15,28851.689453125,-0.010305586569908542,4.880952456640819e-05,0.0,20.0,0.07533904053424363,0.15067808106848726,0.0
2017-11-16,29018.759765625,0.005790659599724135,4.880952456640819e-05,0.0,20.0,0.06557231509281884,0.13114463018563768,0.0
2017-11-17,29199.0390625,0.006212508678215656,4.9206349584791395e-05,0.0,20.0,0.07806441387936577,0.15612882775873155,0.0
2017-11-20,29260.310546875,0.0020984075621066633,4.9206349584791395e-05,0.0,20.0,0.06649351078697416,0.13298702157394832,0.0
2017-11-21,29818.0703125,0.019061990635111936,5.071428560075306e-05,0.0,20.0,0.08142643529874287,0.16285287059748574,0.0
2017-11-22,30003.490234375,0.006218374292224826,5.019841213074941e-05,0.0,20.0,0.09176971175604699,0.18353942351209399,0.0
2017-11-23,29707.939453125,-0.00985054668444496,5.019841213074941e-05,0.0,20.0,0.06796005470045961,0.13592010940091923,0.0
2017-11-24,29866.3203125,0.0053312637056130985,4.9206349584791395e-05,0.0,20.0,0.06705582268010916,0.13411164536021833,0.0
2017-11-27,29686.189453125,-0.006031237108898524,4.853174799964541e-05,0.0,20.0,0.06277757872706953,0.12555515745413906,0.0
2017-11-28,29680.849609375,-0.00017987636164729093,5.019841213074941e-05,0.0,20.0,0.05564682987517647,0.11129365975035294,0.0
2017-11-29,29623.830078125,-0.0019210882437808996,4.992063556398664e-05,0.0,20.0,0.05944570253551153,0.11889140507102305,0.0
2017-11-30,29177.349609375,-0.015071665870771134,4.9126985527220226e-05,0.0,20.0,0.06313560711032774,0.1262712142206555,0.0
2017-12-01,29074.240234375,-0.0035338842074562615,4.900793707559979e-05,0.0,20.0,0.08219698730318044,0.16439397460636088,0.0
2017-12-04,29138.279296875,0.002202604848269951,4.9404762093982996e-05,0.0,20.0,0.06945298461360364,0.13890596922720727,0.0
2017-12-05,28842.80078125,-0.010140561582738683,5.091269810994467e-05,0.0,20.0,0.10669004774607974,0.21338009549215947,0.0
2017-12-06,28224.80078125,-0.021426490606340387,5.011904807317824e-05,0.0,20.0,0.1765726725589059,0.3531453451178118,0.0
2017-12-07,28303.189453125,0.002777297614340535,4.999999962155781e-05,0.0,20.0,0.15765309501529604,0.31530619003059207,0.0
2017-12-08,28639.849609375,0.011894778035795861,4.9722223054795035e-05,0.0,20.0,0.09909964412810028,0.19819928825620056,0.0
2017-12-11,28965.2890625,0.011363169065610856,5.011904807317824e-05,0.0,20.0,0.06708910187057986,0.10302432062019194,0.03115388312096776
2017-12-12,28793.880859375,-0.00591771077288894,5.1984124713473844e-05,0.0,20.0,0.09375890133421731,0.15462582803081232,0.032891974637622313
2017-12-13,29222.099609375,0.014871866425069769,5.051587309156145e-05,0.0,20.0,0.11419704094981267,0.08086974485863825,0.14752433704098708
2017-12-14,29166.380859375,-0.0019067332855892127,5.091269810994467e-05,0.0,20.0,0.0792145051493901,0.09132577902989901,0.06710323126888121
2017-12-15,28848.109375,-0.010912272109094956,5.099206216751583e-05,0.0,20.0,0.11505653698813108,0.12269366363006044,0.10741941034620171
2017-12-18,29050.41015625,0.007012618352914224,5.2182541953192816e-05,0.0,20.0,0.10454975837368694,0.08282889255692147,0.1262706241904524
2017-12-19,29253.66015625,0.006996458876374012,5.369047796915448e-05,0.0,20.0,0.08487262120623687,0.07255336286968429,0.09719187954278945
2017-12-20,29234.08984375,-0.0006689868001292787,5.357142951753405e-05,0.0,20.0,0.03859166212467002,0.07718332424934005,0.0
2017-12-21,29367.060546875,0.0045484810314158075,5.238095446238442e-05,0.0,20.0,0.03252739615189884,0.06505479230379768,0.0
2017-12-22,29578.009765625,0.007183191467640793,5.1507935637519474e-05,0.0,20.0,0.03697916667945677,0.07395833335891354,0.0
2017-12-27,29597.66015625,0.0006643581086323014,5.587301557026213e-05,0.0,20.0,0.035750880462388814,0.07150176092477763,0.0
2017-12-28,29863.7109375,0.008988912631791912,5.4365079554300456e-05,0.0,20.0,0.04979680763770158,0.09959361527540316,0.0
2017-12-29,29919.150390625,0.001856415408018952,5.376984202672565e-05,0.0,20.0,0.04816488665532411,0.09632977331064822,0.0
2018-01-02,30515.310546875,0.019925704723112947,5.46825405151125e-05,0.0,80.0,0.08220075074247853,0.16440150148495705,0.0
2018-01-03,30560.94921875,0.001495599128997771,5.4365079554300456e-05,0.0,80.0,0.07609203151654279,0.15218406303308557,0.0
2018-01-04,30736.48046875,0.005743645223307059,5.4365079554300456e-05,0.0,80.0,0.08491104843642264,0.16982209687284527,0.0
2018-01-05,30814.640625,0.0025429117146142932,5.4365079554300456e-05,0.0,80.0,0.08624244322641145,0.1724848864528229,0.0
2018-01-08,30899.529296875,0.00275481622219953,5.4761904572683664e-05,0.0,80.0,0.09196308331140779,0.18392616662281558,0.0
2018-01-09,31011.41015625,0.0036207949415694163,5.615079213702489e-05,0.0,80.0,0.097860191327579,0.195720382655158,0.0
2018-01-10,31073.720703125,0.0020092780870346605,5.535714210025848e-05,0.0,80.0,0.09454334609315025,0.1890866921863005,0.0
2018-01-11,31120.390625,0.001501909678627733,5.567460306107052e-05,0.0,80.0,0.10024301296969225,0.2004860259393845,0.0
2018-01-12,31412.5390625,0.00938768542530144,5.595237962783329e-05,0.0,80.0,0.1199259853129432,0.2398519706258864,0.0
2018-01-15,31338.869140625,-0.0023452393239662417,5.595237962783329e-05,0.0,80.0,0.10016000268599064,0.20032000537198127,0.0
2018-01-16,31904.75,0.018056837240544965,5.535714210025848e-05,0.0,80.0,0.13497849222837033,0.26995698445674066,0.0
2018-01-17,31983.41015625,0.002465468503906054,5.615079213702489e-05,0.0,80.0,0.1386878461870879,0.2773756923741758,0.0
2018-01-18,32121.939453125,0.004331286007284385,5.575396711864169e-05,0.0,80.0,0.14195923256000054,0.2839184651200011,0.0
2018-01-19,32254.890625,0.004138952197111578,5.567460306107052e-05,0.0,80.0,0.1482694016542131,0.2965388033084262,0.0
2018-01-22,32393.41015625,0.00429452801004504,5.515872959106687e-05,0.0,80.0,0.15366196697372664,0.3073239339474533,0.0
2018-01-23,32930.69921875,0.016586369261784473,5.607142807945373e-05,0.0,80.0,0.17488053222951241,0.34976106445902483,0.0
2018-01-24,32958.69140625,0.0008500331958958274,5.595237962783329e-05,0.0,80.0,0.17232366744736005,0.3446473348947201,0.0
2018-01-25,32654.44921875,-0.009231015386803487,5.527777804268731e-05,0.0,80.0,0.1112424418698126,0.2224848837396252,0.0
2018-01-26,33154.12109375,0.015301800733270143,5.507936553349571e-05,0.0,80.0,0.1272220784260948,0.2544441568521896,0.0
2018-01-29,32966.890625,-0.005647275891300763,5.4563492063492063e-05,0.0,80.0,0.10568078299326426,0.21136156598652853,0.0
2018-01-30,32607.2890625,-0.010907961159894786,5.65476171554081e-05,0.0,80.0,0.08101347273615571,0.16202694547231142,0.0
2018-01-31,32887.26953125,0.008586438087917925,5.6746029664599704e-05,0.0,80.0,0.09231184404761042,0.18462368809522084,0.0
2018-02-01,32642.08984375,-0.007455154866749525,5.765872815298656e-05,0.0,80.0,0.07513628453422168,0.15027256906844336,0.0
2018-02-02,32601.779296875,-0.001234925431182754,5.753968443189349e-05,0.0,80.0,0.07413980754244169,0.14827961508488338,0.0
2018-02-05,32245.220703125,-0.010936783250482862,5.785714066217816e-05,0.0,80.0,0.09054941166153646,0.1433868050928273,0.03771201823024561
2018-02-06,30595.419921875,-0.05116419566295949,5.904762044785515e-05,0.0,80.0,0.5205024656546886,0.4029444611543643,0.6380604701550129
2018-02-07,30323.19921875,-0.00889743313934277,6.011904705138434e-05,0.0,80.0,0.5342824508395441,0.4492289490878547,0.6193359525912335
2018-02-08,30451.26953125,0.004223509253628244,6.011904705138434e-05,0.0,80.0,0.533973121344783,0.41350400400140924,0.6544422386881568
2018-02-09,29507.419921875,-0.03099541082864854,6.051587206976755e-05,0.0,80.0,0.5814674821256923,0.5395159990334594,0.6234189652179253
2018-02-12,29459.630859375,-0.001619560863895475,6.0912697088150755e-05,0.0,80.0,0.5986293556669797,0.5577321721006149,0.6395265392333447
2018-02-13,29839.529296875,0.012895560005943052,6.230158938301934e-05,0.0,80.0,0.6428572643011135,0.5168987079454073,0.7688158206568196
2018-02-14,30515.599609375,0.02265686920774601,6.150793461572556e-05,0.0,80.0,0.6361512009308709,0.3512062685333118,0.9210961333284299
2018-02-15,31115.4296875,0.019656506370621107,6.190475963410877e-05,0.0,80.0,0.602300022821467,0.2046000456429341,1.0
2018-02-20,30873.630859375,-0.007771026482791488,6.24206331041124e-05,0.0,80.0,0.6233901038286196,0.2467802076572393,1.0
2018-02-21,31431.890625,0.01808208979914916,6.380952539898101e-05,0.0,80.0,0.5755169730211981,0.1510339460423962,1.0
2018-02-22,30965.6796875,-0.014832417911545881,6.369047694736057e-05,0.0,80.0,0.41808885222754405,0.22647564842397502,0.609702056031113
2018-02-23,31267.169921875,0.009736270523288404,6.369047694736057e-05,0.0,80.0,0.38457659482935197,0.17798342308405699,0.5911697665746469
2018-02-26,31498.599609375,0.007401683237666212,6.380952539898101e-05,0.0,80.0,0.3625923947715314,0.12981214114046646,0.5953726484025963
2018-02-27,31268.66015625,-0.0072999897130843205,6.488095200251019e-05,0.0,80.0,0.2064845846443204,0.16399895598473394,0.24897021330390687
2018-02-28,30844.720703125,-0.013557966699134782,6.420635041736421e-05,0.0,80.0,0.2996997040900556,0.2461664668480076,0.3532329413321036
2018-03-01,31044.25,0.0064688313697320865,6.309523941978576e-05,0.0,80.0,0.2396536977848112,0.14839348667187358,0.3309139088977488
2018-03-02,30583.44921875,-0.014843353640368151,6.369047694736057e-05,0.0,80.0,0.2677374426986104,0.2481768927726176,0.2872979926246032
2018-03-05,29886.390625,-0.022792020244814304,6.448412698412699e-05,0.0,80.0,0.38061723373634065,0.4812603819261349,0.2799740855465464
2018-03-06,30510.73046875,0.020890439785249182,6.519841296332222e-05,0.0,80.0,0.3646522773684936,0.2822860369079718,0.44701851782901536
2018-03-07,30196.919921875,-0.010285251845950194,6.547618953008501e-05,0.0,80.0,0.36160316301731554,0.390212289561102,0.3329940364735291
2018-03-08,30654.51953125,0.015153850477429343,6.488095200251019e-05,0.0,80.0,0.3149075612221754,0.24700163832799257,0.3828134841163582
2018-03-09,30996.2109375,0.011146526237401089,6.488095200251019e-05,0.0,80.0,0.27153556923949906,0.1502323095212367,0.3928388289577614
2018-03-12,31594.330078125,0.019296524398773496,6.519841296332222e-05,0.0,80.0,0.31666041621617047,0.14335849284714422,0.4899623395851967
2018-03-13,31601.44921875,0.0002253296907197555,6.70634943341452e-05,0.0,80.0,0.290160010663155,0.10945223116851913,0.47086779015779084
2018-03-14,31435.009765625,-0.005266829757486158,6.817460533172366e-05,0.0,80.0,0.2765758056297142,0.1372401343002855,0.4159114769591428
2018-03-15,31541.099609375,0.0033748945694940247,6.876984285929846e-05,0.0,80.0,0.2848175754626338,0.15960131852049994,0.4100338324047677
2018-03-16,31501.970703125,-0.0012405688683843064,6.896825536849007e-05,0.0,80.0,0.2406404336775137,0.1622035976040066,0.3190772697510208
2018-03-19,31513.759765625,0.0003742325396434154,6.857143035010686e-05,0.0,80.0,0.10199788945946339,0.15471357336291627,0.04928220555601052
2018-03-20,31549.9296875,0.0011477501302290527,6.976190540525649e-05,0.0,80.0,0.09160418082175556,0.18320836164351112,0.0
2018-03-21,31414.51953125,-0.004291932108604679,6.785714437091161e-05,0.0,80.0,0.05336667755755954,0.10673335511511908,0.0
2018-03-22,31071.05078125,-0.010933439540857237,6.678571303685506e-05,0.0,80.0,0.05483008435177577,0.10966016870355154,0.0
2018-03-23,30309.2890625,-0.024516767202790835,6.698412554604667e-05,0.0,80.0,0.2088313216352171,0.33228902811636857,0.08537361515406561
2018-03-26,30548.76953125,0.007901223557443826,6.765873186172e-05,0.0,80.0,0.14101956120637954,0.2820391224127591,0.0
2018-03-27,30790.830078125,0.007923741302489518,6.876984285929846e-05,0.0,80.0,0.09807792824108205,0.1961558564821641,0.0
2018-03-28,30022.529296875,-0.024952259464931736,6.72619068433368e-05,0.0,80.0,0.28883865347165794,0.4156659593154677,0.16201134762784822
2018-03-29,30093.380859375,0.0023599464855006413,6.626983956685142e-05,0.0,80.0,0.2617027635955147,0.3672411522510093,0.15616437494002008
2018-04-03,30180.099609375,0.0028816552851018695,6.797619282253204e-05,0.0,80.0,0.24232242371352464,0.3118524714273432,0.1727923759997061
2018-04-04,29518.689453125,-0.021915439803404158,6.619047550928025e-05,0.0,80.0,0.38649093971570314,0.5113682799330579,0.26161359949834834
2018-04-06,29844.939453125,0.011052319938460675,6.666666458523462e-05,0.0,80.0,0.3405995477686865,0.3387773560887172,0.3424217394486559
2018-04-09,30229.580078125,0.012887968012269768,6.646825207604302e-05,0.0,80.0,0.3435564165791778,0.24869238440189298,0.4384204487564626
2018-04-10,30728.740234375,0.01651230863809472,6.72619068433368e-05,0.0,80.0,0.36462794416921235,0.20802416625986467,0.5212317220785601
2018-04-11,30897.7109375,0.0054987839343956235,6.718253805523827e-05,0.0,80.0,0.2805511989898198,0.2231761566580783,0.33792624132156124
2018-04-12,30831.279296875,-0.00215005055744677,6.765873186172e-05,0.0,80.0,0.25139646606216726,0.17389919910271323,0.3288937330216212
2018-04-13,30808.380859375,-0.0007427015038692364,6.817460533172366e-05,0.0,80.0,0.22625564090818967,0.14103373086442197,0.3114775509519574
2018-04-16,30315.58984375,-0.015995355870025985,6.797619282253204e-05,0.0,80.0,0.21157040509970543,0.25167481776892076,0.17146599243049007
2018-04-17,30062.75,-0.008340258099979736,6.964285695363604e-05,0.0,80.0,0.2984057273136436,0.3919073099231086,0.20490414470417864
2018-04-18,30284.25,0.007367922096281898,7.023809448121085e-05,0.0,80.0,0.2390622555799337,0.2569663906752548,0.22115812048461267
2018-04-19,30708.439453125,0.014006932749696555,7.075396795121451e-05,0.0,80.0,0.0976704232437688,0.15260214228099309,0.04273870420654451
2018-04-20,30418.330078125,-0.009447219727425016,7.003968197201925e-05,0.0,80.0,0.15290721170838062,0.2225365209131606,0.08327790250360066
2018-04-23,30254.400390625,-0.005389174457604007,7.075396795121451e-05,0.0,80.0,0.1751756765535022,0.3094529073242177,0.04089844578278666
2018-04-24,30636.240234375,0.012620968811807076,7.234126802474734e-05,0.0,80.0,0.0683282792862643,0.1366565585725286,0.0
2018-04-25,30328.150390625,-0.010056385554919056,7.202381179446265e-05,0.0,80.0,0.12344244973357336,0.23963401757023867,0.007250881896908058
2018-04-26,30007.6796875,-0.010566773739821067,7.083333200878568e-05,0.0,80.0,0.22780773118455888,0.41722945833568026,0.0383860040334375
2018-04-27,30280.669921875,0.009097345653443334,7.023809448121085e-05,0.0,80.0,0.15207456545137604,0.21243426428778486,0.09171486661496721
2018-04-30,30808.44921875,0.017429577953086417,6.996031791444809e-05,0.0,80.0,0.10015592081220578,0.08892955228874,0.11138228933567156
2018-05-02,30723.880859375,-0.00274497293825271,7.083333200878568e-05,0.0,80.0,0.07985781216412186,0.08307031377360528,0.07664531055463843
2018-05-03,30313.369140625,-0.013361323741259645,7.095238046040612e-05,0.0,80.0,0.18486177256198566,0.222453406564848,0.14727013855912333
2018-05-04,29926.5,-0.012762327368835091,7.115079296959771e-05,0.0,80.0,0.27599119453778964,0.44326409145226203,0.10871829762331728
2018-05-07,29994.259765625,0.0022642061592568208,7.115079296959771e-05,0.0,80.0,0.2048544493008253,0.31697045753313263,0.09273844106851797
2018-05-08,30402.810546875,0.013620965626170323,7.281746183122908e-05,0.0,80.0,0.14025169581035954,0.1191387395265259,0.16136465209419318
2018-05-09,30536.140625,0.004385452388338651,7.321428684961227e-05,0.0,80.0,0.10797731423927069,0.10928289598355437,0.10667173249498701
2018-05-10,30809.220703125,0.008942848458767916,7.321428684961227e-05,0.0,80.0,0.10321483621250045,0.1191694339569534,0.08726023846804751
2018-05-11,31122.060546875,0.01015409791648092,7.380952437718708e-05,0.0,80.0,0.08638209965782856,0.13658221194121486,0.03618198737444224
2018-05-14,31541.080078125,0.013463746419324796,7.361111186799548e-05,0.0,80.0,0.11556017493416079,0.17531111169176544,0.05580923817655614
2018-05-15,31152.029296875,-0.012334732364470358,7.44047619047619e-05,0.0,80.0,0.08663074726315094,0.11625996443450422,0.05700153009179767
2018-05-16,31110.19921875,-0.0013427721746909205,7.40079368863787e-05,0.0,80.0,0.06397136539333396,0.06512294239662683,0.0628197883900411
2018-05-17,30942.150390625,-0.005401727804549616,7.392857282880753e-05,0.0,80.0,0.0510250958995372,0.1020501917990744,0.0
2018-05-18,31047.91015625,0.003417983698283722,7.361111186799548e-05,0.0,80.0,0.04328116558849262,0.08656233117698524,0.0
2018-05-21,31234.349609375,0.0060048954079916506,7.392857282880753e-05,0.0,80.0,0.08113698900827648,0.16227397801655297,0.0
2018-05-23,30665.640625,-0.018207806196940957,7.432539784719073e-05,0.0,80.0,0.16588774991439176,0.3211186860103007,0.01065681381848284
2018-05-24,30760.41015625,0.0030904142003391755,7.380952437718708e-05,0.0,80.0,0.10884320744335382,0.2100696519878042,0.0076167628989034595
2018-05-25,30588.0390625,-0.00560366694964165,7.353174781042433e-05,0.0,80.0,0.13790689000598913,0.27581378001197826,0.0
2018-05-28,30792.259765625,0.006676488895143606,7.353174781042433e-05,0.0,80.0,0.07624033182796106,0.1524806636559221,0.0
2018-05-29,30484.580078125,-0.00999211132414124,7.301587434042068e-05,0.0,80.0,0.14430337551940225,0.2886067510388045,0.0
2018-05-30,30056.7890625,-0.01403302963428299,7.452381035638234e-05,0.0,80.0,0.24814017693334298,0.49628035386668595,0.0
2018-05-31,30468.560546875,0.013699782884950329,7.420634939557031e-05,0.0,80.0,0.11668773851531011,0.2215295774970772,0.011845899533543031
2018-06-01,30492.91015625,0.0007991716358748402,7.412698533799913e-05,0.0,80.0,0.1147647826912589,0.22093667786906257,0.008592887513455221
2018-06-04,30997.98046875,0.01656353263469934,7.40079368863787e-05,0.0,80.0,0.14683402896102318,0.16912927354094284,0.12453878438110352
2018-06-05,31093.44921875,0.0030798377364049667,7.551587290234036e-05,0.0,80.0,0.1427258283014482,0.1902448695277768,0.09520678707511959
2018-06-06,31259.099609375,0.00532750128361803,7.539682445071991e-05,0.0,80.0,0.10250619557998934,0.20501239115997869,0.0
2018-06-07,31512.630859375,0.00811063828351477,7.480158692314511e-05,0.0,80.0,0.02778493693901124,0.05556987387802248,0.0
2018-06-08,30958.2109375,-0.017593577773594826,7.46031744139535e-05,0.0,80.0,0.0919499535499504,0.08964213488444282,0.09425777221545799
2018-06-11,31063.69921875,0.003407441129688271,7.412698533799913e-05,0.0,80.0,0.07600451879897009,0.06471961450866422,0.08728942308927597
2018-06-12,31103.060546875,0.0012671165738444845,7.492063537476556e-05,0.0,80.0,0.043018225718563355,0.050649990940273636,0.035386460496853074
2018-06-13,30725.150390625,-0.01215025626434596,7.519841194152831e-05,0.0,80.0,0.09867303614096688,0.17117899845562592,0.02616707382630784
2018-06-14,30440.169921875,-0.009275152932594066,7.472222286557397e-05,0.0,80.0,0.1560387228796733,0.303249342141492,0.008828103617854598
2018-06-15,30309.490234375,-0.004293001249184525,7.492063537476556e-05,0.0,80.0,0.19277677247224276,0.3714316958271045,0.014121849117380994
2018-06-19,29468.150390625,-0.027758297392801667,7.531746039314877e-05,0.0,80.0,0.37026319679426173,0.6165272204485679,0.12399917313995552
2018-06-20,29696.169921875,0.007737829766286897,7.492063537476556e-05,0.0,80.0,0.3630383028320251,0.5648029401976407,0.16127366546640948
2018-06-21,29296.05078125,-0.013473762497912656,7.499999943233671e-05,0.0,80.0,0.3997419895239612,0.6585949149831978,0.14088906406472473
2018-06-22,29338.69921875,0.0014557742891165848,7.420634939557031e-05,0.0,80.0,0.3311141890829807,0.5837864258673983,0.07844195229856313
2018-06-25,28961.390625,-0.01286044043523471,7.353174781042433e-05,0.0,80.0,0.36680155043313867,0.6892723676955218,0.044330733170755504
2018-06-26,28881.400390625,-0.002761961102308086,7.511904788395715e-05,0.0,80.0,0.36761954552882625,0.7308111644824966,0.00442792657515592
2018-06-27,28356.259765625,-0.018182657970091443,7.46031744139535e-05,0.0,80.0,0.3856622812910413,0.7620262525056358,0.009298310076446815
2018-06-28,28497.3203125,0.004974582262996519,7.46031744139535e-05,0.0,80.0,0.42488646566108623,0.7698932547558694,0.07987967656630302
2018-06-29,28955.109375,0.01606428455307074,7.46031744139535e-05,0.0,80.0,0.4332285552696613,0.6012661203112708,0.26519099022805176
2018-07-03,28545.5703125,-0.014143930772148927,7.670634795749e-05,0.0,80.0,0.5141072391694513,0.737015889843948,0.2911985884949548
2018-07-04,28241.669921875,-0.010646148852451631,7.670634795749e-05,0.0,80.0,0.45995487866754825,0.8087966577959552,0.11111309953914128
2018-07-05,28182.08984375,-0.0021096513871105005,7.579364946910313e-05,0.0,80.0,0.42026895388246405,0.7914478254589179,0.04909008230601017
2018-07-06,28315.619140625,0.0047380906673468726,7.559523695991153e-05,0.0,80.0,0.40505534072294846,0.7627662728776771,0.047344408568219816
2018-07-09,28688.5,0.013168734101244528,7.599206197829476e-05,0.0,80.0,0.3700847439326466,0.5953024840453858,0.14486700381990747
2018-07-10,28682.25,-0.00021785732959200832,7.678571201506115e-05,0.0,80.0,0.3941883825809598,0.6944386105624063,0.09393815459951324
2018-07-11,28311.689453125,-0.01291950760051952,7.619047448748634e-05,0.0,80.0,0.4625085566089179,0.7785258773535151,0.14649123586432064
2018-07-12,28480.830078125,0.005974232844000449,7.650793544829838e-05,0.0,80.0,0.3503695331454307,0.6621689391163483,0.038570127174513046
2018-07-13,28525.439453125,0.00156629476309611,7.650793544829838e-05,0.0,80.0,0.31871237749861187,0.6077622305758182,0.029662524421405455
2018-07-16,28539.66015625,0.000498527048053754,7.690476046668159e-05,0.0,80.0,0.2564265224640336,0.5123619372836891,0.0004911076443780971
2018-07-17,28181.6796875,-0.012543263191997167,7.837301681912135e-05,0.0,80.0,0.3715100016544738,0.7282055215246699,0.014814481784277689
2018-07-18,28117.419921875,-0.002280196437457249,7.777777929154655e-05,0.0,80.0,0.3951796222734421,0.7634216296085926,0.02693761493829161
2018-07-19,28010.859375,-0.0037898408591926502,7.730158548506479e-05,0.0,80.0,0.4003463885837531,0.7602250309838984,0.04046774618360782
2018-07-20,28224.48046875,0.007626367006099866,7.670634795749e-05,0.0,80.0,0.35989860000693485,0.6634544364892547,0.05634276352461498
2018-07-23,28256.119140625,0.001120965606790536,7.619047448748634e-05,0.0,80.0,0.31030879709144843,0.549045832444074,0.07157176173882279
2018-07-24,28662.5703125,0.014384536314140384,7.777777929154655e-05,0.0,80.0,0.20587374386989238,0.3258644525710333,0.08588303516875144
2018-07-25,28920.900390625,0.009012802247268858,7.749999799425638e-05,0.0,80.0,0.1803164439864768,0.2567379889317493,0.10389489904120429
2018-07-26,28781.140625,-0.00483248321239349,7.718254176397175e-05,0.0,80.0,0.19885788110107513,0.27581000951328294,0.12190575268886733
2018-07-27,28804.279296875,0.0008039525665950453,7.718254176397175e-05,0.0,80.0,0.17781638822577683,0.24625295607605766,0.10937982037549603
2018-07-30,28733.130859375,-0.0024700648388630286,7.718254176397175e-05,0.0,80.0,0.19634632426353849,0.24132235642403377,0.1513702921030432
2018-07-31,28583.009765625,-0.005224668849514447,7.876984183750455e-05,0.0,80.0,0.24888895128594024,0.31966697760733087,0.1781109249645496
2018-08-01,28340.740234375,-0.008475997917523848,7.849206527074178e-05,0.0,80.0,0.35664114234742306,0.5164361286469965,0.1968461560478496
2018-08-02,27714.560546875,-0.02209468356583344,7.797619180073813e-05,0.0,80.0,0.5137682325314042,0.807580351285613,0.21995611377719548
2018-08-03,27676.3203125,-0.00137978858839638,7.777777929154655e-05,0.0,80.0,0.5216242147449573,0.8036701633885135,0.2395782661014012
2018-08-06,27819.560546875,0.005175551979368587,7.809524025235857e-05,0.0,80.0,0.5152926584503337,0.7715185180698515,0.25906679883081596
2018-08-07,28248.880859375,0.01543231827032665,7.968253559536404e-05,0.0,80.0,0.4053355395143475,0.5355659811275523,0.2751050979011427
2018-08-08,28359.140625,0.003903155178921258,7.968253559536404e-05,0.0,80.0,0.3421518661376502,0.3926277390776828,0.2916759931976176
2018-08-09,28607.30078125,0.008750623283388048,7.956349660479834e-05,0.0,80.0,0.28190485656158826,0.2590234934089705,0.30478621971420594
2018-08-10,28366.619140625,-0.008413294300829266,7.936507936507937e-05,0.0,80.0,0.3553168358793035,0.39446855297869726,0.3161651187799097
2018-08-13,27936.5703125,-0.015160383618261664,7.916666685588778e-05,0.0,80.0,0.4991962323543021,0.6646244081452581,0.33376805656334607
2018-08-14,27752.9296875,-0.006573484967760446,8.06746028718494e-05,0.0,80.0,0.5500390931358689,0.7480430795724822,0.35203510669925553
2018-08-15,27323.58984375,-0.015470072838593918,8.015872940184578e-05,1.0,80.0,0.6036270537337518,0.830609478595512,0.37664462887199157
2018-08-16,27100.060546875,-0.008180817314022537,7.996032162318154e-05,1.0,80.0,0.6103539213464251,0.8171529909953584,0.40355485169749183
2018-08-17,27213.41015625,0.004182633067514319,7.916666685588778e-05,1.0,80.0,0.6320349437718136,0.8331360299963739,0.4309338575472532
2018-08-20,27598.01953125,0.014133082652695972,7.908730279831658e-05,1.0,80.0,0.5905646450522497,0.7227721587275074,0.45835713137699186
2018-08-21,27752.7890625,0.005607994119822601,8.075397165994795e-05,1.0,80.0,0.4908280488642962,0.5010661545395276,0.4805899431890648
2018-08-22,27927.580078125,0.006298142331978562,8.075397165994795e-05,1.0,80.0,0.4248038276831283,0.34670904714318423,0.5028986082230724
2018-08-23,27790.4609375,-0.004909811026999833,8.06746028718494e-05,1.0,80.0,0.4819327256623204,0.43733730293482764,0.5265281483898132
2018-08-24,27671.869140625,-0.00426735623931207,8.12698451299516e-05,1.0,80.0,0.547778487589935,0.5480358683869492,0.5475211067929209
2018-08-27,28271.26953125,0.021661001198687524,8.174602947537861e-05,1.0,80.0,0.39599855060079997,0.22879046131394762,0.5632066398876523
2018-08-28,28351.619140625,0.0028420941368121344,8.246032018510122e-05,1.0,80.0,0.3938446210003894,0.21033261379990312,0.5773566282008757
2018-08-29,28416.439453125,0.002286300199593194,8.253967951214503e-05,1.0,80.0,0.3994778374518433,0.21406138065292263,0.584894294250764
2018-08-30,28164.05078125,-0.008881783810084087,8.16666701483348e-05,1.0,80.0,0.4303455393457437,0.26579904160108975,0.5948920370903976
2018-08-31,27888.55078125,-0.009781973556993173,8.154762169671437e-05,1.0,80.0,0.506801687739815,0.4099611164984116,0.6036422589812185
2018-09-03,27712.5390625,-0.006311253680070572,8.154762169671437e-05,1.0,80.0,0.5665123921448567,0.5355549441620199,0.5974698401276936
2018-09-04,27973.33984375,0.009410930577736565,8.206349516671802e-05,1.0,80.0,0.46954307293512987,0.3218788212944041,0.6172073245758556
2018-09-05,27243.849609375,-0.026078052833508503,8.293650453052823e-05,1.0,80.0,0.7049874155798572,0.7823342509430083,0.6276405802167062
2018-09-06,26974.8203125,-0.009874863528185895,8.253967951214503e-05,1.0,80.0,0.7333990425591626,0.8325936679972625,0.6342044171210626
2018-09-07,26973.470703125,-5.003219147947657e-05,8.285714520348445e-05,1.0,80.0,0.7195379473224395,0.7966850746925559,0.6423908199523232
2018-09-10,26613.419921875,-0.013348329742686293,8.265872796376547e-05,1.0,80.0,0.7262811544955234,0.7967002773206734,0.6558620316703734
2018-09-11,26422.55078125,-0.007171913312355449,8.365079524025083e-05,1.0,80.0,0.7261451445937809,0.7852388563148145,0.6670514328727473
2018-09-12,26345.0390625,-0.002933544130228505,8.353174678863042e-05,1.0,80.0,0.7198514676069141,0.7634033495778437,0.6762995856359844
2018-09-13,27014.490234375,0.025410900712153683,8.305555298214868e-05,1.0,80.0,0.7323605295283111,0.7845193353443962,0.680201723712226
2018-09-14,27286.41015625,0.010065706201221936,8.345237800053192e-05,1.0,80.0,0.6853046270163163,0.6874022412527722,0.6832070127798606
2018-09-17,26932.849609375,-0.012957385923996867,8.365079524025083e-05,1.0,80.0,0.7304506938188655,0.7692261553635974,0.6916752322741337
2018-09-18,27084.66015625,0.0056366314399258766,8.432539682539683e-05,1.0,80.0,0.6733888879864497,0.6478380245298576,0.6989397514430418
2018-09-19,27407.369140625,0.011914824941989588,8.412697958567786e-05,1.0,80.0,0.5674062513973104,0.43301709017554346,0.7017954126190773
2018-09-20,27477.669921875,0.0025650320864178955,8.404762025863405e-05,1.0,80.0,0.5322369857523709,0.35892330966639396,0.7055506618383478
2018-09-21,27953.580078125,0.017319887661621847,8.42460280372983e-05,1.0,80.0,0.4792867149174631,0.2516239814767633,0.7069494483581629
2018-09-24,27499.390625,-0.016247988696103555,8.42460280372983e-05,1.0,80.0,0.5359519817673921,0.3599611323234612,0.711942831211323
2018-09-26,27816.869140625,0.011544929120588465,8.571428912026542e-05,1.0,80.0,0.48706264622475703,0.26163257865287215,0.7124927137966419
2018-09-27,27715.669921875,-0.0036380520840932906,8.4920639083499e-05,1.0,80.0,0.4957259524116055,0.2784215127711168,0.7130303920520942
2018-09-28,27788.51953125,0.002628462872459769,8.531746410188223e-05,1.0,80.0,0.38483537968374193,0.25381192835753424,0.5158588310099496
2018-10-02,27126.380859375,-0.023827777911319847,8.630952191731287e-05,1.0,80.0,0.6828644900544651,0.6463861579432363,0.7193428221656939
2018-10-03,27091.259765625,-0.0012947209556656292,8.611111413864862e-05,1.0,80.0,0.7161580373391421,0.7061562917662362,0.7261597829120481
2018-10-04,26623.869140625,-0.017252450755097515,8.611111413864862e-05,1.0,80.0,0.8054259637864448,0.8725440283703592,0.7383078992025305
2018-10-05,26572.5703125,-0.0019267983873434424,8.591269689892968e-05,1.0,80.0,0.8095395888948158,0.8668613307769565,0.752217847012675
2018-10-08,26202.5703125,-0.013924132880210993,8.591269689892968e-05,1.0,80.0,0.8113054684157566,0.8549996259867529,0.7676113108447602
2018-10-09,26172.91015625,-0.0011319559835643034,8.670634693569607e-05,1.0,80.0,0.8058450716296761,0.8290453922153351,0.7826447510440171
2018-10-10,26193.0703125,0.0007702680416372676,8.809523923056466e-05,1.0,80.0,0.8197033389986531,0.8422499829091936,0.7971566950881126
2018-10-11,25266.369140625,-0.0353796313612289,8.78968219908457e-05,1.0,80.0,0.8242309624290716,0.8317277609092252,0.8167341639489178
2018-10-12,25801.490234375,0.021179184502992054,8.801587044246613e-05,1.0,80.0,0.885050862615471,0.9392399340265526,0.8308617912043892
2018-10-15,25445.060546875,-0.013814306238216112,8.849206424894787e-05,1.0,80.0,0.8686743070923028,0.8954703765048826,0.8418782376797229
2018-10-16,25462.259765625,0.0006759354617495994,8.96825393040975e-05,1.0,80.0,0.8875129692578754,0.9224681287869195,0.8525578097288311
2018-10-18,25454.55078125,-0.00030276120210692703,8.948413152543324e-05,1.0,80.0,0.8895103262885766,0.9148030900901357,0.8642175624870174
2018-10-19,25561.400390625,0.004197662347029452,8.96825393040975e-05,1.0,80.0,0.9131263155214515,0.9479468040130082,0.8783058270298949
2018-10-22,26153.150390625,0.023150140092364824,8.960317051599896e-05,1.0,80.0,0.8378264606306611,0.7860128760927575,0.8896400451685649
2018-10-23,25346.55078125,-0.030841393764329705,9.087301435924713e-05,1.0,80.0,0.9271863999186128,0.9468514570337778,0.9075213428034479
2018-10-24,25249.779296875,-0.003817935040162812,9.067460658058289e-05,1.0,80.0,0.9285590247919162,0.9330744240938849,0.9240436254899476
2018-10-25,24994.4609375,-0.010111706576643176,9.047618934086392e-05,1.0,80.0,0.928736336158992,0.9198272651735454,0.9376454071444384
2018-10-26,24717.630859375,-0.011075657075270695,9.019841277410113e-05,1.0,80.0,0.9171297454531606,0.8827934368734444,0.9514660540328768
2018-10-29,24812.0390625,0.003819468122252978,8.96825393040975e-05,1.0,80.0,0.949690379682766,0.938460082980843,0.9609206763846889
2018-10-30,24585.529296875,-0.009129026641237936,9.059523779248432e-05,1.0,80.0,0.9327901730572354,0.8957135755097005,0.9698667706047703
2018-10-31,24979.689453125,0.016032201360826503,9.03968300138201e-05,1.0,80.0,0.965829700127943,0.9545393586345859,0.9771200416213
2018-11-01,25416.0,0.01746661213277889,9.00793643224807e-05,1.0,80.0,0.9153290202562119,0.8460784144318687,0.984579626080555
2018-11-02,26486.349609375,0.042113220387747896,9.019841277410113e-05,1.0,80.0,0.693019710766697,0.39962914771637403,0.98641027381702
2018-11-05,25934.390625,-0.02083937547134207,8.999999553438216e-05,1.0,80.0,0.8093439842068133,0.625573455443119,0.9931145129705077
2018-11-06,26120.9609375,0.00719393469458085,9.166666439601353e-05,1.0,80.0,0.7402300691362665,0.48349518002738073,0.9969649582451523
2018-11-07,26147.689453125,0.0010232592778249838,9.166666439601353e-05,1.0,80.0,0.7242863393036383,0.44876144495520615,0.9998112336520704
2018-11-08,26227.720703125,0.0030607388902745836,9.138888782925076e-05,1.0,80.0,0.71139339149065,0.4227867829812999,1.0
2018-11-09,25601.919921875,-0.023860280820187207,9.126983937763033e-05,1.0,80.0,0.8431184643099261,0.6862369286198523,1.0
2018-11-12,25633.1796875,0.001220993023975936,9.126983937763033e-05,1.0,80.0,0.8087214057194654,0.6174428114389308,1.0
2018-11-13,25792.869140625,0.006229794940456612,9.107143159896609e-05,1.0,80.0,0.7454440614858282,0.4908881229716563,1.0
2018-11-14,25654.4296875,-0.005367353758522042,9.226190665411572e-05,1.0,80.0,0.7888612238609596,0.5777224477219192,1.0
2018-11-15,26103.33984375,0.017498348695263788,9.166666439601353e-05,1.0,80.0,0.6990865797257991,0.3981731594515982,1.0
2018-11-16,26183.529296875,0.003071999736623754,9.126983937763033e-05,1.0,80.0,0.6819655445249139,0.3639310890498277,1.0
2018-11-19,26372.0,0.00719806336984119,9.126983937763033e-05,1.0,80.0,0.4692727172765125,0.3386199016478775,0.5999255329051475
2018-11-20,25840.33984375,-0.020160024125966958,9.265873167249892e-05,1.0,80.0,0.6442175556857941,0.44527131326677283,0.8431637981048153
2018-11-21,25971.470703125,0.005074656918907294,9.325396446954637e-05,1.0,80.0,0.6970638306823216,0.39412766136464317,1.0
2018-11-22,26019.41015625,0.0018458505362668465,9.325396446954637e-05,1.0,80.0,0.6894462324322197,0.3788924648644395,1.0
2018-11-23,25927.6796875,-0.003525463036984533,9.317460514250255e-05,1.0,80.0,0.5988155983720858,0.38454010211436307,0.8130910946298083
2018-11-26,26376.1796875,0.01729811558171268,9.297618790278358e-05,1.0,80.0,0.5696508870678589,0.3241012625800406,0.8152005115556773
2018-11-27,26331.9609375,-0.001676465300278318,9.337301292116682e-05,1.0,80.0,0.5364924136446881,0.30868534067715303,0.7642994866122232
2018-11-28,26682.560546875,0.013314603124589208,9.265873167249892e-05,1.0,80.0,0.518582020497015,0.2885704179150813,0.7485936230789486
2018-11-29,26451.029296875,-0.008677250056015162,9.166666439601353e-05,1.0,80.0,0.626677030140112,0.27111614471200063,0.9822379155682234
2018-11-30,26506.75,0.0021065608638368705,9.158730506896972e-05,1.0,80.0,0.5007910593187839,0.26780054376062457,0.7337815748769433
2018-12-03,27182.0390625,0.02547611693247953,9.07936550322033e-05,1.0,80.0,0.6155425233926469,0.2524275401088969,0.978657506676397
2018-12-04,27260.439453125,0.0028842718695507585,9.384920672764854e-05,1.0,80.0,0.47018364332910034,0.2746026186348532,0.6657646680233476
2018-12-05,26819.6796875,-0.016168476167924495,9.384920672764854e-05,0.0,80.0,0.5603741946384215,0.2725030048843733,0.8482453843924698
2018-12-06,26156.380859375,-0.02473179530306424,9.337301292116682e-05,0.0,80.0,0.6919753714994364,0.3990426537885538,0.984908089210319
2018-12-07,26063.759765625,-0.003541051579266985,9.285713945116316e-05,0.0,80.0,0.7578695198697957,0.5245909188193736,0.9911481209202178
2018-12-10,25752.380859375,-0.011946814621145774,9.246031443277995e-05,0.0,80.0,0.8194839758470458,0.6415372930556197,0.9974306586384718
2018-12-11,25771.669921875,0.0007490205509670389,9.404761450631278e-05,0.0,80.0,0.7816489298842362,0.5632978597684725,1.0
2018-12-12,26186.7109375,0.01610454490854374,9.424603174603175e-05,0.0,80.0,0.6816177325491067,0.36323546509821353,1.0
2018-12-13,26524.349609375,0.012893512006179275,9.376983793955e-05,0.0,80.0,0.6340011647318269,0.2692013023359934,0.9988010271276604
2018-12-14,26094.7890625,-0.01619495117509584,9.396825517926897e-05,0.0,80.0,0.6987502926897711,0.4041845940323853,0.9933159913471568
2018-12-17,26087.98046875,-0.0002609177538738239,9.285713945116316e-05,0.0,80.0,0.7091693283429026,0.4313488918978185,0.9869897647879866
2018-12-18,25814.25,-0.010492589454284995,9.238095510573614e-05,0.0,80.0,0.7979911913227067,0.6162239298863993,0.9797584527590142
2018-12-19,25865.390625,0.001981100554925952,9.277778012411937e-05,0.0,80.0,0.7366282574217955,0.500501260164397,0.972755254679194
2018-12-20,25623.529296875,-0.009350770364597971,9.265873167249892e-05,0.0,80.0,0.8101954343839926,0.6532753133425965,0.9671155554253885
2018-12-21,25753.419921875,0.005069193376723513,9.246031443277995e-05,0.0,80.0,0.7073840550215226,0.46109854158694374,0.9536695684561014
2018-12-24,25651.380859375,-0.0039621558150158,9.257936288440038e-05,0.0,80.0,0.7136567038667296,0.4805490332933981,0.9467643744400611
2018-12-27,25478.880859375,-0.006724784172270182,9.317460514250255e-05,0.0,80.0,0.7802633753238157,0.6237608232992407,0.9367659273483908
2018-12-28,25504.19921875,0.0009936998220110294,9.238095510573614e-05,0.0,80.0,0.7361317071067144,0.5449093324169545,0.9273540817964743
2018-12-31,25845.69921875,0.01338995186913916,9.126983937763033e-05,0.0,80.0,0.6352367881284237,0.3556974739926064,0.9147761022642409
2019-01-02,25130.349609375,-0.02767770387330215,9.384920672764854e-05,0.0,30.0,0.8496470765895632,0.792207924169236,0.9070862290098902
2019-01-03,25064.359375,-0.0026259178802026106,9.345238170926534e-05,0.0,30.0,0.8663327741216109,0.8290175329993654,0.9036480152438564
2019-01-04,25626.029296875,0.022409107429062214,9.357143016088577e-05,0.0,30.0,0.72234257067867,0.5549325086309163,0.8897526327264238
2019-01-07,25835.69921875,0.008181912205203368,9.337301292116682e-05,0.0,30.0,0.6484082772631248,0.4228008781008126,0.874015676425437
2019-01-08,25875.44921875,0.0015385687711966245,9.523809902251714e-05,0.0,30.0,0.6053419280827375,0.3549913571572501,0.8556924990082249
2019-01-09,26462.3203125,0.02268061469343441,9.484127400413391e-05,0.0,30.0,0.5506232974543509,0.26985987387013005,0.8313867210385717
2019-01-10,26521.4296875,0.00223371852135279,9.424603174603175e-05,0.0,30.0,0.5454400637114772,0.2833492572027312,0.8075308702202233
2019-01-11,26667.26953125,0.005498943513544408,9.404761450631278e-05,0.0,30.0,0.536613407290288,0.2923638568570711,0.7808629577235049
2019-01-14,26298.330078125,-0.013834916720388613,9.365078948792958e-05,0.0,30.0,0.5261587666192531,0.29218579455243876,0.7601317386860673
2019-01-15,26830.2890625,0.02022786172333757,9.456348797631641e-05,0.0,30.0,0.506232787854021,0.27213259439465903,0.740332981313383
2019-01-16,26902.099609375,0.002676473097539933,9.376983793955e-05,0.0,30.0,0.3537993923015936,0.2919335888630726,0.41566519574011457
2019-01-17,26755.630859375,-0.005444509987204027,9.345238170926534e-05,0.0,30.0,0.3905792435519621,0.23569779491895482,0.5454606921849694
2019-01-18,27090.810546875,0.012527444755897177,9.317460514250255e-05,0.0,30.0,0.3219223828489745,0.24862557219261852,0.3952191935053305
2019-01-21,27196.5390625,0.0039027446388899545,9.317460514250255e-05,0.0,30.0,0.2619672707598211,0.25892777524774063,0.2650067662719016
2019-01-22,27005.44921875,-0.007026255925831504,9.305555669088211e-05,0.0,30.0,0.300984242712904,0.21431340684657021,0.3876550785792378
2019-01-23,27008.19921875,0.00010183129996188534,9.337301292116682e-05,0.0,30.0,0.30668265140566153,0.23460595598037265,0.37875934683095036
2019-01-24,27120.98046875,0.004175815243605774,9.14682566173493e-05,0.0,30.0,0.31453473563466694,0.25540633929829143,0.3736631319710424
2019-01-25,27569.189453125,0.01652628248051169,9.238095510573614e-05,0.0,30.0,0.3236031868078061,0.27708504442916604,0.37012132918644614
2019-01-28,27576.9609375,0.0002818902016765712,9.257936288440038e-05,0.0,30.0,0.3226604709495788,0.28329869635014243,0.36202224554901513
2019-01-29,27531.6796875,-0.0016419956536408709,9.384920672764854e-05,0.0,30.0,0.36218384330898357,0.24184978565013193,0.48251790096783514
2019-01-30,27642.849609375,0.004037891009079031,9.384920672764854e-05,0.0,30.0,0.31561173796391473,0.2703029050106692,0.36092057091716023
2019-01-31,27942.470703125,0.010839008929397265,9.285713945116316e-05,0.0,30.0,0.3141526305400148,0.2855797601767297,0.3427255009032999
2019-02-01,27930.740234375,-0.00041980785717310454,9.285713945116316e-05,0.0,30.0,0.3376101850861311,0.2410170270709798,0.4342033431012824
2019-02-04,27990.2109375,0.0021292204440686024,9.265873167249892e-05,0.0,30.0,0.28900047099892,0.25659532893979625,0.3214056130580437
2019-02-08,27946.3203125,-0.001568070533587762,9.384920672764854e-05,0.0,30.0,0.32180497802652747,0.2379410096076874,0.40566894644536755
2019-02-11,28143.83984375,0.007067818912876778,9.424603174603175e-05,0.0,30.0,0.3144040335353483,0.23602455901911804,0.3927835080515786
2019-02-12,28171.330078125,0.0009767762511305733,9.436508019765218e-05,0.0,30.0,0.26439089798705967,0.24085639259669034,0.287925403377429
2019-02-13,28497.58984375,0.011581269493496249,9.416666295793321e-05,0.0,30.0,0.2666641237706709,0.266251604865447,0.26707664267589476
2019-02-14,28432.05078125,-0.0022998107159006853,9.416666295793321e-05,0.0,30.0,0.2932467130548473,0.2587413743391259,0.3277520517705687
2019-02-15,27900.83984375,-0.01868352520847061,9.404761450631278e-05,0.0,30.0,0.3039080014693838,0.2161738230008155,0.39164217993795214
2019-02-18,28347.009765625,0.015991272104124432,9.404761450631278e-05,0.0,30.0,0.28501494299541275,0.19640270857195613,0.3736271774188693
2019-02-19,28228.130859375,-0.00419370181309775,9.416666295793321e-05,0.0,30.0,0.24725269581794818,0.13231796660455905,0.3621874250313373
2019-02-20,28514.05078125,0.010128900255542028,9.456348797631641e-05,0.0,30.0,0.24042224775317209,0.1316592673376084,0.34918522816873576
2019-02-21,28629.919921875,0.004063580496293184,9.503968178279817e-05,0.0,30.0,0.23360614827044585,0.1360649132131505,0.3311473833277412
2019-02-22,28816.30078125,0.006510002818156391,9.496031299469963e-05,0.0,30.0,0.21629426477984814,0.17425798807260637,0.2583305414870899
2019-02-25,28959.30078125,0.004962469023541249,9.496031299469963e-05,0.0,30.0,0.19791118220190407,0.18789351947049884,0.20792884493330926
2019-02-26,28772.060546875,-0.0064656338144818415,9.523809902251714e-05,0.0,30.0,0.17750250399361298,0.14126163817294782,0.21374336981427813
2019-02-27,28757.439453125,-0.0005081698520055244,9.496031299469963e-05,0.0,30.0,0.16666626234747833,0.1009704043667855,0.23236212032817116
2019-02-28,28633.1796875,-0.004320960697058784,9.456348797631641e-05,0.0,30.0,0.1448615776826152,0.07910761324844054,0.2106155421167899
2019-03-01,28812.169921875,0.006251147666046286,9.436508019765218e-05,0.0,30.0,0.13841310656453956,0.08660338215637527,0.19022283097270387
2019-03-04,28959.58984375,0.005116585188645439,9.424603174603175e-05,0.0,30.0,0.12624110467508126,0.08712994429790602,0.16535226505225653
2019-03-05,28961.599609375,6.939896717605976e-05,9.523809902251714e-05,0.0,30.0,0.10762517707319653,0.0955979316817702,0.11965242246462286
2019-03-06,29037.599609375,0.0026241644461999503,9.543650680118137e-05,0.0,30.0,0.0965000579128455,0.09861456747476482,0.09438554835092615
2019-03-07,28779.44921875,-0.008890211108966928,9.503968178279817e-05,0.0,30.0,0.07174877812547492,0.07080607134678686,0.07269148490416297
2019-03-08,28228.419921875,-0.019146624130527146,9.496031299469963e-05,0.0,30.0,0.13564716656147668,0.21012917801919387,0.06116515510375953
2019-03-11,28503.30078125,0.009737734529093656,9.444444898575071e-05,0.0,30.0,0.06501717125908285,0.09344123401292724,0.03659310850523845
2019-03-12,28920.869140625,0.014649824684504154,9.503968178279817e-05,0.0,30.0,0.03655880244572713,0.06420950512568226,0.008908099765772004
2019-03-13,28807.44921875,-0.003921732826337454,9.476190521603539e-05,0.0,30.0,0.029859131425000743,0.05971826285000149,0.0
2019-03-14,28851.390625,0.0015253487358888318,9.476190521603539e-05,0.0,30.0,0.030299378608009627,0.060598757216019254,0.0
2019-03-15,29012.259765625,0.005575784637763981,9.476190521603539e-05,0.0,30.0,0.025181256541249145,0.05036251308249829,0.0
2019-03-18,29409.009765625,0.013675253262073861,9.464285676441495e-05,0.0,30.0,0.055911758591816324,0.09964480738221586,0.012178709801416797
2019-03-19,29466.279296875,0.0019473464664878648,9.543650680118137e-05,0.0,30.0,0.06843668102779747,0.12534683922050988,0.011526522835085071
2019-03-20,29320.970703125,-0.004931351945931306,9.555555525280179e-05,0.0,30.0,0.06048680941480713,0.09056103909071583,0.030412579738898424
2019-03-21,29071.560546875,-0.008506203930807033,9.555555525280179e-05,0.0,30.0,0.04080861999275474,0.049655584819107514,0.03196165516640196
2019-03-22,29113.359375,0.001437791000507227,9.51587302344186e-05,0.0,30.0,0.026469818679442394,0.05293963735888479,0.0
2019-03-25,28523.349609375,-0.02026594588502384,9.484127400413391e-05,0.0,30.0,0.09109827997747492,0.16728584044998165,0.014910719504968186
2019-03-26,28566.91015625,0.0015271890388597331,9.543650680118137e-05,0.0,30.0,0.0694829422147818,0.1389658844295636,0.0
2019-03-27,28728.25,0.005647787697988127,9.436508019765218e-05,0.0,30.0,0.04532891329248672,0.09065782658497344,0.0
2019-03-28,28775.2109375,0.0016346605693002836,9.404761450631278e-05,0.0,30.0,0.04738579426511449,0.09477158853022898,0.0
2019-03-29,29051.359375,0.009596747634615044,9.238095510573614e-05,0.0,30.0,0.0468269480280223,0.0936538960560446,0.0
2019-04-01,29562.01953125,0.01757784032266141,9.218253786601717e-05,0.0,30.0,0.05814723657105587,0.11159670334898486,0.0046977697931268785
2019-04-02,29624.669921875,0.002119286558172062,9.404761450631278e-05,0.0,30.0,0.047945341345771705,0.09102747135316437,0.004863211338379035
2019-04-03,29986.390625,0.01221011758372037,9.416666295793321e-05,0.0,30.0,0.08431473596586404,0.14313377747261918,0.02549569445910891
2019-04-04,29936.3203125,-0.0016697678999171295,9.404761450631278e-05,0.0,30.0,0.06489009054479973,0.12978018108959946,0.0
2019-04-08,30077.150390625,0.004704321595135896,9.384920672764854e-05,0.0,30.0,0.06602965219499302,0.13205930438998603,0.0
2019-04-09,30157.490234375,0.0026711255124436395,9.384920672764854e-05,0.0,30.0,0.06906845440920191,0.13813690881840382,0.0
2019-04-10,30119.560546875,-0.0012577202945345256,9.376983793955e-05,0.0,30.0,0.07922942783265616,0.15845885566531231,0.0
2019-04-11,29839.44921875,-0.009299980578702738,9.384920672764854e-05,0.0,30.0,0.04606108384714235,0.0921221676942847,0.0
2019-04-12,29909.759765625,0.002356295062940328,9.424603174603175e-05,0.0,30.0,0.06739367313927488,0.13478734627854977,0.0
2019-04-15,29810.720703125,-0.003311262386461067,9.365078948792958e-05,0.0,30.0,0.03638276880718818,0.07276553761437636,0.0
2019-04-16,30129.869140625,0.010705827634235776,9.436508019765218e-05,0.0,30.0,0.055967798316235544,0.11193559663247109,0.0
2019-04-17,30124.6796875,-0.00017223616540718023,9.444444898575071e-05,0.0,30.0,0.05953782919884285,0.1190756583976857,0.0
2019-04-18,29963.259765625,-0.005358394630233354,9.384920672764854e-05,0.0,30.0,0.04433174547099712,0.08866349094199424,0.0
2019-04-23,29963.240234375,-6.518399584543033e-07,9.484127400413391e-05,0.0,30.0,0.050139520873216194,0.10027904174643239,0.0
2019-04-24,29805.830078125,-0.005253442385360296,9.424603174603175e-05,0.0,30.0,0.041952846822825476,0.08390569364565095,0.0
2019-04-25,29549.80078125,-0.008589906612361142,9.384920672764854e-05,0.0,30.0,0.05064478626567171,0.10128957253134342,0.0
2019-04-26,29605.009765625,0.0018683369401946148,9.365078948792958e-05,0.0,30.0,0.04277394480953007,0.08554788961906014,0.0
2019-04-29,29892.810546875,0.009721354038672692,9.365078948792958e-05,0.0,30.0,0.032017352374809745,0.06403470474961949,0.0
2019-04-30,29699.109375,-0.0064798581441934955,9.396825517926897e-05,0.0,30.0,0.03434295529166787,0.06868591058333574,0.0
2019-05-02,29944.1796875,0.008251773122405215,9.416666295793321e-05,0.0,30.0,0.03544191618585735,0.0708838323717147,0.0
2019-05-03,30081.55078125,0.004587572449257893,9.396825517926897e-05,0.0,30.0,0.05543301504832729,0.11086603009665458,0.0
2019-05-06,29209.8203125,-0.028978907207581672,9.376983793955e-05,0.0,30.0,0.16489094969919207,0.2510927054209451,0.07868919397743908
2019-05-07,29363.01953125,0.00524478470291867,9.396825517926897e-05,0.0,30.0,0.1560629030726657,0.21158713959066794,0.10053866655466347
2019-05-08,29003.19921875,-0.012254199950963995,9.404761450631278e-05,0.0,30.0,0.19769574435756637,0.25911348182589977,0.13627800688923294
2019-05-09,28311.0703125,-0.02386388139562734,9.404761450631278e-05,0.0,30.0,0.3758047032379927,0.46923895850546093,0.28237044797052446
2019-05-10,28550.240234375,0.00844792935184091,9.404761450631278e-05,0.0,30.0,0.3582434560864565,0.38562727981949957,0.3308596323534135
2019-05-14,28122.01953125,-0.014998847631741308,9.337301292116682e-05,0.0,30.0,0.41275885030618814,0.4678706701372423,0.35764703047513396
2019-05-15,28268.7109375,0.005216247221754289,9.325396446954637e-05,0.0,30.0,0.37120965147617807,0.4232739216507391,0.319145381301617
2019-05-16,28275.0703125,0.00022496161972362927,9.277778012411937e-05,0.0,30.0,0.3566218303211554,0.38489118201201583,0.328352478630295
2019-05-17,27946.4609375,-0.011621876492902139,9.246031443277995e-05,0.0,30.0,0.38553611862675663,0.4995259539036159,0.27154628334989733
2019-05-20,27787.609375,-0.005684138784344039,9.206348941439675e-05,0.0,30.0,0.37744425982884167,0.5338598460704466,0.22102867358723677
2019-05-21,27657.240234375,-0.004691628519230995,9.246031443277995e-05,0.0,30.0,0.2908416660149203,0.5643809162548722,0.017302415774968355
2019-05-22,27705.939453125,0.0017608126601682539,9.206348941439675e-05,0.0,30.0,0.2727651017999791,0.5455302035999582,0.0
2019-05-23,27267.130859375,-0.01583806946854882,9.138888782925076e-05,0.0,30.0,0.32113356840898893,0.6272681124121762,0.014999024405801687
2019-05-24,27353.9296875,0.003183276912141819,9.07936550322033e-05,0.0,30.0,0.30379787426545307,0.6075957485309061,0.0
2019-05-27,27288.08984375,-0.002406961065637536,9.07936550322033e-05,0.0,30.0,0.2960425325880991,0.5920850651761982,0.0
2019-05-28,27390.810546875,0.003764305369601706,9.119048005058652e-05,0.0,30.0,0.25506259493802286,0.5101251898760457,0.0
2019-05-29,27235.7109375,-0.005662468772494766,9.119048005058652e-05,0.0,30.0,0.3109356070525754,0.6218712141051508,0.0
2019-05-30,27114.880859375,-0.004436457649380943,9.166666439601353e-05,0.0,30.0,0.3371878876843009,0.6743757753686018,0.0
2019-05-31,26901.08984375,-0.007884637839044029,9.099206281086755e-05,0.0,30.0,0.3560825012976562,0.7121650025953123,0.0
2019-06-03,26893.859375,-0.00026877977033634703,9.047618934086392e-05,0.0,30.0,0.3549300186265681,0.7098600372531362,0.0
2019-06-04,26761.51953125,-0.004920820098918921,9.107143159896609e-05,0.0,30.0,0.3561119850782852,0.7122239701565704,0.0
2019-06-05,26895.439453125,0.005004197228734242,9.067460658058289e-05,0.0,30.0,0.347380673975169,0.694761347950338,0.0
2019-06-06,26965.279296875,0.0025967169590859207,8.948413152543324e-05,0.0,30.0,0.31326503784439574,0.6265300756887915,0.0
2019-06-10,27578.640625,0.022746336923574306,8.809523923056466e-05,0.0,30.0,0.11978478196040844,0.23956956392081688,0.0
2019-06-11,27789.33984375,0.007639942142724898,8.78174626638019e-05,0.0,30.0,0.07957841972103483,0.15915683944206965,0.0
2019-06-12,27308.4609375,-0.017304437923096327,8.591269689892968e-05,0.0,30.0,0.23293523396553606,0.41453774943408317,0.051332718496988936
2019-06-13,27294.7109375,-0.0005035069545468174,8.4920639083499e-05,0.0,30.0,0.22870800066564625,0.4202452853660502,0.03717071596524231
2019-06-14,27118.349609375,-0.006461373726537545,8.432539682539683e-05,0.0,30.0,0.3123612710577728,0.5774355481592318,0.04728699395631377
2019-06-17,27227.16015625,0.0040124324836265934,8.484127029540047e-05,0.0,30.0,0.2675849523424572,0.5156258680307119,0.019544036654202526
2019-06-18,27498.76953125,0.009975677721852039,8.603174535055008e-05,0.0,30.0,0.16039756475366784,0.27284511388930194,0.04795001561803373
2019-06-19,28202.140625,0.02557827516430078,8.432539682539683e-05,0.0,30.0,0.1634967203446274,0.11732374504966633,0.20966969563958845
2019-06-20,28550.4296875,0.01234973852272958,8.246032018510122e-05,0.0,30.0,0.18867109280995292,0.15133505897703056,0.22600712664287526
2019-06-21,28473.7109375,-0.0026871311864560266,8.154762169671437e-05,0.0,30.0,0.1742969406319825,0.09995582400985051,0.2486380572541145
2019-06-24,28513.0,0.0013798363896522226,8.16666701483348e-05,0.0,30.0,0.10711809189023859,0.10218996211260081,0.11204622166787637
2019-06-25,28185.98046875,-0.011469137980920974,8.265872796376547e-05,0.0,30.0,0.13469784214839955,0.07966427954713083,0.1897314047496683
2019-06-26,28221.98046875,0.0012772307154584883,8.305555298214868e-05,0.0,30.0,0.05640424615806785,0.08368037819165747,0.029128114124478233
2019-06-27,28621.419921875,0.014153487689047672,8.2738096751864e-05,0.0,30.0,0.09579733233851906,0.12682550246320537,0.06476916221383275
2019-06-28,28542.619140625,-0.0027532100596369125,8.075397165994795e-05,0.0,30.0,0.06379972505893111,0.09428300544133847,0.03331644467652375
2019-07-02,28875.560546875,0.011664711097802538,8.523809531378367e-05,0.0,30.0,0.08294295726255525,0.12212854206813642,0.043757372456974086
2019-07-03,28855.140625,-0.0007071697133584909,8.531746410188223e-05,0.0,30.0,0.07809735940465024,0.10915978508384815,0.04703493372545233
2019-07-04,28795.76953125,-0.002057556901960189,8.531746410188223e-05,0.0,30.0,0.029916677970317374,0.05983335594063475,0.0
2019-07-05,28774.830078125,-0.0007271711597176544,8.583333757188585e-05,0.0,30.0,0.032854212697725024,0.06570842539545005,0.0
2019-07-08,28331.689453125,-0.015400286423824294,8.64285703689333e-05,0.0,30.0,0.08818051202904865,0.1763610240580973,0.0
2019-07-09,28116.279296875,-0.007603152526657442,8.710317195407928e-05,0.0,30.0,0.17574168219062056,0.3514833643812411,0.0
2019-07-10,28204.689453125,0.0031444472192245776,8.452381406511579e-05,0.0,30.0,0.12722126358789426,0.2544425271757885,0.0
2019-07-11,28431.80078125,0.00805225416512556,8.325397022186763e-05,0.0,30.0,0.07788536974760236,0.15577073949520473,0.0
2019-07-12,28471.619140625,0.0014004867184234104,8.293650453052823e-05,0.0,30.0,0.0785989152054553,0.1571978304109106,0.0
2019-07-15,28554.880859375,0.0029243759667745284,8.2738096751864e-05,0.0,30.0,0.05244666572535845,0.1048933314507169,0.0
2019-07-16,28619.619140625,0.0022671529105240396,8.345237800053192e-05,0.0,30.0,0.021260073709198548,0.042520147418397096,0.0
2019-07-17,28593.169921875,-0.000924163896802388,8.226190294538226e-05,0.0,30.0,0.04031804431150647,0.08063608862301294,0.0
2019-07-18,28461.66015625,-0.004599341940201951,7.9880952835083e-05,0.0,30.0,0.0537951056918334,0.1075902113836668,0.0
2019-07-19,28765.400390625,0.010671908550222042,7.9880952835083e-05,0.0,30.0,0.048764382042181705,0.09752876408436341,0.0
2019-07-22,28371.259765625,-0.013701899492018055,8.035714664156477e-05,0.0,30.0,0.058833625866442765,0.11766725173288553,0.0
2019-07-23,28466.48046875,0.003356238105449716,8.06746028718494e-05,0.0,30.0,0.058681323578564634,0.11736264715712927,0.0
2019-07-24,28524.0390625,0.002021977877215475,8.095237943861221e-05,0.0,30.0,0.03245925379441072,0.06491850758882144,0.0
2019-07-25,28594.30078125,0.0024632457765201288,8.174602947537861e-05,0.0,30.0,0.028493037371669465,0.05698607474333893,0.0
2019-07-26,28397.740234375,-0.006874116222624682,8.186507792699906e-05,0.0,30.0,0.05176780560255456,0.10353561120510912,0.0
2019-07-29,28106.41015625,-0.010258917636423392,8.13492044569954e-05,0.0,30.0,0.10470372876377704,0.20940745752755408,0.0
2019-07-30,28146.5,0.0014263594506425115,8.095237943861221e-05,0.0,30.0,0.09519001926463151,0.19038003852926302,0.0
2019-07-31,27777.75,-0.013101096051018724,8.055555442022898e-05,0.0,30.0,0.17853269587241402,0.35706539174482804,0.0
2019-08-01,27565.69921875,-0.007633835758835805,8.055555442022898e-05,0.0,30.0,0.21985505005751005,0.4397101001150201,0.0
2019-08-02,26918.580078125,-0.023475520627636914,7.936507936507937e-05,0.0,30.0,0.31229754062671067,0.6245950812534213,0.0
2019-08-05,26151.3203125,-0.028502980595492167,7.749999799425638e-05,0.0,30.0,0.3906208329635912,0.6972209528686376,0.0840207130585448
2019-08-06,25976.240234375,-0.006694884848368998,7.916666685588778e-05,0.0,30.0,0.35961984368867594,0.6960919909642223,0.02314769641312962
2019-08-07,25997.029296875,0.0008003106805460902,7.809524025235857e-05,0.0,30.0,0.3925447450633822,0.7737168629125306,0.011372627214233825
2019-08-08,26120.76953125,0.004759783626118841,7.817460430992973e-05,0.0,30.0,0.4231348555466361,0.8084700889075795,0.037799622185692675
2019-08-09,25939.30078125,-0.006947297237276939,7.738095427316333e-05,0.0,30.0,0.4292026098334831,0.8207396488233981,0.03766557084356804
2019-08-12,25824.720703125,-0.004417238501965404,7.650793544829838e-05,0.0,30.0,0.422314623563007,0.8000282104702983,0.04460103665571563
2019-08-13,25281.30078125,-0.021042625324859454,7.757936678235492e-05,0.0,30.0,0.41259323093510947,0.7745027448173538,0.0506837170528651
2019-08-14,25302.279296875,0.0008298036484166715,7.571428541153195e-05,0.0,30.0,0.44701459030959195,0.7978795224196541,0.0961496581995298
2019-08-15,25495.4609375,0.00763495013071247,7.313492279204111e-05,0.0,30.0,0.5182133184286934,0.837145325485983,0.1992813113714038
2019-08-16,25734.220703125,0.009364795020192052,7.234126802474734e-05,0.0,30.0,0.4703931713446956,0.7665193783798685,0.17426696430952268
2019-08-19,26291.83984375,0.021668390391836656,7.353174781042433e-05,0.0,30.0,0.3129938549905427,0.5121276914687944,0.11386001851229101
2019-08-20,26231.5390625,-0.0022935169850555326,7.539682445071991e-05,0.0,30.0,0.35895168761580937,0.6235162316403788,0.09438714359123991
2019-08-21,26270.0390625,0.0014676988608357533,7.650793544829838e-05,0.0,30.0,0.2886330113402224,0.4828424255406007,0.09442359713984413
2019-08-22,26048.720703125,-0.008424744205688173,7.690476046668159e-05,0.0,30.0,0.39570222513233916,0.6778999379338224,0.11350451233085589
2019-08-23,26179.330078125,0.005014041821421733,7.579364946910313e-05,0.0,30.0,0.30104662071651844,0.5010246818753252,0.10106855955771171
2019-08-26,25680.330078125,-0.01906083916245649,7.670634795749e-05,0.0,30.0,0.4845765839240541,0.7266981012798402,0.242455066568268
2019-08-27,25664.0703125,-0.0006331603050091505,7.710317297587319e-05,0.0,30.0,0.4221210700699748,0.7864827905085957,0.057759349631353846
2019-08-28,25615.48046875,-0.0018933023155852657,7.698412925478012e-05,0.0,30.0,0.4500961983122252,0.8377933026126249,0.06239909401182552
2019-08-29,25703.5,0.0034361850583821685,7.698412925478012e-05,0.0,30.0,0.4044114940116152,0.734692651897986,0.07413033612524433
2019-08-30,25724.73046875,0.0008259757912345567,7.670634795749e-05,0.0,30.0,0.3686330935144613,0.6430586502587148,0.09420753677020777
2019-09-02,25626.55078125,-0.0038165487338833737,7.670634795749e-05,0.0,30.0,0.3937708036008804,0.673243502093979,0.11429810510778182
2019-09-03,25527.849609375,-0.0038515199613682327,7.579364946910313e-05,0.0,30.0,0.4529143916425405,0.7706578145523203,0.1351709687327607
2019-09-04,26523.23046875,0.038991958766846135,7.559523695991153e-05,0.0,30.0,0.3364279020793228,0.26380107679633014,0.4090547273623156
2019-09-05,26515.529296875,-0.0002903557273716828,7.619047448748634e-05,0.0,30.0,0.3484694035185568,0.3182962620039989,0.3786425450331148
2019-09-06,26690.759765625,0.006608597806518235,7.579364946910313e-05,0.0,30.0,0.2971660560810059,0.21169664321497417,0.38263546894703754
2019-09-09,26681.400390625,-0.00035065974450276816,7.571428541153195e-05,0.0,30.0,0.24002526806454397,0.26181541857268503,0.2182351175564029
2019-09-10,26683.6796875,8.542643345665901e-05,7.591269792072356e-05,0.0,30.0,0.22670177637363012,0.23742825072794804,0.2159753020193122
2019-09-11,27159.060546875,0.017815416199801426,7.591269792072356e-05,0.0,30.0,0.21604053053854871,0.1727699068740486,0.25931115420304884
2019-09-12,27087.630859375,-0.0026300500113660696,7.519841194152831e-05,0.0,30.0,0.2172853909646861,0.15264768838158665,0.28192309354778555
2019-09-13,27352.689453125,0.009785226147168258,7.539682445071991e-05,0.0,30.0,0.21904111619969635,0.15920027243721058,0.2788819599621821
2019-09-16,27124.55078125,-0.008340630352491218,7.718254176397175e-05,0.0,30.0,0.22548686203366386,0.13409466437018847,0.31687905969713925
2019-09-17,26790.240234375,-0.01232501690336174,7.690476046668159e-05,0.0,30.0,0.34799518705292576,0.3036093859921639,0.3923809881136876
2019-09-18,26754.119140625,-0.0013482930139481208,7.46031744139535e-05,0.0,30.0,0.3558988503046078,0.4206281839505864,0.2911695166586292
2019-09-19,26468.94921875,-0.010658916497160331,7.472222286557397e-05,0.0,30.0,0.46157799999639715,0.6167677520924966,0.3063882479002977
2019-09-20,26435.669921875,-0.0012572957316879796,7.341269935880388e-05,0.0,30.0,0.48264602032763404,0.6430572606414267,0.3222347800138414
2019-09-23,26222.400390625,-0.008067491078541655,7.321428684961227e-05,0.0,30.0,0.5113034476562361,0.6832399488306629,0.33936694648180943
2019-09-24,26281.0,0.002234715682090993,7.46031744139535e-05,0.0,30.0,0.5108535203828128,0.664557536344695,0.3571495044209305
2019-09-25,25945.349609375,-0.012771598897492464,7.321428684961227e-05,0.0,30.0,0.5547332995629285,0.7327998466009114,0.37666675252494564
2019-09-26,26041.9296875,0.0037224427336335353,7.023809448121085e-05,0.0,30.0,0.5553023688675021,0.7172120947917398,0.39339264294326437
2019-09-27,25954.810546875,-0.003345341212053765,6.865079440767803e-05,0.0,30.0,0.5720937997614196,0.73125571763792,0.41293188188491925
2019-09-30,26092.26953125,0.005296088912949193,7.023809448121085e-05,0.0,30.0,0.5295035401883541,0.6295461044203731,0.42946097595633503
2019-10-02,26042.689453125,-0.001900182660064087,6.884920691686963e-05,0.0,30.0,0.5362800124354714,0.6242104710915349,0.448349553779408
2019-10-03,26110.310546875,0.002596548020576517,6.607142705765981e-05,0.0,30.0,0.48072907639943663,0.49392714746588706,0.4675310053329862
2019-10-04,25821.029296875,-0.011079196070098885,6.567460203927661e-05,0.0,30.0,0.5830940338599753,0.6765029007853468,0.4896851669346036
2019-10-08,25893.400390625,0.0028027966243298064,6.567460203927661e-05,0.0,30.0,0.5423553026713802,0.5748258469011704,0.50988475844159
2019-10-09,25682.810546875,-0.0081329543657096,6.460317543574742e-05,1.0,30.0,0.6261594257215845,0.7239959942234238,0.5283228572197451
2019-10-10,25707.9296875,0.000978052638715532,6.480158794493902e-05,1.0,30.0,0.5868851283919827,0.6274167382899006,0.5463535184940649
2019-10-11,26308.439453125,0.023358931385166537,6.440476292655581e-05,1.0,30.0,0.39249010203592904,0.2726891800785421,0.5122910239933159
2019-10-14,26521.849609375,0.008111851583984864,6.420635041736421e-05,1.0,30.0,0.3751483578627456,0.2297161113630536,0.5205806043624376
2019-10-15,26503.9296875,-0.0006756663708954447,6.420635041736421e-05,1.0,30.0,0.3650324964856565,0.21493868363304655,0.5151263093382664
2019-10-16,26664.279296875,0.006050031495919095,6.408730196574378e-05,1.0,30.0,0.3466812710818711,0.18028471467391027,0.5130778274898319
2019-10-17,26848.490234375,0.006908528651722756,6.448412698412699e-05,1.0,30.0,0.3065008382989743,0.19126627685947037,0.42173539973847823
2019-10-18,26719.580078125,-0.0048013931183717995,6.448412698412699e-05,1.0,30.0,0.3504285585047106,0.17033359267888679,0.5305235243305344
2019-10-21,26725.6796875,0.0002282823815780155,6.448412698412699e-05,0.0,30.0,0.31766923872666786,0.19391817445264148,0.44142030300069424
2019-10-22,26786.19921875,0.002264471173704319,6.408730196574378e-05,0.0,30.0,0.31886283857442593,0.2079792224036269,0.429746454745225
2019-10-23,26566.73046875,-0.008193351666195836,6.408730196574378e-05,0.0,30.0,0.336034282242924,0.23869200286378955,0.4333765616220584
2019-10-24,26797.94921875,0.008703319750692717,6.440476292655581e-05,0.0,30.0,0.30624560716102744,0.18084907495989955,0.4316421393621553
2019-10-25,26667.390625,-0.004871962129798013,6.448412698412699e-05,0.0,30.0,0.2960289802158563,0.18851059843737383,0.4035473619943387
2019-10-28,26891.259765625,0.008394864865973295,6.369047694736057e-05,0.0,30.0,0.28786856961785035,0.17894611773186792,0.3967910215038327
2019-10-29,26786.759765625,-0.0038860209938391677,6.329365192897736e-05,0.0,30.0,0.355758359089684,0.19753656034647582,0.5139801578328922
2019-10-30,26667.7109375,-0.004444316116119951,6.329365192897736e-05,0.0,30.0,0.39949896861619805,0.2825919975233812,0.5164059397090148
2019-10-31,26906.720703125,0.008962515237440405,5.944444546623834e-05,0.0,30.0,0.34389367577495833,0.17481138427966392,0.5129759672702527
2019-11-01,27100.759765625,0.007211546313685924,5.8928571996234715e-05,0.0,30.0,0.32559187735426387,0.1436176717955542,0.5075660829129736
2019-11-04,27547.30078125,0.01647706630687895,5.9642857975429956e-05,0.0,30.0,0.34231713064499064,0.18906771756698595,0.49556654372299536
2019-11-05,27683.400390625,0.0049405787687060165,6.023809550300477e-05,0.0,30.0,0.2974486803310432,0.22015177247084514,0.37474558819124126
2019-11-06,27688.640625,0.00018929157188263268,6.011904705138434e-05,0.0,30.0,0.261870983841739,0.1646613645273352,0.3590806031561429
2019-11-07,27847.23046875,0.0057276139301258855,6.023809550300477e-05,0.0,30.0,0.2705812358126314,0.19091430280553315,0.35024816881972964
2019-11-08,27651.140625,-0.007041628213981688,5.992063454219273e-05,0.0,30.0,0.2214351181127191,0.09441022660749156,0.34846000961794665
2019-11-11,26926.55078125,-0.026204699964343714,6.0039682993813164e-05,0.0,30.0,0.3326291864199209,0.2301952005714911,0.4350631722683507
2019-11-12,27065.279296875,0.005152108665978927,6.0833333030579586e-05,0.0,30.0,0.27064994462656106,0.17208226296664866,0.3692176262864734
2019-11-13,26571.4609375,-0.018245455883103223,6.0912697088150755e-05,0.0,30.0,0.38740537269851716,0.35887275586112155,0.41593798953591277
2019-11-14,26323.689453125,-0.009324721924691914,6.063492052138797e-05,0.0,30.0,0.4285192370080698,0.4485986679841892,0.4084398060319505
2019-11-15,26326.66015625,0.00011285284041551158,6.063492052138797e-05,0.0,30.0,0.4387555853218452,0.4688146232426908,0.4086965474009996
2019-11-18,26681.08984375,0.013462766845336427,6.043650801219637e-05,0.0,30.0,0.3207551861579985,0.26036611351401,0.3811442588019869
2019-11-19,27093.80078125,0.01546829383345738,6.051587206976755e-05,0.0,30.0,0.2638159175467859,0.1250908347985427,0.40254100029502915
2019-11-20,26889.609375,-0.007536462229814189,6.031745956057594e-05,0.0,30.0,0.28379890316793116,0.16796984500177423,0.39962796133408807
2019-11-21,26466.880859375,-0.015720887192136823,6.071428457895915e-05,0.0,30.0,0.3639716130901669,0.3286208239151418,0.399322402265192
2019-11-22,26595.080078125,0.004843759996924213,6.123015804896279e-05,0.0,30.0,0.33241842331913934,0.26307896890379323,0.40175787773448546
2019-11-25,26993.0390625,0.014963631739628669,6.130952210653396e-05,0.0,30.0,0.2641842554003033,0.12765349972898707,0.40071501107161955
2019-11-26,26913.919921875,-0.002931094214393859,6.210317687382774e-05,0.0,30.0,0.28483716039583085,0.1674418041550591,0.40223251663660253
2019-11-27,26954.0,0.0014891951169262452,6.210317687382774e-05,0.0,30.0,0.26061776929733715,0.1196159821352316,0.4016195564594427
2019-11-28,26893.73046875,-0.002236014367069772,6.210317687382774e-05,0.0,30.0,0.26423191846435307,0.1296279551228071,0.398835881805899
2019-11-29,26346.490234375,-0.020348245663088016,6.111110959734234e-05,0.0,30.0,0.41861586080842617,0.4385869658840058,0.3986447557328465
2019-12-02,26444.720703125,0.003728408143785167,6.1031745539771194e-05,0.0,30.0,0.391035166307369,0.38647798198237465,0.3955923506323633
2019-12-03,26391.30078125,-0.0020200599762313365,6.1031745539771194e-05,0.0,30.0,0.3632388180046645,0.33449345802792535,0.3919841779814037
2019-12-04,26062.560546875,-0.01245638618194056,5.944444546623834e-05,0.0,30.0,0.43324226411686695,0.4777020094069782,0.38878251882675574
2019-12-05,26217.0390625,0.005927219443659926,5.924603295704674e-05,0.0,30.0,0.39239679032603114,0.3986738301539828,0.38611975049807956
2019-12-06,26498.369140625,0.010730810502830757,5.873015948704311e-05,0.0,30.0,0.3045490957989817,0.23076089773607333,0.3783372938618901
2019-12-09,26494.73046875,-0.0001373168233747002,5.944444546623834e-05,0.0,30.0,0.3013686725335392,0.23117973404085537,0.3715576110262231
2019-12-10,26436.619140625,-0.002193316448096727,6.011904705138434e-05,0.0,30.0,0.30572867136130577,0.24754569750058117,0.36391164522203034
2019-12-11,26645.4296875,0.007898534444373162,6.031745956057594e-05,0.0,30.0,0.25167300872271275,0.14745473809351572,0.3558912793519098
2019-12-12,26994.140625,0.013087082534968042,6.071428457895915e-05,0.0,30.0,0.21746795228323865,0.08984300316422429,0.345092901402253
2019-12-13,27687.759765625,0.025695174010563537,6.043650801219637e-05,0.0,30.0,0.23544271331858668,0.14038770679378335,0.33049771984339005
2019-12-16,27508.08984375,-0.0064891462290880275,6.051587206976755e-05,0.0,30.0,0.19227837684124946,0.06945099884821053,0.3151057548342884
2019-12-17,27843.7109375,0.012200814220703071,6.071428457895915e-05,0.0,30.0,0.19811242450540945,0.11021952838716151,0.28600532062365736
2019-12-18,27884.2109375,0.0014545474951563886,6.023809550300477e-05,0.0,30.0,0.1800417912729958,0.09869711348745083,0.26138646905854074
2019-12-19,27800.490234375,-0.003002441177649029,6.0833333030579586e-05,0.0,30.0,0.1535900905849908,0.07375004484847739,0.2334301363215042
2019-12-20,27871.349609375,0.0025488534339723756,6.063492052138797e-05,0.0,30.0,0.12193838952240046,0.0757531216275278,0.16812365741727314
2019-12-23,27906.41015625,0.0012579422010912111,6.031745956057594e-05,0.0,30.0,0.11182324157470931,0.06388689905992995,0.15975958408948868
2019-12-24,27864.2109375,-0.0015121693730481,6.1031745539771194e-05,0.0,30.0,0.11701183355792859,0.05682482252525014,0.17719884459060703
2019-12-27,28225.419921875,0.012963187265025988,6.023809550300477e-05,0.0,30.0,0.12459178835268461,0.12253806763531122,0.126645509070058
2019-12-30,28319.390625,0.003329293359854324,5.9126984505426316e-05,0.0,30.0,0.10941415768483048,0.12879936750043747,0.09002894786922351
2019-12-31,28189.75,-0.0045778041878328235,5.972222203300113e-05,0.0,30.0,0.09551506674828394,0.07977768901646518,0.11125244448010273
2020-01-02,28543.51953125,0.012549580299576979,5.932539701461792e-05,0.0,30.0,0.12559084933631529,0.14730059033313245,0.10388110833949811
2020-01-03,28451.5,-0.003223832686409134,5.845238292028033e-05,0.0,30.0,0.11749317554632373,0.09317958142937596,0.1418067696632715
2020-01-06,28226.189453125,-0.007919109603184316,5.904762044785515e-05,0.0,30.0,0.08668014106313558,0.03836386945675202,0.13499641266951914
2020-01-07,28322.060546875,0.003396529804676973,5.9523809523809524e-05,0.0,30.0,0.08595012735653781,0.043835079217440995,0.12806517549563465
2020-01-08,28087.919921875,-0.008267075928761636,5.924603295704674e-05,0.0,30.0,0.07643215279778451,0.03180947739195399,0.12105482820361502
2020-01-09,28561.0,0.016842830634694383,5.9523809523809524e-05,0.0,30.0,0.08828265047829965,0.06957590658205562,0.10698939437454369
2020-01-10,28638.19921875,0.002702959236371205,5.944444546623834e-05,0.0,30.0,0.09351567321298435,0.09500944589555856,0.09202190053041015
2020-01-13,28954.939453125,0.011060061142658117,5.992063454219273e-05,0.0,30.0,0.11137908615653,0.14907953403812566,0.07367863827493436
2020-01-14,28885.140625,-0.002410601764096132,6.071428457895915e-05,0.0,30.0,0.08319532275180519,0.10645541362889556,0.059935231874714834
2020-01-15,28773.58984375,-0.0038618742660180283,5.984127048462156e-05,0.0,30.0,0.06291660055069932,0.07772331926305123,0.04810988183834741
2020-01-16,28883.0390625,0.003803808261129138,6.023809550300477e-05,0.0,30.0,0.06498537286595327,0.09107055924476797,0.038900186487138555
2020-01-17,29056.419921875,0.006002860675423438,6.043650801219637e-05,0.0,30.0,0.07723906535863095,0.12502015029032287,0.029457980426939034
2020-01-20,28795.91015625,-0.008965652558898918,6.043650801219637e-05,0.0,30.0,0.03262425442485198,0.04383530768768013,0.02141320116202383
2020-01-21,27985.330078125,-0.028149139017544456,5.9642857975429956e-05,0.0,30.0,0.22668343229871765,0.24288419166835706,0.21048267292907824
2020-01-22,28341.0390625,0.012710551684828708,6.0039682993813164e-05,0.0,30.0,0.17635027556245517,0.10555026520203988,0.24715028592287047
2020-01-23,27909.119140625,-0.015240087737167785,6.011904705138434e-05,0.0,30.0,0.22085490046426137,0.22949096958456003,0.2122188313439627
2020-01-24,27949.640625,0.0014519083949164902,5.9126984505426316e-05,0.0,30.0,0.19813302188033655,0.18828320610636867,0.20798283765430445
2020-01-29,27160.630859375,-0.028229692689474395,6.031745956057594e-05,0.0,30.0,0.40573948082612465,0.4806064585143285,0.3308725031379209
2020-01-30,26449.130859375,-0.026196004197539202,6.063492052138797e-05,0.0,30.0,0.5354710931238341,0.6317569000470672,0.439185286200601
2020-01-31,26312.630859375,-0.005160850113591464,5.992063454219273e-05,0.0,30.0,0.5473107300645277,0.6589491115366581,0.4356723485923971
2020-02-03,26356.98046875,0.0016854874608327464,6.023809550300477e-05,0.0,30.0,0.5339431021375769,0.6481398627740813,0.41974634150107254
2020-02-04,26675.98046875,0.012103055597670664,6.1031745539771194e-05,0.0,30.0,0.5232792015629367,0.5582706460452854,0.4882877570805881
2020-02-05,26786.740234375,0.0041520410376201244,6.031745956057594e-05,0.0,30.0,0.4816325210798976,0.43245032427590624,0.530814717883889
2020-02-06,27493.69921875,0.026392124543312967,6.071428457895915e-05,0.0,30.0,0.44178346086199777,0.24335432887459074,0.6402125928494048
2020-02-07,27404.26953125,-0.0032527339005371525,6.023809550300477e-05,0.0,30.0,0.3944491173182041,0.21354967469696445,0.5753485599394437
2020-02-10,27241.33984375,-0.005945412531948913,6.031745956057594e-05,0.0,30.0,0.3868410791577234,0.24117082835603995,0.5325113299594069
2020-02-11,27583.880859375,0.012574308664321743,6.1031745539771194e-05,0.0,30.0,0.3801613481559801,0.1707496380249005,0.5895730582870597
2020-02-12,27823.66015625,0.008692732472903808,6.0912697088150755e-05,0.0,30.0,0.26365246772065376,0.1786107498128907,0.34869418562841686
2020-02-13,27730.0,-0.003366205442563275,6.130952210653396e-05,0.0,30.0,0.0665198742895699,0.11869411742166303,0.01434563115747677
2020-02-14,27815.599609375,0.0030868953975837776,6.0912697088150755e-05,0.0,30.0,0.06704433811210675,0.1340886762242135,0.0
2020-02-17,27959.599609375,0.005176951136133923,6.0912697088150755e-05,0.0,30.0,0.07702357586821183,0.15404715173642367,0.0
2020-02-18,27530.19921875,-0.015357887688814409,6.0912697088150755e-05,0.0,30.0,0.13480864214839133,0.1902435827141429,0.07937370158263977
2020-02-19,27655.810546875,0.004562674142926326,6.123015804896279e-05,0.0,30.0,0.1291953308733694,0.1752291892415504,0.08316147250518839
2020-02-20,27609.16015625,-0.0016868205886040322,6.1031745539771194e-05,0.0,30.0,0.0669557167789046,0.1339114335578092,0.0
2020-02-21,27308.810546875,-0.010878621721023607,6.023809550300477e-05,0.0,30.0,0.12709544796698344,0.2541908959339669,0.0
2020-02-24,26820.880859375,-0.017867116059942623,5.9642857975429956e-05,0.0,30.0,0.29920650321600384,0.5820554036900751,0.016357602741932577
2020-02-25,26893.23046875,0.002697510561056493,5.9126984505426316e-05,0.0,30.0,0.20248103208108006,0.40496206416216013,0.0
2020-02-26,26696.490234375,-0.007315604371278983,5.865079542947194e-05,0.0,30.0,0.2569071022171224,0.5138142044342447,0.0
2020-02-27,26778.619140625,0.003076393395872179,5.535714210025848e-05,0.0,30.0,0.17632731949661307,0.35265463899322613,0.0
2020-02-28,26129.9296875,-0.024224156209044168,4.880952456640819e-05,0.0,30.0,0.35509178993442314,0.6737802853928003,0.036403294476045914
2020-03-02,26291.6796875,0.006190219489085713,4.503968216124035e-05,0.0,30.0,0.2904464484319388,0.5335382754742444,0.047354621389633166
2020-03-03,26284.8203125,-0.00026089527491324205,3.642857074737549e-05,0.0,30.0,0.32475050377305326,0.6368979004117397,0.012603107134366827
2020-03-04,26222.0703125,-0.002387309452907216,2.6785714758767023e-05,0.0,30.0,0.33906354726253923,0.6781270945250785,0.0
2020-03-05,26767.869140625,0.0208144826712946,2.3611112246437678e-05,0.0,30.0,0.2779081044745033,0.31932170643543734,0.23649450251356927
2020-03-06,26146.669921875,-0.023206898370824014,1.6468253637117052e-05,0.0,30.0,0.5349806437972319,0.714809163818954,0.35515212377550975
2020-03-09,25040.4609375,-0.04230783452272502,1.3095238615596102e-05,0.0,30.0,0.7660818744819458,0.8179682325607011,0.7141955164031905
2020-03-10,25392.509765625,0.014059199189811133,1.547618990852719e-05,0.0,30.0,0.8224335436736574,0.8456577999680263,0.7992092873792885
2020-03-11,25231.609375,-0.0063365296345310185,1.4603174631557765e-05,1.0,30.0,0.8369955028181861,0.8754311804114918,0.7985598252248803
2020-03-12,24309.0703125,-0.036562830725101136,1.0833333409021768e-05,1.0,30.0,0.8973881741596375,0.8199361895505219,0.974840158768753
2020-03-13,24032.91015625,-0.011360375065762818,9.642857171240305e-06,1.0,30.0,0.8502590701325324,0.7792456774863241,0.9212724627787408
2020-03-16,23063.5703125,-0.040333852098969114,7.3412699358803885e-06,1.0,30.0,0.8697781606254666,0.7395563212509333,1.0
2020-03-17,23263.73046875,0.008678628396988408,6.547619307798051e-06,1.0,30.0,0.8949945025376396,0.7899890050752792,1.0
2020-03-18,22291.8203125,-0.04177791509214568,1.1904762008242064e-07,1.0,30.0,0.8714809608736818,0.7429619217473635,1.0
2020-03-19,21709.130859375,-0.026139159788501454,-1.1111111454074327e-06,1.0,30.0,0.8314373397635961,0.7180576549109098,0.9448170246162824
2020-03-20,22805.0703125,0.050482880232477045,-1.309523802428016e-06,1.0,30.0,0.9072987304652008,0.8145974609304016,1.0
2020-03-23,21696.130859375,-0.04862688156313921,-1.5873015518226308e-06,1.0,30.0,0.8775388357356768,0.7550776714713535,1.0
2020-03-24,22663.490234375,0.044586722917095534,-1.309523802428016e-06,1.0,30.0,0.9216735611349027,0.8433471222698055,1.0
2020-03-25,23527.189453125,0.03810971786860873,-2.777777789604095e-06,1.0,30.0,0.9194489462282796,0.8388978924565592,1.0
2020-03-26,23352.33984375,-0.007431810319858512,-4.166666536577163e-06,1.0,30.0,0.932131116684696,0.8642622333693919,1.0
2020-03-27,23484.279296875,0.005649945744529372,-2.3015872353599167e-06,1.0,30.0,0.9420041197052798,0.8840082394105596,1.0
2020-03-30,23175.109375,-0.01316497380935766,5.158730265167024e-07,1.0,30.0,0.9514121443082706,0.9028242886165412,1.0
2020-03-31,23603.48046875,0.01848410235388598,1.1904761638669722e-06,1.0,30.0,0.9234570934882043,0.8469141869764086,1.0
2020-04-01,23085.7890625,-0.021932841935552783,2.5000000402094805e-06,1.0,30.0,0.9522030799634416,0.9044061599268831,1.0
2020-04-02,23280.060546875,0.00841519793189871,2.5793649847545313e-06,1.0,30.0,0.9245769934135267,0.8491539868270535,1.0
2020-04-03,23236.109375,-0.001887932026057415,2.3015872353599167e-06,1.0,30.0,0.9021625777583018,0.8043251555166034,1.0
2020-04-06,23749.119140625,0.02207812664959108,2.3809523277339444e-06,1.0,30.0,0.8483005190735513,0.6966010381471027,1.0
2020-04-07,24253.2890625,0.021228994595112072,5.0793653206219725e-06,1.0,30.0,0.6388582482288475,0.5505176706923492,0.7271988257653458
2020-04-08,23970.369140625,-0.011665218731608862,7.3412699358803885e-06,1.0,30.0,0.5983481439784935,0.668656005123725,0.528040282833262
2020-04-09,24300.330078125,0.013765367381880722,8.333333073154326e-06,1.0,30.0,0.5424152367634606,0.547245963022305,0.5375845105046162
2020-04-14,24435.400390625,0.0055583735721183025,6.547619307798051e-06,1.0,30.0,0.5234770248535274,0.5011439656200576,0.5458100840869973
2020-04-15,24145.33984375,-0.011870505178473989,4.563492146276289e-06,1.0,30.0,0.6025948954308966,0.648980218540906,0.5562095723208871
2020-04-16,24006.44921875,-0.0057522745962075295,4.365079341426725e-06,1.0,30.0,0.6430681585606106,0.7167190791693621,0.5694172379518592
2020-04-17,24380.0,0.015560434525162536,4.0873015920321115e-06,1.0,30.0,0.6007952862866397,0.6202216584106583,0.581368914162621
2020-04-20,24330.01953125,-0.0020500602440525206,2.777777789604095e-06,1.0,30.0,0.6490796156916938,0.6991641276459356,0.5989951037374519
2020-04-21,23793.55078125,-0.022049663762536142,3.888888787182548e-06,1.0,30.0,0.769653030345115,0.919832856625701,0.619473204064529
2020-04-22,23893.359375,0.004194775074456425,3.6904762779909446e-06,1.0,30.0,0.7305483876859704,0.8229487589083898,0.6381480164635511
2020-04-23,23977.3203125,0.003513986299802152,3.6904762779909446e-06,1.0,30.0,0.6932193357040513,0.7270892496168226,0.6593494217912799
2020-04-24,23831.330078125,-0.006088680155759141,3.96825402738556e-06,1.0,30.0,0.7539000244565319,0.8232038727055646,0.6845961762074992
2020-04-27,24280.140625,0.018832794703597555,3.6904762779909446e-06,1.0,30.0,0.6414440171934381,0.576237690341471,0.7066503440454053
2020-04-28,24575.9609375,0.012183632585530013,3.3730159084948255e-06,1.0,30.0,0.5770761402546057,0.4267327374903636,0.7274195430188479
2020-04-29,24643.58984375,0.002751831613908795,3.571428713344389e-06,1.0,30.0,0.5742443011327294,0.39984722704770304,0.7486413752177556
2020-05-04,23613.80078125,-0.04178729921368052,3.571428713344389e-06,1.0,30.0,0.7906385551637065,0.8082061255682387,0.7730709847591744
2020-05-05,23868.66015625,0.010792814649404736,4.365079341426725e-06,1.0,30.0,0.7449184638535103,0.6929705854418196,0.7968663422652011
2020-05-06,24137.48046875,0.011262480203758196,4.285714396881679e-06,1.0,30.0,0.6876655778711218,0.5569038090445049,0.8184273466977388
2020-05-07,23980.630859375,-0.006498176542413692,3.7698412225359962e-06,1.0,30.0,0.7511802607192085,0.6637970290260184,0.8385634924123986
2020-05-08,24230.169921875,0.010405858960230274,3.7698412225359962e-06,1.0,30.0,0.6916528676348781,0.5303127280586425,0.8529930072111136
2020-05-11,24602.060546875,0.015348246677554522,4.166666536577163e-06,1.0,30.0,0.6481301880895172,0.43132438639583,0.8649359897832043
2020-05-12,24245.6796875,-0.014485813442169926,4.880952515772409e-06,1.0,30.0,0.7252187063007929,0.5719977225576907,0.8784396900438951
2020-05-13,24180.30078125,-0.002696517775235052,4.563492146276289e-06,1.0,30.0,0.7674681878364616,0.6419383807431893,0.892997994929734
2020-05-14,23829.740234375,-0.014497774450631828,4.166666536577163e-06,1.0,30.0,0.8818812866321781,0.859694025174263,0.9040685480900934
2020-05-15,23797.470703125,-0.0013541705000816862,4.0873015920321115e-06,1.0,30.0,0.9046794428896263,0.8926271103020751,0.9167317754771775
2020-05-18,23934.76953125,0.005769471463493492,4.166666536577163e-06,1.0,30.0,0.8416824729517454,0.754535499457153,0.9288294464463376
2020-05-19,24388.130859375,0.018941537228218452,4.682539710922846e-06,1.0,30.0,0.7284701294078251,0.5191289334874795,0.9378113253281706
2020-05-20,24399.94921875,0.00048459471712480884,4.682539710922846e-06,1.0,30.0,0.7110301205796021,0.47097463240326826,0.9510856087559361
2020-05-21,24280.029296875,-0.004914761125111244,4.365079341426725e-06,1.0,30.0,0.7810198826506414,0.6005714863971711,0.9614682789041118
2020-05-22,22930.140625,-0.055596665694663705,4.365079341426725e-06,1.0,30.0,0.9229654186020473,0.8747638276373433,0.9711670095667513
2020-05-25,22952.240234375,0.0009637799321171592,4.365079341426725e-06,1.0,30.0,0.9284977989862495,0.8716363868267591,0.9853592111457399
2020-05-26,23384.66015625,0.018839987620353327,4.682539710922846e-06,1.0,30.0,0.9034343595189493,0.8102330582669106,0.9966356607709881
2020-05-27,23301.359375,-0.0035621976412488765,5.357143070016588e-06,1.0,30.0,0.9446294775025366,0.8892589550050731,1.0
2020-05-28,23132.759765625,-0.00723561259502703,5.476190339005182e-06,1.0,30.0,0.960518288507363,0.921036577014726,1.0
2020-05-29,22961.470703125,-0.007404609922700756,5.0793653206219725e-06,1.0,30.0,0.9422614645816236,0.8875859863193116,0.9969369428439356
2020-06-01,23732.51953125,0.0335801150585735,5.0793653206219725e-06,1.0,30.0,0.901530943585191,0.8030618871703822,1.0
2020-06-02,23995.939453125,0.011099534608120187,5.753968088399794e-06,1.0,30.0,0.8071819896659458,0.6143639793318915,1.0
2020-06-03,24325.619140625,0.013738978136030644,5.87301594870431e-06,1.0,30.0,0.7269221535832333,0.4538443071664667,1.0
2020-06-04,24366.30078125,0.001672378424977472,5.55555557920819e-06,1.0,30.0,0.710630633775286,0.421261267550572,1.0
2020-06-05,24770.41015625,0.01658476510767537,5.753968088399794e-06,1.0,30.0,0.6189434807063801,0.341741269711893,0.896145691700867
2020-06-08,24776.76953125,0.0002567327290863286,6.071428457895913e-06,1.0,30.0,0.6063849361926271,0.33788870353341216,0.8748811688518421
2020-06-09,25057.220703125,0.011319117753477714,6.547619307798051e-06,1.0,30.0,0.5898478339046422,0.32129414074807444,0.85840152706121
2020-06-10,25049.73046875,-0.0002989251866255538,6.547619307798051e-06,1.0,30.0,0.5361106284977006,0.30077615665346485,0.7714451003419365
2020-06-11,24480.150390625,-0.022737972324115896,6.071428457895913e-06,1.0,30.0,0.6569634688637156,0.48609573583202753,0.8278312018954037
2020-06-12,24301.380859375,-0.00730263206709969,5.952381188907317e-06,0.0,30.0,0.681886448670616,0.5497356019841969,0.8140372953570352
2020-06-15,23776.94921875,-0.02158032268453114,6.150793698098924e-06,0.0,30.0,0.8177810068559839,0.8280877196568285,0.8074742940551394
2020-06-16,24344.08984375,0.02385253969221446,6.3492062072905275e-06,0.0,30.0,0.7055457377597858,0.6177076060929313,0.7933838694266404
2020-06-17,24481.41015625,0.005640807004138493,6.547619307798051e-06,0.0,30.0,0.6317320701207995,0.4833120503116504,0.7801520899299486
2020-06-18,24464.939453125,-0.0006727840847352562,5.55555557920819e-06,0.0,30.0,0.6284747077524895,0.49018167355917036,0.7667677419458085
2020-06-19,24643.890625,0.0073145969650925124,5.674603439512706e-06,0.0,30.0,0.5563600809812378,0.3561411058747394,0.7565790560877361
2020-06-22,24511.33984375,-0.005378646710740287,5.55555557920819e-06,0.0,30.0,0.5896039218990584,0.4274465455091881,0.7517612982889288
2020-06-23,24907.33984375,0.01615578758747338,5.55555557920819e-06,0.0,30.0,0.5153590538894204,0.2887950581335397,0.7419230496453011
2020-06-24,24781.580078125,-0.005049104658061521,5.357143070016588e-06,0.0,30.0,0.538774425101666,0.3414534654154115,0.7360953847879204
2020-06-26,24549.990234375,-0.009345241224324785,5.277777829813576e-06,0.0,30.0,0.6376780325841263,0.5443656374429594,0.7309904277252932
2020-06-29,24301.279296875,-0.010130795781407409,4.96031746031746e-06,0.0,30.0,0.7244593214052877,0.7238984981501068,0.7250201446604687
2020-06-30,24427.189453125,0.005181215141467632,5.357143070016588e-06,0.0,30.0,0.6499411481160242,0.5832828400151243,0.7165994562169242
2020-07-02,25124.189453125,0.028533777958267503,5.277777829813576e-06,0.0,30.0,0.47417428121967753,0.241568522142942,0.7067800402964131
2020-07-03,25373.119140625,0.009907968890476404,5.277777829813576e-06,0.0,30.0,0.437031098600376,0.2262309297848271,0.6478312674159249
2020-07-06,26339.16015625,0.038073403993845956,5.0793653206219725e-06,0.0,30.0,0.4716775094775255,0.27266504728379437,0.6706899716712567
2020-07-07,25975.66015625,-0.013800743753545452,5.55555557920819e-06,0.0,30.0,0.4330078308756661,0.21217534545742153,0.6538403162939106
2020-07-08,26129.1796875,0.0059101301112864935,5.357143070016588e-06,0.0,30.0,0.4237286368943892,0.21870842422836628,0.6287488495604121
2020-07-09,26210.16015625,0.003099235020712854,4.880952515772409e-06,0.0,30.0,0.41860954799454275,0.2310899234632255,0.60612917252586
2020-07-10,25727.41015625,-0.01841842999516674,4.761904655467893e-06,0.0,30.0,0.47241230858240685,0.23440352113092075,0.7104210960338929
2020-07-13,25772.119140625,0.001737795763486094,4.96031746031746e-06,0.0,30.0,0.4645707279697242,0.2680828767233368,0.6610585792161116
2020-07-14,25477.890625,-0.011416543359106357,5.277777829813576e-06,0.0,30.0,0.47874778848357175,0.2854031437358652,0.6720924332312783
2020-07-15,25481.580078125,0.00014480999150601193,4.96031746031746e-06,0.0,30.0,0.4887662837309662,0.30006297897976847,0.6774695884821639
2020-07-16,24970.689453125,-0.020049409158837128,4.0873015920321115e-06,0.0,30.0,0.5527684834496279,0.4897118274630244,0.6158251394362315
2020-07-17,25089.169921875,0.004744781635781958,4.166666536577163e-06,0.0,30.0,0.517653874377228,0.44317588712559725,0.5921318616288588
2020-07-20,25057.990234375,-0.0012427548458993076,4.166666536577163e-06,0.0,30.0,0.4840223879420586,0.4500796488847859,0.5179651269993313
2020-07-21,25635.66015625,0.023053322172763124,4.365079341426725e-06,0.0,30.0,0.37302907718598055,0.2409506617428368,0.5051074926291244
2020-07-22,25057.939453125,-0.02253582313089575,3.96825402738556e-06,0.0,30.0,0.5016748373499347,0.5039624155285606,0.4993872591713089
2020-07-23,25263.0,0.008183456076210849,4.0873015920321115e-06,0.0,30.0,0.42574459711078094,0.36246965778438994,0.4890195364371719
2020-07-24,24705.330078125,-0.02207457237362942,3.888888787182548e-06,0.0,30.0,0.5675105177484316,0.653192717381061,0.4818283181158023
2020-07-27,24603.259765625,-0.00413150976640364,3.6904762779909446e-06,0.0,30.0,0.5927956169218376,0.7134060351017429,0.4721851987419323
2020-07-28,24772.759765625,0.00688933099169331,4.0873015920321115e-06,0.0,30.0,0.5412558206095563,0.6207396777842101,0.4617719634349027
2020-07-29,24883.140625,0.004455735268065197,3.571428713344389e-06,0.0,30.0,0.47363652435446624,0.49559272404393434,0.4516803246649981
2020-07-30,24710.58984375,-0.006934445448443016,3.3730159084948255e-06,0.0,30.0,0.5432041951520918,0.6394298255939739,0.4469785647102098
2020-07-31,24595.349609375,-0.004663597069260117,3.2936506682918174e-06,0.0,30.0,0.5766161524957967,0.7101621783502905,0.44307012664130285
2020-08-03,24458.130859375,-0.0055790526330918855,3.0952381591002142e-06,0.0,30.0,0.5980527831745017,0.7582907530487976,0.4378148133002058
2020-08-04,24946.630859375,0.01997290810195973,3.571428713344389e-06,0.0,30.0,0.4763456023040238,0.535089171438297,0.41760203316975053
2020-08-05,25102.5390625,0.006249669705054028,3.7698412225359962e-06,0.0,30.0,0.3742880516363881,0.35189360933318103,0.3966824939395952
2020-08-06,24930.580078125,-0.006850262594825907,3.492063473141381e-06,0.0,30.0,0.43157560454621224,0.4829279125318245,0.38022329656060005
2020-08-07,24531.619140625,-0.016002874231156095,3.492063473141381e-06,0.0,30.0,0.5473343364428679,0.7294023262524718,0.36526634663326396
2020-08-10,24377.4296875,-0.006285335356020494,3.492063473141381e-06,0.0,30.0,0.5649463879577177,0.7797246853090222,0.3501680906064131
2020-08-11,24890.6796875,0.02105431157342963,3.96825402738556e-06,0.0,30.0,0.41817192383378343,0.505910821905833,0.33043302576173383
2020-08-12,25244.01953125,0.014195668747746026,3.96825402738556e-06,0.0,30.0,0.2751704063707485,0.23553683854204582,0.3148039741994513
2020-08-13,25230.669921875,-0.0005288226527663253,3.571428713344389e-06,0.0,30.0,0.312869591621657,0.32382722554163024,0.3019119577016838
2020-08-14,25183.009765625,-0.0018889770425271069,3.492063473141381e-06,0.0,30.0,0.3510517039126884,0.41050534002266936,0.2915980678027075
2020-08-17,25347.33984375,0.006525434396221774,3.3730159084948255e-06,0.0,30.0,0.2680025677747517,0.2551344323399797,0.2808707032095237
2020-08-18,25367.380859375,0.00079065557760849,3.96825402738556e-06,0.0,30.0,0.239896017929301,0.20688268342517172,0.2729093524334303
2020-08-19,25178.91015625,-0.007429647710569531,3.7698412225359962e-06,0.0,30.0,0.29181484150114434,0.31724187780133933,0.2663878052009494
2020-08-20,24791.390625,-0.015390639580713072,3.492063473141381e-06,0.0,30.0,0.4497109812715743,0.6346040626822922,0.26481789986085635
2020-08-21,25113.83984375,0.013006499862288301,3.492063473141381e-06,0.0,30.0,0.30833985994252966,0.3559752856395126,0.2607044342455467
2020-08-24,25551.580078125,0.017430239146959403,3.3730159084948255e-06,0.0,30.0,0.19995014741208544,0.15108253363603721,0.2488177611881337
2020-08-25,25486.220703125,-0.0025579386793365133,3.7698412225359962e-06,0.0,30.0,0.20735875875003773,0.17971573300824487,0.23500178449183062
2020-08-26,25491.7890625,0.00021848509592148346,3.6904762779909446e-06,0.0,30.0,0.1774253417918071,0.13822043808585666,0.21663024549775756
2020-08-27,25281.150390625,-0.008263000739515136,3.7698412225359962e-06,0.0,30.0,0.23617296370985358,0.26814450900882625,0.2042014184108809
2020-08-28,25422.060546875,0.0055737240621080986,3.7698412225359962e-06,0.0,30.0,0.18597737826341576,0.18022795918353252,0.191726797343299
2020-08-31,25177.05078125,-0.009637683191464075,3.7698412225359962e-06,0.0,30.0,0.32776428880097463,0.4745031507167785,0.18102542688517076
2020-09-01,25184.849609375,0.00030975939925448337,3.96825402738556e-06,0.0,30.0,0.24980360463606135,0.3264289934230858,0.17317821584903692
2020-09-02,25120.08984375,-0.002571377897007343,3.96825402738556e-06,0.0,30.0,0.2961237461508295,0.42786241829548194,0.16438507400617697
2020-09-03,25007.599609375,-0.004478098409468445,3.96825402738556e-06,0.0,30.0,0.3534952275382911,0.5465250621285118,0.16046539294807038
2020-09-04,24695.44921875,-0.012482221224782375,4.0873015920321115e-06,0.0,30.0,0.4215388676875311,0.6851537840322335,0.15792395134282877
2020-09-07,24589.650390625,-0.004284142685068937,4.0873015920321115e-06,0.0,30.0,0.42780280062559867,0.7014556630122274,0.15414993823896994
2020-09-08,24624.33984375,0.001410733889011473,4.285714396881679e-06,0.0,30.0,0.41541886631043123,0.6833843222208911,0.1474534103999714
2020-09-09,24468.9296875,-0.006311241529158962,4.166666536577163e-06,0.0,30.0,0.41559949660307005,0.6892997336927706,0.14189925951336946
2020-09-10,24313.5390625,-0.006350528077220363,4.0873015920321115e-06,0.0,30.0,0.4383612233882554,0.7334059681883706,0.14331647858814023
2020-09-11,24503.310546875,0.0078051773494256516,4.0873015920321115e-06,0.0,30.0,0.4106576423050301,0.6748828820471964,0.14643240256286383
2020-09-14,24640.279296875,0.005589805905531708,3.96825402738556e-06,0.0,30.0,0.3720330275383078,0.5877876193529821,0.15627843572363354
2020-09-15,24732.759765625,0.003753223234029157,3.96825402738556e-06,0.0,30.0,0.2951549235374465,0.4284672997949063,0.1618425472799867
2020-09-16,24725.630859375,-0.00028823739516159463,3.96825402738556e-06,0.0,30.0,0.3250659361600703,0.4812654794376398,0.16886639288250072
2020-09-17,24340.849609375,-0.015562039738780009,3.3730159084948255e-06,0.0,30.0,0.4695058386547829,0.7601634133721868,0.17884826393737896
2020-09-18,24455.41015625,0.004706513893864894,3.2936506682918174e-06,0.0,30.0,0.3909065224092187,0.5974772055775762,0.18433583924086117
2020-09-21,23950.689453125,-0.020638406794253217,3.1746031036452616e-06,0.0,30.0,0.5306781693631668,0.8669459606157836,0.19441037811054995
2020-09-22,23716.849609375,-0.009763386737056567,3.492063473141381e-06,0.0,30.0,0.5317395767195461,0.8601265337629629,0.20335261967612928
2020-09-23,23742.509765625,0.0010819378067759011,3.492063473141381e-06,0.0,30.0,0.5419661255112368,0.8716335094993466,0.212298741523127
2020-09-24,23311.0703125,-0.018171602639483697,3.6904762779909446e-06,0.0,30.0,0.5539130999850033,0.8874171294262166,0.22040907054379
2020-09-25,23235.419921875,-0.0032452559925759683,3.571428713344389e-06,0.0,30.0,0.5461707796027984,0.8626628362948745,0.22967872291072222
2020-09-28,23476.05078125,0.010356208761626906,3.492063473141381e-06,0.0,30.0,0.5753603201223593,0.9140744071779145,0.236646233066804
2020-09-29,23275.529296875,-0.008541533933601575,3.3730159084948255e-06,0.0,30.0,0.5634484731771898,0.8772132145461674,0.24968373180821235
2020-09-30,23459.05078125,0.007884739463245527,3.3730159084948255e-06,0.0,30.0,0.5557089983729642,0.8544873605899806,0.2569306361559476
2020-10-05,23767.779296875,0.0131603157563287,3.3730159084948255e-06,0.0,30.0,0.5023199473734102,0.7411041079306979,0.26353578681612255
2020-10-06,23980.650390625,0.008956288725635808,3.492063473141381e-06,0.0,30.0,0.43670437204989376,0.6099508393128685,0.263457904786919
2020-10-07,24242.859375,0.01093418986156891,3.492063473141381e-06,0.0,30.0,0.3211207728907909,0.3827729142952226,0.25946863148635924
2020-10-08,24193.349609375,-0.002042241175397641,3.492063473141381e-06,0.0,30.0,0.3302505051540573,0.40293515680335923,0.25756585350475536
2020-10-09,24119.130859375,-0.0030677335382794935,3.6904762779909446e-06,0.0,30.0,0.39920909364862883,0.5420508946171824,0.2563672926800753
2020-10-12,24649.6796875,0.021997012712370534,3.571428713344389e-06,0.0,30.0,0.23817415599581454,0.22604627182696416,0.25030204016466495
2020-10-14,24667.08984375,0.0007063035492029801,3.96825402738556e-06,0.0,30.0,0.2316925521275569,0.22614947151183892,0.23723563274327486
2020-10-15,24158.5390625,-0.020616569869868706,3.7698412225359962e-06,0.0,30.0,0.36906111716435525,0.5018364662048608,0.23628576812384972
2020-10-16,24386.7890625,0.009448005088780409,3.571428713344389e-06,0.0,30.0,0.24591124261583264,0.31825041028857537,0.1735720749430899
2020-10-19,24542.259765625,0.006375201865508107,3.571428713344389e-06,0.0,30.0,0.23669416964962847,0.31734825037568926,0.1560400889235677
2020-10-20,24569.5390625,0.0011115234349041714,3.7698412225359962e-06,0.0,30.0,0.20716116625851863,0.3006499680495878,0.11367236446744944
2020-10-21,24754.419921875,0.007524799667779636,3.571428713344389e-06,0.0,30.0,0.2025146004900099,0.29803496121773115,0.10699423976228865
2020-10-22,24786.130859375,0.0012810212317670988,3.3730159084948255e-06,0.0,30.0,0.19746616501478992,0.29728416043609546,0.0976481695934844
2020-10-23,24918.779296875,0.005351720212105171,3.2936506682918174e-06,0.0,30.0,0.19396040929621725,0.2975631100477002,0.09035770854473431
2020-10-27,24787.189453125,-0.005280749999118206,3.571428713344389e-06,0.0,30.0,0.18614748079598833,0.24183959718912576,0.1304553644028509
2020-10-28,24708.80078125,-0.0031624671293710716,3.571428713344389e-06,0.0,30.0,0.16608013017756906,0.19282573411953857,0.13933452623559958
2020-10-29,24586.599609375,-0.004945653694684027,3.2936506682918174e-06,0.0,30.0,0.16157831785200857,0.17870365472570152,0.14445298097831563
2020-10-30,24107.419921875,-0.019489465607813727,3.2936506682918174e-06,0.0,30.0,0.32616878615747624,0.463433177573114,0.1889043947418385
2020-11-02,24460.009765625,0.014625780979160785,3.2936506682918174e-06,0.0,30.0,0.211045739267648,0.23268771315346276,0.18940376538183323
2020-11-03,24939.73046875,0.019612449370285168,3.571428713344389e-06,0.0,30.0,0.1557695835056217,0.16363955192482524,0.14789961508641816
2020-11-04,24886.140625,-0.0021487739740070344,3.2936506682918174e-06,0.0,30.0,0.1484743869604615,0.1173113858891793,0.17963738803174373
2020-11-05,25695.919921875,0.0325393683607782,3.3730159084948255e-06,0.0,30.0,0.2893546170611269,0.16500892147140056,0.4137003126508533
2020-11-06,25712.970703125,0.0006635598687201316,3.2936506682918174e-06,0.0,30.0,0.29794961991006597,0.1810572714208409,0.41484196839929105
2020-11-09,26016.169921875,0.011791683747889525,3.492063473141381e-06,0.0,30.0,0.32007104125373426,0.2066559618166907,0.4334861206907778
2020-11-10,26301.48046875,0.010966662184778597,3.571428713344389e-06,0.0,30.0,0.326393493514553,0.2444960593195246,0.40829092770958136
2020-11-11,26226.98046875,-0.002832540171589071,3.571428713344389e-06,0.0,30.0,0.2860578887867298,0.16578458679985086,0.4063311907736087
2020-11-12,26169.380859375,-0.002196196754088109,3.3730159084948255e-06,0.0,30.0,0.25887242204940586,0.1291924855199798,0.38855235857883186
2020-11-13,26156.859375,-0.0004784784341015369,3.2936506682918174e-06,0.0,30.0,0.11943357639126526,0.09194777143408224,0.14691938134844829
2020-11-16,26381.669921875,0.008594707172294047,2.9761905944536585e-06,0.0,30.0,0.13003536936144355,0.13143404451903534,0.12863669420385174
2020-11-17,26415.08984375,0.0012667856877131012,3.1746031036452616e-06,0.0,30.0,0.09368501282219918,0.11812871887731322,0.06924130676708513
2020-11-18,26544.2890625,0.004891114113722006,2.9761905944536585e-06,0.0,30.0,0.09634877701400121,0.13585672645428584,0.05684082757371657
2020-11-19,26356.970703125,-0.007056823369198106,2.3809523277339444e-06,0.0,30.0,0.056994185320265886,0.06515711373651786,0.04883125690401391
2020-11-20,26451.5390625,0.003587982869510453,2.3015872353599167e-06,0.0,30.0,0.0531490020964941,0.07512834364833519,0.03116966054465301
2020-11-23,26486.19921875,0.0013103266380116718,2.777777789604095e-06,0.0,30.0,0.04744157525708296,0.07708027202112117,0.01780287849304475
2020-11-24,26588.19921875,0.0038510621761007613,3.1746031036452616e-06,0.0,30.0,0.04755588656117096,0.09332442592005338,0.0017873472022885476
2020-11-25,26669.75,0.0030671795625967224,3.1746031036452616e-06,0.0,30.0,0.052426803800675555,0.10485360760135111,0.0
2020-11-26,26819.44921875,0.005613071691710658,3.1746031036452616e-06,0.0,30.0,0.06393570546782355,0.1278714109356471,0.0
2020-11-27,26894.6796875,0.0028050713546123873,2.896825354250651e-06,0.0,30.0,0.06897888397826797,0.13795776795653594,0.0
2020-11-30,26341.490234375,-0.02056873179203944,2.9761905944536585e-06,0.0,30.0,0.03127766783161986,0.06255533566323972,0.0
2020-12-01,26567.6796875,0.008586813088874878,3.1746031036452616e-06,0.0,30.0,0.018691087300276743,0.037382174600553486,0.0
2020-12-02,26532.580078125,-0.0013211394366333673,2.9761905944536585e-06,0.0,30.0,0.016351246440547425,0.03270249288109485,0.0
2020-12-03,26728.5,0.007384126281654968,2.9761905944536585e-06,0.0,30.0,0.016976163049058215,0.03395232609811643,0.0
2020-12-04,26835.919921875,0.004018928180593795,2.9761905944536585e-06,0.0,30.0,0.03384822537726255,0.0676964507545251,0.0
2020-12-07,26506.849609375,-0.012262307886518942,2.777777789604095e-06,0.0,30.0,0.02960489224234235,0.0592097844846847,0.0
2020-12-08,26304.560546875,-0.007631576950150043,2.698412845059044e-06,0.0,30.0,0.036345416616955874,0.07269083323391175,0.0
2020-12-09,26502.83984375,0.007537829667280116,2.777777789604095e-06,0.0,30.0,0.024003741338339737,0.048007482676679473,0.0
2020-12-10,26410.58984375,-0.0034807590637029318,2.777777789604095e-06,0.0,30.0,0.021745512198063057,0.043491024396126114,0.0
2020-12-11,26505.869140625,0.003607617150494846,2.5793649847545313e-06,0.0,30.0,0.020042634638850518,0.040085269277701036,0.0
2020-12-14,26389.51953125,-0.004389579106337416,2.3809523277339444e-06,0.0,30.0,0.04033944698508533,0.08067889397017065,0.0
2020-12-15,26207.2890625,-0.00690541063220973,2.777777789604095e-06,0.0,30.0,0.0821257836240127,0.1642515672480254,0.0
2020-12-16,26460.2890625,0.009653802779701293,2.9761905944536585e-06,0.0,30.0,0.02860454520471335,0.0572090904094267,0.0
2020-12-17,26678.380859375,0.00824223032332938,3.1746031036452616e-06,0.0,30.0,0.009301893802271878,0.018603787604543755,0.0
2020-12-18,26498.599609375,-0.006738836623843447,3.1746031036452616e-06,0.0,30.0,0.014506544163974941,0.029013088327949882,0.0
2020-12-21,26306.6796875,-0.007242643939836757,3.0952381591002142e-06,0.0,30.0,0.049002983442198,0.098005966884396,0.0
2020-12-22,26119.25,-0.0071247945284809155,3.0952381591002142e-06,0.0,30.0,0.08982550576451129,0.17965101152902258,0.0
2020-12-23,26343.099609375,0.008570292384926903,2.9761905944536585e-06,0.0,30.0,0.024701059843061545,0.04940211968612309,0.0
2020-12-24,26386.560546875,0.0016498034834342423,2.9761905944536585e-06,0.0,30.0,0.020477397634537698,0.040954795269075396,0.0
2020-12-28,26314.630859375,-0.0027259970988723348,3.1746031036452616e-06,0.0,30.0,0.0371951558168105,0.074390311633621,0.0
2020-12-29,26568.490234375,0.009647080985350831,3.571428713344389e-06,0.0,30.0,0.013199537254630427,0.026399074509260854,0.0
2020-12-30,27147.109375,0.021778397474628397,2.777777789604095e-06,0.0,30.0,0.042904376541041477,0.08580875308208295,0.0
2020-12-31,27231.130859375,0.0030950434985308473,2.5793649847545313e-06,0.0,30.0,0.043785712728377675,0.08757142545675535,0.0
2021-01-04,27472.810546875,0.008875124898340303,2.698412845059044e-06,0.0,30.0,0.0665685644216153,0.1331371288432306,0.0
2021-01-05,27649.859375,0.006444510940113446,3.0952381591002142e-06,0.0,30.0,0.08373949235854064,0.16747898471708128,0.0
2021-01-06,27692.30078125,0.0015349592080882157,3.0952381591002142e-06,0.0,30.0,0.08814254143432702,0.17628508286865405,0.0
2021-01-07,27548.51953125,-0.005192101990216469,3.1746031036452616e-06,0.0,30.0,0.0564748169837332,0.1129496339674664,0.0
2021-01-08,27878.220703125,0.011968017791337271,3.1746031036452616e-06,0.0,30.0,0.08476617005470193,0.16953234010940385,0.0
2021-01-11,27908.220703125,0.0010761088492508009,3.1746031036452616e-06,0.0,30.0,0.0756973353309603,0.1513946706619206,0.0
2021-01-12,28276.75,0.013205044520582243,3.1746031036452616e-06,0.0,30.0,0.10713062975380157,0.21426125950760314,0.0
2021-01-13,28235.599609375,-0.001455272993713952,3.1746031036452616e-06,0.0,30.0,0.09399149038112616,0.1879829807622523,0.0
2021-01-14,28496.859375,0.009252849921354445,2.9761905944536585e-06,0.0,30.0,0.11453721325830873,0.22907442651661747,0.0
2021-01-15,28573.859375,0.002702052145000522,2.9761905944536585e-06,0.0,30.0,0.11743567268814865,0.2348713453762973,0.0
2021-01-18,28862.76953125,0.010110995244232646,2.9761905944536585e-06,0.0,30.0,0.1367312655879198,0.2734625311758396,0.0
2021-01-19,29642.279296875,0.02700744863659099,2.896825354250651e-06,0.0,30.0,0.17110075854172604,0.3422015170834521,0.0
2021-01-20,29962.470703125,0.010801848368109601,2.9761905944536585e-06,0.0,30.0,0.17912481740885858,0.35824963481771716,0.0
2021-01-21,29927.759765625,-0.0011584804819310124,2.896825354250651e-06,0.0,30.0,0.17065141698378722,0.34130283396757444,0.0
2021-01-22,29447.849609375,-0.01603561910441509,2.777777789604095e-06,0.0,30.0,0.12087135533096954,0.16555209276252367,0.07619061789941543
2021-01-25,30159.009765625,0.024149816223714815,2.777777789604095e-06,0.0,30.0,0.22093161879916468,0.22785265331454088,0.21401058428378844
2021-01-26,29391.259765625,-0.025456737670315532,2.698412845059044e-06,0.0,30.0,0.3364859310183313,0.14274606857899086,0.5302257934576717
2021-01-27,29297.529296875,-0.003189059247457826,2.3809523277339444e-06,0.0,30.0,0.32800783002966727,0.11928496121192787,0.5367306988474067
2021-01-28,28550.76953125,-0.025488830749446634,2.182539670713361e-06,0.0,30.0,0.4621852101601799,0.18841909155192824,0.7359513287684315
2021-01-29,28283.7109375,-0.00935381421007564,1.90476192131875e-06,0.0,30.0,0.5089484653844885,0.26253279350797176,0.7553641372610052
2021-02-01,28892.859375,0.0215370761936462,1.90476192131875e-06,0.0,30.0,0.5247029651918419,0.20058750292382346,0.8488184274598604
2021-02-02,29248.69921875,0.012315840364969022,1.984127013692778e-06,0.0,30.0,0.4264321293604067,0.15669327822021353,0.6961709805005999
2021-02-03,29307.4609375,0.002009036993765978,1.5873015518226308e-06,0.0,30.0,0.382257134144162,0.10703644475863991,0.6574778235296841
2021-02-04,29113.5,-0.0066181419780318995,1.1904761638669722e-06,0.0,30.0,0.3781714034194188,0.09418394562606036,0.6621588612127772
2021-02-05,29288.6796875,0.006017129081010486,9.126984144723571e-07,0.0,30.0,0.35746535677185237,0.09603472910115783,0.6188959844425469
2021-02-08,29319.470703125,0.0010512940819977779,7.936507759113135e-07,0.0,30.0,0.2756578168840257,0.13147538701702804,0.41984024675102327
2021-02-09,29476.189453125,0.005345210750455243,1.309523802428016e-06,0.0,30.0,0.15866839482246145,0.09048176233650936,0.22685502730841356
2021-02-10,30038.720703125,0.019084259547679228,1.3888888948020476e-06,0.0,30.0,0.22363356033676796,0.11493092857143042,0.33233619210210547
2021-02-11,30173.5703125,0.004489192822415111,1.3888888948020476e-06,0.0,30.0,0.062078474484760816,0.12415694896952163,0.0
2021-02-16,30746.66015625,0.01899310680886135,1.3888888948020476e-06,0.0,30.0,0.08889047349807368,0.17778094699614735,0.0
2021-02-17,31084.939453125,0.011002147718025768,1.3888888948020476e-06,0.0,30.0,0.1022529621855956,0.2045059243711912,0.0
2021-02-18,30595.26953125,-0.015752641970347203,9.126984144723571e-07,0.0,30.0,0.07524150845096121,0.13071278681091164,0.019770230091010792
2021-02-19,30644.73046875,0.001616620420666015,9.126984144723571e-07,0.0,30.0,0.07841868988709748,0.13707638594628385,0.019760993827911102
2021-02-22,30319.830078125,-0.010602161796016363,9.92063506846389e-07,0.0,30.0,0.08232081424440299,0.09488923927608633,0.06975238921271963
2021-02-23,30632.640625,0.010317028362922365,9.126984144723571e-07,0.0,30.0,0.09276809483382872,0.10827445587131364,0.07726173379634382
2021-02-24,29718.240234375,-0.02985052453750059,1.1111111454074327e-06,0.0,30.0,0.33653193203821224,0.18568732986618255,0.48737653421024196
2021-02-25,30074.169921875,0.011976809013351186,1.309523802428016e-06,0.0,30.0,0.33570496977883213,0.15597786238304262,0.5154320771746216
2021-02-26,28980.2109375,-0.03637536754021231,1.3888888948020476e-06,0.0,30.0,0.5974803084304677,0.4306550737557123,0.7643055431052231
2021-03-01,29452.5703125,0.016299376702906265,1.1111111454074327e-06,0.0,30.0,0.5692538877675276,0.29502402252089827,0.8434837530141569
2021-03-02,29095.859375,-0.012111368675643441,1.3888888948020476e-06,0.0,30.0,0.531631244570665,0.3350817378929799,0.7281807512483501
2021-03-03,29880.419921875,0.026964680326614365,1.3888888948020476e-06,0.0,30.0,0.5842904910318061,0.25197306815377774,0.9166079139098343
2021-03-04,29236.7890625,-0.02154022135759237,1.1111111454074327e-06,0.0,30.0,0.6496266017312305,0.3428749957475537,0.9563782077149074
2021-03-05,29098.2890625,-0.004737182311776,1.1111111454074327e-06,0.0,30.0,0.6300732971866267,0.31292326661755926,0.9472233277556942
2021-03-08,28540.830078125,-0.019157792514110983,1.3888888948020476e-06,0.0,30.0,0.723866698086402,0.4629275034989326,0.9848058926738715
2021-03-09,28773.23046875,0.008142734110705652,1.3888888948020476e-06,0.0,30.0,0.6592130550609578,0.34879284363962293,0.9696332664822928
2021-03-10,28907.51953125,0.004667152777504402,1.1904761638669722e-06,0.0,30.0,0.5715853219228992,0.3106235138474375,0.832547129998361
2021-03-11,29385.609375,0.016538597966981206,1.1111111454074327e-06,0.0,30.0,0.5520562133084369,0.2341681636048978,0.869944263011976
2021-03-12,28739.720703125,-0.021979761033116274,9.92063506846389e-07,0.0,30.0,0.5030450249403859,0.3433763495199477,0.6627137003608242
2021-03-15,28833.759765625,0.0032720938199575222,5.952380819334841e-07,0.0,30.0,0.4500003573005661,0.3195844332485495,0.5804162813525826
2021-03-16,29027.689453125,0.006725785644201565,3.17460332538873e-07,0.0,30.0,0.42310051704718465,0.28392505379230487,0.5622759803020645
2021-03-17,29034.119140625,0.0002215018701499094,3.17460332538873e-07,0.0,30.0,0.28927977397817367,0.277061997394671,0.3014975505616763
2021-03-18,29405.720703125,0.012798788924856641,1.1904762008242064e-07,0.0,30.0,0.24466454488522218,0.27228414150143637,0.217044948269008
2021-03-19,28990.939453125,-0.014105461117160156,1.9841269397782539e-07,0.0,30.0,0.293413551410333,0.3023088820624685,0.28451822075819744
2021-03-22,28885.33984375,-0.0036425038776595198,1.9841269397782539e-07,0.0,30.0,0.2191358105049646,0.29678822097327545,0.1414834000366538
2021-03-23,28497.380859375,-0.013430999478406425,3.9682538795565474e-07,0.0,30.0,0.29552029203255376,0.400150935872913,0.19088964819219453
2021-03-24,27918.140625,-0.02032608671068248,5.952380819334841e-07,0.0,30.0,0.4250816520914895,0.5520878767271735,0.29807542745580545
2021-03-25,27899.609375,-0.0006637709240351342,5.952380819334841e-07,0.0,30.0,0.34802550127736376,0.5600034782694503,0.1360475242852772
2021-03-26,28336.4296875,0.0156568612351764,5.952380819334841e-07,0.0,30.0,0.25993196509305816,0.38163191338920877,0.13823201679690753
2021-03-29,28338.30078125,6.603138682725884e-05,3.17460332538873e-07,0.0,30.0,0.2245375595039045,0.3193482278693091,0.1297268911384999
2021-03-30,28577.5,0.008440845504338323,5.158730265167024e-07,0.0,30.0,0.1970597923630681,0.25130008673473575,0.1428194979914004
2021-03-31,28378.349609375,-0.006968782805528817,5.158730265167024e-07,0.0,30.0,0.23932375749145862,0.32684854176653094,0.15179897321638633
2021-04-01,28938.740234375,0.01974711823322073,3.17460332538873e-07,0.0,30.0,0.2167550082537697,0.18290816703602614,0.25060184947151326
2021-04-07,28674.80078125,-0.00912062691697546,3.9682538795565474e-07,0.0,30.0,0.24087185159150498,0.270478352094059,0.21126535108895092
2021-04-08,29008.0703125,0.011622383492474686,1.9841269397782539e-07,0.0,30.0,0.21505092210884502,0.16952944398168843,0.26057240023600164
2021-04-09,28698.80078125,-0.010661499641936967,1.1904762008242064e-07,0.0,30.0,0.2435926968456916,0.25304670455162254,0.23413868913976066
2021-04-12,28453.279296875,-0.008555113025329186,3.9682538795565474e-07,0.0,30.0,0.19963140540322666,0.3168638924224221,0.08239891838403127
2021-04-13,28497.25,0.0015453650409227304,5.952380819334841e-07,0.0,30.0,0.2002502164586896,0.3212612368614649,0.07923919605591428
2021-04-14,28900.830078125,0.014162071011238009,5.952380819334841e-07,0.0,30.0,0.13971239176212744,0.21719955766593563,0.06222522585831922
2021-04-15,28793.140625,-0.003726171630153652,3.9682538795565474e-07,0.0,30.0,0.1276695984208574,0.18131108191691278,0.07402811492480203
2021-04-16,28969.7109375,0.006132374192855172,3.17460332538873e-07,0.0,30.0,0.11009695507931798,0.15740491938604273,0.06278899077259323
2021-04-19,29106.150390625,0.004709727805684905,5.952380819334841e-07,0.0,30.0,0.05758856500439881,0.0857300767305369,0.029447053278260724
2021-04-20,29135.73046875,0.0010162827350237436,5.952380819334841e-07,0.0,30.0,0.03328625528450372,0.06657251056900744,0.0
2021-04-21,28621.919921875,-0.017635066586921377,5.158730265167024e-07,0.0,30.0,0.11137171947730908,0.22274343895461815,0.0
2021-04-22,28755.33984375,0.004661459547059543,5.952380819334841e-07,0.0,30.0,0.10943552203422034,0.21887104406844068,0.0
2021-04-23,29078.75,0.0112469599736027,5.952380819334841e-07,0.0,30.0,0.10672128678176585,0.2134425735635317,0.0
2021-04-26,28952.830078125,-0.00433030724756045,3.17460332538873e-07,0.0,30.0,0.04755597116195046,0.09511194232390092,0.0
2021-04-27,28941.5390625,-0.00038997968746168343,3.9682538795565474e-07,0.0,30.0,0.04380859213563782,0.08761718427127564,0.0
2021-04-28,29071.33984375,0.004484930154187383,3.17460332538873e-07,0.0,30.0,0.04067948186703661,0.08135896373407323,0.0
2021-04-29,29303.259765625,0.007977613798383576,3.17460332538873e-07,0.0,30.0,0.030302010055218705,0.06060402011043741,0.0
2021-04-30,28724.880859375,-0.01973769849757412,1.1904762008242064e-07,0.0,30.0,0.11024721809865658,0.20817391280590117,0.012320523391411995
2021-05-03,28357.5390625,-0.012788279215964482,1.9841269397782539e-07,0.0,30.0,0.1855079226047939,0.3203755015999942,0.05064034360959365
2021-05-04,28557.140625,0.00703874768752244,3.9682538795565474e-07,0.0,30.0,0.15305111649672745,0.22175873118069012,0.0843435018127648
2021-05-05,28417.98046875,-0.004873042370641789,3.17460332538873e-07,0.0,30.0,0.12985605845039264,0.2597121169007853,0.0
2021-05-06,28637.4609375,0.00772329578420794,3.17460332538873e-07,0.0,30.0,0.09781640576493782,0.19563281152987563,0.0
2021-05-07,28610.650390625,-0.0009362054455006596,3.17460332538873e-07,0.0,30.0,0.0999283461745352,0.1998566923490704,0.0
2021-05-10,28595.66015625,-0.0005239389587561316,1.9841269397782539e-07,0.0,30.0,0.12245721712062015,0.2449144342412403,0.0
2021-05-11,28013.810546875,-0.020347479519469247,3.9682538795565474e-07,0.0,30.0,0.2955695094099518,0.5262377331895934,0.06490128563031021
2021-05-12,28231.0390625,0.007754336571296427,3.9682538795565474e-07,0.0,30.0,0.2039752233945799,0.31664920002550667,0.09130124676365314
2021-05-13,27718.669921875,-0.018149142137159013,3.17460332538873e-07,0.0,30.0,0.35108465386476645,0.5904266730823657,0.11174263464716713
2021-05-14,28027.5703125,0.011144127459781883,1.9841269397782539e-07,0.0,30.0,0.24014684886001622,0.3779956964409424,0.10229800127909007
2021-05-17,28194.08984375,0.005941276014772345,1.9841269397782539e-07,0.0,30.0,0.16600359263932535,0.26189404765952423,0.07011313761912644
2021-05-18,28593.810546875,0.014177464331717404,3.9682538795565474e-07,0.0,30.0,0.15471405497715798,0.17316373724352033,0.13626437271079564
2021-05-20,28450.2890625,-0.0050193199727514015,1.1904762008242064e-07,0.0,30.0,0.15077256501829883,0.16465607865534923,0.1368890513812484
2021-05-21,28458.439453125,0.00028647830632211324,1.1904762008242064e-07,0.0,30.0,0.13574669764551658,0.16093336683874498,0.11056002845228818
2021-05-24,28412.259765625,-0.0016227062476866783,1.1904762008242064e-07,0.0,30.0,0.1397996275783344,0.16864195478640312,0.11095730037026566
2021-05-25,28910.859375,0.01754874879675139,3.9682538795565474e-07,0.0,30.0,0.1929421285211525,0.15486083263373143,0.23102342440857354
2021-05-26,29166.009765625,0.008825417028095472,1.9841269397782539e-07,0.0,30.0,0.07191668416700465,0.11822238645211132,0.025610981881898
2021-05-27,29113.19921875,-0.0018106881023279842,1.9841269397782539e-07,0.0,30.0,0.08136255281828628,0.13143910228443506,0.031286003352137486
2021-05-28,29124.41015625,0.00038508091865008254,3.17460332538873e-07,0.0,30.0,0.038818502286306865,0.07763700457261373,0.0
2021-05-31,29151.80078125,0.0009404696903061449,3.17460332538873e-07,0.0,30.0,0.04743571230633237,0.09487142461266473,0.0
2021-06-01,29468.0,0.010846644470532185,3.9682538795565474e-07,0.0,30.0,0.07062303296746995,0.1412460659349399,0.0
2021-06-02,29297.619140625,-0.005781894236968954,5.952380819334841e-07,0.0,30.0,0.04356545937248396,0.08713091874496792,0.0
2021-06-03,28966.029296875,-0.01131797918999522,5.952380819334841e-07,0.0,30.0,0.03196548352286526,0.06393096704573052,0.0
2021-06-04,28918.099609375,-0.0016546861500679189,5.952380819334841e-07,0.0,30.0,0.038103932161808296,0.07620786432361659,0.0
2021-06-07,28787.279296875,-0.004523821214641233,7.142856835372857e-07,0.0,30.0,0.05012669728276624,0.10025339456553248,0.0
2021-06-08,28781.380859375,-0.000204897358974776,7.936507759113135e-07,0.0,30.0,0.048173191691465486,0.09634638338293097,0.0
2021-06-09,28742.630859375,-0.001346356527830661,7.936507759113135e-07,0.0,30.0,0.057748188708733564,0.11549637741746713,0.0
2021-06-10,28738.880859375,-0.00013046822395446078,7.936507759113135e-07,0.0,30.0,0.07181810048174707,0.14363620096349414,0.0
2021-06-11,28842.130859375,0.003592693831928395,7.142856835372857e-07,0.0,30.0,0.059594430506495544,0.11918886101299109,0.0
2021-06-15,28638.529296875,-0.007059171997127911,7.936507759113135e-07,0.0,30.0,0.09833285590804974,0.1966657118160995,0.0
2021-06-16,28436.83984375,-0.007042591155231204,1.1111111454074327e-06,0.0,30.0,0.24627102819834437,0.49254205639668874,0.0
2021-06-17,28558.58984375,0.004281418071381049,1.1111111454074327e-06,0.0,30.0,0.16514509536060387,0.33029019072120774,0.0
2021-06-18,28801.26953125,0.00849760750890538,1.1111111454074327e-06,0.0,30.0,0.04234827843059146,0.08469655686118292,0.0
2021-06-21,28489.0,-0.010842214122234517,1.1904761638669722e-06,0.0,30.0,0.07984817002694342,0.15969634005388683,0.0
2021-06-22,28309.759765625,-0.006291559351855103,1.5079364594485992e-06,0.0,30.0,0.19580121262208308,0.39160242524416616,0.0
2021-06-23,28817.0703125,0.01791998770300407,1.5873015518226308e-06,0.0,30.0,0.0449581088111404,0.0899162176222808,0.0
2021-06-24,28882.4609375,0.002269162836155303,1.7063492642981665e-06,0.0,30.0,0.020866597951533523,0.041733195903067045,0.0
2021-06-25,29288.220703125,0.014048656259002312,1.7063492642981665e-06,0.0,30.0,0.020591673844067845,0.04118334768813569,0.0
2021-06-28,29268.30078125,-0.00068013424498925,1.5873015518226308e-06,0.0,30.0,0.015236155049019606,0.03047231009803921,0.0
2021-06-29,28994.099609375,-0.009368537446856506,1.5873015518226308e-06,0.0,30.0,0.026265479788045432,0.052530959576090865,0.0
2021-06-30,28827.94921875,-0.005730489750103374,1.5873015518226308e-06,0.0,30.0,0.09182086346320953,0.18364172692641906,0.0
2021-07-02,28310.419921875,-0.017952345237877476,1.5079364594485992e-06,0.0,30.0,0.2738853402649529,0.4361467348506053,0.11162394567930062
2021-07-05,28143.5,-0.005896059554596156,1.5079364594485992e-06,0.0,30.0,0.3425146209560144,0.6088087493239714,0.07622049258805745
2021-07-06,28072.859375,-0.002510015634160645,1.5873015518226308e-06,0.0,30.0,0.32554586967941135,0.611187856222661,0.03990388313616172
2021-07-07,27960.619140625,-0.003998176063068071,1.7063492642981665e-06,0.0,30.0,0.3175374879191783,0.6032896098181062,0.031785366020250366
2021-07-08,27153.130859375,-0.02887948500670967,1.7063492642981665e-06,0.0,30.0,0.4151031162052982,0.717443462288602,0.11276277012199445
2021-07-09,27344.5390625,0.007049213002960686,1.7063492642981665e-06,0.0,30.0,0.45281303150471836,0.7517878469134591,0.1538382160959776
2021-07-12,27515.240234375,0.006242605570524917,1.7063492642981665e-06,0.0,30.0,0.39715269474880116,0.7477209072924581,0.04658448220514425
2021-07-13,27963.41015625,0.016288061381891872,1.7857143566721944e-06,0.0,30.0,0.3700132879165099,0.508450041480073,0.23157653435294684
2021-07-14,27787.4609375,-0.0062921230910985,1.7857143566721944e-06,0.0,30.0,0.4311877520281702,0.6390624128239766,0.22331309123236384
2021-07-15,27996.26953125,0.007514489870796615,1.5079364594485992e-06,0.0,30.0,0.35519309642773017,0.44317375602684583,0.2672124368286145
2021-07-16,28004.6796875,0.0003004027461805947,1.5079364594485992e-06,0.0,30.0,0.2708878367463347,0.3716686375998473,0.17010703589282208
2021-07-19,27489.779296875,-0.018386226743911993,1.5873015518226308e-06,0.0,30.0,0.4802324765842777,0.6893604403779563,0.2711045127905991
2021-07-20,27259.25,-0.008386000279791528,1.7857143566721944e-06,0.0,30.0,0.5307348436015696,0.7779266348497482,0.2835430523533911
2021-07-21,27224.580078125,-0.0012718589790621238,1.7857143566721944e-06,0.0,30.0,0.5303513696238301,0.7769938772125271,0.2837088620351332
2021-07-22,27723.83984375,0.01833856625859065,1.7063492642981665e-06,0.0,30.0,0.3151348587130697,0.5354634285085135,0.0948062889176259
2021-07-23,27321.98046875,-0.014495083554978527,1.7857143566721944e-06,0.0,30.0,0.46860296661168804,0.756663830413811,0.1805421028095651
2021-07-26,26192.3203125,-0.04134620319863225,1.5873015518226308e-06,1.0,30.0,0.7505881812757969,0.8477046962446925,0.6534716663069011
2021-07-27,25086.4296875,-0.04222194184423689,1.7857143566721944e-06,1.0,30.0,0.7952161189534865,0.7740984138737201,0.8163338240332529
2021-07-28,25473.880859375,0.015444651817793753,1.7857143566721944e-06,1.0,30.0,0.9158924991029032,0.8673949402928591,0.9643900579129473
2021-07-29,26315.3203125,0.03303145907645755,1.5873015518226308e-06,1.0,30.0,0.9447342401884606,0.8894684803769213,1.0
2021-07-30,25961.029296875,-0.013463298619120656,1.5873015518226308e-06,1.0,30.0,0.9572424713319252,0.9144849426638505,1.0
2021-08-02,26235.80078125,0.010583998085471613,1.5079364594485992e-06,1.0,30.0,0.9208539579971677,0.8417079159943355,1.0
2021-08-03,26194.8203125,-0.0015620056384666459,1.7857143566721944e-06,1.0,30.0,0.9107249174942755,0.8214498349885512,1.0
2021-08-04,26426.55078125,0.008846423299930795,1.7857143566721944e-06,1.0,30.0,0.8691832685869908,0.7383665371739816,1.0
2021-08-05,26204.689453125,-0.008395394842160564,1.7063492642981665e-06,1.0,30.0,0.9430839391454957,0.8861678782909913,1.0
2021-08-06,26179.400390625,-0.0009650586604064149,1.7063492642981665e-06,1.0,30.0,0.9346297660535132,0.8692595321070264,1.0
2021-08-09,26283.400390625,0.003972589075693422,1.7857143566721944e-06,1.0,30.0,0.8412964482350681,0.8277375736285276,0.8548553228416086
2021-08-10,26605.619140625,0.012259401189008035,1.984127013692778e-06,1.0,30.0,0.4277892312362197,0.5878073852841457,0.2677710771882937
2021-08-11,26660.16015625,0.002049981071168494,1.7857143566721944e-06,1.0,30.0,0.36348923461843186,0.4937961404096439,0.2331823288272198
2021-08-12,26517.8203125,-0.0053390468367696675,1.7063492642981665e-06,1.0,30.0,0.3429732261381577,0.6110307408478268,0.07491571142848859
2021-08-13,26391.619140625,-0.00475910804084867,1.7857143566721944e-06,1.0,30.0,0.39780780390552956,0.6904408990793135,0.10517470873174561
2021-08-16,26181.4609375,-0.007963065926542612,2.3015872353599167e-06,1.0,30.0,0.480363435976745,0.8328794437313536,0.12784742822213646
2021-08-17,25745.869140625,-0.016637413699519654,2.5000000402094805e-06,1.0,30.0,0.5339174605785781,0.9149175927083245,0.15291732844883166
2021-08-18,25867.009765625,0.004705245114791978,2.182539670713361e-06,1.0,30.0,0.5532455300805128,0.9298912281428228,0.17659983201820273
2021-08-19,25316.330078125,-0.021288880797957765,1.7063492642981665e-06,1.0,30.0,0.5671659328999581,0.9306761539008607,0.20365571189905562
2021-08-20,24849.720703125,-0.018431161766340742,1.7063492642981665e-06,1.0,30.0,0.551321688155439,0.8685691489168547,0.23407422739402328
2021-08-23,25109.58984375,0.010457628225669424,1.5873015518226308e-06,1.0,30.0,0.6003668023819934,0.9382221094082606,0.26251149535572615
2021-08-24,25727.919921875,0.024625256006677088,1.90476192131875e-06,1.0,30.0,0.637785684418921,0.9235315922440398,0.3520397765938022
2021-08-25,25693.94921875,-0.0013203828070109669,1.7857143566721944e-06,1.0,30.0,0.6475668608451196,0.9519365891543659,0.3431971325358734
2021-08-26,25415.689453125,-0.010829777986092637,1.7063492642981665e-06,1.0,30.0,0.6553983095697542,0.9516304529113452,0.3591661662281632
2021-08-27,25407.890625,-0.00030685093707116806,1.7063492642981665e-06,1.0,30.0,0.6365932491825539,0.9097883940272276,0.3633981043378802
2021-08-30,25539.5390625,0.005181399725110003,1.5079364594485992e-06,1.0,30.0,0.6619896515416355,0.9425081419322897,0.38147116115098134
2021-08-31,25878.990234375,0.013291201969005684,1.5873015518226308e-06,1.0,30.0,0.531645722444604,0.6624618085399543,0.4008296363492536
2021-09-01,26028.2890625,0.00576911335306618,1.5873015518226308e-06,1.0,30.0,0.4493803974066908,0.48063017973676203,0.4181306150766195
2021-09-02,26090.4296875,0.0023874264209524654,1.5873015518226308e-06,1.0,30.0,0.4365732837790586,0.4339661630393418,0.43918040451877527
2021-09-03,25901.990234375,-0.007222550773676284,1.5873015518226308e-06,1.0,30.0,0.5337029046868589,0.6054329948951938,0.461972814478524
2021-09-06,26163.630859375,0.010101178428087332,1.5873015518226308e-06,1.0,30.0,0.43892530440290894,0.3917817989492477,0.4860688098565702
2021-09-07,26353.630859375,0.007261989019078374,1.3888888948020476e-06,1.0,30.0,0.35859150101262155,0.3249052772953367,0.3922777247299064
2021-09-08,26320.9296875,-0.0012408602082003561,1.5873015518226308e-06,1.0,30.0,0.42303617493288265,0.33146612278285614,0.5146062270829092
2021-09-09,25716.0,-0.022982838930164617,1.5079364594485992e-06,1.0,30.0,0.6768601716699363,0.8005637106835305,0.553156632656342
2021-09-10,26205.91015625,0.019050791579172444,1.5079364594485992e-06,1.0,30.0,0.4985102264378144,0.429382739941437,0.5676377129341919
2021-09-13,25813.810546875,-0.01496225878197499,1.5079364594485992e-06,1.0,30.0,0.6148563483872078,0.642866462715398,0.5868462340590175
2021-09-14,25502.23046875,-0.012070286080360204,1.3888888948020476e-06,1.0,30.0,0.728994486155738,0.8525583125846872,0.6054306597267889
2021-09-15,25033.2109375,-0.01839131411759176,1.3888888948020476e-06,1.0,30.0,0.7729643182855632,0.9200056950314569,0.6259229415396694
2021-09-16,24667.849609375,-0.014595064494011267,1.1904761638669722e-06,1.0,30.0,0.7602037775163693,0.8784669883999058,0.6419405666328326
2021-09-17,24920.759765625,0.010252622756135255,1.1111111454074327e-06,1.0,30.0,0.7885536690642543,0.9192496215163662,0.6578577166121424
2021-09-20,24099.140625,-0.032969265317437046,9.92063506846389e-07,1.0,30.0,0.7800057245836576,0.8785873921794746,0.6814240569878405
2021-09-21,24221.5390625,0.005078954449231565,7.936507759113135e-07,1.0,30.0,0.7961396506574627,0.8846886684166803,0.7075906328982451
2021-09-23,24510.98046875,0.011949752883297027,9.92063506846389e-07,1.0,30.0,0.8023696171994117,0.8740498030228575,0.730689431375966
2021-09-24,24192.16015625,-0.013007244361623038,9.92063506846389e-07,1.0,30.0,0.8460223519495237,0.9347551459753747,0.7572895579236727
2021-09-27,24208.779296875,0.0006869638972981651,9.92063506846389e-07,1.0,30.0,0.8351509126768848,0.8864996867032119,0.7838021386505578
2021-09-28,24500.390625,0.012045684937226131,1.1904761638669722e-06,1.0,30.0,0.7918011545281494,0.7786896563482512,0.8049126527080475
2021-09-29,24663.5,0.0066574193651249836,1.1904761638669722e-06,1.0,30.0,0.7304095231491213,0.6372995390680256,0.823519507230217
2021-09-30,24575.640625,-0.0035623238794169065,1.1111111454074327e-06,1.0,30.0,0.770399938186354,0.698706268428747,0.8420936079439612
2021-10-04,24036.369140625,-0.021943333750836902,1.1111111454074327e-06,1.0,30.0,0.86323034319437,0.8577805634343783,0.8686801229543617
2021-10-05,24104.150390625,0.0028199454586275152,1.3888888948020476e-06,1.0,30.0,0.8217879175141785,0.7522155259144546,0.8913603091139022
2021-10-06,23966.490234375,-0.005711056146726512,1.5873015518226308e-06,1.0,30.0,0.8481100232443023,0.8581989358509238,0.8380211106376808
2021-10-07,24701.73046875,0.03067784340489066,1.5873015518226308e-06,1.0,30.0,0.7588366674419076,0.6117127396680995,0.9059605952157157
2021-10-08,24837.849609375,0.00551051031818206,1.5873015518226308e-06,1.0,30.0,0.7071065453677736,0.5059916434467723,0.9082214472887751
2021-10-11,25325.08984375,0.01961684453516832,1.5873015518226308e-06,1.0,30.0,0.6492172161140883,0.3843857331751249,0.9140486990530516
2021-10-12,24962.58984375,-0.014313868271999874,1.5873015518226308e-06,1.0,30.0,0.7169567410404248,0.5143170899663996,0.9195963921144501
2021-10-15,25330.9609375,0.014756926106456403,1.5079364594485992e-06,1.0,30.0,0.6507030418757549,0.3759558072176906,0.9254502765338191
2021-10-18,25409.75,0.0031103858513066296,1.7063492642981665e-06,1.0,30.0,0.6441584604055078,0.3575111163539379,0.9308058044570777
2021-10-19,25787.2109375,0.014854964629718914,1.984127013692778e-06,1.0,30.0,0.6325222756630243,0.32982932164841366,0.935215229677635
2021-10-20,26136.01953125,0.013526417982751227,1.984127013692778e-06,1.0,30.0,0.6275248607708119,0.3197363807640889,0.9353133407775349
2021-10-21,26017.529296875,-0.004533599090455365,1.984127013692778e-06,1.0,30.0,0.5854330390140956,0.2347434753869394,0.9361226026412517
2021-10-22,26126.9296875,0.004204872391097458,1.984127013692778e-06,0.0,30.0,0.5801806360724612,0.22376024752224602,0.9366010246226764
2021-10-25,26132.029296875,0.00019518594170819803,1.984127013692778e-06,0.0,30.0,0.40985337284812984,0.21966655291745443,0.6000401927788053
2021-10-26,26038.26953125,-0.003587925168758832,1.984127013692778e-06,0.0,30.0,0.38494312101147066,0.1950032391587592,0.5748830028641821
2021-10-27,25628.740234375,-0.015727976714562386,1.984127013692778e-06,0.0,30.0,0.5171886459094224,0.28059848316428826,0.7537788086545566
2021-10-28,25555.73046875,-0.0028487457813893835,1.90476192131875e-06,0.0,30.0,0.6514744877384543,0.35412489133039954,0.948824084146509
2021-10-29,25377.240234375,-0.006984352671635108,1.90476192131875e-06,0.0,30.0,0.7327791831379161,0.5143501652227747,0.9512082010530576
2021-11-01,25154.3203125,-0.008784246033697651,1.5873015518226308e-06,0.0,30.0,0.7931590133349188,0.6347203970832462,0.9515976295865913
2021-11-02,25099.669921875,-0.0021726045445100706,1.7857143566721944e-06,0.0,30.0,0.8329180377953433,0.7130859092997435,0.9527501662909432
2021-11-03,25024.75,-0.0029848966981714797,1.7857143566721944e-06,0.0,30.0,0.8320754505732482,0.7145770470156401,0.9495738541308563
2021-11-04,25225.189453125,0.008009648572912864,1.3888888948020476e-06,0.0,30.0,0.7569294807546183,0.5735699263512969,0.9402890351579396
2021-11-05,24870.509765625,-0.014060536122398104,1.5873015518226308e-06,0.0,30.0,0.8374542573849628,0.7392050685746128,0.9357034461953129
2021-11-08,24763.76953125,-0.004291839426730726,1.3888888948020476e-06,0.0,30.0,0.8322279648630165,0.7277938862889577,0.9366620434370754
2021-11-09,24813.130859375,0.0019932881406730107,1.5873015518226308e-06,0.0,30.0,0.8312304239890214,0.7256155037195658,0.9368453442584768
2021-11-10,24996.140625,0.007375520915203326,1.7857143566721944e-06,0.0,30.0,0.7379017073749167,0.5429820606189473,0.9328213541308861
2021-11-11,25247.990234375,0.01007553978645448,1.5873015518226308e-06,0.0,30.0,0.635921678576117,0.34634306060691106,0.925500296545323
2021-11-12,25327.970703125,0.0031677954564917066,1.7063492642981665e-06,0.0,30.0,0.6051913209704379,0.29223411752254175,0.918148524418334
2021-11-15,25390.91015625,0.0024849781240956492,1.5079364594485992e-06,0.0,30.0,0.5939201752550942,0.27446011520140356,0.913380235308785
2021-11-16,25713.779296875,0.012715934113355365,1.5873015518226308e-06,0.0,30.0,0.578736872102649,0.2487754358244471,0.9086983083808509
2021-11-17,25650.080078125,-0.002477240627080546,1.7857143566721944e-06,0.0,30.0,0.5578150211644914,0.21206428571865574,0.9035657566103272
2021-11-18,25319.720703125,-0.012879467588163163,1.7857143566721944e-06,0.0,30.0,0.5882714041194778,0.27601738162518585,0.9005254266137697
2021-11-19,25049.970703125,-0.010653751009453538,1.7857143566721944e-06,0.0,30.0,0.6685817082853163,0.43542986245371107,0.9017335541169214
2021-11-22,24951.33984375,-0.003937364260577558,1.5873015518226308e-06,0.0,30.0,0.7056044715676397,0.5044732453880344,0.9067356977472452
2021-11-23,24651.580078125,-0.012013774310403846,1.7857143566721944e-06,0.0,30.0,0.7887296899740643,0.6634545379969471,0.9140048419511815
2021-11-24,24685.5,0.0013759735387144367,1.984127013692778e-06,0.0,30.0,0.7561276062543166,0.6073422074085717,0.9049130051000616
2021-11-25,24740.16015625,0.002214261661704242,1.984127013692778e-06,0.0,30.0,0.6956415481293317,0.4843340525570464,0.9069490437016168
2021-11-26,24080.51953125,-0.02666274675806246,1.7063492642981665e-06,0.0,30.0,0.8587294470556437,0.79442034337275,0.9230385507385375
2021-11-29,23852.240234375,-0.009479832716181913,1.5079364594485992e-06,0.0,30.0,0.8842540572271014,0.841572753482093,0.9269353609721098
2021-11-30,23475.259765625,-0.015804824412539165,1.90476192131875e-06,0.0,30.0,0.8729745736588879,0.8170187200845659,0.92893042723321
2021-12-01,23658.919921875,0.007823562255908856,1.984127013692778e-06,1.0,30.0,0.9026097565821741,0.8787947607363826,0.9264247524279656
2021-12-02,23788.9296875,0.005495169097081032,1.7063492642981665e-06,1.0,30.0,0.8628913663226365,0.8008437941772767,0.9249389384679962
2021-12-03,23766.689453125,-0.0009348984871180299,1.7063492642981665e-06,1.0,30.0,0.8530562074484613,0.7908456164237229,0.9152667984731999
2021-12-06,23349.380859375,-0.017558549522559974,1.7063492642981665e-06,1.0,30.0,0.8811139581487227,0.8530189490505193,0.9092089672469261
2021-12-07,23983.66015625,0.02716471587383995,2.3015872353599167e-06,1.0,30.0,0.8270440360776683,0.7538442464233732,0.9002438257319634
2021-12-08,23996.869140625,0.0005507493138638964,2.3809523277339444e-06,1.0,30.0,0.7910787308874303,0.694446437588419,0.8877110241864417
2021-12-09,24254.859375,0.010750995592931023,2.103174578339333e-06,1.0,30.0,0.6974652080032564,0.5203636390440242,0.8745667769624887
2021-12-10,23995.720703125,-0.010683989870586497,1.984127013692778e-06,1.0,30.0,0.7896568907838564,0.71370046003687,0.8656133215308426
2021-12-13,23954.580078125,-0.001714498410320342,1.7063492642981665e-06,1.0,30.0,0.8438939648657904,0.8287804317543741,0.8590074979772067
2021-12-14,23635.94921875,-0.013301458774723773,1.90476192131875e-06,1.0,30.0,0.8766807196277016,0.9002218452623901,0.8531395939930131
2021-12-15,23420.759765625,-0.009104328797351346,1.7857143566721944e-06,1.0,30.0,0.8653326639841575,0.8848263011370163,0.8458390268312987
2021-12-16,23475.5,0.002337252716085869,1.3888888948020476e-06,1.0,30.0,0.8676685904319641,0.8972989359426641,0.8380382449212642
2021-12-17,23192.630859375,-0.012049547001128813,1.1904761638669722e-06,1.0,30.0,0.8614357329332852,0.8897382149904425,0.833133250876128
2021-12-20,22744.859375,-0.01930662748396228,1.5079364594485992e-06,1.0,30.0,0.8446284710615091,0.8525454390564552,0.8367115030665628
2021-12-21,22971.330078125,0.009957006081731334,2.5793649847545313e-06,1.0,30.0,0.878116223909708,0.9155442457914367,0.8406882020279793
2021-12-22,23102.330078125,0.005702760769814796,2.5793649847545313e-06,1.0,30.0,0.8806169182488008,0.9147500804207739,0.8464837560768279
2021-12-23,23193.640625,0.003952438847779183,2.3015872353599167e-06,1.0,30.0,0.8550922594353738,0.8603901794566003,0.8497943394141472
2021-12-24,23223.759765625,0.0012985947791455121,2.3015872353599167e-06,1.0,30.0,0.8324406280731054,0.8084394798333446,0.8564417763128662
2021-12-28,23280.560546875,0.002445804719960698,1.984127013692778e-06,1.0,30.0,0.7801272092857008,0.6956972018118409,0.8645572167595605
2021-12-29,23086.5390625,-0.008334055530335727,1.7857143566721944e-06,1.0,30.0,0.8324255826155899,0.7879488693826036,0.8769022958485762
2021-12-30,23112.009765625,0.0011032707438756173,9.92063506846389e-07,1.0,30.0,0.8010695809509322,0.7101789127873059,0.8919602491145584
2021-12-31,23397.669921875,0.012359814622217247,1.309523802428016e-06,1.0,30.0,0.757832406632343,0.6163178986728046,0.8993469145918813
2022-01-03,23274.75,-0.00525351123788953,2.103174578339333e-06,1.0,10.0,0.7801081034094619,0.7262788857916022,0.8339373210273217
2022-01-04,23289.83984375,0.000648335374171527,3.1746031036452616e-06,1.0,10.0,0.7337330268609298,0.6352137923926232,0.8322522613292364
2022-01-05,22907.25,-0.016427328239127847,3.3730159084948255e-06,1.0,10.0,0.8645887936998768,0.8270195916731217,0.9021579957266319
2022-01-06,23072.859375,0.007229561601676426,3.571428713344389e-06,1.0,10.0,0.7094275901870928,0.7650487331944343,0.6538064471797512
2022-01-07,23493.380859375,0.018225807106970304,3.492063473141381e-06,1.0,10.0,0.5680685835118064,0.5151297341135502,0.6210074329100627
2022-01-10,23746.5390625,0.010775724645181395,3.571428713344389e-06,1.0,10.0,0.4855529183822997,0.39273883928739484,0.5783669974772045
2022-01-11,23739.060546875,-0.00031493076129185393,4.682539710922846e-06,1.0,10.0,0.6310922618405008,0.41458751326282883,0.8475970104181728
2022-01-12,24402.169921875,0.02793326103577809,4.563492146276289e-06,1.0,10.0,0.52026866104302,0.27019533246468,0.77034198962136
2022-01-13,24429.76953125,0.0011310309477952085,4.365079341426725e-06,1.0,10.0,0.5104875661106169,0.27789820544075877,0.743076926780475
2022-01-14,24383.3203125,-0.001901336755984695,4.682539710922846e-06,0.0,10.0,0.5338030168703187,0.24957502207105065,0.8180310116695868
2022-01-17,24218.029296875,-0.006778855935393846,4.682539710922846e-06,0.0,10.0,0.6102129378065022,0.2559861900346868,0.9644396855783177
2022-01-18,24112.779296875,-0.004345935778250154,5.158729969509063e-06,0.0,10.0,0.641795588911868,0.32200748711134974,0.9615836907123865
2022-01-19,24127.849609375,0.0006249927606625238,6.547619307798051e-06,0.0,10.0,0.6206162473789467,0.28266181951411845,0.958570675243775
2022-01-20,24952.349609375,0.03417212944164061,6.666666576786647e-06,0.0,10.0,0.5837972884861167,0.21576782333325542,0.951826753638978
2022-01-21,24965.55078125,0.0005290552625969447,6.2698415584034366e-06,0.0,10.0,0.571543967360948,0.19696766628622095,0.9461202684356751
2022-01-24,24656.4609375,-0.012380653904184524,6.150793698098924e-06,0.0,10.0,0.5499217952796557,0.155973407751618,0.9438701828076934
2022-01-25,24243.609375,-0.016744153329486755,7.3412699358803885e-06,0.0,10.0,0.6240075273310872,0.30360612429046036,0.944408930371714
2022-01-26,24289.900390625,0.001909411049690224,7.063492186485774e-06,0.0,10.0,0.610499023896224,0.2727732761179129,0.9482247716745351
2022-01-27,23807.0,-0.01988070691353605,7.3412699358803885e-06,0.0,10.0,0.7411887675032787,0.5269783064093817,0.9553992285971757
2022-01-28,23550.080078125,-0.010791780647498639,6.86507908597825e-06,0.0,10.0,0.8485776407719898,0.7358661636111399,0.9612891179328398
2022-01-31,23802.259765625,0.010708230573459598,6.86507908597825e-06,0.0,10.0,0.7685601565641902,0.5750499238972114,0.9620703892311688
2022-02-04,24573.2890625,0.032393113278618824,8.849206543157968e-06,0.0,10.0,0.5884495964193367,0.22021100097484528,0.9566881918638281
2022-02-07,24579.55078125,0.00025481809675831357,8.055555323759714e-06,0.0,10.0,0.5940566542035617,0.23998466990623432,0.9481286385008891
2022-02-08,24329.490234375,-0.010173519813297505,1.0912698649224782e-05,0.0,10.0,0.6119940916410405,0.28262102097715414,0.9413671623049269
2022-02-09,24829.990234375,0.02057174216058355,1.0714286140033176e-05,0.0,10.0,0.5636512672388133,0.19580887022251683,0.9314936642551097
2022-02-10,24924.349609375,0.0038002179666332125,1.4682539871760777e-05,0.0,10.0,0.564690181247326,0.21339820401869103,0.9159821584759609
2022-02-11,24906.66015625,-0.0007097257662581624,1.34126983937763e-05,0.0,10.0,0.5368806156359913,0.17551193388661096,0.8982492973853717
2022-02-14,24556.5703125,-0.014056073417862525,1.4285714853377567e-05,0.0,10.0,0.5634584637521854,0.24802609179969762,0.8788908357046732
2022-02-15,24355.7109375,-0.008179455536498792,1.5873016109542244e-05,0.0,10.0,0.6413054820309135,0.4197016381362444,0.8629093259255827
2022-02-16,24718.900390625,0.014911880587554771,1.480158714074937e-05,0.0,10.0,0.5258647930325139,0.2061169395779705,0.8456126464870573
2022-02-17,24792.76953125,0.0029883667743171305,1.3690476143170916e-05,0.0,10.0,0.5073787519180323,0.187402182978672,0.8273553208573925
2022-02-18,24327.7109375,-0.018757831518734447,1.2619047174378047e-05,0.0,10.0,0.60572594496426,0.40334759393796504,0.8081042959905549
2022-02-21,24170.0703125,-0.0064798790730863365,1.2619047174378047e-05,0.0,10.0,0.6486973794455015,0.5004906208987117,0.7969041379922914
2022-02-22,23520.0,-0.02689567320637065,1.3095238615596102e-05,0.0,10.0,0.7798010131463653,0.7685044098280662,0.7910976164646644
2022-02-23,23660.279296875,0.005964255819515207,1.3492063633979314e-05,0.0,10.0,0.7420422443941341,0.6978601399527015,0.7862243488355669
2022-02-24,22901.560546875,-0.03206719331078267,1.1230158427404976e-05,1.0,10.0,0.8079067552696706,0.8312545891209734,0.7845589214183679
2022-02-25,22767.1796875,-0.0058677599327761065,1.1825397137611633e-05,1.0,10.0,0.8176250657077246,0.8522584978775187,0.7829916335379306
2022-02-28,22713.01953125,-0.002378869802645567,1.1428570936596582e-05,1.0,10.0,0.8022777584326235,0.8255831403724813,0.7789723764927659
2022-03-01,22761.7109375,0.0021437663179484368,1.2420634665186441e-05,1.0,10.0,0.8259992788431832,0.8793041164500053,0.7726944412363612
2022-03-02,22343.919921875,-0.01835499171271382,1.2896824923772657e-05,1.0,10.0,0.8140478791153123,0.8570683101559385,0.7710274480746859
2022-03-03,22467.33984375,0.005523646804434179,1.3293651124787706e-05,1.0,10.0,0.8396130652506355,0.9137435159485805,0.7654826145526905
2022-03-04,21905.2890625,-0.02501634751416071,1.2103174887006245e-05,1.0,10.0,0.8077260551833985,0.854591328492002,0.7608607818747948
2022-03-07,21057.630859375,-0.038696508441704136,1.2103174887006245e-05,1.0,10.0,0.7713323943002302,0.7791349777846476,0.7635298108158128
2022-03-08,20765.869140625,-0.013855391458726496,1.4285714853377567e-05,1.0,10.0,0.7660825407144338,0.7630827403014248,0.7690823411274428
2022-03-09,20627.7109375,-0.006653138483605159,1.4682539871760777e-05,1.0,10.0,0.764668390589645,0.753725960262469,0.7756108209168211
2022-03-10,20890.259765625,0.012727967195220957,1.4285714853377567e-05,1.0,10.0,0.7985238358662903,0.8161436859541843,0.7809039857783961
2022-03-11,20553.7890625,-0.016106583015241593,1.4484127362569171e-05,1.0,10.0,0.7868203343700386,0.7845506753719912,0.7890899933680862
2022-03-14,19531.66015625,-0.049729463659566986,1.4999999649940975e-05,1.0,10.0,0.7797064324317262,0.7243354947974577,0.8350773700659946
2022-03-15,18415.080078125,-0.05716769947831091,1.777777832651895e-05,1.0,10.0,0.8392578138648628,0.6785156277297254,1.0
2022-03-16,20087.5,0.09081795543542825,1.7182539616312296e-05,1.0,10.0,0.8990302327579132,0.7980604655158262,1.0
2022-03-17,21501.23046875,0.07037861698817682,1.4285714853377567e-05,1.0,10.0,0.8851572931203611,0.7703145862407221,1.0
2022-03-18,21412.400390625,-0.004131395096392598,1.5198412159132579e-05,1.0,10.0,0.889157404081959,0.778314808163918,1.0
2022-03-21,21221.33984375,-0.008922892501050605,1.8055556075913563e-05,1.0,10.0,0.9055846883261274,0.8111693766522546,1.0
2022-03-22,21889.279296875,0.031474895461028884,2.0634919878036257e-05,1.0,10.0,0.8623890014149547,0.7247780028299092,1.0
2022-03-23,22154.080078125,0.012097281854674957,1.9047618621871583e-05,1.0,10.0,0.8462291014267627,0.6924582028535254,1.0
2022-03-24,21945.94921875,-0.009394696536305647,1.916666707349202e-05,1.0,10.0,0.8910787560821418,0.7821575121642835,1.0
2022-03-25,21404.880859375,-0.024654589053397014,2.0634919878036257e-05,1.0,10.0,0.9286451777292268,0.8572903554584536,1.0
2022-03-28,21684.970703125,0.01308532598663481,2.015873080208188e-05,1.0,10.0,0.9174980317034327,0.8349960634068654,1.0
2022-03-29,21927.630859375,0.011190245980596591,2.2023809807641167e-05,1.0,10.0,0.8751581977372562,0.7503163954745123,1.0
2022-03-30,22232.029296875,0.013881957401241873,2.083333238722786e-05,1.0,10.0,0.8245112373543357,0.6490224747086716,1.0
2022-03-31,21996.849609375,-0.010578417487649538,1.9563492091875226e-05,1.0,10.0,0.8256537041556108,0.7859825158694183,0.8653248924418033
2022-04-01,22039.55078125,0.0019412403427443436,1.984126984126984e-05,1.0,10.0,0.7837063411421308,0.6972536181059552,0.8701590641783064
2022-04-04,22502.310546875,0.02099678755787937,2.1349205857231504e-05,1.0,10.0,0.6971180121309517,0.5220340803028288,0.8722019439590745
2022-04-06,22080.51953125,-0.01874434248635748,2.6309523317548965e-05,1.0,10.0,0.8048551848899869,0.7240276032141242,0.8856827665658495
2022-04-07,21808.98046875,-0.012297675429044919,2.619047723119221e-05,1.0,10.0,0.8897746714449727,0.8784481203260739,0.9011012225638715
2022-04-08,21872.009765625,0.002890061594823967,2.650793582674057e-05,1.0,10.0,0.8448747788214807,0.7771312634688046,0.9126182941741567
2022-04-11,21208.30078125,-0.030345130213781935,2.6984127267958627e-05,1.0,10.0,0.9121366359799604,0.8984310676659801,0.9258422042939407
2022-04-12,21319.130859375,0.005225787736044429,2.9285713320686706e-05,1.0,10.0,0.9036917625296114,0.8682290363869491,0.9391544886722736
2022-04-13,21374.369140625,0.0025910193813416527,2.9365079743521554e-05,1.0,10.0,0.88176711905698,0.8172520241671416,0.9462822139468186
2022-04-14,21518.080078125,0.006723517150588387,2.9682540704333593e-05,1.0,10.0,0.838541045423056,0.7273813852494375,0.9497007055966744
2022-04-19,21027.759765625,-0.022786434046151438,3.3055555725854536e-05,1.0,10.0,0.9033929248230825,0.8483844012241591,0.958401448422006
2022-04-20,20944.669921875,-0.003951435848426943,3.154761970989288e-05,1.0,10.0,0.9441947565819562,0.912981053799457,0.9754084593644552
2022-04-21,20682.220703125,-0.012530597031557567,3.174603221908449e-05,1.0,10.0,0.9520353154880256,0.9088580234576191,0.995212607518432
2022-04-22,20638.51953125,-0.002112982570986577,3.0952379817054386e-05,1.0,10.0,0.9397446183551628,0.8794892367103255,1.0
2022-04-25,19869.33984375,-0.037269130973049625,3.166666579624963e-05,1.0,10.0,0.9081216971941086,0.8162433943882171,1.0
2022-04-26,19934.7109375,0.0032900486007119145,3.3055555725854536e-05,1.0,10.0,0.929016273217572,0.8580325464351438,1.0
2022-04-27,19946.359375,0.0005843293909062464,3.206349317989652e-05,1.0,10.0,0.9313688997385394,0.8627377994770788,1.0
2022-04-28,20276.169921875,0.016534874393588472,3.115079469150967e-05,1.0,10.0,0.9175402910887014,0.8350805821774029,1.0
2022-04-29,21089.390625,0.04010721483684421,3.206349317989652e-05,1.0,10.0,0.8199612166558422,0.6399224333116844,1.0
2022-05-03,21101.890625,0.000592715087043949,3.551587225898864e-05,1.0,10.0,0.7953514524841536,0.5907029049683071,1.0
2022-05-04,20869.51953125,-0.011011861348324103,3.3055555725854536e-05,1.0,10.0,0.8475784733852132,0.6951569467704264,1.0
2022-05-05,20793.400390625,-0.0036473834728690813,3.186507830544124e-05,1.0,10.0,0.9162674157872928,0.8325348315745854,1.0
2022-05-06,20001.9609375,-0.038062050374494394,3.2341269746659296e-05,1.0,10.0,0.9384172275324354,0.8768344550648707,1.0
2022-05-10,19633.689453125,-0.018411769002336098,3.4841270673842654e-05,1.0,10.0,0.9274204968485136,0.8548409936970272,1.0
2022-05-11,19824.5703125,0.00972210851305988,3.503968318303426e-05,1.0,10.0,0.9364179094231053,0.8728358188462106,1.0
2022-05-12,19380.33984375,-0.022408075521813453,3.5912697277371846e-05,1.0,10.0,0.925675924805726,0.8513518496114519,1.0
2022-05-13,19898.76953125,0.026750288781297593,3.742063565859719e-05,1.0,10.0,0.9391765630112512,0.8783531260225024,1.0
2022-05-16,19950.2109375,0.0025851551358093694,3.8888889645773273e-05,1.0,10.0,0.9254634331428806,0.8509268662857613,1.0
2022-05-17,20602.51953125,0.03269682690541731,4.119047569850135e-05,1.0,10.0,0.8362919441656484,0.6725838883312968,1.0
2022-05-18,20644.279296875,0.0020269251807605304,3.980158813416012e-05,1.0,10.0,0.799411586177404,0.5988231723548082,1.0
2022-05-19,20120.6796875,-0.02536293962338798,3.968253968253968e-05,1.0,10.0,0.8774299655943444,0.7548599311886888,1.0
2022-05-20,20717.240234375,0.02964912498684691,3.880952322293841e-05,1.0,10.0,0.7904648972220247,0.5809297944440496,1.0
2022-05-23,20470.060546875,-0.01193111074176123,3.940476075051322e-05,1.0,10.0,0.8459101560986035,0.6918203121972071,1.0
2022-05-24,20112.099609375,-0.01748704830062886,4.1388888207692946e-05,1.0,10.0,0.9172408584763034,0.834481716952607,1.0
2022-05-25,20171.26953125,0.0029420062064240415,4.1468252265264115e-05,1.0,10.0,0.8932305167252963,0.7864610334505926,1.0
2022-05-26,20116.19921875,-0.0027301361679136216,4.079365068011814e-05,1.0,10.0,0.9232573157046531,0.846514631409306,1.0
2022-05-27,20697.359375,0.028890157128107496,4.06746022284977e-05,1.0,10.0,0.8114949302296752,0.6229898604593503,1.0
2022-05-30,21123.9296875,0.020609890603496384,4.06746022284977e-05,1.0,10.0,0.726653239509623,0.453306479019246,1.0
2022-05-31,21415.19921875,0.013788605413809885,4.0873014737689306e-05,1.0,10.0,0.6915067644827787,0.38301352896555735,1.0
2022-06-01,21294.939453125,-0.005615626751662717,4.376984304851956e-05,1.0,10.0,0.7015401896751204,0.4030803793502409,1.0
2022-06-02,21082.130859375,-0.009993388063790465,4.4166668066902766e-05,1.0,10.0,0.7293097774941548,0.45861955498830953,1.0
2022-06-06,21653.900390625,0.02712105028964573,4.6031744707198374e-05,0.0,10.0,0.6762186295267048,0.3524372590534096,1.0
2022-06-07,21531.669921875,-0.0056447321981272225,4.861111205721658e-05,0.0,10.0,0.6875381967282488,0.37507639345649757,1.0
2022-06-08,22014.58984375,0.022428354309127707,4.892857301802862e-05,0.0,10.0,0.6572520531001171,0.3145041062002343,1.0
2022-06-09,21869.05078125,-0.006611027665424318,4.9126985527220226e-05,0.0,10.0,0.6617325438360135,0.3234650876720271,1.0
2022-06-10,21806.1796875,-0.00287488900999322,5.111111061913627e-05,0.0,10.0,0.6812879516703071,0.3625759033406142,1.0
2022-06-13,21067.580078125,-0.03387111451706459,5.944444546623834e-05,0.0,10.0,0.8526683650388398,0.7053367300776797,1.0
2022-06-14,21067.990234375,1.946859812473889e-05,6.916666787768166e-05,0.0,10.0,0.8158058880628383,0.6316117761256766,1.0
2022-06-15,21308.2109375,0.01140216510699954,6.72619068433368e-05,0.0,10.0,0.7527720290229353,0.5055440580458705,1.0
2022-06-16,20845.4296875,-0.021718447004180796,5.884920793866354e-05,0.0,10.0,0.8721339650699391,0.7442679301398784,1.0
2022-06-17,21075.0,0.011012980588146037,5.992063454219273e-05,1.0,10.0,0.7805194825464301,0.5610389650928603,1.0
2022-06-20,21163.91015625,0.004218749999999938,5.992063454219273e-05,1.0,10.0,0.7339485429667694,0.46789708593353885,1.0
2022-06-21,21559.58984375,0.018695963296893492,5.904762044785515e-05,1.0,10.0,0.6871805112679146,0.3743610225358292,1.0
2022-06-22,21008.33984375,-0.025568668235115055,6.130952210653396e-05,1.0,10.0,0.778412887391595,0.55682577478319,1.0
2022-06-23,21273.869140625,0.012639232745180307,6.190475963410877e-05,1.0,10.0,0.7281240828368052,0.45624816567361043,1.0
2022-06-24,21719.060546875,0.0209266778556918,6.341270038059779e-05,1.0,10.0,0.6788867738190392,0.3577735476380784,1.0
2022-06-27,22229.51953125,0.023502811425627934,6.480158794493902e-05,1.0,10.0,0.6587452770381366,0.31749055407627325,1.0
2022-06-28,22418.970703125,0.008522504123792407,6.896825536849007e-05,1.0,10.0,0.6592520456083607,0.31850409121672135,1.0
2022-06-29,21996.890625,-0.018826915995129312,6.765873186172e-05,0.0,10.0,0.6669052859905165,0.33381057198103303,1.0
2022-06-30,21859.7890625,-0.006232770114526165,6.349206443816897e-05,0.0,10.0,0.6790401698951565,0.358080339790313,1.0
2022-07-04,21830.349609375,-0.0013467400367326299,6.349206443816897e-05,0.0,10.0,0.6882162892551681,0.3764325785103361,1.0
2022-07-05,21853.0703125,0.00104078512399286,6.468253949331859e-05,0.0,10.0,0.6758369236966645,0.3516738473933289,1.0
2022-07-06,21586.66015625,-0.012190971448877486,7.301587434042068e-05,0.0,10.0,0.7417853245834163,0.4881792960607384,0.9953913531060943
2022-07-07,21643.580078125,0.002636810023551428,7.353174781042433e-05,0.0,10.0,0.6866430871468964,0.39816369898763004,0.9751224753061627
2022-07-08,21725.779296875,0.0037978568449994476,7.313492279204111e-05,0.0,10.0,0.651704119773857,0.35837499943795786,0.9450332401097561
2022-07-11,21124.19921875,-0.027689689281319874,7.749999799425638e-05,0.0,10.0,0.7731595830209531,0.6248379779947932,0.921481188047113
2022-07-12,20844.740234375,-0.013229329144318513,8.384920301891509e-05,0.0,10.0,0.8282373488963093,0.755398715983016,0.9010759818096026
2022-07-13,20797.94921875,-0.002244739684874375,9.218253786601717e-05,0.0,10.0,0.8565590358816704,0.8275138610402553,0.8856042107230855
2022-07-14,20751.2109375,-0.0022472543210108054,9.019841277410113e-05,1.0,10.0,0.8635807695724362,0.8473675412268576,0.8797939979180147
2022-07-15,20297.720703125,-0.021853675707931175,8.888888926733108e-05,1.0,10.0,0.8648958595586558,0.8526702315295828,0.8771214875877287
2022-07-18,20846.1796875,0.027020717862698662,8.96825393040975e-05,1.0,10.0,0.8516130064706646,0.8336020209488705,0.8696239919924587
2022-07-19,20661.060546875,-0.008880242970178531,9.722222411443316e-05,1.0,10.0,0.8612836443824464,0.860045977470753,0.8625213112941399
2022-07-20,20890.220703125,0.011091403354154483,9.436508019765218e-05,1.0,10.0,0.8459795759994673,0.8472212524238647,0.8447378995750698
2022-07-21,20574.630859375,-0.015107061252961795,9.365078948792958e-05,1.0,10.0,0.8613869436971413,0.8963236309410919,0.8264502564531906
2022-07-22,20609.140625,0.0016772969518077385,9.345238170926534e-05,1.0,10.0,0.8482523137908771,0.886662321382654,0.8098423061991
2022-07-25,20562.939453125,-0.0022417806116066252,9.496031299469963e-05,1.0,10.0,0.8534998958658285,0.9186156615879593,0.7883841301436978
2022-07-26,20905.880859375,0.01667764509212133,9.821428192986383e-05,1.0,10.0,0.7616520480718822,0.7541139846089259,0.7691901115348387
2022-07-27,20670.0390625,-0.011281122209650385,9.456348797631641e-05,1.0,10.0,0.8155114557013663,0.878416550653189,0.7526063607495437
2022-07-28,20622.6796875,-0.002291208780825227,9.158730506896972e-05,1.0,10.0,0.8178050648478445,0.8912888709993457,0.7443212586963432
2022-07-29,20156.509765625,-0.022604721061422417,9.119048005058652e-05,1.0,10.0,0.8200162069788098,0.900095119370026,0.7399372945875937
2022-08-01,20165.83984375,0.00046288163146734895,8.988095654381647e-05,1.0,10.0,0.8377236533692971,0.9449689385624747,0.7304783681761196
2022-08-02,19689.2109375,-0.023635460260670538,9.773809758443683e-05,1.0,10.0,0.8127056790665961,0.8963551612531743,0.729056196880018
2022-08-03,19767.08984375,0.0039554102242702616,9.634920528956822e-05,1.0,10.0,0.8308886131923353,0.9375923749724178,0.7241848514122529
2022-08-04,20174.0390625,0.02058720944594028,9.436508019765218e-05,1.0,10.0,0.805580455626167,0.8998226622553251,0.7113382489970088
2022-08-05,20201.939453125,0.0013829848618098772,9.563492404090033e-05,1.0,10.0,0.7520300000448403,0.804323628582536,0.6997363715071447
2022-08-08,20045.76953125,-0.007730442031932849,9.761904913281637e-05,1.0,10.0,0.7958795307183948,0.9038428376889542,0.6879162237478353
2022-08-09,20003.439453125,-0.0021116713957530786,0.00010198412433503166,1.0,10.0,0.8183647895917676,0.9546034542767298,0.6821261249068056
2022-08-10,19610.83984375,-0.019626605229315586,0.0001005952415012178,1.0,10.0,0.8141734744335691,0.9455343458667294,0.6828126030004089
2022-08-11,20082.4296875,0.02404740681721984,9.880952418796599e-05,1.0,10.0,0.7896040111760927,0.8972485481912938,0.6819594741608914
2022-08-12,20175.619140625,0.004640347536384315,9.92063492063492e-05,1.0,10.0,0.7090415844732985,0.7386472173434256,0.6794359516031712
2022-08-15,20040.859375,-0.006679337307356925,9.972222267635285e-05,1.0,10.0,0.7857149671572586,0.8958999892468473,0.67552994506767
2022-08-16,19830.51953125,-0.010495550106618068,0.00010309524006313749,1.0,10.0,0.819997631088744,0.9609186590735274,0.6790766031039608
2022-08-17,19922.44921875,0.0046357679815263175,0.00010190476500798786,1.0,10.0,0.8070292641643972,0.9331680173853751,0.6808905109434193
2022-08-18,19763.91015625,-0.007957809843520236,0.00010178571655636741,1.0,10.0,0.828260526423296,0.9666373442288074,0.6898837086177845
2022-08-19,19773.029296875,0.0004614036672352384,0.00010238094935341486,1.0,10.0,0.8168660208929613,0.9362090300597805,0.6975230117261422
2022-08-22,19656.98046875,-0.005869046486637219,0.00010507936515505352,1.0,10.0,0.8315598959943834,0.957228118838344,0.7058916731504228
2022-08-23,19503.25,-0.00782065531348497,0.00010726190748668851,1.0,10.0,0.822001106156832,0.935583871141163,0.7084183411725009
2022-08-24,19268.740234375,-0.012024137803955726,0.00010765873250507174,1.0,10.0,0.801613542994066,0.8902779294591883,0.7129491565289436
2022-08-25,19968.380859375,0.036309619440084484,0.00010833333409021771,1.0,10.0,0.7986190355333402,0.8826322181384398,0.7146058529282406
2022-08-26,20170.0390625,0.010098876045341543,0.0001093254013667031,1.0,10.0,0.7009530374635004,0.6925286300204425,0.7093774449065582
2022-08-29,20023.220703125,-0.007279031980060191,0.00011103174989185636,1.0,10.0,0.7466755487089668,0.7848014654012407,0.7085496320166929
2022-08-30,19949.029296875,-0.003705268365664094,0.00011400793279920305,1.0,10.0,0.7452136217973802,0.780933922595208,0.7094933209995524
2022-08-31,19954.390625,0.00026875132845893823,0.00011349205932919941,1.0,10.0,0.7004556405213531,0.6865170564836146,0.7143942245590917
2022-09-01,19597.310546875,-0.01789481246686775,0.00011361110778081984,1.0,10.0,0.8233156449861063,0.9306596542408275,0.715971635731385
2022-09-02,19452.08984375,-0.007410236357567768,0.00011190475925566658,1.0,10.0,0.8269056946735969,0.9329347483226434,0.7208766410245504
2022-09-05,19225.69921875,-0.011638370314886237,0.00011190475925566658,1.0,10.0,0.8060698986048243,0.8800510296101959,0.7320887675994525
2022-09-06,19202.73046875,-0.0011946899688100032,0.00011289682653215195,1.0,10.0,0.805273535648144,0.8617859182448452,0.7487611530514426
2022-09-07,19044.30078125,-0.008250372922633309,0.00011638889237055703,1.0,10.0,0.7877869087303102,0.8075418762506302,0.7680319412099901
2022-09-08,18854.619140625,-0.009960021258000218,0.00011706349395570301,1.0,10.0,0.7962040572113354,0.8077602406079741,0.7846478738146967
2022-09-09,19362.25,0.02692342155462768,0.00011777777520437089,1.0,10.0,0.8127170876642942,0.8288810304280968,0.7965531449004914
2022-09-13,19326.859375,-0.001827815723895676,0.00012511905223604232,1.0,10.0,0.8214522330000431,0.8337426429981548,0.8091618230019315
2022-09-14,18847.099609375,-0.024823472676868907,0.00012412698495955693,1.0,10.0,0.8354194485391764,0.844547147352308,0.8262917497260447
2022-09-15,18930.380859375,0.004418783352668987,0.00012281746145278687,1.0,10.0,0.8750985948097356,0.9094978789750786,0.8406993106443927
2022-09-16,18761.689453125,-0.00891114698130635,0.00012182539417630151,1.0,10.0,0.8589017726557011,0.860678406898649,0.8571251384127532
2022-09-19,18565.970703125,-0.010431829739480092,0.00012043651134248764,1.0,10.0,0.8543300472436445,0.8326115199207076,0.8760485745665814
2022-09-20,18781.419921875,0.011604522176356546,0.00012869047740149119,1.0,10.0,0.8873007210825313,0.8862575364298355,0.8883439057352271
2022-09-21,18444.619140625,-0.017932658055194395,0.00012658730385795472,1.0,10.0,0.8753293106507105,0.8496049001995646,0.9010537211018566
2022-09-22,18147.94921875,-0.016084361493893473,0.00012420635374765549,1.0,10.0,0.869049782108043,0.8213164252687667,0.9167831389473191
2022-09-23,17933.26953125,-0.011829418570237005,0.00012333333492279053,1.0,10.0,0.8639047414728345,0.7943612396187713,0.9334482433268976
2022-09-26,17855.140625,-0.004356645959837646,0.00012559523658146936,1.0,10.0,0.8597167381758928,0.7739278824531333,0.9455055938986523
2022-09-27,17860.310546875,0.0002895480905795722,0.00012896825396825398,1.0,10.0,0.8934000756421041,0.8230425990400593,0.9637575522441488
2022-09-28,17250.880859375,-0.03412200957539513,0.00012817460393148755,1.0,10.0,0.8788003466532701,0.7712070346425427,0.9863936586639976
2022-09-29,17165.869140625,-0.004927963936624202,0.00012769841012500582,1.0,10.0,0.8786296860836321,0.7572593721672642,1.0
2022-09-30,17222.830078125,0.003318267023555199,0.00012619047883957152,1.0,10.0,0.8995971272384273,0.7991942544768547,1.0
2022-10-03,17079.509765625,-0.008321530889515816,0.00012500000378442192,1.0,10.0,0.8935796142000723,0.7871592284001446,1.0
2022-10-05,18087.970703125,0.05904507514200863,0.00013067460249340722,1.0,10.0,0.9226939775339313,0.8453879550678628,1.0
2022-10-06,18012.150390625,-0.004191753389278796,0.000130476194714743,1.0,10.0,0.9210167729639958,0.8420335459279916,1.0
2022-10-07,17740.05078125,-0.015106447785191879,0.00013067460249340722,1.0,10.0,0.9169080182063389,0.8338160364126778,1.0
2022-10-10,17216.66015625,-0.02950333296414165,0.00013035714626312257,1.0,10.0,0.8996478429637049,0.7992956859274097,1.0
2022-10-11,16832.359375,-0.02232144781637513,0.00013253967913370285,1.0,10.0,0.8830807214074943,0.7661614428149884,1.0
2022-10-12,16701.029296875,-0.007802238248314497,0.00014019841239565892,1.0,10.0,0.8766306316555468,0.7532612633110936,1.0
2022-10-13,16389.109375,-0.01867668850406512,0.00014218253748757498,1.0,10.0,0.8642746730802632,0.7285493461605264,1.0
2022-10-14,16587.689453125,0.012116587520485611,0.0001439682548008268,1.0,10.0,0.8783415081659913,0.7566830163319825,1.0
2022-10-17,16612.900390625,0.0015198583004127908,0.00014634920491112604,1.0,10.0,0.8944046309803082,0.7888092619606165,1.0
2022-10-18,16914.580078125,0.01815936292919962,0.00015210317240820992,1.0,10.0,0.9169710816692307,0.8339421633384613,1.0
2022-10-19,16511.279296875,-0.023843381236024586,0.00015448412251850918,1.0,10.0,0.9008237714519709,0.8016475429039417,1.0
2022-10-20,16280.2197265625,-0.013994044080898771,0.00015436508352794344,1.0,10.0,0.8954806229905944,0.7909612459811888,1.0
2022-10-21,16211.1201171875,-0.004244390464967607,0.00015416666628822448,1.0,10.0,0.8897131740060766,0.7794263480121533,1.0
2022-10-24,15180.6904296875,-0.06356313937909253,0.0001552777820163303,1.0,10.0,0.8562528301513053,0.7125056603026104,1.0
2022-10-25,15165.58984375,-0.0009947232642311121,0.00015734126643529017,1.0,10.0,0.8561034046869356,0.7122068093738712,1.0
2022-10-26,15317.669921875,0.010027969877325571,0.00015595238360147627,1.0,10.0,0.871564038764334,0.743128077528668,1.0
2022-10-27,15427.9404296875,0.007198908735787768,0.00015595238360147627,1.0,10.0,0.8776611728983625,0.7553223457967251,1.0
2022-10-28,14863.0595703125,-0.03661414574093236,0.0001575396836750091,1.0,10.0,0.8609194101800453,0.7218388203600906,1.0
2022-10-31,14687.01953125,-0.011844131972270522,0.00015773809145367334,1.0,10.0,0.8549856501201868,0.7099713002403736,1.0
2022-11-01,15455.26953125,0.052308094121163995,0.0001607142932831295,1.0,10.0,0.8824769964348829,0.7649539928697656,1.0
2022-11-02,15827.169921875,0.024063015521860187,0.0001597222260066441,1.0,10.0,0.8929329463664516,0.7858658927329032,1.0
2022-11-03,15339.490234375,-0.030812816814834942,0.0001597222260066441,1.0,10.0,0.8867023149286971,0.7734046298573942,1.0
2022-11-04,16161.1396484375,0.053564323292910165,0.0001592460322001624,1.0,10.0,0.8807323143638812,0.7614646287277623,1.0
2022-11-07,16595.91015625,0.026902218362709007,0.00015805555714501273,1.0,10.0,0.850233118702715,0.7004662374054299,1.0
2022-11-08,16557.310546875,-0.0023258507072878576,0.00016230159335666234,1.0,10.0,0.8695645958975475,0.7391291917950952,1.0
2022-11-09,16358.51953125,-0.012006238275365289,0.00016242063234722803,1.0,10.0,0.8944396651246391,0.7888793302492784,1.0
2022-11-10,16081.0400390625,-0.016962384136133157,0.000160912691600739,1.0,10.0,0.9088796687176628,0.8177593374353257,1.0
2022-11-11,17325.66015625,0.07739674263382157,0.00016123016675313314,1.0,10.0,0.7996674283302189,0.5993348566604377,1.0
2022-11-14,17619.7109375,0.01697198136164091,0.00016142856507074264,1.0,10.0,0.7663749337852092,0.5327498675704183,1.0
2022-11-15,18343.119140625,0.04105675772383832,0.00016388889343019517,1.0,10.0,0.7169546109175629,0.43390922183512576,1.0
2022-11-16,18256.48046875,-0.004723224616860255,0.0001636904761904762,1.0,10.0,0.7268775268607215,0.4537550537214431,1.0
2022-11-17,18045.66015625,-0.01154769742507955,0.00016321428238399446,1.0,10.0,0.7524331599250236,0.5048663198500473,1.0
2022-11-18,17992.5390625,-0.002943704651979795,0.00016408731066991413,1.0,10.0,0.784918637506707,0.5698372750134141,1.0
2022-11-21,17655.91015625,-0.01870936086789443,0.00016261904958694698,1.0,10.0,0.8511807529501678,0.7023615059003356,1.0
2022-11-22,17424.41015625,-0.013111756797088758,0.00016658729977077908,1.0,10.0,0.9033128004553127,0.8066256009106254,1.0
2022-11-23,17523.810546875,0.00570466315551843,0.0001666666590978229,1.0,10.0,0.8875186189305647,0.7750372378611294,1.0
2022-11-24,17660.900390625,0.007823061279012,0.0001666666590978229,1.0,10.0,0.844383945031712,0.688767890063424,1.0
2022-11-25,17573.580078125,-0.004944272974120367,0.00016567461074344696,1.0,10.0,0.8824582277400002,0.7649164554800003,1.0
2022-11-28,17297.939453125,-0.015684944318380967,0.00016599206697373163,1.0,10.0,0.9142613611014219,0.8285227222028438,1.0
2022-11-29,18204.6796875,0.05241897376460014,0.00016876983264135935,1.0,10.0,0.734705911814443,0.46941182362888595,1.0
2022-11-30,18597.23046875,0.021563179797090326,0.00016876983264135935,1.0,10.0,0.6822526169558256,0.36450523391165135,1.0
2022-12-01,18736.439453125,0.007485468581406307,0.00016638888253106012,1.0,10.0,0.6711892796642798,0.3423785593285595,1.0
2022-12-02,18675.349609375,-0.0032604830764583204,0.00016698413425021702,1.0,10.0,0.6766622862737007,0.35332457254740146,1.0
2022-12-05,19518.2890625,0.045136475126647424,0.00016499999969724625,0.0,10.0,0.6588523558726576,0.31770471174531506,1.0
2022-12-06,19441.1796875,-0.003950621632515361,0.0001674603091345893,0.0,10.0,0.6517533429808076,0.30350668596161506,1.0
2022-12-07,18814.8203125,-0.03221817734665178,0.00016599206697373163,0.0,10.0,0.6967099386680354,0.3934198773360709,1.0
2022-12-08,19450.23046875,0.033771789775098426,0.00016468254346696157,0.0,10.0,0.6630241836636002,0.3260483673272004,1.0
2022-12-09,19900.869140625,0.023168808852883638,0.0001655952324942937,0.0,10.0,0.6573598257030797,0.3147196514061594,1.0
2022-12-12,19463.630859375,-0.021970813342892415,0.0001653968341766842,0.0,10.0,0.6640990355346299,0.32819807106925986,1.0
2022-12-13,19596.19921875,0.006811080642291634,0.00016857143432374985,0.0,10.0,0.6557250511380941,0.31145010227618825,1.0
2022-12-14,19673.44921875,0.003942090970685985,0.0001674603091345893,0.0,10.0,0.6507290680774983,0.30145813615499667,1.0
2022-12-15,19368.58984375,-0.015495979968243256,0.00016718253256782652,0.0,10.0,0.6722662367780041,0.3445324735560082,1.0
2022-12-16,19450.669921875,0.004237793189238559,0.00016519841693696523,0.0,10.0,0.6595452742838146,0.31909054856762914,1.0
2022-12-19,19352.810546875,-0.0050311570446189835,0.00016519841693696523,0.0,10.0,0.6777800803884997,0.3555601607769993,1.0
2022-12-20,19094.80078125,-0.013331901586080552,0.00016785714361402723,0.0,10.0,0.7145289584370058,0.4290579168740115,1.0
2022-12-21,19160.490234375,0.0034401748348955596,0.00016686507633754187,0.0,10.0,0.6976201608150389,0.3952403216300777,1.0
2022-12-22,19679.220703125,0.02707292258208338,0.00016698413425021702,0.0,10.0,0.6304493018371793,0.2608986036743585,1.0
2022-12-23,19593.060546875,-0.004378230091007573,0.00016638888253106012,0.0,10.0,0.6285520719338786,0.25710414386775715,1.0
2022-12-28,19898.91015625,0.015610098720578947,0.00017214285002814398,0.0,10.0,0.6195788280309499,0.2391576560618998,1.0
2022-12-29,19741.140625,-0.00792855136342463,0.00017043651096404543,0.0,10.0,0.6164684489684727,0.23293689793694544,1.0
2022-12-30,19781.41015625,0.002039878648096183,0.00016904762813023158,0.0,10.0,0.6204241193252109,0.2408482386504218,1.0
2023-01-03,20145.2890625,0.018394993247487612,0.00016884921089051262,0.0,10.0,0.5829973533820412,0.2014082833307067,0.9645864234333756
2023-01-04,20793.109375,0.03215740963012048,0.0001746031783875965,0.0,10.0,0.5785801185707631,0.24501573196514173,0.9121445051763843
2023-01-05,21052.169921875,0.01245896138970326,0.00017849206924438476,0.0,10.0,0.554573912822126,0.26060308538834437,0.8485447402559076
2023-01-06,20991.640625,-0.002875204651094143,0.00017829365200466577,0.0,10.0,0.5065383674297866,0.23153511262985327,0.78154162222972
2023-01-09,21388.33984375,0.018897961614184222,0.00017789681752522789,0.0,10.0,0.4864685440381334,0.26318522887831997,0.7097518591979468
2023-01-10,21331.4609375,-0.002659341803315396,0.0001811507959214468,0.0,10.0,0.4401082774171983,0.23929243029788397,0.6409241245365127
2023-01-11,21436.05078125,0.00490307926196154,0.00018075396144200885,0.0,10.0,0.34694019546411664,0.2415041433608196,0.4523762475674137
2023-01-12,21514.099609375,0.003641007801365559,0.00017757936129494318,0.0,10.0,0.30704769758912653,0.2354936392702387,0.3786017559080143
2023-01-13,21738.66015625,0.010437831512927653,0.00017809523476494682,0.0,10.0,0.2567583998132287,0.24576575177983737,0.26775104784662
2023-01-16,21746.720703125,0.00037079317754917795,0.00017809523476494682,0.0,10.0,0.2310054186102548,0.234527232765935,0.2274836044545746
2023-01-17,21577.640625,-0.0077749689451201975,0.00017829365200466577,0.0,10.0,0.18284213229100504,0.19184891959051253,0.17383534499149755
2023-01-18,21678.0,0.0046510819576688345,0.00017976191308763294,0.0,10.0,0.16420414842466707,0.19399752132906722,0.13441077552026692
2023-01-19,21650.98046875,-0.001246403323646117,0.00017956349584791396,0.0,10.0,0.15586291547343112,0.1850184808899048,0.1267073500569574
2023-01-20,22044.650390625,0.018182544778662768,0.0001800793693179176,0.0,10.0,0.1593261767286544,0.2321616084011779,0.0864907450561309
2023-01-26,22566.779296875,0.0236850617722677,0.00018027778655763655,0.0,10.0,0.16197272829122492,0.2853129761214809,0.03863248046096894
2023-01-27,22688.900390625,0.005411542876519793,0.00018047618487524608,0.0,10.0,0.1459175603639702,0.2918351207279404,0.0
2023-01-30,22069.73046875,-0.02728955177267378,0.00017996031140524242,0.0,10.0,0.26751459116602705,0.22265034918645654,0.31237883314559756
2023-01-31,21842.330078125,-0.010303723053935454,0.00018134921316116578,0.0,10.0,0.2861861894999206,0.20713967146933893,0.3652327075305023
2023-02-01,22072.1796875,0.010523126816272876,0.000179365078608195,0.0,10.0,0.2910240782525231,0.21631808210928832,0.3657300743957578
2023-02-02,21958.359375,-0.005156731872949516,0.0001789682630508665,0.0,10.0,0.2823645728604205,0.1854823848528772,0.3792467608679637
2023-02-03,21660.470703125,-0.01356607143492472,0.0001794841175987607,0.0,10.0,0.31326385257094336,0.2048272669488022,0.42170043819308456
2023-02-06,21222.16015625,-0.02023550424561016,0.0001798809520781986,0.0,10.0,0.4104930909660837,0.29316754381145893,0.5278186381207085
2023-02-07,21298.69921875,0.0036065632309092432,0.00018134921316116578,0.0,10.0,0.40490755777566156,0.2737023027042103,0.5361128128471129
2023-02-08,21283.51953125,-0.0007127049095391191,0.0001819444459582132,0.0,10.0,0.3382114073505779,0.2687421481036289,0.40768066659752694
2023-02-09,21624.359375,0.01601426132785755,0.00018305555222526427,0.0,10.0,0.23409366488630107,0.18152274059003573,0.2866645891825664
2023-02-10,21190.419921875,-0.020067158781437944,0.00018392858051118397,0.0,10.0,0.3149714245056674,0.31009829953332013,0.3198445494780146
2023-02-13,21164.419921875,-0.0012269695501956335,0.00018432539606851245,0.0,10.0,0.2126466218909301,0.27426926570714455,0.15102397807471563
2023-02-14,21113.759765625,-0.00239364728336533,0.0001849206288655599,0.0,10.0,0.21281274937050176,0.2911931031863377,0.13443239555466582
2023-02-15,20812.169921875,-0.014284042591079071,0.00018424603674146864,0.0,10.0,0.2510892708912459,0.4226245995838166,0.07955394219867512
2023-02-16,20987.669921875,0.008432566169639832,0.00018511904610527886,0.0,10.0,0.26510886769671244,0.3756111480938373,0.1546065872995876
2023-02-17,20719.810546875,-0.012762701910078,0.00018571427890232633,0.0,10.0,0.32709742117685253,0.5051500919395816,0.1490447504141235
2023-02-20,20886.9609375,0.008067177556804861,0.00018571427890232633,0.0,10.0,0.2358731135200108,0.3955331293174507,0.07621309772257089
2023-02-21,20529.490234375,-0.017114538787842748,0.00018603175405472046,0.0,10.0,0.3528779494105382,0.558331913685325,0.14742398513575145
2023-02-22,20423.83984375,-0.00514627442858262,0.0001863095306214832,0.0,10.0,0.3841768419112488,0.6240899156134391,0.14426376820905848
2023-02-23,20351.349609375,-0.0035492950850367633,0.00018611111338176424,0.0,10.0,0.32248764774526023,0.6449752954905205,0.0
2023-02-24,20010.0390625,-0.01677090480121146,0.00018662698685176788,0.0,10.0,0.345780308328012,0.691560616656024,0.0
2023-02-27,19943.509765625,-0.0033247959520319448,0.00018511904610527886,0.0,10.0,0.351095989596601,0.702191979193202,0.0
2023-02-28,19785.939453125,-0.00790083161648869,0.00018690476341853067,0.0,10.0,0.34861819569520675,0.6972363913904135,0.0
2023-03-01,20619.7109375,0.04213959546122603,0.0001874999962155781,0.0,10.0,0.5870090924320217,0.5636305207997008,0.6103876640643426
2023-03-02,20429.4609375,-0.009226608490131794,0.0001874206368885343,1.0,10.0,0.6120349445190142,0.6261985572442993,0.5978713317937291
2023-03-03,20567.5390625,0.006758774762702924,0.00018722221964881535,1.0,10.0,0.5683716957797451,0.5543682259308705,0.5823751656286198
2023-03-06,20603.189453125,0.001733332826871825,0.0001876190541282533,1.0,10.0,0.5082171649118244,0.45494529654872934,0.5614890332749195
2023-03-07,20534.48046875,-0.0033348712601668495,0.00019226189643617659,1.0,10.0,0.5188927027400618,0.5543802311857656,0.4834051742943581
2023-03-08,20051.25,-0.023532636702710552,0.0001937698371826656,1.0,10.0,0.6772444146681388,0.728283820022103,0.6262050093141746
2023-03-09,19925.740234375,-0.006259448444610682,0.00019238095434885176,1.0,10.0,0.6778730168992017,0.7250059277215549,0.6307401060768484
2023-03-10,19319.919921875,-0.030403904967849837,0.00019059523703559997,1.0,10.0,0.7662076758556413,0.7533808954349489,0.7790344562763338
2023-03-13,19695.970703125,0.019464406828323177,0.0001848412695385161,1.0,10.0,0.8360733923911476,0.7806324002482994,0.8915143845339958
2023-03-14,19247.9609375,-0.02274626482633413,0.00018571427890232633,1.0,10.0,0.8895338547986129,0.7963375218823492,0.9827301877148765
2023-03-15,19539.869140625,0.015165668928405207,0.00018087301935468402,1.0,10.0,0.6629737137256188,0.7836121993778307,0.5423352280734068
2023-03-16,19203.91015625,-0.01719351250293244,0.00017976191308763294,1.0,10.0,0.6905443065933751,0.8043009530903362,0.5767876600964139
2023-03-17,19518.58984375,0.016386229936489638,0.00017035715163700164,1.0,10.0,0.7299637094677895,0.7928278250983253,0.6670995938372538
2023-03-20,19000.7109375,-0.026532598430302534,0.0001771825457376147,1.0,10.0,0.7994150524285782,0.8451602015518369,0.7536699033053196
2023-03-21,19258.759765625,0.013581009098754926,0.00018273809599497962,1.0,10.0,0.8555046995668346,0.8565083715552865,0.8545010275783828
2023-03-22,19591.4296875,0.017273693941018076,0.00018107143659440298,1.0,10.0,0.8005680837704612,0.7266184595535826,0.8745177079873399
2023-03-23,20049.640625,0.02338833585954947,0.0001786904675619943,1.0,10.0,0.7307844661776675,0.4629846464135988,0.9985842859417361
2023-03-24,19915.6796875,-0.006681463274357369,0.0001786904675619943,1.0,10.0,0.6779251772069619,0.5854152117241701,0.7704351426897537
2023-03-27,19567.689453125,-0.017473178914070187,0.00018186508663116938,1.0,10.0,0.7801370920465982,0.7830639464409815,0.7772102376522148
2023-03-28,19784.650390625,0.011087713652638165,0.00018365078502231174,1.0,10.0,0.6514345109209143,0.6485602325608403,0.6543087892809883
2023-03-29,20192.400390625,0.020609411435099867,0.000183730163271465,1.0,10.0,0.5766265109793797,0.4565488799198862,0.6967041420388732
2023-03-30,20309.130859375,0.0057809109611453025,0.00018511904610527886,1.0,10.0,0.45397461525146227,0.33998323981830136,0.5679659906846232
2023-03-31,20400.109375,0.0044796853324229335,0.0001819444459582132,1.0,10.0,0.43946414459864225,0.34713965891584503,0.5317886302814395
2023-04-03,20409.1796875,0.0004446207779216227,0.00018134921316116578,1.0,10.0,0.2567761261973316,0.31851583459376503,0.19503641780089814
2023-04-04,20274.58984375,-0.00659457390305751,0.0001876190541282533,0.0,10.0,0.27660091408822085,0.31685384150244017,0.23634798667400156
2023-04-06,20331.19921875,0.002792134165784388,0.00018690476341853067,0.0,10.0,0.18845771821735502,0.26866746783078316,0.1082479686039269
2023-04-11,20485.240234375,0.007576582864966319,0.00019365079819209992,0.0,10.0,0.13620565151588782,0.26584030232008454,0.00657100071169108
2023-04-12,20309.859375,-0.00856132793017994,0.0001928571481553335,0.0,10.0,0.1539594272849447,0.28625395549663857,0.021664899073250827
2023-04-13,20344.48046875,0.0017046446807316151,0.00019265873091561453,0.0,10.0,0.12559081384984802,0.25118162769969604,0.0
2023-04-14,20438.810546875,0.004636642271101277,0.00019456348721943206,0.0,10.0,0.12170439568604777,0.24340879137209553,0.0
2023-04-17,20782.44921875,0.016813046487557992,0.00019535713725619844,0.0,10.0,0.12090448874921556,0.2418089774984311,0.0
2023-04-18,20650.509765625,-0.006348599808244093,0.00019960318292890276,0.0,10.0,0.1002345885289286,0.2004691770578572,0.0
2023-04-19,20367.759765625,-0.013692155942351958,0.00019821428117297945,0.0,10.0,0.11874351399947568,0.23748702799895136,0.0
2023-04-20,20396.970703125,0.0014341752768165517,0.00019623016554211814,0.0,10.0,0.11805717537861857,0.23611435075723713,0.0
2023-04-21,20075.73046875,-0.015749409020123895,0.00019642856385972766,0.0,10.0,0.1900079212829083,0.3800158425658166,0.0
2023-04-24,19959.939453125,-0.005767711207581794,0.00019337302162533715,0.0,10.0,0.23019764423153535,0.4603952884630707,0.0
2023-04-25,19617.880859375,-0.017137256080025143,0.0001965476217724028,0.0,10.0,0.3512326535699539,0.6951719272873537,0.007293379852554151
2023-04-26,19757.26953125,0.00710518495214485,0.00019781746561565097,0.0,10.0,0.3006313072620701,0.5553001717403153,0.045962442783824844
2023-04-27,19840.279296875,0.004201479637340855,0.0001984126984126984,0.0,10.0,0.2316785397280022,0.40535546015625823,0.058001619299746156
2023-04-28,19894.5703125,0.0027364037981840728,0.00019535713725619844,0.0,10.0,0.2191223146209722,0.39056248515755704,0.04768214408438738
2023-05-02,19933.810546875,0.001972409243256923,0.00019999999848623124,0.0,10.0,0.18807877345562884,0.3761575469112577,0.0
2023-05-03,19699.16015625,-0.011771476912214696,0.00020218253135681152,0.0,10.0,0.21568912435892745,0.4313782487178549,0.0
2023-05-04,19948.73046875,0.012669083885833432,0.0002005952312832787,0.0,10.0,0.1482669064869643,0.2965338129739286,0.0
2023-05-05,20049.310546875,0.005041928772488102,0.00020158729855976408,0.0,10.0,0.1492220829612515,0.298444165922503,0.0
2023-05-08,20297.029296875,0.012355474739185635,0.00020170635647243925,0.0,10.0,0.13859792797121645,0.2771958559424329,0.0
2023-05-09,19867.580078125,-0.021158230225155172,0.00020329365654597208,0.0,10.0,0.24571696084337544,0.35981265260080986,0.13162126908594102
2023-05-10,19762.19921875,-0.005304161803330487,0.00020099206576271663,0.0,10.0,0.21881541390339937,0.41980795314305386,0.017822874663744864
2023-05-11,19743.7890625,-0.0009315843872544916,0.00019900793120974586,0.0,10.0,0.2194203671925559,0.4388407343851118,0.0
2023-05-12,19627.240234375,-0.005903062869850317,0.00019952380467974954,0.0,10.0,0.29089071514052184,0.5807760247871796,0.0010054054938640807
2023-05-15,19971.130859375,0.01752108910338368,0.0001984126984126984,0.0,10.0,0.2157116337022167,0.2998650552345976,0.13155821216983576
2023-05-16,19978.25,0.0003564715826624987,0.00020071428919595384,0.0,10.0,0.2176783560419035,0.3031187225219349,0.13223798956187213
2023-05-17,19560.5703125,-0.020906720433471415,0.00020190475479004875,0.0,10.0,0.4200561506788768,0.5950606263827124,0.24505167497504124
2023-05-18,19727.25,0.00852120796260647,0.00020337301587301587,0.0,10.0,0.3464878443587427,0.48288897325691754,0.21008671546056787
2023-05-19,19450.5703125,-0.014025253773333857,0.00020178571579948303,0.0,10.0,0.4367108405982288,0.6282123127454344,0.24520936845102312
2023-05-22,19678.169921875,0.011701436293039214,0.00020218253135681152,0.0,10.0,0.3569750751743902,0.47589277164693,0.2380573787018504
2023-05-23,19431.25,-0.012547910850211452,0.000204484122140067,0.0,10.0,0.38962656941049933,0.6348165136072433,0.1444366252137554
2023-05-24,19115.9296875,-0.016227484721775487,0.00020575396598331513,0.0,10.0,0.4864496043855329,0.7605249249677583,0.21237428380330758
2023-05-25,18746.919921875,-0.019303783371116823,0.00020488095661950491,0.0,10.0,0.5555054034924788,0.8196283622000161,0.2913824447849415
2023-05-29,18551.109375,-0.010444944966480407,0.00020488095661950491,0.0,10.0,0.5532070830668033,0.8059759869090414,0.3004381792245653
2023-05-30,18595.779296875,0.002407938036050661,0.00020408730658273848,0.0,10.0,0.47692041149402137,0.8377382461867778,0.11610257680126491
2023-05-31,18234.26953125,-0.019440420315471885,0.0002082539740062895,0.0,10.0,0.4949906431420535,0.8497948202187534,0.14018646606535354
2023-06-01,18216.91015625,-0.0009520192169063524,0.00020646825669303775,0.0,10.0,0.46145866170553773,0.8300385426387801,0.09287878077229535
2023-06-02,18949.939453125,0.04023894780111803,0.00020694445049951947,1.0,10.0,0.7588370599452927,0.8172986220535091,0.7003754978370764
2023-06-05,19108.5,0.008367337915101025,0.00020408730658273848,1.0,10.0,0.6899465536865552,0.6805591885615724,0.6993339188115381
2023-06-06,19099.279296875,-0.0004825445809456541,0.00020468253937978596,1.0,10.0,0.6963051305728919,0.7438696834764031,0.6487405776693806
2023-06-07,19252.0,0.007996150051064355,0.000204484122140067,1.0,10.0,0.6262334132563191,0.6088729249434858,0.6435939015691524
2023-06-08,19299.1796875,0.002450638245377057,0.00020238094859653048,1.0,10.0,0.5218836990090371,0.47287835369568026,0.570889044322394
2023-06-09,19389.94921875,0.004703284425544352,0.00020218253135681152,1.0,10.0,0.39652426664854395,0.3588419212285896,0.4342066120684983
2023-06-12,19404.310546875,0.0007406583670219735,0.00020218253135681152,1.0,10.0,0.3363936567995518,0.30220030024148453,0.37058701335761907
2023-06-13,19521.419921875,0.006035224736127498,0.00020238094859653048,1.0,10.0,0.31352315469411984,0.2577975698643468,0.36924873952389287
2023-06-14,19408.419921875,-0.005788513358773506,0.00020158729855976408,1.0,10.0,0.2460529027576621,0.29843981652810514,0.19366598898721904
2023-06-15,19828.919921875,0.021665854391683892,0.0002005952312832787,0.0,10.0,0.21863902501975732,0.19490472243587473,0.24237332760363992
2023-06-16,20040.369140625,0.010663678081463734,0.00020099206576271663,0.0,10.0,0.10746160524534878,0.21492321049069757,0.0
2023-06-19,19912.890625,-0.0063610862020789805,0.00020099206576271663,0.0,10.0,0.08802988687108321,0.17605977374216641,0.0
2023-06-20,19607.080078125,-0.015357416089609055,0.00020138888132004512,0.0,10.0,0.1199006668054711,0.2398013336109422,0.0
2023-06-21,19218.349609375,-0.019826025456166407,0.0002037698503524538,0.0,10.0,0.3530588857938356,0.5549924138379844,0.15112535774968688
2023-06-23,18889.970703125,-0.01708673808753125,0.0002038888893430195,0.0,10.0,0.5087681313687232,0.7709630120158614,0.2465732507215851
2023-06-26,18794.130859375,-0.005073583503977908,0.00020456350038922024,0.0,10.0,0.5291374867179617,0.8285984159908495,0.2296765574450739
2023-06-27,19148.130859375,0.018835667509647935,0.00020555554874359614,0.0,10.0,0.5026494767117586,0.6265418528707873,0.37875710055272993
2023-06-28,19172.05078125,0.0012492040111209413,0.00020515873318626766,0.0,10.0,0.4278453214534283,0.49295892350697657,0.36273171939988
2023-06-29,18934.359375,-0.012397808088556617,0.00020535715042598664,0.0,10.0,0.5523159212056522,0.7115222190251813,0.39310962338612315
2023-06-30,18916.4296875,-0.000946939220118237,0.000204484122140067,0.0,10.0,0.47188157033433364,0.7710896573751397,0.17267348329352755
2023-07-03,19306.58984375,0.020625464883990086,0.0002041666659097823,0.0,10.0,0.36121051671200766,0.40653707455840377,0.3158839588656116
2023-07-04,19415.6796875,0.005650394224608002,0.0002041666659097823,0.0,10.0,0.2978037435438031,0.25790056815165163,0.3377069189359546
2023-07-05,19110.380859375,-0.01572434408884249,0.0002060714222135998,0.0,10.0,0.46984915281420503,0.5987655444588044,0.34093276116960564
2023-07-06,18533.05078125,-0.030210286355532134,0.0002068650722503662,1.0,10.0,0.6847660218891923,0.8835615319572474,0.48597051182113726
2023-07-07,18365.69921875,-0.009029898232907785,0.0002068650722503662,1.0,10.0,0.6616379050876028,0.8863696870707869,0.4369061231044186
2023-07-10,18479.720703125,0.0062083933215346665,0.00020734126605684796,1.0,10.0,0.6589870987026377,0.8621848450748555,0.4557893523304199
2023-07-11,18659.830078125,0.009746325601638794,0.00020805555676657055,1.0,10.0,0.5710469920854783,0.7806970355160635,0.36139694865489297
2023-07-12,18860.94921875,0.010778187142270523,0.00020753968329656692,1.0,10.0,0.5318482146585115,0.652824109736835,0.41087231958018805
2023-07-13,19350.619140625,0.025962103826047578,0.00020726190672980415,1.0,10.0,0.4549809329503891,0.3515155824620148,0.5584462834387635
2023-07-14,19413.779296875,0.0032639863247270196,0.00020694445049951947,1.0,10.0,0.45025494349474904,0.34533481945734507,0.5551750675321531
2023-07-18,19015.720703125,-0.02050392083184316,0.0002082539740062895,1.0,10.0,0.5709245661202015,0.572380228492769,0.5694689037476339
2023-07-19,18952.310546875,-0.0033346175640652786,0.00020813491609361436,1.0,10.0,0.5960604433994297,0.6379840360475929,0.5541368507512664
2023-07-20,18928.01953125,-0.001281691515391814,0.00020805555676657055,1.0,10.0,0.6023590979651069,0.7092046166442451,0.4955135792859688
2023-07-21,19075.259765625,0.007778956172985074,0.0002082539740062895,1.0,10.0,0.3713522335461629,0.5604995948047157,0.18220487228761018
2023-07-24,18668.150390625,-0.021342271612659225,0.00020833333333333332,1.0,10.0,0.5791760564439398,0.8213161008631741,0.3370360120247054
2023-07-25,19434.400390625,0.04104584460519467,0.0002089285661303808,1.0,10.0,0.5502009544723412,0.35703817239084573,0.7433637365538367
2023-07-26,19365.140625,-0.003563771674602867,0.00020904762404305594,1.0,10.0,0.5691444063947322,0.3851285734972282,0.7531602392922362
2023-07-27,19639.109375,0.014147521843776989,0.00020904762404305594,1.0,10.0,0.49886853509213636,0.230334215110714,0.7674028550735588
2023-07-28,19916.560546875,0.014127482391242507,0.0002085317505730523,1.0,10.0,0.43530607645924396,0.20340896935608957,0.6672031835623984
2023-07-31,20078.939453125,0.00815295923549808,0.0002082539740062895,0.0,10.0,0.45312747133548054,0.2327430486138542,0.6735118940571069
2023-08-01,20011.119140625,-0.0033776839986160434,0.00020873016781277126,0.0,10.0,0.35742539474371465,0.19710679121134297,0.5177439982760863
2023-08-02,19517.380859375,-0.024673196825241606,0.00020873016781277126,0.0,10.0,0.5792167892515085,0.42854950350650484,0.7298840749965122
2023-08-03,19420.869140625,-0.004944911381572048,0.00020865078956361802,0.0,10.0,0.6474931729135098,0.5538350716904308,0.7411512741365888
2023-08-04,19539.4609375,0.006106410378252658,0.00020845237232389904,0.0,10.0,0.6009756434478838,0.46445157386031705,0.7374997130354506
2023-08-07,19537.919921875,-7.886684437863334e-05,0.00020873016781277126,0.0,10.0,0.5160336296496506,0.4579930283748852,0.5740742309244159
2023-08-08,19184.169921875,-0.01810581686354107,0.00020932540060981873,0.0,10.0,0.4649923803601854,0.7281081880107944,0.20187657270957649
2023-08-09,19246.029296875,0.003224500994930324,0.0002095238178495377,0.0,10.0,0.4056246427011879,0.6057316519815761,0.2055176334207997
2023-08-10,19248.259765625,0.00011589241165510522,0.00020904762404305594,0.0,10.0,0.289018815335502,0.4647259933418712,0.11331163732913284
2023-08-11,19075.189453125,-0.008991478430121824,0.0002089285661303808,0.0,10.0,0.40428549163970195,0.7043673398787729,0.10420364340063104
2023-08-14,18773.55078125,-0.015813141600309666,0.00020912698337009975,0.0,10.0,0.4752278976274645,0.8462196488972588,0.1042361463576702
2023-08-15,18581.109375,-0.01025066640255401,0.0002095238178495377,0.0,10.0,0.49720773785663597,0.8803223508916038,0.11409312482166811
2023-08-16,18329.30078125,-0.013551860046031261,0.0002097222161671472,0.0,10.0,0.5008681111644528,0.8739301868969558,0.1278060354319499
2023-08-17,18326.630859375,-0.00014566414217676016,0.00020944443960038448,0.0,10.0,0.49297658058451377,0.8418049705541286,0.14414819061489892
2023-08-18,17950.849609375,-0.02050465537738322,0.00020944443960038448,0.0,10.0,0.499470817865598,0.8337648052219389,0.16517683050925713
2023-08-21,17623.2890625,-0.018247634736125673,0.0002095238178495377,0.0,10.0,0.4971609975583469,0.8053239833122118,0.18899801180448206
2023-08-22,17791.009765625,0.009516992119359191,0.00021011905064658514,0.0,10.0,0.5472377391271324,0.8822448838571355,0.2122305943971292
2023-08-23,17845.919921875,0.003086399084333946,0.00021011905064658514,0.0,10.0,0.5835074094529917,0.9302845753743147,0.23673024353166872
2023-08-24,18212.169921875,0.020522898320924465,0.0002104365068768698,1.0,10.0,0.6097672599151117,0.959484911527684,0.2600496083025394
2023-08-25,18119.390625,-0.005094357085014933,0.00021091270068335157,1.0,10.0,0.6148214758487838,0.9486909747400877,0.28095197695747975
2023-08-28,18130.740234375,0.0006263791983898148,0.00021123015691363621,1.0,10.0,0.6195948276925138,0.9337893145438857,0.3054003408411421
2023-08-29,18484.029296875,0.019485639192501347,0.00021111111792307052,1.0,10.0,0.4982593113124787,0.6565128019346668,0.34000582069029067
2023-08-30,18482.859375,-6.329366050061846e-05,0.00021091270068335157,1.0,10.0,0.5648666175560013,0.7773885004682657,0.35234473464373695
2023-08-31,18382.060546875,-0.005453638210402678,0.00021023808963715085,1.0,10.0,0.6076640248205623,0.8448468931521756,0.37048115648894875
2023-09-04,18844.16015625,0.025138618611152186,0.00021023808963715085,1.0,10.0,0.4419552240313412,0.5032739356213233,0.3806365124413591
2023-09-05,18456.91015625,-0.020550133133503512,0.00020944443960038448,1.0,10.0,0.6163929871199925,0.8418372541328335,0.39094872010715154
2023-09-06,18449.98046875,-0.0003754521987340276,0.0002103174678863041,1.0,10.0,0.6345015080750207,0.8679956839220363,0.401007332228005
2023-09-07,18202.0703125,-0.01343687906173685,0.00020964285684010338,1.0,10.0,0.6615960971992472,0.909431492791723,0.41376070160677125
2023-09-11,18096.44921875,-0.00580269672277145,0.00021003969131954133,1.0,10.0,0.6675196621128114,0.9081266339044413,0.42691269032118173
2023-09-12,18025.890625,-0.0038990297431881205,0.00021051586620391362,1.0,10.0,0.6596543490647506,0.8831760348531872,0.43613266327631406
2023-09-13,18009.220703125,-0.0009247766017108638,0.00021051586620391362,1.0,10.0,0.6474736306867082,0.8494048097390787,0.4455424516343376
2023-09-14,18047.919921875,0.0021488558215783105,0.00021011905064658514,1.0,10.0,0.6741729022082324,0.8887988699801015,0.4595469344363634
2023-09-15,18182.890625,0.007478463097645216,0.00021023808963715085,1.0,10.0,0.6703298687391128,0.8668584002919574,0.47380133718626816
2023-09-18,17930.55078125,-0.013877872828594873,0.0002103174678863041,1.0,10.0,0.6953891421675403,0.9030529990317009,0.4877252853033798
2023-09-19,17997.169921875,0.003715398452492913,0.00021071428344363258,1.0,10.0,0.706870164783601,0.9184828788922068,0.49525745067499516
2023-09-20,17885.599609375,-0.00619932539306578,0.00021091270068335157,1.0,10.0,0.7130940881284644,0.9245796199246684,0.5016085563322603
2023-09-21,17655.41015625,-0.012870099865388007,0.00021051586620391362,1.0,10.0,0.7078523391314742,0.9048519883616349,0.5108526899013133
2023-09-22,18057.44921875,0.022771437136943407,0.00021051586620391362,1.0,10.0,0.6982614423701763,0.877599153438942,0.5189237313014106
2023-09-25,17729.2890625,-0.018173118045335723,0.00021083334135630776,1.0,10.0,0.7327042116995328,0.9325735144663568,0.5328349089327089
2023-09-26,17466.900390625,-0.014799728909039578,0.00021130951624068002,1.0,10.0,0.7268966579792269,0.9016351972620941,0.5521581186963598
2023-09-27,17611.869140625,0.00829962653693328,0.00021150793348039898,1.0,10.0,0.7605224143750501,0.9510814545458837,0.5699633742042165
2023-09-28,17373.029296875,-0.013561300157464373,0.00021063492411658877,1.0,10.0,0.7435444993868925,0.9020865541311412,0.5850024446426438
2023-09-29,17809.66015625,0.025132684226436997,0.0002103174678863041,1.0,10.0,0.7504432565402017,0.9051684282727707,0.5957180848076327
2023-10-03,17331.220703125,-0.026864041701385233,0.00021190476795983693,1.0,10.0,0.7765682192215879,0.9343202368575018,0.6188162015856742
2023-10-04,17195.83984375,-0.007811386266092013,0.00021170635072011797,1.0,10.0,0.7737981521102375,0.9239861928092981,0.623610111411177
2023-10-05,17213.869140625,0.0010484685272031946,0.00021130951624068002,1.0,10.0,0.7777971521450106,0.9195660103471337,0.6360282939428874
2023-10-06,17485.98046875,0.015807679604279867,0.0002122222241901216,1.0,10.0,0.7944097324343689,0.9178123758194363,0.6710070890493015
2023-10-09,17517.400390625,0.0017968636034537688,0.0002122222241901216,1.0,10.0,0.7744577401734372,0.8807455984788283,0.6681698818680459
2023-10-10,17664.73046875,0.008410498980422343,0.00021123015691363621,1.0,10.0,0.7236639000899333,0.7610740214368532,0.6862537787430134
2023-10-11,17893.099609375,0.012927971985137177,0.00021170635072011797,1.0,10.0,0.6668937450186808,0.6285348505357915,0.7052526395015701
2023-10-12,18238.2109375,0.01928739769291732,0.00021170635072011797,1.0,10.0,0.6069320564022531,0.49094252565138585,0.7229215871531203
2023-10-13,17813.44921875,-0.023289659287613396,0.00021142857415335517,1.0,10.0,0.7048964267648374,0.6652472649446753,0.7445455885849994
2023-10-16,17640.359375,-0.009716806757885443,0.00021142857415335517,1.0,10.0,0.7463803687821953,0.7309904266187242,0.7617703109456664
2023-10-17,17773.33984375,0.007538421747714574,0.00021190476795983693,1.0,10.0,0.7318980992349043,0.6868221317724086,0.7769740666974001
2023-10-18,17732.51953125,-0.002296715916021541,0.00021150793348039898,1.0,10.0,0.7767112889462429,0.7586874603137481,0.7947351175787376
2023-10-19,17295.890625,-0.024623060782791195,0.00021071428344363258,1.0,10.0,0.8197611434840273,0.8231334781576302,0.8163888088104243
2023-10-20,17172.130859375,-0.007155443354048163,0.0002103174678863041,1.0,10.0,0.828753261318653,0.8239084477790644,0.8335980748582417
2023-10-24,16991.529296875,-0.01051713173973412,0.00021063492411658877,1.0,10.0,0.8412428743241323,0.8289349357567541,0.8535508128915104
2023-10-25,17085.330078125,0.005520443722935031,0.00021091270068335157,1.0,10.0,0.8397818515274584,0.8076626841141664,0.8719010189407506
2023-10-26,17044.609375,-0.0023833723398259954,0.0002103174678863041,1.0,10.0,0.8579307156685061,0.8268063719325567,0.8890550594044555
2023-10-27,17398.73046875,0.020776134316659922,0.00021051586620391362,1.0,10.0,0.8541742616267705,0.809194879225171,0.8991536440283698
2023-10-30,17406.359375,0.0004384748797450211,0.00021083334135630776,1.0,10.0,0.8367665298980018,0.7676973187146258,0.9058357410813778
2023-10-31,17112.48046875,-0.016883421737924453,0.00021111111792307052,1.0,10.0,0.8951313191999255,0.8798561008848816,0.9104065375149695
2023-11-01,17101.779296875,-0.0006253431169456203,0.0002103174678863041,1.0,10.0,0.910941697614357,0.9075535790309263,0.9143298161977875
2023-11-02,17230.58984375,0.007531996796294571,0.00020912698337009975,1.0,10.0,0.8695505058338973,0.8265066144165961,0.9125943972511985
2023-11-03,17664.119140625,0.025160444349631605,0.00020845237232389904,1.0,10.0,0.7579873348260305,0.6143633723945381,0.901611297257523
2023-11-06,17966.58984375,0.01712345239052193,0.00020873016781277126,1.0,10.0,0.6675981794190224,0.4452077417529603,0.8899886170850846
2023-11-07,17670.16015625,-0.01649893998126295,0.00020924602236066547,1.0,10.0,0.7666032247036133,0.6516618714070004,0.8815445780002262
2023-11-08,17568.4609375,-0.00575542144783725,0.00020904762404305594,1.0,10.0,0.8054426652603631,0.7325622699951475,0.8783230605255787
2023-11-09,17511.2890625,-0.0032542335497337538,0.00020884920680333698,1.0,10.0,0.8195051564294531,0.7651440269387155,0.8738662859201907
2023-11-10,17203.259765625,-0.01759032677580752,0.00020833333333333332,1.0,10.0,0.8433863815293252,0.8143435011692414,0.8724292618894092
2023-11-13,17426.2109375,0.01295982127297135,0.00020873016781277126,1.0,10.0,0.8422520993292799,0.8108066637632384,0.8736975348953213
2023-11-14,17396.859375,-0.0016843341679536605,0.00020845237232389904,1.0,10.0,0.8383243606748504,0.8017000180070124,0.8749487033426884
2023-11-15,18079.0,0.03921056153274782,0.0002085317505730523,1.0,10.0,0.679002723303366,0.489432721785981,0.8685727248207509
2023-11-16,17832.8203125,-0.013616886304552267,0.00020805555676657055,1.0,10.0,0.7678306253963708,0.6665648220234168,0.8690964287693248
2023-11-17,17454.189453125,-0.021232247773482982,0.00020765872228713263,1.0,10.0,0.8448065625487328,0.8226522602441799,0.8669608648532856
2023-11-20,17778.0703125,0.018556052702694448,0.00020785713952685162,1.0,10.0,0.7802564541353918,0.6991997310659581,0.8613131772048255
2023-11-21,17733.890625,-0.0024850665299110952,0.0002085317505730523,1.0,10.0,0.800278158422598,0.7457786642606207,0.8547776525845752
2023-11-22,17734.599609375,3.997906550745611e-05,0.0002089285661303808,1.0,10.0,0.7848678711492976,0.7221632116456814,0.8475725306529136
2023-11-23,17910.83984375,0.009937649468095833,0.0002089285661303808,1.0,10.0,0.6931167711859767,0.5490644769911839,0.8371690653807695
2023-11-24,17559.419921875,-0.019620516119886355,0.00020845237232389904,1.0,10.0,0.8187129641729214,0.8072179155526196,0.8302080127932232
2023-11-27,17525.060546875,-0.0019567488648754017,0.00020865078956361802,1.0,10.0,0.8335578202800775,0.84222681069146,0.8248888298686952
2023-11-28,17354.140625,-0.009752886240697034,0.00020873016781277126,1.0,10.0,0.8432409773511266,0.8623889595295904,0.8240929951726628
2023-11-29,16993.439453125,-0.020784732570126918,0.00020793649885389538,1.0,10.0,0.8389528042974967,0.854519073647197,0.8233865349477965
2023-11-30,17042.880859375,0.002909440810165531,0.00020785713952685162,1.0,10.0,0.8715819157563447,0.9200887729010406,0.8230750586116486
2023-12-01,16830.30078125,-0.012473247913838637,0.00020694445049951947,1.0,10.0,0.8502356879002311,0.8780401899178361,0.8224311858826261
2023-12-04,16646.05078125,-0.010947516767214616,0.00020726190672980415,1.0,10.0,0.8277241591771543,0.8335172077624259,0.8219311105918825
2023-12-05,16327.8603515625,-0.019115070227102016,0.00020805555676657055,1.0,10.0,0.8174536723238959,0.8053822041579854,0.8295251404898063
2023-12-06,16463.259765625,0.008292538712798558,0.00020805555676657055,1.0,10.0,0.844307641323047,0.8566979591426614,0.8319173235034327
2023-12-07,16345.8896484375,-0.007129214922099836,0.00020765872228713263,1.0,10.0,0.8510046341661482,0.8689691591059525,0.833040109226344
2023-12-08,16334.3701171875,-0.0007047356551254103,0.00020765872228713263,1.0,10.0,0.8432522273973246,0.8509254899046136,0.8355789648900358
2023-12-11,16201.490234375,-0.00813498664834833,0.00020765872228713263,1.0,10.0,0.8340243796193348,0.8308580651941024,0.8371906940445673
2023-12-12,16374.5,0.010678632836991886,0.0002082539740062895,1.0,10.0,0.864877348792228,0.887632562438563,0.842122135145893
2023-12-13,16228.75,-0.008901035146111291,0.00020726190672980415,1.0,10.0,0.8533104582844953,0.8631102947900015,0.843510621778989
2023-12-14,16402.189453125,0.010687172648848442,0.00020694445049951947,1.0,10.0,0.8773560779100611,0.9128769341564419,0.8418352216636804
2023-12-15,16792.189453125,0.02377731345650913,0.00020734126605684796,1.0,10.0,0.8163872072236468,0.7959465605051144,0.8368278539421792
2023-12-18,16629.23046875,-0.009704451276582815,0.00020734126605684796,1.0,10.0,0.8611236258392416,0.8844549247405715,0.8377923269379117
2023-12-19,16505.0,-0.007470608395466982,0.00020785713952685162,1.0,10.0,0.8776577857804562,0.9147672282663984,0.8405483432945138
2023-12-20,16613.810546875,0.006592580846713103,0.00020753968329656692,1.0,10.0,0.8537948081592162,0.863020247580646,0.8445693687377864
2023-12-21,16621.130859375,0.0004406161054590907,0.0002067460332598005,1.0,10.0,0.8275099986450112,0.8060336875547157,0.8489863097353068
2023-12-22,16340.41015625,-0.01688938649843208,0.00020666667393275668,1.0,10.0,0.894064996645074,0.9270594533790506,0.8610705399110974
2023-12-27,16624.83984375,0.017406520691967353,0.0002077381005362859,1.0,10.0,0.8395894378397599,0.8145447531727178,0.8646341225068022
2023-12-28,17043.529296875,0.025184570622038382,0.0002070634894900852,1.0,10.0,0.6734146097614301,0.48501588824797476,0.8618133312748855
2023-12-29,17047.390625,0.0002265568391230932,0.00020555554874359614,1.0,10.0,0.6473799012782162,0.4339198742746056,0.8608399282818269
2024-01-02,16788.55078125,-0.01518354623554008,0.0002068650722503662,1.0,0.0,0.7938607898333396,0.7244290155944214,0.8632925640722577
2024-01-03,16646.41015625,-0.008466521431900298,0.0002077381005362859,1.0,0.0,0.8366072627925363,0.8112605510603895,0.8619539745246829
2024-01-04,16645.98046875,-2.5812622419296716e-05,0.0002074603239695231,1.0,0.0,0.8279655816889947,0.7951138430788707,0.8608173202991187
2024-01-05,16535.330078125,-0.0066472738468441595,0.00020714284881712897,1.0,0.0,0.8717781603008009,0.8861946713451634,0.8573616492564384
2024-01-08,16224.4501953125,-0.018800948111932225,0.00020714284881712897,1.0,0.0,0.8894230737048985,0.919385565674534,0.859460581735263
2024-01-09,16190.01953125,-0.0021221467382881443,0.00020753968329656692,1.0,0.0,0.8736028641077233,0.886680870586747,0.8605248576286995
2024-01-10,16097.2802734375,-0.0057281745481216895,0.00020734126605684796,1.0,0.0,0.8607718259752022,0.853525052509457,0.8680185994409473
2024-01-11,16302.0400390625,0.012720146642590135,0.0002070634894900852,1.0,0.0,0.889250763044845,0.9058162473924071,0.8726852786972827
2024-01-12,16244.580078125,-0.003524709839984208,0.0002062698394533188,1.0,0.0,0.8743901743534976,0.873091853224841,0.8756884954821542
2024-01-15,16216.330078125,-0.0017390415673497195,0.0002062698394533188,1.0,0.0,0.8641439021311019,0.8502096548398982,0.8780781494223056
2024-01-16,15865.919921875,-0.021608474578516668,0.00020646825669303775,1.0,0.0,0.857021832781298,0.8294238405515523,0.8846198250110437
2024-01-17,15276.900390625,-0.03712482693410635,0.00020694445049951947,1.0,0.0,0.8392651993244205,0.7772443040785281,0.9012860945703127
2024-01-18,15391.7900390625,0.007520481609476493,0.00020634919878036254,1.0,0.0,0.8832085526822895,0.8451935183668219,0.921223586997757
2024-01-19,15308.6904296875,-0.005398956792166731,0.0002062698394533188,1.0,0.0,0.8817116916769423,0.8241343651112786,0.9392890182426061
2024-01-22,14961.1796875,-0.0227002266316384,0.00020634919878036254,1.0,0.0,0.8726852099925066,0.786379325198419,0.9589910947865943
2024-01-23,15353.98046875,0.02625466637354701,0.0002067460332598005,1.0,0.0,0.9180527863671286,0.863261304958676,0.9728442677755811
2024-01-24,15899.8701171875,0.035553623996627426,0.0002067460332598005,1.0,0.0,0.9392206048744818,0.8784412097489636,1.0
2024-01-25,16211.9599609375,0.019628452399283125,0.00020615080046275307,1.0,0.0,0.8521682546890196,0.7043365093780392,1.0
2024-01-26,15952.23046875,-0.016020856997754462,0.00020634919878036254,1.0,0.0,0.9419087480112229,0.8838174960224459,1.0
2024-01-29,16077.240234375,0.007836506993168735,0.00020634919878036254,1.0,0.0,0.9015810664135249,0.8031621328270498,1.0
2024-01-30,15703.4501953125,-0.023249639466311756,0.00020646825669303775,1.0,0.0,0.9515161302489226,0.9030322604978451,1.0
2024-01-31,15485.0703125,-0.013906490618073697,0.00020587302389599027,1.0,0.0,0.9480987813310904,0.8961975626621808,1.0
2024-02-01,15566.2099609375,0.005239863093937869,0.00020634919878036254,1.0,0.0,0.9411627610526427,0.8823255221052856,1.0
2024-02-02,15533.5595703125,-0.002097517038953889,0.0002067460332598005,1.0,0.0,0.9381845553303547,0.8763691106607093,1.0
2024-02-05,15510.009765625,-0.001516059766011879,0.0002074603239695231,1.0,0.0,0.9414562157304048,0.8829124314608097,1.0
2024-02-06,16136.8701171875,0.040416502699554435,0.00020726190672980415,1.0,0.0,0.8828057153370722,0.7656114306741444,1.0
2024-02-07,16081.8896484375,-0.003407133375352589,0.00020726190672980415,1.0,0.0,0.9041447370329471,0.8082894740658941,1.0
2024-02-08,15878.0703125,-0.012673842464607565,0.0002070634894900852,1.0,0.0,0.9253784970219979,0.8507569940439959,1.0
2024-02-09,15746.580078125,-0.008281247770485334,0.00020714284881712897,1.0,0.0,0.9486300333651432,0.8972600667302862,1.0
2024-02-14,15879.3798828125,0.008433564877492694,0.0002070634894900852,1.0,0.0,0.9376358426232084,0.8752716852464169,1.0
2024-02-15,15944.6298828125,0.004109102526769659,0.0002070634894900852,1.0,0.0,0.9154967725776465,0.830993545155293,1.0
2024-02-16,16339.9599609375,0.024793932567299448,0.00020726190672980415,1.0,0.0,0.7715800349643471,0.5431600699286941,1.0
2024-02-19,16155.6103515625,-0.011282133482316214,0.00020726190672980415,1.0,0.0,0.8886300530462012,0.7772601060924025,1.0
2024-02-20,16247.509765625,0.005688390104903185,0.0002068650722503662,1.0,0.0,0.809717595190993,0.619435190381986,1.0
2024-02-21,16503.099609375,0.015731016471875137,0.0002077381005362859,1.0,0.0,0.6959731979836489,0.3919463959672978,1.0
2024-02-22,16742.94921875,0.014533609749210141,0.00020765872228713263,1.0,0.0,0.6204276382290652,0.29084425059678276,0.9500110258613478
2024-02-23,16725.859375,-0.001020718842703161,0.00020793649885389538,0.0,0.0,0.6456828568724844,0.30735955568817797,0.9840061580567909
2024-02-26,16634.740234375,-0.005447800234479772,0.00020833333333333332,0.0,0.0,0.714250121337247,0.42850024267449394,1.0
2024-02-27,16790.80078125,0.00938160408134947,0.00020813491609361436,0.0,0.0,0.6283309926914826,0.27135827387745537,0.9853037115055099
2024-02-28,16536.849609375,-0.015124422901770296,0.00020793649885389538,0.0,0.0,0.8025710491735387,0.6051420983470774,1.0
2024-02-29,16511.439453125,-0.0015365778156194443,0.00020726190672980415,0.0,0.0,0.8584904896950547,0.727522379583433,0.9894585998066763
2024-03-01,16589.439453125,0.004723997578856665,0.00020694445049951947,0.0,0.0,0.7525467546358027,0.5226865454848704,0.982406963786735
2024-03-04,16595.970703125,0.000393699257799085,0.00020726190672980415,0.0,0.0,0.6824407927495122,0.3917525952933571,0.9731289902056672
2024-03-05,16162.6396484375,-0.026110618199989055,0.00020734126605684796,0.0,0.0,0.9426452056494841,0.9182280031672899,0.9670624081316781
2024-03-06,16438.08984375,0.01704240156954362,0.00020753968329656692,1.0,0.0,0.7928525568532734,0.627185806149818,0.9585193075567289
2024-03-07,16229.7802734375,-0.01267237083460171,0.0002074603239695231,1.0,0.0,0.924765767976184,0.897303158146218,0.9522283778061502
2024-03-08,16353.3896484375,0.007616207546710108,0.0002074603239695231,1.0,0.0,0.8328801724982448,0.72363197904846,0.9421283659480295
2024-03-11,16587.5703125,0.01432000760067953,0.00020793649885389538,1.0,0.0,0.6818817716341922,0.4308460388664266,0.9329175044019578
2024-03-12,17093.5,0.030500530093834355,0.00020793649885389538,1.0,0.0,0.57998302794083,0.2350181743633613,0.9249478815182988
2024-03-13,17082.109375,-0.0006663717202445296,0.00020785713952685162,1.0,0.0,0.5753362493338117,0.23422664806554205,0.9164458506020812
2024-03-14,16961.66015625,-0.007051191167659843,0.00020785713952685162,1.0,0.0,0.6263706442880179,0.34627341860351984,0.9064678699725159
2024-03-15,16720.890625,-0.014194927208306396,0.00020785713952685162,1.0,0.0,0.7724170779967912,0.6467796777696471,0.8980544782239352
2024-03-18,16737.119140625,0.0009705533029882307,0.00020785713952685162,1.0,0.0,0.7038463885031105,0.5170830759757054,0.8906097010305158
2024-03-19,16529.48046875,-0.012405878821225014,0.00020785713952685162,1.0,0.0,0.8544905791047774,0.8245452797272467,0.8844358784823081
2024-03-20,16543.0703125,0.0008221579483815855,0.0002074603239695231,1.0,0.0,0.7945053305620644,0.7152097832829712,0.8738008778411577
2024-03-21,16863.099609375,0.019345217715310392,0.0002074603239695231,1.0,0.0,0.6122732854668119,0.3640248633357339,0.8605217075978899
2024-03-22,16499.470703125,-0.021563586450491057,0.00020714284881712897,1.0,0.0,0.823860265078379,0.7978960537107007,0.8498244764460572
2024-03-25,16473.640625,-0.0015655094996537278,0.0002070634894900852,1.0,0.0,0.8512524957861543,0.8626234965291532,0.8398814950431555
2024-03-26,16618.3203125,0.00878249627956773,0.0002070634894900852,1.0,0.0,0.753097772319293,0.6789974815044457,0.8271980631341402
2024-03-27,16392.83984375,-0.013568186465896748,0.00020694445049951947,1.0,0.0,0.84561205810766,0.8747330155274294,0.8164911006878905
2024-03-28,16541.419921875,0.009063718034288515,0.00020646825669303775,1.0,0.0,0.7510486695281082,0.7029690262821009,0.7991283127741156
2024-04-02,16931.51953125,0.023583199702168045,0.0002068650722503662,1.0,0.0,0.570448954781808,0.3710373969227596,0.7698605126408564
2024-04-03,16725.099609375,-0.01219145874615779,0.0002067460332598005,1.0,0.0,0.6672009003905189,0.5903636014387217,0.7440381993423162
2024-04-05,16723.919921875,-7.053395959077946e-05,0.00020694445049951947,1.0,0.0,0.6670899609866134,0.6170039187401826,0.7171760032330443
2024-04-08,16732.849609375,0.0005339470376390931,0.00020726190672980415,1.0,0.0,0.5986143511465016,0.5118151656373798,0.6854135366556235
2024-04-09,16828.0703125,0.005690644770490971,0.00020714284881712897,1.0,0.0,0.558359933727991,0.45842341407632775,0.6582964533796543
2024-04-10,17139.169921875,0.018486944943646444,0.00020805555676657055,1.0,0.0,0.4494558133924,0.2837793414572425,0.6151322853275575
2024-04-11,17095.029296875,-0.002575423734125115,0.00020785713952685162,0.0,0.0,0.4196960379914088,0.22581454572803242,0.6135775302547852
2024-04-12,16721.689453125,-0.021839087682537506,0.00020753968329656692,0.0,0.0,0.6336577109336334,0.6733872074915417,0.5939282143757252
2024-04-15,16600.4609375,-0.0072497767623800335,0.00020785713952685162,0.0,0.0,0.6892648369782872,0.8004857370146202,0.5780439369419543
2024-04-16,16248.9697265625,-0.021173581399989372,0.00020765872228713263,0.0,0.0,0.7453935294683112,0.9287803129261117,0.5620067460105105
2024-04-17,16251.83984375,0.0001766337949911101,0.00020793649885389538,0.0,0.0,0.7338923714114057,0.9236217639445805,0.544162978878231
2024-04-18,16385.869140625,0.008247022993310038,0.00020805555676657055,0.0,0.0,0.6446273640276045,0.7628805560227512,0.5263741720324577
2024-04-19,16224.1396484375,-0.009870058817113891,0.00020813491609361436,0.0,0.0,0.7027694325447094,0.8968367994162576,0.5087020656731611
2024-04-22,16511.689453125,0.01772357800896973,0.00020813491609361436,0.0,0.0,0.5585642412960921,0.6292223776012325,0.48790610499095166
2024-04-23,16828.9296875,0.019213069339488964,0.00020813491609361436,0.0,0.0,0.37302227468017723,0.2732855363174341,0.47275901304292045
2024-04-24,17201.26953125,0.02212498659534856,0.0002085317505730523,0.0,0.0,0.3378321915098862,0.18808163485103732,0.48758274816873504
2024-04-25,17284.5390625,0.004840894510647731,0.00020813491609361436,0.0,0.0,0.344419502146897,0.1999512454436389,0.48888775885015506
2024-04-26,17651.150390625,0.021210361861508265,0.00020785713952685162,0.0,0.0,0.3115424188240525,0.22270237778325294,0.400382459864852
2024-04-29,17746.91015625,0.005425128872952101,0.00020805555676657055,0.0,0.0,0.3110111941934294,0.24904959512900576,0.37297279325785304
2024-04-30,17763.029296875,0.0009082787078471544,0.00020813491609361436,0.0,0.0,0.17906895756158436,0.15870039328894123,0.19943752183422753
2024-05-02,18207.130859375,0.025001454148258828,0.00020785713952685162,0.0,0.0,0.16792915821981538,0.202102887836705,0.13375542860292577
2024-05-03,18475.919921875,0.014762845644161304,0.0002077381005362859,0.0,0.0,0.14576144805370678,0.22668741928488645,0.06483547682252712
2024-05-06,18578.30078125,0.005541313223261124,0.00020793649885389538,0.0,0.0,0.13890501814317782,0.2207330886694551,0.05707694761690057
2024-05-07,18479.369140625,-0.005325117823738013,0.00020805555676657055,0.0,0.0,0.13390954191555324,0.17643982301104955,0.09137926082005692
2024-05-08,18313.859375,-0.008956461898969481,0.00020813491609361436,0.0,0.0,0.10719017564238276,0.13719338104490603,0.07718697023985947
2024-05-09,18537.810546875,0.01222850778141904,0.00020793649885389538,0.0,0.0,0.10719263689387176,0.14576641218653333,0.06861886160121018
2024-05-10,18963.6796875,0.022973001021244777,0.00020805555676657055,0.0,0.0,0.13093251007607604,0.2080343673126875,0.05383065283946455
2024-05-13,19115.060546875,0.007982673292820097,0.00020793649885389538,0.0,0.0,0.1321016140600189,0.21962396540463364,0.04457926271540418
2024-05-14,19073.7109375,-0.0021631953125965664,0.0002077381005362859,0.0,0.0,0.12451480593767983,0.19187321376262695,0.0571563981127327
2024-05-16,19376.529296875,0.015876216241677454,0.00020805555676657055,0.0,0.0,0.13633086459954522,0.22962530133684916,0.04303642786224128
2024-05-17,19553.609375,0.0091388955891889,0.00020793649885389538,0.0,0.0,0.13301442152068133,0.24339254974838725,0.0226362932929754
2024-05-20,19636.220703125,0.004224863376406596,0.00020793649885389538,0.0,0.0,0.12368588438891082,0.24214637222165786,0.0052253965561637715
2024-05-21,19220.619140625,-0.02116504844712097,0.00020793649885389538,0.0,0.0,0.1772556299974235,0.13545446481030274,0.2190567951845443
2024-05-22,19195.599609375,-0.00130170266977081,0.00020813491609361436,0.0,0.0,0.1689716970796438,0.1405295257156966,0.197413868443591
2024-05-23,18868.7109375,-0.017029354567041022,0.00020813491609361436,0.0,0.0,0.24113892358037864,0.1859142303983751,0.2963636167623822
2024-05-24,18608.939453125,-0.013767314854494117,0.00020813491609361436,0.0,0.0,0.32380909831466337,0.3048263521775883,0.34279184445173844
2024-05-27,18827.349609375,0.011736840608255195,0.00020813491609361436,0.0,0.0,0.18435020768680246,0.16879290795991567,0.19990750741368926
2024-05-28,18821.16015625,-0.0003287479785215597,0.0002082539740062895,0.0,0.0,0.1868847199671999,0.20577669617466174,0.16799274375973808
2024-05-29,18477.009765625,-0.01828529101117693,0.00020833333333333332,0.0,0.0,0.33453320117839846,0.4033698822455156,0.26569652011128125
2024-05-30,18230.189453125,-0.013358239002459693,0.0002082539740062895,0.0,0.0,0.33586630455294725,0.5375982016251591,0.13413440748073532
2024-05-31,18079.609375,-0.008259929416103096,0.00020813491609361436,0.0,0.0,0.31338030052167654,0.6028978883110754,0.023862712732277695
2024-06-03,18403.0390625,0.017889196651960315,0.00020805555676657055,0.0,0.0,0.3594762268427762,0.4901423140571449,0.2288101396284075
2024-06-04,18444.109375,0.0022317135968965562,0.00020793649885389538,0.0,0.0,0.300466067947595,0.4497952810598476,0.15113685483534237
2024-06-05,18424.9609375,-0.00103818715833226,0.00020793649885389538,0.0,0.0,0.3158966411165284,0.4800461713513731,0.1517471108816837
2024-06-06,18476.80078125,0.00281356600569449,0.00020765872228713263,0.0,0.0,0.27527373620024354,0.46629533605396806,0.08425213634651897
2024-06-07,18366.94921875,-0.005945377871448221,0.00020785713952685162,0.0,0.0,0.2683676987359588,0.5093496016278973,0.02738579584402027
2024-06-11,18176.33984375,-0.010377846245984923,0.00020813491609361436,0.0,0.0,0.2755861518159923,0.5511723036319846,0.0
2024-06-12,17937.83984375,-0.013121453606734224,0.00020805555676657055,0.0,0.0,0.3160002364650094,0.6320004729300188,0.0
2024-06-13,18112.630859375,0.009744262249386848,0.00020793649885389538,0.0,0.0,0.26700766521329244,0.5340153304265849,0.0
2024-06-14,17941.779296875,-0.009432730332025074,0.00020793649885389538,0.0,0.0,0.3236176462948206,0.6472352925896412,0.0
2024-06-17,17936.119140625,-0.00031547351889371633,0.00020805555676657055,0.0,0.0,0.32523206813088057,0.6504641362617611,0.0
2024-06-18,17915.55078125,-0.001146756397732318,0.0002077381005362859,0.0,0.0,0.32849280791910057,0.6569856158382011,0.0
2024-06-19,18430.390625,0.028737036892486634,0.0002077381005362859,0.0,0.0,0.2517091020760297,0.3628222939324334,0.14059591021962595
2024-06-20,18335.3203125,-0.00515834495504619,0.00020734126605684796,0.0,0.0,0.3096375622581973,0.46901891533551826,0.1502562091808763
2024-06-21,18028.51953125,-0.016732774558666397,0.00020694445049951947,0.0,0.0,0.44223303343459364,0.6494755292754412,0.23499053759374605
2024-06-24,18027.7109375,-4.4850812547236885e-05,0.0002067460332598005,0.0,0.0,0.4289272765590961,0.6269293968140084,0.23092515630418392
2024-06-25,18072.900390625,0.0025066661697465964,0.00020726190672980415,0.0,0.0,0.39163950258270636,0.5798305284445399,0.20344847672087288
2024-06-26,18089.9296875,0.0009422558918010804,0.00020753968329656692,0.0,0.0,0.30333503102131004,0.473746619423299,0.13292344261932112
2024-06-27,17716.470703125,-0.020644579101546046,0.00020726190672980415,0.0,0.0,0.5020267454659051,0.7562506101496714,0.24780288078213883
2024-06-28,17718.609375,0.00012071658688905806,0.0002068650722503662,0.0,0.0,0.4682101586439953,0.7101535455500305,0.22626677173796
2024-07-02,17769.140625,0.0028518744857763956,0.0002074603239695231,0.0,0.0,0.41349247603193257,0.5952550796464476,0.23172987241741752
2024-07-03,17978.5703125,0.011786146101255168,0.00020753968329656692,0.0,0.0,0.3234068188685931,0.3623630830300172,0.284450554707169
2024-07-04,18028.279296875,0.0027649019644482298,0.00020753968329656692,0.0,0.0,0.1603410068763496,0.3206820137526992,0.0
2024-07-05,17799.609375,-0.012683957138085677,0.00020734126605684796,0.0,0.0,0.26669790510925845,0.5333958102185169,0.0
2024-07-08,17524.060546875,-0.015480610968463981,0.0002070634894900852,0.0,0.0,0.35323577228390235,0.7064715445678047,0.0
2024-07-09,17523.23046875,-4.736791012449615e-05,0.00020734126605684796,0.0,0.0,0.3734246378588927,0.7468492757177854,0.0
2024-07-10,17471.669921875,-0.0029424110449811636,0.00020734126605684796,0.0,0.0,0.3796374636373163,0.7592749272746326,0.0
2024-07-11,17832.330078125,0.020642569248543463,0.0002062698394533188,0.0,0.0,0.36171952124886486,0.5577141036121275,0.16572493888560225
2024-07-12,18293.380859375,0.02585476935600095,0.0002062698394533188,0.0,0.0,0.22330104303465526,0.22146317800275803,0.22513890806655246
2024-07-15,18015.939453125,-0.015166218228481076,0.0002060714222135998,0.0,0.0,0.39145264353340814,0.44664799050802345,0.3362572965587928
2024-07-16,17727.98046875,-0.01598356750277885,0.0002060714222135998,0.0,0.0,0.5633670857119119,0.6975639690689655,0.4291702023548582
2024-07-17,17739.41015625,0.0006447258626072205,0.00020615080046275307,0.0,0.0,0.4973582182656495,0.6160988965641073,0.3786175399671917
2024-07-18,17778.41015625,0.002198494744553914,0.0002060714222135998,0.0,0.0,0.4441919387842619,0.5111907079181206,0.3771931696504032
2024-07-19,17417.6796875,-0.020290367112673735,0.0002060714222135998,1.0,0.0,0.6104586368178623,0.7701705549566833,0.4507467186790412
2024-07-22,17635.880859375,0.012527568297836744,0.00020595238322303409,1.0,0.0,0.5162918666802302,0.5965142027883764,0.436069530572084
2024-07-23,17469.359375,-0.009442198305988136,0.00020527777217683337,1.0,0.0,0.6044220410984511,0.7428038262053352,0.46604025599156695
2024-07-24,17311.05078125,-0.0090620720744089,0.00020515873318626766,1.0,0.0,0.6447104159846396,0.8023665920988319,0.48705423987044744
2024-07-25,17021.91015625,-0.016702661707466926,0.0002047618987068297,1.0,0.0,0.6030456444943386,0.8308856950082204,0.3752055939804567
2024-07-26,17021.310546875,-3.522573962000397e-05,0.00020456350038922024,1.0,0.0,0.4087034677238573,0.8174069354477146,0.0
2024-07-29,17238.33984375,0.01275044575899864,0.0002042460252368261,1.0,0.0,0.446988522704514,0.7871772546525656,0.10679979075646237
2024-07-30,17002.91015625,-0.013657329512816063,0.0002037698503524538,1.0,0.0,0.44493859376535694,0.8040600982832594,0.08581708924745445
2024-07-31,17344.599609375,0.020095939458893097,0.0002037698503524538,1.0,0.0,0.5199544772375908,0.7486234503602724,0.29128550411490917
2024-08-01,17304.9609375,-0.0022853610211661657,0.00020297618139357795,1.0,0.0,0.5251868568751621,0.7666469226676759,0.2837267910826484
2024-08-02,16945.509765625,-0.02077156794362167,0.00019960318292890276,1.0,0.0,0.569109461805609,0.8482912112284687,0.2899277123827493
2024-08-05,16698.359375,-0.014585007712565767,0.00020079364852299765,1.0,0.0,0.5382148281315842,0.8460633056032633,0.230366350659905
2024-08-06,16647.33984375,-0.0030553619133616428,0.00020158729855976408,1.0,0.0,0.5184616730724874,0.8123470503165678,0.224576295828407
2024-08-07,16877.859375,0.013847229251858328,0.00020158729855976408,1.0,0.0,0.5837200147965722,0.8432520200866453,0.32418800950649895
2024-08-08,16891.830078125,0.0008277532603271354,0.00020170635647243925,1.0,0.0,0.5531287006396322,0.8627199300695239,0.2435374712097404
2024-08-09,17090.23046875,0.011745346105625831,0.00020138888132004512,1.0,0.0,0.5208087130294836,0.7468527501395279,0.2947646759194393
2024-08-12,17111.650390625,0.0012533430672083679,0.0002013095219930013,1.0,0.0,0.4661475941598163,0.6972454745333057,0.23504971378632694
2024-08-13,17174.060546875,0.00364723184644955,0.00020051587195623488,1.0,0.0,0.3834769255036995,0.6017379742906616,0.16521587671673746
2024-08-14,17113.359375,-0.0035344682586463394,0.00020091270643567282,1.0,0.0,0.3381496369560714,0.6762992739121428,0.0
2024-08-15,17109.140625,-0.0002465179341797352,0.00020158729855976408,1.0,0.0,0.3613032691115506,0.7226065382231012,0.0
2024-08-16,17430.16015625,0.018763042416106046,0.00020138888132004512,1.0,0.0,0.22302871518587472,0.44605743037174944,0.0
2024-08-19,17569.5703125,0.00799821430212222,0.00020091270643567282,1.0,0.0,0.19595888421155525,0.3919177684231105,0.0
2024-08-20,17511.080078125,-0.003329064589211228,0.00019972222191946848,0.0,0.0,0.23455951261987873,0.46911902523975746,0.0
2024-08-21,17391.009765625,-0.006856819337488718,0.0001986111156524174,0.0,0.0,0.2697633476003081,0.5395266952006162,0.0
2024-08-22,17641.0,0.014374681961776048,0.0001994047656891838,0.0,0.0,0.13247685181107666,0.2649537036221533,0.0
2024-08-23,17612.099609375,-0.0016382512683521533,0.0001984126984126984,0.0,0.0,0.1357996181223314,0.2715992362446628,0.0
2024-08-26,17798.73046875,0.010596741076552618,0.0001983333390856546,0.0,0.0,0.08702710013185086,0.17405420026370172,0.0
2024-08-27,17874.669921875,0.0042665657114326905,0.00019714285456945026,0.0,0.0,0.08005715819044873,0.16011431638089746,0.0
2024-08-28,17692.44921875,-0.010194353457794403,0.00019662698109944662,0.0,0.0,0.09419489475598075,0.1883897895119615,0.0
2024-08-29,17786.3203125,0.005305715030710312,0.00019702381557888457,0.0,0.0,0.0741080446058268,0.1482160892116536,0.0
2024-08-30,17989.0703125,0.011399209979228164,0.00019714285456945026,0.0,0.0,0.05762332742063174,0.11524665484126348,0.0
2024-09-02,17691.970703125,-0.016515562183808674,0.00019714285456945026,0.0,0.0,0.1282450348875876,0.2564900697751752,0.0
2024-09-03,17651.490234375,-0.002288070075927129,0.00019722221389649407,0.0,0.0,0.14024345022542856,0.2804869004508571,0.0
2024-09-04,17457.33984375,-0.010999093450302921,0.00019634920453268385,0.0,0.0,0.21115524558206716,0.4223104911641343,0.0
2024-09-05,17444.30078125,-0.0007469100456716227,0.00019571429207211448,0.0,0.0,0.20813192143488154,0.4162638428697631,0.0
2024-09-09,17196.9609375,-0.014178833927001144,0.00019424603098914736,0.0,0.0,0.37248523010772355,0.7449704602154471,0.0
2024-09-10,17234.08984375,0.0021590388199950183,0.00019186508087884813,0.0,0.0,0.33093175817021975,0.6618635163404395,0.0
2024-09-11,17108.7109375,-0.00727505237507331,0.00019345238095238096,0.0,0.0,0.33991461920217697,0.6798292384043539,0.0
2024-09-12,17240.390625,0.007696645760223664,0.00019206349811856709,0.0,0.0,0.27304113983523914,0.5460822796704783,0.0
2024-09-13,17369.08984375,0.007464982757604988,0.00018900793696206714,0.0,0.0,0.1961657854729526,0.3923315709459052,0.0
2024-09-16,17422.119140625,0.003053084378746629,0.00018829364625234452,0.0,0.0,0.12694461638703453,0.25388923277406905,0.0
2024-09-17,17660.01953125,0.013655077703507601,0.00018789683069501603,0.0,0.0,0.06461916087694856,0.12923832175389713,0.0
2024-09-19,18013.16015625,0.01999661576676659,0.00018226190218849787,0.0,0.0,0.0765740910710748,0.1372587783389976,0.015889403803151982
2024-09-20,18258.5703125,0.01362393683958052,0.00018035714588468036,0.0,0.0,0.08840797394435494,0.17681594788870988,0.0
2024-09-23,18247.109375,-0.0006277018027065484,0.0001786904675619943,0.0,0.0,0.045726570292903404,0.09145314058580681,0.0
2024-09-24,19000.560546875,0.04129153590251877,0.00017837301133170959,0.0,0.0,0.24757644421102992,0.2371794137942572,0.2579734746278026
2024-09-25,19129.099609375,0.0067650142311797,0.00017805555510142494,0.0,0.0,0.23784464781954176,0.2378230391978708,0.23786625644121273
2024-09-26,19924.580078125,0.041584835930288166,0.00017730158472818041,0.0,0.0,0.3513888307238004,0.32162693436287965,0.38115072708472114
2024-09-27,20632.30078125,0.03551998086534325,0.00017785713786170598,0.0,0.0,0.4138367359655354,0.3605693355173111,0.46710413641375964
2024-09-30,21133.6796875,0.024300678415159593,0.00017849206924438476,0.0,0.0,0.4049726476977683,0.37702161024574665,0.4329236851497899
2024-10-02,22443.73046875,0.06198876866790304,0.00017750000196789937,0.0,0.0,0.5875038734500657,0.41437777879004617,0.7606299681100852
2024-10-03,22113.509765625,-0.014713271645495407,0.0001771825457376147,0.0,0.0,0.6699745155388863,0.33994903107777263,1.0
2024-10-04,22736.869140625,0.028189074534382463,0.00017876984581114753,0.0,0.0,0.6778042256056753,0.3556084512113507,1.0
2024-10-07,23099.779296875,0.015961307337674313,0.00017956349584791396,0.0,0.0,0.6795558741362532,0.3591117482725064,1.0
2024-10-08,20926.7890625,-0.09406974008054558,0.0001796825348384797,0.0,0.0,0.6891348084693761,0.37826961693875233,1.0
2024-10-09,20637.240234375,-0.013836275945642296,0.00017996031140524242,0.0,0.0,0.6976812100713945,0.3953624201427889,1.0
2024-10-10,21251.98046875,0.02978790901271,0.00017976191308763294,0.0,0.0,0.684236610145377,0.3684732202907539,1.0
2024-10-14,21092.869140625,-0.007486894144240641,0.0001792857192811512,0.0,0.0,0.6842045171295669,0.3684090342591338,1.0
2024-10-15,20318.7890625,-0.03669866213857631,0.00017916666136847602,0.0,0.0,0.729537613808655,0.45907522761731007,1.0
2024-10-16,20286.849609375,-0.0015719171564189116,0.0001786904675619943,0.0,0.0,0.7329542135448209,0.4659084270896418,1.0
2024-10-17,20079.099609375,-0.010240624049581037,0.00017916666136847602,0.0,0.0,0.7566586223579472,0.5133172447158943,1.0
2024-10-18,20804.109375,0.03610768309981838,0.0001790873020414322,0.0,0.0,0.691761529411781,0.3835230588235621,1.0
2024-10-21,20478.4609375,-0.015653082361282267,0.0001792857192811512,0.0,0.0,0.7210955655852542,0.44219113117050846,1.0
2024-10-22,20498.94921875,0.001000479543483701,0.00017857142857142857,0.0,0.0,0.7106995584654452,0.4213991169308905,1.0
2024-10-23,20760.150390625,0.012742173712791294,0.00017876984581114753,0.0,0.0,0.6855955041471198,0.3711910082942395,1.0
2024-10-24,20489.619140625,-0.013031276022073879,0.00017805555510142494,0.0,0.0,0.7118369537219341,0.42367390744386824,1.0
2024-10-25,20590.150390625,0.0049064479583553755,0.0001789682630508665,0.0,0.0,0.5885592740167859,0.4058554355336231,0.7712631124999487
2024-10-28,20599.359375,0.0004472519238709616,0.00017785713786170598,0.0,0.0,0.5700052608142416,0.37254437171296567,0.7674661499155175
2024-10-29,20701.140625,0.004940991035067066,0.00017777777853466217,0.0,0.0,0.37045491421811083,0.3564641668702856,0.384445661565936
2024-10-30,20380.640625,-0.015482238674952242,0.00017710316748846146,0.0,0.0,0.44393731039856865,0.4153917981719888,0.47248282262514857
2024-10-31,20317.330078125,-0.0031064061252981112,0.00017587302223084464,0.0,0.0,0.45374251063638366,0.4693801395967011,0.4381048816760662
2024-11-01,20506.4296875,0.009307306060780007,0.0001746031783875965,0.0,0.0,0.20717165834431608,0.41434331668863217,0.0
2024-11-04,20567.51953125,0.00297905801648346,0.0001753174690973191,0.0,0.0,0.18795585128252462,0.37591170256504924,0.0
2024-11-05,21006.970703125,0.021366269822051365,0.00017551586741492862,0.0,0.0,0.17299235223379644,0.30269903476094234,0.043285669706650515
2024-11-06,20538.380859375,-0.022306397736837513,0.0001757936439816914,0.0,0.0,0.28919804037851315,0.36965574440654037,0.20874033635048594
2024-11-07,20953.33984375,0.020204074859464294,0.0001753968284243629,0.0,0.0,0.2893569061633218,0.29758313345312776,0.2811306788735159
2024-11-08,20728.189453125,-0.010745322335434682,0.00017551586741492862,0.0,0.0,0.3407675435679943,0.3508764761161828,0.3306586110198058
2024-11-11,20426.9296875,-0.014533819574848672,0.00017519841118464392,0.0,0.0,0.40034923178987436,0.3985422530559493,0.40215621052379946
2024-11-12,19846.880859375,-0.028396280645150207,0.00017551586741492862,0.0,0.0,0.5924089286918195,0.5914758953873422,0.5933419619962967
2024-11-13,19823.44921875,-0.0011806208134681473,0.00017420634390815856,0.0,0.0,0.565733342875367,0.5797424317114594,0.5517242540392746
2024-11-14,19435.810546875,-0.019554552166852535,0.0001739285673413958,1.0,0.0,0.6560320202124619,0.6854729315906632,0.6265911088342605
2024-11-15,19426.33984375,-0.0004872810990906862,0.0001743254018208337,1.0,0.0,0.6350915002941893,0.6952587340865914,0.5749242665017871
2024-11-18,19576.609375,0.007735349657148394,0.00017472221737816225,1.0,0.0,0.6321999886449492,0.660898126985755,0.6035018503041435
2024-11-19,19663.669921875,0.004447171888007251,0.00017492063461788118,1.0,0.0,0.5060580188003475,0.6002796899860936,0.41183634761460136
2024-11-20,19705.009765625,0.0021023463023051026,0.00017499999394492496,1.0,0.0,0.4294233960775675,0.5266024210701229,0.33224437108501215
2024-11-21,19601.109375,-0.005272790618264578,0.00017511905185760014,1.0,0.0,0.34119223134601206,0.6007811814265412,0.08160328126548283
2024-11-22,19229.970703125,-0.01893457481280958,0.00017519841118464392,1.0,0.0,0.4329390926014842,0.7302493113397455,0.13562887386322298
2024-11-25,19150.990234375,-0.004107154918190581,0.00017480159562731546,1.0,0.0,0.43076835946503456,0.7469329435304006,0.11460377539966847
2024-11-26,19159.19921875,0.0004286454264001982,0.00017440476114787752,1.0,0.0,0.37101226749370425,0.7420245349874085,0.0
2024-11-27,19603.130859375,0.023170678249983867,0.00017400794559054903,1.0,0.0,0.3642290296773297,0.5634076466314568,0.16505041272320256
2024-11-28,19366.9609375,-0.012047561359927017,0.00017400794559054903,1.0,0.0,0.37678605001564736,0.6832567927777938,0.0703153072535009
2024-11-29,19423.609375,0.0029250039633379465,0.0001735317517840673,1.0,0.0,0.34958258420300825,0.6248524271368423,0.07431274126917417
2024-12-02,19550.2890625,0.006521943736319535,0.00017380952835083008,1.0,0.0,0.29468163427340627,0.5226159435026724,0.06674732504414015
2024-12-03,19746.3203125,0.010027025655391153,0.0001728968204013885,1.0,0.0,0.22716464553136267,0.360806153796029,0.09352313726669637
2024-12-04,19742.4609375,-0.0001954478069292609,0.00017242062659490677,1.0,0.0,0.2371390490441873,0.37485523050635855,0.09942286758201604
2024-12-05,19560.439453125,-0.00921979711400911,0.0001718253937978593,0.0,0.0,0.30422569060610644,0.4848533536084938,0.12359802760371906
2024-12-06,19865.849609375,0.015613665377093966,0.00017043651096404543,0.0,0.0,0.15148503995348245,0.2767816109264321,0.02618846898053277
2024-12-09,20414.08984375,0.027597119939752224,0.00017035715163700164,0.0,0.0,0.2096710003742155,0.21190694753872402,0.20743505320970698
2024-12-10,20311.279296875,-0.005036254256835071,0.00017003967648460754,0.0,0.0,0.23890589640805743,0.23511904655054755,0.24269274626556733
2024-12-11,20155.05078125,-0.007691712242322235,0.00016884921089051262,0.0,0.0,0.2459237234645646,0.3289535765020754,0.16289387042705375
2024-12-12,20397.05078125,0.012006915915346195,0.00016757936704726447,0.0,0.0,0.16093265344873015,0.24033732169248853,0.08152798520497173
2024-12-13,19971.240234375,-0.02087608406929231,0.00016738094980754548,0.0,0.0,0.396175565105519,0.4707894727150273,0.3215616574960107
2024-12-16,19795.490234375,-0.008800154519071568,0.00016777778428698342,0.0,0.0,0.4751538166266184,0.5943592464850993,0.3559483867681375
2024-12-17,19700.48046875,-0.0047995661890714025,0.00016825395917135572,0.0,0.0,0.493322228807146,0.6512050192387542,0.3354394383755378
2024-12-18,19864.55078125,0.008328239139154814,0.00016793650294107105,0.0,0.0,0.4597007831021752,0.5618288441109164,0.3575727220934341
2024-12-19,19752.509765625,-0.005640249148284537,0.0001674603091345893,0.0,0.0,0.474526471110583,0.6119268085105022,0.3371261337106638
2024-12-20,19720.69921875,-0.0016104559497730486,0.0001672619108169798,0.0,0.0,0.450084431850412,0.6467121895386095,0.25345667416221457
2024-12-23,19883.130859375,0.008236606563653881,0.0001672619108169798,0.0,0.0,0.26249675675047746,0.5249935135009549,0.0
2024-12-24,20098.2890625,0.010821143040637082,0.0001666666590978229,0.0,0.0,0.18172651264520992,0.36108998373487383,0.0023630415555459866
2024-12-27,20090.4609375,-0.00038949210928640454,0.00016579364973401265,0.0,0.0,0.20810511442806312,0.41621022885612624,0.0
2024-12-30,20041.419921875,-0.0024410099786940087,0.00016595238731020973,0.0,0.0,0.24538870780940572,0.49077741561881144,0.0
2024-12-31,20059.94921875,0.000924550104095978,0.00016698413425021702,0.0,0.0,0.22903394262324858,0.45806788524649716,0.0
2025-01-02,19623.3203125,-0.021766201972330257,0.00016698413425021702,0.0,10.0,0.3390719413668839,0.6781438827337678,0.0
2025-01-03,19760.26953125,0.0069789014585244225,0.00016638888253106012,0.0,10.0,0.2937458181721043,0.5874916363442086,0.0
2025-01-06,19688.2890625,-0.0036426865856341584,0.0001662698435404944,0.0,10.0,0.31825201132212877,0.6365040226442575,0.0
2025-01-07,19447.580078125,-0.012225998084997358,0.00016678571701049806,0.0,10.0,0.3583383321864783,0.7166766643729566,0.0
2025-01-08,19279.83984375,-0.008625249707220783,0.00016686507633754187,0.0,10.0,0.37008881663113574,0.7401776332622715,0.0
2025-01-09,19240.890625,-0.002020204476056664,0.00016686507633754187,0.0,10.0,0.36173550334417653,0.7234710066883531,0.0
2025-01-10,19064.2890625,-0.00917845051676236,0.00016718253256782652,0.0,10.0,0.3611278558536721,0.7222557117073442,0.0
2025-01-13,18874.140625,-0.00997406390957567,0.00016738094980754548,0.0,10.0,0.37060685860874143,0.7412137172174829,0.0
2025-01-14,19219.779296875,0.018312816394786102,0.00016718253256782652,0.0,10.0,0.3857844478420076,0.7355264373519103,0.03604245833210497
2025-01-15,19286.0703125,0.003449103894537453,0.00016686507633754187,0.0,10.0,0.3790470477410828,0.7080516846182227,0.050042410863942954
2025-01-16,19522.890625,0.012279345074590386,0.00016646826078021336,0.0,10.0,0.2746249381330122,0.5492498762660244,0.0
2025-01-17,19584.060546875,0.0031332410271596167,0.00016638888253106012,0.0,10.0,0.20877813832364203,0.41755627664728406,0.0
2025-01-20,19925.810546875,0.017450415820662535,0.00016638888253106012,0.0,10.0,0.1747748219551966,0.2717329112093497,0.07781673270104349
2025-01-21,20106.55078125,0.009070659080583576,0.00016654762010725717,0.0,10.0,0.11438228635644432,0.2256916338297708,0.003072938883117822
2025-01-22,19778.76953125,-0.016302211829672286,0.0001672619108169798,0.0,10.0,0.24534519295013194,0.38240194821490237,0.10828843768536149
2025-01-23,19700.560546875,-0.003954188568274231,0.00016718253256782652,0.0,10.0,0.3188624943096407,0.520489200743274,0.11723578787600744
2025-01-24,20066.189453125,0.01855931486721052,0.00016686507633754187,0.0,10.0,0.2122727724714326,0.2872132608245865,0.13733228411827875
2025-01-27,20197.76953125,0.006557302692291156,0.0001661904842134506,0.0,10.0,0.1378001752075611,0.25333706680407825,0.022263283611043932
2025-01-28,20225.109375,0.0013536070756574592,0.0001662698435404944,0.0,10.0,0.1313622713398344,0.2627245426796688,0.0
2025-02-03,20217.259765625,-0.0003881120853024278,0.0001662698435404944,0.0,10.0,0.09756974670429829,0.19513949340859657,0.0
2025-02-04,20789.9609375,0.028327339041700927,0.00016718253256782652,0.0,10.0,0.18962833784174682,0.19632761015757935,0.1829290655259143
2025-02-05,20597.08984375,-0.009277126317351891,0.00016706349357726083,0.0,10.0,0.2060646263571058,0.14582399255485728,0.2663052601593543
2025-02-06,20891.619140625,0.014299558777929544,0.00016718253256782652,0.0,10.0,0.19824879404950624,0.15568191349330818,0.2408156746057043
2025-02-07,21133.5390625,0.011579759340173412,0.00016777778428698342,0.0,10.0,0.2146032130109139,0.17831111841880518,0.25089530760302264
2025-02-10,21521.98046875,0.018380329253005367,0.00016777778428698342,0.0,10.0,0.1485046303075137,0.22510701363883115,0.07190224697619624
2025-02-11,21294.859375,-0.010552982987777626,0.00016765872637430828,0.0,10.0,0.16001918796774373,0.14446038616216422,0.1755779897733232
2025-02-12,21857.919921875,0.026441148868821873,0.00016777778428698342,0.0,10.0,0.23911049765753245,0.21693139974717998,0.26128959556788495
2025-02-13,21814.369140625,-0.0019924485681007686,0.00016718253256782652,0.0,10.0,0.24393837405274915,0.1895251904009738,0.2983515577045245
2025-02-14,22620.330078125,0.03694633258951585,0.00016718253256782652,0.0,10.0,0.3996568082168337,0.27710973344391915,0.5222038829897482
2025-02-17,22616.23046875,-0.00018123561242655573,0.00016718253256782652,0.0,10.0,0.3904959618591521,0.26025911815925673,0.5207328055590474
2025-02-18,22976.810546875,0.01594342074923727,0.00016718253256782652,0.0,10.0,0.35827675931320135,0.2841738306166085,0.4323796880097942
2025-02-19,22944.240234375,-0.0014175297495513384,0.00016738094980754548,0.0,10.0,0.3076632044412346,0.2663991691462747,0.34892723973619444
2025-02-20,22576.98046875,-0.016006621351304262,0.00016686507633754187,0.0,10.0,0.36003178292853344,0.17153549838271037,0.5485280674743566
2025-02-21,23477.919921875,0.039905223569291604,0.00016654762010725717,0.0,10.0,0.5318846358374549,0.25872166107270306,0.8050476106022068
2025-02-24,23341.609375,-0.005805903901563103,0.0001662698435404944,0.0,10.0,0.5352515503326232,0.22566136586233052,0.8448417348029159
2025-02-25,23034.01953125,-0.013177747892544334,0.00016595238731020973,0.0,10.0,0.5260530101107415,0.1810873119387528,0.8710187082827301
2025-02-26,23787.9296875,0.03273029074353162,0.00016638888253106012,0.0,10.0,0.5892325182078912,0.24275641065788736,0.935708625757895
2025-02-27,23718.2890625,-0.0029275614109702808,0.00016646826078021336,0.0,10.0,0.5812540955112956,0.22185329280877483,0.9406548982138163
2025-02-28,22941.3203125,-0.03275821236315202,0.00016638888253106012,0.0,10.0,0.6082829733834866,0.21656594676697316,1.0
2025-03-03,23006.26953125,0.0028311020405660248,0.00016638888253106012,0.0,10.0,0.6091143289509091,0.2182286579018182,1.0
2025-03-04,22941.76953125,-0.0028035836019563165,0.00016646826078021336,0.0,10.0,0.592571662869708,0.19531873126029642,0.9898245944791195
2025-03-05,23594.2109375,0.028439018418404016,0.00016686507633754187,0.0,10.0,0.6035940040620711,0.20718800812414226,1.0
2025-03-06,24369.7109375,0.03286823204447331,0.00016654762010725717,0.0,10.0,0.625438803768724,0.250877607537448,1.0
2025-03-07,24231.30078125,-0.005679597784519319,0.00016654762010725717,0.0,10.0,0.6035791706506073,0.22731303692392785,0.9798453043772868
2025-03-10,23783.490234375,-0.01848066477807553,0.00016607142630077544,0.0,10.0,0.6043670365429776,0.20873407308595524,1.0
2025-03-11,23782.140625,-5.6745640009125964e-05,0.00016646826078021336,0.0,10.0,0.5973034244392067,0.19460684887841345,1.0
2025-03-12,23600.310546875,-0.0076456565030087464,0.00016654762010725717,0.0,10.0,0.4878323611833554,0.18405192643936008,0.7916127959273507
2025-03-13,23462.650390625,-0.005832980713392666,0.0001661904842134506,0.0,10.0,0.4872024211767763,0.17738463077128566,0.797020211582267
2025-03-14,23959.98046875,0.021196670872431378,0.0001661904842134506,0.0,10.0,0.3767128481075358,0.18056860351966736,0.5728570926954042
2025-03-17,24145.5703125,0.007745826170102887,0.0001661904842134506,0.0,10.0,0.3801269331951328,0.18577911057319668,0.5744747558170689
2025-03-18,24740.5703125,0.02464220112837734,0.00016646826078021336,0.0,10.0,0.4326989284413464,0.21878136934140438,0.6466164875412884
2025-03-19,24771.140625,0.0012356349151965151,0.0001662698435404944,0.0,10.0,0.36078381370477164,0.21024615652859638,0.5113214708809469
2025-03-20,24219.94921875,-0.022251353484050607,0.00016595238731020973,0.0,10.0,0.3014770438994093,0.1991748835154652,0.40377920428335345
2025-03-21,23689.720703125,-0.021892222433502084,0.00016607142630077544,0.0,10.0,0.3968978199059884,0.2623049536308132,0.5314906861811636
2025-03-24,23905.560546875,0.009111118128189988,0.00016595238731020973,0.0,10.0,0.33862744725111316,0.21289663406239528,0.464358260439831
2025-03-25,23344.25,-0.023480334032509265,0.00016595238731020973,0.0,10.0,0.4799025812364405,0.33759763668535986,0.622207525787521
2025-03-26,23483.3203125,0.005957369052336237,0.0001662698435404944,0.0,10.0,0.4592574948312512,0.29481127498993737,0.623703714672565
2025-03-27,23578.80078125,0.004065884529079078,0.0001661904842134506,0.0,10.0,0.4467088509284851,0.2754909171074165,0.6179267847495536
2025-03-28,23426.599609375,-0.006455000544218992,0.0001661904842134506,0.0,10.0,0.3948092409196924,0.3058524657596887,0.4837660160796961
2025-03-31,23119.580078125,-0.01310559519389809,0.00016638888253106012,0.0,10.0,0.43227210031013447,0.3872411325933499,0.477303068026919
2025-04-01,23206.83984375,0.0037742798671140942,0.0001666666590978229,0.0,10.0,0.2869348972844492,0.3792551503799348,0.19461464418896365
2025-04-02,23202.529296875,-0.0001857446728646961,0.00016678571701049806,0.0,10.0,0.26966964526845083,0.3524023762102432,0.18693691432665846
2025-04-03,22849.810546875,-0.01520173708163386,0.00016607142630077544,0.0,10.0,0.269925631669769,0.42511574990469936,0.11473551343483865
2025-04-07,19828.30078125,-0.1322334712327945,0.00016468254346696157,0.0,10.0,0.8241813465105614,0.6483626930211228,1.0
2025-04-08,20127.6796875,0.015098565911058737,0.00016579364973401265,1.0,10.0,0.845352502131864,0.6907050042637279,1.0
2025-04-09,20264.490234375,0.006797134543032435,0.00016777778428698342,1.0,10.0,0.8411507318994784,0.6823014637989567,1.0
2025-04-10,20681.779296875,0.020592132230997207,0.00016654762010725717,1.0,10.0,0.8303526729926933,0.6607053459853865,1.0
2025-04-11,20914.689453125,0.011261611146057948,0.00016718253256782652,1.0,10.0,0.8101619690684817,0.6203239381369634,1.0
2025-04-14,21417.400390625,0.024036261146822113,0.00016646826078021336,1.0,10.0,0.7748433087263772,0.5496866174527544,1.0
2025-04-15,21466.26953125,0.0022817494062628008,0.0001666666590978229,1.0,10.0,0.7645138812072434,0.5290277624144868,1.0
2025-04-16,21056.98046875,-0.019066613409664313,0.00016698413425021702,1.0,10.0,0.7968785209472062,0.5937570418944125,1.0
2025-04-17,21395.140625,0.0160592900179517,0.00016686507633754187,1.0,10.0,0.7616268267248143,0.5232536534496287,1.0
2025-04-22,21562.3203125,0.007813909262398333,0.00016718253256782652,1.0,10.0,0.7372247803729611,0.4744495607459222,1.0
2025-04-23,22072.619140625,0.02366622982727762,0.00016698413425021702,1.0,10.0,0.3030896556771554,0.4194250425922813,0.18675426876202947
2025-04-24,21909.759765625,-0.007378343909366647,0.00016654762010725717,1.0,10.0,0.36191957887439496,0.4377064947740514,0.2861326629747386
2025-04-25,21980.740234375,0.0032396735294817347,0.00016638888253106012,1.0,10.0,0.3649163544370495,0.4349547277620838,0.2948779811120152
2025-04-28,21971.9609375,-0.0003994086086905879,0.00016638888253106012,0.0,10.0,0.34465970749153196,0.43888540074550125,0.2504340142375627
2025-04-29,22008.109375,0.0016452076172366326,0.0001662698435404944,0.0,10.0,0.33888022240258886,0.432944217659119,0.24481622714605877
2025-04-30,22119.41015625,0.005057262273352459,0.0001662698435404944,0.0,10.0,0.22242538220734295,0.3987210793306473,0.04612968508403858
2025-05-02,22504.6796875,0.01741771270248549,0.00016698413425021702,0.0,10.0,0.22855732585218175,0.36589723212578035,0.09121741957858312
2025-05-06,22662.7109375,0.007022150601315946,0.00016706349357726083,0.0,10.0,0.17876345720929068,0.35752691441858137,0.0
2025-05-07,22691.880859375,0.0012871329451911162,0.0001672619108169798,0.0,10.0,0.18239635290983558,0.36479270581967116,0.0
2025-05-08,22775.919921875,0.0037034859746005733,0.0001672619108169798,0.0,10.0,0.1815608382921209,0.3631216765842418,0.0
2025-05-09,22867.740234375,0.00403146449473657,0.0001672619108169798,0.0,10.0,0.17793618406168113,0.35587236812336226,0.0
2025-05-12,23549.4609375,0.029811459118301187,0.000169841278166998,0.0,10.0,0.17231261699583875,0.3446252339916775,0.0
2025-05-13,23108.26953125,-0.018734671142618398,0.00017003967648460754,0.0,10.0,0.21774013975630394,0.34670130837322755,0.08877897113938034
2025-05-14,23640.650390625,0.02303854291880425,0.00017003967648460754,0.0,10.0,0.29025286717167637,0.33294806130897775,0.247557673034375
2025-05-15,23453.16015625,-0.007930840788092364,0.0001689682498810783,0.0,10.0,0.32133663727254946,0.3250080043471027,0.3176652701979962
2025-05-16,23345.05078125,-0.0046095866944902975,0.00016813492018079,0.0,10.0,0.33403473444230203,0.31167135524377654,0.3563981136408275
2025-05-19,23332.720703125,-0.0005281666868295343,0.00016825395917135572,0.0,10.0,0.3056296034210322,0.3029225729649495,0.3083366338771149
2025-05-20,23681.48046875,0.014947239546663216,0.00016857143432374985,0.0,10.0,0.320842158075451,0.29516333408615025,0.3465209820647518
2025-05-21,23827.779296875,0.0061777737383461595,0.0001680555608537462,0.0,10.0,0.31934441496526655,0.29559413624750847,0.3430946936830246
2025-05-22,23544.310546875,-0.011896566040343393,0.00016793650294107105,0.0,10.0,0.3612912245373977,0.2926760706795239,0.4299063783952715
2025-05-23,23601.259765625,0.0024188102105016096,0.00016785714361402723,0.0,10.0,0.36169786360863687,0.29335861653868384,0.4300371106785899
2025-05-26,23282.330078125,-0.013513248473478456,0.00016785714361402723,0.0,10.0,0.26927271973211114,0.32308276733579244,0.21546267212842982
2025-05-27,23381.990234375,0.004280506114104021,0.00016678571701049806,0.0,10.0,0.19029670631383427,0.3020891547026473,0.07850425792502123
2025-05-28,23258.310546875,-0.005289527805814043,0.00016765872637430828,0.0,10.0,0.15839267817452776,0.3167853563490555,0.0
2025-05-29,23573.380859375,0.013546569165675315,0.00016785714361402723,0.0,10.0,0.1407392906879182,0.2814785813758364,0.0
2025-05-30,23289.76953125,-0.012030999279096122,0.00016793650294107105,0.0,10.0,0.15403584516921628,0.30807169033843257,0.0
2025-06-02,23157.970703125,-0.005659086834163496,0.00016793650294107105,0.0,10.0,0.1627368014217209,0.3254736028434418,0.0
2025-06-03,23512.490234375,0.015308747722103222,0.0001680555608537462,0.0,10.0,0.13977175381336363,0.27954350762672725,0.0
2025-06-04,23654.029296875,0.0060197393423293555,0.00016825395917135572,0.0,10.0,0.1359697115801762,0.2719394231603524,0.0
2025-06-05,23906.970703125,0.010693375030334407,0.00016793650294107105,0.0,10.0,0.13891962972960417,0.27783925945920834,0.0
2025-06-06,23792.5390625,-0.004786538706472054,0.00016793650294107105,0.0,10.0,0.12671976441952698,0.25343952883905396,0.0
2025-06-09,24181.4296875,0.01634506615617748,0.00016825395917135572,0.0,10.0,0.12989793636163136,0.2597958727232627,0.0
2025-06-10,24162.869140625,-0.0007675537433005086,0.00016865079365079366,0.0,10.0,0.12425351029342396,0.24850702058684793,0.0
2025-06-11,24366.939453125,0.008445615928817762,0.00016865079365079366,0.0,10.0,0.12563921271352557,0.25127842542705114,0.0
2025-06-12,24035.380859375,-0.013606903500861245,0.0001689682498810783,0.0,10.0,0.13115214966091085,0.24667787023831297,0.015626429083508725
2025-06-13,23892.560546875,-0.005942086515524969,0.00016825395917135572,0.0,10.0,0.13708090100743156,0.2741618020148631,0.0
2025-06-16,24060.990234375,0.00704946157485109,0.00016857143432374985,0.0,10.0,0.11965058277127288,0.23930116554254577,0.0
2025-06-17,23980.30078125,-0.0033535383348322068,0.00016738094980754548,0.0,10.0,0.12667889075294692,0.25335778150589383,0.0
2025-06-18,23710.689453125,-0.011243033629328214,0.00016757936704726447,0.0,10.0,0.15982914820275923,0.31965829640551846,0.0
2025-06-19,23237.740234375,-0.01994666665788014,0.00016757936704726447,0.0,10.0,0.2551179659448213,0.48482129344004526,0.025414638449597342
2025-06-20,23530.48046875,0.012597620569919199,0.00016646826078021336,0.0,10.0,0.22121643958003107,0.32862872002040217,0.11380415913965997
2025-06-23,23689.130859375,0.006742335365216956,0.00016499999969724625,0.0,10.0,0.13606133303994516,0.26918789798621845,0.002934768093671883
2025-06-24,24177.0703125,0.020597608921219646,0.00016595238731020973,0.0,10.0,0.21729176148638302,0.23502436946662314,0.19955915350614287
2025-06-25,24474.669921875,0.012309167551253442,0.0001661904842134506,0.0,10.0,0.23431413668295703,0.23927973965801727,0.2293485337078968
2025-06-26,24325.400390625,-0.006098939504658452,0.00016638888253106012,0.0,10.0,0.1964160847650609,0.22627101350921427,0.16656115602090754
2025-06-27,24284.150390625,-0.0016957583159000755,0.00016654762010725717,0.0,10.0,0.18540833502808735,0.22240218936982867,0.148414480686346
2025-06-30,24072.279296875,-0.008724665691075328,0.0001662698435404944,0.0,10.0,0.22101265601096232,0.27146912470168877,0.1705561873202359
2025-07-02,24221.41015625,0.006195128327310506,0.00016757936704726447,0.0,10.0,0.20047816098107785,0.22414145062497895,0.17681487133717677
2025-07-03,24069.939453125,-0.006253587307587627,0.00016825395917135572,0.0,10.0,0.20219720311517006,0.26811152271283933,0.13628288351750079
2025-07-04,23916.060546875,-0.006392990998156489,0.00016825395917135572,0.0,10.0,0.1645387719410404,0.3290775438820808,0.0
2025-07-07,23887.830078125,-0.0011803979461696423,0.0001684523764110747,0.0,10.0,0.16968323838303695,0.3393664767660739,0.0
2025-07-08,24148.0703125,0.010894260111692367,0.00016865079365079366,0.0,10.0,0.12172566688891052,0.24345133377782105,0.0
2025-07-09,23892.3203125,-0.010590908370331054,0.0001684523764110747,0.0,10.0,0.16246186834997697,0.32492373669995395,0.0
2025-07-10,24028.369140625,0.005694249296240184,0.00016825395917135572,0.0,10.0,0.11908010944952092,0.23816021889904185,0.0
2025-07-11,24139.5703125,0.004627911749823799,0.00016813492018079,0.0,10.0,0.09518496950467453,0.19036993900934907,0.0
2025-07-14,24203.3203125,0.002640892077809154,0.00016777778428698342,0.0,10.0,0.09059083981110908,0.18118167962221815,0.0
2025-07-15,24590.119140625,0.015981229977162892,0.00016793650294107105,0.0,10.0,0.09571247676774321,0.19142495353548641,0.0
2025-07-16,24517.759765625,-0.0029426199436527467,0.00016765872637430828,0.0,10.0,0.08391776412604478,0.16783552825208956,0.0
2025-07-17,24498.94921875,-0.0007672212736733464,0.0001680555608537462,0.0,10.0,0.09274863856112456,0.18549727712224912,0.0
2025-07-18,24825.66015625,0.013335712261893784,0.00016785714361402723,0.0,10.0,0.08580128501985168,0.17160257003970336,0.0
2025-07-21,24994.140625,0.006786545360308649,0.00016757936704726447,0.0,10.0,0.08742558806212192,0.17485117612424383,0.0
2025-07-22,25130.029296875,0.005436821129952252,0.00016785714361402723,0.0,10.0,0.09971639867813356,0.19943279735626712,0.0
2025-07-23,25538.0703125,0.016237188218309884,0.00016825395917135572,0.0,10.0,0.12343951226807703,0.24687902453615407,0.0
2025-07-24,25667.1796875,0.005055565021951036,0.0001684523764110747,0.0,10.0,0.12616265676818034,0.2523253135363607,0.0
2025-07-25,25388.349609375,-0.010863292403753722,0.0001684523764110747,0.0,10.0,0.08358872555962658,0.16717745111925317,0.0
2025-07-28,25562.130859375,0.006844921102544976,0.0001680555608537462,0.0,10.0,0.08632322523211189,0.17264645046422378,0.0
2025-07-29,25524.44921875,-0.001474119698091636,0.00016785714361402723,0.0,10.0,0.0942859240724664,0.1885718481449328,0.0
2025-07-30,25176.9296875,-0.013615162790455604,0.00016793650294107105,0.0,10.0,0.08268423901681522,0.16536847803363044,0.0
2025-07-31,24773.330078125,-0.01603053328521553,0.0001680555608537462,0.0,10.0,0.13815117114353298,0.22922087781381661,0.04708146447324933
2025-08-01,24507.810546875,-0.01071795880540316,0.00016595238731020973,0.0,10.0,0.17601886997918104,0.33417764480756473,0.017860095150797364
2025-08-04,24733.44921875,0.009206806599203476,0.00016480158245752731,0.0,10.0,0.1289314806865562,0.2199257648615641,0.03793719651154828
2025-08-05,24902.529296875,0.006836089727300321,0.00016468254346696157,0.0,10.0,0.11289131993364725,0.178980115135451,0.04680252473184349
2025-08-06,24910.630859375,0.00032533090929920405,0.00016400793242076086,0.0,10.0,0.08408398368302548,0.16816796736605097,0.0
2025-08-07,25081.630859375,0.00686453911847229,0.00016420634966047982,0.0,10.0,0.08023374372948365,0.1604674874589673,0.0
2025-08-08,24858.8203125,-0.008883415441532927,0.00016400793242076086,0.0,10.0,0.08745320627308975,0.1749064125461795,0.0
2025-08-11,24906.810546875,0.0019305113344767477,0.0001644047669001988,0.0,10.0,0.08137848852414595,0.1627569770482919,0.0
2025-08-12,24969.6796875,0.0025241746833333245,0.00016388889343019517,0.0,10.0,0.08013127172907188,0.16026254345814375,0.0
2025-08-13,25613.669921875,0.025790888887428753,0.00016309524339342874,0.0,10.0,0.13782620979935717,0.1701292734006695,0.10552314619804486
2025-08-14,25519.3203125,-0.0036835646614787887,0.00016317460272047255,0.0,10.0,0.06550225176998024,0.1310045035399605,0.0
2025-08-15,25270.0703125,-0.009767109662317752,0.00016317460272047255,0.0,10.0,0.0676622955702027,0.1353245911404054,0.0
2025-08-18,25176.849609375,-0.0036889768003094403,0.0001636111168634324,0.0,10.0,0.06639552921901272,0.13279105843802544,0.0
2025-08-19,25122.900390625,-0.0021428105417093946,0.00016309524339342874,0.0,10.0,0.08039251432204693,0.16078502864409386,0.0
2025-08-20,25165.939453125,0.0017131406736803356,0.00016329364171103827,0.0,10.0,0.061952698338942076,0.12390539667788415,0.0
2025-08-21,25104.609375,-0.002437027166787731,0.00016380951518104187,0.0,10.0,0.06764216345129938,0.13528432690259876,0.0
2025-08-22,25339.140625,0.009342158903836717,0.00016222221510750907,0.0,10.0,0.05379587859696142,0.10759175719392285,0.0
2025-08-25,25829.91015625,0.01936804165985806,0.00016242063234722803,0.0,10.0,0.08847372035778628,0.13227741421779085,0.0446700264977817
2025-08-26,25524.919921875,-0.011807638219802463,0.00016222221510750907,0.0,10.0,0.11840822615575212,0.09856817436631171,0.13824827794519254
2025-08-27,25201.759765625,-0.012660574733989627,0.00016111110884045796,0.0,10.0,0.09690933916593375,0.1938186783318675,0.0
2025-08-28,24998.8203125,-0.008052590573528473,0.00016158730264693972,0.0,10.0,0.11155303767310121,0.22310607534620241,0.0
2025-08-29,25077.619140625,0.0031521018648068555,0.00016043651671636674,0.0,10.0,0.1278876980869028,0.2557753961738056,0.0
2025-09-01,25617.419921875,0.021525200547269696,0.00016043651671636674,0.0,10.0,0.1073806200391886,0.1057056434241917,0.10905559665418552
2025-09-02,25496.55078125,-0.004718240205048407,0.0001600000025734069,0.0,10.0,0.12989704579252484,0.13972977830518607,0.12006431327986361
2025-09-03,25343.4296875,-0.0060055611076069715,0.00015944444943988135,0.0,10.0,0.18419945642161994,0.22728647154030712,0.14111244130293277
2025-09-04,25058.509765625,-0.011242358488501192,0.00015865078994206018,0.0,10.0,0.28347187024410947,0.37534522636313744,0.1915985141250815
2025-09-05,25417.98046875,0.014345254625561132,0.00015515873356470987,0.0,10.0,0.21482808885030186,0.19312132291478049,0.23653485478582326
2025-09-08,25633.91015625,0.008495155142851374,0.00015587301481337774,0.0,10.0,0.10635751575036026,0.09763250513493099,0.11508252636578953
2025-09-09,25938.130859375,0.011867900810708987,0.00015646825707147993,0.0,10.0,0.09658910507573096,0.08718921136702316,0.10598899878443875
2025-09-10,26200.259765625,0.010105928899470262,0.00015595238360147627,0.0,10.0,0.06515244541685557,0.10598170247260334,0.024323188361107792
2025-09-11,26086.3203125,-0.0043487909717021545,0.00015587301481337774,0.0,10.0,0.04171999814543574,0.08343999629087148,0.0
2025-09-12,26388.16015625,0.011570809532893911,0.00015587301481337774,0.0,10.0,0.06734175368646726,0.1252687940243452,0.009414713348589303
2025-09-15,26446.560546875,0.002213128550046628,0.00015476190854632666,0.0,10.0,0.05925641929579341,0.11851283859158682,0.0
2025-09-16,26438.509765625,-0.00030441694812188835,0.00015436508352794344,0.0,10.0,0.059108035238529213,0.11821607047705843,0.0
2025-09-17,26908.390625,0.01777259246230023,0.00015349206470307848,0.0,10.0,0.08446648505982501,0.16893297011965003,0.0
2025-09-18,26544.849609375,-0.013510321768825606,0.00015396825850956023,0.0,10.0,0.04563203381078201,0.09126406762156403,0.0
2025-09-19,26545.099609375,9.418022843599161e-06,0.00015388888972146168,0.0,10.0,0.04212617000863066,0.08425234001726133,0.0
2025-09-22,26344.140625,-0.007570473922954402,0.00015269841466631208,0.0,10.0,0.03969284961429635,0.0793856992285927,0.0
2025-09-23,26159.119140625,-0.007023249951809696,0.00015257936621469165,0.0,10.0,0.05413032269243632,0.10826064538487264,0.0
2025-09-24,26518.650390625,0.01374401210022591,0.00015309523968469525,0.0,10.0,0.03656886766277499,0.07313773532554999,0.0
2025-09-25,26484.6796875,-0.0012810117643471397,0.00015408729750012595,0.0,10.0,0.03729091424472974,0.07458182848945948,0.0
2025-09-26,26128.19921875,-0.013459874650409653,0.0001531745990117391,0.0,10.0,0.07759203900657571,0.15518407801315143,0.0
2025-09-29,26622.880859375,0.018932863933079913,0.00015329364746335952,0.0,10.0,0.10442986369389101,0.07950819960154677,0.12935152778623524
2025-09-30,26855.560546875,0.008739838814929124,0.00015257936621469165,0.0,10.0,0.11868395554612787,0.08556013551103671,0.15180777558121902
2025-10-02,27287.119140625,0.01606961779839744,0.00015269841466631208,0.0,10.0,0.13049345907909596,0.13058697379684464,0.13039994436134728
2025-10-03,27140.919921875,-0.00535781069436303,0.00015309523968469525,0.0,10.0,0.07811566633691852,0.10478417963786381,0.05144715303597325
2025-10-06,26957.76953125,-0.0067481275930292295,0.0001531745990117391,0.0,10.0,0.08013236291837758,0.07736885624804063,0.08289586958871453
2025-10-08,26829.4609375,-0.004759614611337226,0.00015249999742659312,0.0,10.0,0.07248258234446059,0.08143680978731832,0.06352835490160287
2025-10-09,26752.58984375,-0.0028651747394058402,0.00015289682244497632,0.0,10.0,0.059419307944780175,0.08136805003779467,0.03747056585176569
2025-10-10,26290.3203125,-0.01727943103639351,0.00015289682244497632,0.0,10.0,0.14037303022945352,0.1751216911327866,0.10562436932612042
2025-10-13,25889.48046875,-0.015246670218750258,0.00015289682244497632,0.0,10.0,0.2339693343811629,0.28526198718770707,0.18267668157461875
2025-10-14,25441.349609375,-0.01730938015214012,0.00015289682244497632,0.0,10.0,0.3377162989117545,0.4539731849118628,0.22145941291164623
2025-10-15,25910.599609375,0.018444383148096932,0.00015309523968469525,0.0,10.0,0.23242723068953902,0.25135530938715195,0.21349915199192607
2025-10-16,25888.509765625,-0.0008525408166165649,0.00015289682244497632,0.0,10.0,0.1988502597999755,0.23735193586539588,0.1603485837345551
2025-10-17,25247.099609375,-0.024775862421469674,0.000152063492744688,0.0,10.0,0.3206088672603458,0.5236985729770589,0.11751916154363269
2025-10-20,25858.830078125,0.024229732453023844,0.00015071428957439602,0.0,10.0,0.4552531771403396,0.4580989914113117,0.45240736286936745
2025-10-21,26027.55078125,0.006524684319254126,0.00015019841610439244,0.0,10.0,0.437658830246953,0.38987809748619057,0.48543956300771546
2025-10-22,25781.76953125,-0.009443118642460169,0.00015031746455601282,0.0,10.0,0.49516089056881174,0.49474688199399575,0.4955748991436278
2025-10-23,25967.98046875,0.007222581726762156,0.00015031746455601282,0.0,10.0,0.43113973251351845,0.332505094404816,0.5297743706222209
2025-10-24,26160.150390625,0.007400264418184532,0.00014932539727952746,0.0,10.0,0.3505415425747119,0.22188030164888892,0.4792027835005348
2025-10-27,26433.69921875,0.010456699370620992,0.00014753967996627567,0.0,10.0,0.2856821082605169,0.1463528210606045,0.4250113954604292
2025-10-28,26346.140625,-0.003312385187764111,0.00014761904875437417,0.0,10.0,0.2406311150391276,0.18230056868238084,0.2989616613958743
2025-10-30,26282.689453125,-0.0024083668563884553,0.0001490873003762866,0.0,10.0,0.25157028992948277,0.2886921388859467,0.21444844097301888
2025-10-31,25906.650390625,-0.014307480334943001,0.00014753967996627567,0.0,10.0,0.4026933398725546,0.5070799035256419,0.2983067762194673
2025-11-03,26158.359375,0.009715998810331916,0.00015011904731629386,0.0,10.0,0.19697798958647145,0.35473278443924583,0.03922319473369709
2025-11-04,25952.400390625,-0.007873543650900316,0.0001505158723346771,0.0,10.0,0.2509913524328573,0.5019827048657146,0.0
2025-11-05,25935.41015625,-0.0006546690910771424,0.00015031746455601282,0.0,10.0,0.2443873410401055,0.488774682080211,0.0
2025-11-06,26485.900390625,0.02122543006100641,0.00014932539727952746,0.0,10.0,0.13079443645040942,0.26158887290081884,0.0
2025-11-07,26241.830078125,-0.009215103466385877,0.0001490873003762866,0.0,10.0,0.19387150445573192,0.373649435489416,0.014093573422047869
2025-11-10,26649.060546875,0.015518371528876918,0.00015011904731629386,0.0,10.0,0.14440104863228045,0.20274703738951785,0.08605505987504304
2025-11-11,26696.41015625,0.0017767834363884294,0.00015011904731629386,0.0,10.0,0.09889688869389754,0.14695299856448324,0.050840778823311825
2025-11-12,26922.73046875,0.008477556015036525,0.00014992063953762962,0.0,10.0,0.09109297157959435,0.12145878090418262,0.06072716225500609
2025-11-13,27073.029296875,0.005582599740373784,0.0001505158723346771,0.0,10.0,0.06916165943449439,0.08493443797543093,0.05338888089355784
2025-11-14,26572.4609375,-0.018489558515447646,0.00015031746455601282,0.0,10.0,0.11154540556203633,0.1006799934991557,0.12241081762491697
2025-11-17,26384.279296875,-0.007081829608014623,0.00014968254263438875,0.0,10.0,0.13560364140105036,0.14253482261266806,0.12867246018943268
2025-11-18,25930.029296875,-0.01721669160975725,0.00014968254263438875,0.0,10.0,0.2962187594104487,0.367489208814295,0.22494831000660237
2025-11-19,25830.650390625,-0.0038325797904893433,0.00014968254263438875,0.0,10.0,0.32381136908986174,0.4176655245945416,0.22995721358518187
2025-11-20,25835.5703125,0.0001904683699636145,0.0001498015910860092,0.0,10.0,0.212202143575906,0.4055197633697432,0.0188845237820688
2025-11-21,25220.01953125,-0.023825709043944654,0.0001484126987911406,0.0,10.0,0.41998413239644483,0.655555513438641,0.18441275135424856
2025-11-24,25716.5,0.01968596686195312,0.0001480158737727574,0.0,10.0,0.3741313901344564,0.49602049286313077,0.25224228740578203
2025-11-25,25894.55078125,0.0069236008496491586,0.00014809524256085592,0.0,10.0,0.31798515517879034,0.3551112652865231,0.2808590450710575
2025-11-26,25928.080078125,0.001294839874159015,0.00014892857226114425,0.0,10.0,0.2995427873232983,0.3617929423721843,0.23729263227441239
2025-11-27,25945.9296875,0.0006884277324512578,0.00014892857226114425,0.0,10.0,0.27304869260491194,0.335087214385775,0.21101017082404885
2025-11-28,25858.890625,-0.003354632635959587,0.00014670635026598736,0.0,10.0,0.25746920683706664,0.3949183234598765,0.12002009021425684
2025-12-01,26033.259765625,0.006743102136656409,0.000146547622150845,0.0,10.0,0.23169248048601926,0.3229014140922426,0.14048354687979595
2025-12-02,26095.05078125,0.0023735412384502386,0.00014571428298950194,0.0,10.0,0.16448714513537832,0.30938129366062606,0.019592996610130593
2025-12-03,25760.73046875,-0.012811636785172276,0.00014424603136758957,0.0,10.0,0.2661633875924375,0.4444932105000085,0.08783356468486653
2025-12-04,25935.900390625,0.006799881784699258,0.0001433333328792027,0.0,10.0,0.2028760593262593,0.31829337652307327,0.08745874212944535
2025-12-05,26085.080078125,0.005751860751050941,0.0001429761875243414,0.0,10.0,0.11893689994247705,0.2378737998849541,0.0
2025-12-08,25765.359375,-0.012256841925247453,0.0001435714297824436,0.0,10.0,0.18776591208560817,0.37553182417121633,0.0
2025-12-09,25434.23046875,-0.012851709205007,0.0001441269829159691,0.0,10.0,0.2840831064011611,0.5681662128023222,0.0
2025-12-10,25540.779296875,0.004189190164644918,0.00014257936250595819,0.0,10.0,0.2004817738846577,0.4009635477693154,0.0
2025-12-11,25530.509765625,-0.00040208370819982964,0.00014158730469052754,0.0,10.0,0.23961321379220196,0.4792264275844039,0.0
2025-12-12,25976.7890625,0.017480234471302314,0.0001398809561653743,0.0,10.0,0.10375071775616032,0.20750143551232064,0.0
2025-12-15,25628.880859375,-0.013393041083250679,0.00014039682963537794,0.0,10.0,0.22349180214030234,0.4428259924872354,0.004157611793369281
2025-12-16,25235.41015625,-0.015352629140693352,0.00014067460620214068,0.0,10.0,0.36921531962356596,0.6688234567091748,0.06960718253795714
2025-12-17,25468.779296875,0.009247685659953486,0.00014059523741404215,0.0,10.0,0.26286161338503156,0.44843683127169265,0.07728639549837044
2025-12-18,25498.130859375,0.0011524526620558806,0.00013976190771375384,0.0,10.0,0.17589808539145554,0.3009981207914072,0.05079804999150389
2025-12-19,25690.529296875,0.007545589853668044,0.00013976190771375384,0.0,10.0,0.14005766259932073,0.2163027855071723,0.06381253969146919
2025-12-22,25801.76953125,0.004330009440036475,0.0001400000046169947,0.0,10.0,0.10877610448660921,0.2034657640146539,0.014086444958564495
2025-12-23,25774.140625,-0.0010708143957544047,0.0001407539655291845,0.0,10.0,0.08959887684294177,0.17919775368588353,0.0
2025-12-24,25818.9296875,0.0017377519255310503,0.0001410714312205239,0.0,10.0,0.09444216842452907,0.18888433684905814,0.0
2025-12-29,25635.23046875,-0.007114904489589957,0.00014039682963537794,0.0,10.0,0.16011596245370183,0.32023192490740365,0.0
2025-12-30,25854.599609375,0.008557330541358654,0.00014047618896242175,0.0,10.0,0.09684235737986824,0.19368471475973648,0.0
2025-12-31,25630.5390625,-0.008666177402095743,0.0001407539655291845,0.0,10.0,0.14650109123421787,0.29300218246843573,0.0
2026-01-02,26338.470703125,0.02762063017475791,0.00014019841239565892,0.0,100.0,0.05804389587071747,0.11608779174143494,0.0
2026-01-05,26347.240234375,0.00033295521781973036,0.00013948413114699108,0.0,100.0,0.08352561977881767,0.16705123955763534,0.0
2026-01-06,26710.44921875,0.013785465997350421,0.0001396825389256553,0.0,100.0,0.10662740849049059,0.21325481698098117,0.0
2026-01-07,26458.94921875,-0.009415790724457529,0.00013948413114699108,0.0,100.0,0.08268029412405793,0.11745753678320976,0.0479030514649061
2026-01-08,26149.310546875,-0.011702606528893322,0.00013916666545565166,0.0,100.0,0.12855459394444632,0.11777214553786493,0.13933704235102773
2026-01-09,26231.7890625,0.003154137294639092,0.00013940476235889252,0.0,100.0,0.12662285331403003,0.11590813580211977,0.1373375708259403
2026-01-12,26608.48046875,0.014360111136624942,0.00014019841239565892,0.0,100.0,0.17092088260888666,0.14792190583689388,0.19391985938087947
2026-01-13,26848.470703125,0.009019313773172888,0.00014126983899918815,0.0,100.0,0.15665349664448722,0.18670100115568067,0.12660599213329377
2026-01-14,26999.810546875,0.005636814305866045,0.00014126983899918815,0.0,100.0,0.16910196190107685,0.22775930644448464,0.11044461735766907
2026-01-15,26923.619140625,-0.002821923736009979,0.0001414682562389071,0.0,100.0,0.1154857086215092,0.155062799957499,0.07590861728551941
2026-01-16,26844.9609375,-0.002921531563574664,0.00014115079054756772,0.0,100.0,0.05534639935306166,0.11069279870612332,0.0
2026-01-19,26563.900390625,-0.010469769262445916,0.00014115079054756772,0.0,100.0,0.07980475835657849,0.15960951671315698,0.0
2026-01-20,26487.509765625,-0.002875730742724847,0.00014174603280566988,0.0,100.0,0.0981110823515424,0.1962221647030848,0.0
2026-01-21,26585.060546875,0.00368289741516592,0.00014238095472729397,0.0,100.0,0.06351881870946016,0.12703763741892032,0.0
2026-01-22,26629.9609375,0.0016889331715392863,0.00014238095472729397,0.0,100.0,0.07236304779648041,0.14472609559296082,0.0
2026-01-23,26749.509765625,0.004489260363752745,0.00014214285782405308,0.0,100.0,0.09469368180776672,0.18938736361553343,0.0
2026-01-26,26765.51953125,0.0005985068797624837,0.0001418650812572903,0.0,100.0,0.10726973524652264,0.21453947049304528,0.0
2026-01-27,27126.94921875,0.013503555837129033,0.00014166666401757135,0.0,100.0,0.10566028568094032,0.21132057136188065,0.0
2026-01-28,27826.91015625,0.025803157290396284,0.00014214285782405308,0.0,100.0,0.13409394289258092,0.26818788578516184,0.0
2026-01-29,27968.08984375,0.005073494926575162,0.00014206348903595455,0.0,100.0,0.14258309519303425,0.2851661903860685,0.0
2026-01-30,27387.109375,-0.020772976345391436,0.00014174603280566988,0.0,100.0,0.18317390562694133,0.20454384512611237,0.1618039661277703
2026-02-02,26775.5703125,-0.02232944901655942,0.00014198412970891077,0.0,100.0,0.2843761965837011,0.24746129519585305,0.3212910979715492
2026-02-03,26834.76953125,0.002210941468625327,0.00014246031405433778,0.0,100.0,0.2790524332425674,0.24211425283914245,0.31599061364599235
2026-02-04,26847.3203125,0.000467705945280672,0.0001426587312940567,0.0,100.0,0.28220220815244146,0.2503326553262674,0.31407176097861544
2026-02-05,26885.240234375,0.0014124285565044747,0.00014198412970891077,0.0,100.0,0.2857325676008472,0.2574898045164162,0.3139753306852782
2026-02-06,26559.94921875,-0.012099241546262518,0.00014246031405433778,0.0,100.0,0.3154558269569715,0.2704103698586797,0.3605012840552633
2026-02-09,27027.16015625,0.01759080688189618,0.00014257936250595819,0.0,100.0,0.34062148292127953,0.22127373774491435,0.45996922809764473
2026-02-10,27183.150390625,0.005771610242185421,0.00014246031405433778,0.0,100.0,0.32180833105059103,0.22843469521817794,0.4151819668830041
2026-02-11,27266.380859375,0.0030618404251887554,0.00014285713907272098,0.0,100.0,0.17983031305976457,0.24066155428348385,0.11899907183604529
2026-02-12,27032.5390625,-0.008576194914940438,0.00014277777974567717,0.0,100.0,0.17430889164616742,0.21092816605607104,0.13768961723626383
2026-02-13,26567.119140625,-0.01721702577767248,0.00014257936250595819,0.0,100.0,0.198350810170224,0.289027518425463,0.10767410191498497
2026-02-16,26705.939453125,0.00522526781188426,0.00014257936250595819,0.0,100.0,0.11914008567092338,0.23828017134184676,0.0
2026-02-20,26413.349609375,-0.010955983939960667,0.0001426587312940567,0.0,100.0,0.1556500184443027,0.3113000368886054,0.0
2026-02-23,27081.91015625,0.025311463966603664,0.00014238095472729397,0.0,100.0,0.2112660182236427,0.17086072328430385,0.2516713131629815
2026-02-24,26590.3203125,-0.018151963466157106,0.00014238095472729397,0.0,100.0,0.32705635690854085,0.28615775721947134,0.3679549565976104
2026-02-25,26765.720703125,0.006596400064520669,0.00014238095472729397,0.0,100.0,0.28342450602567937,0.23351742920412702,0.33333158284723174
2026-02-26,26381.01953125,-0.014372905409197001,0.00014238095472729397,0.0,100.0,0.34048295326556954,0.4010797995339519,0.2798861069971872
2026-02-27,26630.5390625,0.009458297506448776,0.00014198412970891077,0.0,100.0,0.28954729559712744,0.2732326465677098,0.30586194462654515
2026-03-02,26059.849609375,-0.021429887385517543,0.00014246031405433778,0.0,100.0,0.4640046976981334,0.5211649829861461,0.4068444124101207
2026-03-03,25768.080078125,-0.011196132580329143,0.0001426587312940567,0.0,100.0,0.5301512189324115,0.644214243233631,0.416088194631192
2026-03-04,25249.48046875,-0.020125659645681138,0.0001426587312940567,0.0,100.0,0.5778817637759333,0.713408350591917,0.44235517695994947
2026-03-05,25321.33984375,0.0028459743989162067,0.00014238095472729397,0.0,100.0,0.5702869333438565,0.712301636264487,0.42827223042322593
2026-03-06,25757.2890625,0.017216672634232877,0.00014166666401757135,0.0,100.0,0.5724514334208266,0.5946687373605586,0.5502341294810945
2026-03-09,25408.4609375,-0.013542889709921346,0.00014257936250595819,0.0,100.0,0.49622662426725783,0.7025735889180031,0.2898796596165126
2026-03-10,25959.900390625,0.02170298525681802,0.0001426587312940567,0.0,100.0,0.43624212206794527,0.4186571218065157,0.45382712232937483
2026-03-11,25898.759765625,-0.002355194899826385,0.00014285713907272098,0.0,100.0,0.46772681770413255,0.5097356173134409,0.42571801809482424
2026-03-12,25716.759765625,-0.007027363535823228,0.00014305555631243994,0.0,100.0,0.5001750127589044,0.6130214215812096,0.38732860393659924
2026-03-13,25465.599609375,-0.009766399754051469,0.0001429761875243414,0.0,100.0,0.5287338990422028,0.7128188487228786,0.34464894936152707
2026-03-16,25834.01953125,0.014467357043474793,0.00014305555631243994,0.0,100.0,0.4159690770437125,0.5101009446841035,0.3218372094033215
2026-03-17,25868.5390625,0.0013362044264246808,0.00014305555631243994,0.0,100.0,0.37751932657285725,0.47617504605639877,0.27886360708931573
2026-03-18,26025.419921875,0.006064542686232244,0.00014325396409110418,0.0,100.0,0.19417001922671395,0.29109292223941824,0.09724711621400965
2026-03-19,25500.580078125,-0.020166431332347523,0.0001433333328792027,0.0,100.0,0.49818697645395005,0.7079520279295918,0.2884219249783084
2026-03-20,25277.3203125,-0.008755085764363346,0.0001435714297824436,0.0,100.0,0.4843368787949831,0.7727306289032847,0.19594312868668148
2026-03-23,24382.470703125,-0.03540128456308256,0.0001433333328792027,0.0,100.0,0.6538965257071305,0.7880011724325302,0.519791878981731
2026-03-24,25063.7109375,0.027939754041730103,0.00014365078910948738,0.0,100.0,0.7357084397691773,0.8464453195147703,0.6249715600235842
2026-03-25,25335.94921875,0.010861850502859038,0.00014365078910948738,0.0,100.0,0.6950999899064769,0.7134238814205616,0.6767760983923923
2026-03-26,24856.4296875,-0.018926448230135007,0.00014365078910948738,0.0,100.0,0.8078818468650272,0.8721401262404832,0.7436235674895711
2026-03-27,24951.880859375,0.0038400998484107163,0.00014313492510053847,0.0,100.0,0.7877452191319715,0.8348342471156335,0.7406561911483095
2026-03-30,24750.7890625,-0.008059183915165469,0.00014277777974567717,0.0,100.0,0.7529556695139701,0.8415579091357365,0.6643534298922036
2026-03-31,24788.140625,0.001509105928125365,0.00014285713907272098,0.0,100.0,0.7362253749053596,0.8075622593124233,0.6648884904982957
2026-04-01,25294.029296875,0.02040849612434381,0.00014305555631243994,0.0,100.0,0.6918161933752585,0.5905443371322067,0.7930880496183104
2026-04-02,25116.529296875,-0.007017466371873393,0.00014313492510053847,0.0,100.0,0.716621085713274,0.7208318174400785,0.7124103539864695
2026-04-08,25893.01953125,0.03091550688381184,0.00014285713907272098,0.0,100.0,0.6143869841060445,0.30449116274733845,0.9242828054647507
2026-04-09,25752.400390625,-0.005430774130274263,0.00014238095472729397,0.0,100.0,0.4390868509577403,0.34947590355594327,0.5286977983595373
2026-04-10,25893.5390625,0.005480602574289728,0.00014257936250595819,0.0,100.0,0.3241019036405156,0.29721510621207015,0.3509887010689611
2026-04-13,25660.849609375,-0.008986390487733309,0.0001429761875243414,0.0,100.0,0.3796413871476645,0.3888710696547753,0.3704117046405537
2026-04-14,25872.3203125,0.008240986029072861,0.0001433333328792027,0.0,100.0,0.23608342122876547,0.260309822111024,0.2118570203465069
2026-04-15,25947.3203125,0.002898850937763209,0.0001433333328792027,0.0,100.0,0.2514944328500518,0.29064318800792976,0.21234567769217377
2026-04-16,26394.259765625,0.01722487901418046,0.00014325396409110418,0.0,100.0,0.20670670990179202,0.2143388437690431,0.19907457603454093
2026-04-17,26160.330078125,-0.008862900099386839,0.00014285713907272098,0.0,100.0,0.2284681247719289,0.1820388490285045,0.27489740051535333
2026-04-20,26361.0703125,0.0076734595387562,0.00014277777974567717,0.0,100.0,0.18534099393662137,0.18462590886576438,0.18605607900747836
2026-04-21,26487.48046875,0.004795334739881918,0.00014277777974567717,0.0,100.0,0.1526654256951041,0.20556810091951938,0.09976275047068882
2026-04-22,26163.240234375,-0.012241263745622732,0.0001426587312940567,0.0,100.0,0.09636703636512858,0.19273407273025717,0.0
2026-04-23,25915.19921875,-0.009480515922454691,0.0001426587312940567,0.0,100.0,0.13778072948784567,0.27556145897569134,0.0
2026-04-24,25978.0703125,0.0024260316588464725,0.00014257936250595819,0.0,100.0,0.11718055473240882,0.23436110946481764,0.0
2026-04-27,25925.650390625,-0.0020178527983187866,0.00014246031405433778,0.0,100.0,0.1167005514973307,0.2334011029946614,0.0
2026-04-28,25679.779296875,-0.0094837001211322,0.00014246031405433778,0.0,100.0,0.238023886326183,0.4727088004402602,0.003338972212105773
2026-04-29,26111.83984375,0.016824932250394387,0.00014246031405433778,0.0,100.0,0.08231594606573832,0.14870734289617668,0.015924549235299956
2026-04-30,25776.529296875,-0.012841322131318833,0.0001422619062756735,0.0,100.0,0.23775370129739132,0.44487972913396134,0.030627673460821292
2026-05-04,26095.880859375,0.012389238241578004,0.00014246031405433778,0.0,100.0,0.1808887439623071,0.31960385521902096,0.04217363270559327
2026-05-05,25898.609375,-0.007559487469997794,0.00014285713907272098,0.0,100.0,0.21268009300770457,0.37435923821834727,0.05100094779706188
2026-05-06,26213.779296875,0.012169376251500053,0.00014285713907272098,0.0,100.0,0.08970066479296784,0.12054408873880351,0.058857240847132175
2026-05-07,26626.279296875,0.015735998816819752,0.00014277777974567717,0.0,100.0,0.10466507798902784,0.13373894499314098,0.0755912109849147
2026-05-08,26393.7109375,-0.008734542170985793,0.0001426587312940567,0.0,100.0,0.08545407300194771,0.10014677374716634,0.07076137225672907
2026-05-11,26406.83984375,0.0004974255526661864,0.00014285713907272098,0.0,100.0,0.11580971456287606,0.1557608484695981,0.07585858065615403
2026-05-12,26347.91015625,-0.002231606956708543,0.0001429761875243414,0.0,100.0,0.0824188708432311,0.08212515396291649,0.08271258772354573
2026-05-13,26388.439453125,0.0015382357323465712,0.00014285713907272098,0.0,100.0,0.09466354127782556,0.10364068034784368,0.08568640220780743
2026-05-14,26389.0390625,2.2722426465060508e-05,0.00014238095472729397,0.0,100.0,0.1277293340747398,0.16517508367798847,0.0902835844714911
2026-05-15,25962.73046875,-0.016154760040345773,0.00014238095472729397,0.0,100.0,0.2282295295491865,0.3637988992330898,0.0926601598652832
2026-05-18,25675.1796875,-0.011075521567198376,0.00014158730469052754,0.0,100.0,0.3209492985120154,0.5482444992754009,0.09365409774862998
2026-05-19,25797.849609375,0.00477776293556853,0.0001418650812572903,0.0,100.0,0.23411723690729883,0.38017978390177093,0.08805468991282674
2026-05-20,25651.119140625,-0.005687701532172573,0.00014115079054756772,0.0,100.0,0.2812603618806557,0.47497964590911124,0.08754107785220011
2026-05-21,25386.51953125,-0.010315324174528517,0.00014214285782405308,0.0,100.0,0.37903401350896765,0.6679653605545056,0.09010266646342968
2026-05-22,25606.029296875,0.0086467057981221,0.0001422619062756735,0.0,100.0,0.3003023902833702,0.5118905347183135,0.08871424584842691
2026-05-26,25599.44921875,-0.00025697377944511324,0.00014214285782405308,0.0,100.0,0.32804700022175437,0.5637378104989685,0.0923561899445402
2026-05-27,25328.23046875,-0.010594710365930404,0.0001422619062756735,0.0,100.0,0.39496693029099555,0.6920299922912082,0.0979038682907829
2026-05-28,25006.16015625,-0.012715863151094187,0.00014246031405433778,0.0,100.0,0.4199161890028977,0.7353863556488766,0.1044460223569188
2026-05-29,25182.390625,0.007047482206337552,0.00014238095472729397,0.0,100.0,0.41119550425895407,0.7148493363894287,0.10754167212847943
2026-06-01,25398.1796875,0.00856904595411101,0.00014365078910948738,0.0,100.0,0.32003423653613433,0.5281395299013595,0.11192894317090918
2026-06-02,26038.3203125,0.025204193090855753,0.0001435714297824436,0.0,100.0,0.13030534326225202,0.147824977859118,0.11278570866538606
2026-06-03,25633.2109375,-0.01555819922860091,0.00014376983756110782,0.0,100.0,0.30705070358929,0.42547419041465456,0.18862721676392546
2026-06-04,25253.400390625,-0.014817127194914015,0.00014365078910948738,0.0,100.0,0.4907234886817336,0.7283470740981286,0.2530999032653386
2026-06-05,24961.94921875,-0.01154106644518249,0.00014384920634920634,0.0,100.0,0.5269990643339026,0.7923537739790819,0.2616443546887234
2026-06-08,24657.060546875,-0.012214137173469752,0.0001439682548008268,0.0,100.0,0.5277701456068987,0.8072585300348081,0.24828176117898929
2026-06-09,24565.900390625,-0.003697121807228254,0.00014424603136758957,0.0,100.0,0.5128606006335679,0.7822939163150647,0.24342728495207105
2026-06-10,24407.9609375,-0.006429214912280323,0.00014424603136758957,0.0,100.0,0.4982369726380609,0.7678029083129512,0.2286710369631706
2026-06-11,24249.2890625,-0.006500824686105577,0.00014376983756110782,0.0,100.0,0.4738977553506407,0.749284608319785,0.1985109023814964
2026-06-12,24718.099609375,0.019332960470168414,0.0001435714297824436,0.0,100.0,0.5645308807697269,0.7898267260081575,0.3392350355312963
2026-06-15,24842.669921875,0.005039639554359265,0.0001435714297824436,0.0,100.0,0.5568934187205717,0.796227152142862,0.31755968529828144
2026-06-16,24493.94921875,-0.01403716686739609,0.0001440476235889253,0.0,100.0,0.47964740807896145,0.82929783519748,0.12999698096044288
2026-06-17,24312.16015625,-0.007421794700253614,0.0001447222251740713,0.0,100.0,0.4637385681648806,0.7912698429410553,0.13620729338870596
2026-06-18,23924.810546875,-0.01593234031388291,0.00014515872985597643,0.0,100.0,0.4578823472162126,0.7728898683478428,0.14287482608458246
2026-06-22,23768.51953125,-0.0065325915671844426,0.00014603174868084136,0.0,100.0,0.4570366183290723,0.7583823749698777,0.15569086168826685
2026-06-23,23336.279296875,-0.01818540838467897,0.00014642857369922456,0.0,100.0,0.4542965017803765,0.7379702029098627,0.1706228006508903
2026-06-24,23412.1796875,0.0032524632422943345,0.00014642857369922456,0.0,100.0,0.4878069743029301,0.7886982994226921,0.18691564918316805
2026-06-25,23076.91015625,-0.014320304035125964,0.00014603174868084136,0.0,100.0,0.4795621055109809,0.7552892861724421,0.2038349248495197
2026-06-26,22671.859375,-0.017552210348242725,0.00014535714709569536,0.0,100.0,0.478627361695539,0.7324179038629954,0.22483681952808254
2026-06-29,23026.6796875,0.015650251998795328,0.00014603174868084136,0.0,100.0,0.5198679292095738,0.7964215315199009,0.2433143268992466
2026-06-30,22881.01953125,-0.006325712531150218,0.00014809524256085592,0.0,100.0,0.5186592854926801,0.7706722350544135,0.2666463359309468
2026-07-02,23055.029296875,0.007604983046640257,0.00014555555487435963,0.0,100.0,0.5521302402408879,0.8168363974584314,0.2874240830233443
2026-07-03,23350.029296875,0.012795472788229567,0.00014555555487435963,0.0,100.0,0.5787444798481698,0.8488037066419382,0.30868525305440153
2026-07-06,23616.3203125,0.011404311842154291,0.00014642857369922456,1.0,100.0,0.6001783765378392,0.8716471047561868,0.3287096483194918
2026-07-07,23496.890625,-0.005057082810516644,0.0001478174565330384,1.0,100.0,0.6004773038988258,0.8544940230348584,0.3464605847627933
2026-07-08,24199.4609375,0.02990056530086105,0.00014773809720599465,1.0,100.0,0.5155226734220681,0.6738501371047935,0.3571952097393427
2026-07-09,24030.1796875,-0.006995248796541453,0.00014611110800788514,1.0,100.0,0.5806709208698051,0.7701134217617788,0.3912284199778314
2026-07-10,24175.119140625,0.006031559272958509,0.0001466269814778888,1.0,100.0,0.5332833993679377,0.6868010510529434,0.3797657476829319
2026-07-13,24213.720703125,0.0015967475599791836,0.00014793650498465887,1.0,100.0,0.5102746175430617,0.632918294153131,0.38763094093299255
2026-07-15,24681.099609375,0.01930223413329779,0.00014634920491112604,1.0,100.0,0.40160494148683773,0.4458886545010755,0.35732122847259995
2026-07-16,25008.599609375,0.013269262925206249,0.00014670635026598736,1.0,100.0,0.32406562085338925,0.3772144306210515,0.270916811085727
2026-07-17,24562.240234375,-0.017848235485871555,0.00014710317528437056,1.0,100.0,0.4967779660991019,0.585829438790643,0.40772649340756084
2026-07-20,25143.05078125,0.023646480994113483,0.00014702380649627203,1.0,100.0,0.380615365173651,0.34998630749097254,0.41124442285632945
2026-07-21,25132.2890625,-0.00042801960842497877,0.0001480158737727574,1.0,100.0,0.38179657331805594,0.34610690739466504,0.4174862392414469
2026-07-22,24892.66015625,-0.009534702774350645,0.00014861110656980484,1.0,100.0,0.45996922807364926,0.4907793617165386,0.42915909443075995
2026-07-23,25210.810546875,0.012780891581212428,0.00015079364890143983,1.0,100.0,0.3654945851519902,0.2937613553240346,0.4372278149799458
2026-07-24,24963.23046875,-0.009820393424664786,0.00015099206614115881,1.0,100.0,0.4225097821995883,0.3987304771977508,0.4462890872014258
2026-07-27,25207.1796875,0.009772341726980605,0.00015067460044981942,1.0,100.0,0.35113597880891384,0.24890590743783025,0.4533660501799974
2026-07-28,25310.849609375,0.004112714042595167,0.000149206348827907,1.0,100.0,0.33683465066404567,0.21281536025209982,0.46085394107599154
2026-07-29,25807.919921875,0.01963862612955869,0.00014515872985597643,1.0,100.0,0.34668116271557886,0.22922488710774683,0.4641374383234109
