Date,close,ret,rf,state,lam,p_bear,raw_state,p_bear_raw,flip_p,flip_need,flip_req,flip_gap
2015-01-02,14.620667457580566,-0.0139381766404123,5.952380819334841e-07,0.0,50.0,0.021748912554372283,0.0,0.0611722976672281,0.021748912554372283,2,2,
2015-01-05,14.005999565124512,-0.0420410281705272,1.1904762008242065e-07,0.0,50.0,0.021748912554372283,0.0,0.0900431485159341,0.021748912554372283,2,2,
2015-01-06,14.085332870483398,0.0056642373141599,7.936507759113135e-07,0.0,50.0,0.021748912554372283,0.0,0.0822980991936459,0.021748912554372283,2,2,
2015-01-07,14.063332557678224,-0.0015619306272326,7.936507759113135e-07,0.0,50.0,0.021748912554372283,0.0,0.0827999135977596,0.021748912554372283,2,2,
2015-01-08,14.041333198547363,-0.0015643062581812,7.142856835372857e-07,0.0,50.0,0.021748912554372283,0.0,0.0852517163535086,0.021748912554372283,2,2,
2015-01-09,13.77733325958252,-0.018801629106854,5.952380819334841e-07,0.0,50.0,0.021748912554372283,0.0,0.0998289948965991,0.021748912554372283,2,2,
2015-01-12,13.480667114257812,-0.0215329149506031,5.158730265167024e-07,0.0,50.0,0.021748912554372283,0.0,0.114652955755911,0.021748912554372283,2,2,
2015-01-13,13.616666793823242,0.0100884977288393,9.126984144723572e-07,0.0,50.0,0.021748912554372283,0.0,0.1022199617199928,0.021748912554372283,2,2,
2015-01-14,12.845999717712402,-0.0565973367623585,9.92063506846389e-07,0.0,50.0,0.021748912554372283,0.0,0.1451088623497984,0.021748912554372283,2,2,
2015-01-15,12.791333198547363,-0.0042555285977208,9.126984144723572e-07,0.0,50.0,0.021748912554372283,0.0,0.1421146815029149,0.021748912554372283,2,2,
2015-01-16,12.871333122253418,0.0062542287394358,7.142856835372857e-07,0.0,50.0,0.021748912554372283,0.0,0.129960514777888,0.021748912554372283,2,2,
2015-01-20,12.795332908630373,-0.0059046108822751,3.17460332538873e-07,0.0,50.0,0.021748912554372283,0.0,0.131053855673163,0.021748912554372283,2,2,
2015-01-21,13.104666709899902,0.0241755180172675,7.936507759113135e-07,0.0,50.0,0.021748912554372283,0.0,0.1044760552644639,0.021748912554372283,2,2,
2015-01-22,13.441332817077637,0.0256905509030154,5.952380819334841e-07,0.0,50.0,0.021748912554372283,0.0,0.0860013286100144,0.021748912554372283,2,2,
2015-01-23,13.419333457946776,-0.0016366947705446,5.158730265167024e-07,0.0,50.0,0.021748912554372283,0.0,0.0877756531965381,0.021748912554372283,2,2,
2015-01-26,13.770000457763672,0.0261314767172162,1.9841269397782539e-07,0.0,50.0,0.021748912554372283,0.0,0.078223343220419,0.021748912554372283,2,2,
2015-01-27,13.732000350952148,-0.0027596300325537,7.142856835372857e-07,0.0,50.0,0.021748912554372283,0.0,0.0796978931084348,0.021748912554372283,2,2,
2015-01-28,13.291333198547363,-0.0320905287753091,5.952380819334841e-07,0.0,50.0,0.021748912554372283,0.0,0.0899274209054629,0.021748912554372283,2,2,
2015-01-29,13.68000030517578,0.0292421460528049,3.9682538795565474e-07,0.0,50.0,0.021748912554372283,0.0,0.0762878829425118,0.021748912554372283,2,2,
2015-01-30,13.57333278656006,-0.0077973330581989,1.9841269397782539e-07,0.0,50.0,0.021748912554372283,0.0,0.0767537934998871,0.021748912554372283,2,2,
2015-02-02,14.062666893005373,0.0360511389604945,1.9841269397782539e-07,0.0,50.0,0.021748912554372283,0.0,0.0714072002043563,0.021748912554372283,2,2,
2015-02-03,14.557332992553713,0.0351758385028933,5.952380819334841e-07,0.0,50.0,0.021748912554372283,0.0,0.0883663458313943,0.021748912554372283,2,2,
2015-02-04,14.56999969482422,0.0008701251992371,1.9841269397782539e-07,0.0,50.0,0.021748912554372283,0.0,0.0794126774077754,0.021748912554372283,2,2,
2015-02-05,14.732666969299316,0.0111645352012519,3.17460332538873e-07,0.0,50.0,0.021748912554372283,0.0,0.0799299195314313,0.021748912554372283,2,2,
2015-02-06,14.490667343139648,-0.0164260569158292,5.952380819334841e-07,0.0,50.0,0.021748912554372283,0.0,0.0634562666618496,0.021748912554372283,2,2,
2015-02-09,14.498666763305664,0.0005520394593698,1.1904762008242065e-07,0.0,50.0,0.021748912554372283,0.0,0.0651953035134417,0.021748912554372283,2,2,
2015-02-10,14.419333457946776,-0.0054717655529314,1.9841269397782539e-07,0.0,50.0,0.021748912554372283,0.0,0.0639728884484053,0.021748912554372283,2,2,
2015-02-11,14.186667442321776,-0.0161356983874155,1.9841269397782539e-07,0.0,50.0,0.021748912554372283,0.0,0.0669264551140068,0.021748912554372283,2,2,
2015-02-12,13.525333404541016,-0.046616588460223,3.17460332538873e-07,0.0,50.0,0.021748912554372283,0.0,0.0950657746507336,0.021748912554372283,2,2,
2015-02-13,13.584667205810549,0.0043868642269189,1.9841269397782539e-07,0.0,50.0,0.021748912554372283,0.0,0.0897855537728349,0.021748912554372283,2,2,
2015-02-17,13.623332977294922,0.0028462803614235,3.17460332538873e-07,0.0,50.0,0.021748912554372283,0.0,0.0888501345626272,0.021748912554372283,2,2,
2015-02-18,13.630666732788086,0.0005383231478952,5.158730265167024e-07,0.0,50.0,0.021748912554372283,0.0,0.0883656559579832,0.021748912554372283,2,2,
2015-02-19,14.11400032043457,0.0354592770200918,5.158730265167024e-07,0.0,50.0,0.021748912554372283,0.0,0.0757091126753023,0.021748912554372283,2,2,
2015-02-20,14.473999977111816,0.025506564298148,3.9682538795565474e-07,0.0,50.0,0.021748912554372283,0.0,0.0874206989954328,0.021748912554372283,2,2,
2015-02-23,13.822667121887209,-0.04500019733692,5.952380819334841e-07,0.0,50.0,0.021748912554372283,0.0,0.0746621219942935,0.021748912554372283,2,2,
2015-02-24,13.607333183288574,-0.0155783205006556,7.142856835372857e-07,0.0,50.0,0.021748912554372283,0.0,0.0827510162012778,0.021748912554372283,2,2,
2015-02-25,13.583999633789062,-0.0017147775530452,5.952380819334841e-07,0.0,50.0,0.021748912554372283,0.0,0.0811694965479671,0.021748912554372283,2,2,
2015-02-26,13.812666893005373,0.0168335737176787,5.158730265167024e-07,0.0,50.0,0.021748912554372283,0.0,0.071248711170198,0.021748912554372283,2,2,
2015-02-27,13.555999755859377,-0.0185820116516362,3.17460332538873e-07,0.0,50.0,0.021748912554372283,0.0,0.0803914976066526,0.021748912554372283,2,2,
2015-03-02,13.155332565307615,-0.0295564471649225,1.9841269397782539e-07,0.0,50.0,0.021748912554372283,0.0,0.1015465523348968,0.021748912554372283,2,2,
2015-03-03,13.303999900817873,0.0113009180704646,5.158730265167024e-07,0.0,50.0,0.021748912554372283,0.0,0.089529403787347,0.021748912554372283,2,2,
2015-03-04,13.496000289916992,0.0144317792040358,3.9682538795565474e-07,0.0,50.0,0.021748912554372283,0.0,0.0827054700118198,0.021748912554372283,2,2,
2015-03-05,13.375332832336426,-0.0089409791781582,1.1904762008242065e-07,0.0,50.0,0.021748912554372283,0.0,0.0859131671471483,0.021748912554372283,2,2,
2015-03-06,12.925333023071287,-0.0336440083328029,1.9841269397782539e-07,0.0,50.0,0.021748912554372283,0.0,0.1082261987149735,0.021748912554372283,2,2,
2015-03-09,12.725333213806152,-0.0154734743706906,1.9841269397782539e-07,0.0,50.0,0.021748912554372283,0.0,0.1182245607545053,0.021748912554372283,2,2,
2015-03-10,12.687999725341797,-0.0029337926038629,3.9682538795565474e-07,0.0,50.0,0.021748912554372283,0.0,0.1179169973580789,0.021748912554372283,2,2,
2015-03-11,12.916000366210938,0.0179697860817062,5.158730265167024e-07,0.0,50.0,0.021748912554372283,0.0,0.0999631553085968,0.021748912554372283,2,2,
2015-03-12,12.73799991607666,-0.0137813909172639,7.142856835372857e-07,0.0,50.0,0.021748912554372283,0.0,0.1095150406406443,0.021748912554372283,2,2,
2015-03-13,12.57866668701172,-0.0125084966332779,9.126984144723572e-07,0.0,50.0,0.021748912554372283,0.0,0.1178597549242402,0.021748912554372283,2,2,
2015-03-16,13.046667098999023,0.037205883869277,1.1904761638669722e-06,0.0,50.0,0.021748912554372283,0.0,0.0854629270484857,0.021748912554372283,2,2,
2015-03-17,12.982000350952148,-0.00495657224609,1.90476192131875e-06,0.0,50.0,0.021748912554372283,0.0,0.0899006760185611,0.021748912554372283,2,2,
2015-03-18,13.380666732788086,0.030709164308927,1.5079364594485992e-06,0.0,50.0,0.021748912554372283,0.0,0.0788484143688088,0.021748912554372283,2,2,
2015-03-19,13.043333053588867,-0.0252105284389614,3.9682538795565474e-07,0.0,50.0,0.021748912554372283,0.0,0.0848828319022639,0.021748912554372283,2,2,
2015-03-20,13.20533275604248,0.0124201154557683,1.1904762008242065e-07,0.0,50.0,0.021748912554372283,0.0,0.080663339580022,0.021748912554372283,2,2,
2015-03-23,13.308667182922363,0.0078252043162334,1.1904762008242065e-07,0.0,50.0,0.021748912554372283,0.0,0.0810068487461209,0.021748912554372283,2,2,
2015-03-24,13.447999954223633,0.0104693256947667,5.952380819334841e-07,0.0,50.0,0.021748912554372283,0.0,0.0812066540679393,0.021748912554372283,2,2,
2015-03-25,12.953332901000977,-0.0367836893892385,7.142856835372857e-07,0.0,50.0,0.021748912554372283,0.0,0.0890065743277773,0.021748912554372283,2,2,
2015-03-26,12.694000244140623,-0.0200205351659196,1.1111111454074327e-06,0.0,50.0,0.021748912554372283,0.0,0.1022874080210768,0.021748912554372283,2,2,
2015-03-27,12.333333015441896,-0.028412417028683,1.1904761638669722e-06,0.0,50.0,0.021748912554372283,0.0,0.1212209983563301,0.021748912554372283,2,2,
2015-03-30,12.704667091369627,0.0301081690945022,9.126984144723572e-07,0.0,50.0,0.021748912554372283,0.0,0.0929285328973754,0.021748912554372283,2,2,
2015-03-31,12.584667205810549,-0.0094453388424947,9.92063506846389e-07,0.0,50.0,0.021748912554372283,0.0,0.1000269467225496,0.021748912554372283,2,2,
2015-04-01,12.505999565124512,-0.0062510704017436,1.309523802428016e-06,0.0,50.0,0.021748912554372283,0.0,0.1053412661145761,0.021748912554372283,2,2,
2015-04-02,12.733332633972168,0.0181779207382686,3.9682538795565474e-07,0.0,50.0,0.021748912554372283,0.0,0.095210159313358,0.021748912554372283,2,2,
2015-04-06,13.539999961853027,0.0633508407475897,1.1904762008242065e-07,0.0,50.0,0.021748912554372283,0.0,0.0870657674303044,0.021748912554372283,2,2,
2015-04-07,13.550000190734863,0.0007385693434276,5.952380819334841e-07,0.0,50.0,0.021748912554372283,0.0,0.0829114370269387,0.021748912554372283,2,2,
2015-04-08,13.844667434692385,0.0217466597645517,7.142856835372857e-07,0.0,50.0,0.021748912554372283,0.0,0.0950895684974003,0.021748912554372283,2,2,
2015-04-09,14.005999565124512,0.0116530159495096,7.936507759113135e-07,0.0,50.0,0.021748912554372283,0.0,0.0966970575434974,0.021748912554372283,2,2,
2015-04-10,14.0600004196167,0.0038555516327911,5.952380819334841e-07,0.0,50.0,0.021748912554372283,0.0,0.0946611060756269,0.021748912554372283,2,2,
2015-04-13,13.985333442687988,-0.0053105956401349,1.9841269397782539e-07,0.0,50.0,0.021748912554372283,0.0,0.085970153777493,0.021748912554372283,2,2,
2015-04-14,13.830666542053224,-0.0110592215243626,3.9682538795565474e-07,0.0,50.0,0.021748912554372283,0.0,0.0780392909574592,0.021748912554372283,2,2,
2015-04-15,13.85533332824707,0.0017834849910409,5.952380819334841e-07,0.0,50.0,0.021748912554372283,0.0,0.080615338957338,0.021748912554372283,2,2,
2015-04-16,13.779999732971191,-0.005437155028403,3.9682538795565474e-07,0.0,50.0,0.021748912554372283,0.0,0.0840574507841168,0.021748912554372283,2,2,
2015-04-17,13.78600025177002,0.0004354513000803,5.158730265167024e-07,0.0,50.0,0.021748912554372283,0.0,0.0839086830802501,0.021748912554372283,2,2,
2015-04-20,13.684666633605955,-0.0073504726761522,5.158730265167024e-07,0.0,50.0,0.021748912554372283,0.0,0.0862598441454448,0.021748912554372283,2,2,
2015-04-21,13.96066665649414,0.0201685602052155,7.936507759113135e-07,0.0,50.0,0.021748912554372283,0.0,0.0900358627570419,0.021748912554372283,2,2,
2015-04-22,14.629332542419434,0.0478964151482155,7.936507759113135e-07,0.0,50.0,0.021748912554372283,0.0,0.1268834488643193,0.021748912554372283,2,2,
2015-04-23,14.57333278656006,-0.0038279091473923,7.936507759113135e-07,0.0,50.0,0.021748912554372283,0.0,0.1139379885753423,0.021748912554372283,2,2,
2015-04-24,14.562000274658203,-0.0007776197845634,5.952380819334841e-07,0.0,50.0,0.021748912554372283,0.0,0.1106301930707129,0.021748912554372283,2,2,
2015-04-27,15.436667442321776,0.0600650426566553,5.158730265167024e-07,0.0,50.0,0.021748912554372283,0.0,0.1981266377254424,0.021748912554372283,2,2,
2015-04-28,15.36533260345459,-0.0046211294720006,5.158730265167024e-07,0.0,50.0,0.021748912554372283,0.0,0.1691703538506369,0.021748912554372283,2,2,
2015-04-29,15.49666690826416,0.0085474430133742,1.1904762008242065e-07,0.0,50.0,0.021748912554372283,0.0,0.1722374076701391,0.021748912554372283,2,2,
2015-04-30,15.06999969482422,-0.0275328376073182,1.9841269397782539e-07,0.0,50.0,0.021748912554372283,0.0,0.0966368745420965,0.021748912554372283,2,2,
2015-05-01,15.0686674118042,-8.840630703388364e-05,1.1904762008242065e-07,0.0,50.0,0.021748912554372283,0.0,0.0945078452153185,0.021748912554372283,2,2,
2015-05-04,15.36733341217041,0.0198203326282353,1.1904762008242065e-07,0.0,50.0,0.021748912554372283,0.0,0.1158589031648795,0.021748912554372283,2,2,
2015-05-05,15.529999732971191,0.0105852015075011,3.17460332538873e-07,0.0,50.0,0.021748912554372283,0.0,0.1278955877146037,0.021748912554372283,2,2,
2015-05-06,15.362000465393066,-0.0108177250783495,3.9682538795565474e-07,0.0,50.0,0.021748912554372283,0.0,0.1085350934991837,0.021748912554372283,2,2,
2015-05-07,15.786666870117188,0.0276439520803812,1.9841269397782539e-07,0.0,50.0,0.021748912554372283,0.0,0.1387697427726723,0.021748912554372283,2,2,
2015-05-08,15.77400016784668,-0.0008023671098352,1.1904762008242065e-07,0.0,50.0,0.021748912554372283,0.0,0.1312475003286202,0.021748912554372283,2,2,
2015-05-11,15.965999603271484,0.0121718925688978,1.9841269397782539e-07,0.0,50.0,0.021748912554372283,0.0,0.145645409145902,0.021748912554372283,2,2,
2015-05-12,16.31599998474121,0.021921607801995,5.158730265167024e-07,0.0,50.0,0.021748912554372283,0.0,0.1798306407416088,0.021748912554372283,2,2,
2015-05-13,16.211999893188477,-0.0063741169189749,3.9682538795565474e-07,0.0,50.0,0.021748912554372283,0.0,0.1546165155205386,0.021748912554372283,2,2,
2015-05-14,16.273332595825195,0.0037831669775971,3.9682538795565474e-07,0.0,50.0,0.021748912554372283,0.0,0.1569602675900924,0.021748912554372283,2,2,
2015-05-15,16.589332580566406,0.0194182711427086,3.9682538795565474e-07,0.0,50.0,0.021748912554372283,0.0,0.1891234409855607,0.021748912554372283,2,2,
2015-05-18,16.583332061767578,-0.0003617094762363,3.17460332538873e-07,0.0,50.0,0.021748912554372283,0.0,0.1826768535314451,0.021748912554372283,2,2,
2015-05-19,16.47599983215332,-0.0064722957493994,3.9682538795565474e-07,0.0,50.0,0.021748912554372283,0.0,0.1598388212158338,0.021748912554372283,2,2,
2015-05-20,16.290000915527344,-0.0112890822117511,5.158730265167024e-07,0.0,50.0,0.021748912554372283,0.0,0.13612440862585,0.021748912554372283,2,2,
2015-05-21,16.374666213989258,0.0051973783734544,5.158730265167024e-07,0.0,50.0,0.021748912554372283,0.0,0.1455286366561453,0.021748912554372283,2,2,
2015-05-22,16.51533317565918,0.0085905239124659,3.9682538795565474e-07,0.0,50.0,0.021748912554372283,0.0,0.1591990479400909,0.021748912554372283,2,2,
2015-05-26,16.497333526611328,-0.0010898750183484,3.9682538795565474e-07,0.0,50.0,0.021748912554372283,0.0,0.1545621191205942,0.021748912554372283,2,2,
2015-05-27,16.495332717895508,-0.0001212807337981,5.158730265167024e-07,0.0,50.0,0.021748912554372283,0.0,0.1562249900716988,0.021748912554372283,2,2,
2015-05-28,16.76333236694336,0.0162469986893385,1.1904762008242065e-07,0.0,50.0,0.021748912554372283,0.0,0.1782507654505676,0.021748912554372283,2,2,
2015-05-29,16.719999313354492,-0.002584990420778,1.1904762008242065e-07,0.0,50.0,0.021748912554372283,0.0,0.1729571010846354,0.021748912554372283,2,2,
2015-06-01,16.6299991607666,-0.0053827844667437,3.17460332538873e-07,0.0,50.0,0.021748912554372283,0.0,0.165259591981486,0.021748912554372283,2,2,
2015-06-02,16.55666732788086,-0.0044096113401344,3.9682538795565474e-07,0.0,50.0,0.021748912554372283,0.0,0.1635628874630135,0.021748912554372283,2,2,
2015-06-03,16.599332809448242,0.0025769365731915,3.9682538795565474e-07,0.0,50.0,0.021748912554372283,0.0,0.1690831338602991,0.021748912554372283,2,2,
2015-06-04,16.39466667175293,-0.012329780964378,1.9841269397782539e-07,0.0,50.0,0.021748912554372283,0.0,0.1486780715930105,0.021748912554372283,2,2,
2015-06-05,16.609333038330078,0.0130936706963982,3.9682538795565474e-07,0.0,50.0,0.021748912554372283,0.0,0.1598470272158206,0.021748912554372283,2,2,
2015-06-08,17.086000442504883,0.0286987685221784,3.9682538795565474e-07,0.0,50.0,0.021748912554372283,0.0,0.1860795005108271,0.021748912554372283,2,2,
2015-06-09,17.066667556762695,-0.0011315044622199,5.158730265167024e-07,0.0,50.0,0.021748912554372283,0.0,0.1840171756663023,0.021748912554372283,2,2,
2015-06-10,16.713333129882812,-0.0207031879952377,5.158730265167024e-07,0.0,50.0,0.021748912554372283,0.0,0.141918718272324,0.021748912554372283,2,2,
2015-06-11,16.76066780090332,0.0028321502750325,3.17460332538873e-07,0.0,50.0,0.021748912554372283,0.0,0.1458396608958774,0.021748912554372283,2,2,
2015-06-12,16.71266746520996,-0.0028638677326909,1.9841269397782539e-07,0.0,50.0,0.021748912554372283,0.0,0.1474137114971072,0.021748912554372283,2,2,
2015-06-15,16.691999435424805,-0.0012366685227346,1.1904762008242065e-07,0.0,50.0,0.021748912554372283,0.0,0.1505441508339705,0.021748912554372283,2,2,
2015-06-16,16.874666213989258,0.0109433731573693,3.17460332538873e-07,0.0,50.0,0.021748912554372283,0.0,0.1627357945946594,0.021748912554372283,2,2,
2015-06-17,17.360666275024414,0.028800573289696,1.1904762008242065e-07,0.0,50.0,0.021748912554372283,0.0,0.1896003899053979,0.021748912554372283,2,2,
2015-06-18,17.459333419799805,0.0056833731616243,1.1904762008242065e-07,0.0,50.0,0.021748912554372283,0.0,0.1958546929414997,0.021748912554372283,2,2,
2015-06-19,17.500667572021484,0.0023674530537807,1.1904762008242065e-07,0.0,50.0,0.021748912554372283,0.0,0.1994628476678221,0.021748912554372283,2,2,
2015-06-22,17.319332122802734,-0.010361630404811,1.1904762008242065e-07,0.0,50.0,0.021748912554372283,0.0,0.1797612491157124,0.021748912554372283,2,2,
2015-06-23,17.844667434692383,0.0303323077451693,3.17460332538873e-07,0.0,50.0,0.021748912554372283,0.0,0.2195973001942928,0.021748912554372283,2,2,
2015-06-24,17.67799949645996,-0.0093399296368167,1.9841269397782539e-07,0.0,50.0,0.021748912554372283,0.0,0.1958319927151385,0.021748912554372283,2,2,
2015-06-25,17.91933250427246,0.0136516016906114,1.9841269397782539e-07,0.0,50.0,0.021748912554372283,0.0,0.212864624958584,0.021748912554372283,2,2,
2015-06-26,17.805999755859375,-0.0063246077043362,1.9841269397782539e-07,0.0,50.0,0.021748912554372283,0.0,0.1979874917598926,0.021748912554372283,2,2,
2015-06-29,17.468000411987305,-0.0189823289063477,1.9841269397782539e-07,0.0,50.0,0.021748912554372283,0.0,0.1619493048157819,0.021748912554372283,2,2,
2015-06-30,17.884000778198242,0.0238149963590257,3.9682538795565474e-07,0.0,50.0,0.021748912554372283,0.0,0.1852609039941825,0.021748912554372283,2,2,
2015-07-01,17.94333267211914,0.003317596250232,1.1904762008242065e-07,0.0,50.0,0.021748912554372283,0.0,0.187897899379351,0.021748912554372283,2,2,
2015-07-02,18.667999267578125,0.0403863991545445,1.1904762008242065e-07,0.0,50.0,0.021748912554372283,0.0,0.2454049055894174,0.021748912554372283,2,2,
2015-07-06,18.64800071716309,-0.0010712744375219,1.9841269397782539e-07,0.0,50.0,0.021748912554372283,0.0,0.2364513098983271,0.021748912554372283,2,2,
2015-07-07,17.858667373657227,-0.0423280412456967,3.9682538795565474e-07,0.0,50.0,0.021748912554372283,0.0,0.1350122944055851,0.021748912554372283,2,2,
2015-07-08,16.997333526611328,-0.0482305778490743,3.9682538795565474e-07,0.0,50.0,0.021748912554372283,0.0,0.1059709418828963,0.021748912554372283,2,2,
2015-07-09,17.19466781616211,0.0116097203859553,3.17460332538873e-07,0.0,50.0,0.021748912554372283,0.0,0.1026703592177728,0.021748912554372283,2,2,
2015-07-10,17.27666664123535,0.0047688519458437,3.17460332538873e-07,0.0,50.0,0.021748912554372283,0.0,0.1049947845410206,0.021748912554372283,2,2,
2015-07-13,17.477333068847656,0.0116148810288068,3.17460332538873e-07,0.0,50.0,0.021748912554372283,0.0,0.1061988435354558,0.021748912554372283,2,2,
2015-07-14,17.709999084472656,0.0133124438785063,3.9682538795565474e-07,0.0,50.0,0.021748912554372283,0.0,0.1163258821225123,0.021748912554372283,2,2,
2015-07-15,17.542667388916016,-0.0094484305029326,5.158730265167024e-07,0.0,50.0,0.021748912554372283,0.0,0.111250546106483,0.021748912554372283,2,2,
2015-07-16,17.778667449951172,0.0134529177235764,3.9682538795565474e-07,0.0,50.0,0.021748912554372283,0.0,0.1222732146424904,0.021748912554372283,2,2,
2015-07-17,18.310667037963867,0.0299234793333262,5.158730265167024e-07,0.0,50.0,0.021748912554372283,0.0,0.1548200138098899,0.021748912554372283,2,2,
2015-07-20,18.817333221435547,0.0276705475786982,9.126984144723572e-07,0.0,50.0,0.021748912554372283,0.0,0.1979727405185949,0.021748912554372283,2,2,
2015-07-21,17.784666061401367,-0.0548785073783902,1.1904761638669722e-06,0.0,50.0,0.021748912554372283,0.0,0.0945897081546041,0.021748912554372283,2,2,
2015-07-22,17.857999801635742,0.0041234252013049,1.1904761638669722e-06,0.0,50.0,0.021748912554372283,0.0,0.1017415985339641,0.021748912554372283,2,2,
2015-07-23,17.81333351135254,-0.0025011922264167,1.1904761638669722e-06,0.0,50.0,0.021748912554372283,0.0,0.1006957868241048,0.021748912554372283,2,2,
2015-07-24,17.694000244140625,-0.006699098017553,1.1904761638669722e-06,0.0,50.0,0.021748912554372283,0.0,0.0980195588529098,0.021748912554372283,2,2,
2015-07-27,16.867332458496094,-0.0467202313913317,1.1111111454074327e-06,0.0,50.0,0.021748912554372283,0.0,0.1013553610616814,0.021748912554372283,2,2,
2015-07-28,17.654666900634766,0.0466780650749603,1.7063492642981665e-06,0.0,50.0,0.021748912554372283,0.0,0.0810048471118755,0.021748912554372283,2,2,
2015-07-29,17.58799934387207,-0.0037762002046211,1.7857143566721944e-06,0.0,50.0,0.021748912554372283,0.0,0.0805272503196318,0.021748912554372283,2,2,
2015-07-30,17.785999298095703,0.0112576735052369,2.3809523277339444e-06,0.0,50.0,0.021748912554372283,0.0,0.0892141943249056,0.021748912554372283,2,2,
2015-07-31,17.74333381652832,-0.0023988239767867,2.3015872353599167e-06,0.0,50.0,0.021748912554372283,0.0,0.0871696282812059,0.021748912554372283,2,2,
2015-08-03,17.332666397094727,-0.0231448849286174,2.5000000402094805e-06,0.0,50.0,0.021748912554372283,0.0,0.08466724176985,0.021748912554372283,2,2,
2015-08-04,17.75200080871582,0.0241933007890455,2.9761905944536585e-06,0.0,50.0,0.021748912554372283,0.0,0.0890391953403517,0.021748912554372283,2,2,
2015-08-05,18.0086669921875,0.0144584368960631,2.9761905944536585e-06,0.0,50.0,0.021748912554372283,0.0,0.1044453750833896,0.021748912554372283,2,2,
2015-08-06,16.408666610717773,-0.0888461307082771,1.1111111454074327e-06,0.0,50.0,0.021748912554372283,0.0,0.1081855827719077,0.021748912554372283,2,2,
2015-08-07,16.167333602905273,-0.0147076550177981,2.182539670713361e-06,0.0,50.0,0.021748912554372283,0.0,0.1168161709880551,0.021748912554372283,2,2,
2015-08-10,16.076000213623047,-0.0056492549436731,2.579364984754532e-06,0.0,50.0,0.021748912554372283,0.0,0.1173703902255047,0.021748912554372283,2,2,
2015-08-11,15.824666976928713,-0.0156340652746042,3.888888787182548e-06,0.0,50.0,0.021748912554372283,0.0,0.1244169690315714,0.021748912554372283,2,2,
2015-08-12,15.878000259399414,0.0033702625495031,3.571428713344389e-06,0.0,50.0,0.021748912554372283,0.0,0.1186364762990286,0.021748912554372283,2,2,
2015-08-13,16.167333602905273,0.0182222785476138,3.2936506682918174e-06,0.0,50.0,0.021748912554372283,0.0,0.0977322379730348,0.021748912554372283,2,2,
2015-08-14,16.209999084472656,0.0026389930841606,3.1746031036452616e-06,0.0,50.0,0.021748912554372283,0.0,0.0893706699966551,0.021748912554372283,2,2,
2015-08-17,16.999332427978516,0.0486942250516195,2.3809523277339444e-06,0.0,50.0,0.021748912554372283,0.0,0.0732003305243729,0.021748912554372283,2,2,
2015-08-18,17.381332397460938,0.0224714688709601,3.373015908494825e-06,0.0,50.0,0.021748912554372283,0.0,0.0955317113882395,0.021748912554372283,2,2,
2015-08-19,17.016666412353516,-0.0209803239917725,1.5873015518226308e-06,0.0,50.0,0.021748912554372283,0.0,0.0690266013971202,0.021748912554372283,2,2,
2015-08-20,16.14533233642578,-0.0512047456777536,5.952380819334841e-07,0.0,50.0,0.021748912554372283,0.0,0.0798850161936503,0.021748912554372283,2,2,
2015-08-21,15.38466739654541,-0.0471136130263618,7.936507759113135e-07,0.0,50.0,0.021748912554372283,0.0,0.1163004772647794,0.021748912554372283,2,2,
2015-08-24,14.591333389282228,-0.0515665361372272,5.952380819334841e-07,0.0,50.0,0.021748912554372283,0.0,0.1569679777162521,0.021748912554372283,2,2,
2015-08-25,14.66866683959961,0.005299957738899,2.103174578339333e-06,0.0,50.0,0.021748912554372283,0.0,0.1408910448520743,0.021748912554372283,2,2,
2015-08-26,14.989333152770996,0.0218606310087918,2.182539670713361e-06,0.0,50.0,0.021748912554372283,0.0,0.1102335472323625,0.021748912554372283,2,2,
2015-08-27,16.19933319091797,0.0807240739674457,1.984127013692778e-06,0.0,50.0,0.021748912554372283,0.0,0.0530903400354112,0.021748912554372283,2,2,
2015-08-28,16.565332412719727,0.0225934745268991,1.984127013692778e-06,0.0,50.0,0.021748912554372283,0.0,0.0586030581369181,0.021748912554372283,2,2,
2015-08-31,16.604000091552734,0.0023342531178738,1.1904762008242065e-07,0.0,50.0,0.021748912554372283,0.0,0.054539042921584,0.021748912554372283,2,2,
2015-09-01,15.908666610717772,-0.0418774678993595,1.5079364594485992e-06,0.0,50.0,0.021748912554372283,0.0,0.0548025605952425,0.021748912554372283,2,2,
2015-09-02,16.512666702270508,0.0379667326201818,9.92063506846389e-07,0.0,50.0,0.021748912554372283,0.0,0.0502914849374971,0.021748912554372283,2,2,
2015-09-03,16.3713321685791,-0.0085591586289314,5.952380819334841e-07,0.0,50.0,0.021748912554372283,0.0,0.0444098408166223,0.021748912554372283,2,2,
2015-09-04,16.1286678314209,-0.0148225162533773,9.92063506846389e-07,0.0,50.0,0.021748912554372283,0.0,0.0474635774395646,0.021748912554372283,2,2,
2015-09-08,16.544666290283203,0.0257924872165749,9.92063506846389e-07,0.0,50.0,0.021748912554372283,0.0,0.0468719693386168,0.021748912554372283,2,2,
2015-09-09,16.5939998626709,0.0029818414903097,1.3888888948020476e-06,0.0,50.0,0.021748912554372283,0.0,0.0442520600424201,0.021748912554372283,2,2,
2015-09-10,16.565332412719727,-0.001727579256865,5.952380819334841e-07,0.0,50.0,0.021748912554372283,0.0,0.0439871657343678,0.021748912554372283,2,2,
2015-09-11,16.682666778564453,0.007083127758706,9.126984144723572e-07,0.0,50.0,0.021748912554372283,0.0,0.0506446482279485,0.021748912554372283,2,2,
2015-09-14,16.87933349609375,0.0117886858342093,9.92063506846389e-07,0.0,50.0,0.021748912554372283,0.0,0.0594023699995758,0.021748912554372283,2,2,
2015-09-15,16.904666900634766,0.0015008533688181,2.3015872353599167e-06,0.0,50.0,0.021748912554372283,0.0,0.0658552171004901,0.021748912554372283,2,2,
2015-09-16,17.483333587646484,0.0342311794969465,2.103174578339333e-06,0.0,50.0,0.021748912554372283,0.0,0.1052482246071443,0.021748912554372283,2,2,
2015-09-17,17.471332550048828,-0.0006864273073263,1.1904762008242065e-07,0.0,50.0,0.021748912554372283,0.0,0.0874659456045133,0.021748912554372283,2,2,
2015-09-18,17.374666213989258,-0.0055328542217748,3.9682538795565474e-07,0.0,50.0,0.021748912554372283,0.0,0.0758050615369401,0.021748912554372283,2,2,
2015-09-21,17.613332748413086,0.0137364673073065,5.158730265167024e-07,0.0,50.0,0.021748912554372283,0.0,0.0872106579285307,0.021748912554372283,2,2,
2015-09-22,17.395999908447266,-0.0123391094161553,1.1904762008242065e-07,0.0,50.0,0.021748912554372283,0.0,0.077386290093836,0.021748912554372283,2,2,
2015-09-23,17.40399932861328,0.0004598425044903,1.1904762008242065e-07,0.0,50.0,0.021748912554372283,0.0,0.0848544959827551,0.021748912554372283,2,2,
2015-09-24,17.541332244873047,0.0078908826452308,1.9841269397782539e-07,0.0,50.0,0.021748912554372283,0.0,0.1037192883927879,0.021748912554372283,2,2,
2015-09-25,17.12733268737793,-0.0236013748394806,7.936507759113135e-07,0.0,50.0,0.021748912554372283,0.0,0.0736811882844227,0.021748912554372283,2,2,
2015-09-28,16.562000274658203,-0.0330076155487042,5.158730265167024e-07,0.0,50.0,0.021748912554372283,0.0,0.0737652447484931,0.021748912554372283,2,2,
2015-09-29,16.44333267211914,-0.0071650525643716,1.1904762008242065e-07,0.0,50.0,0.021748912554372283,0.0,0.0750975946024269,0.021748912554372283,2,2,
2015-09-30,16.559999465942383,0.0070950820098081,1.9841269397782539e-07,0.0,50.0,0.021748912554372283,0.0,0.071756191226121,0.021748912554372283,2,2,
2015-10-01,15.991999626159668,-0.0342995083394099,7.142856835372857e-07,0.0,50.0,0.021748912554372283,0.0,0.0915853123549225,0.021748912554372283,2,2,
2015-10-02,16.504667282104492,0.0320577581246439,3.17460332538873e-07,0.0,50.0,0.021748912554372283,0.0,0.0655198124971372,0.021748912554372283,2,2,
2015-10-05,16.40999984741211,-0.0057357978245964,3.17460332538873e-07,0.0,50.0,0.021748912554372283,0.0,0.0678930108683387,0.021748912554372283,2,2,
2015-10-06,16.097333908081055,-0.0190533785641907,1.9841269397782539e-07,0.0,50.0,0.021748912554372283,0.0,0.0819143000697963,0.021748912554372283,2,2,
2015-10-07,15.46399974822998,-0.0393440406633506,1.9841269397782539e-07,0.0,50.0,0.021748912554372283,0.0,0.1086047241283739,0.021748912554372283,2,2,
2015-10-08,15.114666938781738,-0.0225900682317475,1.1904762008242065e-07,0.0,50.0,0.021748912554372283,0.0,0.1240327839260569,0.021748912554372283,2,2,
2015-10-09,14.71266746520996,-0.0265966478255842,1.1904762008242065e-07,0.0,50.0,0.021748912554372283,0.0,0.1407096281284334,0.021748912554372283,2,2,
2015-10-12,14.371999740600586,-0.0231547219710448,3.9682538795565474e-07,0.0,50.0,0.021748912554372283,0.0,0.1522034613001029,0.021748912554372283,2,2,
2015-10-13,14.616666793823242,0.0170238698607456,1.9841269397782539e-07,0.0,50.0,0.021748912554372283,0.0,0.1266080235236859,0.021748912554372283,2,2,
2015-10-14,14.458666801452637,-0.010809577491181,3.9682538795565474e-07,0.0,50.0,0.021748912554372283,0.0,0.1302623614824795,0.021748912554372283,2,2,
2015-10-15,14.753999710083008,0.0204260124868982,1.9841269397782539e-07,0.0,50.0,0.021748912554372283,0.0,0.106847921130408,0.021748912554372283,2,2,
2015-10-16,15.133999824523926,0.0257557355231086,1.9841269397782539e-07,0.0,50.0,0.021748912554372283,0.0,0.0838046180521386,0.021748912554372283,2,2,
2015-10-19,15.206666946411133,0.0048015807274857,1.9841269397782539e-07,0.0,50.0,0.021748912554372283,0.0,0.0820516186708116,0.021748912554372283,2,2,
2015-10-20,14.20199966430664,-0.0660675535043265,3.9682538795565474e-07,0.0,50.0,0.021748912554372283,0.0,0.127872272642554,0.021748912554372283,2,2,
2015-10-21,14.005999565124512,-0.0138008804263478,1.9841269397782539e-07,0.0,50.0,0.021748912554372283,0.0,0.1336418303720572,0.021748912554372283,2,2,
2015-10-22,14.114666938781738,0.0077586303749297,1.9841269397782539e-07,0.0,50.0,0.021748912554372283,0.0,0.1211431233302087,0.021748912554372283,2,2,
2015-10-23,13.939332962036133,-0.0124221122259607,1.1904762008242065e-07,0.0,50.0,0.021748912554372283,0.0,0.1280753180445459,0.021748912554372283,2,2,
2015-10-26,14.350666999816896,0.0295088752740919,3.17460332538873e-07,0.0,50.0,0.021748912554372283,0.0,0.0973906965896001,0.021748912554372283,2,2,
2015-10-27,14.023332595825195,-0.0228096996464259,3.9682538795565474e-07,0.0,50.0,0.021748912554372283,0.0,0.1127320820842168,0.021748912554372283,2,2,
2015-10-28,14.197333335876465,0.0124079450346252,1.3888888948020476e-06,0.0,50.0,0.021748912554372283,0.0,0.1015750010328724,0.021748912554372283,2,2,
2015-10-29,14.108667373657228,-0.0062452546630836,2.103174578339333e-06,0.0,50.0,0.021748912554372283,0.0,0.1045730295341917,0.021748912554372283,2,2,
2015-10-30,13.795332908630373,-0.0222086506633427,2.698412845059044e-06,0.0,50.0,0.021748912554372283,0.0,0.1191271258406991,0.021748912554372283,2,2,
2015-11-02,14.252667427062988,0.0331513941317433,2.103174578339333e-06,0.0,50.0,0.021748912554372283,0.0,0.0918066434934977,0.021748912554372283,2,2,
2015-11-03,13.890000343322754,-0.0254455585662233,2.3015872353599167e-06,0.0,50.0,0.021748912554372283,0.0,0.1065203352371724,0.021748912554372283,2,2,
2015-11-04,15.44200038909912,0.1117350617289543,2.182539670713361e-06,0.0,50.0,0.021748912554372283,0.0,0.0974839216628667,0.021748912554372283,2,2,
2015-11-05,15.451333045959473,0.0006043683865557,1.5873015518226308e-06,0.0,50.0,0.021748912554372283,0.0,0.0853802620431475,0.021748912554372283,2,2,
2015-11-06,15.490667343139648,0.0025456895572166,2.896825354250651e-06,0.0,50.0,0.021748912554372283,0.0,0.0796524330017175,0.021748912554372283,2,2,
2015-11-09,15.022000312805176,-0.0302547992254208,2.9761905944536585e-06,0.0,50.0,0.021748912554372283,0.0,0.0592284883726794,0.021748912554372283,2,2,
2015-11-10,14.43333339691162,-0.0391869859962498,4.96031746031746e-06,0.0,50.0,0.021748912554372283,0.0,0.0743807505017105,0.021748912554372283,2,2,
2015-11-11,14.60533332824707,0.0119168543125494,4.880952515772409e-06,0.0,50.0,0.021748912554372283,0.0,0.0646395049174011,0.021748912554372283,2,2,
2015-11-12,14.196000099182127,-0.0280262846362624,4.880952515772409e-06,0.0,50.0,0.021748912554372283,0.0,0.0832405434317803,0.021748912554372283,2,2,
2015-11-13,13.812666893005373,-0.0270029024724252,4.484126906073282e-06,0.0,50.0,0.021748912554372283,0.0,0.1053287169363042,0.021748912554372283,2,2,
2015-11-16,14.28733253479004,0.0343645181239427,3.888888787182548e-06,0.0,50.0,0.021748912554372283,0.0,0.0723008323466071,0.021748912554372283,2,2,
2015-11-17,14.266667366027832,-0.0014463979691022,5.357143070016588e-06,0.0,50.0,0.021748912554372283,0.0,0.0722552679238978,0.021748912554372283,2,2,
2015-11-18,14.73799991607666,0.0330373266549395,4.880952515772409e-06,0.0,50.0,0.021748912554372283,0.0,0.0595680757619581,0.021748912554372283,2,2,
2015-11-19,14.786666870117188,0.0033021410176179,3.492063473141381e-06,0.0,50.0,0.021748912554372283,0.0,0.0578357728647006,0.021748912554372283,2,2,
2015-11-20,14.667332649230955,-0.0080703935467294,3.690476277990945e-06,0.0,50.0,0.021748912554372283,0.0,0.0596105869458438,0.021748912554372283,2,2,
2015-11-23,14.516667366027832,-0.0102721665081362,4.166666536577163e-06,0.0,50.0,0.021748912554372283,0.0,0.0649392602398366,0.021748912554372283,2,2,
2015-11-24,14.550000190734863,0.0022961761034103,6.071428457895913e-06,0.0,50.0,0.021748912554372283,0.0,0.0650907304805499,0.021748912554372283,2,2,
2015-11-25,15.309332847595217,0.0521878107839393,6.944444326181258e-06,0.0,50.0,0.021748912554372283,0.0,0.0716655514629269,0.021748912554372283,2,2,
2015-11-27,15.440667152404783,0.0085787085640507,6.349206207290528e-06,0.0,50.0,0.021748912554372283,0.0,0.0794148147887174,0.021748912554372283,2,2,
2015-11-30,15.350666999816896,-0.005828773569144,6.746031816989654e-06,0.0,50.0,0.021748912554372283,0.0,0.0658972738839998,0.021748912554372283,2,2,
2015-12-01,15.812666893005373,0.0300964051395282,8.055555323759714e-06,0.0,50.0,0.021748912554372283,0.0,0.0925182961115403,0.021748912554372283,2,2,
2015-12-02,15.465999603271484,-0.0219233916757731,7.93650805477112e-06,0.0,50.0,0.021748912554372283,0.0,0.0591116713918517,0.021748912554372283,2,2,
2015-12-03,15.513999938964844,0.0031036038358105,7.85714281456811e-06,0.0,50.0,0.021748912554372283,0.0,0.0587368344346172,0.021748912554372283,2,2,
2015-12-04,15.358667373657228,-0.0100124123964628,8.134920563962722e-06,0.0,50.0,0.021748912554372283,0.0,0.0565773674537159,0.021748912554372283,2,2,
2015-12-07,15.408666610717772,0.0032554411033278,9.325396801744186e-06,0.0,50.0,0.021748912554372283,0.0,0.0589425070494032,0.021748912554372283,2,2,
2015-12-08,15.114666938781738,-0.0190801501105577,1.0634920899830168e-05,0.0,50.0,0.021748912554372283,0.0,0.0609691747979006,0.021748912554372283,2,2,
2015-12-09,14.968000411987305,-0.0097035897243697,9.722222411443312e-06,0.0,50.0,0.021748912554372283,0.0,0.0668278798531095,0.021748912554372283,2,2,
2015-12-10,15.137999534606934,0.0113575038709567,9.126984292552583e-06,0.0,50.0,0.021748912554372283,0.0,0.0662912384254475,0.021748912554372283,2,2,
2015-12-11,14.468000411987305,-0.0442594228575543,8.452380933458842e-06,0.0,50.0,0.021748912554372283,0.0,0.0836588524538272,0.021748912554372283,2,2,
2015-12-14,14.571999549865724,0.0071882177852478,7.85714281456811e-06,0.0,50.0,0.021748912554372283,0.0,0.0770138714123789,0.021748912554372283,2,2,
2015-12-15,14.739333152770996,0.0114832286627961,9.92063492063492e-06,0.0,50.0,0.021748912554372283,0.0,0.0707982133318389,0.021748912554372283,2,2,
2015-12-16,15.633999824523926,0.0606992638323486,9.325396801744186e-06,0.0,50.0,0.021748912554372283,0.0,0.0719880620624659,0.021748912554372283,2,2,
2015-12-17,15.559332847595217,-0.0047759356381458,8.452380933458842e-06,0.0,50.0,0.021748912554372283,0.0,0.064555353256346,0.021748912554372283,2,2,
2015-12-18,15.36400032043457,-0.0125540425848551,6.944444326181258e-06,0.0,50.0,0.021748912554372283,0.0,0.0565743939644122,0.021748912554372283,2,2,
2015-12-21,15.503999710083008,0.0091121704457552,6.071428457895913e-06,0.0,50.0,0.021748912554372283,0.0,0.0582131589502002,0.021748912554372283,2,2,
2015-12-22,15.329999923706056,-0.0112228966480043,7.658730305376503e-06,0.0,50.0,0.021748912554372283,0.0,0.0596095264285315,0.021748912554372283,2,2,
2015-12-23,15.313332557678224,-0.0010872384938539,7.539682445071992e-06,0.0,50.0,0.021748912554372283,0.0,0.0635573359812618,0.021748912554372283,2,2,
2015-12-24,15.371333122253418,0.0037875860369864,7.261904695677376e-06,0.0,50.0,0.021748912554372283,0.0,0.0652175268141867,0.021748912554372283,2,2,
2015-12-28,15.263333320617676,-0.0070260530285033,7.539682445071992e-06,0.0,50.0,0.021748912554372283,0.0,0.0679425616956674,0.021748912554372283,2,2,
2015-12-29,15.812666893005373,0.0359904066070324,8.531746173661852e-06,0.0,50.0,0.021748912554372283,0.0,0.0748971235184614,0.021748912554372283,2,2,
2015-12-30,15.87266731262207,0.0037944528916395,7.738094954263595e-06,0.0,50.0,0.021748912554372283,0.0,0.0772766867635871,0.021748912554372283,2,2,
2015-12-31,16.000667572021484,0.0080641934262446,5.87301594870431e-06,0.0,50.0,0.021748912554372283,0.0,0.0835463236136891,0.021748912554372283,2,2,
2016-01-04,14.894000053405762,-0.0691638341734456,6.150793698098924e-06,0.0,50.0,0.02037596950177468,0.0,0.0505100014019613,0.02037596950177468,2,2,
2016-01-05,14.895333290100098,8.951501876963697e-05,8.134920563962722e-06,0.0,50.0,0.02037596950177468,0.0,0.0486880401562277,0.02037596950177468,2,2,
2016-01-06,14.602666854858398,-0.0196481964882393,8.134920563962722e-06,0.0,50.0,0.02037596950177468,0.0,0.0619843444168445,0.02037596950177468,2,2,
2016-01-07,14.376667022705078,-0.0154766135802193,7.539682445071992e-06,0.0,50.0,0.02037596950177468,0.0,0.0726168552798684,0.02037596950177468,2,2,
2016-01-08,14.06666660308838,-0.0215627460194434,7.539682445071992e-06,0.0,50.0,0.02037596950177468,0.0,0.0906854714251107,0.02037596950177468,2,2,
2016-01-11,13.856666564941406,-0.0149289127319522,6.944444326181258e-06,0.0,50.0,0.02037596950177468,0.0,0.099227572051801,0.02037596950177468,2,2,
2016-01-12,13.998000144958496,0.010199681096078,8.333333073154326e-06,0.0,50.0,0.02037596950177468,0.0,0.0822933442028547,0.02037596950177468,2,2,
2016-01-13,13.354000091552734,-0.046006575706295,8.531746173661852e-06,0.0,50.0,0.02037596950177468,0.0,0.1243981753120568,0.02037596950177468,2,2,
2016-01-14,13.745332717895508,0.0293045247611101,9.523809310935788e-06,0.0,50.0,0.02037596950177468,0.0,0.0835477582821433,0.02037596950177468,2,2,
2016-01-15,13.666000366210938,-0.0057715846762504,8.849206543157968e-06,0.0,50.0,0.02037596950177468,0.0,0.0828321894663299,0.02037596950177468,2,2,
2016-01-19,13.64799976348877,-0.0013171814898143,9.126984292552583e-06,0.0,50.0,0.02037596950177468,0.0,0.0805290115319728,0.02037596950177468,2,2,
2016-01-20,13.24666690826416,-0.0294059834539459,1.0039682189623516e-05,0.0,50.0,0.02037596950177468,0.0,0.1042741208249753,0.02037596950177468,2,2,
2016-01-21,13.33133316040039,0.0063915136330188,1.0833333409021768e-05,0.0,50.0,0.02037596950177468,0.0,0.0930117346815514,0.02037596950177468,2,2,
2016-01-22,13.50333309173584,0.0129019303070423,1.1428570936596582e-05,0.0,50.0,0.02037596950177468,0.0,0.0780611910310395,0.02037596950177468,2,2,
2016-01-25,13.092000007629396,-0.0304615965045091,1.0912698649224782e-05,0.0,50.0,0.02037596950177468,0.0,0.1015763308811226,0.02037596950177468,2,2,
2016-01-26,12.904000282287598,-0.0143598934641187,1.190476237781464e-05,0.0,50.0,0.02037596950177468,0.0,0.1100384027791473,0.02037596950177468,2,2,
2016-01-27,12.538000106811523,-0.0283633111802126,1.190476237781464e-05,0.0,50.0,0.02037596950177468,0.0,0.1306903779129184,0.02037596950177468,2,2,
2016-01-28,12.646666526794434,0.008666965948092,1.2619047174378049e-05,0.0,50.0,0.02037596950177468,0.0,0.1156337013986524,0.02037596950177468,2,2,
2016-01-29,12.74666690826416,0.0079072521804743,1.190476237781464e-05,0.0,50.0,0.02037596950177468,0.0,0.1043418605510234,0.02037596950177468,2,2,
2016-02-01,13.129332542419434,0.0300208389306209,1.1706348685991194e-05,0.0,50.0,0.02037596950177468,0.0,0.0766391127658676,0.02037596950177468,2,2,
2016-02-02,12.185333251953123,-0.0719000213770465,1.3095238615596102e-05,0.0,50.0,0.02037596950177468,0.0,0.132855582081876,0.02037596950177468,2,2,
2016-02-03,11.565333366394045,-0.0508808313026402,1.3214285884584698e-05,0.0,50.0,0.02037596950177468,0.0,0.170303149361452,0.02037596950177468,2,2,
2016-02-04,11.68866729736328,0.0106641051374802,1.1230158427404976e-05,0.0,50.0,0.02037596950177468,0.0,0.151689247035365,0.02037596950177468,2,2,
2016-02-05,10.84000015258789,-0.0726059800647102,1.1031745918213372e-05,0.0,50.0,0.02037596950177468,0.0,0.2034158175405158,0.02037596950177468,2,2,
2016-02-08,9.866000175476074,-0.0898523951477332,1.0317459939018123e-05,0.0,50.0,0.02037596950177468,0.0,0.2535857271625276,0.02037596950177468,2,2,
2016-02-09,9.883333206176758,0.0017568447590106,1.190476237781464e-05,0.0,50.0,0.02037596950177468,0.0,0.239510787652065,0.02037596950177468,2,2,
2016-02-10,9.57800006866455,-0.030893741123833,1.1825397137611633e-05,0.0,50.0,0.02037596950177468,0.0,0.2473520975076431,0.02037596950177468,2,2,
2016-02-11,10.031332969665527,0.0473306429057256,1.0833333409021768e-05,0.0,50.0,0.02037596950177468,0.0,0.2087425739950456,0.02037596950177468,2,2,
2016-02-12,10.06933307647705,0.0037881413094784,1.0714286140033176e-05,0.0,50.0,0.02037596950177468,0.0,0.1981336775341384,0.02037596950177468,2,2,
2016-02-16,10.344667434692385,0.027343852480016,1.0833333409021768e-05,0.0,50.0,0.02037596950177468,0.0,0.1772481119665793,0.02037596950177468,2,2,
2016-02-17,11.245332717895508,0.0870656586003535,1.1626984628420029e-05,0.0,50.0,0.02037596950177468,0.0,0.1380479955664332,0.02037596950177468,2,2,
2016-02-18,11.118000030517578,-0.0113231587336937,1.1428570936596582e-05,0.0,50.0,0.02037596950177468,0.0,0.1380812840333573,0.02037596950177468,2,2,
2016-02-19,11.10533332824707,-0.0011392968371775,1.1230158427404976e-05,0.0,50.0,0.02037596950177468,0.0,0.1335410982135255,0.02037596950177468,2,2,
2016-02-22,11.849332809448242,0.0669947906299008,1.1626984628420029e-05,0.0,50.0,0.02037596950177468,0.0,0.135519981275485,0.02037596950177468,2,2,
2016-02-23,11.814000129699709,-0.0029818286241702,1.2619047174378049e-05,0.0,50.0,0.02037596950177468,0.0,0.1257438154403177,0.02037596950177468,2,2,
2016-02-24,11.93333339691162,0.0101010043932463,1.2499999905389453e-05,0.0,50.0,0.02037596950177468,0.0,0.1230863913977463,0.02037596950177468,2,2,
2016-02-25,12.495332717895508,0.0470949149153359,1.2301587396197849e-05,0.0,50.0,0.02037596950177468,0.0,0.1510449804375706,0.02037596950177468,2,2,
2016-02-26,12.689332962036133,0.015525816600528,1.2023809646803232e-05,0.0,50.0,0.02037596950177468,0.0,0.1536139906632859,0.02037596950177468,2,2,
2016-02-29,12.795332908630373,0.0083534687687185,1.2222222155994836e-05,0.0,50.0,0.02037596950177468,0.0,0.1430812180195858,0.02037596950177468,2,2,
2016-03-01,12.423333168029783,-0.0290730802595747,1.2698412414581057e-05,0.0,50.0,0.02037596950177468,0.0,0.1038589623546557,0.02037596950177468,2,2,
2016-03-02,12.555999755859377,0.0106788239545083,1.2023809646803232e-05,0.0,50.0,0.02037596950177468,0.0,0.1070082146628367,0.02037596950177468,2,2,
2016-03-03,13.04933261871338,0.0392906078724464,1.0436508390638564e-05,0.0,50.0,0.02037596950177468,0.0,0.1386762182011386,0.02037596950177468,2,2,
2016-03-04,13.402667045593262,0.0270768197274076,1.0515872448209727e-05,0.0,50.0,0.02037596950177468,0.0,0.1597943550872073,0.02037596950177468,2,2,
2016-03-07,13.685999870300291,0.0211400330802209,1.0515872448209727e-05,0.0,50.0,0.02037596950177468,0.0,0.1756563741524587,0.02037596950177468,2,2,
2016-03-08,13.506667137145996,-0.0131033709523453,1.2103174887006245e-05,0.0,50.0,0.02037596950177468,0.0,0.1240400396211467,0.02037596950177468,2,2,
2016-03-09,13.914667129516602,0.0302073034174747,1.1428570936596582e-05,0.0,50.0,0.02037596950177468,0.0,0.1622189982534459,0.02037596950177468,2,2,
2016-03-10,13.678667068481444,-0.0169605250947427,1.2023809646803232e-05,0.0,50.0,0.02037596950177468,0.0,0.1113098168516827,0.02037596950177468,2,2,
2016-03-11,13.833333015441896,0.0113070919985205,1.2222222155994836e-05,0.0,50.0,0.02037596950177468,0.0,0.1141777453786833,0.02037596950177468,2,2,
2016-03-14,14.34333324432373,0.0368674872724115,1.2222222155994836e-05,0.0,50.0,0.02037596950177468,0.0,0.1681684545225776,0.02037596950177468,2,2,
2016-03-15,14.555999755859377,0.0148268542543839,1.2896824923772656e-05,0.0,50.0,0.02037596950177468,0.0,0.1835467625545315,0.02037596950177468,2,2,
2016-03-16,14.795332908630373,0.016442233909399,1.190476237781464e-05,0.0,50.0,0.02037596950177468,0.0,0.2036020085153272,0.02037596950177468,2,2,
2016-03-17,15.092000007629396,0.0200513973447649,1.0912698649224782e-05,0.0,50.0,0.02037596950177468,0.0,0.2296491382714239,0.02037596950177468,2,2,
2016-03-18,15.515999794006348,0.0280943404560434,1.1111111158416386e-05,0.0,50.0,0.02037596950177468,0.0,0.2762958834164965,0.02037596950177468,2,2,
2016-03-21,15.887999534606934,0.0239752349535531,1.1428570936596582e-05,0.0,50.0,0.02037596950177468,0.0,0.3102352550744093,0.02037596950177468,2,2,
2016-03-22,15.616000175476074,-0.0171197990369017,1.1706348685991194e-05,0.0,50.0,0.02037596950177468,0.0,0.2226798848930047,0.02037596950177468,2,2,
2016-03-23,14.838666915893556,-0.0497780001823559,1.1626984628420029e-05,0.0,50.0,0.02037596950177468,0.0,0.0907238191844975,0.02037596950177468,2,2,
2016-03-24,15.18333339691162,0.023227590657008,1.0912698649224782e-05,0.0,50.0,0.02037596950177468,0.0,0.1260407129187506,0.02037596950177468,2,2,
2016-03-28,15.350666999816896,0.0110208739102912,1.0119047429826525e-05,0.0,50.0,0.02037596950177468,0.0,0.1343981384442391,0.02037596950177468,2,2,
2016-03-29,15.342000007629396,-0.0005646003647661,8.92857119204506e-06,0.0,50.0,0.02037596950177468,0.0,0.1244849765488638,0.02037596950177468,2,2,
2016-03-30,15.12600040435791,-0.0140789729607659,7.341269935880387e-06,0.0,50.0,0.02037596950177468,0.0,0.0864263108994103,0.02037596950177468,2,2,
2016-03-31,15.317999839782717,0.0126933379804412,7.658730305376503e-06,0.0,50.0,0.02037596950177468,0.0,0.0964600162584297,0.02037596950177468,2,2,
2016-04-01,15.839332580566406,0.0340339957067843,8.650793442650444e-06,0.0,50.0,0.02037596950177468,0.0,0.1525159283742883,0.02037596950177468,2,2,
2016-04-04,16.465999603271484,0.0395639790703017,7.261904695677376e-06,0.0,50.0,0.02037596950177468,0.0,0.2424183191266919,0.02037596950177468,2,2,
2016-04-05,17.031333923339844,0.0343334345736312,8.650793442650444e-06,0.0,50.0,0.02037596950177468,0.0,0.3234034117629988,0.02037596950177468,2,2,
2016-04-06,17.69466781616211,0.0389478531633524,8.730158682853456e-06,0.0,50.0,0.02037596950177468,0.0,0.4121827289416051,0.02037596950177468,2,2,
2016-04-07,17.14666748046875,-0.030969800698537,8.730158682853456e-06,0.0,50.0,0.02037596950177468,0.0,0.2732765704542946,0.02037596950177468,2,2,
2016-04-08,16.67133331298828,-0.0277216647504191,8.650793442650444e-06,0.0,50.0,0.02037596950177468,0.0,0.1616131131720404,0.02037596950177468,2,2,
2016-04-11,16.661333084106445,-0.0005998457768249,8.333333073154326e-06,0.0,50.0,0.02037596950177468,0.0,0.1449023237265059,0.02037596950177468,2,2,
2016-04-12,16.521333694458008,-0.0084026523533092,9.126984292552583e-06,0.0,50.0,0.02037596950177468,0.0,0.1166602651344549,0.02037596950177468,2,2,
2016-04-13,16.968666076660156,0.0270760454618868,8.849206543157968e-06,0.0,50.0,0.02037596950177468,0.0,0.1677857157801575,0.02037596950177468,2,2,
2016-04-14,16.790666580200195,-0.0104898932924841,8.531746173661852e-06,0.0,50.0,0.02037596950177468,0.0,0.127532301084931,0.02037596950177468,2,2,
2016-04-15,16.96733283996582,0.0105216942354124,8.333333073154326e-06,0.0,50.0,0.02037596950177468,0.0,0.1434799719879955,0.02037596950177468,2,2,
2016-04-18,16.92533302307129,-0.0024753340604954,7.85714281456811e-06,0.0,50.0,0.02037596950177468,0.0,0.1264905924049877,0.02037596950177468,2,2,
2016-04-19,16.4913330078125,-0.0256420369789589,8.531746173661852e-06,0.0,50.0,0.02037596950177468,0.0,0.0850407593757514,0.02037596950177468,2,2,
2016-04-20,16.6646671295166,0.0105106192217443,8.650793442650444e-06,0.0,50.0,0.02037596950177468,0.0,0.0945666240911682,0.02037596950177468,2,2,
2016-04-21,16.55266761779785,-0.0067207770097235,8.92857119204506e-06,0.0,50.0,0.02037596950177468,0.0,0.0841817930199945,0.02037596950177468,2,2,
2016-04-22,16.916667938232422,0.0219904325296296,8.92857119204506e-06,0.0,50.0,0.02037596950177468,0.0,0.1126590427850269,0.02037596950177468,2,2,
2016-04-25,16.788000106811523,-0.0076059796108016,9.4444446620487e-06,0.0,50.0,0.02037596950177468,0.0,0.0935463124045905,0.02037596950177468,2,2,
2016-04-26,16.916000366210938,0.0076245090889341,9.722222411443312e-06,0.0,50.0,0.02037596950177468,0.0,0.1025730733497951,0.02037596950177468,2,2,
2016-04-27,16.764667510986328,-0.0089461369087512,9.722222411443312e-06,0.0,50.0,0.02037596950177468,0.0,0.0890554335336484,0.02037596950177468,2,2,
2016-04-28,16.513999938964844,-0.0149521350099675,8.333333073154326e-06,0.0,50.0,0.02037596950177468,0.0,0.0774049612771728,0.02037596950177468,2,2,
2016-04-29,16.05066680908203,-0.0280569899234149,7.658730305376503e-06,0.0,50.0,0.02037596950177468,0.0,0.0756929347607773,0.02037596950177468,2,2,
2016-05-02,16.1200008392334,0.0043196978029682,7.341269935880387e-06,0.0,50.0,0.02037596950177468,0.0,0.0719512744680742,0.02037596950177468,2,2,
2016-05-03,15.48799991607666,-0.0392060105616467,8.055555323759714e-06,0.0,50.0,0.02037596950177468,0.0,0.0891767045930258,0.02037596950177468,2,2,
2016-05-04,14.837332725524902,-0.0420110533366132,7.85714281456811e-06,0.0,50.0,0.02037596950177468,0.0,0.1205746071399391,0.02037596950177468,2,2,
2016-05-05,14.10200023651123,-0.0495596144277783,7.261904695677376e-06,0.0,50.0,0.02037596950177468,0.0,0.1594268762565672,0.02037596950177468,2,2,
2016-05-06,14.32866668701172,0.0160733546092015,7.142857426688782e-06,0.0,50.0,0.02037596950177468,0.0,0.1257884142725335,0.02037596950177468,2,2,
2016-05-09,13.928000450134276,-0.0279625624372036,8.055555323759714e-06,0.0,50.0,0.02037596950177468,0.0,0.1430941422758201,0.02037596950177468,2,2,
2016-05-10,13.912667274475098,-0.0011008885097379,9.642857171240303e-06,0.0,50.0,0.02037596950177468,0.0,0.1307861085127483,0.02037596950177468,2,2,
2016-05-11,13.93066692352295,0.0012937597581215,9.841269680431907e-06,0.0,50.0,0.02037596950177468,0.0,0.1206353139477387,0.02037596950177468,2,2,
2016-05-12,13.8186674118042,-0.0080397810337157,1.0238094698815115e-05,0.0,50.0,0.02037596950177468,0.0,0.1205069757839435,0.02037596950177468,2,2,
2016-05-13,13.84066677093506,0.00159200293887,1.0238094698815115e-05,0.0,50.0,0.02037596950177468,0.0,0.1142523440766158,0.02037596950177468,2,2,
2016-05-16,13.88599967956543,0.003275341382076,1.0238094698815115e-05,0.0,50.0,0.02037596950177468,0.0,0.1108965833480759,0.02037596950177468,2,2,
2016-05-17,13.644000053405762,-0.0174275984260459,1.0634920899830168e-05,0.0,50.0,0.02037596950177468,0.0,0.1245174721367154,0.02037596950177468,2,2,
2016-05-18,14.07800006866455,0.0318088547024342,1.0714286140033176e-05,0.0,50.0,0.02037596950177468,0.0,0.089700542404936,0.02037596950177468,2,2,
2016-05-19,14.347332954406738,0.019131473535199,1.150793617679959e-05,0.0,50.0,0.02037596950177468,0.0,0.0721290789676578,0.02037596950177468,2,2,
2016-05-20,14.685333251953123,0.0235584061944118,1.1825397137611633e-05,0.0,50.0,0.02037596950177468,0.0,0.062753951559194,0.02037596950177468,2,2,
2016-05-23,14.414667129516602,-0.0184310507492585,1.242063466518644e-05,0.0,50.0,0.02037596950177468,0.0,0.0697904780552046,0.02037596950177468,2,2,
2016-05-24,14.52733325958252,0.0078160757410217,1.3611110902967905e-05,0.0,50.0,0.02037596950177468,0.0,0.0653845012281332,0.02037596950177468,2,2,
2016-05-25,14.638667106628418,0.0076637497781955,1.2499999905389453e-05,0.0,50.0,0.02037596950177468,0.0,0.0647610188055696,0.02037596950177468,2,2,
2016-05-26,15.008000373840332,0.0252299792407109,1.0912698649224782e-05,0.0,50.0,0.02037596950177468,0.0,0.0684904207216681,0.02037596950177468,2,2,
2016-05-27,14.869333267211914,-0.0092395457872003,1.1825397137611633e-05,0.0,50.0,0.02037596950177468,0.0,0.0640428128054693,0.02037596950177468,2,2,
2016-05-31,14.881999969482422,0.0008518675345341,1.1230158427404976e-05,0.0,50.0,0.02037596950177468,0.0,0.0654869911563251,0.02037596950177468,2,2,
2016-06-01,14.637332916259766,-0.0164404686012887,1.1706348685991194e-05,0.0,50.0,0.02037596950177468,0.0,0.0660009149217943,0.02037596950177468,2,2,
2016-06-02,14.597332954406738,-0.0027327356754038,1.0714286140033176e-05,0.0,50.0,0.02037596950177468,0.0,0.0688751701327654,0.02037596950177468,2,2,
2016-06-03,14.599332809448242,0.000137001399348,1.0714286140033176e-05,0.0,50.0,0.02037596950177468,0.0,0.0707226988773761,0.02037596950177468,2,2,
2016-06-06,14.711999893188477,0.0077172762078085,9.92063492063492e-06,0.0,50.0,0.02037596950177468,0.0,0.0729725308070098,0.02037596950177468,2,2,
2016-06-07,15.489333152770996,0.052836681975672,1.0515872448209727e-05,0.0,50.0,0.02037596950177468,0.0,0.0954411059344464,0.02037596950177468,2,2,
2016-06-08,15.701333045959473,0.0136868315180211,9.325396801744186e-06,0.0,50.0,0.02037596950177468,0.0,0.1037322605253662,0.02037596950177468,2,2,
2016-06-09,15.290666580200195,-0.0261548789874854,9.523809310935788e-06,0.0,50.0,0.02037596950177468,0.0,0.0654128107861302,0.02037596950177468,2,2,
2016-06-10,14.586000442504885,-0.0460847232525349,9.523809310935788e-06,0.0,50.0,0.02037596950177468,0.0,0.0662118268463822,0.02037596950177468,2,2,
2016-06-13,14.524666786193848,-0.0042049673968407,9.722222411443312e-06,0.0,50.0,0.02037596950177468,0.0,0.0721927523918519,0.02037596950177468,2,2,
2016-06-14,14.330666542053224,-0.0133566054902565,1.0436508390638564e-05,0.0,50.0,0.02037596950177468,0.0,0.0816880044056206,0.02037596950177468,2,2,
2016-06-15,14.513333320617676,0.0127465654181833,1.0119047429826525e-05,0.0,50.0,0.02037596950177468,0.0,0.0749205029862377,0.02037596950177468,2,2,
2016-06-16,14.528667449951172,0.0010565546173815,9.722222411443312e-06,0.0,50.0,0.02037596950177468,0.0,0.0685731050092148,0.02037596950177468,2,2,
2016-06-17,14.364666938781738,-0.0112880628408894,9.841269680431907e-06,0.0,50.0,0.02037596950177468,0.0,0.0770860605314802,0.02037596950177468,2,2,
2016-06-20,14.646666526794434,0.0196314741730176,9.841269680431907e-06,0.0,50.0,0.02037596950177468,0.0,0.0721573364155306,0.02037596950177468,2,2,
2016-06-21,14.640666961669922,-0.0004096198348979,1.0515872448209727e-05,0.0,50.0,0.02037596950177468,0.0,0.0774375172828763,0.02037596950177468,2,2,
2016-06-22,13.11066722869873,-0.1045034175681214,1.0634920899830168e-05,0.0,50.0,0.02037596950177468,0.0,0.1532435768304352,0.02037596950177468,2,2,
2016-06-23,13.09333324432373,-0.0013221283152589,1.0912698649224782e-05,0.0,50.0,0.02037596950177468,0.0,0.1427824908037875,0.02037596950177468,2,2,
2016-06-24,12.876667022705078,-0.016547827629193,9.4444446620487e-06,0.0,50.0,0.02037596950177468,0.0,0.1476482650821669,0.02037596950177468,2,2,
2016-06-27,13.236666679382324,0.0279575185133287,9.325396801744186e-06,0.0,50.0,0.02037596950177468,0.0,0.1118668240072505,0.02037596950177468,2,2,
2016-06-28,13.452667236328123,0.0163183497913599,1.0317459939018123e-05,0.0,50.0,0.02037596950177468,0.0,0.0947793512257245,0.02037596950177468,2,2,
2016-06-29,14.012666702270508,0.0416273929998163,1.0119047429826525e-05,0.0,50.0,0.02037596950177468,0.0,0.0719893486277626,0.02037596950177468,2,2,
2016-06-30,14.152000427246094,0.0099434124807242,9.841269680431907e-06,0.0,50.0,0.02037596950177468,0.0,0.0703671085459953,0.02037596950177468,2,2,
2016-07-01,14.43333339691162,0.0198793782625874,9.642857171240303e-06,0.0,50.0,0.02037596950177468,0.0,0.074656689622633,0.02037596950177468,2,2,
2016-07-05,14.26533317565918,-0.011639738141737,9.4444446620487e-06,0.0,50.0,0.02037596950177468,0.0,0.0749135583461791,0.02037596950177468,2,2,
2016-07-06,14.29599952697754,0.0021497115378059,1.0436508390638564e-05,0.0,50.0,0.02037596950177468,0.0,0.0785544315536511,0.02037596950177468,2,2,
2016-07-07,14.395999908447266,0.006994990541306,1.0714286140033176e-05,0.0,50.0,0.02037596950177468,0.0,0.0770728203798497,0.02037596950177468,2,2,
2016-07-08,14.45199966430664,0.0038899525017721,1.0833333409021768e-05,0.0,50.0,0.02037596950177468,0.0,0.0731836623188159,0.02037596950177468,2,2,
2016-07-11,14.985333442687988,0.0369038050629471,1.0912698649224782e-05,0.0,50.0,0.02037596950177468,0.0,0.0944136082769867,0.02037596950177468,2,2,
2016-07-12,14.976667404174805,-0.0005783013468687,1.1706348685991194e-05,0.0,50.0,0.02037596950177468,0.0,0.0813289847236372,0.02037596950177468,2,2,
2016-07-13,14.835332870483398,-0.0094369815311521,1.1825397137611633e-05,0.0,50.0,0.02037596950177468,0.0,0.0684521748965559,0.02037596950177468,2,2,
2016-07-14,14.768667221069336,-0.0044937076906916,1.2023809646803232e-05,0.0,50.0,0.02037596950177468,0.0,0.0618364187381931,0.02037596950177468,2,2,
2016-07-15,14.69333267211914,-0.0051009713891257,1.1825397137611633e-05,0.0,50.0,0.02037596950177468,0.0,0.0609233132299232,0.02037596950177468,2,2,
2016-07-18,15.083333015441896,0.0265426742880998,1.1428570936596582e-05,0.0,50.0,0.02037596950177468,0.0,0.0708943841665731,0.02037596950177468,2,2,
2016-07-19,15.017333030700684,-0.0043756896883231,1.2301587396197849e-05,0.0,50.0,0.02037596950177468,0.0,0.0655316896506393,0.02037596950177468,2,2,
2016-07-20,15.223999977111816,0.0137618940719124,1.2499999905389453e-05,0.0,50.0,0.02037596950177468,0.0,0.0729493880592176,0.02037596950177468,2,2,
2016-07-21,14.699999809265137,-0.0344193489644295,1.2023809646803232e-05,0.0,50.0,0.02037596950177468,0.0,0.0603722873734359,0.02037596950177468,2,2,
2016-07-22,14.817999839782717,0.008027213064534,1.2023809646803232e-05,0.0,50.0,0.02037596950177468,0.0,0.0604561513227201,0.02037596950177468,2,2,
2016-07-25,15.333999633789062,0.0348224996346007,1.1825397137611633e-05,0.0,50.0,0.02037596950177468,0.0,0.0723197999402782,0.02037596950177468,2,2,
2016-07-26,15.300666809082031,-0.0021737854117056,1.2222222155994836e-05,0.0,50.0,0.02037596950177468,0.0,0.072077538344759,0.02037596950177468,2,2,
2016-07-27,15.232666969299316,-0.0044442402825445,1.1230158427404976e-05,0.0,50.0,0.02037596950177468,0.0,0.065751143161123,0.02037596950177468,2,2,
2016-07-28,15.37399959564209,0.0092782587991731,8.730158682853456e-06,0.0,50.0,0.02037596950177468,0.0,0.0770319217191147,0.02037596950177468,2,2,
2016-07-29,15.652667045593262,0.0181258915884297,9.523809310935788e-06,0.0,50.0,0.02037596950177468,0.0,0.0976062785161925,0.02037596950177468,2,2,
2016-08-01,15.333999633789062,-0.0203586654514519,9.4444446620487e-06,0.0,50.0,0.02037596950177468,0.0,0.0706063687283987,0.02037596950177468,2,2,
2016-08-02,15.146666526794434,-0.0122168456677038,1.1111111158416386e-05,0.0,50.0,0.02037596950177468,0.0,0.0700046906253035,0.02037596950177468,2,2,
2016-08-03,15.052666664123535,-0.0062059769061801,1.0634920899830168e-05,0.0,50.0,0.02037596950177468,0.0,0.068778736071391,0.02037596950177468,2,2,
2016-08-04,15.37399959564209,0.0213472428964642,9.841269680431907e-06,0.0,50.0,0.02037596950177468,0.0,0.0779054612988531,0.02037596950177468,2,2,
2016-08-05,15.335332870483398,-0.0025150726015142,9.92063492063492e-06,0.0,50.0,0.02037596950177468,0.0,0.0783923949601427,0.02037596950177468,2,2,
2016-08-08,15.077333450317385,-0.0168238552332044,9.92063492063492e-06,0.0,50.0,0.02037596950177468,0.0,0.070307283833885,0.02037596950177468,2,2,
2016-08-09,15.272000312805176,0.0129112261879233,1.1626984628420029e-05,0.0,50.0,0.02037596950177468,0.0,0.0720099204551535,0.02037596950177468,2,2,
2016-08-10,15.043333053588867,-0.0149729737121978,1.0833333409021768e-05,0.0,50.0,0.02037596950177468,0.0,0.0718481685077076,0.02037596950177468,2,2,
2016-08-11,14.994000434875488,-0.0032793675801526,1.0912698649224782e-05,0.0,50.0,0.02037596950177468,0.0,0.0748567574868049,0.02037596950177468,2,2,
2016-08-12,15.040666580200195,0.0031123211932262,1.0436508390638564e-05,0.0,50.0,0.02037596950177468,0.0,0.0764984289631752,0.02037596950177468,2,2,
2016-08-15,15.03933334350586,-8.864212814152506e-05,1.0912698649224782e-05,0.0,50.0,0.02037596950177468,0.0,0.0807189034889856,0.02037596950177468,2,2,
2016-08-16,14.907333374023438,-0.0087769827603043,1.1428570936596582e-05,0.0,50.0,0.02037596950177468,0.0,0.0877649502558358,0.02037596950177468,2,2,
2016-08-17,14.88266658782959,-0.0016546746205348,1.1428570936596582e-05,0.0,50.0,0.02037596950177468,0.0,0.0934334534921668,0.02037596950177468,2,2,
2016-08-18,14.900667190551758,0.0012095011748021,1.130952366760799e-05,0.0,50.0,0.02037596950177468,0.0,0.0965203439210148,0.02037596950177468,2,2,
2016-08-19,15.0,0.0066663330022715,1.1626984628420029e-05,0.0,50.0,0.02037596950177468,0.0,0.0915927022653666,0.02037596950177468,2,2,
2016-08-22,14.862000465393066,-0.0091999689737956,1.1111111158416386e-05,0.0,50.0,0.02037596950177468,0.0,0.0975080464757255,0.02037596950177468,2,2,
2016-08-23,14.989333152770996,0.0085676681059478,1.2103174887006245e-05,0.0,50.0,0.02037596950177468,0.0,0.0990821938551369,0.02037596950177468,2,2,
2016-08-24,14.841333389282228,-0.0098736722961827,1.2103174887006245e-05,0.0,50.0,0.02037596950177468,0.0,0.1059977427862414,0.02037596950177468,2,2,
2016-08-25,14.730667114257812,-0.0074566261751342,1.2103174887006245e-05,0.0,50.0,0.02037596950177468,0.0,0.1151134608283437,0.02037596950177468,2,2,
2016-08-26,14.666000366210938,-0.0043899402209885,1.2103174887006245e-05,0.0,50.0,0.02037596950177468,0.0,0.1195612402194489,0.02037596950177468,2,2,
2016-08-29,14.346667289733888,-0.0217736989297205,1.2103174887006245e-05,0.0,50.0,0.02037596950177468,0.0,0.1290850436241377,0.02037596950177468,2,2,
2016-08-30,14.089332580566406,-0.0179368980942092,1.2896824923772656e-05,0.0,50.0,0.02037596950177468,0.0,0.1390254432288541,0.02037596950177468,2,2,
2016-08-31,14.133999824523926,0.0031702881383557,1.2698412414581057e-05,0.0,50.0,0.02037596950177468,0.0,0.1268711016235454,0.02037596950177468,2,2,
2016-09-01,13.38466739654541,-0.053016303755597,1.2499999905389453e-05,0.0,50.0,0.02037596950177468,0.0,0.1568033856347244,0.02037596950177468,2,2,
2016-09-02,13.185333251953123,-0.0148927230454554,1.2023809646803232e-05,0.0,50.0,0.02037596950177468,0.0,0.1634703092409512,0.02037596950177468,2,2,
2016-09-06,13.522000312805176,0.0255334510261378,1.2023809646803232e-05,0.0,50.0,0.02037596950177468,0.0,0.1227164577436236,0.02037596950177468,2,2,
2016-09-07,13.447333335876465,-0.0055218884189791,1.3095238615596102e-05,0.0,50.0,0.02037596950177468,0.0,0.1276774206612363,0.02037596950177468,2,2,
2016-09-08,13.157333374023438,-0.0215656111594504,1.3214285884584698e-05,0.0,50.0,0.02037596950177468,0.0,0.1399272809425914,0.02037596950177468,2,2,
2016-09-09,12.964667320251465,-0.0146432448198321,1.3214285884584698e-05,0.0,50.0,0.02037596950177468,0.0,0.1498506286316476,0.02037596950177468,2,2,
2016-09-12,13.220000267028809,0.0196945236210188,1.388888865236252e-05,0.0,50.0,0.02037596950177468,0.0,0.1286198508422625,0.02037596950177468,2,2,
2016-09-13,13.06999969482422,-0.0113464878347011,1.3690476143170916e-05,0.0,50.0,0.02037596950177468,0.0,0.131397094780274,0.02037596950177468,2,2,
2016-09-14,13.093999862670898,0.0018362791436163,1.2499999905389453e-05,0.0,50.0,0.02037596950177468,0.0,0.1273677636812335,0.02037596950177468,2,2,
2016-09-15,13.361332893371582,0.0204164528413361,1.1031745918213372e-05,0.0,50.0,0.02037596950177468,0.0,0.1111388216523866,0.02037596950177468,2,2,
2016-09-16,13.69333267211914,0.0248478038379136,1.0833333409021768e-05,0.0,50.0,0.02037596950177468,0.0,0.0966798638125468,0.02037596950177468,2,2,
2016-09-19,13.755999565124512,0.004576452972107,9.4444446620487e-06,0.0,50.0,0.02037596950177468,0.0,0.0993507314886755,0.02037596950177468,2,2,
2016-09-20,13.642666816711426,-0.0082387868563487,1.1428570936596582e-05,0.0,50.0,0.02037596950177468,0.0,0.104761075030998,0.02037596950177468,2,2,
2016-09-21,13.6813325881958,0.0028341798567572,8.849206543157968e-06,0.0,50.0,0.02037596950177468,0.0,0.1030182815912254,0.02037596950177468,2,2,
2016-09-22,13.76200008392334,0.0058961724091948,6.349206207290528e-06,0.0,50.0,0.02037596950177468,0.0,0.1009420793919629,0.02037596950177468,2,2,
2016-09-23,13.829999923706056,0.0049411306036941,6.547619307798051e-06,0.0,50.0,0.02037596950177468,0.0,0.1033244438461134,0.02037596950177468,2,2,
2016-09-26,13.932666778564451,0.007423489184726,6.86507908597825e-06,0.0,50.0,0.02037596950177468,0.0,0.1046586755519562,0.02037596950177468,2,2,
2016-09-27,13.720666885375977,-0.0152160312564597,1.0119047429826525e-05,0.0,50.0,0.02037596950177468,0.0,0.1066715832148061,0.02037596950177468,2,2,
2016-09-28,13.751333236694336,0.0022350481630775,1.0436508390638564e-05,0.0,50.0,0.02037596950177468,0.0,0.1102254616411478,0.02037596950177468,2,2,
2016-09-29,13.380000114440918,-0.0270034269304554,9.325396801744186e-06,0.0,50.0,0.02037596950177468,0.0,0.1202369499785581,0.02037596950177468,2,2,
2016-09-30,13.60200023651123,0.0165919372325498,1.0317459939018123e-05,0.0,50.0,0.02037596950177468,0.0,0.1081623903848465,0.02037596950177468,2,2,
2016-10-03,14.24666690826416,0.0473949904825379,1.1428570936596582e-05,0.0,50.0,0.02037596950177468,0.0,0.1029563994121848,0.02037596950177468,2,2,
2016-10-04,14.093999862670898,-0.010715983364832,1.2499999905389453e-05,0.0,50.0,0.02037596950177468,0.0,0.0957120777270853,0.02037596950177468,2,2,
2016-10-05,13.897333145141602,-0.01395393213038,1.242063466518644e-05,0.0,50.0,0.02037596950177468,0.0,0.0984353762776104,0.02037596950177468,2,2,
2016-10-06,13.399999618530272,-0.0357862563570474,1.2301587396197849e-05,0.0,50.0,0.02037596950177468,0.0,0.1079399565033442,0.02037596950177468,2,2,
2016-10-07,13.107333183288574,-0.0218407793711412,1.2301587396197849e-05,0.0,50.0,0.02037596950177468,0.0,0.1221548617926441,0.02037596950177468,2,2,
2016-10-10,13.396666526794434,0.0220741579892658,1.2222222155994836e-05,0.0,50.0,0.02037596950177468,0.0,0.1126544598646034,0.02037596950177468,2,2,
2016-10-11,13.34000015258789,-0.0042298861506484,1.2698412414581057e-05,0.0,50.0,0.02037596950177468,0.0,0.1134426528276335,0.02037596950177468,2,2,
2016-10-12,13.434000015258787,0.0070464663864835,1.3492063633979314e-05,0.0,50.0,0.02037596950177468,0.0,0.1138914632936699,0.02037596950177468,2,2,
2016-10-13,13.349332809448242,-0.0063024568791407,1.0912698649224782e-05,0.0,50.0,0.02037596950177468,0.0,0.1093361175755385,0.02037596950177468,2,2,
2016-10-14,13.100666999816896,-0.0186275833542293,1.150793617679959e-05,0.0,50.0,0.02037596950177468,0.0,0.1224170841447413,0.02037596950177468,2,2,
2016-10-17,12.93066692352295,-0.0129764443517511,1.1706348685991194e-05,0.0,50.0,0.02037596950177468,0.0,0.1296291889755272,0.02037596950177468,2,2,
2016-10-18,13.273332595825195,0.0265002319160261,1.3214285884584698e-05,0.0,50.0,0.02037596950177468,0.0,0.1084355217047803,0.02037596950177468,2,2,
2016-10-19,13.570667266845703,0.0224009056409861,1.2817460866201492e-05,0.0,50.0,0.02037596950177468,0.0,0.1027908814956668,0.02037596950177468,2,2,
2016-10-20,13.273332595825195,-0.0219100995679794,1.2698412414581057e-05,0.0,50.0,0.02037596950177468,0.0,0.1065188452528589,0.02037596950177468,2,2,
2016-10-21,13.339332580566406,0.0049723748173062,1.2499999905389453e-05,0.0,50.0,0.02037596950177468,0.0,0.1041703672667823,0.02037596950177468,2,2,
2016-10-24,13.517333030700684,0.0133440297000766,1.242063466518644e-05,0.0,50.0,0.02037596950177468,0.0,0.1012516855413033,0.02037596950177468,2,2,
2016-10-25,13.489333152770996,-0.0020714054958987,1.2896824923772656e-05,0.0,50.0,0.02037596950177468,0.0,0.104177840041647,0.02037596950177468,2,2,
2016-10-26,13.482666969299316,-0.0004941818395456,1.242063466518644e-05,0.0,50.0,0.02037596950177468,0.0,0.1039264950675856,0.02037596950177468,2,2,
2016-10-27,13.600666999816896,0.0087519799151214,1.0912698649224782e-05,0.0,50.0,0.02037596950177468,0.0,0.1084080809770212,0.02037596950177468,2,2,
2016-10-28,13.33133316040039,-0.0198029875608403,1.0833333409021768e-05,0.0,50.0,0.02037596950177468,0.0,0.115004248436578,0.02037596950177468,2,2,
2016-10-31,13.182000160217283,-0.0112016554073293,1.1706348685991194e-05,0.0,50.0,0.02037596950177468,0.0,0.1210348082261688,0.02037596950177468,2,2,
2016-11-01,12.719332695007324,-0.035098426611029,1.3690476143170916e-05,0.0,50.0,0.02037596950177468,0.0,0.135863220863246,0.02037596950177468,2,2,
2016-11-02,12.534667015075684,-0.0145185037894423,1.3690476143170916e-05,0.0,50.0,0.02037596950177468,0.0,0.1467650237582914,0.02037596950177468,2,2,
2016-11-03,12.494667053222656,-0.003191146745655,1.420634961317456e-05,0.0,50.0,0.02037596950177468,0.0,0.1518131665909504,0.02037596950177468,2,2,
2016-11-04,12.70400047302246,0.0167538213629958,1.420634961317456e-05,0.0,50.0,0.02037596950177468,0.0,0.136777497009382,0.02037596950177468,2,2,
2016-11-07,12.880666732788086,0.0139063486451205,1.547618990852719e-05,0.0,50.0,0.02037596950177468,0.0,0.1253021325487343,0.02037596950177468,2,2,
2016-11-08,12.996000289916992,0.0089540052173946,1.6666666146308656e-05,0.0,50.0,0.02037596950177468,0.0,0.1215944730131192,0.02037596950177468,2,2,
2016-11-09,12.670666694641112,-0.0250333631900803,1.6587302088737487e-05,0.0,50.0,0.02037596950177468,0.0,0.1242305096246695,0.02037596950177468,2,2,
2016-11-10,12.356666564941406,-0.0247816580821675,1.817460334490216e-05,0.0,50.0,0.02037596950177468,0.0,0.1353608267816828,0.02037596950177468,2,2,
2016-11-11,12.570667266845703,0.0173186434043193,1.817460334490216e-05,0.0,50.0,0.02037596950177468,0.0,0.1199060902845023,0.02037596950177468,2,2,
2016-11-14,12.096667289733888,-0.0377068270959615,1.996031829289028e-05,0.0,50.0,0.02037596950177468,0.0,0.1386724328144508,0.02037596950177468,2,2,
2016-11-15,12.251333236694336,0.0127858312753388,1.9365079582683625e-05,0.0,50.0,0.02037596950177468,0.0,0.1285541402744437,0.02037596950177468,2,2,
2016-11-16,12.26200008392334,0.0008706682793555,1.7976190835710555e-05,0.0,50.0,0.02037596950177468,0.0,0.1254729256468549,0.02037596950177468,2,2,
2016-11-17,12.577333450317385,0.025716307636262,1.6666666146308656e-05,0.0,50.0,0.02037596950177468,0.0,0.1102280797925931,0.02037596950177468,2,2,
2016-11-18,12.334667205810549,-0.0192939342401479,1.6587302088737487e-05,0.0,50.0,0.02037596950177468,0.0,0.1187568735507261,0.02037596950177468,2,2,
2016-11-21,12.3013334274292,-0.0027024465131614,1.6666666146308656e-05,0.0,50.0,0.02037596950177468,0.0,0.1243796420155891,0.02037596950177468,2,2,
2016-11-22,12.744667053222656,0.036039477216748,1.884920611267998e-05,0.0,50.0,0.02037596950177468,0.0,0.106972347508881,0.02037596950177468,2,2,
2016-11-23,12.87600040435791,0.0103049652522735,1.9246032313695023e-05,0.0,50.0,0.02037596950177468,0.0,0.1066475243613518,0.02037596950177468,2,2,
2016-11-25,13.109999656677246,0.0181732871210642,1.9047618621871583e-05,0.0,50.0,0.02037596950177468,0.0,0.1086376681833049,0.02037596950177468,2,2,
2016-11-28,13.074666976928713,-0.0026950938729077,1.785714238409012e-05,0.0,50.0,0.02037596950177468,0.0,0.1073851437408442,0.02037596950177468,2,2,
2016-11-29,12.637999534606934,-0.0333979781735407,1.8571428363285367e-05,0.0,50.0,0.02037596950177468,0.0,0.1081519807562227,0.02037596950177468,2,2,
2016-11-30,12.626667022705078,-0.0008967014020552,1.8571428363285367e-05,0.0,50.0,0.02037596950177468,0.0,0.1097823119862393,0.02037596950177468,2,2,
2016-12-01,12.125332832336426,-0.0397043962169241,1.817460334490216e-05,0.0,50.0,0.02037596950177468,0.0,0.1283919964308918,0.02037596950177468,2,2,
2016-12-02,12.097999572753906,-0.0022542275713558,1.8055556075913563e-05,0.0,50.0,0.02037596950177468,0.0,0.1302126813914176,0.02037596950177468,2,2,
2016-12-05,12.453332901000977,0.0293712465528037,1.7976190835710555e-05,0.0,50.0,0.02037596950177468,0.0,0.111764293925392,0.02037596950177468,2,2,
2016-12-06,12.390000343322754,-0.0050855909965381,1.9246032313695023e-05,0.0,50.0,0.02037596950177468,0.0,0.1101009351664294,0.02037596950177468,2,2,
2016-12-07,12.876667022705078,0.0392789883694071,1.9365079582683625e-05,0.0,50.0,0.02037596950177468,0.0,0.1009561290078915,0.02037596950177468,2,2,
2016-12-08,12.81933307647705,-0.0044525455327012,1.944444482288663e-05,0.0,50.0,0.02037596950177468,0.0,0.0998943806607716,0.02037596950177468,2,2,
2016-12-09,12.812000274658203,-0.0005720111783587,2.0634919878036257e-05,0.0,50.0,0.02037596950177468,0.0,0.0995419046336629,0.02037596950177468,2,2,
2016-12-12,12.82866668701172,0.0013008438960528,1.984126984126984e-05,0.0,50.0,0.02037596950177468,0.0,0.0997753194965055,0.02037596950177468,2,2,
2016-12-13,13.210000038146973,0.0297250961802078,2.075396832965669e-05,0.0,50.0,0.02037596950177468,0.0,0.1059720167556388,0.02037596950177468,2,2,
2016-12-14,13.246000289916992,0.0027252272268023,2.075396832965669e-05,0.0,50.0,0.02037596950177468,0.0,0.10589009545931,0.02037596950177468,2,2,
2016-12-15,13.17199993133545,-0.0055866191274261,1.9365079582683625e-05,0.0,50.0,0.02037596950177468,0.0,0.1055485752974357,0.02037596950177468,2,2,
2016-12-16,13.499333381652832,0.0248507024008308,1.9246032313695023e-05,0.0,50.0,0.02037596950177468,0.0,0.1136322055547503,0.02037596950177468,2,2,
2016-12-19,13.51533317565918,0.001185228451954,1.896825338166857e-05,0.0,50.0,0.02037596950177468,0.0,0.1119442174716211,0.02037596950177468,2,2,
2016-12-20,13.919333457946776,0.0298919957826264,2.0357143311273484e-05,0.0,50.0,0.02037596950177468,0.0,0.136509820076843,0.02037596950177468,2,2,
2016-12-21,13.846667289733888,-0.005220520683151,1.996031829289028e-05,0.0,50.0,0.02037596950177468,0.0,0.1223044497690498,0.02037596950177468,2,2,
2016-12-22,13.896666526794434,0.0036109221095834,1.9563492091875222e-05,0.0,50.0,0.02037596950177468,0.0,0.1222635230095508,0.02037596950177468,2,2,
2016-12-23,14.22266674041748,0.0234588786450677,1.984126984126984e-05,0.0,50.0,0.02037596950177468,0.0,0.1449006034100237,0.02037596950177468,2,2,
2016-12-27,14.635333061218262,0.0290146938216642,1.964285733207824e-05,0.0,50.0,0.02037596950177468,0.0,0.1790448203728593,0.02037596950177468,2,2,
2016-12-28,14.649333000183104,0.000956584924052,1.964285733207824e-05,0.0,50.0,0.02037596950177468,0.0,0.1668417469408933,0.02037596950177468,2,2,
2016-12-29,14.312000274658203,-0.0230271730133163,1.746031736570691e-05,0.0,50.0,0.02037596950177468,0.0,0.1164147809158359,0.02037596950177468,2,2,
2016-12-30,14.246000289916992,-0.0046115136580925,1.9047618621871583e-05,0.0,50.0,0.02037596950177468,0.0,0.1107701653012496,0.02037596950177468,2,2,
2017-01-03,14.465999603271484,0.0154428828356969,1.884920611267998e-05,0.0,80.0,0.024097748614096616,0.0,0.0902965374320527,0.024097748614096616,2,2,
2017-01-04,15.13266658782959,0.0460850962837948,2.055555582046509e-05,0.0,80.0,0.024097748614096616,0.0,0.1638551463437337,0.024097748614096616,2,2,
2017-01-05,15.116666793823242,-0.0010573016932267,2.015873080208188e-05,0.0,80.0,0.024097748614096616,0.0,0.1476403209804704,0.024097748614096616,2,2,
2017-01-06,15.267333030700684,0.0099668954097078,1.996031829289028e-05,0.0,80.0,0.024097748614096616,0.0,0.1576836959820769,0.024097748614096616,2,2,
2017-01-09,15.41866683959961,0.0099122622526548,1.9246032313695023e-05,0.0,80.0,0.024097748614096616,0.0,0.169447400486783,0.024097748614096616,2,2,
2017-01-10,15.324666976928713,-0.0060964974241143,1.996031829289028e-05,0.0,80.0,0.024097748614096616,0.0,0.1424712833393726,0.024097748614096616,2,2,
2017-01-11,15.315333366394045,-0.0006090579683538,1.976190460106683e-05,0.0,80.0,0.024097748614096616,0.0,0.1406914301762024,0.024097748614096616,2,2,
2017-01-12,15.305999755859377,-0.0006094291460314,1.996031829289028e-05,0.0,80.0,0.024097748614096616,0.0,0.1383969929485612,0.024097748614096616,2,2,
2017-01-13,15.850000381469728,0.0355416591067236,2.0357143311273484e-05,0.0,80.0,0.024097748614096616,0.0,0.2057263370601672,0.024097748614096616,2,2,
2017-01-17,15.70533275604248,-0.0091272947599659,2.0357143311273484e-05,0.0,80.0,0.024097748614096616,0.0,0.1583644184401384,0.024097748614096616,2,2,
2017-01-18,15.890666961669922,0.0118007181704657,2.0436507368844653e-05,0.0,80.0,0.024097748614096616,0.0,0.1744529633228638,0.024097748614096616,2,2,
2017-01-19,16.250667572021484,0.0226548458425266,1.996031829289028e-05,0.0,80.0,0.024097748614096616,0.0,0.2079969950527229,0.024097748614096616,2,2,
2017-01-20,16.315332412719727,0.003979211340805,1.9047618621871583e-05,0.0,80.0,0.024097748614096616,0.0,0.2030849616056631,0.024097748614096616,2,2,
2017-01-23,16.594667434692383,0.0171210132228063,1.876984087247697e-05,0.0,80.0,0.024097748614096616,0.0,0.2311990509598935,0.024097748614096616,2,2,
2017-01-24,16.974000930786133,0.0228587585491906,1.9563492091875222e-05,0.0,80.0,0.024097748614096616,0.0,0.2790655231790564,0.024097748614096616,2,2,
2017-01-25,16.96466636657715,-0.0005499330562692,1.916666707349202e-05,0.0,80.0,0.024097748614096616,0.0,0.2542143489241429,0.024097748614096616,2,2,
2017-01-26,16.833999633789062,-0.0077022872106414,1.9365079582683625e-05,0.0,80.0,0.024097748614096616,0.0,0.2100777173092193,0.024097748614096616,2,2,
2017-01-27,16.863332748413086,0.0017424922931057,1.976190460106683e-05,0.0,80.0,0.024097748614096616,0.0,0.2123647853047465,0.024097748614096616,2,2,
2017-01-30,16.708667755126953,-0.0091716741639156,1.964285733207824e-05,0.0,80.0,0.024097748614096616,0.0,0.175470629138778,0.024097748614096616,2,2,
2017-01-31,16.795333862304688,0.0051868951162274,1.984126984126984e-05,0.0,80.0,0.024097748614096616,0.0,0.1792190391032458,0.024097748614096616,2,2,
2017-02-01,16.615999221801758,-0.0106776466590775,1.984126984126984e-05,0.0,80.0,0.024097748614096616,0.0,0.1423192443681053,0.024097748614096616,2,2,
2017-02-02,16.770000457763672,0.0092682500706817,1.9365079582683625e-05,0.0,80.0,0.024097748614096616,0.0,0.1581982817335376,0.024097748614096616,2,2,
2017-02-03,16.755332946777344,-0.0008746279419173,1.9365079582683625e-05,0.0,80.0,0.024097748614096616,0.0,0.1567611863870609,0.024097748614096616,2,2,
2017-02-06,17.184667587280273,0.0256237606179892,1.996031829289028e-05,0.0,80.0,0.024097748614096616,0.0,0.2031999446805059,0.024097748614096616,2,2,
2017-02-07,17.165332794189453,-0.0011251188300628,2.083333238722786e-05,0.0,80.0,0.024097748614096616,0.0,0.188986447669206,0.024097748614096616,2,2,
2017-02-08,17.472000122070312,0.0178655043603155,2.083333238722786e-05,0.0,80.0,0.024097748614096616,0.0,0.2214665538921505,0.024097748614096616,2,2,
2017-02-09,17.946666717529297,0.0271672729019383,2.0952380838848296e-05,0.0,80.0,0.024097748614096616,0.0,0.2717277178905125,0.024097748614096616,2,2,
2017-02-10,17.948667526245117,0.0001114863694362,2.075396832965669e-05,0.0,80.0,0.024097748614096616,0.0,0.2593200984611836,0.024097748614096616,2,2,
2017-02-13,18.706666946411133,0.0422315149053624,2.075396832965669e-05,0.0,80.0,0.024097748614096616,0.0,0.3574456480091355,0.024097748614096616,2,2,
2017-02-14,18.73200035095215,0.0013542446986194,2.123015977087475e-05,0.0,80.0,0.024097748614096616,0.0,0.3365644245414174,0.024097748614096616,2,2,
2017-02-15,18.65066719055176,-0.0043419367326806,2.0634919878036257e-05,0.0,80.0,0.024097748614096616,0.0,0.3039428607797453,0.024097748614096616,2,2,
2017-02-16,17.93000030517578,-0.0386402737238839,2.015873080208188e-05,0.0,80.0,0.024097748614096616,0.0,0.1491103607538522,0.024097748614096616,2,2,
2017-02-17,18.148666381835938,0.0121955422720787,2.015873080208188e-05,0.0,80.0,0.024097748614096616,0.0,0.1770983741523124,0.024097748614096616,2,2,
2017-02-21,18.49266624450684,0.0189545532125265,2.0039682350461445e-05,0.0,80.0,0.024097748614096616,0.0,0.2118633228867797,0.024097748614096616,2,2,
2017-02-22,18.233999252319336,-0.0139875445091288,2.023809485965305e-05,0.0,80.0,0.024097748614096616,0.0,0.1599359899399307,0.024097748614096616,2,2,
2017-02-23,17.06599998474121,-0.0640561212828588,1.976190460106683e-05,0.0,80.0,0.024097748614096616,0.0,0.0795380395160117,0.024097748614096616,2,2,
2017-02-24,17.133333206176758,0.0039454600665504,1.976190460106683e-05,0.0,80.0,0.024097748614096616,0.0,0.0759472532360974,0.024097748614096616,2,2,
2017-02-27,16.415332794189453,-0.0419066391429577,1.944444482288663e-05,0.0,80.0,0.024097748614096616,0.0,0.0906481895928195,0.024097748614096616,2,2,
2017-02-28,16.666000366210938,0.0152703314129709,2.075396832965669e-05,0.0,80.0,0.024097748614096616,0.0,0.0764066141747441,0.024097748614096616,2,2,
2017-03-01,16.667999267578125,0.000119938876951,2.4404762283204094e-05,0.0,80.0,0.024097748614096616,0.0,0.066616109003919,0.024097748614096616,2,2,
2017-03-02,16.698667526245117,0.0018399484050042,2.559523733835372e-05,0.0,80.0,0.024097748614096616,0.0,0.0632969424494776,0.024097748614096616,2,2,
2017-03-03,16.771333694458008,0.0043516147679856,2.710317571957906e-05,0.0,80.0,0.024097748614096616,0.0,0.0651086418600678,0.024097748614096616,2,2,
2017-03-06,16.747333526611328,-0.0014310232140101,2.7976189813916644e-05,0.0,80.0,0.024097748614096616,0.0,0.0714227278093582,0.024097748614096616,2,2,
2017-03-07,16.57266616821289,-0.0104295623014191,2.916666723432995e-05,0.0,80.0,0.024097748614096616,0.0,0.0641884027424697,0.024097748614096616,2,2,
2017-03-08,16.45800018310547,-0.006918982373962,2.809523826553708e-05,0.0,80.0,0.024097748614096616,0.0,0.0643243014810642,0.024097748614096616,2,2,
2017-03-09,16.32666778564453,-0.0079798515007767,2.8293650774728687e-05,0.0,80.0,0.024097748614096616,0.0,0.0662964811956825,0.024097748614096616,2,2,
2017-03-10,16.246000289916992,-0.0049408426009909,2.8769842215946745e-05,0.0,80.0,0.024097748614096616,0.0,0.0677510435225087,0.024097748614096616,2,2,
2017-03-13,16.411333084106445,0.0101768306807223,2.88888883023035e-05,0.0,80.0,0.024097748614096616,0.0,0.0615737748634663,0.024097748614096616,2,2,
2017-03-14,17.200000762939453,0.048056283715111,2.98809532135252e-05,0.0,80.0,0.024097748614096616,0.0,0.0710678435040242,0.024097748614096616,2,2,
2017-03-15,17.048667907714844,-0.0087984214251132,2.837301483229985e-05,0.0,80.0,0.024097748614096616,0.0,0.0571770537367007,0.024097748614096616,2,2,
2017-03-16,17.469999313354492,0.0247134502191217,2.809523826553708e-05,0.0,80.0,0.024097748614096616,0.0,0.0828291138759074,0.024097748614096616,2,2,
2017-03-17,17.433332443237305,-0.0020988478281827,2.809523826553708e-05,0.0,80.0,0.024097748614096616,0.0,0.0756985307242545,0.024097748614096616,2,2,
2017-03-20,17.461332321166992,0.0016061116267274,2.8174602323108248e-05,0.0,80.0,0.024097748614096616,0.0,0.0757996377364512,0.024097748614096616,2,2,
2017-03-21,16.711999893188477,-0.0429138174679923,2.98809532135252e-05,0.0,80.0,0.024097748614096616,0.0,0.0481262728173221,0.024097748614096616,2,2,
2017-03-22,17.000667572021484,0.0172730780683323,2.96825407043336e-05,0.0,80.0,0.024097748614096616,0.0,0.0446226034057378,0.024097748614096616,2,2,
2017-03-23,16.985332489013672,-0.0009020282846451,2.96825407043336e-05,0.0,80.0,0.024097748614096616,0.0,0.0457592496794636,0.024097748614096616,2,2,
2017-03-24,17.54400062561035,0.032891209928215,2.96825407043336e-05,0.0,80.0,0.024097748614096616,0.0,0.0694823842164163,0.024097748614096616,2,2,
2017-03-27,18.014667510986328,0.026827796887382,3.00793657227168e-05,0.0,80.0,0.024097748614096616,0.0,0.1194878209444849,0.024097748614096616,2,2,
2017-03-28,18.49666786193848,0.0267559948391056,3.0674603250291616e-05,0.0,80.0,0.024097748614096616,0.0,0.1751484200544612,0.024097748614096616,2,2,
2017-03-29,18.492000579833984,-0.0002523309678982,2.996031727109637e-05,0.0,80.0,0.024097748614096616,0.0,0.1544708717403698,0.024097748614096616,2,2,
2017-03-30,18.527999877929688,0.0019467497819007,3.00793657227168e-05,0.0,80.0,0.024097748614096616,0.0,0.1420512466945133,0.024097748614096616,2,2,
2017-03-31,18.553333282470703,0.0013673037946848,2.9285713320686703e-05,0.0,80.0,0.024097748614096616,0.0,0.1351822577128794,0.024097748614096616,2,2,
2017-04-03,19.90133285522461,0.0726553850044564,2.936507974352156e-05,0.0,80.0,0.024097748614096616,0.0,0.353108747721563,0.024097748614096616,2,2,
2017-04-04,20.24666786193848,0.0173523557053221,3.0952379817054386e-05,0.0,80.0,0.024097748614096616,0.0,0.3833011513653012,0.024097748614096616,2,2,
2017-04-05,19.666667938232425,-0.0286466853539091,3.0952379817054386e-05,0.0,80.0,0.024097748614096616,0.0,0.2346566279732929,0.024097748614096616,2,2,
2017-04-06,19.913333892822266,0.0125423358631238,3.1269840777866425e-05,0.0,80.0,0.024097748614096616,0.0,0.2553506537407753,0.024097748614096616,2,2,
2017-04-07,20.16933250427246,0.0128556379774493,3.166666579624963e-05,0.0,80.0,0.024097748614096616,0.0,0.2830780537329991,0.024097748614096616,2,2,
2017-04-10,20.826000213623047,0.0325577313583127,3.1269840777866425e-05,0.0,80.0,0.024097748614096616,0.0,0.3728916274356053,0.024097748614096616,2,2,
2017-04-11,20.58066749572754,-0.0117801169393547,3.174603221908449e-05,0.0,80.0,0.024097748614096616,0.0,0.2942337660679727,0.024097748614096616,2,2,
2017-04-12,19.78933334350586,-0.0384503637885388,3.146825328705803e-05,0.0,80.0,0.024097748614096616,0.0,0.1347903443712552,0.024097748614096616,2,2,
2017-04-13,20.26666641235352,0.0241207250674921,3.134920720070128e-05,0.0,80.0,0.024097748614096616,0.0,0.1969649400813664,0.024097748614096616,2,2,
2017-04-17,20.09600067138672,-0.0084210070612684,3.134920720070128e-05,0.0,80.0,0.024097748614096616,0.0,0.1566646413143344,0.024097748614096616,2,2,
2017-04-18,20.01666641235352,-0.0039477635540765,3.194444472827609e-05,0.0,80.0,0.024097748614096616,0.0,0.1427334861558548,0.024097748614096616,2,2,
2017-04-19,20.36800003051757,0.0175520544193723,3.115079469150967e-05,0.0,80.0,0.024097748614096616,0.0,0.1832989496558064,0.024097748614096616,2,2,
2017-04-20,20.16733360290528,-0.0098520437603902,3.055555479867118e-05,0.0,80.0,0.024097748614096616,0.0,0.1414958524728704,0.024097748614096616,2,2,
2017-04-21,20.37333297729492,0.0102145072048573,3.0277778231908405e-05,0.0,80.0,0.024097748614096616,0.0,0.1661133715392057,0.024097748614096616,2,2,
2017-04-24,20.53533363342285,0.0079516030248205,3.055555479867118e-05,0.0,80.0,0.024097748614096616,0.0,0.1751416886149815,0.024097748614096616,2,2,
2017-04-25,20.91933250427246,0.0186994220646419,3.206349317989652e-05,0.0,80.0,0.024097748614096616,0.0,0.2277506255474138,0.024097748614096616,2,2,
2017-04-26,20.67799949645996,-0.0115363627287443,3.186507830544124e-05,0.0,80.0,0.024097748614096616,0.0,0.1730290788571074,0.024097748614096616,2,2,
2017-04-27,20.57533264160156,-0.0049650284049952,3.115079469150967e-05,0.0,80.0,0.024097748614096616,0.0,0.148131613962926,0.024097748614096616,2,2,
2017-04-28,20.9379997253418,0.0176263047629645,3.0952379817054386e-05,0.0,80.0,0.024097748614096616,0.0,0.1896608231428128,0.024097748614096616,2,2,
2017-05-01,21.52199935913086,0.0278918541145183,3.115079469150967e-05,0.0,80.0,0.024097748614096616,0.0,0.2576182530990715,0.024097748614096616,2,2,
2017-05-02,21.25933265686035,-0.0122045678883021,3.3452380744237744e-05,0.0,80.0,0.024097748614096616,0.0,0.1964393117349814,0.024097748614096616,2,2,
2017-05-03,20.73466682434082,-0.0246793180664691,3.365079325342935e-05,0.0,80.0,0.024097748614096616,0.0,0.1223671543953959,0.024097748614096616,2,2,
2017-05-04,19.69733238220215,-0.0500289901413282,3.3928572185455806e-05,0.0,80.0,0.024097748614096616,0.0,0.0802182878664406,0.024097748614096616,2,2,
2017-05-05,20.55666732788086,0.0436269708508942,3.444444329019577e-05,0.0,80.0,0.024097748614096616,0.0,0.0992905992356706,0.024097748614096616,2,2,
2017-05-08,20.47933387756348,-0.00376196438284,3.4523809713030615e-05,0.0,80.0,0.024097748614096616,0.0,0.0897214141406462,0.024097748614096616,2,2,
2017-05-09,21.41733360290528,0.0458022575807235,3.531745974979704e-05,0.0,80.0,0.024097748614096616,0.0,0.1901323496796408,0.024097748614096616,2,2,
2017-05-10,21.68133354187012,0.0123264615409002,3.472222222222222e-05,0.0,80.0,0.024097748614096616,0.0,0.2208133459164378,0.024097748614096616,2,2,
2017-05-11,21.540000915527344,-0.0065186316178311,3.412698469464741e-05,0.0,80.0,0.024097748614096616,0.0,0.1835685129299503,0.024097748614096616,2,2,
2017-05-12,21.65399932861328,0.0052924052107983,3.3928572185455806e-05,0.0,80.0,0.024097748614096616,0.0,0.1868057371605624,0.024097748614096616,2,2,
2017-05-15,21.058666229248047,-0.0274929859528798,3.424603078100416e-05,0.0,80.0,0.024097748614096616,0.0,0.1130833553719065,0.024097748614096616,2,2,
2017-05-16,21.13400077819824,0.0035773656379796,3.531745974979704e-05,0.0,80.0,0.024097748614096616,0.0,0.1112606503598985,0.024097748614096616,2,2,
2017-05-17,20.40733337402344,-0.0343838070132194,3.472222222222222e-05,0.0,80.0,0.024097748614096616,0.0,0.0726101771754418,0.024097748614096616,2,2,
2017-05-18,20.87066650390625,0.0227042466250189,3.543650820141747e-05,0.0,80.0,0.024097748614096616,0.0,0.0866035237887416,0.024097748614096616,2,2,
2017-05-19,20.722000122070312,-0.0071232215707204,3.523809569222586e-05,0.0,80.0,0.024097748614096616,0.0,0.0748422721933802,0.024097748614096616,2,2,
2017-05-22,20.690000534057617,-0.0015442325945463,3.4841270673842654e-05,0.0,80.0,0.024097748614096616,0.0,0.073250524995299,0.024097748614096616,2,2,
2017-05-23,20.257333755493164,-0.020911878559512,3.6230158238183885e-05,0.0,80.0,0.024097748614096616,0.0,0.066526542848776,0.024097748614096616,2,2,
2017-05-24,20.68133354187012,0.0209306807842855,3.5912697277371846e-05,0.0,80.0,0.024097748614096616,0.0,0.0684433643720087,0.024097748614096616,2,2,
2017-05-25,21.121999740600582,0.0213074363816199,3.6031745728992285e-05,0.0,80.0,0.024097748614096616,0.0,0.0946484737758607,0.024097748614096616,2,2,
2017-05-26,21.676000595092773,0.0262286176165078,3.6111112151827125e-05,0.0,80.0,0.024097748614096616,0.0,0.153426611988045,0.024097748614096616,2,2,
2017-05-30,22.34000015258789,0.0306329368548476,3.6111112151827125e-05,0.0,80.0,0.024097748614096616,0.0,0.2346743773983355,0.024097748614096616,2,2,
2017-05-31,22.733999252319336,0.0176364859910622,3.769841222535996e-05,0.0,80.0,0.024097748614096616,0.0,0.2774636130994179,0.024097748614096616,2,2,
2017-06-01,22.69133377075196,-0.0018767257398859,3.76190481677888e-05,0.0,80.0,0.024097748614096616,0.0,0.2437080710476895,0.024097748614096616,2,2,
2017-06-02,22.656667709350582,-0.0015277225107878,3.78174606769804e-05,0.0,80.0,0.024097748614096616,0.0,0.2205721126086226,0.024097748614096616,2,2,
2017-06-05,23.15466690063477,0.0219802487140974,3.76190481677888e-05,0.0,80.0,0.024097748614096616,0.0,0.2812826975701583,0.024097748614096616,2,2,
2017-06-06,23.523332595825195,0.0159218742715023,3.8015873186172e-05,0.0,80.0,0.024097748614096616,0.0,0.3155282931471409,0.024097748614096616,2,2,
2017-06-07,23.976667404174805,0.0192717084836042,3.8611110713746805e-05,0.0,80.0,0.024097748614096616,0.0,0.3621339399505439,0.024097748614096616,2,2,
2017-06-08,24.666667938232425,0.0287779999791579,3.8611110713746805e-05,0.0,80.0,0.024097748614096616,0.0,0.4337068627867031,0.024097748614096616,2,2,
2017-06-09,23.821332931518555,-0.0342703363433871,3.8888889645773273e-05,0.0,80.0,0.024097748614096616,0.0,0.2770874969690498,0.024097748614096616,2,2,
2017-06-12,23.93400001525879,0.0047296716797555,3.8611110713746805e-05,0.0,80.0,0.024097748614096616,0.0,0.2766972730606571,0.024097748614096616,2,2,
2017-06-13,25.06333351135254,0.0471853219425819,3.900793573213001e-05,0.0,80.0,0.024097748614096616,0.0,0.4371515978673246,0.024097748614096616,2,2,
2017-06-14,25.37733268737793,0.0125282287722485,3.900793573213001e-05,0.0,80.0,0.024097748614096616,0.0,0.4512411777303955,0.024097748614096616,2,2,
2017-06-15,25.022666931152344,-0.0139756908495741,3.940476075051322e-05,0.0,80.0,0.024097748614096616,0.0,0.3824286771587474,0.024097748614096616,2,2,
2017-06-16,24.76000022888184,-0.0104971505632556,3.908730215496487e-05,0.0,80.0,0.024097748614096616,0.0,0.3094956293602558,0.024097748614096616,2,2,
2017-06-19,24.65333366394043,-0.0043080195458554,3.908730215496487e-05,0.0,80.0,0.024097748614096616,0.0,0.26753572041558,0.024097748614096616,2,2,
2017-06-20,24.81599998474121,0.0065981470505429,3.940476075051322e-05,0.0,80.0,0.024097748614096616,0.0,0.2669405217945876,0.024097748614096616,2,2,
2017-06-21,25.09333229064941,0.0111755442488203,3.84126982045552e-05,0.0,80.0,0.024097748614096616,0.0,0.2951278495531483,0.024097748614096616,2,2,
2017-06-22,25.507333755493164,0.0164984650124775,3.702381064021399e-05,0.0,80.0,0.024097748614096616,0.0,0.3375470259782139,0.024097748614096616,2,2,
2017-06-23,25.56333351135254,0.0021954374532506,3.702381064021399e-05,0.0,80.0,0.024097748614096616,0.0,0.3238893570972491,0.024097748614096616,2,2,
2017-06-26,25.166000366210938,-0.0155430881095827,3.702381064021399e-05,0.0,80.0,0.024097748614096616,0.0,0.2513808676831925,0.024097748614096616,2,2,
2017-06-27,24.15800094604492,-0.0400540175434236,3.928571466415648e-05,0.0,80.0,0.024097748614096616,0.0,0.1419465790666175,0.024097748614096616,2,2,
2017-06-28,24.74933242797852,0.0244776661468923,3.908730215496487e-05,0.0,80.0,0.024097748614096616,0.0,0.1851044891729088,0.024097748614096616,2,2,
2017-06-29,24.049999237060547,-0.0282566486572135,3.980158813416012e-05,0.0,80.0,0.024097748614096616,0.0,0.1324089020206874,0.024097748614096616,2,2,
2017-06-30,24.10733222961425,0.0023839082899159,3.940476075051322e-05,0.0,80.0,0.024097748614096616,0.0,0.1268346159099148,0.024097748614096616,2,2,
2017-07-03,23.507999420166016,-0.0248610175418744,3.968253968253968e-05,0.0,80.0,0.024097748614096616,0.0,0.1046642792226181,0.024097748614096616,2,2,
2017-07-05,21.80599975585937,-0.0724008723110061,4.04761897193061e-05,0.0,80.0,0.024097748614096616,0.0,0.1340310138998426,0.024097748614096616,2,2,
2017-07-06,20.588666915893555,-0.0558255917451669,4.000000064335172e-05,0.0,80.0,0.024097748614096616,0.0,0.1746222484762118,0.024097748614096616,2,2,
2017-07-07,20.881332397460938,0.0142148825255634,4.000000064335172e-05,0.0,80.0,0.024097748614096616,0.0,0.1403834224080773,0.024097748614096616,2,2,
2017-07-10,21.06999969482422,0.0090352135473033,4.019841315254333e-05,0.0,80.0,0.024097748614096616,0.0,0.1156795518942003,0.024097748614096616,2,2,
2017-07-11,21.814666748046875,0.0353425279548333,4.099206318930975e-05,0.0,80.0,0.024097748614096616,0.0,0.0762265838217206,0.024097748614096616,2,2,
2017-07-12,21.968000411987305,0.0070289253423574,4.059523817092654e-05,0.0,80.0,0.024097748614096616,0.0,0.0691668469811125,0.024097748614096616,2,2,
2017-07-13,21.560667037963867,-0.0185421233787471,4.019841315254333e-05,0.0,80.0,0.024097748614096616,0.0,0.0729133856865696,0.024097748614096616,2,2,
2017-07-14,21.85199928283692,0.0135122092632884,4.000000064335172e-05,0.0,80.0,0.024097748614096616,0.0,0.0647817125865302,0.024097748614096616,2,2,
2017-07-17,21.30466651916504,-0.0250472625679505,4.04761897193061e-05,0.0,80.0,0.024097748614096616,0.0,0.0761366539636511,0.024097748614096616,2,2,
2017-07-18,21.882667541503903,0.0271302543890519,4.12698397560725e-05,0.0,80.0,0.024097748614096616,0.0,0.0639765953535909,0.024097748614096616,2,2,
2017-07-19,21.68400001525879,-0.0090787618039852,4.305555706932433e-05,0.0,80.0,0.024097748614096616,0.0,0.0582174732554753,0.024097748614096616,2,2,
2017-07-20,21.994667053222656,0.0143270170515243,4.4166668066902766e-05,0.0,80.0,0.024097748614096616,0.0,0.0623960301529195,0.024097748614096616,2,2,
2017-07-21,21.8933334350586,-0.0046071903665942,4.515873061286078e-05,0.0,80.0,0.024097748614096616,0.0,0.0595305643021889,0.024097748614096616,2,2,
2017-07-24,22.834667205810547,0.0429963656993663,4.5634919688815166e-05,0.0,80.0,0.024097748614096616,0.0,0.095103511840446,0.024097748614096616,2,2,
2017-07-25,22.63999938964844,-0.0085250997707805,4.535714312205238e-05,0.0,80.0,0.024097748614096616,0.0,0.0771051687607618,0.024097748614096616,2,2,
2017-07-26,22.92333221435547,0.0125147010753265,4.345238208770752e-05,0.0,80.0,0.024097748614096616,0.0,0.0951121988372891,0.024097748614096616,2,2,
2017-07-27,22.297332763671875,-0.0273083967387415,4.277777577203418e-05,0.0,80.0,0.024097748614096616,0.0,0.0650165830499533,0.024097748614096616,2,2,
2017-07-28,22.33799934387207,0.0018238316049374,4.178571322607616e-05,0.0,80.0,0.024097748614096616,0.0,0.0587334401879754,0.024097748614096616,2,2,
2017-07-31,21.564666748046875,-0.0346195997197636,4.178571322607616e-05,0.0,80.0,0.024097748614096616,0.0,0.058967925531449,0.024097748614096616,2,2,
2017-08-01,21.30466651916504,-0.0120567700822635,4.198412573526776e-05,0.0,80.0,0.024097748614096616,0.0,0.0648571372449125,0.024097748614096616,2,2,
2017-08-02,21.72599983215332,0.0197765739543147,4.166666477445572e-05,0.0,80.0,0.024097748614096616,0.0,0.0564513041255662,0.024097748614096616,2,2,
2017-08-03,23.139333724975582,0.0650526513735216,4.198412573526776e-05,0.0,80.0,0.024097748614096616,0.0,0.1049865944116812,0.024097748614096616,2,2,
2017-08-04,23.79400062561035,0.0282923833683315,4.178571322607616e-05,0.0,80.0,0.024097748614096616,0.0,0.1774330536229299,0.024097748614096616,2,2,
2017-08-07,23.67799949645996,-0.0048752259435319,4.099206318930975e-05,0.0,80.0,0.024097748614096616,0.0,0.1374306378662788,0.024097748614096616,2,2,
2017-08-08,24.347999572753903,0.028296312633764,4.0873014737689306e-05,0.0,80.0,0.024097748614096616,0.0,0.2087552836003503,0.024097748614096616,2,2,
2017-08-09,24.235332489013672,-0.0046273651107793,4.06746022284977e-05,0.0,80.0,0.024097748614096616,0.0,0.1673009608436071,0.024097748614096616,2,2,
2017-08-10,23.69333267211914,-0.0223640347059497,4.039682566173493e-05,0.0,80.0,0.024097748614096616,0.0,0.088199579576271,0.024097748614096616,2,2,
2017-08-11,23.857999801635746,0.0069499353170512,4.019841315254333e-05,0.0,80.0,0.024097748614096616,0.0,0.0940556043136544,0.024097748614096616,2,2,
2017-08-14,24.253332138061523,0.0165702212973726,3.980158813416012e-05,0.0,80.0,0.024097748614096616,0.0,0.1172653512770148,0.024097748614096616,2,2,
2017-08-15,24.155332565307617,-0.004040664276399,4.000000064335172e-05,0.0,80.0,0.024097748614096616,0.0,0.0980477317493217,0.024097748614096616,2,2,
2017-08-16,24.194000244140625,0.0016007926501722,3.908730215496487e-05,0.0,80.0,0.024097748614096616,0.0,0.0932162358789907,0.024097748614096616,2,2,
2017-08-17,23.461332321166992,-0.0302830418938708,3.880952322293841e-05,0.0,80.0,0.024097748614096616,0.0,0.054736530866412,0.024097748614096616,2,2,
2017-08-18,23.16399955749512,-0.0126733111147151,3.920634824132162e-05,0.0,80.0,0.024097748614096616,0.0,0.0546509678347439,0.024097748614096616,2,2,
2017-08-21,22.52400016784668,-0.0276290537849435,3.829364975293477e-05,0.0,80.0,0.024097748614096616,0.0,0.0600564069726,0.024097748614096616,2,2,
2017-08-22,22.75666618347168,0.0103296933888827,3.948412717334808e-05,0.0,80.0,0.024097748614096616,0.0,0.046577516914752,0.024097748614096616,2,2,
2017-08-23,23.51799964904785,0.0334554042071915,3.8888889645773273e-05,0.0,80.0,0.024097748614096616,0.0,0.0469378706357647,0.024097748614096616,2,2,
2017-08-24,23.52866744995117,0.0004536015419045,3.9603175624968514e-05,0.0,80.0,0.024097748614096616,0.0,0.0471573649395705,0.024097748614096616,2,2,
2017-08-25,23.203332901000977,-0.0138271557300142,3.948412717334808e-05,0.0,80.0,0.024097748614096616,0.0,0.0418374128953721,0.024097748614096616,2,2,
2017-08-28,23.04400062561035,-0.0068667840120395,3.988095219173128e-05,0.0,80.0,0.024097748614096616,0.0,0.0417718211579277,0.024097748614096616,2,2,
2017-08-29,23.15733337402344,0.0049181021236015,4.007936470092289e-05,0.0,80.0,0.024097748614096616,0.0,0.0453152338126578,0.024097748614096616,2,2,
2017-08-30,23.545333862304688,0.0167549726911337,3.9603175624968514e-05,0.0,80.0,0.024097748614096616,0.0,0.0598362378425088,0.024097748614096616,2,2,
2017-08-31,23.726667404174805,0.007701464032346,3.880952322293841e-05,0.0,80.0,0.024097748614096616,0.0,0.0669958149498955,0.024097748614096616,2,2,
2017-09-01,23.69333267211914,-0.0014049479215862,3.908730215496487e-05,0.0,80.0,0.024097748614096616,0.0,0.064329765597349,0.024097748614096616,2,2,
2017-09-05,23.30599975585937,-0.0163477600057319,3.900793573213001e-05,0.0,80.0,0.024097748614096616,0.0,0.0528108124946159,0.024097748614096616,2,2,
2017-09-06,22.96866607666016,-0.0144741132211847,4.119047569850135e-05,0.0,80.0,0.024097748614096616,0.0,0.051307654371992,0.024097748614096616,2,2,
2017-09-07,23.374000549316406,0.0176472796157776,4.059523817092654e-05,0.0,80.0,0.024097748614096616,0.0,0.0545224229124178,0.024097748614096616,2,2,
2017-09-08,22.8933334350586,-0.0205641782733621,4.04761897193061e-05,0.0,80.0,0.024097748614096616,0.0,0.0492034617617838,0.024097748614096616,2,2,
2017-09-11,24.246000289916992,0.059085622401626,4.04761897193061e-05,0.0,80.0,0.024097748614096616,0.0,0.0885089078256936,0.024097748614096616,2,2,
2017-09-12,24.183332443237305,-0.0025846674061844,4.039682566173493e-05,0.0,80.0,0.024097748614096616,0.0,0.0751403300931759,0.024097748614096616,2,2,
2017-09-13,24.415332794189453,0.0095933987384366,4.039682566173493e-05,0.0,80.0,0.024097748614096616,0.0,0.0912625196212547,0.024097748614096616,2,2,
2017-09-14,25.176000595092773,0.031155332074128,4.079365068011814e-05,0.0,80.0,0.024097748614096616,0.0,0.1657024991881689,0.024097748614096616,2,2,
2017-09-15,25.320667266845703,0.0057462133910628,4.007936470092289e-05,0.0,80.0,0.024097748614096616,0.0,0.1797675552245856,0.024097748614096616,2,2,
2017-09-18,25.666667938232425,0.0136647532918601,3.968253968253968e-05,0.0,80.0,0.024097748614096616,0.0,0.2035001727126209,0.024097748614096616,2,2,
2017-09-19,25.00666618347168,-0.0257143528076593,4.039682566173493e-05,0.0,80.0,0.024097748614096616,0.0,0.1078953896830055,0.024097748614096616,2,2,
2017-09-20,24.92733383178711,-0.0031724481425279,4.04761897193061e-05,0.0,80.0,0.024097748614096616,0.0,0.0946763624110136,0.024097748614096616,2,2,
2017-09-21,24.43199920654297,-0.0198711434037319,4.000000064335172e-05,0.0,80.0,0.024097748614096616,0.0,0.0627387544591245,0.024097748614096616,2,2,
2017-09-22,23.4060001373291,-0.0419940693571692,3.980158813416012e-05,0.0,80.0,0.024097748614096616,0.0,0.0564626830070325,0.024097748614096616,2,2,
2017-09-25,22.99933242797852,-0.0173745068343398,3.9603175624968514e-05,0.0,80.0,0.024097748614096616,0.0,0.0660391740189526,0.024097748614096616,2,2,
2017-09-26,23.01666641235352,0.0007536733698372,4.138888820769295e-05,0.0,80.0,0.024097748614096616,0.0,0.0602510134700286,0.024097748614096616,2,2,
2017-09-27,22.731332778930664,-0.0123968270778652,4.119047569850135e-05,0.0,80.0,0.024097748614096616,0.0,0.0697416120154197,0.024097748614096616,2,2,
2017-09-28,22.63999938964844,-0.0040179513524556,4.0873014737689306e-05,0.0,80.0,0.024097748614096616,0.0,0.0669138398294659,0.024097748614096616,2,2,
2017-09-29,22.739999771118164,0.0044169780991887,4.079365068011814e-05,0.0,80.0,0.024097748614096616,0.0,0.0600872150179543,0.024097748614096616,2,2,
2017-10-02,22.768667221069336,0.0012606618399171,4.019841315254333e-05,0.0,80.0,0.024097748614096616,0.0,0.0550461506787728,0.024097748614096616,2,2,
2017-10-03,23.209333419799805,0.0193540620736329,4.107142724688091e-05,0.0,80.0,0.024097748614096616,0.0,0.0453274366352204,0.024097748614096616,2,2,
2017-10-04,23.66733360290528,0.0197334483856721,4.138888820769295e-05,0.0,80.0,0.024097748614096616,0.0,0.0491831844920136,0.024097748614096616,2,2,
2017-10-05,23.68866729736328,0.0009013983077241,4.138888820769295e-05,0.0,80.0,0.024097748614096616,0.0,0.053256185595052,0.024097748614096616,2,2,
2017-10-06,23.79199981689453,0.0043621077637723,4.138888820769295e-05,0.0,80.0,0.024097748614096616,0.0,0.0586601700554447,0.024097748614096616,2,2,
2017-10-09,22.862667083740234,-0.0390607237855804,4.146825226526412e-05,0.0,80.0,0.024097748614096616,0.0,0.0497603281611437,0.024097748614096616,2,2,
2017-10-10,23.70599937438965,0.0368868727152653,4.186507728364732e-05,0.0,80.0,0.024097748614096616,0.0,0.044681509467123,0.024097748614096616,2,2,
2017-10-11,23.63999938964844,-0.0027841047196056,4.238095075365097e-05,0.0,80.0,0.024097748614096616,0.0,0.0441377441964793,0.024097748614096616,2,2,
2017-10-12,23.71199989318848,0.0030457066581637,4.178571322607616e-05,0.0,80.0,0.024097748614096616,0.0,0.0457769730107424,0.024097748614096616,2,2,
2017-10-13,23.704666137695312,-0.0003092845616651,4.166666477445572e-05,0.0,80.0,0.024097748614096616,0.0,0.0460446373847851,0.024097748614096616,2,2,
2017-10-16,23.37333297729492,-0.0139775501783383,4.186507728364732e-05,0.0,80.0,0.024097748614096616,0.0,0.0449999491230558,0.024097748614096616,2,2,
2017-10-17,23.71666717529297,0.0146891416098666,4.257936326284257e-05,0.0,80.0,0.024097748614096616,0.0,0.0519978235893696,0.024097748614096616,2,2,
2017-10-18,23.976667404174805,0.0109627641590674,4.238095075365097e-05,0.0,80.0,0.024097748614096616,0.0,0.0605606488909059,0.024097748614096616,2,2,
2017-10-19,23.45400047302246,-0.0217989815824586,4.2261907032557895e-05,0.0,80.0,0.024097748614096616,0.0,0.0498585086354178,0.024097748614096616,2,2,
2017-10-20,23.00666618347168,-0.0190728353598065,4.26587320509411e-05,0.0,80.0,0.024097748614096616,0.0,0.0514272145189989,0.024097748614096616,2,2,
2017-10-23,22.468000411987305,-0.023413464914415,4.24603195417495e-05,0.0,80.0,0.024097748614096616,0.0,0.0645351532292176,0.024097748614096616,2,2,
2017-10-24,22.48933219909668,0.0009494297097303,4.357143053932795e-05,0.0,80.0,0.024097748614096616,0.0,0.0640782329468302,0.024097748614096616,2,2,
2017-10-25,21.7226676940918,-0.0340901409707342,4.297618828122578e-05,0.0,80.0,0.024097748614096616,0.0,0.0890963212996838,0.024097748614096616,2,2,
2017-10-26,21.744667053222656,0.0010127374519861,4.285714456013271e-05,0.0,80.0,0.024097748614096616,0.0,0.082661996751203,0.024097748614096616,2,2,
2017-10-27,21.391332626342773,-0.0162492452064249,4.257936326284257e-05,0.0,80.0,0.024097748614096616,0.0,0.0911818025526221,0.024097748614096616,2,2,
2017-10-30,21.338666915893555,-0.0024620116646852,4.26587320509411e-05,0.0,80.0,0.024097748614096616,0.0,0.0887581185832749,0.024097748614096616,2,2,
2017-10-31,22.10199928283692,0.0357722612172561,4.456349308528596e-05,0.0,80.0,0.024097748614096616,0.0,0.0467941077025359,0.024097748614096616,2,2,
2017-11-01,21.405332565307617,-0.0315205293699513,4.515873061286078e-05,0.0,80.0,0.024097748614096616,0.0,0.0693308809445135,0.024097748614096616,2,2,
2017-11-02,19.950666427612305,-0.0679581189994189,4.515873061286078e-05,0.0,80.0,0.024097748614096616,0.0,0.1320839794454568,0.024097748614096616,2,2,
2017-11-03,20.4060001373291,0.0228229824486765,4.555555563124399e-05,0.0,80.0,0.024097748614096616,0.0,0.0947667677493837,0.024097748614096616,2,2,
2017-11-06,20.185333251953125,-0.0108138235759542,4.595238064962721e-05,0.0,80.0,0.024097748614096616,0.0,0.0988419416438809,0.024097748614096616,2,2,
2017-11-07,20.40333366394043,0.0107999411882986,4.714285570477683e-05,0.0,80.0,0.024097748614096616,0.0,0.0813450913188665,0.024097748614096616,2,2,
2017-11-08,20.292667388916016,-0.0054239310520123,4.742063700206696e-05,0.0,80.0,0.024097748614096616,0.0,0.0821477073494332,0.024097748614096616,2,2,
2017-11-09,20.19933319091797,-0.0045994051057588,4.773809323235164e-05,0.0,80.0,0.024097748614096616,0.0,0.0846624091956081,0.024097748614096616,2,2,
2017-11-10,20.19933319091797,0.0,4.761904951125856e-05,0.0,80.0,0.024097748614096616,0.0,0.0777922249695835,0.024097748614096616,2,2,
2017-11-13,21.02666664123535,0.0409584535537721,4.702380725315639e-05,0.0,80.0,0.024097748614096616,0.0,0.0470810938086692,0.024097748614096616,2,2,
2017-11-14,20.57999992370605,-0.0212428686462999,4.92063495847914e-05,0.0,80.0,0.024097748614096616,0.0,0.0552828842698682,0.024097748614096616,2,2,
2017-11-15,20.753332138061523,0.0084223622448031,4.880952456640819e-05,0.0,80.0,0.024097748614096616,0.0,0.0520094277621855,0.024097748614096616,2,2,
2017-11-16,20.83333206176757,0.0038547989871624,4.880952456640819e-05,0.0,80.0,0.024097748614096616,0.0,0.0470867777966022,0.024097748614096616,2,2,
2017-11-17,21.003332138061523,0.0081600041601568,4.92063495847914e-05,0.0,80.0,0.024097748614096616,0.0,0.0449886071337538,0.024097748614096616,2,2,
2017-11-20,20.582666397094727,-0.0200285239599902,4.92063495847914e-05,0.0,80.0,0.024097748614096616,0.0,0.0547994664107445,0.024097748614096616,2,2,
2017-11-21,21.187332153320312,0.0293774258669874,5.071428560075306e-05,0.0,80.0,0.024097748614096616,0.0,0.0418814068476673,0.024097748614096616,2,2,
2017-11-22,20.84000015258789,-0.0163933806398551,5.019841213074941e-05,0.0,80.0,0.024097748614096616,0.0,0.0458374752284021,0.024097748614096616,2,2,
2017-11-24,21.036666870117188,0.0094369825378755,4.92063495847914e-05,0.0,80.0,0.024097748614096616,0.0,0.0433088973550725,0.024097748614096616,2,2,
2017-11-27,21.12066650390625,0.0039930105994303,4.853174799964541e-05,0.0,80.0,0.024097748614096616,0.0,0.0472251588289076,0.024097748614096616,2,2,
2017-11-28,21.170000076293945,0.0023357961917807,5.019841213074941e-05,0.0,80.0,0.024097748614096616,0.0,0.0491220966337507,0.024097748614096616,2,2,
2017-11-29,20.502666473388672,-0.0315226074870236,4.992063556398664e-05,0.0,80.0,0.024097748614096616,0.0,0.0585469542939706,0.024097748614096616,2,2,
2017-11-30,20.59000015258789,0.0042596254156781,4.912698552722023e-05,0.0,80.0,0.024097748614096616,0.0,0.0575932690721927,0.024097748614096616,2,2,
2017-12-01,20.435333251953125,-0.0075117483967248,4.900793707559979e-05,0.0,80.0,0.024097748614096616,0.0,0.0602190365113143,0.024097748614096616,2,2,
2017-12-04,20.34666633605957,-0.0043389023707298,4.9404762093983e-05,0.0,80.0,0.024097748614096616,0.0,0.0655252293331496,0.024097748614096616,2,2,
2017-12-05,20.24666786193848,-0.0049147350464909,5.091269810994467e-05,0.0,80.0,0.024097748614096616,0.0,0.0684521500255109,0.024097748614096616,2,2,
2017-12-06,20.88400077819824,0.0314784102058529,5.011904807317824e-05,0.0,80.0,0.024097748614096616,0.0,0.0569358700034986,0.024097748614096616,2,2,
2017-12-07,20.74933242797852,-0.0064483980655807,4.999999962155781e-05,0.0,80.0,0.024097748614096616,0.0,0.0550477241744964,0.024097748614096616,2,2,
2017-12-08,21.0086669921875,0.0124984533892422,4.972222305479504e-05,0.0,80.0,0.024097748614096616,0.0,0.0548765074342478,0.024097748614096616,2,2,
2017-12-11,21.92733383178711,0.043727992829875,5.011904807317824e-05,0.0,80.0,0.024097748614096616,0.0,0.0783410355472941,0.024097748614096616,2,2,
2017-12-12,22.735332489013672,0.0368489239697369,5.198412471347384e-05,0.0,80.0,0.024097748614096616,0.0,0.1395449767314084,0.024097748614096616,2,2,
2017-12-13,22.60199928283692,-0.0058645813181391,5.051587309156145e-05,0.0,80.0,0.024097748614096616,0.0,0.1074429495858121,0.024097748614096616,2,2,
2017-12-14,22.525999069213867,-0.0033625438472058,5.091269810994467e-05,0.0,80.0,0.024097748614096616,0.0,0.0860948046161715,0.024097748614096616,2,2,
2017-12-15,22.89666748046875,0.0164551374665318,5.099206216751583e-05,0.0,80.0,0.024097748614096616,0.0,0.1150978778231086,0.024097748614096616,2,2,
2017-12-18,22.591333389282227,-0.0133353070461882,5.2182541953192816e-05,0.0,80.0,0.024097748614096616,0.0,0.0795051259752632,0.024097748614096616,2,2,
2017-12-19,22.07333374023437,-0.0229291312788825,5.369047796915448e-05,0.0,80.0,0.024097748614096616,0.0,0.0579429072086672,0.024097748614096616,2,2,
2017-12-20,21.93199920654297,-0.006402953688585,5.357142951753405e-05,0.0,80.0,0.024097748614096616,0.0,0.0589387768786398,0.024097748614096616,2,2,
2017-12-21,22.11066627502441,0.0081464104935833,5.238095446238442e-05,0.0,80.0,0.024097748614096616,0.0,0.0620563378415401,0.024097748614096616,2,2,
2017-12-22,21.68000030517578,-0.0194777472777967,5.1507935637519474e-05,0.0,80.0,0.024097748614096616,0.0,0.0599126238670978,0.024097748614096616,2,2,
2017-12-26,21.152666091918945,-0.0243235334794226,5.170634814671108e-05,0.0,80.0,0.024097748614096616,0.0,0.0701340415513821,0.024097748614096616,2,2,
2017-12-27,20.775999069213867,-0.0178070707998826,5.587301557026213e-05,0.0,80.0,0.024097748614096616,0.0,0.082878808836532,0.024097748614096616,2,2,
2017-12-28,21.02400016784668,0.0119369036264689,5.4365079554300456e-05,0.0,80.0,0.024097748614096616,0.0,0.0679419373340052,0.024097748614096616,2,2,
2017-12-29,20.75666618347168,-0.0127156574505669,5.376984202672565e-05,0.0,80.0,0.024097748614096616,0.0,0.0765820941535508,0.024097748614096616,2,2,
2018-01-02,21.368667602539062,0.0294845720241294,5.46825405151125e-05,0.0,10.0,0.8732394366197183,1.0,0.9511850052412492,0.8732394366197183,1,2,
2018-01-03,21.14999961853028,-0.0102331127085715,5.4365079554300456e-05,1.0,10.0,0.8939597315436242,1.0,0.9441396452296068,0.10604026845637583,3,3,
2018-01-04,20.974666595458984,-0.0082899775997007,5.4365079554300456e-05,1.0,10.0,0.8939597315436242,1.0,0.940116004137451,0.10604026845637583,3,3,
2018-01-05,21.10533332824707,0.0062297406346556,5.4365079554300456e-05,1.0,10.0,0.8939597315436242,1.0,0.9440070383868804,0.10604026845637583,3,3,
2018-01-08,22.42733383178711,0.0626382195902441,5.4761904572683664e-05,1.0,10.0,0.8939597315436242,1.0,0.9072853270390464,0.10604026845637583,3,3,
2018-01-09,22.246000289916992,-0.0080853811349214,5.615079213702489e-05,1.0,10.0,0.8939597315436242,1.0,0.9264569946388858,0.10604026845637583,3,3,
2018-01-10,22.31999969482422,0.0033264139145394,5.535714210025848e-05,1.0,10.0,0.8939597315436242,1.0,0.925000680916842,0.10604026845637583,3,3,
2018-01-11,22.530000686645508,0.0094086467156173,5.567460306107052e-05,1.0,10.0,0.8939597315436242,1.0,0.9185170830675748,0.10604026845637583,3,3,
2018-01-12,22.4146671295166,-0.0051191102358585,5.595237962783329e-05,1.0,10.0,0.8939597315436242,1.0,0.9302330417849134,0.10604026845637583,3,3,
2018-01-16,22.67066764831543,0.0114211162414148,5.535714210025848e-05,1.0,10.0,0.8939597315436242,1.0,0.9182188394620936,0.10604026845637583,3,3,
2018-01-17,23.143999099731445,0.020878584555104,5.615079213702489e-05,1.0,10.0,0.8939597315436242,1.0,0.882949954403856,0.10604026845637583,3,3,
2018-01-18,22.971332550048828,-0.0074605321638048,5.575396711864169e-05,1.0,10.0,0.8939597315436242,1.0,0.9095998941234542,0.10604026845637583,3,3,
2018-01-19,23.334667205810547,0.015816873268893,5.567460306107052e-05,1.0,10.0,0.8939597315436242,1.0,0.8801614293432993,0.10604026845637583,3,3,
2018-01-22,23.437332153320312,0.0043996748101984,5.515872959106687e-05,1.0,10.0,0.8939597315436242,1.0,0.8800066517183676,0.10604026845637583,3,3,
2018-01-23,23.519332885742188,0.0034987229726255,5.607142807945373e-05,1.0,10.0,0.8939597315436242,1.0,0.8794540397629329,0.10604026845637583,3,3,
2018-01-24,23.05933380126953,-0.019558338950656,5.595237962783329e-05,1.0,10.0,0.8939597315436242,1.0,0.9243885482751576,0.10604026845637583,3,3,
2018-01-25,22.50933265686035,-0.0238515626318267,5.527777804268731e-05,1.0,10.0,0.8939597315436242,1.0,0.938057657978298,0.10604026845637583,3,3,
2018-01-26,22.856666564941406,0.0154306621780364,5.507936553349571e-05,1.0,10.0,0.8939597315436242,1.0,0.9374689524383985,0.10604026845637583,3,3,
2018-01-29,23.302000045776367,0.0194837457846119,5.4563492063492063e-05,1.0,10.0,0.8939597315436242,1.0,0.920116520245002,0.10604026845637583,3,3,
2018-01-30,23.05466651916504,-0.0106142616996586,5.65476171554081e-05,1.0,10.0,0.8939597315436242,1.0,0.9326653290245284,0.10604026845637583,3,3,
2018-01-31,23.62066650390625,0.0245503436048706,5.67460296645997e-05,1.0,10.0,0.8939597315436242,1.0,0.9010124085230384,0.10604026845637583,3,3,
2018-02-01,23.28333282470703,-0.0142812938467858,5.765872815298656e-05,1.0,10.0,0.8939597315436242,1.0,0.9285117878131894,0.10604026845637583,3,3,
2018-02-02,22.916667938232425,-0.0157479553822947,5.753968443189349e-05,1.0,10.0,0.8939597315436242,1.0,0.9392395764949664,0.10604026845637583,3,3,
2018-02-05,22.20866775512696,-0.0308945517303713,5.785714066217816e-05,1.0,10.0,0.8939597315436242,1.0,0.9349356393836812,0.10604026845637583,3,3,
2018-02-06,22.264667510986328,0.0025215270216485,5.904762044785515e-05,1.0,10.0,0.8939597315436242,1.0,0.9403174747528747,0.10604026845637583,3,3,
2018-02-07,23.0,0.0330268794111041,6.011904705138434e-05,1.0,10.0,0.8939597315436242,1.0,0.9419582065957002,0.10604026845637583,3,3,
2018-02-08,21.01533317565918,-0.0862898619278617,6.011904705138434e-05,1.0,10.0,0.8939597315436242,1.0,0.9038500075685524,0.10604026845637583,3,3,
2018-02-09,20.69466781616211,-0.0152586379105555,6.051587206976755e-05,1.0,10.0,0.8939597315436242,1.0,0.8959121622708205,0.10604026845637583,3,3,
2018-02-12,21.048667907714844,0.0171058600552296,6.091269708815076e-05,1.0,10.0,0.8939597315436242,1.0,0.923902353743438,0.10604026845637583,3,3,
2018-02-13,21.577333450317383,0.0251163420374345,6.230158938301934e-05,1.0,10.0,0.8939597315436242,1.0,0.9473929602887848,0.10604026845637583,3,3,
2018-02-14,21.48733329772949,-0.0041710507368819,6.150793461572556e-05,1.0,10.0,0.8939597315436242,1.0,0.947163332454375,0.10604026845637583,3,3,
2018-02-15,22.271333694458008,0.0364866307915168,6.190475963410877e-05,1.0,10.0,0.8939597315436242,1.0,0.9477831616572224,0.10604026845637583,3,3,
2018-02-16,22.36599922180176,0.0042505549349884,6.230158938301934e-05,1.0,10.0,0.8939597315436242,1.0,0.9520766638005936,0.10604026845637583,3,3,
2018-02-20,22.31800079345703,-0.002146044443118,6.24206331041124e-05,1.0,10.0,0.8939597315436242,1.0,0.957019867530796,0.10604026845637583,3,3,
2018-02-21,22.21999931335449,-0.0043911406317036,6.380952539898101e-05,1.0,10.0,0.8939597315436242,1.0,0.9602058367874174,0.10604026845637583,3,3,
2018-02-22,23.077999114990234,0.038613853652105,6.369047694736057e-05,1.0,10.0,0.8939597315436242,1.0,0.9276493808216514,0.10604026845637583,3,3,
2018-02-23,23.46999931335449,0.0169858832393157,6.369047694736057e-05,1.0,10.0,0.8939597315436242,1.0,0.901697163785833,0.10604026845637583,3,3,
2018-02-26,23.827999114990234,0.015253507120132,6.380952539898101e-05,1.0,10.0,0.8939597315436242,1.0,0.8749643161067961,0.10604026845637583,3,3,
2018-02-27,23.39933204650879,-0.0179900572604844,6.488095200251019e-05,1.0,10.0,0.8939597315436242,1.0,0.932118163992422,0.10604026845637583,3,3,
2018-02-28,22.87066650390625,-0.022593189478732,6.420635041736421e-05,1.0,10.0,0.8939597315436242,1.0,0.9571540505152152,0.10604026845637583,3,3,
2018-03-01,22.062000274658203,-0.0353582274967775,6.309523941978576e-05,1.0,10.0,0.8939597315436242,1.0,0.9473477323748516,0.10604026845637583,3,3,
2018-03-02,22.341333389282227,0.0126612778146359,6.369047694736057e-05,1.0,10.0,0.8939597315436242,1.0,0.959785176655998,0.10604026845637583,3,3,
2018-03-05,22.22333335876465,-0.0052816914935877,6.448412698412699e-05,1.0,10.0,0.8939597315436242,1.0,0.957853919569938,0.10604026845637583,3,3,
2018-03-06,21.8799991607666,-0.0154492664289104,6.519841296332222e-05,1.0,10.0,0.8939597315436242,1.0,0.947429924318599,0.10604026845637583,3,3,
2018-03-07,22.15333366394043,0.0124924366388436,6.547618953008501e-05,1.0,10.0,0.8939597315436242,1.0,0.9578113509129697,0.10604026845637583,3,3,
2018-03-08,21.940000534057617,-0.0096298432154281,6.488095200251019e-05,1.0,10.0,0.8939597315436242,1.0,0.9530132631385682,0.10604026845637583,3,3,
2018-03-09,21.81133270263672,-0.005864531827206,6.488095200251019e-05,1.0,10.0,0.8939597315436242,1.0,0.9490423479857796,0.10604026845637583,3,3,
2018-03-12,23.03400039672852,0.0560565331225264,6.519841296332222e-05,1.0,10.0,0.8939597315436242,1.0,0.9361617982221554,0.10604026845637583,3,3,
2018-03-13,22.78933334350586,-0.0106219957023795,6.70634943341452e-05,1.0,10.0,0.8939597315436242,1.0,0.9466054118023648,0.10604026845637583,3,3,
2018-03-14,21.775333404541016,-0.0444944976529467,6.817460533172366e-05,1.0,10.0,0.8939597315436242,1.0,0.9501160549170952,0.10604026845637583,3,3,
2018-03-15,21.706666946411133,-0.0031534055921992,6.876984285929846e-05,1.0,10.0,0.8939597315436242,1.0,0.9497860646144892,0.10604026845637583,3,3,
2018-03-16,21.42333221435547,-0.0130528898220603,6.896825536849007e-05,1.0,10.0,0.8939597315436242,1.0,0.941575539047714,0.10604026845637583,3,3,
2018-03-19,20.90399932861328,-0.0242414616244521,6.857143035010686e-05,1.0,10.0,0.8939597315436242,1.0,0.9215390536913144,0.10604026845637583,3,3,
2018-03-20,20.703332901000977,-0.0095994275764079,6.976190540525649e-05,1.0,10.0,0.8939597315436242,1.0,0.9161693248423716,0.10604026845637583,3,3,
2018-03-21,21.10199928283692,0.0192561450729833,6.785714437091161e-05,1.0,10.0,0.8939597315436242,1.0,0.9401338017004162,0.10604026845637583,3,3,
2018-03-22,20.606666564941406,-0.0234732601047138,6.678571303685506e-05,1.0,10.0,0.8939597315436242,1.0,0.9188534435330112,0.10604026845637583,3,3,
2018-03-23,20.1026668548584,-0.0244580902250572,6.698412554604667e-05,1.0,10.0,0.8939597315436242,1.0,0.895671557182767,0.10604026845637583,3,3,
2018-03-26,20.27866744995117,0.0087550868928734,6.765873186172e-05,1.0,10.0,0.8939597315436242,1.0,0.9156659487102728,0.10604026845637583,3,3,
2018-03-27,18.61199951171875,-0.0821882375824666,6.876984285929846e-05,1.0,10.0,0.8939597315436242,1.0,0.8367710985724024,0.10604026845637583,3,3,
2018-03-28,17.185333251953125,-0.0766530355251378,6.72619068433368e-05,1.0,10.0,0.8939597315436242,1.0,0.7797092449822219,0.10604026845637583,3,3,
2018-03-29,17.742000579833984,0.0323920007671421,6.626983956685142e-05,1.0,10.0,0.8939597315436242,1.0,0.825101075914774,0.10604026845637583,3,3,
2018-04-02,16.832000732421875,-0.0512907123025595,6.678571303685506e-05,1.0,10.0,0.8939597315436242,1.0,0.791169117672619,0.10604026845637583,3,3,
2018-04-03,17.8353328704834,0.0596086082701328,6.797619282253204e-05,1.0,10.0,0.8939597315436242,1.0,0.8562279985224344,0.10604026845637583,3,3,
2018-04-04,19.12933349609375,0.0725526478819948,6.619047550928025e-05,1.0,10.0,0.8939597315436242,1.0,0.9145304180598172,0.10604026845637583,3,3,
2018-04-05,20.381332397460938,0.0654491648453328,6.646825207604302e-05,1.0,10.0,0.8939597315436242,1.0,0.8882654572085669,0.10604026845637583,3,3,
2018-04-06,19.953332901000977,-0.0209995837422916,6.666666458523462e-05,1.0,10.0,0.8939597315436242,1.0,0.9172180740953956,0.10604026845637583,3,3,
2018-04-09,19.310667037963867,-0.0322084468908384,6.646825207604302e-05,1.0,10.0,0.8939597315436242,1.0,0.9183693682486224,0.10604026845637583,3,3,
2018-04-10,20.31333351135254,0.051922933134183,6.72619068433368e-05,1.0,10.0,0.8939597315436242,1.0,0.9118509884724896,0.10604026845637583,3,3,
2018-04-11,20.062000274658203,-0.0123728208643781,6.718253805523827e-05,1.0,10.0,0.8939597315436242,1.0,0.9281350202022304,0.10604026845637583,3,3,
2018-04-12,19.60533332824707,-0.0227627823825714,6.765873186172e-05,1.0,10.0,0.8939597315436242,1.0,0.9274992177602316,0.10604026845637583,3,3,
2018-04-13,20.022666931152344,0.0212867384562132,6.817460533172366e-05,1.0,10.0,0.8939597315436242,1.0,0.935541789205358,0.10604026845637583,3,3,
2018-04-16,19.41399955749512,-0.0303989161758579,6.797619282253204e-05,1.0,10.0,0.8939597315436242,1.0,0.9282344970774984,0.10604026845637583,3,3,
2018-04-17,19.179332733154297,-0.0120875053924798,6.964285695363604e-05,1.0,10.0,0.8939597315436242,1.0,0.924760372649066,0.10604026845637583,3,3,
2018-04-18,19.55666732788086,0.0196740209879295,7.023809448121085e-05,1.0,10.0,0.8939597315436242,1.0,0.9392895646322458,0.10604026845637583,3,3,
2018-04-19,20.005332946777344,0.0229418239505891,7.075396795121451e-05,1.0,10.0,0.8939597315436242,1.0,0.9511253431100756,0.10604026845637583,3,3,
2018-04-20,19.34933280944824,-0.0327912631633946,7.003968197201925e-05,1.0,10.0,0.8939597315436242,1.0,0.938556509214024,0.10604026845637583,3,3,
2018-04-23,18.891332626342773,-0.0236700762561603,7.075396795121451e-05,1.0,10.0,0.8939597315436242,1.0,0.9182412522747716,0.10604026845637583,3,3,
2018-04-24,18.8973331451416,0.0003176334310297,7.234126802474734e-05,1.0,10.0,0.8939597315436242,1.0,0.9256350423483723,0.10604026845637583,3,3,
2018-04-25,18.71266746520996,-0.0097720497656103,7.202381179446265e-05,1.0,10.0,0.8939597315436242,1.0,0.9207476797449582,0.10604026845637583,3,3,
2018-04-26,19.03199958801269,0.0170650241819572,7.083333200878568e-05,1.0,10.0,0.8939597315436242,1.0,0.9433583746992296,0.10604026845637583,3,3,
2018-04-27,19.60533332824707,0.0301247242877986,7.023809448121085e-05,1.0,10.0,0.8939597315436242,1.0,0.9587220924825756,0.10604026845637583,3,3,
2018-04-30,19.59333229064941,-0.000612131270442,6.996031791444809e-05,1.0,10.0,0.8939597315436242,1.0,0.9603295575141716,0.10604026845637583,3,3,
2018-05-01,19.994667053222656,0.020483231571833,7.182539455474369e-05,1.0,10.0,0.8939597315436242,1.0,0.9606300174361834,0.10604026845637583,3,3,
2018-05-02,20.07666778564453,0.0041011301765416,7.083333200878568e-05,1.0,10.0,0.8939597315436242,1.0,0.9630286000989622,0.10604026845637583,3,3,
2018-05-03,18.96333312988281,-0.0554541554230325,7.095238046040612e-05,1.0,10.0,0.8939597315436242,1.0,0.9389656539422968,0.10604026845637583,3,3,
2018-05-04,19.606000900268555,0.0338900216530508,7.115079296959771e-05,1.0,10.0,0.8939597315436242,1.0,0.9584003317853528,0.10604026845637583,3,3,
2018-05-07,20.18466758728028,0.0295147740712282,7.115079296959771e-05,1.0,10.0,0.8939597315436242,1.0,0.9522663410356432,0.10604026845637583,3,3,
2018-05-08,20.131332397460938,-0.0026423615642277,7.281746183122908e-05,1.0,10.0,0.8939597315436242,1.0,0.9625568137789922,0.10604026845637583,3,3,
2018-05-09,20.456666946411133,0.0161606068851769,7.321428684961227e-05,1.0,10.0,0.8939597315436242,1.0,0.9504336834669904,0.10604026845637583,3,3,
2018-05-10,20.334667205810547,-0.0059638132116135,7.321428684961227e-05,1.0,10.0,0.8939597315436242,1.0,0.9679420514345388,0.10604026845637583,3,3,
2018-05-11,20.070667266845703,-0.0129827518834144,7.380952437718708e-05,1.0,10.0,0.8939597315436242,1.0,0.9742863461799728,0.10604026845637583,3,3,
2018-05-14,19.46466636657715,-0.0301933608988473,7.361111186799548e-05,1.0,10.0,0.8939597315436242,1.0,0.9565633702590646,0.10604026845637583,3,3,
2018-05-15,18.94533348083496,-0.0266808007885476,7.44047619047619e-05,1.0,10.0,0.8939597315436242,1.0,0.9331696367012824,0.10604026845637583,3,3,
2018-05-16,19.09866714477539,0.0080934792779203,7.40079368863787e-05,1.0,10.0,0.8939597315436242,1.0,0.9468272572782618,0.10604026845637583,3,3,
2018-05-17,18.96933364868164,-0.0067718597907042,7.392857282880753e-05,1.0,10.0,0.8939597315436242,1.0,0.9401344400755188,0.10604026845637583,3,3,
2018-05-18,18.454666137695312,-0.0271315545668678,7.361111186799548e-05,1.0,10.0,0.8939597315436242,1.0,0.9134088845270087,0.10604026845637583,3,3,
2018-05-21,18.965999603271484,0.0277075435426994,7.392857282880753e-05,1.0,10.0,0.8939597315436242,1.0,0.9425222610216712,0.10604026845637583,3,3,
2018-05-22,18.333999633789062,-0.0333227872351851,7.511904788395715e-05,1.0,10.0,0.8939597315436242,1.0,0.9084452134646056,0.10604026845637583,3,3,
2018-05-23,18.60466766357422,0.0147631741677534,7.432539784719073e-05,1.0,10.0,0.8939597315436242,1.0,0.9333460905349782,0.10604026845637583,3,3,
2018-05-24,18.523332595825195,-0.0043717560141247,7.380952437718708e-05,1.0,10.0,0.8939597315436242,1.0,0.9320472119882016,0.10604026845637583,3,3,
2018-05-25,18.59000015258789,0.0035991124392875,7.353174781042433e-05,1.0,10.0,0.8939597315436242,1.0,0.9415480170475076,0.10604026845637583,3,3,
2018-05-29,18.91733360290528,0.0176080391409692,7.301587434042068e-05,1.0,10.0,0.8939597315436242,1.0,0.9571202987294364,0.10604026845637583,3,3,
2018-05-30,19.44799995422364,0.0280518577542483,7.452381035638234e-05,1.0,10.0,0.8939597315436242,1.0,0.9644263233923898,0.10604026845637583,3,3,
2018-05-31,18.98200035095215,-0.0239613124418116,7.420634939557031e-05,1.0,10.0,0.8939597315436242,1.0,0.9603725040476364,0.10604026845637583,3,3,
2018-06-01,19.454666137695312,0.0249007363820565,7.412698533799913e-05,1.0,10.0,0.8939597315436242,1.0,0.966008219014603,0.10604026845637583,3,3,
2018-06-04,19.78266716003418,0.0168597610474194,7.40079368863787e-05,1.0,10.0,0.8939597315436242,1.0,0.962260804746231,0.10604026845637583,3,3,
2018-06-05,19.408666610717773,-0.0189054664010107,7.551587290234036e-05,1.0,10.0,0.8939597315436242,1.0,0.9699461404221996,0.10604026845637583,3,3,
2018-06-06,21.299999237060547,0.0974478393738984,7.539682445071991e-05,1.0,10.0,0.8939597315436242,1.0,0.792511751422226,0.10604026845637583,3,3,
2018-06-07,21.07266616821289,-0.0106729144126969,7.480158692314511e-05,1.0,10.0,0.8939597315436242,1.0,0.8647017190719313,0.10604026845637583,3,3,
2018-06-08,21.17733383178711,0.0049669872212043,7.46031744139535e-05,1.0,10.0,0.8939597315436242,1.0,0.8768624549159975,0.10604026845637583,3,3,
2018-06-11,22.13999938964844,0.0454573538627594,7.412698533799913e-05,1.0,10.0,0.8939597315436242,1.0,0.7403696597784055,0.10604026845637583,3,3,
2018-06-12,22.851333618164062,0.0321289181628525,7.492063537476556e-05,1.0,10.0,0.8939597315436242,1.0,0.6444065464451126,0.10604026845637583,3,3,
2018-06-13,22.985332489013672,0.0058639409449212,7.519841194152831e-05,1.0,10.0,0.8939597315436242,1.0,0.6676294993145057,0.10604026845637583,3,3,
2018-06-14,23.847999572753903,0.0375311988265805,7.472222286557397e-05,1.0,10.0,0.8939597315436242,1.0,0.558084744723213,0.10604026845637583,3,3,
2018-06-15,23.87800025939941,0.0012579959402458,7.492063537476556e-05,1.0,10.0,0.8939597315436242,1.0,0.5983461220526701,0.10604026845637583,3,3,
2018-06-18,24.722000122070312,0.0353463377796332,7.472222286557397e-05,1.0,10.0,0.8939597315436242,1.0,0.5019311260510484,0.10604026845637583,3,3,
2018-06-19,23.503332138061523,-0.049294878164847,7.531746039314877e-05,1.0,10.0,0.8939597315436242,1.0,0.7685034512766933,0.10604026845637583,3,3,
2018-06-20,24.14800071716309,0.0274288162765476,7.492063537476556e-05,1.0,10.0,0.8939597315436242,1.0,0.6710078648559537,0.10604026845637583,3,3,
2018-06-21,23.16733360290528,-0.0406106959223669,7.499999943233671e-05,1.0,10.0,0.8939597315436242,1.0,0.8872998805810707,0.10604026845637583,3,3,
2018-06-22,22.242000579833984,-0.0399412827963618,7.420634939557031e-05,1.0,10.0,0.8939597315436242,1.0,0.9588707857767506,0.10604026845637583,3,3,
2018-06-25,22.200666427612305,-0.0018583828407574,7.353174781042433e-05,1.0,10.0,0.8939597315436242,1.0,0.9649805026453482,0.10604026845637583,3,3,
2018-06-26,22.799999237060547,0.0269961629936845,7.511904788395715e-05,1.0,10.0,0.8939597315436242,1.0,0.9443073936210898,0.10604026845637583,3,3,
2018-06-27,22.96666717529297,0.0073099975355046,7.46031744139535e-05,1.0,10.0,0.8939597315436242,1.0,0.9382812441422632,0.10604026845637583,3,3,
2018-06-28,23.32866668701172,0.0157619522656808,7.46031744139535e-05,1.0,10.0,0.8939597315436242,1.0,0.9081979489229164,0.10604026845637583,3,3,
2018-06-29,22.86333274841309,-0.0199468724398941,7.46031744139535e-05,1.0,10.0,0.8939597315436242,1.0,0.9539228080351866,0.10604026845637583,3,3,
2018-07-02,22.33799934387207,-0.0229771140682664,7.519841194152831e-05,1.0,10.0,0.8939597315436242,1.0,0.9580214324890608,0.10604026845637583,3,3,
2018-07-03,20.724000930786133,-0.0722534900391024,7.670634795749e-05,1.0,10.0,0.8939597315436242,1.0,0.8937914577808111,0.10604026845637583,3,3,
2018-07-05,20.61066627502441,-0.0054687633020398,7.579364946910313e-05,1.0,10.0,0.8939597315436242,1.0,0.8995393459148993,0.10604026845637583,3,3,
2018-07-06,20.59333229064941,-0.0008410200885162,7.559523695991153e-05,1.0,10.0,0.8939597315436242,1.0,0.9116535739197288,0.10604026845637583,3,3,
2018-07-09,21.233999252319336,0.0311104076128965,7.599206197829476e-05,1.0,10.0,0.8939597315436242,1.0,0.9565856356115848,0.10604026845637583,3,3,
2018-07-10,21.49799919128418,0.0124328882104489,7.678571201506115e-05,1.0,10.0,0.8939597315436242,1.0,0.9694491669684836,0.10604026845637583,3,3,
2018-07-11,21.263999938964844,-0.0108846990939606,7.619047448748634e-05,1.0,10.0,0.8939597315436242,1.0,0.9674106603908814,0.10604026845637583,3,3,
2018-07-12,21.11400032043457,-0.0070541581527852,7.650793544829838e-05,1.0,10.0,0.8939597315436242,1.0,0.9643938232179904,0.10604026845637583,3,3,
2018-07-13,21.257999420166016,0.0068200766101191,7.650793544829838e-05,1.0,10.0,0.8939597315436242,1.0,0.9746612315549034,0.10604026845637583,3,3,
2018-07-16,20.67333221435547,-0.0275033973919442,7.690476046668159e-05,1.0,10.0,0.8939597315436242,1.0,0.952303357354888,0.10604026845637583,3,3,
2018-07-17,21.512666702270508,0.0405998645604026,7.837301681912135e-05,1.0,10.0,0.8939597315436242,1.0,0.9797680067690452,0.10604026845637583,3,3,
2018-07-18,21.59000015258789,0.0035947868010812,7.777777929154655e-05,1.0,10.0,0.8939597315436242,1.0,0.9783240662662358,0.10604026845637583,3,3,
2018-07-19,21.34866714477539,-0.0111779993565017,7.730158548506479e-05,1.0,10.0,0.8939597315436242,1.0,0.976329784519516,0.10604026845637583,3,3,
2018-07-20,20.905332565307617,-0.0207663821100076,7.670634795749e-05,1.0,10.0,0.8939597315436242,1.0,0.9703697093804244,0.10604026845637583,3,3,
2018-07-23,20.21333312988281,-0.0331015750772212,7.619047448748634e-05,1.0,10.0,0.8939597315436242,1.0,0.9343991564501288,0.10604026845637583,3,3,
2018-07-24,19.82866668701172,-0.019030332127778,7.777777929154655e-05,1.0,10.0,0.8939597315436242,1.0,0.9191019606387908,0.10604026845637583,3,3,
2018-07-25,20.582666397094727,0.038025739298795,7.749999799425638e-05,1.0,10.0,0.8939597315436242,1.0,0.961980524553902,0.10604026845637583,3,3,
2018-07-26,20.44333267211914,-0.006769469139103,7.718254176397175e-05,1.0,10.0,0.8939597315436242,1.0,0.9609175969407512,0.10604026845637583,3,3,
2018-07-27,19.812000274658203,-0.0308820683783107,7.718254176397175e-05,1.0,10.0,0.8939597315436242,1.0,0.9348013370902316,0.10604026845637583,3,3,
2018-07-30,19.344667434692383,-0.0235883723746759,7.718254176397175e-05,1.0,10.0,0.8939597315436242,1.0,0.9131151706778978,0.10604026845637583,3,3,
2018-07-31,19.8759994506836,0.0274665882877023,7.876984183750455e-05,1.0,10.0,0.8939597315436242,1.0,0.9493426051156691,0.10604026845637583,3,3,
2018-08-01,20.05599975585937,0.0090561637226036,7.849206527074178e-05,1.0,10.0,0.8939597315436242,1.0,0.9582520888104884,0.10604026845637583,3,3,
2018-08-02,23.30266761779785,0.1618801307070201,7.797619180073813e-05,1.0,10.0,0.8939597315436242,1.0,0.5958311379368623,0.10604026845637583,3,3,
2018-08-03,23.211332321166992,-0.0039195210663821,7.777777929154655e-05,1.0,10.0,0.8939597315436242,1.0,0.6555594841505042,0.10604026845637583,3,3,
2018-08-06,22.79933357238769,-0.0177498966056157,7.809524025235857e-05,1.0,10.0,0.8939597315436242,1.0,0.7781881581326681,0.10604026845637583,3,3,
2018-08-07,25.30466651916504,0.1098862358771557,7.968253559536404e-05,1.0,10.0,0.8939597315436242,1.0,0.4017523258544036,0.10604026845637583,3,3,
2018-08-08,24.689332962036133,-0.024316999264261,7.968253559536404e-05,1.0,10.0,0.8939597315436242,1.0,0.4947418335596036,0.10604026845637583,3,3,
2018-08-09,23.49666786193848,-0.0483068984460443,7.956349660479834e-05,1.0,10.0,0.8939597315436242,1.0,0.7365782063004142,0.10604026845637583,3,3,
2018-08-10,23.69933319091797,0.0086252795575232,7.936507936507937e-05,1.0,10.0,0.8939597315436242,1.0,0.7372693704834481,0.10604026845637583,3,3,
2018-08-13,23.76066780090332,0.0025880310425296,7.916666685588778e-05,1.0,10.0,0.8939597315436242,1.0,0.7630265343247283,0.10604026845637583,3,3,
2018-08-14,23.176000595092773,-0.0246065140386466,8.06746028718494e-05,1.0,10.0,0.8939597315436242,1.0,0.8723057000318831,0.10604026845637583,3,3,
2018-08-15,22.57933235168457,-0.0257450909599363,8.015872940184578e-05,1.0,10.0,0.8939597315436242,1.0,0.9205673388250096,0.10604026845637583,3,3,
2018-08-16,22.36333274841309,-0.0095662528859213,7.996032162318154e-05,1.0,10.0,0.8939597315436242,1.0,0.929507936432666,0.10604026845637583,3,3,
2018-08-17,20.36666679382324,-0.0892830231098509,7.916666685588778e-05,1.0,10.0,0.8939597315436242,1.0,0.8568902020085796,0.10604026845637583,3,3,
2018-08-20,20.562667846679688,0.0096236195564358,7.908730279831658e-05,1.0,10.0,0.8939597315436242,1.0,0.8860892617379506,0.10604026845637583,3,3,
2018-08-21,21.459999084472656,0.0436388529194602,8.075397165994795e-05,1.0,10.0,0.8939597315436242,1.0,0.92735464625553,0.10604026845637583,3,3,
2018-08-22,21.44266700744629,-0.0008076457486387,8.075397165994795e-05,1.0,10.0,0.8939597315436242,1.0,0.9329196175646446,0.10604026845637583,3,3,
2018-08-23,21.34000015258789,-0.0047879703967209,8.06746028718494e-05,1.0,10.0,0.8939597315436242,1.0,0.9390215823216224,0.10604026845637583,3,3,
2018-08-24,21.521333694458008,0.0084973542911679,8.12698451299516e-05,1.0,10.0,0.8939597315436242,1.0,0.9494114438937138,0.10604026845637583,3,3,
2018-08-27,21.284666061401367,-0.0109968850637535,8.174602947537861e-05,1.0,10.0,0.8939597315436242,1.0,0.9421946646264838,0.10604026845637583,3,3,
2018-08-28,20.790666580200195,-0.0232091722640184,8.246032018510122e-05,1.0,10.0,0.8939597315436242,1.0,0.9315889885282486,0.10604026845637583,3,3,
2018-08-29,20.333999633789062,-0.0219649978344627,8.253967951214503e-05,1.0,10.0,0.8939597315436242,1.0,0.91478595024883,0.10604026845637583,3,3,
2018-08-30,20.209999084472656,-0.0060981878405443,8.16666701483348e-05,1.0,10.0,0.8939597315436242,1.0,0.9166218241592196,0.10604026845637583,3,3,
2018-08-31,20.11066627502441,-0.0049150328524538,8.154762169671437e-05,1.0,10.0,0.8939597315436242,1.0,0.9193261663663072,0.10604026845637583,3,3,
2018-09-04,19.26333236694336,-0.0421335572125405,8.206349516671802e-05,1.0,10.0,0.8939597315436242,1.0,0.8772304873928655,0.10604026845637583,3,3,
2018-09-05,18.715999603271484,-0.0284131921334191,8.293650453052823e-05,1.0,10.0,0.8939597315436242,1.0,0.8565254576004568,0.10604026845637583,3,3,
2018-09-06,18.729999542236328,0.0007480198365892,8.253967951214503e-05,1.0,10.0,0.8939597315436242,1.0,0.8696219592657201,0.10604026845637583,3,3,
2018-09-07,17.549333572387695,-0.0630360917621071,8.285714520348445e-05,1.0,10.0,0.8939597315436242,1.0,0.812272397677466,0.10604026845637583,3,3,
2018-09-10,19.03333282470703,0.0845615730191757,8.265872796376547e-05,1.0,10.0,0.8939597315436242,1.0,0.900791868696451,0.10604026845637583,3,3,
2018-09-11,18.62933349609375,-0.0212258847325389,8.365079524025083e-05,1.0,10.0,0.8939597315436242,1.0,0.8862450411244286,0.10604026845637583,3,3,
2018-09-12,19.36933326721192,0.039722289113206,8.353174678863042e-05,1.0,10.0,0.8939597315436242,1.0,0.9198546501001054,0.10604026845637583,3,3,
2018-09-13,19.297332763671875,-0.0037172422275333,8.305555298214868e-05,1.0,10.0,0.8939597315436242,1.0,0.9221945743925738,0.10604026845637583,3,3,
2018-09-14,19.68000030517578,0.0198300742486181,8.345237800053192e-05,1.0,10.0,0.8939597315436242,1.0,0.9318199334463152,0.10604026845637583,3,3,
2018-09-17,19.6560001373291,-0.0012195207050056,8.365079524025083e-05,1.0,10.0,0.8939597315436242,1.0,0.9345473044824328,0.10604026845637583,3,3,
2018-09-18,18.997333526611328,-0.0335096970958443,8.432539682539683e-05,1.0,10.0,0.8939597315436242,1.0,0.914087024431992,0.10604026845637583,3,3,
2018-09-19,19.93466758728028,0.0493402960660738,8.412697958567786e-05,1.0,10.0,0.8939597315436242,1.0,0.925534395999936,0.10604026845637583,3,3,
2018-09-20,19.8886661529541,-0.0023076098021083,8.404762025863405e-05,1.0,10.0,0.8939597315436242,1.0,0.9323793579425286,0.10604026845637583,3,3,
2018-09-21,19.940000534057617,0.0025810871734046,8.42460280372983e-05,1.0,10.0,0.8939597315436242,1.0,0.9368955360470542,0.10604026845637583,3,3,
2018-09-24,19.978666305541992,0.0019391058399589,8.42460280372983e-05,1.0,10.0,0.8939597315436242,1.0,0.9413469747752676,0.10604026845637583,3,3,
2018-09-25,20.06599998474121,0.0043713468088204,8.603174535055008e-05,1.0,10.0,0.8939597315436242,1.0,0.9460952511959592,0.10604026845637583,3,3,
2018-09-26,20.6386661529541,0.0285391293057093,8.571428912026542e-05,1.0,10.0,0.8939597315436242,1.0,0.9286864345096734,0.10604026845637583,3,3,
2018-09-27,20.501333236694336,-0.006654156583666,8.4920639083499e-05,1.0,10.0,0.8939597315436242,1.0,0.9493953192700032,0.10604026845637583,3,3,
2018-09-28,17.65133285522461,-0.1390153678575718,8.531746410188223e-05,1.0,10.0,0.8939597315436242,1.0,0.8331965850136391,0.10604026845637583,3,3,
2018-10-01,20.71333312988281,0.1734713349848751,8.551587188054645e-05,1.0,10.0,0.8939597315436242,1.0,0.7802038368181893,0.10604026845637583,3,3,
2018-10-02,20.06800079345703,-0.031155407600468,8.630952191731287e-05,1.0,10.0,0.8939597315436242,1.0,0.8533302734329721,0.10604026845637583,3,3,
2018-10-03,19.65333366394043,-0.0206631011122842,8.611111413864862e-05,1.0,10.0,0.8939597315436242,1.0,0.8762791142537439,0.10604026845637583,3,3,
2018-10-04,18.788667678833008,-0.0439958940245285,8.611111413864862e-05,1.0,10.0,0.8939597315436242,1.0,0.8712714419796013,0.10604026845637583,3,3,
2018-10-05,17.463333129882812,-0.0705390382971803,8.591269689892968e-05,1.0,10.0,0.8939597315436242,1.0,0.8193765556989688,0.10604026845637583,3,3,
2018-10-08,16.70400047302246,-0.0434815422240901,8.591269689892968e-05,1.0,10.0,0.8939597315436242,1.0,0.7932550034355896,0.10604026845637583,3,3,
2018-10-09,17.520000457763672,0.0488505724158161,8.670634693569607e-05,1.0,10.0,0.8939597315436242,1.0,0.8420917584291466,0.10604026845637583,3,3,
2018-10-10,17.125333786010742,-0.0225266359270007,8.809523923056466e-05,1.0,10.0,0.8939597315436242,1.0,0.8317698962578992,0.10604026845637583,3,3,
2018-10-11,16.815332412719727,-0.0181019171459447,8.78968219908457e-05,1.0,10.0,0.8939597315436242,1.0,0.8253599480240977,0.10604026845637583,3,3,
2018-10-12,17.25200080871582,0.0259684664732398,8.801587044246613e-05,1.0,10.0,0.8939597315436242,1.0,0.8551097020169512,0.10604026845637583,3,3,
2018-10-15,17.305999755859375,0.0031300107009195,8.849206424894787e-05,1.0,10.0,0.8939597315436242,1.0,0.8660743947882644,0.10604026845637583,3,3,
2018-10-16,18.439332962036133,0.065487878317636,8.96825393040975e-05,1.0,10.0,0.8939597315436242,1.0,0.8815139383890984,0.10604026845637583,3,3,
2018-10-17,18.118667602539062,-0.017390290644313,8.96825393040975e-05,1.0,10.0,0.8939597315436242,1.0,0.8886772530108707,0.10604026845637583,3,3,
2018-10-18,17.5939998626709,-0.0289573025664778,8.948413152543324e-05,1.0,10.0,0.8939597315436242,1.0,0.8815820364437039,0.10604026845637583,3,3,
2018-10-19,17.333332061767578,-0.0148157214356001,8.96825393040975e-05,1.0,10.0,0.8939597315436242,1.0,0.8753090504497619,0.10604026845637583,3,3,
2018-10-22,17.39666748046875,0.0036539667315824,8.960317051599896e-05,1.0,10.0,0.8939597315436242,1.0,0.8860181181311857,0.10604026845637583,3,3,
2018-10-23,19.60933303833008,0.1271890470025649,9.087301435924712e-05,1.0,10.0,0.8939597315436242,1.0,0.7617896088979581,0.10604026845637583,3,3,
2018-10-24,19.233333587646484,-0.0191745150102063,9.067460658058287e-05,1.0,10.0,0.8939597315436242,1.0,0.8251854825393984,0.10604026845637583,3,3,
2018-10-25,20.99066734313965,0.0913691715211497,9.047618934086392e-05,1.0,10.0,0.8939597315436242,1.0,0.586062630085088,0.10604026845637583,3,3,
2018-10-26,22.059999465942383,0.0509432170650936,9.019841277410112e-05,1.0,10.0,0.8939597315436242,1.0,0.4725311236644161,0.10604026845637583,3,3,
2018-10-29,22.32333374023437,0.0119371840737594,8.96825393040975e-05,1.0,10.0,0.8939597315436242,1.0,0.4734443397559472,0.10604026845637583,3,3,
2018-10-30,21.99333381652832,-0.0147827348525133,9.059523779248432e-05,1.0,10.0,0.8939597315436242,1.0,0.560456817528264,0.10604026845637583,3,3,
2018-10-31,22.488000869750977,0.0224916812225577,9.03968300138201e-05,1.0,10.0,0.8939597315436242,1.0,0.5222626301126623,0.10604026845637583,3,3,
2018-11-01,22.95199966430664,0.0206331722078416,9.00793643224807e-05,1.0,10.0,0.8939597315436242,1.0,0.4904048397168725,0.10604026845637583,3,3,
2018-11-02,23.0939998626709,0.0061868334106456,9.019841277410112e-05,1.0,10.0,0.8939597315436242,1.0,0.5098754653643124,0.10604026845637583,3,3,
2018-11-05,22.76000022888184,-0.0144626152149994,8.999999553438216e-05,1.0,10.0,0.8939597315436242,1.0,0.6139443305098986,0.10604026845637583,3,3,
2018-11-06,22.73733329772949,-0.0009959108490511,9.166666439601352e-05,1.0,10.0,0.8939597315436242,1.0,0.6621797618110928,0.10604026845637583,3,3,
2018-11-07,23.21066665649414,0.0208174526258941,9.166666439601352e-05,1.0,10.0,0.8939597315436242,1.0,0.6045541396342989,0.10604026845637583,3,3,
2018-11-08,23.426666259765625,0.0093060490880407,9.138888782925076e-05,1.0,10.0,0.8939597315436242,1.0,0.6069302774658987,0.10604026845637583,3,3,
2018-11-09,23.367332458496094,-0.0025327462564075,9.126983937763032e-05,1.0,10.0,0.8939597315436242,1.0,0.6617150318392502,0.10604026845637583,3,3,
2018-11-12,22.0853328704834,-0.0548628984626173,9.126983937763032e-05,1.0,10.0,0.8939597315436242,1.0,0.8870868705372199,0.10604026845637583,3,3,
2018-11-13,22.582000732421875,0.0224885839326542,9.107143159896608e-05,1.0,10.0,0.8939597315436242,1.0,0.8435747899311546,0.10604026845637583,3,3,
2018-11-14,22.933332443237305,0.0155580417775387,9.226190665411572e-05,1.0,10.0,0.8939597315436242,1.0,0.808400545889126,0.10604026845637583,3,3,
2018-11-15,23.22933387756348,0.0129070397884307,9.166666439601352e-05,1.0,10.0,0.8939597315436242,1.0,0.7750249826512672,0.10604026845637583,3,3,
2018-11-16,23.62066650390625,0.0168464850694984,9.126983937763032e-05,1.0,10.0,0.8939597315436242,1.0,0.7225464199176831,0.10604026845637583,3,3,
2018-11-19,23.564666748046875,-0.0023707949075066,9.126983937763032e-05,1.0,10.0,0.8939597315436242,1.0,0.772385401127977,0.10604026845637583,3,3,
2018-11-20,23.166000366210938,-0.0169179724075232,9.265873167249892e-05,1.0,10.0,0.8939597315436242,1.0,0.8499055239337117,0.10604026845637583,3,3,
2018-11-21,22.54599952697754,-0.0267633959005589,9.325396446954637e-05,1.0,10.0,0.8939597315436242,1.0,0.920574153064697,0.10604026845637583,3,3,
2018-11-23,21.722000122070312,-0.0365474772551673,9.317460514250255e-05,1.0,10.0,0.8939597315436242,1.0,0.9304841189803112,0.10604026845637583,3,3,
2018-11-26,23.06666755676269,0.0619034815917411,9.297618790278358e-05,1.0,10.0,0.8939597315436242,1.0,0.8689749759202594,0.10604026845637583,3,3,
2018-11-27,22.92799949645996,-0.0060116208794137,9.337301292116682e-05,1.0,10.0,0.8939597315436242,1.0,0.8931412516216949,0.10604026845637583,3,3,
2018-11-28,23.19133377075196,0.0114852704150074,9.265873167249892e-05,1.0,10.0,0.8939597315436242,1.0,0.8682735544508265,0.10604026845637583,3,3,
2018-11-29,22.744667053222656,-0.0192600702462668,9.166666439601352e-05,1.0,10.0,0.8939597315436242,1.0,0.9239201557146082,0.10604026845637583,3,3,
2018-11-30,23.365333557128903,0.0272884409542633,9.158730506896972e-05,1.0,10.0,0.8939597315436242,1.0,0.8650772119799001,0.10604026845637583,3,3,
2018-12-03,23.89933204650879,0.0228543062770425,9.07936550322033e-05,1.0,10.0,0.8939597315436242,1.0,0.8039952231207435,0.10604026845637583,3,3,
2018-12-04,23.979999542236328,0.0033753033587113,9.384920672764854e-05,1.0,10.0,0.8939597315436242,1.0,0.8151562093085825,0.10604026845637583,3,3,
2018-12-06,24.20400047302246,0.0093411565914167,9.337301292116682e-05,1.0,10.0,0.8939597315436242,1.0,0.7956601433887897,0.10604026845637583,3,3,
2018-12-07,23.86466789245605,-0.0140196898832747,9.285713945116316e-05,1.0,10.0,0.8939597315436242,1.0,0.8747567531368674,0.10604026845637583,3,3,
2018-12-10,24.34333229064941,0.0200574506358277,9.246031443277996e-05,1.0,10.0,0.8939597315436242,1.0,0.8119960697398491,0.10604026845637583,3,3,
2018-12-11,24.450666427612305,0.0044091801270824,9.404761450631278e-05,1.0,10.0,0.8939597315436242,1.0,0.8155833905876263,0.10604026845637583,3,3,
2018-12-12,24.440000534057617,-0.0004362209752549,9.424603174603177e-05,1.0,10.0,0.8939597315436242,1.0,0.8416033580084884,0.10604026845637583,3,3,
2018-12-13,25.11933326721192,0.0277959377377117,9.376983793955e-05,1.0,10.0,0.8939597315436242,1.0,0.7379749430534616,0.10604026845637583,3,3,
2018-12-14,24.38066673278809,-0.0294062954046637,9.396825517926896e-05,1.0,10.0,0.8939597315436242,1.0,0.8861054425422815,0.10604026845637583,3,3,
2018-12-17,23.22800064086914,-0.0472778740857319,9.285713945116316e-05,1.0,10.0,0.8939597315436242,1.0,0.9454832429210668,0.10604026845637583,3,3,
2018-12-18,22.46866607666016,-0.0326904831780032,9.238095510573614e-05,1.0,10.0,0.8939597315436242,1.0,0.9306699083292624,0.10604026845637583,3,3,
2018-12-19,22.19799995422364,-0.0120463814590969,9.277778012411937e-05,1.0,10.0,0.8939597315436242,1.0,0.925753023818108,0.10604026845637583,3,3,
2018-12-20,21.025333404541016,-0.0528275769033641,9.265873167249892e-05,1.0,10.0,0.8939597315436242,1.0,0.8731334997383325,0.10604026845637583,3,3,
2018-12-21,21.31800079345703,0.013919750202525,9.246031443277996e-05,1.0,10.0,0.8939597315436242,1.0,0.9082602994967794,0.10604026845637583,3,3,
2018-12-24,19.69266700744629,-0.0762423175492887,9.257936288440038e-05,1.0,10.0,0.8939597315436242,1.0,0.8280941680393983,0.10604026845637583,3,3,
2018-12-26,21.73933219909668,0.1039303204018275,9.444444898575072e-05,1.0,10.0,0.8939597315436242,1.0,0.9353702539104802,0.10604026845637583,3,3,
2018-12-27,21.07533264160156,-0.0305436961638918,9.317460514250255e-05,1.0,10.0,0.8939597315436242,1.0,0.9208521347078428,0.10604026845637583,3,3,
2018-12-28,22.257999420166016,0.0561161618977219,9.238095510573614e-05,1.0,10.0,0.8939597315436242,1.0,0.9362842392756028,0.10604026845637583,3,3,
2018-12-31,22.18666648864746,-0.0032048222381534,9.126983937763032e-05,1.0,10.0,0.8939597315436242,1.0,0.9441835129177072,0.10604026845637583,3,3,
2019-01-02,20.67466735839844,-0.0681489998068292,9.384920672764854e-05,1.0,20.0,0.9715776218744379,0.0,0.0774555778406954,0.028422378125562153,2,3,
2019-01-03,20.02400016784668,-0.0314717126651833,9.345238170926534e-05,1.0,20.0,0.13095238095238093,0.0,0.0999337185341632,0.8690476190476191,1,3,
2019-01-04,21.179332733154297,0.0576973909120706,9.357143016088576e-05,0.0,20.0,0.028422378125562153,0.0,0.047536573864413,0.028422378125562153,2,2,
2019-01-07,22.33066749572754,0.0543612387169749,9.337301292116682e-05,0.0,20.0,0.028422378125562153,0.0,0.0654092695182273,0.028422378125562153,2,2,
2019-01-08,22.356666564941406,0.001164276402344,9.523809902251714e-05,0.0,20.0,0.028422378125562153,0.0,0.0558130261649931,0.028422378125562153,2,2,
2019-01-09,22.568666458129883,0.0094826253535007,9.484127400413393e-05,0.0,20.0,0.028422378125562153,0.0,0.0583193024976752,0.028422378125562153,2,2,
2019-01-10,22.99799919128418,0.0190233983895684,9.424603174603177e-05,0.0,20.0,0.028422378125562153,0.0,0.0872005544738328,0.028422378125562153,2,2,
2019-01-11,23.15066719055176,0.0066383165769237,9.404761450631278e-05,0.0,20.0,0.028422378125562153,0.0,0.0952049361761618,0.028422378125562153,2,2,
2019-01-14,22.293333053588867,-0.0370328047095243,9.365078948792958e-05,0.0,20.0,0.028422378125562153,0.0,0.0358836438966946,0.028422378125562153,2,2,
2019-01-15,22.96199989318848,0.0299940272722911,9.45634879763164e-05,0.0,20.0,0.028422378125562153,0.0,0.0584229059915525,0.028422378125562153,2,2,
2019-01-16,23.06999969482422,0.0047034144298456,9.376983793955e-05,0.0,20.0,0.028422378125562153,0.0,0.0508145516004671,0.028422378125562153,2,2,
2019-01-17,23.15399932861328,0.0036410765019605,9.345238170926534e-05,0.0,20.0,0.028422378125562153,0.0,0.0462330244245689,0.028422378125562153,2,2,
2019-01-18,20.15066719055176,-0.1297111611448506,9.317460514250255e-05,0.0,20.0,0.028422378125562153,0.0,0.1155975613321327,0.028422378125562153,2,2,
2019-01-22,19.92799949645996,-0.0110501400269369,9.305555669088212e-05,0.0,20.0,0.028422378125562153,0.0,0.1148597865089556,0.028422378125562153,2,2,
2019-01-23,19.172666549682617,-0.0379030994511778,9.337301292116682e-05,0.0,20.0,0.028422378125562153,0.0,0.1419840903784118,0.028422378125562153,2,2,
2019-01-24,19.43400001525879,0.0136305226452966,9.14682566173493e-05,0.0,20.0,0.028422378125562153,0.0,0.1141336337143945,0.028422378125562153,2,2,
2019-01-25,19.80266761779785,0.0189702378434495,9.238095510573614e-05,0.0,20.0,0.028422378125562153,0.0,0.0863741611022433,0.028422378125562153,2,2,
2019-01-28,19.7586669921875,-0.0022219544588429,9.257936288440038e-05,0.0,20.0,0.028422378125562153,0.0,0.0846709765419779,0.028422378125562153,2,2,
2019-01-29,19.83066749572754,0.0036439960027925,9.384920672764854e-05,0.0,20.0,0.028422378125562153,0.0,0.0784011419574447,0.028422378125562153,2,2,
2019-01-30,20.584667205810547,0.038021902704256,9.384920672764854e-05,0.0,20.0,0.028422378125562153,0.0,0.0616394507122172,0.028422378125562153,2,2,
2019-01-31,20.468000411987305,-0.0056676550879729,9.285713945116316e-05,0.0,20.0,0.028422378125562153,0.0,0.0653806049073919,0.028422378125562153,2,2,
2019-02-01,20.81399917602539,0.0169043754677398,9.285713945116316e-05,0.0,20.0,0.028422378125562153,0.0,0.0616405941910474,0.028422378125562153,2,2,
2019-02-04,20.85933303833008,0.0021780467041099,9.265873167249892e-05,0.0,20.0,0.028422378125562153,0.0,0.0652153669950175,0.028422378125562153,2,2,
2019-02-05,21.42333221435547,0.0270382171370968,9.384920672764854e-05,0.0,20.0,0.028422378125562153,0.0,0.081793858675394,0.028422378125562153,2,2,
2019-02-06,21.14800071716309,-0.0128519454600943,9.384920672764854e-05,0.0,20.0,0.028422378125562153,0.0,0.0552228838688365,0.028422378125562153,2,2,
2019-02-07,20.500667572021484,-0.0306096615845227,9.345238170926534e-05,0.0,20.0,0.028422378125562153,0.0,0.0543962939888987,0.028422378125562153,2,2,
2019-02-08,20.38666725158692,-0.00556081015577,9.384920672764854e-05,0.0,20.0,0.028422378125562153,0.0,0.0608484946851497,0.028422378125562153,2,2,
2019-02-11,20.856000900268555,0.023021597541653,9.424603174603177e-05,0.0,20.0,0.028422378125562153,0.0,0.0437210969442405,0.028422378125562153,2,2,
2019-02-12,20.78733253479004,-0.0032924991616025,9.436508019765218e-05,0.0,20.0,0.028422378125562153,0.0,0.037133823073426,0.028422378125562153,2,2,
2019-02-13,20.544666290283203,-0.0116737558366715,9.41666629579332e-05,0.0,20.0,0.028422378125562153,0.0,0.0383881206784256,0.028422378125562153,2,2,
2019-02-14,20.251333236694336,-0.0142778203084078,9.41666629579332e-05,0.0,20.0,0.028422378125562153,0.0,0.0455129031319064,0.028422378125562153,2,2,
2019-02-15,20.525333404541016,0.0135299816878331,9.404761450631278e-05,0.0,20.0,0.028422378125562153,0.0,0.0421407164152283,0.028422378125562153,2,2,
2019-02-19,20.3759994506836,-0.0072755921141031,9.41666629579332e-05,0.0,20.0,0.028422378125562153,0.0,0.0381827400780518,0.028422378125562153,2,2,
2019-02-20,20.17066764831543,-0.0100771401601742,9.45634879763164e-05,0.0,20.0,0.028422378125562153,0.0,0.0438317166260003,0.028422378125562153,2,2,
2019-02-21,19.415332794189453,-0.0374471915008256,9.503968178279816e-05,0.0,20.0,0.028422378125562153,0.0,0.0733682506969453,0.028422378125562153,2,2,
2019-02-22,19.6473331451416,0.0119493368159819,9.496031299469964e-05,0.0,20.0,0.028422378125562153,0.0,0.056650482805236,0.028422378125562153,2,2,
2019-02-25,19.917999267578125,0.0137762270551946,9.496031299469964e-05,0.0,20.0,0.028422378125562153,0.0,0.0422622086925059,0.028422378125562153,2,2,
2019-02-26,19.85733222961425,-0.0030458399535452,9.523809902251714e-05,0.0,20.0,0.028422378125562153,0.0,0.0438069601038608,0.028422378125562153,2,2,
2019-02-27,20.98266792297364,0.0566710412228042,9.496031299469964e-05,0.0,20.0,0.028422378125562153,0.0,0.0336606944324513,0.028422378125562153,2,2,
2019-02-28,21.32533264160156,0.0163308460051803,9.45634879763164e-05,0.0,20.0,0.028422378125562153,0.0,0.0487133721474164,0.028422378125562153,2,2,
2019-03-01,19.652666091918945,-0.0784356604323052,9.436508019765218e-05,0.0,20.0,0.028422378125562153,0.0,0.0607990417838725,0.028422378125562153,2,2,
2019-03-04,19.02400016784668,-0.0319888365849134,9.424603174603177e-05,0.0,20.0,0.028422378125562153,0.0,0.0867548480164622,0.028422378125562153,2,2,
2019-03-05,18.43600082397461,-0.0309082915624587,9.523809902251714e-05,0.0,20.0,0.028422378125562153,0.0,0.113815780599817,0.028422378125562153,2,2,
2019-03-06,18.416000366210938,-0.0010848588017886,9.543650680118136e-05,0.0,20.0,0.028422378125562153,0.0,0.1068011293516265,0.028422378125562153,2,2,
2019-03-07,18.439332962036133,0.001266974118224,9.503968178279816e-05,0.0,20.0,0.028422378125562153,0.0,0.0960489372108581,0.028422378125562153,2,2,
2019-03-08,18.94266700744629,0.0272967599449744,9.496031299469964e-05,0.0,20.0,0.028422378125562153,0.0,0.064551595761049,0.028422378125562153,2,2,
2019-03-11,19.39466667175293,0.0238614585860037,9.444444898575072e-05,0.0,20.0,0.028422378125562153,0.0,0.0480785031400107,0.028422378125562153,2,2,
2019-03-12,18.89066696166992,-0.0259865105501944,9.503968178279816e-05,0.0,20.0,0.028422378125562153,0.0,0.0626977636315167,0.028422378125562153,2,2,
2019-03-13,19.263999938964844,0.0197628266938607,9.47619052160354e-05,0.0,20.0,0.028422378125562153,0.0,0.0475257820916325,0.028422378125562153,2,2,
2019-03-14,19.33066749572754,0.0034607328163371,9.47619052160354e-05,0.0,20.0,0.028422378125562153,0.0,0.0419782617685489,0.028422378125562153,2,2,
2019-03-15,18.36199951171875,-0.0501104260482926,9.47619052160354e-05,0.0,20.0,0.028422378125562153,0.0,0.0820429520448845,0.028422378125562153,2,2,
2019-03-18,17.965999603271484,-0.0215662737707043,9.464285676441495e-05,0.0,20.0,0.028422378125562153,0.0,0.0977654488816483,0.028422378125562153,2,2,
2019-03-19,17.83133316040039,-0.0074956276213304,9.543650680118136e-05,0.0,20.0,0.028422378125562153,0.0,0.0986188537420881,0.028422378125562153,2,2,
2019-03-20,18.239999771118164,0.0229184552294348,9.55555552528018e-05,0.0,20.0,0.028422378125562153,0.0,0.0701033611935156,0.028422378125562153,2,2,
2019-03-21,18.26799964904785,0.0015350810461096,9.55555552528018e-05,0.0,20.0,0.028422378125562153,0.0,0.0649126346967949,0.028422378125562153,2,2,
2019-03-22,17.635332107543945,-0.0346325571304071,9.51587302344186e-05,0.0,20.0,0.028422378125562153,0.0,0.093601441880661,0.028422378125562153,2,2,
2019-03-25,17.3613338470459,-0.0155368925760597,9.484127400413393e-05,0.0,20.0,0.028422378125562153,0.0,0.103145075103497,0.028422378125562153,2,2,
2019-03-26,17.851333618164062,0.0282236247188771,9.543650680118136e-05,0.0,20.0,0.028422378125562153,0.0,0.071769589651105,0.028422378125562153,2,2,
2019-03-27,18.32200050354004,0.0263659228740795,9.436508019765218e-05,0.0,20.0,0.028422378125562153,0.0,0.0526506644968702,0.028422378125562153,2,2,
2019-03-28,18.57466697692871,0.0137903321932477,9.404761450631278e-05,0.0,20.0,0.028422378125562153,0.0,0.0464305434549242,0.028422378125562153,2,2,
2019-03-29,18.65733337402344,0.0044504914783887,9.238095510573614e-05,0.0,20.0,0.028422378125562153,0.0,0.0487541803897103,0.028422378125562153,2,2,
2019-04-01,19.27866744995117,0.0333024051975621,9.218253786601717e-05,0.0,20.0,0.028422378125562153,0.0,0.0585111498021652,0.028422378125562153,2,2,
2019-04-02,19.058666229248047,-0.0114116404193527,9.404761450631278e-05,0.0,20.0,0.028422378125562153,0.0,0.0460385354041707,0.028422378125562153,2,2,
2019-04-03,19.45400047302246,0.0207430173244611,9.41666629579332e-05,0.0,20.0,0.028422378125562153,0.0,0.0477420728477414,0.028422378125562153,2,2,
2019-04-04,17.851999282836914,-0.0823481623950352,9.404761450631278e-05,0.0,20.0,0.028422378125562153,0.0,0.084275972058974,0.028422378125562153,2,2,
2019-04-05,18.33066749572754,0.0268131431839582,9.404761450631278e-05,0.0,20.0,0.028422378125562153,0.0,0.0680000177551808,0.028422378125562153,2,2,
2019-04-08,18.21333312988281,-0.0064009870820076,9.384920672764854e-05,0.0,20.0,0.028422378125562153,0.0,0.0645671013641546,0.028422378125562153,2,2,
2019-04-09,18.15399932861328,-0.0032577124047754,9.384920672764854e-05,0.0,20.0,0.028422378125562153,0.0,0.0637373805374851,0.028422378125562153,2,2,
2019-04-10,18.40399932861328,0.0137710702459905,9.376983793955e-05,0.0,20.0,0.028422378125562153,0.0,0.0540984459967515,0.028422378125562153,2,2,
2019-04-11,17.89466667175293,-0.0276751073375923,9.384920672764854e-05,0.0,20.0,0.028422378125562153,0.0,0.0712972751849618,0.028422378125562153,2,2,
2019-04-12,17.84666633605957,-0.0026823822188948,9.424603174603177e-05,0.0,20.0,0.028422378125562153,0.0,0.0674668612739973,0.028422378125562153,2,2,
2019-04-15,17.7586669921875,-0.0049308561170477,9.365078948792958e-05,0.0,20.0,0.028422378125562153,0.0,0.072063685983613,0.028422378125562153,2,2,
2019-04-16,18.224000930786133,0.0262032020085372,9.436508019765218e-05,0.0,20.0,0.028422378125562153,0.0,0.056595585505197,0.028422378125562153,2,2,
2019-04-17,18.082000732421875,-0.0077919332260554,9.444444898575072e-05,0.0,20.0,0.028422378125562153,0.0,0.0576264446386322,0.028422378125562153,2,2,
2019-04-18,18.21733283996582,0.0074843547208405,9.384920672764854e-05,0.0,20.0,0.028422378125562153,0.0,0.0524996110757147,0.028422378125562153,2,2,
2019-04-22,17.516666412353516,-0.038461526380808,9.424603174603177e-05,0.0,20.0,0.028422378125562153,0.0,0.0732910215468289,0.028422378125562153,2,2,
2019-04-23,17.593332290649414,0.004376739071872,9.484127400413393e-05,0.0,20.0,0.028422378125562153,0.0,0.0688715492368223,0.028422378125562153,2,2,
2019-04-24,17.243999481201172,-0.0198559774622063,9.424603174603177e-05,0.0,20.0,0.028422378125562153,0.0,0.0806170306598089,0.028422378125562153,2,2,
2019-04-25,16.5086669921875,-0.0426428039397303,9.384920672764854e-05,0.0,20.0,0.028422378125562153,0.0,0.1184758102967844,0.028422378125562153,2,2,
2019-04-26,15.675999641418455,-0.0504381941414829,9.365078948792958e-05,0.0,20.0,0.028422378125562153,0.0,0.1601998764817799,0.028422378125562153,2,2,
2019-04-29,16.097999572753906,0.0269201289224618,9.365078948792958e-05,0.0,20.0,0.028422378125562153,0.0,0.1242939307481137,0.028422378125562153,2,2,
2019-04-30,15.912667274475098,-0.0115127533356682,9.396825517926896e-05,0.0,20.0,0.028422378125562153,0.0,0.1279327631631662,0.028422378125562153,2,2,
2019-05-01,15.600666999816896,-0.0196070381713233,9.376983793955e-05,0.0,20.0,0.028422378125562153,0.0,0.1388294234236683,0.028422378125562153,2,2,
2019-05-02,16.273332595825195,0.0431177459281832,9.41666629579332e-05,0.0,20.0,0.028422378125562153,0.0,0.095074708487281,0.028422378125562153,2,2,
2019-05-03,17.00200080871582,0.0447768278931113,9.396825517926896e-05,0.0,20.0,0.028422378125562153,0.0,0.0690980781966268,0.028422378125562153,2,2,
2019-05-06,17.022666931152344,0.0012155112018303,9.376983793955e-05,0.0,20.0,0.028422378125562153,0.0,0.0665899820920926,0.028422378125562153,2,2,
2019-05-07,16.470666885375977,-0.032427353951582,9.396825517926896e-05,0.0,20.0,0.028422378125562153,0.0,0.0810959083862955,0.028422378125562153,2,2,
2019-05-08,16.32266616821289,-0.0089857149193207,9.404761450631278e-05,0.0,20.0,0.028422378125562153,0.0,0.084864398360856,0.028422378125562153,2,2,
2019-05-09,16.131999969482422,-0.0116810695486608,9.404761450631278e-05,0.0,20.0,0.028422378125562153,0.0,0.0901225064963891,0.028422378125562153,2,2,
2019-05-10,15.968000411987305,-0.0101661020211605,9.404761450631278e-05,0.0,20.0,0.028422378125562153,0.0,0.0949752319477345,0.028422378125562153,2,2,
2019-05-13,15.133999824523926,-0.0522294943603137,9.325396446954637e-05,0.0,20.0,0.028422378125562153,0.0,0.1367436271067946,0.028422378125562153,2,2,
2019-05-14,15.487333297729492,0.0233469986323777,9.337301292116682e-05,0.0,20.0,0.028422378125562153,0.0,0.1098126910101637,0.028422378125562153,2,2,
2019-05-15,15.463333129882812,-0.0015496643215006,9.325396446954637e-05,0.0,20.0,0.028422378125562153,0.0,0.108259401598462,0.028422378125562153,2,2,
2019-05-16,15.222000122070312,-0.0156067909670861,9.277778012411937e-05,0.0,20.0,0.028422378125562153,0.0,0.1163264085622421,0.028422378125562153,2,2,
2019-05-17,14.0686674118042,-0.075767487913359,9.246031443277996e-05,0.0,20.0,0.028422378125562153,0.0,0.1761870199541751,0.028422378125562153,2,2,
2019-05-20,13.690667152404783,-0.026868234803977,9.206348941439676e-05,0.0,20.0,0.028422378125562153,0.0,0.1900199273591437,0.028422378125562153,2,2,
2019-05-21,13.67199993133545,-0.0013634997375606,9.246031443277996e-05,0.0,20.0,0.028422378125562153,0.0,0.1844272140559556,0.028422378125562153,2,2,
2019-05-22,12.84866714477539,-0.060220362104671,9.206348941439676e-05,0.0,20.0,0.028422378125562153,0.0,0.2180682192401904,0.028422378125562153,2,2,
2019-05-23,13.03266716003418,0.0143205527223582,9.138888782925076e-05,0.0,20.0,0.028422378125562153,0.0,0.1980639200547752,0.028422378125562153,2,2,
2019-05-24,12.708666801452637,-0.0248606332535766,9.07936550322033e-05,0.0,20.0,0.028422378125562153,0.0,0.2060882628855087,0.028422378125562153,2,2,
2019-05-28,12.579999923706056,-0.0101243411096334,9.119048005058652e-05,0.0,20.0,0.028422378125562153,0.0,0.2041922440871848,0.028422378125562153,2,2,
2019-05-29,12.657333374023438,0.0061473331308732,9.119048005058652e-05,0.0,20.0,0.028422378125562153,0.0,0.1913514077572976,0.028422378125562153,2,2,
2019-05-30,12.54800033569336,-0.0086379204133519,9.166666439601352e-05,0.0,20.0,0.028422378125562153,0.0,0.188525983646151,0.028422378125562153,2,2,
2019-05-31,12.343999862670898,-0.0162576081897425,9.099206281086756e-05,0.0,20.0,0.028422378125562153,0.0,0.1930894845432777,0.028422378125562153,2,2,
2019-06-03,11.9313325881958,-0.0334305961654318,9.047618934086392e-05,0.0,20.0,0.028422378125562153,0.0,0.2083540875767332,0.028422378125562153,2,2,
2019-06-04,12.90666675567627,0.0817456189634182,9.107143159896608e-05,0.0,20.0,0.028422378125562153,0.0,0.1557066685583535,0.028422378125562153,2,2,
2019-06-05,13.105999946594238,0.0154442037352753,9.067460658058287e-05,0.0,20.0,0.028422378125562153,0.0,0.145189410253341,0.028422378125562153,2,2,
2019-06-06,13.729999542236328,0.0476117502048552,8.948413152543324e-05,0.0,20.0,0.028422378125562153,0.0,0.1327558251333545,0.028422378125562153,2,2,
2019-06-07,13.633333206176758,-0.0070405199768728,8.78968219908457e-05,0.0,20.0,0.028422378125562153,0.0,0.132528430982026,0.028422378125562153,2,2,
2019-06-10,14.19200038909912,0.0409780333593878,8.809523923056466e-05,0.0,20.0,0.028422378125562153,0.0,0.1307671476885967,0.028422378125562153,2,2,
2019-06-11,14.473333358764648,0.0198233485028382,8.78174626638019e-05,0.0,20.0,0.028422378125562153,0.0,0.1298054541828115,0.028422378125562153,2,2,
2019-06-12,13.95066738128662,-0.0361123429221311,8.591269689892968e-05,0.0,20.0,0.028422378125562153,0.0,0.122282908235695,0.028422378125562153,2,2,
2019-06-13,14.260666847229004,0.0222211208589357,8.4920639083499e-05,0.0,20.0,0.028422378125562153,0.0,0.115290504157342,0.028422378125562153,2,2,
2019-06-14,14.32800006866455,0.0047216039864665,8.432539682539683e-05,0.0,20.0,0.028422378125562153,0.0,0.109158044321151,0.028422378125562153,2,2,
2019-06-17,15.001999855041504,0.047040744217401,8.484127029540047e-05,0.0,20.0,0.028422378125562153,0.0,0.1256459839407928,0.028422378125562153,2,2,
2019-06-18,14.982666969299316,-0.0012886872369679,8.603174535055008e-05,0.0,20.0,0.028422378125562153,0.0,0.1140203370383058,0.028422378125562153,2,2,
2019-06-19,15.095333099365234,0.0075197646918789,8.432539682539683e-05,0.0,20.0,0.028422378125562153,0.0,0.1081622407113549,0.028422378125562153,2,2,
2019-06-20,14.641332626342772,-0.030075551830092,8.246032018510122e-05,0.0,20.0,0.028422378125562153,0.0,0.0926131800664732,0.028422378125562153,2,2,
2019-06-21,14.790666580200195,0.0101994782625689,8.154762169671437e-05,0.0,20.0,0.028422378125562153,0.0,0.0903294877402509,0.028422378125562153,2,2,
2019-06-24,14.90933322906494,0.0080230764598263,8.16666701483348e-05,0.0,20.0,0.028422378125562153,0.0,0.0873895580554863,0.028422378125562153,2,2,
2019-06-25,14.650667190551758,-0.0173492693830819,8.265872796376547e-05,0.0,20.0,0.028422378125562153,0.0,0.0834443926366236,0.028422378125562153,2,2,
2019-06-26,14.618000030517578,-0.0022297387285711,8.305555298214868e-05,0.0,20.0,0.028422378125562153,0.0,0.0844597243136049,0.028422378125562153,2,2,
2019-06-27,14.855999946594238,0.0162812912559717,8.2738096751864e-05,0.0,20.0,0.028422378125562153,0.0,0.0795469477759956,0.028422378125562153,2,2,
2019-06-28,14.897333145141602,0.0027822562396304,8.075397165994795e-05,0.0,20.0,0.028422378125562153,0.0,0.0775177034730068,0.028422378125562153,2,2,
2019-07-01,15.14466667175293,0.0166025371253772,8.194444671509758e-05,0.0,20.0,0.028422378125562153,0.0,0.0779859521571793,0.028422378125562153,2,2,
2019-07-02,14.970000267028809,-0.0115331957123824,8.523809531378367e-05,0.0,20.0,0.028422378125562153,0.0,0.07530688068645,0.028422378125562153,2,2,
2019-07-03,15.65999984741211,0.0460921555160565,8.531746410188223e-05,0.0,20.0,0.028422378125562153,0.0,0.094441335459104,0.028422378125562153,2,2,
2019-07-05,15.539999961853027,-0.007662828015858,8.583333757188585e-05,0.0,20.0,0.028422378125562153,0.0,0.0808790833776421,0.028422378125562153,2,2,
2019-07-08,15.355999946594238,-0.0118404128513812,8.64285703689333e-05,0.0,20.0,0.028422378125562153,0.0,0.0718793283147288,0.028422378125562153,2,2,
2019-07-09,15.337332725524902,-0.0012156304463569,8.710317195407928e-05,0.0,20.0,0.028422378125562153,0.0,0.0677848739993948,0.028422378125562153,2,2,
2019-07-10,15.928000450134276,0.0385117631063949,8.452381406511579e-05,0.0,20.0,0.028422378125562153,0.0,0.0832879615894558,0.028422378125562153,2,2,
2019-07-11,15.90666675567627,-0.0013393830898482,8.325397022186763e-05,0.0,20.0,0.028422378125562153,0.0,0.0758240795826651,0.028422378125562153,2,2,
2019-07-12,16.338666915893555,0.0271584340611854,8.293650453052823e-05,0.0,20.0,0.028422378125562153,0.0,0.0987893698775685,0.028422378125562153,2,2,
2019-07-15,16.899999618530273,0.0343560894855305,8.2738096751864e-05,0.0,20.0,0.028422378125562153,0.0,0.1467174429476683,0.028422378125562153,2,2,
2019-07-16,16.825332641601562,-0.0044181644150359,8.345237800053192e-05,0.0,20.0,0.028422378125562153,0.0,0.1234321767414002,0.028422378125562153,2,2,
2019-07-17,16.99066734313965,0.0098265338974212,8.226190294538226e-05,0.0,20.0,0.028422378125562153,0.0,0.1211762841893696,0.028422378125562153,2,2,
2019-07-18,16.902666091918945,-0.005179387568684,7.9880952835083e-05,0.0,20.0,0.028422378125562153,0.0,0.0975095079836682,0.028422378125562153,2,2,
2019-07-19,17.211999893188477,0.0183008881313357,7.9880952835083e-05,0.0,20.0,0.028422378125562153,0.0,0.1190551523491393,0.028422378125562153,2,2,
2019-07-22,17.045333862304688,-0.0096831299046048,8.035714664156477e-05,0.0,20.0,0.028422378125562153,0.0,0.0869441618845615,0.028422378125562153,2,2,
2019-07-23,17.344667434692383,0.0175610272468562,8.06746028718494e-05,0.0,20.0,0.028422378125562153,0.0,0.1098412046425241,0.028422378125562153,2,2,
2019-07-24,17.658666610717773,0.0181034993728006,8.095237943861221e-05,0.0,20.0,0.028422378125562153,0.0,0.1350101709198254,0.028422378125562153,2,2,
2019-07-25,15.254667282104492,-0.13613708110635,8.174602947537861e-05,0.0,20.0,0.028422378125562153,0.0,0.1051769691937662,0.028422378125562153,2,2,
2019-07-26,15.202667236328123,-0.0034087958009658,8.186507792699906e-05,0.0,20.0,0.028422378125562153,0.0,0.1027750635274624,0.028422378125562153,2,2,
2019-07-29,15.718000411987305,0.0338975501895975,8.13492044569954e-05,0.0,20.0,0.028422378125562153,0.0,0.0827386644684969,0.028422378125562153,2,2,
2019-07-30,16.150667190551758,0.0275268333899827,8.095237943861221e-05,0.0,20.0,0.028422378125562153,0.0,0.0829375861088042,0.028422378125562153,2,2,
2019-07-31,16.107332229614258,-0.0026831684676686,8.055555442022898e-05,0.0,20.0,0.028422378125562153,0.0,0.0775148677127881,0.028422378125562153,2,2,
2019-08-01,15.59000015258789,-0.03211780012057,8.055555442022898e-05,0.0,20.0,0.028422378125562153,0.0,0.0774026219492363,0.028422378125562153,2,2,
2019-08-02,15.62266731262207,0.0020953918995798,7.936507936507937e-05,0.0,20.0,0.028422378125562153,0.0,0.0752954944070433,0.028422378125562153,2,2,
2019-08-05,15.221332550048828,-0.0256892600054915,7.749999799425638e-05,0.0,20.0,0.028422378125562153,0.0,0.0865854942371789,0.028422378125562153,2,2,
2019-08-06,15.383333206176758,0.010643000906475,7.916666685588778e-05,0.0,20.0,0.028422378125562153,0.0,0.078325862494203,0.028422378125562153,2,2,
2019-08-07,15.56133270263672,0.0115709316098342,7.809524025235857e-05,0.0,20.0,0.028422378125562153,0.0,0.0780090911280385,0.028422378125562153,2,2,
2019-08-08,15.886667251586914,0.0209065994003887,7.817460430992973e-05,0.0,20.0,0.028422378125562153,0.0,0.0772626342756488,0.028422378125562153,2,2,
2019-08-09,15.667332649230955,-0.013806206102419,7.738095427316333e-05,0.0,20.0,0.028422378125562153,0.0,0.0693255903568354,0.028422378125562153,2,2,
2019-08-12,15.267333030700684,-0.0255308052420719,7.650793544829838e-05,0.0,20.0,0.028422378125562153,0.0,0.0728953003459615,0.028422378125562153,2,2,
2019-08-13,15.666666984558104,0.0261561042163951,7.757936678235492e-05,0.0,20.0,0.028422378125562153,0.0,0.0635980243109418,0.028422378125562153,2,2,
2019-08-14,14.641332626342772,-0.0654468726006595,7.571428541153195e-05,0.0,20.0,0.028422378125562153,0.0,0.1015143292730513,0.028422378125562153,2,2,
2019-08-15,14.37600040435791,-0.0181221360620872,7.313492279204111e-05,0.0,20.0,0.028422378125562153,0.0,0.1103183382656078,0.028422378125562153,2,2,
2019-08-16,14.662667274475098,0.0199406554016434,7.234126802474734e-05,0.0,20.0,0.028422378125562153,0.0,0.0886227420918971,0.028422378125562153,2,2,
2019-08-19,15.121999740600586,0.0313266650280674,7.353174781042433e-05,0.0,20.0,0.028422378125562153,0.0,0.0703487339924387,0.028422378125562153,2,2,
2019-08-20,15.057332992553713,-0.0042763357463398,7.539682445071991e-05,0.0,20.0,0.028422378125562153,0.0,0.0681833177049378,0.028422378125562153,2,2,
2019-08-21,14.722000122070312,-0.0222704027764566,7.650793544829838e-05,0.0,20.0,0.028422378125562153,0.0,0.0800612449844091,0.028422378125562153,2,2,
2019-08-22,14.8100004196167,0.0059774688776468,7.690476046668159e-05,0.0,20.0,0.028422378125562153,0.0,0.074233176517973,0.028422378125562153,2,2,
2019-08-23,14.09333324432373,-0.0483907599586359,7.579364946910313e-05,0.0,20.0,0.028422378125562153,0.0,0.1067524851311411,0.028422378125562153,2,2,
2019-08-26,14.333333015441896,0.017029312154726,7.670634795749e-05,0.0,20.0,0.028422378125562153,0.0,0.0903481272186796,0.028422378125562153,2,2,
2019-08-27,14.272000312805176,-0.0042790258602548,7.710317297587319e-05,0.0,20.0,0.028422378125562153,0.0,0.0891340853721922,0.028422378125562153,2,2,
2019-08-28,14.37266731262207,0.0070534611554466,7.698412925478012e-05,0.0,20.0,0.028422378125562153,0.0,0.0825440541561619,0.028422378125562153,2,2,
2019-08-29,14.780667304992676,0.0283872146690753,7.698412925478012e-05,0.0,20.0,0.028422378125562153,0.0,0.0682153595663041,0.028422378125562153,2,2,
2019-08-30,15.040666580200195,0.0175904964128172,7.670634795749e-05,0.0,20.0,0.028422378125562153,0.0,0.0617663391555232,0.028422378125562153,2,2,
2019-09-03,15.000666618347168,-0.0026594540634046,7.579364946910313e-05,0.0,20.0,0.028422378125562153,0.0,0.0602809930892695,0.028422378125562153,2,2,
2019-09-04,14.711999893188477,-0.0192435931350961,7.559523695991153e-05,0.0,20.0,0.028422378125562153,0.0,0.0654661537861826,0.028422378125562153,2,2,
2019-09-05,15.305333137512209,0.0403298836753283,7.619047448748634e-05,0.0,20.0,0.028422378125562153,0.0,0.0600019762391985,0.028422378125562153,2,2,
2019-09-06,15.16333293914795,-0.0092778247352374,7.579364946910313e-05,0.0,20.0,0.028422378125562153,0.0,0.0568267660000811,0.028422378125562153,2,2,
2019-09-09,15.452667236328123,0.0190811807892963,7.571428541153195e-05,0.0,20.0,0.028422378125562153,0.0,0.0590063510302372,0.028422378125562153,2,2,
2019-09-10,15.702667236328123,0.0161784367822448,7.591269792072356e-05,0.0,20.0,0.028422378125562153,0.0,0.0688174659666898,0.028422378125562153,2,2,
2019-09-11,16.47333335876465,0.0490786763062511,7.591269792072356e-05,0.0,20.0,0.028422378125562153,0.0,0.1278344794662421,0.028422378125562153,2,2,
2019-09-12,16.391332626342773,-0.0049777862583134,7.519841194152831e-05,0.0,20.0,0.028422378125562153,0.0,0.0960084904726152,0.028422378125562153,2,2,
2019-09-13,16.34666633605957,-0.002724994440746,7.539682445071991e-05,0.0,20.0,0.028422378125562153,0.0,0.0767001389819447,0.028422378125562153,2,2,
2019-09-16,16.187332153320312,-0.0097471973467628,7.718254176397175e-05,0.0,20.0,0.028422378125562153,0.0,0.0591290531802894,0.028422378125562153,2,2,
2019-09-17,16.319332122802734,0.008154522822672,7.690476046668159e-05,0.0,20.0,0.028422378125562153,0.0,0.0628210117544671,0.028422378125562153,2,2,
2019-09-18,16.232667922973633,-0.0053105236891408,7.46031744139535e-05,0.0,20.0,0.028422378125562153,0.0,0.0539029393327062,0.028422378125562153,2,2,
2019-09-19,16.440000534057617,0.0127725529819131,7.472222286557397e-05,0.0,20.0,0.028422378125562153,0.0,0.0603815492165352,0.028422378125562153,2,2,
2019-09-20,16.041332244873047,-0.0242498951480371,7.341269935880388e-05,0.0,20.0,0.028422378125562153,0.0,0.0445605233875003,0.028422378125562153,2,2,
2019-09-23,16.082000732421875,0.0025352312967537,7.321428684961227e-05,0.0,20.0,0.028422378125562153,0.0,0.0453572227917315,0.028422378125562153,2,2,
2019-09-24,14.880666732788086,-0.0747005313345035,7.46031744139535e-05,0.0,20.0,0.028422378125562153,0.0,0.0868210284595334,0.028422378125562153,2,2,
2019-09-25,15.24666690826416,0.024595683919836,7.321428684961227e-05,0.0,20.0,0.028422378125562153,0.0,0.0606394130204485,0.028422378125562153,2,2,
2019-09-26,16.17066764831543,0.0606034581597918,7.023809448121085e-05,0.0,20.0,0.028422378125562153,0.0,0.0546250341798988,0.028422378125562153,2,2,
2019-09-27,16.142000198364258,-0.0017728055869207,6.865079440767803e-05,0.0,20.0,0.028422378125562153,0.0,0.0490308796812262,0.028422378125562153,2,2,
2019-09-30,16.058000564575195,-0.0052037933810442,7.023809448121085e-05,0.0,20.0,0.028422378125562153,0.0,0.0454227794416513,0.028422378125562153,2,2,
2019-10-01,16.312667846679688,0.015859214917846,6.956349289606488e-05,0.0,20.0,0.028422378125562153,0.0,0.0516863337570883,0.028422378125562153,2,2,
2019-10-02,16.208667755126953,-0.0063754189400664,6.884920691686963e-05,0.0,20.0,0.028422378125562153,0.0,0.0484726097463038,0.028422378125562153,2,2,
2019-10-03,15.535332679748535,-0.0415416668137599,6.607142705765981e-05,0.0,20.0,0.028422378125562153,0.0,0.0611382162210931,0.028422378125562153,2,2,
2019-10-04,15.428667068481444,-0.0068660010999402,6.567460203927661e-05,0.0,20.0,0.028422378125562153,0.0,0.0624811150706075,0.028422378125562153,2,2,
2019-10-07,15.847999572753906,0.0271787901321105,6.638888801847186e-05,0.0,20.0,0.028422378125562153,0.0,0.0575527432502238,0.028422378125562153,2,2,
2019-10-08,16.003332138061523,0.0098013988828387,6.567460203927661e-05,0.0,20.0,0.028422378125562153,0.0,0.0563642715590817,0.028422378125562153,2,2,
2019-10-09,16.302000045776367,0.0186628575310578,6.460317543574742e-05,0.0,20.0,0.028422378125562153,0.0,0.0606015697219551,0.028422378125562153,2,2,
2019-10-10,16.31599998474121,0.0008587865860343,6.480158794493902e-05,0.0,20.0,0.028422378125562153,0.0,0.0551324438964134,0.028422378125562153,2,2,
2019-10-11,16.525999069213867,0.0128707455668697,6.440476292655581e-05,0.0,20.0,0.028422378125562153,0.0,0.0554192625476,0.028422378125562153,2,2,
2019-10-14,17.130666732788086,0.0365888719369862,6.420635041736421e-05,0.0,20.0,0.028422378125562153,0.0,0.0996639709141499,0.028422378125562153,2,2,
2019-10-15,17.19266700744629,0.0036192563678525,6.420635041736421e-05,0.0,20.0,0.028422378125562153,0.0,0.0957372670818544,0.028422378125562153,2,2,
2019-10-16,17.316667556762695,0.0072124091778604,6.408730196574378e-05,0.0,20.0,0.028422378125562153,0.0,0.0968580013967218,0.028422378125562153,2,2,
2019-10-17,17.46466636657715,0.0085466103295754,6.448412698412699e-05,0.0,20.0,0.028422378125562153,0.0,0.0976542712355486,0.028422378125562153,2,2,
2019-10-18,17.1299991607666,-0.0191625307226602,6.448412698412699e-05,0.0,20.0,0.028422378125562153,0.0,0.0586079335174301,0.028422378125562153,2,2,
2019-10-21,16.899999618530273,-0.0134267106540847,6.448412698412699e-05,0.0,20.0,0.028422378125562153,0.0,0.0456128902896796,0.028422378125562153,2,2,
2019-10-22,17.038667678833008,0.0082052108540102,6.408730196574378e-05,0.0,20.0,0.028422378125562153,0.0,0.050962531634032,0.028422378125562153,2,2,
2019-10-23,16.978666305541992,-0.0035214826899614,6.408730196574378e-05,0.0,20.0,0.028422378125562153,0.0,0.0502487010066712,0.028422378125562153,2,2,
2019-10-24,19.978666305541992,0.1766923235319593,6.440476292655581e-05,0.0,20.0,0.028422378125562153,0.0,0.4654469191786882,0.028422378125562153,2,2,
2019-10-25,21.875333786010746,0.0949346393529095,6.448412698412699e-05,0.0,20.0,0.028422378125562153,0.0,0.5980149839421657,0.028422378125562153,2,2,
2019-10-28,21.84733390808105,-0.0012799748887764,6.369047694736057e-05,0.0,20.0,0.028422378125562153,0.0,0.589520325294251,0.028422378125562153,2,2,
2019-10-29,21.08133316040039,-0.0350615205911841,6.329365192897736e-05,0.0,20.0,0.028422378125562153,0.0,0.5017152646183097,0.028422378125562153,2,2,
2019-10-30,21.000667572021484,-0.0038263988223681,6.329365192897736e-05,0.0,20.0,0.028422378125562153,0.0,0.4557522380180431,0.028422378125562153,2,2,
2019-10-31,20.994667053222656,-0.0002857299073112,5.944444546623834e-05,0.0,20.0,0.028422378125562153,0.0,0.4132745359186963,0.028422378125562153,2,2,
2019-11-01,20.88733291625977,-0.00511244768449,5.892857199623472e-05,0.0,20.0,0.028422378125562153,0.0,0.3564082611192063,0.028422378125562153,2,2,
2019-11-04,21.1646671295166,0.0132776268932326,5.964285797542996e-05,0.0,20.0,0.028422378125562153,0.0,0.3702409903521241,0.028422378125562153,2,2,
2019-11-05,21.14800071716309,-0.0007874639488314,6.023809550300477e-05,0.0,20.0,0.028422378125562153,0.0,0.3291017604690572,0.028422378125562153,2,2,
2019-11-06,21.77199935913086,0.0295062710803366,6.011904705138434e-05,0.0,20.0,0.028422378125562153,0.0,0.4080141036821993,0.028422378125562153,2,2,
2019-11-07,22.36933326721192,0.0274358775337069,6.023809550300477e-05,0.0,20.0,0.028422378125562153,0.0,0.4700177995470139,0.028422378125562153,2,2,
2019-11-08,22.47599983215332,0.0047684284402766,5.992063454219273e-05,0.0,20.0,0.028422378125562153,0.0,0.4521877374039196,0.028422378125562153,2,2,
2019-11-11,23.006000518798828,0.023580739037349,6.003968299381317e-05,0.0,20.0,0.028422378125562153,0.0,0.4943871761083488,0.028422378125562153,2,2,
2019-11-12,23.32866668701172,0.0140253047438312,6.083333303057959e-05,0.0,20.0,0.028422378125562153,0.0,0.5058659557171539,0.028422378125562153,2,2,
2019-11-13,23.073999404907227,-0.01091649537975,6.091269708815076e-05,0.0,20.0,0.028422378125562153,0.0,0.4315108730931452,0.028422378125562153,2,2,
2019-11-14,23.290000915527344,0.0093612514601253,6.063492052138797e-05,0.0,20.0,0.028422378125562153,0.0,0.4317418026883283,0.028422378125562153,2,2,
2019-11-15,23.47800064086914,0.008072121852793,6.063492052138797e-05,0.0,20.0,0.028422378125562153,0.0,0.4296479681240832,0.028422378125562153,2,2,
2019-11-18,23.332666397094727,-0.0061902308462086,6.043650801219637e-05,0.0,20.0,0.028422378125562153,0.0,0.3750681524692154,0.028422378125562153,2,2,
2019-11-19,23.968000411987305,0.0272293789350919,6.051587206976755e-05,0.0,20.0,0.028422378125562153,0.0,0.4473403645489489,0.028422378125562153,2,2,
2019-11-20,23.481332778930664,-0.0203048908833145,6.031745956057594e-05,0.0,20.0,0.028422378125562153,0.0,0.3386427151025539,0.028422378125562153,2,2,
2019-11-21,23.655332565307617,0.0074101324662916,6.071428457895915e-05,0.0,20.0,0.028422378125562153,0.0,0.3342937174678563,0.028422378125562153,2,2,
2019-11-22,22.202667236328125,-0.0614096345916497,6.123015804896279e-05,0.0,20.0,0.028422378125562153,0.0,0.1466756456496621,0.028422378125562153,2,2,
2019-11-25,22.422666549682617,0.009908688492819,6.130952210653396e-05,0.0,20.0,0.028422378125562153,0.0,0.153128454213695,0.028422378125562153,2,2,
2019-11-26,21.92799949645996,-0.0220610270471893,6.210317687382774e-05,0.0,20.0,0.028422378125562153,0.0,0.1161118889893893,0.028422378125562153,2,2,
2019-11-27,22.086000442504883,0.0072054427979364,6.210317687382774e-05,0.0,20.0,0.028422378125562153,0.0,0.114808086886524,0.028422378125562153,2,2,
2019-11-29,21.996000289916992,-0.0040749864522633,6.111110959734234e-05,0.0,20.0,0.028422378125562153,0.0,0.1026688572583462,0.028422378125562153,2,2,
2019-12-02,22.32466697692871,0.0149421114147911,6.10317455397712e-05,0.0,20.0,0.028422378125562153,0.0,0.1160027052067257,0.028422378125562153,2,2,
2019-12-03,22.413333892822266,0.0039717016153113,6.10317455397712e-05,0.0,20.0,0.028422378125562153,0.0,0.1182879565701935,0.028422378125562153,2,2,
2019-12-04,22.20199966430664,-0.0094289510666373,5.944444546623834e-05,0.0,20.0,0.028422378125562153,0.0,0.0961994073515259,0.028422378125562153,2,2,
2019-12-05,22.024667739868164,-0.0079872050770078,5.924603295704674e-05,0.0,20.0,0.028422378125562153,0.0,0.0842040785541716,0.028422378125562153,2,2,
2019-12-06,22.392667770385746,0.016708539482366,5.873015948704311e-05,0.0,20.0,0.028422378125562153,0.0,0.0987844740507252,0.028422378125562153,2,2,
2019-12-09,22.635332107543945,0.0108367765576875,5.944444546623834e-05,0.0,20.0,0.028422378125562153,0.0,0.1116658190650219,0.028422378125562153,2,2,
2019-12-10,23.256000518798828,0.0274203359732472,6.011904705138434e-05,0.0,20.0,0.028422378125562153,0.0,0.1676720404269123,0.028422378125562153,2,2,
2019-12-11,23.51333236694336,0.0110651807019233,6.031745956057594e-05,0.0,20.0,0.028422378125562153,0.0,0.1862748827773554,0.028422378125562153,2,2,
2019-12-12,23.978666305541992,0.0197902165178778,6.071428457895915e-05,0.0,20.0,0.028422378125562153,0.0,0.2348960715998448,0.028422378125562153,2,2,
2019-12-13,23.892667770385746,-0.003586460316868,6.043650801219637e-05,0.0,20.0,0.028422378125562153,0.0,0.2018213000229134,0.028422378125562153,2,2,
2019-12-16,25.433332443237305,0.0644827395441025,6.051587206976755e-05,0.0,20.0,0.028422378125562153,0.0,0.4238967552194384,0.028422378125562153,2,2,
2019-12-17,25.266000747680664,-0.0065792281027307,6.071428457895915e-05,0.0,20.0,0.028422378125562153,0.0,0.3625295415190382,0.028422378125562153,2,2,
2019-12-18,26.209999084472656,0.0373623964559823,6.023809550300477e-05,0.0,20.0,0.028422378125562153,0.0,0.4718941915879773,0.028422378125562153,2,2,
2019-12-19,26.93600082397461,0.0276994187280248,6.083333303057959e-05,0.0,20.0,0.028422378125562153,0.0,0.5314212449952432,0.028422378125562153,2,2,
2019-12-20,27.03933334350586,0.0038362235064708,6.063492052138797e-05,0.0,20.0,0.028422378125562153,0.0,0.5120179338969936,0.028422378125562153,2,2,
2019-12-23,27.94799995422364,0.033605362941983,6.031745956057594e-05,0.0,20.0,0.028422378125562153,0.0,0.5786976714961731,0.028422378125562153,2,2,
2019-12-24,28.350000381469727,0.0143838710428125,6.10317455397712e-05,0.0,20.0,0.028422378125562153,0.0,0.5853537854865072,0.028422378125562153,2,2,
2019-12-26,28.72933387756348,0.0133803700525414,6.091269708815076e-05,0.0,20.0,0.028422378125562153,0.0,0.5898996461221533,0.028422378125562153,2,2,
2019-12-27,28.691999435424805,-0.001299523417347,6.023809550300477e-05,0.0,20.0,0.028422378125562153,0.0,0.559194645653704,0.028422378125562153,2,2,
2019-12-30,27.64666748046875,-0.0364328724217604,5.912698450542632e-05,0.0,20.0,0.028422378125562153,0.0,0.4028013600487307,0.028422378125562153,2,2,
2019-12-31,27.8886661529541,0.0087532673750394,5.972222203300113e-05,0.0,20.0,0.028422378125562153,0.0,0.4128860849392651,0.028422378125562153,2,2,
2020-01-02,28.68400001525879,0.0285181750157113,5.932539701461792e-05,0.0,20.0,0.03189325522740216,0.0,0.4941782546960067,0.03189325522740216,2,2,
2020-01-03,29.53400039672852,0.0296332582979208,5.845238292028033e-05,0.0,20.0,0.03189325522740216,0.0,0.5645102209202446,0.03189325522740216,2,2,
2020-01-06,30.1026668548584,0.0192546370451349,5.904762044785515e-05,0.0,20.0,0.03189325522740216,0.0,0.589577140628066,0.03189325522740216,2,2,
2020-01-07,31.270666122436523,0.0388005246581539,5.952380952380952e-05,0.0,20.0,0.03189325522740216,0.0,0.6559240737761546,0.03189325522740216,2,2,
2020-01-08,32.80933380126953,0.0492048257881216,5.924603295704674e-05,0.0,20.0,0.03189325522740216,0.0,0.7140741221943769,0.03189325522740216,2,2,
2020-01-09,32.089332580566406,-0.0219450119000973,5.952380952380952e-05,0.0,20.0,0.03189325522740216,0.0,0.693441671337331,0.03189325522740216,2,2,
2020-01-10,31.87666702270508,-0.0066272976331741,5.944444546623834e-05,0.0,20.0,0.03189325522740216,0.0,0.6572579181732138,0.03189325522740216,2,2,
2020-01-13,34.990665435791016,0.0976889588509331,5.992063454219273e-05,0.0,20.0,0.03189325522740216,0.0,0.7677998399351765,0.03189325522740216,2,2,
2020-01-14,35.861331939697266,0.0248828221202008,6.071428457895915e-05,0.0,20.0,0.03189325522740216,0.0,0.7785295892058409,0.03189325522740216,2,2,
2020-01-15,34.56666564941406,-0.0361020135130578,5.984127048462156e-05,0.0,20.0,0.03189325522740216,0.0,0.774798733258606,0.03189325522740216,2,2,
2020-01-16,34.232666015625,-0.0096624776360147,6.023809550300477e-05,0.0,20.0,0.03189325522740216,0.0,0.7463679269169728,0.03189325522740216,2,2,
2020-01-17,34.03333282470703,-0.0058228941569139,6.043650801219637e-05,0.0,20.0,0.03189325522740216,0.0,0.7090668002652811,0.03189325522740216,2,2,
2020-01-21,36.47999954223633,0.0718903061927893,5.964285797542996e-05,0.0,20.0,0.03189325522740216,0.0,0.7955995860634217,0.03189325522740216,2,2,
2020-01-22,37.97066879272461,0.0408626444406172,6.003968299381317e-05,0.0,20.0,0.03189325522740216,0.0,0.814853352466584,0.03189325522740216,2,2,
2020-01-23,38.14666748046875,0.004635122144013,6.011904705138434e-05,0.0,20.0,0.03189325522740216,0.0,0.8164478233585272,0.03189325522740216,2,2,
2020-01-24,37.654666900634766,-0.0128976031808254,5.912698450542632e-05,0.0,20.0,0.03189325522740216,0.0,0.8075318440231222,0.03189325522740216,2,2,
2020-01-27,37.20133209228516,-0.0120392728355793,5.972222203300113e-05,0.0,20.0,0.8532110091743119,1.0,0.7751807439323067,0.8532110091743119,1,2,
2020-01-28,37.79333114624024,0.0159133832220446,6.071428457895915e-05,1.0,20.0,0.8985378821444395,1.0,0.7805862533040789,0.10146211785556047,3,3,
2020-01-29,38.732666015625,0.0248545137699036,6.031745956057594e-05,1.0,20.0,0.8985378821444395,1.0,0.7969018399325642,0.10146211785556047,3,3,
2020-01-30,42.72066879272461,0.1029622586653555,6.063492052138797e-05,1.0,20.0,0.8985378821444395,1.0,0.8160132059187135,0.10146211785556047,3,3,
2020-01-31,43.37133407592773,0.0152306904735051,5.992063454219273e-05,1.0,20.0,0.8985378821444395,1.0,0.8174175195932802,0.10146211785556047,3,3,
2020-02-03,52.0,0.1989485937639492,6.023809550300477e-05,1.0,20.0,0.8985378821444395,1.0,0.7284330975849124,0.10146211785556047,3,3,
2020-02-04,59.137332916259766,0.1372564022357647,6.10317455397712e-05,1.0,20.0,0.8985378821444395,1.0,0.6927510463639424,0.10146211785556047,3,3,
2020-02-05,48.97999954223633,-0.1717583947927872,6.031745956057594e-05,1.0,20.0,0.8985378821444395,1.0,0.820719304842719,0.10146211785556047,3,3,
2020-02-06,49.93066787719727,0.0194093169425444,6.071428457895915e-05,1.0,20.0,0.8985378821444395,1.0,0.8280013249522151,0.10146211785556047,3,3,
2020-02-07,49.87133407592773,-0.0011883238056313,6.023809550300477e-05,1.0,20.0,0.8985378821444395,1.0,0.8497936092280174,0.10146211785556047,3,3,
2020-02-10,51.41866683959961,0.0310264963298576,6.031745956057594e-05,1.0,20.0,0.8985378821444395,1.0,0.8469629095806427,0.10146211785556047,3,3,
2020-02-11,51.62533187866211,0.0040192609370288,6.10317455397712e-05,1.0,20.0,0.8985378821444395,1.0,0.8583608725779283,0.10146211785556047,3,3,
2020-02-12,51.15266799926758,-0.0091556579336954,6.091269708815076e-05,1.0,20.0,0.8985378821444395,1.0,0.8774742555608548,0.10146211785556047,3,3,
2020-02-13,53.59999847412109,0.0478436525517798,6.130952210653396e-05,1.0,20.0,0.8985378821444395,1.0,0.8618256916378232,0.10146211785556047,3,3,
2020-02-14,53.33533477783203,-0.0049377556683484,6.091269708815076e-05,1.0,20.0,0.8985378821444395,1.0,0.87935989170005,0.10146211785556047,3,3,
2020-02-18,57.22666549682617,0.0729597130158357,6.091269708815076e-05,1.0,20.0,0.8985378821444395,1.0,0.8418835275030158,0.10146211785556047,3,3,
2020-02-19,61.16133117675781,0.0687558089532556,6.123015804896279e-05,1.0,20.0,0.8985378821444395,1.0,0.8104948539830771,0.10146211785556047,3,3,
2020-02-20,59.96066665649414,-0.0196311050979861,6.10317455397712e-05,1.0,20.0,0.8985378821444395,1.0,0.8450444164407007,0.10146211785556047,3,3,
2020-02-21,60.06666564941406,0.0017678087791648,6.023809550300477e-05,1.0,20.0,0.8985378821444395,1.0,0.8571973180707136,0.10146211785556047,3,3,
2020-02-24,55.58599853515625,-0.0745949032764651,5.964285797542996e-05,1.0,20.0,0.8985378821444395,1.0,0.8823757625106576,0.10146211785556047,3,3,
2020-02-25,53.32733154296875,-0.0406337396414488,5.912698450542632e-05,1.0,20.0,0.8985378821444395,1.0,0.842282254253248,0.10146211785556047,3,3,
2020-02-26,51.91999816894531,-0.0263904705767898,5.865079542947194e-05,1.0,20.0,0.8985378821444395,1.0,0.7852736052855609,0.10146211785556047,3,3,
2020-02-27,45.26666641235352,-0.1281458395846268,5.535714210025848e-05,1.0,20.0,0.8985378821444395,1.0,0.4912992519685334,0.10146211785556047,3,3,
2020-02-28,44.53266525268555,-0.0162150478009942,4.880952456640819e-05,1.0,20.0,0.8985378821444395,1.0,0.4692531511879912,0.10146211785556047,3,3,
2020-03-02,49.574668884277344,0.1132203429321523,4.503968216124035e-05,1.0,20.0,0.8985378821444395,1.0,0.7442703082738646,0.10146211785556047,3,3,
2020-03-03,49.70066833496094,0.0025416095259802,3.642857074737549e-05,1.0,20.0,0.8985378821444395,1.0,0.7462788822669884,0.10146211785556047,3,3,
2020-03-04,49.96666717529297,0.0053520173720666,2.6785714758767023e-05,1.0,20.0,0.8985378821444395,1.0,0.7496717661005015,0.10146211785556047,3,3,
2020-03-05,48.30266571044922,-0.0333022304450705,2.361111224643768e-05,1.0,20.0,0.8985378821444395,1.0,0.6367234291805615,0.10146211785556047,3,3,
2020-03-06,46.89866638183594,-0.0290667048694489,1.6468253637117052e-05,1.0,20.0,0.8985378821444395,1.0,0.5462709117219032,0.10146211785556047,3,3,
2020-03-09,40.53333282470703,-0.1357252572024996,1.3095238615596102e-05,1.0,20.0,0.8985378821444395,1.0,0.3562315997312766,0.10146211785556047,3,3,
2020-03-10,43.02199935913086,0.0613980238236631,1.547618990852719e-05,1.0,20.0,0.8985378821444395,1.0,0.4004297072953302,0.10146211785556047,3,3,
2020-03-11,42.28200149536133,-0.0172004526705585,1.4603174631557764e-05,1.0,20.0,0.8985378821444395,1.0,0.3712618839595893,0.10146211785556047,3,3,
2020-03-12,37.369998931884766,-0.116172423011135,1.0833333409021768e-05,1.0,20.0,0.8985378821444395,1.0,0.3178037757254492,0.10146211785556047,3,3,
2020-03-13,36.44133377075195,-0.0248505535904755,9.642857171240303e-06,1.0,20.0,0.8985378821444395,1.0,0.3058686664309143,0.10146211785556047,3,3,
2020-03-16,29.67133331298828,-0.1857780645558401,7.341269935880387e-06,1.0,20.0,0.8985378821444395,1.0,0.3388799498343667,0.10146211785556047,3,3,
2020-03-17,28.68000030517578,-0.033410463808802,6.547619307798051e-06,1.0,20.0,0.8985378821444395,1.0,0.3311114559024291,0.10146211785556047,3,3,
2020-03-18,24.08133316040039,-0.1603440409986845,1.1904762008242065e-07,1.0,20.0,0.9681067447725978,0.0,0.3575449490228518,0.03189325522740216,2,3,
2020-03-19,28.50933265686035,0.1838768421567878,-1.1111111454074327e-06,1.0,20.0,0.14678899082568808,0.0,0.2930805096927908,0.8532110091743119,1,3,
2020-03-20,28.50200080871582,-0.0002571736151377,-1.309523802428016e-06,0.0,20.0,0.03189325522740216,0.0,0.2821641293340425,0.03189325522740216,2,2,
2020-03-23,28.952667236328125,0.0158117470642444,-1.5873015518226308e-06,0.0,20.0,0.03189325522740216,0.0,0.2630174288404663,0.03189325522740216,2,2,
2020-03-24,33.66666793823242,0.1628174932356298,-1.309523802428016e-06,0.0,20.0,0.03189325522740216,0.0,0.3105576421830633,0.03189325522740216,2,2,
2020-03-25,35.95000076293945,0.0678217645089267,-2.777777789604095e-06,0.0,20.0,0.03189325522740216,0.0,0.4239043266274509,0.03189325522740216,2,2,
2020-03-26,35.21066665649414,-0.020565621439638,-4.166666536577163e-06,0.0,20.0,0.03189325522740216,0.0,0.3636398634703685,0.03189325522740216,2,2,
2020-03-27,34.29066848754883,-0.026128393930185,-2.3015872353599167e-06,0.0,20.0,0.03189325522740216,0.0,0.3074233847699512,0.03189325522740216,2,2,
2020-03-30,33.47533416748047,-0.0237771485955257,5.158730265167024e-07,0.0,20.0,0.03189325522740216,0.0,0.2709126315784202,0.03189325522740216,2,2,
2020-03-31,34.93333435058594,0.0435544623934431,1.1904761638669722e-06,0.0,20.0,0.03189325522740216,0.0,0.3224800985807168,0.03189325522740216,2,2,
2020-04-01,32.104000091552734,-0.0809923905527714,2.5000000402094805e-06,0.0,20.0,0.03189325522740216,0.0,0.2409592122791546,0.03189325522740216,2,2,
2020-04-02,30.29800033569336,-0.0562546645498724,2.579364984754532e-06,0.0,20.0,0.03189325522740216,0.0,0.2378036390159635,0.03189325522740216,2,2,
2020-04-03,32.000667572021484,0.0561973469358718,2.3015872353599167e-06,0.0,20.0,0.03189325522740216,0.0,0.238556476691667,0.03189325522740216,2,2,
2020-04-06,34.41600036621094,0.0754775752334993,2.3809523277339444e-06,0.0,20.0,0.03189325522740216,0.0,0.3149569077216957,0.03189325522740216,2,2,
2020-04-07,36.36333465576172,0.056582237006908,5.0793653206219725e-06,0.0,20.0,0.03189325522740216,0.0,0.4205079266083049,0.03189325522740216,2,2,
2020-04-08,36.589332580566406,0.0062149944977303,7.341269935880387e-06,0.0,20.0,0.03189325522740216,0.0,0.4124259394278381,0.03189325522740216,2,2,
2020-04-09,38.20000076293945,0.0440201574824166,8.333333073154326e-06,0.0,20.0,0.03189325522740216,0.0,0.4984914902693404,0.03189325522740216,2,2,
2020-04-13,43.39666748046875,0.1360383930298492,7.93650805477112e-06,0.0,20.0,0.03189325522740216,0.0,0.6812755079496012,0.03189325522740216,2,2,
2020-04-14,47.32600021362305,0.0905445731500638,6.547619307798051e-06,0.0,20.0,0.03189325522740216,0.0,0.7070465045300418,0.03189325522740216,2,2,
2020-04-15,48.65533447265625,0.0280888782705652,4.563492146276289e-06,0.0,20.0,0.03189325522740216,0.0,0.7228530275301221,0.03189325522740216,2,2,
2020-04-16,49.68066787719727,0.0210734016250007,4.365079341426725e-06,0.0,20.0,0.03189325522740216,0.0,0.7389631678533402,0.03189325522740216,2,2,
2020-04-17,50.25933456420898,0.0116477235862062,4.087301592032112e-06,0.0,20.0,0.03189325522740216,0.0,0.7541403711475451,0.03189325522740216,2,2,
2020-04-20,49.75733184814453,-0.0099882483605728,2.777777789604095e-06,0.0,20.0,0.03189325522740216,0.0,0.7728299616046587,0.03189325522740216,2,2,
2020-04-21,45.78133392333984,-0.0799077799617377,3.888888787182548e-06,0.0,20.0,0.03189325522740216,0.0,0.6972801142696634,0.03189325522740216,2,2,
2020-04-22,48.80733489990234,0.0660968284941083,3.690476277990945e-06,0.0,20.0,0.03189325522740216,0.0,0.7730260924325825,0.03189325522740216,2,2,
2020-04-23,47.04199981689453,-0.0361694627790737,3.690476277990945e-06,0.0,20.0,0.03189325522740216,0.0,0.7122992387519397,0.03189325522740216,2,2,
2020-04-24,48.34333419799805,0.0276632453162877,3.96825402738556e-06,0.0,20.0,0.8532110091743119,1.0,0.7452164814069112,0.8532110091743119,1,2,
2020-04-27,53.25,0.1014962224555282,3.690476277990945e-06,1.0,20.0,0.8985378821444395,1.0,0.7969857916301712,0.10146211785556047,3,3,
2020-04-28,51.27466583251953,-0.0370954773235768,3.373015908494825e-06,1.0,20.0,0.8985378821444395,1.0,0.7956423308881778,0.10146211785556047,3,3,
2020-04-29,53.367332458496094,0.0408128769246769,3.571428713344389e-06,1.0,20.0,0.8985378821444395,1.0,0.8113705416069334,0.10146211785556047,3,3,
2020-04-30,52.12533187866211,-0.0232726749233698,3.571428713344389e-06,1.0,20.0,0.8985378821444395,1.0,0.8029387378991444,0.10146211785556047,3,3,
2020-05-01,46.75466537475586,-0.1030337133662409,3.690476277990945e-06,1.0,20.0,0.8985378821444395,1.0,0.5409563410547459,0.10146211785556047,3,3,
2020-05-04,50.74599838256836,0.085367587936316,3.571428713344389e-06,1.0,20.0,0.8985378821444395,1.0,0.7546800153978217,0.10146211785556047,3,3,
2020-05-05,51.2140007019043,0.0092224477644073,4.365079341426725e-06,1.0,20.0,0.8985378821444395,1.0,0.7540602725870603,0.10146211785556047,3,3,
2020-05-06,52.172000885009766,0.0187058259455572,4.285714396881679e-06,1.0,20.0,0.8985378821444395,1.0,0.7700183625976185,0.10146211785556047,3,3,
2020-05-07,52.00266647338867,-0.003245695176505,3.769841222535996e-06,1.0,20.0,0.8985378821444395,1.0,0.7436103500902244,0.10146211785556047,3,3,
2020-05-08,54.62799835205078,0.0504845627484422,3.769841222535996e-06,1.0,20.0,0.8985378821444395,1.0,0.8069506968436262,0.10146211785556047,3,3,
2020-05-11,54.08599853515625,-0.0099216488475673,4.166666536577163e-06,1.0,20.0,0.8985378821444395,1.0,0.783282816525512,0.10146211785556047,3,3,
2020-05-12,53.96066665649414,-0.0023172703112921,4.880952515772409e-06,1.0,20.0,0.8985378821444395,1.0,0.7607803611603025,0.10146211785556047,3,3,
2020-05-13,52.73066711425781,-0.0227943726134135,4.563492146276289e-06,1.0,20.0,0.8985378821444395,1.0,0.6848158214506194,0.10146211785556047,3,3,
2020-05-14,53.55533218383789,0.0156391928020402,4.166666536577163e-06,1.0,20.0,0.8985378821444395,1.0,0.7094907260588252,0.10146211785556047,3,3,
2020-05-15,53.27799987792969,-0.0051784256506188,4.087301592032112e-06,1.0,20.0,0.8985378821444395,1.0,0.6712338368003145,0.10146211785556047,3,3,
2020-05-18,54.242000579833984,0.0180937855045799,4.166666536577163e-06,1.0,20.0,0.8985378821444395,1.0,0.699752548164165,0.10146211785556047,3,3,
2020-05-19,53.867332458496094,-0.0069073433378705,4.682539710922846e-06,1.0,20.0,0.8985378821444395,1.0,0.6533447961816845,0.10146211785556047,3,3,
2020-05-20,54.37066650390625,0.009343957133908,4.682539710922846e-06,1.0,20.0,0.8985378821444395,1.0,0.6542913251520465,0.10146211785556047,3,3,
2020-05-21,55.17333221435547,0.014762844784909,4.365079341426725e-06,1.0,20.0,0.8985378821444395,1.0,0.6802316856346483,0.10146211785556047,3,3,
2020-05-22,54.45866775512695,-0.012953077701596,4.365079341426725e-06,1.0,20.0,0.8985378821444395,1.0,0.6151617254847259,0.10146211785556047,3,3,
2020-05-26,54.5913314819336,0.0024360442933193,4.682539710922846e-06,1.0,20.0,0.8985378821444395,1.0,0.5962478654571365,0.10146211785556047,3,3,
2020-05-27,54.68199920654297,0.001660844719264,5.357143070016588e-06,1.0,20.0,0.8985378821444395,1.0,0.5834108989319859,0.10146211785556047,3,3,
2020-05-28,53.72066879272461,-0.0175803816204168,5.476190339005182e-06,1.0,20.0,0.8985378821444395,1.0,0.5032524640425887,0.10146211785556047,3,3,
2020-05-29,55.66666793823242,0.0362244028088376,5.0793653206219725e-06,1.0,20.0,0.8985378821444395,1.0,0.6078715118508583,0.10146211785556047,3,3,
2020-06-01,59.87333297729492,0.07556883131087,5.0793653206219725e-06,1.0,20.0,0.8985378821444395,1.0,0.7701554722403305,0.10146211785556047,3,3,
2020-06-02,58.77066802978516,-0.0184166287841017,5.753968088399794e-06,1.0,20.0,0.8985378821444395,1.0,0.7205602925262138,0.10146211785556047,3,3,
2020-06-03,58.86399841308594,0.001588043601163,5.87301594870431e-06,1.0,20.0,0.8985378821444395,1.0,0.6966066605899408,0.10146211785556047,3,3,
2020-06-04,57.62533187866211,-0.021042854169221,5.55555557920819e-06,1.0,20.0,0.8985378821444395,1.0,0.6080837263543066,0.10146211785556047,3,3,
2020-06-05,59.04399871826172,0.0246188055382796,5.753968088399794e-06,1.0,20.0,0.8985378821444395,1.0,0.6621663730765616,0.10146211785556047,3,3,
2020-06-08,63.32799911499024,0.0725560681818036,6.071428457895913e-06,1.0,20.0,0.8985378821444395,1.0,0.784182522200974,0.10146211785556047,3,3,
2020-06-09,62.711334228515625,-0.0097376341443361,6.547619307798051e-06,1.0,20.0,0.8985378821444395,1.0,0.7592249183042811,0.10146211785556047,3,3,
2020-06-10,68.336669921875,0.0897020572526978,6.547619307798051e-06,1.0,20.0,0.8985378821444395,1.0,0.8091061082144584,0.10146211785556047,3,3,
2020-06-11,64.85600280761719,-0.0509341048991272,6.071428457895913e-06,1.0,20.0,0.8985378821444395,1.0,0.78577727184244,0.10146211785556047,3,3,
2020-06-12,62.35200119018555,-0.0386086331107897,5.952381188907317e-06,1.0,20.0,0.8985378821444395,1.0,0.6854060647338944,0.10146211785556047,3,3,
2020-06-15,66.05999755859375,0.0594687627923617,6.150793698098924e-06,1.0,20.0,0.8985378821444395,1.0,0.7926092192173293,0.10146211785556047,3,3,
2020-06-16,65.47533416748047,-0.0088504906557814,6.349206207290528e-06,1.0,20.0,0.8985378821444395,1.0,0.7632546814865744,0.10146211785556047,3,3,
2020-06-17,66.11933135986328,0.0098357221169047,6.547619307798051e-06,1.0,20.0,0.8985378821444395,1.0,0.7611685436567031,0.10146211785556047,3,3,
2020-06-18,66.9306640625,0.012270733625858,5.55555557920819e-06,1.0,20.0,0.8985378821444395,1.0,0.762890047959569,0.10146211785556047,3,3,
2020-06-19,66.72666931152344,-0.0030478518902198,5.674603439512706e-06,1.0,20.0,0.8985378821444395,1.0,0.7339285357273163,0.10146211785556047,3,3,
2020-06-22,66.28800201416016,-0.0065740925163715,5.55555557920819e-06,1.0,20.0,0.8985378821444395,1.0,0.6899624113600212,0.10146211785556047,3,3,
2020-06-23,66.78533172607422,0.0075025599927995,5.55555557920819e-06,1.0,20.0,0.8985378821444395,1.0,0.6845228549576821,0.10146211785556047,3,3,
2020-06-24,64.0566635131836,-0.0408572981876094,5.357143070016588e-06,1.0,20.0,0.8985378821444395,1.0,0.537289167786668,0.10146211785556047,3,3,
2020-06-25,65.73200225830078,0.0261540119830372,5.158729969509063e-06,1.0,20.0,0.8985378821444395,1.0,0.6074775050596849,0.10146211785556047,3,3,
2020-06-26,63.982666015625,-0.0266131592310482,5.277777829813576e-06,1.0,20.0,0.8985378821444395,1.0,0.5002243807388846,0.10146211785556047,3,3,
2020-06-29,67.29000091552734,0.0516911080118898,4.96031746031746e-06,1.0,20.0,0.8985378821444395,1.0,0.6515245688320513,0.10146211785556047,3,3,
2020-06-30,71.98733520507812,0.0698073149894527,5.357143070016588e-06,1.0,20.0,0.8985378821444395,1.0,0.7804997378981086,0.10146211785556047,3,3,
2020-07-01,74.64199829101562,0.0368768072658178,5.158729969509063e-06,1.0,20.0,0.8985378821444395,1.0,0.8018956207861899,0.10146211785556047,3,3,
2020-07-02,80.57733154296875,0.0795173412803385,5.277777829813576e-06,1.0,20.0,0.8985378821444395,1.0,0.8069171128061058,0.10146211785556047,3,3,
2020-07-06,91.43866729736328,0.1347939370342961,5.0793653206219725e-06,1.0,20.0,0.8985378821444395,1.0,0.7541038410539717,0.10146211785556047,3,3,
2020-07-07,92.65733337402344,0.0133276885225916,5.55555557920819e-06,1.0,20.0,0.8985378821444395,1.0,0.7711403685060286,0.10146211785556047,3,3,
2020-07-08,91.05867004394533,-0.0172535003098448,5.357143070016588e-06,1.0,20.0,0.8985378821444395,1.0,0.8056048347848451,0.10146211785556047,3,3,
2020-07-09,92.9520034790039,0.0207924564914558,4.880952515772409e-06,1.0,20.0,0.8985378821444395,1.0,0.8096623426461452,0.10146211785556047,3,3,
2020-07-10,102.97666931152344,0.1078477650541864,4.761904655467893e-06,1.0,20.0,0.8985378821444395,1.0,0.7621086557679327,0.10146211785556047,3,3,
2020-07-13,99.8040008544922,-0.0308095851054701,4.96031746031746e-06,1.0,20.0,0.8985378821444395,1.0,0.8116034595332289,0.10146211785556047,3,3,
2020-07-14,101.12000274658205,0.0131858630999019,5.277777829813576e-06,1.0,20.0,0.8985378821444395,1.0,0.8223759541995299,0.10146211785556047,3,3,
2020-07-15,103.06732940673828,0.0192575811636046,4.96031746031746e-06,1.0,20.0,0.8985378821444395,1.0,0.8244132330752291,0.10146211785556047,3,3,
2020-07-16,100.04266357421876,-0.0293465043668995,4.087301592032112e-06,1.0,20.0,0.8985378821444395,1.0,0.8544765552706443,0.10146211785556047,3,3,
2020-07-17,100.05599975585938,0.0001333049437524,4.166666536577163e-06,1.0,20.0,0.8985378821444395,1.0,0.8597270728775831,0.10146211785556047,3,3,
2020-07-20,109.53333282470705,0.0947202875586945,4.166666536577163e-06,1.0,20.0,0.8985378821444395,1.0,0.8186827938965333,0.10146211785556047,3,3,
2020-07-21,104.55733489990234,-0.0454290743875026,4.365079341426725e-06,1.0,20.0,0.8985378821444395,1.0,0.8567372668164398,0.10146211785556047,3,3,
2020-07-22,106.15533447265624,0.0152834765182541,3.96825402738556e-06,1.0,20.0,0.8985378821444395,1.0,0.856541776586472,0.10146211785556047,3,3,
2020-07-23,100.87133026123048,-0.0497761533857427,4.087301592032112e-06,1.0,20.0,0.8985378821444395,1.0,0.8512774971318029,0.10146211785556047,3,3,
2020-07-24,94.46666717529295,-0.0634933937061315,3.888888787182548e-06,1.0,20.0,0.8985378821444395,1.0,0.7465469774882343,0.10146211785556047,3,3,
2020-07-27,102.63999938964844,0.0865208063198523,3.690476277990945e-06,1.0,20.0,0.8985378821444395,1.0,0.8572353466395323,0.10146211785556047,3,3,
2020-07-28,98.43267059326172,-0.0409911225779979,4.087301592032112e-06,1.0,20.0,0.8985378821444395,1.0,0.80396765785603,0.10146211785556047,3,3,
2020-07-29,99.94066619873048,0.0153200720490458,3.571428713344389e-06,1.0,20.0,0.8985378821444395,1.0,0.813869718042044,0.10146211785556047,3,3,
2020-07-30,99.16600036621094,-0.0077512574408813,3.373015908494825e-06,1.0,20.0,0.8985378821444395,1.0,0.7870086409590904,0.10146211785556047,3,3,
2020-07-31,95.38400268554688,-0.0381380479871881,3.2936506682918174e-06,1.0,20.0,0.8985378821444395,1.0,0.6870943808787461,0.10146211785556047,3,3,
2020-08-03,99.0,0.0379098927770311,3.0952381591002142e-06,1.0,20.0,0.8985378821444395,1.0,0.7647875852707859,0.10146211785556047,3,3,
2020-08-04,99.13333129882812,0.0013467807962437,3.571428713344389e-06,1.0,20.0,0.8985378821444395,1.0,0.7519585724819358,0.10146211785556047,3,3,
2020-08-05,99.00133514404295,-0.0013315012524625,3.769841222535996e-06,1.0,20.0,0.8985378821444395,1.0,0.7333465056519004,0.10146211785556047,3,3,
2020-08-06,99.30533599853516,0.003070674289896,3.492063473141381e-06,1.0,20.0,0.8985378821444395,1.0,0.7220505106783892,0.10146211785556047,3,3,
2020-08-07,96.84733581542967,-0.0247519446804121,3.492063473141381e-06,1.0,20.0,0.8985378821444395,1.0,0.6447670119493303,0.10146211785556047,3,3,
2020-08-10,94.5713348388672,-0.0235009146859759,3.492063473141381e-06,1.0,20.0,0.8985378821444395,1.0,0.5698248544531701,0.10146211785556047,3,3,
2020-08-11,91.6259994506836,-0.0311440606522255,3.96825402738556e-06,1.0,20.0,0.8985378821444395,1.0,0.4835497330241033,0.10146211785556047,3,3,
2020-08-12,103.65066528320312,0.1312363947417745,3.96825402738556e-06,1.0,20.0,0.8985378821444395,1.0,0.7977987901047282,0.10146211785556047,3,3,
2020-08-13,108.06666564941406,0.0426046504780761,3.571428713344389e-06,1.0,20.0,0.8985378821444395,1.0,0.8305253322962796,0.10146211785556047,3,3,
2020-08-14,110.04733276367188,0.0183281967881143,3.492063473141381e-06,1.0,20.0,0.8985378821444395,1.0,0.833713364396038,0.10146211785556047,3,3,
2020-08-17,122.3759994506836,0.1120305815451947,3.373015908494825e-06,1.0,20.0,0.8985378821444395,1.0,0.8142440461549645,0.10146211785556047,3,3,
2020-08-18,125.80599975585938,0.0280283741956939,3.96825402738556e-06,1.0,20.0,0.8985378821444395,1.0,0.8146288509942728,0.10146211785556047,3,3,
2020-08-19,125.23533630371094,-0.0045360591168615,3.769841222535996e-06,1.0,20.0,0.8985378821444395,1.0,0.8326459872957247,0.10146211785556047,3,3,
2020-08-20,133.45533752441406,0.0656364366744592,3.492063473141381e-06,1.0,20.0,0.8985378821444395,1.0,0.8097185785399125,0.10146211785556047,3,3,
2020-08-21,136.6653289794922,0.0240529267290705,3.492063473141381e-06,1.0,20.0,0.8985378821444395,1.0,0.8127370429305143,0.10146211785556047,3,3,
2020-08-24,134.27999877929688,-0.0174538064482562,3.373015908494825e-06,1.0,20.0,0.8985378821444395,1.0,0.8407336915304167,0.10146211785556047,3,3,
2020-08-25,134.8893280029297,0.0045377511853743,3.769841222535996e-06,1.0,20.0,0.8985378821444395,1.0,0.8464383003199237,0.10146211785556047,3,3,
2020-08-26,143.54466247558594,0.0641661916535625,3.690476277990945e-06,1.0,20.0,0.8985378821444395,1.0,0.8214663101273938,0.10146211785556047,3,3,
2020-08-27,149.25,0.0397460792064241,3.769841222535996e-06,1.0,20.0,0.8985378821444395,1.0,0.81281364514874,0.10146211785556047,3,3,
2020-08-28,147.55999755859375,-0.0113232994399078,3.769841222535996e-06,1.0,20.0,0.8985378821444395,1.0,0.8367330532622851,0.10146211785556047,3,3,
2020-08-31,166.10667419433594,0.1256890549105465,3.769841222535996e-06,1.0,20.0,0.8985378821444395,1.0,0.7738916395143356,0.10146211785556047,3,3,
2020-09-01,158.35000610351562,-0.046696908046846,3.96825402738556e-06,1.0,20.0,0.8985378821444395,1.0,0.823277297272003,0.10146211785556047,3,3,
2020-09-02,149.1233367919922,-0.0582675652408364,3.96825402738556e-06,1.0,20.0,0.8985378821444395,1.0,0.8555670163658833,0.10146211785556047,3,3,
2020-09-03,135.6666717529297,-0.0902384920331604,3.96825402738556e-06,1.0,20.0,0.8985378821444395,1.0,0.7792627256510988,0.10146211785556047,3,3,
2020-09-04,139.44000244140625,0.0278132472752659,4.087301592032112e-06,1.0,20.0,0.8985378821444395,1.0,0.8159508822478175,0.10146211785556047,3,3,
2020-09-08,110.06999969482422,-0.2106282432039079,4.285714396881679e-06,1.0,20.0,0.8985378821444395,1.0,0.4509442026671505,0.10146211785556047,3,3,
2020-09-09,122.09333038330078,0.1092334943382573,4.166666536577163e-06,1.0,20.0,0.8985378821444395,1.0,0.6255904794075268,0.10146211785556047,3,3,
2020-09-10,123.77999877929688,0.0138145825877706,4.087301592032112e-06,1.0,20.0,0.8985378821444395,1.0,0.6516675237155938,0.10146211785556047,3,3,
2020-09-11,124.23999786376952,0.0037162634432792,4.087301592032112e-06,1.0,20.0,0.8985378821444395,1.0,0.6539241461237957,0.10146211785556047,3,3,
2020-09-14,139.8733367919922,0.1258317707423402,3.96825402738556e-06,1.0,20.0,0.8985378821444395,1.0,0.8249327611918532,0.10146211785556047,3,3,
2020-09-15,149.9199981689453,0.0718268514026634,3.96825402738556e-06,1.0,20.0,0.8985378821444395,1.0,0.8265286817365248,0.10146211785556047,3,3,
2020-09-16,147.25332641601562,-0.017787298462508,3.96825402738556e-06,1.0,20.0,0.8985378821444395,1.0,0.8349445402193443,0.10146211785556047,3,3,
2020-09-17,141.14332580566406,-0.0414931245294233,3.373015908494825e-06,1.0,20.0,0.8985378821444395,1.0,0.8109733523938565,0.10146211785556047,3,3,
2020-09-18,147.38333129882812,0.0442104184349159,3.2936506682918174e-06,1.0,20.0,0.8985378821444395,1.0,0.834085091522307,0.10146211785556047,3,3,
2020-09-21,149.79666137695312,0.016374511668703,3.1746031036452616e-06,1.0,20.0,0.8985378821444395,1.0,0.8375268233005744,0.10146211785556047,3,3,
2020-09-22,141.41000366210938,-0.0559869468234628,3.492063473141381e-06,1.0,20.0,0.8985378821444395,1.0,0.7784312770464091,0.10146211785556047,3,3,
2020-09-23,126.7866668701172,-0.1034109073848392,3.492063473141381e-06,1.0,20.0,0.8985378821444395,1.0,0.5516950368241406,0.10146211785556047,3,3,
2020-09-24,129.26333618164062,0.0195341463945935,3.690476277990945e-06,1.0,20.0,0.8985378821444395,1.0,0.594000579995742,0.10146211785556047,3,3,
2020-09-25,135.77999877929688,0.0504138512137659,3.571428713344389e-06,1.0,20.0,0.8985378821444395,1.0,0.7040065479973917,0.10146211785556047,3,3,
2020-09-28,140.39999389648438,0.0340255940397897,3.492063473141381e-06,1.0,20.0,0.8985378821444395,1.0,0.7580309066656267,0.10146211785556047,3,3,
2020-09-29,139.69000244140625,-0.0050569194155491,3.373015908494825e-06,1.0,20.0,0.8985378821444395,1.0,0.7347651503575094,0.10146211785556047,3,3,
2020-09-30,143.00332641601562,0.023719120314277,3.373015908494825e-06,1.0,20.0,0.8985378821444395,1.0,0.7635795721582199,0.10146211785556047,3,3,
2020-10-01,149.3866729736328,0.044637748768495,3.2936506682918174e-06,1.0,20.0,0.8985378821444395,1.0,0.8061028012174494,0.10146211785556047,3,3,
2020-10-02,138.3633270263672,-0.0737906918190171,3.373015908494825e-06,1.0,20.0,0.8985378821444395,1.0,0.6627127372422044,0.10146211785556047,3,3,
2020-10-05,141.89332580566406,0.0255125317897579,3.373015908494825e-06,1.0,20.0,0.8985378821444395,1.0,0.7073980535665377,0.10146211785556047,3,3,
2020-10-06,137.9933319091797,-0.0274853935119243,3.492063473141381e-06,1.0,20.0,0.8985378821444395,1.0,0.6276836762888862,0.10146211785556047,3,3,
2020-10-07,141.76666259765625,0.0273442972661894,3.492063473141381e-06,1.0,20.0,0.8985378821444395,1.0,0.6820258872976849,0.10146211785556047,3,3,
2020-10-08,141.97332763671875,0.0014577830589765,3.492063473141381e-06,1.0,20.0,0.8985378821444395,1.0,0.6669188590312632,0.10146211785556047,3,3,
2020-10-09,144.6666717529297,0.0189707754339791,3.690476277990945e-06,1.0,20.0,0.8985378821444395,1.0,0.6963345356718609,0.10146211785556047,3,3,
2020-10-12,147.43333435058594,0.0191243951639483,3.571428713344389e-06,1.0,20.0,0.8985378821444395,1.0,0.719075055068927,0.10146211785556047,3,3,
2020-10-13,148.88333129882812,0.0098349328842701,3.690476277990945e-06,1.0,20.0,0.8985378821444395,1.0,0.7216685841302212,0.10146211785556047,3,3,
2020-10-14,153.76666259765625,0.0327997181163728,3.96825402738556e-06,1.0,20.0,0.8985378821444395,1.0,0.7620723519332363,0.10146211785556047,3,3,
2020-10-15,149.6266632080078,-0.0269239074303192,3.769841222535996e-06,1.0,20.0,0.8985378821444395,1.0,0.6955725203363062,0.10146211785556047,3,3,
2020-10-16,146.55667114257812,-0.0205176804695688,3.571428713344389e-06,1.0,20.0,0.8985378821444395,1.0,0.6267033371520726,0.10146211785556047,3,3,
2020-10-19,143.61000061035156,-0.0201060143441705,3.571428713344389e-06,1.0,20.0,0.8985378821444395,1.0,0.5576378244832785,0.10146211785556047,3,3,
2020-10-20,140.64666748046875,-0.0206345875446588,3.769841222535996e-06,1.0,20.0,0.8985378821444395,1.0,0.4935691651589475,0.10146211785556047,3,3,
2020-10-21,140.8800048828125,0.0016590325709362,3.571428713344389e-06,1.0,20.0,0.8985378821444395,1.0,0.4866329888340078,0.10146211785556047,3,3,
2020-10-22,141.92999267578125,0.007453064711647,3.373015908494825e-06,1.0,20.0,0.8985378821444395,1.0,0.4934476506380001,0.10146211785556047,3,3,
2020-10-23,140.2100067138672,-0.0121185517556048,3.2936506682918174e-06,1.0,20.0,0.8985378821444395,1.0,0.4560430766492134,0.10146211785556047,3,3,
2020-10-26,140.0933380126953,-0.0008320996760948,3.1746031036452616e-06,1.0,20.0,0.8985378821444395,1.0,0.4449962509964201,0.10146211785556047,3,3,
2020-10-27,141.55999755859375,0.0104691598237565,3.571428713344389e-06,1.0,20.0,0.8985378821444395,1.0,0.4596767230713515,0.10146211785556047,3,3,
2020-10-28,135.33999633789062,-0.0439389751905624,3.571428713344389e-06,1.0,20.0,0.8985378821444395,1.0,0.3619392187543496,0.10146211785556047,3,3,
2020-10-29,136.94332885742188,0.0118467013663008,3.2936506682918174e-06,1.0,20.0,0.8985378821444395,1.0,0.3753455694490709,0.10146211785556047,3,3,
2020-10-30,129.34666442871094,-0.0554730521894949,3.2936506682918174e-06,1.0,20.0,0.8985378821444395,1.0,0.3012589923029073,0.10146211785556047,3,3,
2020-11-02,133.50332641601562,0.0321358266613487,3.2936506682918174e-06,1.0,20.0,0.8985378821444395,1.0,0.330096114455958,0.10146211785556047,3,3,
2020-11-03,141.3000030517578,0.0584006170111943,3.571428713344389e-06,1.0,20.0,0.8985378821444395,1.0,0.451832419762273,0.10146211785556047,3,3,
2020-11-04,140.32666015625,-0.0068884846035798,3.2936506682918174e-06,1.0,20.0,0.8985378821444395,1.0,0.4190272529359389,0.10146211785556047,3,3,
2020-11-05,146.02999877929688,0.0406433005438622,3.373015908494825e-06,1.0,20.0,0.8985378821444395,1.0,0.5194651630293731,0.10146211785556047,3,3,
2020-11-06,143.31666564941406,-0.0185806557047475,3.2936506682918174e-06,1.0,20.0,0.8985378821444395,1.0,0.4472488695054514,0.10146211785556047,3,3,
2020-11-09,140.4199981689453,-0.0202116583395449,3.492063473141381e-06,1.0,20.0,0.8985378821444395,1.0,0.3815253355931005,0.10146211785556047,3,3,
2020-11-10,136.7866668701172,-0.0258747425310226,3.571428713344389e-06,1.0,20.0,0.8985378821444395,1.0,0.320089778871219,0.10146211785556047,3,3,
2020-11-11,139.0433349609375,0.0164977197153513,3.571428713344389e-06,1.0,20.0,0.8985378821444395,1.0,0.3432248724977697,0.10146211785556047,3,3,
2020-11-12,137.25332641601562,-0.01287374576728,3.373015908494825e-06,1.0,20.0,0.8985378821444395,1.0,0.3098845579077486,0.10146211785556047,3,3,
2020-11-13,136.1666717529297,-0.0079171462831602,3.2936506682918174e-06,1.0,20.0,0.8985378821444395,1.0,0.2889930371641029,0.10146211785556047,3,3,
2020-11-16,136.02999877929688,-0.0010037182511209,2.9761905944536585e-06,1.0,20.0,0.8985378821444395,1.0,0.2806659375635947,0.10146211785556047,3,3,
2020-11-17,147.20333862304688,0.0821387925017795,3.1746031036452616e-06,1.0,20.0,0.8985378821444395,1.0,0.4804906891288615,0.10146211785556047,3,3,
2020-11-18,162.2133331298828,0.1019677586611877,2.9761905944536585e-06,1.0,20.0,0.8985378821444395,1.0,0.6940829410220796,0.10146211785556047,3,3,
2020-11-19,166.42333984375,0.0259535183245156,2.3809523277339444e-06,1.0,20.0,0.8985378821444395,1.0,0.7135377833537381,0.10146211785556047,3,3,
2020-11-20,163.20333862304688,-0.0193482550207578,2.3015872353599167e-06,1.0,20.0,0.8985378821444395,1.0,0.6722830582340041,0.10146211785556047,3,3,
2020-11-23,173.9499969482422,0.0658482750160953,2.777777789604095e-06,1.0,20.0,0.8985378821444395,1.0,0.7364804115545703,0.10146211785556047,3,3,
2020-11-24,185.1266632080078,0.0642521785331859,3.1746031036452616e-06,1.0,20.0,0.8985378821444395,1.0,0.7551167369154712,0.10146211785556047,3,3,
2020-11-25,191.3333282470703,0.0335265862383566,3.1746031036452616e-06,1.0,20.0,0.8985378821444395,1.0,0.7621148326897309,0.10146211785556047,3,3,
2020-11-27,195.2533264160156,0.0204877958527087,2.896825354250651e-06,1.0,20.0,0.8985378821444395,1.0,0.768406018673644,0.10146211785556047,3,3,
2020-11-30,189.1999969482422,-0.0310024396453861,2.9761905944536585e-06,1.0,20.0,0.8985378821444395,1.0,0.7750005156576116,0.10146211785556047,3,3,
2020-12-01,194.9199981689453,0.0302325650790993,3.1746031036452616e-06,1.0,20.0,0.8985378821444395,1.0,0.7814604295411481,0.10146211785556047,3,3,
2020-12-02,189.606674194336,-0.0272589986893189,2.9761905944536585e-06,1.0,20.0,0.8985378821444395,1.0,0.7658881518290519,0.10146211785556047,3,3,
2020-12-03,197.7933349609375,0.0431770706457868,2.9761905944536585e-06,1.0,20.0,0.8985378821444395,1.0,0.785912149598898,0.10146211785556047,3,3,
2020-12-04,199.67999267578125,0.0095385302806909,2.9761905944536585e-06,1.0,20.0,0.8985378821444395,1.0,0.7833943276250066,0.10146211785556047,3,3,
2020-12-07,213.9199981689453,0.0713141326897253,2.777777789604095e-06,1.0,20.0,0.8985378821444395,1.0,0.7895959476938095,0.10146211785556047,3,3,
2020-12-08,216.6266632080078,0.012652697560912,2.698412845059044e-06,1.0,20.0,0.8985378821444395,1.0,0.7928216149143361,0.10146211785556047,3,3,
2020-12-09,201.4933319091797,-0.0698590426253157,2.777777789604095e-06,1.0,20.0,0.8985378821444395,1.0,0.7628527065878072,0.10146211785556047,3,3,
2020-12-10,209.02333068847656,0.0373709576785941,2.777777789604095e-06,1.0,20.0,0.8985378821444395,1.0,0.7873846050161434,0.10146211785556047,3,3,
2020-12-11,203.3300018310547,-0.0272377673758681,2.579364984754532e-06,1.0,20.0,0.8985378821444395,1.0,0.7459047285080613,0.10146211785556047,3,3,
2020-12-14,213.27667236328125,0.0489188533057269,2.3809523277339444e-06,1.0,20.0,0.8985378821444395,1.0,0.7867856683007362,0.10146211785556047,3,3,
2020-12-15,211.0833282470703,-0.0102840319661164,2.777777789604095e-06,1.0,20.0,0.8985378821444395,1.0,0.7691561351114706,0.10146211785556047,3,3,
2020-12-16,207.58999633789065,-0.0165495396447925,2.9761905944536585e-06,1.0,20.0,0.8985378821444395,1.0,0.7287344801003415,0.10146211785556047,3,3,
2020-12-17,218.63333129882807,0.0531978185642547,3.1746031036452616e-06,1.0,20.0,0.8985378821444395,1.0,0.7825617781189995,0.10146211785556047,3,3,
2020-12-18,231.6666717529297,0.0596127789695875,3.1746031036452616e-06,1.0,20.0,0.8985378821444395,1.0,0.8077547899819348,0.10146211785556047,3,3,
2020-12-21,216.6199951171875,-0.0649496818937741,3.0952381591002142e-06,1.0,20.0,0.8985378821444395,1.0,0.7598302800445711,0.10146211785556047,3,3,
2020-12-22,213.44667053222656,-0.0146492690263622,3.0952381591002142e-06,1.0,20.0,0.8985378821444395,1.0,0.7166879096081883,0.10146211785556047,3,3,
2020-12-23,215.32666015625,0.0088077720741002,2.9761905944536585e-06,1.0,20.0,0.8985378821444395,1.0,0.7144205451691967,0.10146211785556047,3,3,
2020-12-24,220.58999633789065,0.0244434951892225,2.9761905944536585e-06,1.0,20.0,0.8985378821444395,1.0,0.7380228911022045,0.10146211785556047,3,3,
2020-12-28,221.22999572753903,0.002901307404113,3.1746031036452616e-06,1.0,20.0,0.8985378821444395,1.0,0.7304733915602983,0.10146211785556047,3,3,
2020-12-29,221.9966735839844,0.0034655239852265,3.571428713344389e-06,1.0,20.0,0.8985378821444395,1.0,0.7163286644329011,0.10146211785556047,3,3,
2020-12-30,231.5933380126953,0.0432288658824446,2.777777789604095e-06,1.0,20.0,0.8985378821444395,1.0,0.7627424345777075,0.10146211785556047,3,3,
2020-12-31,235.22332763671875,0.0156739811912225,2.579364984754532e-06,1.0,20.0,0.8985378821444395,1.0,0.7679443905660138,0.10146211785556047,3,3,
2021-01-04,243.2566680908203,0.0341519718082907,2.698412845059044e-06,1.0,0.0,0.9671726613325357,0.0,0.1119127735698613,0.0328273386674643,2,3,
2021-01-05,245.0366668701172,0.0073173689061312,3.0952381591002142e-06,1.0,0.0,0.13692946058091282,0.0,0.117983618761396,0.8630705394190872,1,3,
2021-01-06,251.9933319091797,0.0283903022674965,3.0952381591002142e-06,0.0,0.0,0.0328273386674643,0.0,0.1138644766158447,0.0328273386674643,2,2,
2021-01-07,272.0133361816406,0.079446563608581,3.1746031036452616e-06,0.0,0.0,0.0328273386674643,0.0,0.1532712205118266,0.0328273386674643,2,2,
2021-01-08,293.3399963378906,0.0784029947046744,3.1746031036452616e-06,0.0,0.0,0.0328273386674643,0.0,0.1972588066682775,0.0328273386674643,2,2,
2021-01-11,270.39666748046875,-0.0782141172150082,3.1746031036452616e-06,0.0,0.0,0.0328273386674643,0.0,0.1232134967974605,0.0328273386674643,2,2,
2021-01-12,283.14666748046875,0.0471529479960064,3.1746031036452616e-06,0.0,0.0,0.0328273386674643,0.0,0.139069216444406,0.0328273386674643,2,2,
2021-01-13,284.8033447265625,0.0058509508899942,3.1746031036452616e-06,0.0,0.0,0.0328273386674643,0.0,0.1362275893164514,0.0328273386674643,2,2,
2021-01-14,281.6666564941406,-0.0110135231572978,2.9761905944536585e-06,0.0,0.0,0.0328273386674643,0.0,0.1214933752818736,0.0328273386674643,2,2,
2021-01-15,275.3866577148437,-0.022295854459534,2.9761905944536585e-06,0.0,0.0,0.0328273386674643,0.0,0.1204676685600662,0.0328273386674643,2,2,
2021-01-19,281.51666259765625,0.022259629183488,2.896825354250651e-06,0.0,0.0,0.0328273386674643,0.0,0.1193905582654147,0.0328273386674643,2,2,
2021-01-20,283.4833374023437,0.0069859978679067,2.9761905944536585e-06,0.0,0.0,0.0328273386674643,0.0,0.1228866343651487,0.0328273386674643,2,2,
2021-01-21,281.663330078125,-0.0064201562634899,2.896825354250651e-06,0.0,0.0,0.0328273386674643,0.0,0.130859745460748,0.0328273386674643,2,2,
2021-01-22,282.2133178710937,0.0019526425140827,2.777777789604095e-06,0.0,0.0,0.0328273386674643,0.0,0.1420613826387177,0.0328273386674643,2,2,
2021-01-25,293.6000061035156,0.0403478061146038,2.777777789604095e-06,0.0,0.0,0.0328273386674643,0.0,0.1276730568064995,0.0328273386674643,2,2,
2021-01-26,294.36334228515625,0.0025999188207492,2.698412845059044e-06,0.0,0.0,0.0328273386674643,0.0,0.1317865444607409,0.0328273386674643,2,2,
2021-01-27,288.0533447265625,-0.0214360847706407,2.3809523277339444e-06,0.0,0.0,0.0328273386674643,0.0,0.1535051168280422,0.0328273386674643,2,2,
2021-01-28,278.4766540527344,-0.0332462401466606,2.182539670713361e-06,0.0,0.0,0.0328273386674643,0.0,0.2254549445053076,0.0328273386674643,2,2,
2021-01-29,264.510009765625,-0.0501537349140389,1.90476192131875e-06,0.0,0.0,0.0328273386674643,0.0,0.3708727420745465,0.0328273386674643,2,2,
2021-02-01,279.9366760253906,0.0583216728676345,1.90476192131875e-06,0.0,0.0,0.0328273386674643,0.0,0.2089049852610321,0.0328273386674643,2,2,
2021-02-02,290.92999267578125,0.0392707265317158,1.984127013692778e-06,0.0,0.0,0.0328273386674643,0.0,0.154078212287664,0.0328273386674643,2,2,
2021-02-03,284.89666748046875,-0.0207380653325632,1.5873015518226308e-06,0.0,0.0,0.0328273386674643,0.0,0.1982483109701434,0.0328273386674643,2,2,
2021-02-04,283.3299865722656,-0.0054991198109066,1.1904761638669722e-06,0.0,0.0,0.0328273386674643,0.0,0.2257050757907267,0.0328273386674643,2,2,
2021-02-05,284.07666015625,0.0026353496607176,9.126984144723572e-07,0.0,0.0,0.0328273386674643,0.0,0.2327740959015308,0.0328273386674643,2,2,
2021-02-08,287.8066711425781,0.0131302972383458,7.936507759113135e-07,0.0,0.0,0.0328273386674643,0.0,0.2144600271105692,0.0328273386674643,2,2,
2021-02-09,283.1533203125,-0.0161683216431521,1.309523802428016e-06,0.0,0.0,0.0328273386674643,0.0,0.2722736256598541,0.0328273386674643,2,2,
2021-02-10,268.2733459472656,-0.0525509443039983,1.3888888948020476e-06,0.0,0.0,0.0328273386674643,0.0,0.4461376603106742,0.0328273386674643,2,2,
2021-02-11,270.5533447265625,0.0084987898117356,1.3888888948020476e-06,0.0,0.0,0.0328273386674643,0.0,0.4236088199013939,0.0328273386674643,2,2,
2021-02-12,272.0400085449219,0.0054949009034128,1.3888888948020476e-06,0.0,0.0,0.0328273386674643,0.0,0.407023137938166,0.0328273386674643,2,2,
2021-02-16,265.4066772460937,-0.0243836608236719,1.3888888948020476e-06,0.0,0.0,0.0328273386674643,0.0,0.492930347005893,0.0328273386674643,2,2,
2021-02-17,266.04998779296875,0.0024238672272685,1.3888888948020476e-06,0.0,0.0,0.0328273386674643,0.0,0.4850174620347465,0.0328273386674643,2,2,
2021-02-18,262.4599914550781,-0.0134936910453242,9.126984144723572e-07,0.0,0.0,0.8630705394190872,1.0,0.5285599058710756,0.8630705394190872,1,2,
2021-02-19,260.4333190917969,-0.0077218335337335,9.126984144723572e-07,1.0,0.0,0.9050656660412758,1.0,0.5563558980868338,0.0949343339587242,3,3,
2021-02-22,238.1666717529297,-0.0854984585555993,9.92063506846389e-07,1.0,0.0,0.9050656660412758,1.0,0.6834400398078627,0.0949343339587242,3,3,
2021-02-23,232.94667053222656,-0.0219174294299173,9.126984144723572e-07,1.0,0.0,0.9050656660412758,1.0,0.7007435158812158,0.0949343339587242,3,3,
2021-02-24,247.33999633789065,0.0617880726639228,1.1111111454074327e-06,1.0,0.0,0.9050656660412758,1.0,0.6289399230137752,0.0949343339587242,3,3,
2021-02-25,227.4066619873047,-0.0805908249604527,1.309523802428016e-06,1.0,0.0,0.9050656660412758,1.0,0.7122466564639076,0.0949343339587242,3,3,
2021-02-26,225.1666717529297,-0.0098501522110203,1.3888888948020476e-06,1.0,0.0,0.9050656660412758,1.0,0.7258169989311948,0.0949343339587242,3,3,
2021-03-01,239.47666931152344,0.0635529114819255,1.1111111454074327e-06,1.0,0.0,0.9050656660412758,1.0,0.6644680410022408,0.0949343339587242,3,3,
2021-03-02,228.81333923339844,-0.044527636486599,1.3888888948020476e-06,1.0,0.0,0.9050656660412758,1.0,0.7269696169334399,0.0949343339587242,3,3,
2021-03-03,217.7333374023437,-0.0484237582833958,1.3888888948020476e-06,1.0,0.0,0.9050656660412758,1.0,0.7461439966859506,0.0949343339587242,3,3,
2021-03-04,207.14666748046875,-0.0486221818311273,1.1111111454074327e-06,1.0,0.0,0.9050656660412758,1.0,0.746194756803697,0.0949343339587242,3,3,
2021-03-05,199.3166656494141,-0.0377993135312829,1.1111111454074327e-06,1.0,0.0,0.9050656660412758,1.0,0.745214328745776,0.0949343339587242,3,3,
2021-03-08,187.6666717529297,-0.0584496728285433,1.3888888948020476e-06,1.0,0.0,0.9050656660412758,1.0,0.7308853356076103,0.0949343339587242,3,3,
2021-03-09,224.52667236328125,0.1964120760817838,1.3888888948020476e-06,1.0,0.0,0.9050656660412758,1.0,0.6421711079625422,0.0949343339587242,3,3,
2021-03-10,222.6866607666016,-0.0081950691083264,1.1904761638669722e-06,1.0,0.0,0.9050656660412758,1.0,0.6736743026505375,0.0949343339587242,3,3,
2021-03-11,233.1999969482422,0.0472113423653142,1.1111111454074327e-06,1.0,0.0,0.9050656660412758,1.0,0.5353013904814817,0.0949343339587242,3,3,
2021-03-12,231.2433319091797,-0.008390501992574,9.92063506846389e-07,1.0,0.0,0.9050656660412758,1.0,0.5822500300902427,0.0949343339587242,3,3,
2021-03-15,235.97999572753903,0.0204834612062225,5.952380819334841e-07,1.0,0.0,0.9050656660412758,1.0,0.5210103095457943,0.0949343339587242,3,3,
2021-03-16,225.6266632080078,-0.0438737719594042,3.17460332538873e-07,1.0,0.0,0.9050656660412758,1.0,0.6854741456103585,0.0949343339587242,3,3,
2021-03-17,233.9366607666016,0.0368307426101173,3.17460332538873e-07,1.0,0.0,0.9050656660412758,1.0,0.5743521101084111,0.0949343339587242,3,3,
2021-03-18,217.72000122070312,-0.0693207276395118,1.1904762008242065e-07,1.0,0.0,0.9050656660412758,1.0,0.7579449158623563,0.0949343339587242,3,3,
2021-03-19,218.2899932861328,0.0026180050626212,1.9841269397782539e-07,1.0,0.0,0.9050656660412758,1.0,0.7553020800825566,0.0949343339587242,3,3,
2021-03-22,223.3333282470703,0.0231038302993886,1.9841269397782539e-07,1.0,0.0,0.9050656660412758,1.0,0.7312701726340667,0.0949343339587242,3,3,
2021-03-23,220.72000122070312,-0.0117014645636592,3.9682538795565474e-07,1.0,0.0,0.9050656660412758,1.0,0.7639649975245199,0.0949343339587242,3,3,
2021-03-24,210.08999633789065,-0.0481605872781021,5.952380819334841e-07,1.0,0.0,0.9050656660412758,1.0,0.7983401247334854,0.0949343339587242,3,3,
2021-03-25,213.4633331298828,0.0160566274015578,5.952380819334841e-07,1.0,0.0,0.9050656660412758,1.0,0.8020136989135279,0.0949343339587242,3,3,
2021-03-26,206.2366638183593,-0.0338543824157679,5.952380819334841e-07,1.0,0.0,0.9050656660412758,1.0,0.8125699253170895,0.0949343339587242,3,3,
2021-03-29,203.76333618164065,-0.0119926670211121,3.17460332538873e-07,1.0,0.0,0.9050656660412758,1.0,0.8183583282794483,0.0949343339587242,3,3,
2021-03-30,211.8733367919922,0.0398010788512122,5.158730265167024e-07,1.0,0.0,0.9050656660412758,1.0,0.8114919862419804,0.0949343339587242,3,3,
2021-03-31,222.6433258056641,0.0508322055844403,5.158730265167024e-07,1.0,0.0,0.9050656660412758,1.0,0.7117131375423323,0.0949343339587242,3,3,
2021-04-01,220.5833282470703,-0.00925245592312,3.17460332538873e-07,1.0,0.0,0.9050656660412758,1.0,0.761114431172353,0.0949343339587242,3,3,
2021-04-05,230.3500061035156,0.0442765912277189,5.952380819334841e-07,1.0,0.0,0.9050656660412758,1.0,0.6256692181026384,0.0949343339587242,3,3,
2021-04-06,230.5399932861328,0.0008247761127986,5.952380819334841e-07,1.0,0.0,0.9050656660412758,1.0,0.6505085742927528,0.0949343339587242,3,3,
2021-04-07,223.6566619873047,-0.0298574282089308,3.9682538795565474e-07,1.0,0.0,0.9050656660412758,1.0,0.7752029251557774,0.0949343339587242,3,3,
2021-04-08,227.933334350586,0.0191215961343644,1.9841269397782539e-07,1.0,0.0,0.9050656660412758,1.0,0.7295670579667176,0.0949343339587242,3,3,
2021-04-09,225.67333984375,-0.009915155733035,1.1904762008242065e-07,1.0,0.0,0.9050656660412758,1.0,0.774184009998561,0.0949343339587242,3,3,
2021-04-12,233.9933319091797,0.0368674123012944,3.9682538795565474e-07,1.0,0.0,0.9050656660412758,1.0,0.647920040329776,0.0949343339587242,3,3,
2021-04-13,254.106674194336,0.085956903647848,5.952380819334841e-07,1.0,0.0,0.9671726613325357,0.0,0.3073036741945046,0.0328273386674643,2,3,
2021-04-14,244.07666015625,-0.0394716670464752,5.952380819334841e-07,1.0,0.0,0.13692946058091282,0.0,0.4966522181675412,0.8630705394190872,1,3,
2021-04-15,246.2833404541016,0.0090409312239807,3.9682538795565474e-07,0.0,0.0,0.0328273386674643,0.0,0.4854467427914484,0.0328273386674643,2,2,
2021-04-16,246.5933380126953,0.0012587029151958,3.17460332538873e-07,0.0,0.0,0.8630705394190872,1.0,0.5140017887609716,0.8630705394190872,1,2,
2021-04-19,238.2100067138672,-0.0339965846863086,5.952380819334841e-07,1.0,0.0,0.9050656660412758,1.0,0.6912475940137237,0.0949343339587242,3,3,
2021-04-20,239.663330078125,0.0061010172675219,5.952380819334841e-07,1.0,0.0,0.9050656660412758,1.0,0.6901475374626566,0.0949343339587242,3,3,
2021-04-21,248.0399932861328,0.0349517934398941,5.158730265167024e-07,1.0,0.0,0.9050656660412758,1.0,0.540729736805598,0.0949343339587242,3,3,
2021-04-22,239.89666748046875,-0.0328306967669932,5.952380819334841e-07,1.0,0.0,0.9050656660412758,1.0,0.7204946786801543,0.0949343339587242,3,3,
2021-04-23,243.13333129882807,0.0134919082134512,5.952380819334841e-07,1.0,0.0,0.9050656660412758,1.0,0.6812235859899247,0.0949343339587242,3,3,
2021-04-26,246.0666656494141,0.0120647150060257,3.17460332538873e-07,1.0,0.0,0.9050656660412758,1.0,0.6519700937565952,0.0949343339587242,3,3,
2021-04-27,234.913330078125,-0.0453264790736829,3.9682538795565474e-07,1.0,0.0,0.9050656660412758,1.0,0.8095769053644934,0.0949343339587242,3,3,
2021-04-28,231.46665954589844,-0.0146720943042283,3.17460332538873e-07,1.0,0.0,0.9050656660412758,1.0,0.8325588571080016,0.0949343339587242,3,3,
2021-04-29,225.6666717529297,-0.0250575517197484,3.17460332538873e-07,1.0,0.0,0.9050656660412758,1.0,0.8481186684342209,0.0949343339587242,3,3,
2021-04-30,236.47999572753903,0.047917239575582,1.1904762008242065e-07,1.0,0.0,0.9050656660412758,1.0,0.7993486231918305,0.0949343339587242,3,3,
2021-05-03,228.3000030517578,-0.0345906327113005,1.9841269397782539e-07,1.0,0.0,0.9050656660412758,1.0,0.850343276738356,0.0949343339587242,3,3,
2021-05-04,224.5333404541016,-0.0164987408992819,3.9682538795565474e-07,1.0,0.0,0.9050656660412758,1.0,0.8645633698940216,0.0949343339587242,3,3,
2021-05-05,223.64666748046875,-0.0039489590803736,3.17460332538873e-07,1.0,0.0,0.9050656660412758,1.0,0.8682807393443629,0.0949343339587242,3,3,
2021-05-06,221.17999267578125,-0.0110293385207849,3.17460332538873e-07,1.0,0.0,0.9050656660412758,1.0,0.8739263349635302,0.0949343339587242,3,3,
2021-05-07,224.1233367919922,0.0133074609534211,3.17460332538873e-07,1.0,0.0,0.9050656660412758,1.0,0.8776647073171266,0.0949343339587242,3,3,
2021-05-10,209.67999267578125,-0.0644437313978407,1.9841269397782539e-07,1.0,0.0,0.9050656660412758,1.0,0.8475602548684605,0.0949343339587242,3,3,
2021-05-11,205.7333374023437,-0.0188222787642886,3.9682538795565474e-07,1.0,0.0,0.9050656660412758,1.0,0.8509426463673357,0.0949343339587242,3,3,
2021-05-12,196.6300048828125,-0.0442482129268539,3.9682538795565474e-07,1.0,0.0,0.9050656660412758,1.0,0.8206090948363266,0.0949343339587242,3,3,
2021-05-13,190.56333923339844,-0.0308532039808964,3.17460332538873e-07,1.0,0.0,0.9050656660412758,1.0,0.8076948338309078,0.0949343339587242,3,3,
2021-05-14,196.5800018310547,0.0315730329971135,1.9841269397782539e-07,1.0,0.0,0.9050656660412758,1.0,0.8560960308981664,0.0949343339587242,3,3,
2021-05-17,192.27667236328125,-0.0218909829468402,1.9841269397782539e-07,1.0,0.0,0.9050656660412758,1.0,0.8485755672512191,0.0949343339587242,3,3,
2021-05-18,192.6233367919922,0.0018029458511532,3.9682538795565474e-07,1.0,0.0,0.9050656660412758,1.0,0.8627574339392531,0.0949343339587242,3,3,
2021-05-19,187.82000732421875,-0.0249363838658884,1.9841269397782539e-07,1.0,0.0,0.9050656660412758,1.0,0.8522686268602929,0.0949343339587242,3,3,
2021-05-20,195.5933380126953,0.0413871280233637,1.1904762008242065e-07,1.0,0.0,0.9050656660412758,1.0,0.9005270635321833,0.0949343339587242,3,3,
2021-05-21,193.6266632080078,-0.0100549171289251,1.1904762008242065e-07,1.0,0.0,0.9050656660412758,1.0,0.898185647154386,0.0949343339587242,3,3,
2021-05-24,202.14666748046875,0.0440022264046771,1.1904762008242065e-07,1.0,0.0,0.9050656660412758,1.0,0.9207763917594368,0.0949343339587242,3,3,
2021-05-25,201.56333923339844,-0.0028856683829658,3.9682538795565474e-07,1.0,0.0,0.9050656660412758,1.0,0.924445933234736,0.0949343339587242,3,3,
2021-05-26,206.3766632080078,0.0238799575007826,1.9841269397782539e-07,1.0,0.0,0.9050656660412758,1.0,0.9157560714861178,0.0949343339587242,3,3,
2021-05-27,210.2833404541016,0.0189298401542437,1.9841269397782539e-07,1.0,0.0,0.9050656660412758,1.0,0.8889170796634488,0.0949343339587242,3,3,
2021-05-28,208.4066619873047,-0.0089245228021594,3.17460332538873e-07,1.0,0.0,0.9050656660412758,1.0,0.9160499148886044,0.0949343339587242,3,3,
2021-06-01,207.96665954589844,-0.0021112685996239,3.9682538795565474e-07,1.0,0.0,0.9050656660412758,1.0,0.924064725523724,0.0949343339587242,3,3,
2021-06-02,201.7066650390625,-0.0301009523377681,5.952380819334841e-07,1.0,0.0,0.9050656660412758,1.0,0.9312681755222644,0.0949343339587242,3,3,
2021-06-03,190.94667053222656,-0.0533447643128309,5.952380819334841e-07,1.0,0.0,0.9050656660412758,1.0,0.8890293057384185,0.0949343339587242,3,3,
2021-06-04,199.683334350586,0.0457544705755155,5.952380819334841e-07,1.0,0.0,0.9050656660412758,1.0,0.9275620249876984,0.0949343339587242,3,3,
2021-06-07,201.7100067138672,0.0101494316983055,7.142856835372857e-07,1.0,0.0,0.9050656660412758,1.0,0.9307787971963454,0.0949343339587242,3,3,
2021-06-08,201.19667053222656,-0.0025449217418787,7.936507759113135e-07,1.0,0.0,0.9050656660412758,1.0,0.9341497864593316,0.0949343339587242,3,3,
2021-06-09,199.5933380126953,-0.007968981371759,7.936507759113135e-07,1.0,0.0,0.9050656660412758,1.0,0.930716233202296,0.0949343339587242,3,3,
2021-06-10,203.3733367919922,0.0189385017402556,7.936507759113135e-07,1.0,0.0,0.9050656660412758,1.0,0.9320427123818092,0.0949343339587242,3,3,
2021-06-11,203.29666137695312,-0.0003770180312155,7.142856835372857e-07,1.0,0.0,0.9050656660412758,1.0,0.9365235668290052,0.0949343339587242,3,3,
2021-06-14,205.89666748046875,0.0127892218490233,5.952380819334841e-07,1.0,0.0,0.9050656660412758,1.0,0.9303354648273644,0.0949343339587242,3,3,
2021-06-15,199.7866668701172,-0.0296750825796204,7.936507759113135e-07,1.0,0.0,0.9050656660412758,1.0,0.9335645202689088,0.0949343339587242,3,3,
2021-06-16,201.6233367919922,0.009193155632698,1.1111111454074327e-06,1.0,0.0,0.9050656660412758,1.0,0.9385649024413808,0.0949343339587242,3,3,
2021-06-17,205.5333404541016,0.0193926145867886,1.1111111454074327e-06,1.0,0.0,0.9050656660412758,1.0,0.9326814478072144,0.0949343339587242,3,3,
2021-06-18,207.7700042724609,0.0108822433062085,1.1111111454074327e-06,1.0,0.0,0.9050656660412758,1.0,0.9232431823324048,0.0949343339587242,3,3,
2021-06-21,206.94332885742188,-0.003978800587379,1.1904761638669722e-06,1.0,0.0,0.9050656660412758,1.0,0.931620901951741,0.0949343339587242,3,3,
2021-06-22,207.90333557128903,0.0046389836249738,1.5079364594485992e-06,1.0,0.0,0.9050656660412758,1.0,0.9270469300378849,0.0949343339587242,3,3,
2021-06-23,218.856674194336,0.0526847661820755,1.5873015518226308e-06,1.0,0.0,0.9050656660412758,1.0,0.7993263874986299,0.0949343339587242,3,3,
2021-06-24,226.606674194336,0.0354113029841545,1.7063492642981665e-06,1.0,0.0,0.9050656660412758,1.0,0.6834624327093459,0.0949343339587242,3,3,
2021-06-25,223.9566650390625,-0.0116943120263124,1.7063492642981665e-06,1.0,0.0,0.9050656660412758,1.0,0.7818745902490801,0.0949343339587242,3,3,
2021-06-28,229.5733337402344,0.0250792656704021,1.5873015518226308e-06,1.0,0.0,0.9050656660412758,1.0,0.6978545512491362,0.0949343339587242,3,3,
2021-06-29,226.9199981689453,-0.011557681931349,1.5873015518226308e-06,1.0,0.0,0.9050656660412758,1.0,0.7876382620351864,0.0949343339587242,3,3,
2021-06-30,226.5666656494141,-0.0015570796861551,1.5873015518226308e-06,1.0,0.0,0.9050656660412758,1.0,0.8203690000727061,0.0949343339587242,3,3,
2021-07-01,225.97332763671875,-0.0026188230779432,1.5873015518226308e-06,1.0,0.0,0.9050656660412758,1.0,0.8462599704929272,0.0949343339587242,3,3,
2021-07-02,226.3000030517578,0.0014456370513082,1.5079364594485992e-06,1.0,0.0,0.9050656660412758,1.0,0.8492222200486038,0.0949343339587242,3,3,
2021-07-06,219.8600006103516,-0.0284578097859473,1.5873015518226308e-06,1.0,0.0,0.9050656660412758,1.0,0.9170753329664229,0.0949343339587242,3,3,
2021-07-07,214.88333129882807,-0.0226356285713992,1.7063492642981665e-06,1.0,0.0,0.9050656660412758,1.0,0.9256824759303912,0.0949343339587242,3,3,
2021-07-08,217.60333251953125,0.0126580372905733,1.7063492642981665e-06,1.0,0.0,0.9050656660412758,1.0,0.9350162291457356,0.0949343339587242,3,3,
2021-07-09,218.9833374023437,0.0063418370795795,1.7063492642981665e-06,1.0,0.0,0.9050656660412758,1.0,0.9329319657387806,0.0949343339587242,3,3,
2021-07-12,228.5666656494141,0.0437628194032986,1.7063492642981665e-06,1.0,0.0,0.9050656660412758,1.0,0.8375848483661483,0.0949343339587242,3,3,
2021-07-13,222.8466644287109,-0.025025526817094,1.7857143566721944e-06,1.0,0.0,0.9050656660412758,1.0,0.9178709630514258,0.0949343339587242,3,3,
2021-07-14,217.7933349609375,-0.0226762625356233,1.7857143566721944e-06,1.0,0.0,0.9050656660412758,1.0,0.9364910192251268,0.0949343339587242,3,3,
2021-07-15,216.86666870117188,-0.0042547962265779,1.5079364594485992e-06,1.0,0.0,0.9050656660412758,1.0,0.9385908357933828,0.0949343339587242,3,3,
2021-07-16,214.7400054931641,-0.0098063165757306,1.5079364594485992e-06,1.0,0.0,0.9050656660412758,1.0,0.9315372700175336,0.0949343339587242,3,3,
2021-07-19,215.4066619873047,0.0031044820577776,1.5873015518226308e-06,1.0,0.0,0.9050656660412758,1.0,0.9424537160292628,0.0949343339587242,3,3,
2021-07-20,220.1666717529297,0.0220977834283766,1.7857143566721944e-06,1.0,0.0,0.9050656660412758,1.0,0.9319567660090512,0.0949343339587242,3,3,
2021-07-21,218.42999267578125,-0.0078880198502402,1.7857143566721944e-06,1.0,0.0,0.9050656660412758,1.0,0.9383727539361966,0.0949343339587242,3,3,
2021-07-22,216.4199981689453,-0.0092020078479763,1.7063492642981665e-06,1.0,0.0,0.9050656660412758,1.0,0.939785594938036,0.0949343339587242,3,3,
2021-07-23,214.4600067138672,-0.0090564248759862,1.7857143566721944e-06,1.0,0.0,0.9050656660412758,1.0,0.9404102805518508,0.0949343339587242,3,3,
2021-07-26,219.2066650390625,0.0221330699272443,1.5873015518226308e-06,1.0,0.0,0.9050656660412758,1.0,0.9297129288598228,0.0949343339587242,3,3,
2021-07-27,214.9266662597656,-0.0195249481968726,1.7857143566721944e-06,1.0,0.0,0.9050656660412758,1.0,0.9429054522223372,0.0949343339587242,3,3,
2021-07-28,215.6600036621093,0.0034120354402993,1.7857143566721944e-06,1.0,0.0,0.9050656660412758,1.0,0.9398989959328368,0.0949343339587242,3,3,
2021-07-29,225.7833404541016,0.0469411880742305,1.5873015518226308e-06,1.0,0.0,0.9050656660412758,1.0,0.8789681773877291,0.0949343339587242,3,3,
2021-07-30,229.0666656494141,0.0145419285085826,1.5873015518226308e-06,1.0,0.0,0.9050656660412758,1.0,0.8418277710364719,0.0949343339587242,3,3,
2021-08-02,236.55667114257807,0.0326979286660042,1.5079364594485992e-06,1.0,0.0,0.9050656660412758,1.0,0.7384179157809292,0.0949343339587242,3,3,
2021-08-03,236.5800018310547,9.862621233192036e-05,1.7857143566721944e-06,1.0,0.0,0.9050656660412758,1.0,0.7653287868942319,0.0949343339587242,3,3,
2021-08-04,236.97332763671875,0.0016625488317687,1.7857143566721944e-06,1.0,0.0,0.9050656660412758,1.0,0.778896261814396,0.0949343339587242,3,3,
2021-08-05,238.2100067138672,0.0052186424923073,1.7063492642981665e-06,1.0,0.0,0.9050656660412758,1.0,0.776964172137614,0.0949343339587242,3,3,
2021-08-06,233.0333404541016,-0.0217315230840982,1.7063492642981665e-06,1.0,0.0,0.9050656660412758,1.0,0.8567706628618913,0.0949343339587242,3,3,
2021-08-09,237.9199981689453,0.0209697792827467,1.7857143566721944e-06,1.0,0.0,0.9050656660412758,1.0,0.810409619704532,0.0949343339587242,3,3,
2021-08-10,236.663330078125,-0.0052818934956782,1.984127013692778e-06,1.0,0.0,0.9050656660412758,1.0,0.8403239213954267,0.0949343339587242,3,3,
2021-08-11,235.94000244140625,-0.0030563570472872,1.7857143566721944e-06,1.0,0.0,0.9050656660412758,1.0,0.8515700205882814,0.0949343339587242,3,3,
2021-08-12,240.75,0.020386528392057,1.7063492642981665e-06,1.0,0.0,0.9050656660412758,1.0,0.8099263159875142,0.0949343339587242,3,3,
2021-08-13,239.05667114257807,-0.0070335570401741,1.7857143566721944e-06,1.0,0.0,0.9050656660412758,1.0,0.8389605755194933,0.0949343339587242,3,3,
2021-08-16,228.72332763671875,-0.0432254973537061,2.3015872353599167e-06,1.0,0.0,0.9050656660412758,1.0,0.9178128963212971,0.0949343339587242,3,3,
2021-08-17,221.90333557128903,-0.0298176497163503,2.5000000402094805e-06,1.0,0.0,0.9050656660412758,1.0,0.9233122826364124,0.0949343339587242,3,3,
2021-08-18,229.663330078125,0.0349701571040286,2.182539670713361e-06,1.0,0.0,0.9050656660412758,1.0,0.9263207394251703,0.0949343339587242,3,3,
2021-08-19,224.4900054931641,-0.0225256882899028,1.7063492642981665e-06,1.0,0.0,0.9050656660412758,1.0,0.932725582085134,0.0949343339587242,3,3,
2021-08-20,226.7533264160156,0.0100820565168564,1.7063492642981665e-06,1.0,0.0,0.9050656660412758,1.0,0.9289431810459344,0.0949343339587242,3,3,
2021-08-23,235.433334350586,0.0382795175345984,1.5873015518226308e-06,1.0,0.0,0.9050656660412758,1.0,0.8847353879569969,0.0949343339587242,3,3,
2021-08-24,236.163330078125,0.0031006472789956,1.90476192131875e-06,1.0,0.0,0.9050656660412758,1.0,0.8825531754948778,0.0949343339587242,3,3,
2021-08-25,237.0666656494141,0.0038250458739308,1.7857143566721944e-06,1.0,0.0,0.9050656660412758,1.0,0.878977829791792,0.0949343339587242,3,3,
2021-08-26,233.72000122070312,-0.0141169759972081,1.7063492642981665e-06,1.0,0.0,0.9050656660412758,1.0,0.9059251571277844,0.0949343339587242,3,3,
2021-08-27,237.30667114257807,0.0153460119080182,1.7063492642981665e-06,1.0,0.0,0.9050656660412758,1.0,0.8837505991529072,0.0949343339587242,3,3,
2021-08-30,243.6366729736328,0.0266743526449433,1.5079364594485992e-06,1.0,0.0,0.9050656660412758,1.0,0.816706544701856,0.0949343339587242,3,3,
2021-08-31,245.2400054931641,0.0065808340754383,1.5873015518226308e-06,1.0,0.0,0.9050656660412758,1.0,0.8076922563165798,0.0949343339587242,3,3,
2021-09-01,244.69667053222656,-0.0022155233598405,1.5873015518226308e-06,1.0,0.0,0.9050656660412758,1.0,0.8322436493320076,0.0949343339587242,3,3,
2021-09-02,244.1300048828125,-0.0023157881477566,1.5873015518226308e-06,1.0,0.0,0.9050656660412758,1.0,0.8481425210445228,0.0949343339587242,3,3,
2021-09-03,244.52333068847656,0.0016111325842673,1.5873015518226308e-06,1.0,0.0,0.9050656660412758,1.0,0.84842503976016,0.0949343339587242,3,3,
2021-09-07,250.97332763671875,0.0263778385893962,1.3888888948020476e-06,1.0,0.0,0.9050656660412758,1.0,0.7772268158279879,0.0949343339587242,3,3,
2021-09-08,251.2899932861328,0.0012617502122473,1.5873015518226308e-06,1.0,0.0,0.9050656660412758,1.0,0.7875202140663768,0.0949343339587242,3,3,
2021-09-09,251.6199951171875,0.0013132310870769,1.5079364594485992e-06,1.0,0.0,0.9050656660412758,1.0,0.7974744217455089,0.0949343339587242,3,3,
2021-09-10,245.42333984375,-0.0246270383661343,1.5079364594485992e-06,1.0,0.0,0.9050656660412758,1.0,0.8769794274347755,0.0949343339587242,3,3,
2021-09-13,247.6666717529297,0.0091406624594381,1.5079364594485992e-06,1.0,0.0,0.9050656660412758,1.0,0.8616460612068915,0.0949343339587242,3,3,
2021-09-14,248.163330078125,0.0020053498586631,1.3888888948020476e-06,1.0,0.0,0.9050656660412758,1.0,0.8592741208976353,0.0949343339587242,3,3,
2021-09-15,251.94332885742188,0.015231899000174,1.3888888948020476e-06,1.0,0.0,0.9050656660412758,1.0,0.8219422252118362,0.0949343339587242,3,3,
2021-09-16,252.3300018310547,0.0015347617076681,1.1904761638669722e-06,1.0,0.0,0.9050656660412758,1.0,0.8177405546789939,0.0949343339587242,3,3,
2021-09-17,253.163330078125,0.0033025333532406,1.1111111454074327e-06,1.0,0.0,0.9050656660412758,1.0,0.8066487077562069,0.0949343339587242,3,3,
2021-09-20,243.38999938964844,-0.0386048433059422,9.92063506846389e-07,1.0,0.0,0.9050656660412758,1.0,0.8924083288531975,0.0949343339587242,3,3,
2021-09-21,246.4600067138672,0.0126135310896808,7.936507759113135e-07,1.0,0.0,0.9050656660412758,1.0,0.8787305778431848,0.0949343339587242,3,3,
2021-09-22,250.64666748046875,0.0169871810945057,9.92063506846389e-07,1.0,0.0,0.9050656660412758,1.0,0.8419659830232835,0.0949343339587242,3,3,
2021-09-23,251.2133331298828,0.0022608146164888,9.92063506846389e-07,1.0,0.0,0.9050656660412758,1.0,0.8415869340487749,0.0949343339587242,3,3,
2021-09-24,258.1300048828125,0.0275330599166629,9.92063506846389e-07,1.0,0.0,0.9050656660412758,1.0,0.7646664196985077,0.0949343339587242,3,3,
2021-09-27,263.78668212890625,0.0219140632204373,9.92063506846389e-07,1.0,0.0,0.9050656660412758,1.0,0.7035261290796935,0.0949343339587242,3,3,
2021-09-28,259.1866760253906,-0.0174383561231787,1.1904761638669722e-06,1.0,0.0,0.9050656660412758,1.0,0.7903363839268271,0.0949343339587242,3,3,
2021-09-29,260.4366760253906,0.0048227787753933,1.1904761638669722e-06,1.0,0.0,0.9050656660412758,1.0,0.7904314256606063,0.0949343339587242,3,3,
2021-09-30,258.49334716796875,-0.0074618094773734,1.1111111454074327e-06,1.0,0.0,0.9050656660412758,1.0,0.8362324325480882,0.0949343339587242,3,3,
2021-10-01,258.4066772460937,-0.0003352887910834,1.1111111454074327e-06,1.0,0.0,0.9050656660412758,1.0,0.8387664173744965,0.0949343339587242,3,3,
2021-10-04,260.510009765625,0.0081396213981275,1.1111111454074327e-06,1.0,0.0,0.9050656660412758,1.0,0.8294506860284224,0.0949343339587242,3,3,
2021-10-05,260.1966552734375,-0.001202850103416,1.3888888948020476e-06,1.0,0.0,0.9050656660412758,1.0,0.8393192149880896,0.0949343339587242,3,3,
2021-10-06,260.9166564941406,0.0027671424905384,1.5873015518226308e-06,1.0,0.0,0.9050656660412758,1.0,0.8329833970789929,0.0949343339587242,3,3,
2021-10-07,264.53668212890625,0.0138742603994963,1.5873015518226308e-06,1.0,0.0,0.9050656660412758,1.0,0.8036781627226294,0.0949343339587242,3,3,
2021-10-08,261.8299865722656,-0.0102318345223733,1.5873015518226308e-06,1.0,0.0,0.9050656660412758,1.0,0.8382315232287527,0.0949343339587242,3,3,
2021-10-11,263.9800109863281,0.0082115285655759,1.5873015518226308e-06,1.0,0.0,0.9050656660412758,1.0,0.8219158838894521,0.0949343339587242,3,3,
2021-10-12,268.5733337402344,0.0174002673033608,1.5873015518226308e-06,1.0,0.0,0.9050656660412758,1.0,0.784166851753655,0.0949343339587242,3,3,
2021-10-13,270.3599853515625,0.00665237902232,1.7857143566721944e-06,1.0,0.0,0.9050656660412758,1.0,0.7732150903317924,0.0949343339587242,3,3,
2021-10-14,272.7733459472656,0.0089264710995042,1.5873015518226308e-06,1.0,0.0,0.9050656660412758,1.0,0.7547985269548715,0.0949343339587242,3,3,
2021-10-15,281.010009765625,0.0301959995019152,1.5079364594485992e-06,1.0,0.0,0.9050656660412758,1.0,0.6615935988043169,0.0949343339587242,3,3,
2021-10-18,290.03668212890625,0.0321222449364344,1.7063492642981665e-06,1.0,0.0,0.9050656660412758,1.0,0.5637689577498902,0.0949343339587242,3,3,
2021-10-19,288.0899963378906,-0.0067118606402704,1.984127013692778e-06,1.0,0.0,0.9050656660412758,1.0,0.6259059936048706,0.0949343339587242,3,3,
2021-10-20,288.6000061035156,0.0017703140411262,1.984127013692778e-06,1.0,0.0,0.9050656660412758,1.0,0.6411859887014756,0.0949343339587242,3,3,
2021-10-21,298.0,0.0325710107334951,1.984127013692778e-06,1.0,0.0,0.9050656660412758,1.0,0.5419714684222852,0.0949343339587242,3,3,
2021-10-22,303.2266540527344,0.0175391075595112,1.984127013692778e-06,1.0,0.0,0.9050656660412758,1.0,0.5085554808728648,0.0949343339587242,3,3,
2021-10-25,341.6199951171875,0.1266159836258198,1.984127013692778e-06,1.0,0.0,0.9671726613325357,0.0,0.2904870355242777,0.0328273386674643,2,3,
2021-10-26,339.4766540527344,-0.0062740503925067,1.984127013692778e-06,1.0,0.0,0.13692946058091282,0.0,0.2876195277361677,0.8630705394190872,1,3,
2021-10-27,345.9533386230469,0.0190784388057105,1.984127013692778e-06,0.0,0.0,0.0328273386674643,0.0,0.279785492728745,0.0328273386674643,2,2,
2021-10-28,359.0133361816406,0.0377507487297992,1.90476192131875e-06,0.0,0.0,0.0328273386674643,0.0,0.2652230711189102,0.0328273386674643,2,2,
2021-10-29,371.3333435058594,0.0343162943617936,1.90476192131875e-06,0.0,0.0,0.0328273386674643,0.0,0.259308461919403,0.0328273386674643,2,2,
2021-11-01,402.86334228515625,0.0849102277797451,1.5873015518226308e-06,0.0,0.0,0.0328273386674643,0.0,0.2630697297233511,0.0328273386674643,2,2,
2021-11-02,390.6666564941406,-0.0302749952920325,1.7857143566721944e-06,0.0,0.0,0.0328273386674643,0.0,0.219462346775051,0.0328273386674643,2,2,
2021-11-03,404.6199951171875,0.0357167380197345,1.7857143566721944e-06,0.0,0.0,0.0328273386674643,0.0,0.2235399729535433,0.0328273386674643,2,2,
2021-11-04,409.9700012207031,0.0132222978796836,1.3888888948020476e-06,0.0,0.0,0.0328273386674643,0.0,0.216406609824296,0.0328273386674643,2,2,
2021-11-05,407.36334228515625,-0.006358169933862,1.5873015518226308e-06,0.0,0.0,0.0328273386674643,0.0,0.2084326835028173,0.0328273386674643,2,2,
2021-11-08,387.6466674804688,-0.0484007095338629,1.3888888948020476e-06,0.0,0.0,0.0328273386674643,0.0,0.2326292560288253,0.0328273386674643,2,2,
2021-11-09,341.1666564941406,-0.1199030325435985,1.5873015518226308e-06,0.0,0.0,0.8630705394190872,1.0,0.6361583589700969,0.8630705394190872,1,2,
2021-11-10,355.9833374023437,0.0434294519296247,1.7857143566721944e-06,0.0,0.0,0.0328273386674643,0.0,0.4873778997041827,0.0328273386674643,2,2,
2021-11-11,354.5033264160156,-0.0041575288246014,1.5873015518226308e-06,0.0,0.0,0.8630705394190872,1.0,0.5279883211808449,0.8630705394190872,1,2,
2021-11-12,344.47332763671875,-0.0282931020159921,1.7063492642981665e-06,1.0,0.0,0.9050656660412758,1.0,0.6467230342892711,0.0949343339587242,3,3,
2021-11-15,337.7966613769531,-0.0193822444993675,1.5079364594485992e-06,1.0,0.0,0.9050656660412758,1.0,0.7058467306830037,0.0949343339587242,3,3,
2021-11-16,351.57666015625,0.0407937684260282,1.5873015518226308e-06,1.0,0.0,0.9050656660412758,1.0,0.5751242374266539,0.0949343339587242,3,3,
2021-11-17,363.0033264160156,0.0325012082846662,1.7857143566721944e-06,1.0,0.0,0.9671726613325357,0.0,0.4511670787637072,0.0328273386674643,2,3,
2021-11-18,365.4599914550781,0.0067676102677005,1.7857143566721944e-06,1.0,0.0,0.13692946058091282,0.0,0.4484386104126929,0.8630705394190872,1,3,
2021-11-19,379.0199890136719,0.0371039180092043,1.7857143566721944e-06,0.0,0.0,0.0328273386674643,0.0,0.3244814213797867,0.0328273386674643,2,2,
2021-11-22,385.6233215332031,0.0174221220804611,1.5873015518226308e-06,0.0,0.0,0.0328273386674643,0.0,0.2922776091150916,0.0328273386674643,2,2,
2021-11-23,369.6766662597656,-0.0413529327272921,1.7857143566721944e-06,0.0,0.0,0.0328273386674643,0.0,0.4900393574990348,0.0328273386674643,2,2,
2021-11-24,372.0,0.0062847724844008,1.984127013692778e-06,0.0,0.0,0.0328273386674643,0.0,0.4841793173523701,0.0328273386674643,2,2,
2021-11-26,360.6400146484375,-0.030537595031082,1.7063492642981665e-06,0.0,0.0,0.8630705394190872,1.0,0.642844874901848,0.8630705394190872,1,2,
2021-11-29,378.9966735839844,0.0509002279002275,1.5079364594485992e-06,0.0,0.0,0.0328273386674643,0.0,0.4272304154246827,0.0328273386674643,2,2,
2021-11-30,381.586669921875,0.0068338234037736,1.90476192131875e-06,0.0,0.0,0.0328273386674643,0.0,0.4265114727758541,0.0328273386674643,2,2,
2021-12-01,365.0,-0.0434676345619486,1.984127013692778e-06,0.0,0.0,0.8630705394190872,1.0,0.6476445340429193,0.8630705394190872,1,2,
2021-12-02,361.5333251953125,-0.0094977391909246,1.7063492642981665e-06,1.0,0.0,0.9050656660412758,1.0,0.6953938214583241,0.0949343339587242,3,3,
2021-12-03,338.3233337402344,-0.0641987607713322,1.7063492642981665e-06,1.0,0.0,0.9050656660412758,1.0,0.8056118582143211,0.0949343339587242,3,3,
2021-12-06,336.336669921875,-0.005872086315763,1.7063492642981665e-06,1.0,0.0,0.9050656660412758,1.0,0.8183219960634581,0.0949343339587242,3,3,
2021-12-07,350.5833435058594,0.042358371411876,2.3015872353599167e-06,1.0,0.0,0.9050656660412758,1.0,0.7683609917361474,0.0949343339587242,3,3,
2021-12-08,356.32000732421875,0.0163631955842291,2.3809523277339444e-06,1.0,0.0,0.9050656660412758,1.0,0.7216629727072882,0.0949343339587242,3,3,
2021-12-09,334.6000061035156,-0.0609564458190524,2.103174578339333e-06,1.0,0.0,0.9050656660412758,1.0,0.8308543616262547,0.0949343339587242,3,3,
2021-12-10,339.010009765625,0.0131799270223116,1.984127013692778e-06,1.0,0.0,0.9050656660412758,1.0,0.8234777241158198,0.0949343339587242,3,3,
2021-12-13,322.1366577148437,-0.0497724302077295,1.7063492642981665e-06,1.0,0.0,0.9050656660412758,1.0,0.8416387395523746,0.0949343339587242,3,3,
2021-12-14,319.5033264160156,-0.0081745781976763,1.90476192131875e-06,1.0,0.0,0.9050656660412758,1.0,0.8474255476539203,0.0949343339587242,3,3,
2021-12-15,325.3299865722656,0.0182366181335567,1.7857143566721944e-06,1.0,0.0,0.9050656660412758,1.0,0.8500980879098653,0.0949343339587242,3,3,
2021-12-16,308.97332763671875,-0.0502771327902586,1.3888888948020476e-06,1.0,0.0,0.9050656660412758,1.0,0.848423823659638,0.0949343339587242,3,3,
2021-12-17,310.8566589355469,0.0060954494461815,1.1904761638669722e-06,1.0,0.0,0.9050656660412758,1.0,0.866467414843805,0.0949343339587242,3,3,
2021-12-20,299.9800109863281,-0.0349892712173617,1.5079364594485992e-06,1.0,0.0,0.9050656660412758,1.0,0.853331807213849,0.0949343339587242,3,3,
2021-12-21,312.84332275390625,0.0428805630257957,2.579364984754532e-06,1.0,0.0,0.9050656660412758,1.0,0.8848565338686822,0.0949343339587242,3,3,
2021-12-22,336.2900085449219,0.0749470552371662,2.579364984754532e-06,1.0,0.0,0.9050656660412758,1.0,0.7747814297521225,0.0949343339587242,3,3,
2021-12-23,355.6666564941406,0.0576188630553096,2.3015872353599167e-06,1.0,0.0,0.9050656660412758,1.0,0.5491916389305445,0.0949343339587242,3,3,
2021-12-27,364.6466674804688,0.0252483914990668,1.7063492642981665e-06,1.0,0.0,0.9671726613325357,0.0,0.4795766687434553,0.0328273386674643,2,3,
2021-12-28,362.8233337402344,-0.0050002753427935,1.984127013692778e-06,1.0,0.0,0.9050656660412758,1.0,0.545320843208333,0.0949343339587242,3,3,
2021-12-29,362.0633239746094,-0.002094710276184,1.7857143566721944e-06,1.0,0.0,0.9050656660412758,1.0,0.5933527388421472,0.0949343339587242,3,3,
2021-12-30,356.7799987792969,-0.0145922683836461,9.92063506846389e-07,1.0,0.0,0.9050656660412758,1.0,0.6957602931100406,0.0949343339587242,3,3,
2021-12-31,352.260009765625,-0.0126688408238599,1.309523802428016e-06,1.0,0.0,0.9050656660412758,1.0,0.7768568930911788,0.0949343339587242,3,3,
2022-01-03,399.9266662597656,0.1353166841897706,2.103174578339333e-06,1.0,0.0,0.7325581395348837,0.0,0.2563706767695838,0.26744186046511625,2,3,0.10117427225326797
2022-01-04,383.1966552734375,-0.041832696836128,3.1746031036452616e-06,1.0,0.0,0.13725490196078427,0.0,0.3875469802487259,0.8627450980392157,1,3,-0.030002031225874137
2022-01-05,362.7066650390625,-0.0534712136768363,3.373015908494825e-06,1.0,0.0,0.9157509157509157,1.0,0.6881319583006397,0.08424908424908426,3,3,-0.3305870092777879
2022-01-06,354.8999938964844,-0.0215233738308541,3.571428713344389e-06,1.0,0.0,0.9754716981132076,1.0,0.7830696256044268,0.024528301886792454,3,3,-0.42552467658157506
2022-01-07,342.32000732421875,-0.0354465674517168,3.492063473141381e-06,1.0,0.0,0.9754716981132076,1.0,0.8546920647911159,0.024528301886792454,3,3,-0.49714711576826415
2022-01-10,352.7066650390625,0.0303419534138018,3.571428713344389e-06,1.0,0.0,0.9754716981132076,1.0,0.8056611050752366,0.024528301886792454,3,3,-0.4481161560523848
2022-01-11,354.79998779296875,0.0059350246575986,4.682539710922846e-06,1.0,0.0,0.9754716981132076,1.0,0.7954316912071118,0.024528301886792454,3,3,-0.43788674218426
2022-01-12,368.739990234375,0.0392897489318417,4.563492146276289e-06,1.0,0.0,0.9009433962264151,1.0,0.6413618852663536,0.09905660377358491,3,3,-0.28381693624350185
2022-01-13,343.85333251953125,-0.0674910733143576,4.365079341426725e-06,1.0,0.0,0.9754716981132076,1.0,0.8582529709466614,0.024528301886792454,3,3,-0.5007080219238096
2022-01-14,349.8699951171875,0.017497758575059,4.682539710922846e-06,1.0,0.0,0.9754716981132076,1.0,0.8305224794932726,0.024528301886792454,3,3,-0.47297753047042085
2022-01-18,343.5033264160156,-0.0181972412325309,5.158729969509063e-06,1.0,0.0,0.9754716981132076,1.0,0.8698925457457796,0.024528301886792454,3,3,-0.5123475967229278
2022-01-19,331.8833312988281,-0.0338278969185718,6.547619307798051e-06,1.0,0.0,0.9787234042553191,1.0,0.8861998082942887,0.02127659574468085,3,3,-0.5286548592714368
2022-01-20,332.0899963378906,0.0006227038828787,6.666666576786647e-06,1.0,0.0,1.0,1.0,0.8934833133783007,0.0,3,3,-0.535938364355449
2022-01-21,314.6333312988281,-0.052566067125072,6.2698415584034366e-06,1.0,0.0,0.9754716981132076,1.0,0.8608141099270222,0.024528301886792454,3,3,-0.5032691609041704
2022-01-24,310.0,-0.0147261298721956,6.150793698098924e-06,1.0,0.0,0.9754716981132076,1.0,0.868070860042516,0.024528301886792454,3,3,-0.5105259110196643
2022-01-25,306.1333312988281,-0.0124731248424899,7.341269935880387e-06,1.0,0.0,0.9754716981132076,1.0,0.8698425694389078,0.024528301886792454,3,3,-0.5122976204160561
2022-01-26,312.4700012207031,0.0206990525827113,7.063492186485774e-06,1.0,0.0,1.0,1.0,0.9029300463776214,0.0,3,3,-0.5453850973547696
2022-01-27,276.3666687011719,-0.1155417556197044,7.341269935880387e-06,1.0,0.0,0.9754716981132076,1.0,0.7895234962630592,0.024528301886792454,3,3,-0.4319785472402074
2022-01-28,282.1166687011719,0.0208056927668702,6.86507908597825e-06,1.0,0.0,0.9754716981132076,1.0,0.8283855600021897,0.024528301886792454,3,3,-0.4708406109793379
2022-01-31,312.239990234375,0.1067761138393095,6.86507908597825e-06,1.0,0.0,1.0,1.0,0.8940252545699204,0.0,3,3,-0.5364803055470686
2022-02-01,310.4166564941406,-0.0058395266373975,8.055555323759714e-06,1.0,0.0,1.0,1.0,0.900976036051612,0.0,3,3,-0.5434310870287602
2022-02-02,301.8866577148437,-0.0274791915989145,7.341269935880387e-06,1.0,0.0,1.0,1.0,0.9000735821746504,0.0,3,3,-0.5425286331517987
2022-02-03,297.0466613769531,-0.0160324950248789,7.658730305376503e-06,1.0,0.0,1.0,1.0,0.8966340291994075,0.0,3,3,-0.5390890801765558
2022-02-04,307.7733459472656,0.0361111096842132,8.849206543157968e-06,1.0,0.0,1.0,1.0,0.9143648364417828,0.0,3,3,-0.556819887418931
2022-02-07,302.4466552734375,-0.0173071864213375,8.055555323759714e-06,1.0,0.0,1.0,1.0,0.9164538084142076,0.0,3,3,-0.5589088593913558
2022-02-08,307.3333435058594,0.0161571905234128,1.0912698649224782e-05,1.0,0.0,1.0,1.0,0.9237258893536946,0.0,3,3,-0.5661809403308429
2022-02-09,310.6666564941406,0.010845920427172,1.0714286140033176e-05,1.0,0.0,1.0,1.0,0.9241022423117548,0.0,3,3,-0.5665572932889029
2022-02-10,301.51666259765625,-0.0294527710174682,1.4682539871760775e-05,1.0,0.0,1.0,1.0,0.9247118256132696,0.0,3,3,-0.5671668765904179
2022-02-11,286.6666564941406,-0.0492510296962641,1.34126983937763e-05,1.0,0.0,0.9787234042553191,1.0,0.8853827170996246,0.02127659574468085,3,3,-0.5278377680767727
2022-02-14,291.9200134277344,0.018325664372135,1.4285714853377567e-05,1.0,0.0,1.0,1.0,0.9094034205689924,0.0,3,3,-0.5518584715461405
2022-02-15,307.4766540527344,0.0532907642827684,1.5873016109542244e-05,1.0,0.0,1.0,1.0,0.9202632624309656,0.0,3,3,-0.5627183134081137
2022-02-16,307.7966613769531,0.0010407532409399,1.480158714074937e-05,1.0,0.0,1.0,1.0,0.9218853897935808,0.0,3,3,-0.5643404407707291
2022-02-17,292.1166687011719,-0.0509426990066609,1.3690476143170916e-05,1.0,0.0,1.0,1.0,0.9144315574854508,0.0,3,3,-0.556886608462599
2022-02-18,285.6600036621094,-0.0221030352967207,1.2619047174378049e-05,1.0,0.0,1.0,1.0,0.9014535901642882,0.0,3,3,-0.5439086411414364
2022-02-22,273.84332275390625,-0.0413662422345285,1.3095238615596102e-05,1.0,0.0,0.9754716981132076,1.0,0.8666819202852917,0.024528301886792454,3,3,-0.5091369712624398
2022-02-23,254.67999267578125,-0.0699791759952694,1.3492063633979314e-05,1.0,0.0,0.9754716981132076,1.0,0.8057886285350048,0.024528301886792454,3,3,-0.448243679512153
2022-02-24,266.92333984375,0.0480734550026278,1.1230158427404976e-05,1.0,0.0,0.9754716981132076,1.0,0.8648678324455862,0.024528301886792454,3,3,-0.5073228834227343
2022-02-25,269.9566650390625,0.0113640313248295,1.1825397137611633e-05,1.0,0.0,0.9787234042553191,1.0,0.884030416524771,0.02127659574468085,3,3,-0.5264854675019193
2022-02-28,290.1433410644531,0.0747774685335871,1.1428570936596582e-05,1.0,0.0,1.0,1.0,0.9005716085919541,0.0,3,3,-0.5430266595691022
2022-03-01,288.1233215332031,-0.0069621433455585,1.242063466518644e-05,1.0,0.0,1.0,1.0,0.9136910189753548,0.0,3,3,-0.5561460699525029
2022-03-02,293.2966613769531,0.0179552971145164,1.2896824923772656e-05,1.0,0.0,1.0,1.0,0.903878240342442,0.0,3,3,-0.5463332913195902
2022-03-03,279.7633361816406,-0.0461421044882577,1.3293651124787706e-05,1.0,0.0,1.0,1.0,0.91294019800145,0.0,3,3,-0.5553952489785983
2022-03-04,279.42999267578125,-0.0011915196265851,1.2103174887006245e-05,1.0,0.0,1.0,1.0,0.916871042913126,0.0,3,3,-0.5593260938902742
2022-03-07,268.1933288574219,-0.0402128050420025,1.2103174887006245e-05,1.0,0.0,0.9787234042553191,1.0,0.886878052366607,0.02127659574468085,3,3,-0.5293331033437552
2022-03-08,274.79998779296875,0.0246339421032322,1.4285714853377567e-05,1.0,0.0,1.0,1.0,0.9116034167196416,0.0,3,3,-0.5540584676967899
2022-03-09,286.3233337402344,0.0419335751788576,1.4682539871760775e-05,1.0,0.0,1.0,1.0,0.9180373692555392,0.0,3,3,-0.5604924202326875
2022-03-10,279.4333190917969,-0.0240637553301487,1.4285714853377567e-05,1.0,0.0,1.0,1.0,0.9219547701502186,0.0,3,3,-0.5644098211273669
2022-03-11,265.1166687011719,-0.0512345859010529,1.4484127362569171e-05,1.0,0.0,0.9787234042553191,1.0,0.887736528356758,0.02127659574468085,3,3,-0.5301915793339063
2022-03-14,255.4566650390625,-0.0364368023686874,1.4999999649940977e-05,1.0,0.0,0.9754716981132076,1.0,0.858750229884015,0.024528301886792454,3,3,-0.5012052808611631
2022-03-15,267.2966613769531,0.0463483555462533,1.777777832651895e-05,1.0,0.0,1.0,1.0,0.9043563888574846,0.0,3,3,-0.5468114398346329
2022-03-16,280.07666015625,0.0478120404252786,1.7182539616312296e-05,1.0,0.0,1.0,1.0,0.9082370491003484,0.0,3,3,-0.5506921000774967
2022-03-17,290.5333251953125,0.0373350104690226,1.4285714853377567e-05,1.0,0.0,0.9754716981132076,1.0,0.8615109720067146,0.024528301886792454,3,3,-0.5039660229838627
2022-03-18,301.7966613769531,0.0387677942765043,1.519841215913258e-05,1.0,0.0,0.9453681710213777,1.0,0.7678678148904944,0.05463182897862233,3,3,-0.4103228658676426
2022-03-21,307.0533447265625,0.017417963888751,1.8055556075913563e-05,1.0,0.0,0.9453681710213777,1.0,0.747666475983527,0.05463182897862233,3,3,-0.3901215269606752
2022-03-22,331.32666015625,0.0790524377817913,2.0634919878036257e-05,1.0,0.0,0.8323699421965318,0.0,0.4812007671245963,0.1676300578034682,2,3,-0.12365581810174453
2022-03-23,333.03668212890625,0.0051611360578402,1.9047618621871583e-05,1.0,0.0,0.8367593712212817,1.0,0.5040849016670583,0.16324062877871826,3,3,-0.14653995264420655
2022-03-24,337.97332763671875,0.0148231284201352,1.916666707349202e-05,1.0,0.0,0.8627049180327868,0.0,0.4907964163775519,0.13729508196721313,2,3,-0.13325146735470011
2022-03-25,336.8800048828125,-0.0032349379803172,2.0634919878036257e-05,1.0,0.0,0.8367593712212817,1.0,0.5486661196986153,0.16324062877871826,3,3,-0.19112117067576356
2022-03-28,363.9466552734375,0.0803450783611821,2.015873080208188e-05,1.0,0.0,0.7966101694915254,0.0,0.3364515651886742,0.2033898305084746,2,3,0.02109338383417758
2022-03-29,366.5233459472656,0.0070798580959405,2.2023809807641167e-05,1.0,0.0,0.13725490196078427,0.0,0.3394161548102354,0.8627450980392157,1,3,0.018128794212616373
2022-03-30,364.663330078125,-0.0050747541451513,2.083333238722786e-05,0.0,0.0,0.07643312101910828,0.0,0.3755730849281942,0.07643312101910828,2,2,-0.2639285320077782
2022-03-31,359.20001220703125,-0.0149818131423394,1.9563492091875222e-05,0.0,0.0,0.13729508196721313,0.0,0.4761026064165754,0.13729508196721313,2,2,-0.16339901051939698
2022-04-01,361.5299987792969,0.0064865993682725,1.984126984126984e-05,0.0,0.0,0.13729508196721313,0.0,0.4889259937243612,0.13729508196721313,2,2,-0.15057562321161122
2022-04-04,381.8166809082031,0.0561134129875917,2.1349205857231504e-05,0.0,0.0,0.039603960396039604,0.0,0.3167048580578671,0.039603960396039604,2,2,-0.3227967588781053
2022-04-05,363.7533264160156,-0.0473089715442011,2.650793582674057e-05,0.0,0.0,0.8627450980392157,1.0,0.542443072616193,0.8627450980392157,1,2,-0.09705854431977945
2022-04-06,348.586669921875,-0.0416948942943683,2.6309523317548965e-05,1.0,0.0,0.9754716981132076,1.0,0.7879670182330972,0.024528301886792454,3,3,-0.43042206921024545
2022-04-07,352.4200134277344,0.0109968161052127,2.619047723119221e-05,1.0,0.0,0.9453681710213777,1.0,0.7579904038643429,0.05463182897862233,3,3,-0.40044545484149113
2022-04-08,341.8299865722656,-0.0300494479654184,2.650793582674057e-05,1.0,0.0,0.9787234042553191,1.0,0.8727445525409376,0.02127659574468085,3,3,-0.5151996035180859
2022-04-11,325.3099975585937,-0.0483280860738046,2.6984127267958627e-05,1.0,0.0,1.0,1.0,0.9020392205529084,0.0,3,3,-0.5444942715300567
2022-04-12,328.9833374023437,0.0112918135664994,2.9285713320686703e-05,1.0,0.0,1.0,1.0,0.9067191862590251,0.0,3,3,-0.5491742372361734
2022-04-13,340.7900085449219,0.0358883560359128,2.936507974352156e-05,1.0,0.0,0.9787234042553191,1.0,0.878839525750749,0.02127659574468085,3,3,-0.5212945767278971
2022-04-14,328.3333435058594,-0.0365523188084326,2.96825407043336e-05,1.0,0.0,1.0,1.0,0.914627314685718,0.0,3,3,-0.5570823656628663
2022-04-18,334.7633361816406,0.019583733431163,2.996031727109637e-05,1.0,0.0,1.0,1.0,0.9121527066143283,0.0,3,3,-0.5546077575914765
2022-04-19,342.7166748046875,0.0237580934452494,3.3055555725854536e-05,1.0,0.0,0.9787234042553191,1.0,0.873250529593912,0.02127659574468085,3,3,-0.5157055805710602
2022-04-20,325.7333374023437,-0.0495550367137009,3.154761970989288e-05,1.0,0.0,1.0,1.0,0.922972046652938,0.0,3,3,-0.5654270976300861
2022-04-21,336.260009765625,0.0323168406624552,3.174603221908449e-05,1.0,0.0,1.0,1.0,0.8997603699461127,0.0,3,3,-0.542215420923261
2022-04-22,335.01666259765625,-0.0036975766723952,3.0952379817054386e-05,1.0,0.0,1.0,1.0,0.9071030967965584,0.0,3,3,-0.5495581477737066
2022-04-25,332.67333984375,-0.0069946453878937,3.166666579624963e-05,1.0,0.0,1.0,1.0,0.9274176900089568,0.0,3,3,-0.5698727409861051
2022-04-26,292.1400146484375,-0.1218412188194887,3.3055555725854536e-05,1.0,0.0,0.9754716981132076,1.0,0.831127076729591,0.024528301886792454,3,3,-0.4735821277067392
2022-04-27,293.836669921875,0.0058076784704732,3.206349317989652e-05,1.0,0.0,0.9754716981132076,1.0,0.8477799250497134,0.024528301886792454,3,3,-0.49023497602686167
2022-04-28,292.5033264160156,-0.004537702888526,3.115079469150967e-05,1.0,0.0,0.9754716981132076,1.0,0.8639693150407612,0.024528301886792454,3,3,-0.5064243660179095
2022-04-29,290.2533264160156,-0.0076922202135913,3.206349317989652e-05,1.0,0.0,0.9754716981132076,1.0,0.8621365387044735,0.024528301886792454,3,3,-0.5045915896816218
2022-05-02,300.9800109863281,0.0369562847143329,3.035714228947957e-05,1.0,0.0,1.0,1.0,0.914321099403516,0.0,3,3,-0.5567761503806643
2022-05-03,303.0833435058594,0.0069882797619633,3.551587225898864e-05,1.0,0.0,1.0,1.0,0.9266040823266252,0.0,3,3,-0.5690591333037733
2022-05-04,317.5400085449219,0.0476986457646855,3.3055555725854536e-05,1.0,0.0,1.0,1.0,0.9225461264267872,0.0,3,3,-0.5650011774039354
2022-05-05,291.09332275390625,-0.0832861531754801,3.186507830544124e-05,1.0,0.0,1.0,1.0,0.8937050914757767,0.0,3,3,-0.536160142452925
2022-05-06,288.54998779296875,-0.0087371806981902,3.2341269746659296e-05,1.0,0.0,1.0,1.0,0.8952734738069668,0.0,3,3,-0.537728524784115
2022-05-09,262.3699951171875,-0.0907294880724968,3.174603221908449e-05,1.0,0.0,0.9754716981132076,1.0,0.808884843910364,0.024528301886792454,3,3,-0.4513398948875122
2022-05-10,266.67999267578125,0.0164271739863726,3.4841270673842654e-05,1.0,0.0,0.9754716981132076,1.0,0.8391656410927655,0.024528301886792454,3,3,-0.4816206920699137
2022-05-11,244.6666717529297,-0.0825458284364604,3.503968318303426e-05,1.0,0.0,0.9453681710213777,1.0,0.7764502216365109,0.05463182897862233,3,3,-0.4189052726136591
2022-05-12,242.6666717529297,-0.0081743867510473,3.5912697277371846e-05,1.0,0.0,0.9754716981132076,1.0,0.7869069903517658,0.024528301886792454,3,3,-0.42936204132891403
2022-05-13,256.5299987792969,0.057129093691457,3.742063565859719e-05,1.0,0.0,0.9754716981132076,1.0,0.8460951484247254,0.024528301886792454,3,3,-0.48855019940187366
2022-05-16,241.4566650390625,-0.0587585616183726,3.8888889645773273e-05,1.0,0.0,0.9754716981132076,1.0,0.8023906212773477,0.024528301886792454,3,3,-0.44484567225449595
2022-05-17,253.8699951171875,0.0514101777895292,4.119047569850135e-05,1.0,0.0,0.9754716981132076,1.0,0.8562860797604042,0.024528301886792454,3,3,-0.4987411307375524
2022-05-18,236.60333251953125,-0.068013798124059,3.980158813416012e-05,1.0,0.0,0.9754716981132076,1.0,0.8049837287074795,0.024528301886792454,3,3,-0.4474387796846277
2022-05-19,236.47332763671875,-0.0005494634476534,3.968253968253968e-05,1.0,0.0,0.9754716981132076,1.0,0.8149539481374435,0.024528301886792454,3,3,-0.4574089991145917
2022-05-20,221.3000030517578,-0.0641650571614186,3.880952322293841e-05,1.0,0.0,0.9453681710213777,1.0,0.7753419014799307,0.05463182897862233,3,3,-0.4177969524570789
2022-05-23,224.96665954589844,0.0165687141598596,3.940476075051322e-05,1.0,0.0,0.9754716981132076,1.0,0.8008526015031413,0.024528301886792454,3,3,-0.4433076524802895
2022-05-24,209.3866729736328,-0.0692546469050758,4.138888820769295e-05,1.0,0.0,0.9453681710213777,1.0,0.7606957222524164,0.05463182897862233,3,3,-0.40315077322956466
2022-05-25,219.6000061035156,0.0487773791179579,4.146825226526412e-05,1.0,0.0,0.9754716981132076,1.0,0.8039883930379982,0.024528301886792454,3,3,-0.4464434440151464
2022-05-26,235.9100036621093,0.0742713893682929,4.079365068011814e-05,1.0,0.0,0.9754716981132076,1.0,0.8491945554773341,0.024528301886792454,3,3,-0.49164960645448236
2022-05-27,253.2100067138672,0.0733330625374262,4.06746022284977e-05,1.0,0.0,0.9754716981132076,1.0,0.8301276872873125,0.024528301886792454,3,3,-0.4725827382644607
2022-05-31,252.7533264160156,-0.0018035633890554,4.0873014737689306e-05,1.0,0.0,0.9754716981132076,1.0,0.8445325743244135,0.024528301886792454,3,3,-0.48698762530156176
2022-06-01,246.7899932861328,-0.0235934902002734,4.376984304851956e-05,1.0,0.0,0.9754716981132076,1.0,0.8643875310392877,0.024528301886792454,3,3,-0.506842582016436
2022-06-02,258.3333435058594,0.0467739800387407,4.4166668066902766e-05,1.0,0.0,0.9754716981132076,1.0,0.8367635982306538,0.024528301886792454,3,3,-0.47921864920780205
2022-06-03,234.51666259765625,-0.0921935998852696,4.503968216124035e-05,1.0,0.0,0.9754716981132076,1.0,0.8497794551861703,0.024528301886792454,3,3,-0.4922345061633185
2022-06-06,238.27999877929688,0.0160472016783606,4.603174470719837e-05,1.0,0.0,0.9754716981132076,1.0,0.8595382390908665,0.024528301886792454,3,3,-0.5019932900680146
2022-06-07,238.8866729736328,0.0025460558898939,4.861111205721658e-05,1.0,0.0,0.9754716981132076,1.0,0.8646002986932589,0.024528301886792454,3,3,-0.5070553496704071
2022-06-08,241.86666870117188,0.0124745164326014,4.892857301802862e-05,1.0,0.0,0.9754716981132076,1.0,0.8695383575029372,0.024528301886792454,3,3,-0.5119934084800855
2022-06-09,239.7066650390625,-0.0089305553084624,4.912698552722023e-05,1.0,0.0,0.9754716981132076,1.0,0.8681910885404915,0.024528301886792454,3,3,-0.5106461395176398
2022-06-10,232.22999572753903,-0.0311909112343833,5.111111061913627e-05,1.0,0.0,0.9754716981132076,1.0,0.8572709850713579,0.024528301886792454,3,3,-0.49972603604850613
2022-06-13,215.7366638183593,-0.0710215399070598,5.944444546623834e-05,1.0,0.0,0.9754716981132076,1.0,0.8084916771589671,0.024528301886792454,3,3,-0.4509467281361153
2022-06-14,220.88999938964844,0.0238871570556409,6.916666787768166e-05,1.0,0.0,0.9754716981132076,1.0,0.833173422203733,0.024528301886792454,3,3,-0.47562847318088125
2022-06-15,233.0,0.0548236708036273,6.72619068433368e-05,1.0,0.0,0.9754716981132076,1.0,0.862268270197971,0.024528301886792454,3,3,-0.5047233211751192
2022-06-16,213.1000061035156,-0.0854076991265425,5.884920793866354e-05,1.0,0.0,0.9754716981132076,1.0,0.8151820702553167,0.024528301886792454,3,3,-0.45763712123246497
2022-06-17,216.759994506836,0.0171749802838696,5.992063454219273e-05,1.0,0.0,0.9754716981132076,1.0,0.8318147057178936,0.024528301886792454,3,3,-0.47426975669504184
2022-06-21,237.0366668701172,0.0935443480214783,5.904762044785515e-05,1.0,0.0,0.9754716981132076,1.0,0.836734554875086,0.024528301886792454,3,3,-0.4791896058522342
2022-06-22,236.086669921875,-0.0040078058841535,6.130952210653396e-05,1.0,0.0,0.9754716981132076,1.0,0.8441216769808844,0.024528301886792454,3,3,-0.4865767279580326
2022-06-23,235.07000732421875,-0.0043063108899484,6.190475963410877e-05,1.0,0.0,0.9754716981132076,1.0,0.8542967669735309,0.024528301886792454,3,3,-0.4967518179506791
2022-06-24,245.7066650390625,0.0452488934505932,6.341270038059779e-05,1.0,0.0,0.9754716981132076,1.0,0.8249402304361305,0.024528301886792454,3,3,-0.46739528141327874
2022-06-27,244.9199981689453,-0.0032016505127857,6.480158794493902e-05,1.0,0.0,0.9754716981132076,1.0,0.8422961844429063,0.024528301886792454,3,3,-0.48475123542005455
2022-06-28,232.663330078125,-0.0500435578248114,6.896825536849007e-05,1.0,0.0,0.9754716981132076,1.0,0.8627195087420042,0.024528301886792454,3,3,-0.5051745597191524
2022-06-29,228.4900054931641,-0.0179371823809088,6.765873186172e-05,1.0,0.0,0.9754716981132076,1.0,0.8645551256036673,0.024528301886792454,3,3,-0.5070101765808155
2022-06-30,224.47332763671875,-0.0175792277993774,6.349206443816897e-05,1.0,0.0,0.9754716981132076,1.0,0.8603090657954368,0.024528301886792454,3,3,-0.5027641167725849
2022-07-01,227.26333618164065,0.01242913166698,6.36111128897894e-05,1.0,0.0,0.9754716981132076,1.0,0.869987580817776,0.024528301886792454,3,3,-0.5124426317949242
2022-07-05,233.0666656494141,0.0255357048139746,6.468253949331859e-05,1.0,0.0,0.9787234042553191,1.0,0.8768778756247452,0.02127659574468085,3,3,-0.5193329266018933
2022-07-06,231.7333374023437,-0.0057208020003857,7.301587434042068e-05,1.0,0.0,0.9787234042553191,1.0,0.8839851703298343,0.02127659574468085,3,3,-0.5264402213069825
2022-07-07,244.5433349609375,0.0552790448805933,7.353174781042433e-05,1.0,0.0,0.9754716981132076,1.0,0.8502251843546359,0.024528301886792454,3,3,-0.4926802353317841
2022-07-08,250.76333618164065,0.0254351696876005,7.313492279204111e-05,1.0,0.0,0.9754716981132076,1.0,0.8193045712590585,0.024528301886792454,3,3,-0.46175962223620676
2022-07-11,234.3433380126953,-0.0654800594814686,7.749999799425638e-05,1.0,0.0,1.0,1.0,0.8903877674748194,0.0,3,3,-0.5328428184519676
2022-07-12,233.07000732421875,-0.0054336116369887,8.384920301891509e-05,1.0,0.0,1.0,1.0,0.893326556785109,0.0,3,3,-0.5357816077622573
2022-07-13,237.0399932861328,0.0170334484796728,9.218253786601717e-05,1.0,0.0,1.0,1.0,0.8955281585210583,0.0,3,3,-0.5379832094982064
2022-07-14,238.31333923339844,0.0053718612189148,9.019841277410112e-05,1.0,0.0,1.0,1.0,0.892977199005204,0.0,3,3,-0.5354322499823523
2022-07-15,240.0666656494141,0.00735723154086,8.888888926733108e-05,1.0,0.0,1.0,1.0,0.8954107037620158,0.0,3,3,-0.5378657547391641
2022-07-18,240.54666137695312,0.0019994268102179,8.96825393040975e-05,1.0,0.0,1.0,1.0,0.9017637596840512,0.0,3,3,-0.5442188106611994
2022-07-19,245.52999877929688,0.0207167182193168,9.722222411443316e-05,1.0,0.0,0.9787234042553191,1.0,0.8887342335723935,0.02127659574468085,3,3,-0.5311892845495416
2022-07-20,247.5,0.0080234644666532,9.436508019765218e-05,1.0,0.0,0.9787234042553191,1.0,0.8882326968277193,0.02127659574468085,3,3,-0.5306877478048675
2022-07-21,271.7066650390625,0.0978047072285352,9.365078948792958e-05,1.0,0.0,0.8957234080279791,1.0,0.6160749088199099,0.1042765919720209,3,3,-0.2585299597970581
2022-07-22,272.24334716796875,0.0019752262198982,9.345238170926534e-05,1.0,0.0,0.9047619047619048,1.0,0.6572807228558353,0.09523809523809523,3,3,-0.2997357738329835
2022-07-25,268.4333190917969,-0.0139949354715402,9.496031299469964e-05,1.0,0.0,0.9453681710213777,1.0,0.7542916582297479,0.05463182897862233,3,3,-0.3967467092068961
2022-07-26,258.8599853515625,-0.0356637312112531,9.821428192986385e-05,1.0,0.0,0.9787234042553191,1.0,0.877074994758759,0.02127659574468085,3,3,-0.5195300457359073
2022-07-27,274.82000732421875,0.0616550369922206,9.45634879763164e-05,1.0,0.0,0.9344937906147981,1.0,0.7012801902079366,0.06550620938520191,3,3,-0.34373524118508486
2022-07-28,280.8999938964844,0.0221235223427265,9.158730506896972e-05,1.0,0.0,0.9009433962264151,1.0,0.6476324780050248,0.09905660377358491,3,3,-0.290087528982173
2022-07-29,297.1499938964844,0.0578497698579101,9.119048005058652e-05,1.0,0.0,0.8323699421965318,0.0,0.4604300666789321,0.1676300578034682,2,3,-0.10288511765608033
2022-08-01,297.27667236328125,0.0004263115241422,8.988095654381647e-05,1.0,0.0,0.8367593712212817,1.0,0.5014411045676991,0.16324062877871826,3,3,-0.1438961555448473
2022-08-02,300.586669921875,0.0111344005982036,9.773809758443683e-05,1.0,0.0,0.8367593712212817,1.0,0.5003482660576521,0.16324062877871826,3,3,-0.14280331703480037
2022-08-03,307.39666748046875,0.0226556871612562,9.634920528956822e-05,1.0,0.0,0.8323699421965318,0.0,0.4531426343589713,0.1676300578034682,2,3,-0.09559768533611951
2022-08-04,308.6333312988281,0.0040230228534861,9.436508019765218e-05,1.0,0.0,0.13725490196078427,0.0,0.4784937037229874,0.8627450980392157,1,3,-0.12094875470013561
2022-08-05,288.1700134277344,-0.0663030068235908,9.563492404090031e-05,1.0,0.0,0.9754716981132076,1.0,0.8112952122408045,0.024528301886792454,3,3,-0.4537502632179527
2022-08-08,290.42333984375,0.0078194340528796,9.761904913281636e-05,1.0,0.0,0.9754716981132076,1.0,0.7992695973639915,0.024528301886792454,3,3,-0.4417246483411397
2022-08-09,283.3333435058594,-0.024412625864385,0.000101984124335,1.0,0.0,0.9787234042553191,1.0,0.8772084208093768,0.02127659574468085,3,3,-0.5196634717865249
2022-08-10,294.3566589355469,0.038905817766766,0.0001005952415012,1.0,0.0,0.9453681710213777,1.0,0.7753531367589278,0.05463182897862233,3,3,-0.41780818773607603
2022-08-11,286.6300048828125,-0.0262492925442064,9.8809524187966e-05,1.0,0.0,0.9754716981132076,1.0,0.8669862467705307,0.024528301886792454,3,3,-0.509441297747679
2022-08-12,300.0299987792969,0.0467501436284136,9.92063492063492e-05,1.0,0.0,0.9453681710213777,1.0,0.7209250859284834,0.05463182897862233,3,3,-0.3633801369056316
2022-08-15,309.32000732421875,0.0309635989158392,9.972222267635284e-05,1.0,0.0,0.8941176470588236,1.0,0.6000744638683106,0.10588235294117647,3,3,-0.24252951484545887
2022-08-16,306.5633239746094,-0.0089120757931442,0.0001030952400631,1.0,0.0,0.9157509157509157,1.0,0.6888554388352428,0.08424908424908426,3,3,-0.33131048981239103
2022-08-17,303.9966735839844,-0.0083723335112244,0.0001019047650079,1.0,0.0,0.9453681710213777,1.0,0.7612236584388061,0.05463182897862233,3,3,-0.40367870941595435
2022-08-18,302.8699951171875,-0.0037062197211366,0.0001017857165563,1.0,0.0,0.9754716981132076,1.0,0.7977296110754039,0.024528301886792454,3,3,-0.4401846620525521
2022-08-19,296.6666564941406,-0.0204818526861555,0.0001023809493534,1.0,0.0,0.9787234042553191,1.0,0.8753310479316093,0.02127659574468085,3,3,-0.5177860989087575
2022-08-22,289.913330078125,-0.0227640224075839,0.000105079365155,1.0,0.0,1.0,1.0,0.9163078710284618,0.0,3,3,-0.5587629220056101
2022-08-23,296.4533386230469,0.0225584954757323,0.0001072619074866,1.0,0.0,0.9787234042553191,1.0,0.8889067313180185,0.02127659574468085,3,3,-0.5313617822951666
2022-08-24,297.0966796875,0.0021701258870663,0.000107658732505,1.0,0.0,0.9787234042553191,1.0,0.8859053070313158,0.02127659574468085,3,3,-0.5283603580084639
2022-08-25,296.07000732421875,-0.0034556844067095,0.0001083333340902,1.0,0.0,1.0,1.0,0.8972816531941369,0.0,3,3,-0.539736704171285
2022-08-26,288.0899963378906,-0.0269531218594168,0.0001093254013667,1.0,0.0,1.0,1.0,0.9147532052922812,0.0,3,3,-0.5572082562694294
2022-08-29,284.82000732421875,-0.0113505816072718,0.0001110317498918,1.0,0.0,1.0,1.0,0.923843321468678,0.0,3,3,-0.5662983724458261
2022-08-30,277.70001220703125,-0.0249982267189629,0.0001140079327992,1.0,0.0,1.0,1.0,0.915322870773046,0.0,3,3,-0.5577779217501941
2022-08-31,275.6099853515625,-0.0075262036859782,0.0001134920593291,1.0,0.0,1.0,1.0,0.9154831276832366,0.0,3,3,-0.5579381786603848
2022-09-01,277.1600036621094,0.005623955563764,0.0001136111077808,1.0,0.0,1.0,1.0,0.9334517883022428,0.0,3,3,-0.5759068392793911
2022-09-02,270.2099914550781,-0.0250758122211028,0.0001119047592556,1.0,0.0,1.0,1.0,0.913334355233007,0.0,3,3,-0.5557894062101552
2022-09-06,274.4200134277344,0.0155805562554711,0.0001128968265321,1.0,0.0,1.0,1.0,0.936322622560008,0.0,3,3,-0.5787776735371561
2022-09-07,283.70001220703125,0.033816771099826,0.0001163888923705,1.0,0.0,1.0,1.0,0.942237407871802,0.0,3,3,-0.5846924588489502
2022-09-08,289.260009765625,0.0195981576290391,0.0001170634939557,1.0,0.0,1.0,1.0,0.9141414597754682,0.0,3,3,-0.5565965107526165
2022-09-09,299.67999267578125,0.0360228948294618,0.0001177777752043,1.0,0.0,0.9754716981132076,1.0,0.8111696157814717,0.024528301886792454,3,3,-0.45362466675861995
2022-09-12,304.4200134277344,0.0158169409630266,0.0001188492018079,1.0,0.0,0.9453681710213777,1.0,0.7651205457496986,0.05463182897862233,3,3,-0.4075755967268468
2022-09-13,292.1300048828125,-0.0403718809632054,0.000125119052236,1.0,0.0,1.0,1.0,0.91400798564732,0.0,3,3,-0.5564630366244683
2022-09-14,302.6099853515625,0.0358743720041836,0.0001241269849595,1.0,0.0,0.9754716981132076,1.0,0.821237320663216,0.024528301886792454,3,3,-0.4636923716403642
2022-09-15,303.75,0.0037672737306175,0.0001228174614527,1.0,0.0,0.9754716981132076,1.0,0.8340939545393279,0.024528301886792454,3,3,-0.4765490055164761
2022-09-16,303.3500061035156,-0.0013168523341049,0.0001218253941763,1.0,0.0,0.9754716981132076,1.0,0.8429654323481086,0.024528301886792454,3,3,-0.48542048332525684
2022-09-19,309.07000732421875,0.018856110452001,0.0001204365113424,1.0,0.0,0.9453681710213777,1.0,0.7760193234223928,0.05463182897862233,3,3,-0.418474374399541
2022-09-20,308.7300109863281,-0.0011000625419275,0.0001286904774014,1.0,0.0,0.9754716981132076,1.0,0.8118436097256678,0.024528301886792454,3,3,-0.45429866070281605
2022-09-21,300.79998779296875,-0.0256859485996343,0.0001265873038579,1.0,0.0,1.0,1.0,0.9154502494193107,0.0,3,3,-0.5579053003964589
2022-09-22,288.5899963378906,-0.0405917285591177,0.0001242063537476,1.0,0.0,1.0,1.0,0.9456542893807708,0.0,3,3,-0.588109340357919
2022-09-23,275.3299865722656,-0.0459475724518868,0.0001233333349227,1.0,0.0,1.0,1.0,0.913146212972324,0.0,3,3,-0.5556012639494723
2022-09-26,276.010009765625,0.0024698479153155,0.0001255952365814,1.0,0.0,1.0,1.0,0.9241536929015703,0.0,3,3,-0.5666087438787186
2022-09-27,282.94000244140625,0.0251077585253733,0.0001289682539682,1.0,0.0,1.0,1.0,0.9484093400686168,0.0,3,3,-0.5908643910457649
2022-09-28,287.8099975585937,0.0172121123742337,0.0001281746039314,1.0,0.0,1.0,1.0,0.9515125178505056,0.0,3,3,-0.5939675688276538
2022-09-29,268.2099914550781,-0.0681005047419358,0.000127698410125,1.0,0.0,1.0,1.0,0.9053655537074368,0.0,3,3,-0.547820604684585
2022-09-30,265.25,-0.0110360968993725,0.0001261904788395,1.0,0.0,1.0,1.0,0.902161623396792,0.0,3,3,-0.5446166743739402
2022-10-03,242.3999938964844,-0.086145169099022,0.0001250000037844,1.0,0.0,0.9754716981132076,1.0,0.8159660377403999,0.024528301886792454,3,3,-0.4584210887175481
2022-10-04,249.44000244140625,0.0290429402730441,0.0001315476213182,1.0,0.0,0.9754716981132076,1.0,0.8607997027881041,0.024528301886792454,3,3,-0.5032547537652523
2022-10-05,240.8099975585937,-0.0345975176328815,0.0001306746024934,1.0,0.0,0.9754716981132076,1.0,0.8391989356264528,0.024528301886792454,3,3,-0.481653986603601
2022-10-06,238.1300048828125,-0.011129075632041,0.0001304761947147,1.0,0.0,0.9754716981132076,1.0,0.8409588979058314,0.024528301886792454,3,3,-0.48341394888297967
2022-10-07,223.07000732421875,-0.0632427550068921,0.0001306746024934,1.0,0.0,0.9754716981132076,1.0,0.7927125323892619,0.024528301886792454,3,3,-0.4351675833664101
2022-10-10,222.9600067138672,-0.0004931214719139,0.0001303571462631,1.0,0.0,0.9754716981132076,1.0,0.8080335096600654,0.024528301886792454,3,3,-0.4504885606372136
2022-10-11,216.5,-0.0289738362008463,0.0001325396791337,1.0,0.0,0.9754716981132076,1.0,0.7950579241894077,0.024528301886792454,3,3,-0.4375129751665559
2022-10-12,217.2400054931641,0.0034180392293954,0.0001401984123956,1.0,0.0,0.9754716981132076,1.0,0.8132559057322074,0.024528301886792454,3,3,-0.45571095670935563
2022-10-13,221.72000122070312,0.0206223329693295,0.0001421825374875,1.0,0.0,0.9754716981132076,1.0,0.8453303093859392,0.024528301886792454,3,3,-0.48778536036308745
2022-10-14,204.9900054931641,-0.0754555098116104,0.0001439682548008,1.0,0.0,0.9754716981132076,1.0,0.7871493264788204,0.024528301886792454,3,3,-0.42960437745596863
2022-10-17,219.3500061035156,0.0700521987684437,0.0001463492049111,1.0,0.0,0.9754716981132076,1.0,0.8531425238642832,0.024528301886792454,3,3,-0.49559757484143147
2022-10-18,220.19000244140625,0.0038294794370521,0.0001521031724082,1.0,0.0,0.9754716981132076,1.0,0.8601099703926225,0.024528301886792454,3,3,-0.5025650213697708
2022-10-19,222.0399932861328,0.0084017931069275,0.0001544841225185,1.0,0.0,0.9787234042553191,1.0,0.8730721918004728,0.02127659574468085,3,3,-0.515527242777621
2022-10-20,207.27999877929688,-0.0664744863679374,0.0001543650835279,1.0,0.0,0.9754716981132076,1.0,0.8240327582838936,0.024528301886792454,3,3,-0.4664878092610418
2022-10-21,214.44000244140625,0.0345426654972775,0.0001541666662882,1.0,0.0,0.9754716981132076,1.0,0.8575905374249042,0.024528301886792454,3,3,-0.5000455884020525
2022-10-24,211.25,-0.0148759671940308,0.0001552777820163,1.0,0.0,0.9754716981132076,1.0,0.8512160919295729,0.024528301886792454,3,3,-0.49367114290672115
2022-10-25,222.4199981689453,0.0528757309772558,0.0001573412664352,1.0,0.0,0.9787234042553191,1.0,0.8784173006951858,0.02127659574468085,3,3,-0.5208723516723339
2022-10-26,224.63999938964844,0.0099811223764909,0.0001559523836014,1.0,0.0,0.9787234042553191,1.0,0.8839855850819853,0.02127659574468085,3,3,-0.5264406360591336
2022-10-27,225.08999633789065,0.0020031915485436,0.0001559523836014,1.0,0.0,1.0,1.0,0.890627141111963,0.0,3,3,-0.5330821920891111
2022-10-28,228.5200042724609,0.0152383846033803,0.000157539683675,1.0,0.0,0.9787234042553191,1.0,0.8883590126267066,0.02127659574468085,3,3,-0.5308140636038547
2022-10-31,227.5399932861328,-0.004288512900427,0.0001577380914536,1.0,0.0,1.0,1.0,0.8915986737493294,0.0,3,3,-0.5340537247264776
2022-11-01,227.82000732421875,0.0012306146011606,0.0001607142932831,1.0,0.0,1.0,1.0,0.9007379669643218,0.0,3,3,-0.5431930179414701
2022-11-02,214.97999572753903,-0.0563603335259603,0.0001597222260066,1.0,0.0,0.9787234042553191,1.0,0.8754241481604648,0.02127659574468085,3,3,-0.517879199137613
2022-11-03,215.3099975585937,0.0015350350619267,0.0001597222260066,1.0,0.0,0.9787234042553191,1.0,0.8795607234248847,0.02127659574468085,3,3,-0.5220157744020328
2022-11-04,207.47000122070312,-0.0364125977743184,0.0001592460322001,1.0,0.0,0.9754716981132076,1.0,0.8547606128233467,0.024528301886792454,3,3,-0.4972156638004949
2022-11-07,197.0800018310547,-0.0500795263340059,0.000158055557145,1.0,0.0,0.9754716981132076,1.0,0.8170692955681689,0.024528301886792454,3,3,-0.4595243465453171
2022-11-08,191.3000030517578,-0.0293281851308877,0.0001623015933566,1.0,0.0,0.9754716981132076,1.0,0.8037365434818249,0.024528301886792454,3,3,-0.4461915944589731
2022-11-09,177.58999633789062,-0.0716675718513074,0.0001624206323472,1.0,0.0,0.9453681710213777,1.0,0.7596266380582979,0.05463182897862233,3,3,-0.4020816890354461
2022-11-10,190.72000122070312,0.0739343721694254,0.0001609126916007,1.0,0.0,0.9754716981132076,1.0,0.8188857520332956,0.024528301886792454,3,3,-0.46134080301044383
2022-11-11,195.97000122070312,0.0275272649244828,0.0001612301667531,1.0,0.0,0.9754716981132076,1.0,0.8427334918682226,0.024528301886792454,3,3,-0.4851885428453708
2022-11-14,190.9499969482422,-0.0256161873816971,0.0001614285650707,1.0,0.0,0.9754716981132076,1.0,0.831143536870279,0.024528301886792454,3,3,-0.4735985878474272
2022-11-15,194.4199981689453,0.018172303095892,0.0001638888934301,1.0,0.0,0.9754716981132076,1.0,0.8453986247594877,0.024528301886792454,3,3,-0.4878536757366359
2022-11-16,186.9199981689453,-0.0385762785239958,0.0001636904761904,1.0,0.0,0.9754716981132076,1.0,0.8238263964889273,0.024528301886792454,3,3,-0.4662814474660755
2022-11-17,183.1699981689453,-0.0200620588312364,0.0001632142823839,1.0,0.0,0.9754716981132076,1.0,0.8160672020179437,0.024528301886792454,3,3,-0.4585222529950919
2022-11-18,180.19000244140625,-0.0162690165274254,0.0001640873106699,1.0,0.0,0.9754716981132076,1.0,0.8111783381504551,0.024528301886792454,3,3,-0.45363338912760337
2022-11-21,167.8699951171875,-0.0683723134319005,0.0001626190495869,1.0,0.0,0.9453681710213777,1.0,0.769824735646042,0.05463182897862233,3,3,-0.41227978662319026
2022-11-22,169.91000366210938,0.0121523119333968,0.0001665872997707,1.0,0.0,0.9754716981132076,1.0,0.7872306382032989,0.024528301886792454,3,3,-0.4296856891804471
2022-11-23,183.1999969482422,0.0782178388540435,0.0001666666590978,1.0,0.0,0.9754716981132076,1.0,0.8310617353212081,0.024528301886792454,3,3,-0.4735167862983563
2022-11-25,182.8600006103516,-0.0018558752377416,0.0001656746107434,1.0,0.0,0.9754716981132076,1.0,0.8334328082948251,0.024528301886792454,3,3,-0.47588785927197336
2022-11-28,182.9199981689453,0.0003281065207998,0.0001659920669737,1.0,0.0,0.9754716981132076,1.0,0.8358757687488583,0.024528301886792454,3,3,-0.4783308197260065
2022-11-29,180.8300018310547,-0.0114257399891306,0.0001687698326413,1.0,0.0,0.9754716981132076,1.0,0.833560299928549,0.024528301886792454,3,3,-0.4760153509056972
2022-11-30,194.6999969482422,0.0767018469100382,0.0001687698326413,1.0,0.0,0.9754716981132076,1.0,0.8304646920501413,0.024528301886792454,3,3,-0.4729197430272895
2022-12-01,194.6999969482422,0.0,0.000166388882531,1.0,0.0,0.9754716981132076,1.0,0.8381645919896064,0.024528301886792454,3,3,-0.4806196429667546
2022-12-02,194.8600006103516,0.0008217959148295,0.0001669841342502,1.0,0.0,0.9754716981132076,1.0,0.844085497438096,0.024528301886792454,3,3,-0.48654054841524425
2022-12-05,182.4499969482422,-0.0636867680552093,0.0001649999996972,1.0,0.0,0.9754716981132076,1.0,0.8401175288853903,0.024528301886792454,3,3,-0.4825725798625385
2022-12-06,179.82000732421875,-0.0144148515648894,0.0001674603091345,1.0,0.0,0.9754716981132076,1.0,0.8369077577034515,0.024528301886792454,3,3,-0.4793628086805997
2022-12-07,174.0399932861328,-0.0321433311236856,0.0001659920669737,1.0,0.0,0.9754716981132076,1.0,0.8217772523935548,0.024528301886792454,3,3,-0.46423230337070304
2022-12-08,173.44000244140625,-0.0034474308657329,0.0001646825434669,1.0,0.0,0.9754716981132076,1.0,0.8248601776541982,0.024528301886792454,3,3,-0.4673152286313464
2022-12-09,179.0500030517578,0.0323454827685834,0.0001655952324942,1.0,0.0,0.9754716981132076,1.0,0.842876063511465,0.024528301886792454,3,3,-0.48533111448861327
2022-12-12,167.82000732421875,-0.0627198857086465,0.0001653968341766,1.0,0.0,0.9754716981132076,1.0,0.8097281594594321,0.024528301886792454,3,3,-0.45218321043658033
2022-12-13,160.9499969482422,-0.040936777953442,0.0001685714343237,1.0,0.0,0.9754716981132076,1.0,0.7881056751450343,0.024528301886792454,3,3,-0.4305607261221825
2022-12-14,156.8000030517578,-0.025784367661833,0.0001674603091345,1.0,0.0,0.9453681710213777,1.0,0.7780642661114023,0.05463182897862233,3,3,-0.42051931708855056
2022-12-15,157.6699981689453,0.0055484381393815,0.0001671825325678,1.0,0.0,0.9754716981132076,1.0,0.789044719452589,0.024528301886792454,3,3,-0.43149977042973725
2022-12-16,150.22999572753906,-0.0471871790943652,0.0001651984169369,1.0,0.0,0.9453681710213777,1.0,0.7653164104454437,0.05463182897862233,3,3,-0.40777146142259196
2022-12-19,149.8699951171875,-0.0023963297649589,0.0001651984169369,1.0,0.0,0.9453681710213777,1.0,0.771599061318395,0.05463182897862233,3,3,-0.4140541122955432
2022-12-20,137.8000030517578,-0.0805364146171608,0.000167857143614,1.0,0.0,0.9453681710213777,1.0,0.7339233951120036,0.05463182897862233,3,3,-0.3763784460891518
2022-12-21,137.57000732421875,-0.0016690545895901,0.0001668650763375,1.0,0.0,0.9453681710213777,1.0,0.7410666725836322,0.05463182897862233,3,3,-0.38352172356078046
2022-12-22,125.3499984741211,-0.0888275655993685,0.0001669841342502,1.0,0.0,0.9449436423872323,1.0,0.707801924665892,0.05505635761276772,3,3,-0.3502569756430402
2022-12-23,123.1500015258789,-0.0175508334664749,0.000166388882531,1.0,0.0,0.9453681710213777,1.0,0.7093939325300903,0.05463182897862233,3,3,-0.35184898350723853
2022-12-27,109.0999984741211,-0.1140885333144338,0.0001664682607802,1.0,0.0,0.9157509157509157,1.0,0.6760476312364042,0.08424908424908426,3,3,-0.31850268221355243
2022-12-28,112.70999908447266,0.0330889153147684,0.0001721428500281,1.0,0.0,0.9157509157509157,1.0,0.6970623584666361,0.08424908424908426,3,3,-0.33951740944378433
2022-12-29,121.81999969482422,0.0808269069678893,0.000170436510964,1.0,0.0,0.9453681710213777,1.0,0.7316356012233332,0.05463182897862233,3,3,-0.3740906522004814
2022-12-30,123.18000030517578,0.0111640175156668,0.0001690476281302,1.0,0.0,0.9453681710213777,1.0,0.7425792322916203,0.05463182897862233,3,3,-0.3850342832687685
2023-01-03,108.0999984741211,-0.1224224857419573,0.0001688492108905,1.0,0.0,0.906896551724138,1.0,0.7063738292385828,0.09310344827586207,3,3,-0.2791434138139001
2023-01-04,113.63999938964844,0.0512488528559378,0.0001746031783875,1.0,0.0,0.9213836477987422,1.0,0.7317056221729802,0.07861635220125786,3,3,-0.3044752067482975
2023-01-05,110.33999633789062,-0.0290390977603121,0.0001784920692443,1.0,0.0,0.9130434782608696,1.0,0.7272150409014956,0.08695652173913043,3,3,-0.29998462547681287
2023-01-06,113.05999755859376,0.0246510903659427,0.0001782936520046,1.0,0.0,0.9213836477987422,1.0,0.7411016368274022,0.07861635220125786,3,3,-0.31387122140271945
2023-01-09,119.7699966430664,0.059349011404278,0.0001778968175252,1.0,0.0,0.9213836477987422,1.0,0.757259072603509,0.07861635220125786,3,3,-0.3300286571788263
2023-01-10,118.8499984741211,-0.0076813742567518,0.0001811507959214,1.0,0.0,0.9213836477987422,1.0,0.7588027621823296,0.07861635220125786,3,3,-0.33157234675764685
2023-01-11,123.22000122070312,0.036769060182475,0.000180753961442,1.0,0.0,0.9213836477987422,1.0,0.7634547103266784,0.07861635220125786,3,3,-0.33622429490199573
2023-01-12,123.55999755859376,0.0027592625752508,0.0001775793612949,1.0,0.0,0.9213836477987422,1.0,0.7664392184009358,0.07861635220125786,3,3,-0.33920880297625305
2023-01-13,122.4000015258789,-0.0093881195826729,0.0001780952347649,1.0,0.0,0.9213836477987422,1.0,0.7685670346673434,0.07861635220125786,3,3,-0.34133661924266073
2023-01-17,131.49000549316406,0.0742647373690046,0.0001782936520046,1.0,0.0,0.9213836477987422,1.0,0.7469883250860159,0.07861635220125786,3,3,-0.31975790966133316
2023-01-18,128.77999877929688,-0.0206099825131429,0.0001797619130876,1.0,0.0,0.9213836477987422,1.0,0.7669414232910192,0.07861635220125786,3,3,-0.3397110078663365
2023-01-19,127.16999816894533,-0.012501946153228,0.0001795634958479,1.0,0.0,0.9437984496124031,1.0,0.7750804328163715,0.0562015503875969,3,3,-0.3478500173916888
2023-01-20,133.4199981689453,0.0491468120625184,0.0001800793693179,1.0,0.0,0.9213836477987422,1.0,0.7562320914429491,0.07861635220125786,3,3,-0.3290016760182664
2023-01-23,143.75,0.0774246887484899,0.0001799603114052,1.0,0.0,0.906896551724138,1.0,0.6808708256984619,0.09310344827586207,3,3,-0.2536404102737792
2023-01-24,143.88999938964844,0.0009739087975544,0.0001814682521517,1.0,0.0,0.906896551724138,1.0,0.7021672660109838,0.09310344827586207,3,3,-0.2749368505863011
2023-01-25,144.42999267578125,0.0037528201294276,0.0001803571458846,1.0,0.0,0.906896551724138,1.0,0.713926416266832,0.09310344827586207,3,3,-0.28669600084214925
2023-01-26,160.27000427246094,0.1096725915664733,0.0001802777865576,1.0,0.0,0.8356605800214822,1.0,0.5465847172600374,0.16433941997851773,3,3,-0.11935430183535473
2023-01-27,177.89999389648438,0.1100018041682475,0.0001804761848752,1.0,0.0,0.7821011673151751,0.0,0.4276454184301455,0.2178988326848249,2,3,-0.00041500300546276625
2023-01-30,166.66000366210938,-0.0631815099494341,0.0001799603114052,1.0,0.0,0.8356605800214822,1.0,0.5303825641515985,0.16433941997851773,3,3,-0.10315214872691575
2023-01-31,173.22000122070312,0.0393615589490423,0.0001813492131611,1.0,0.0,0.7854545454545454,0.0,0.4848113772603706,0.21454545454545454,2,3,-0.057580961835687894
2023-02-01,181.4100036621093,0.0472809282051158,0.0001793650786081,1.0,0.0,0.14238410596026485,0.0,0.4340200368778468,0.8576158940397351,1,3,-0.006789621453164085
2023-02-02,188.2700042724609,0.0378148970391341,0.0001789682630508,0.0,0.0,0.14084507042253522,0.0,0.40211810299689,0.14084507042253522,2,2,-0.19029413633746606
2023-02-03,189.97999572753903,0.0090826547844735,0.0001794841175987,0.0,0.0,0.14084507042253522,0.0,0.403844707638454,0.14084507042253522,2,2,-0.18856753169590207
2023-02-06,194.759994506836,0.0251605373554815,0.0001798809520781,0.0,0.0,0.14084507042253522,0.0,0.3848274737527672,0.14084507042253522,2,2,-0.20758476558158884
2023-02-07,196.8099975585937,0.0105257912794085,0.0001813492131611,0.0,0.0,0.14084507042253522,0.0,0.382366138250013,0.14084507042253522,2,2,-0.21004610108434307
2023-02-08,201.2899932861328,0.0227630495559827,0.0001819444459582,0.0,0.0,0.13043478260869565,0.0,0.3659836144811283,0.13043478260869565,2,2,-0.22642862485322773
2023-02-09,207.32000732421875,0.0299568495166786,0.0001830555522252,0.0,0.0,0.1201923076923077,0.0,0.3421388882488122,0.1201923076923077,2,2,-0.2502733510855438
2023-02-10,196.88999938964844,-0.0503087380189952,0.0001839285805111,0.0,0.0,0.14084507042253522,0.0,0.454868486786496,0.14084507042253522,2,2,-0.13754375254786005
2023-02-13,194.63999938964844,-0.0114277007820352,0.0001843253960685,0.0,0.0,0.8576158940397351,1.0,0.5177345054615836,0.8576158940397351,1,2,-0.07467773387277243
2023-02-14,209.25,0.0750616556523096,0.0001849206288655,0.0,0.0,0.1201923076923077,0.0,0.3479943253409712,0.1201923076923077,2,2,-0.24441791399338486
2023-02-15,214.2400054931641,0.0238470991310111,0.0001842460367414,0.0,0.0,0.08771929824561403,0.0,0.3279720490922814,0.08771929824561403,2,2,-0.26444019024207466
2023-02-16,202.0399932861328,-0.0569455372209676,0.0001851190461052,0.0,0.0,0.18686868686868688,0.0,0.491134960902073,0.18686868686868688,2,2,-0.10127727843228307
2023-02-17,208.3099975585937,0.0310334808989087,0.0001857142789023,0.0,0.0,0.14084507042253522,0.0,0.4155395109997639,0.14084507042253522,2,2,-0.17687272833459217
2023-02-21,197.3699951171875,-0.0525178943383597,0.0001860317540547,0.0,0.0,0.8576158940397351,1.0,0.6264705963664898,0.8576158940397351,1,2,0.03405835703213378
2023-02-22,200.8600006103516,0.0176825534757292,0.0001863095306214,1.0,0.0,0.8356605800214822,1.0,0.5774193302515933,0.16433941997851773,3,3,-0.1501889148269106
2023-02-23,202.07000732421875,0.0060241297928422,0.0001861111133817,1.0,0.0,0.8356605800214822,1.0,0.576854916323516,0.16433941997851773,3,3,-0.14962450089883333
2023-02-24,196.8800048828125,-0.0256841800034132,0.0001866269868517,1.0,0.0,0.90625,1.0,0.6728360536600723,0.09375,3,3,-0.24560563823538956
2023-02-27,207.6300048828125,0.0546017865369246,0.0001851190461052,1.0,0.0,0.8356605800214822,1.0,0.5006556199098499,0.16433941997851773,3,3,-0.07342520448516715
2023-02-28,205.7100067138672,-0.0092472095737269,0.0001869047634185,1.0,0.0,0.8356605800214822,1.0,0.5676267495368049,0.16433941997851773,3,3,-0.1403963341121222
2023-03-01,202.7700042724609,-0.0142919758176649,0.0001874999962155,1.0,0.0,0.8356605800214822,1.0,0.6431648061154458,0.16433941997851773,3,3,-0.2159343906907631
2023-03-02,190.8999938964844,-0.0585392815794728,0.0001874206368885,1.0,0.0,0.9437984496124031,1.0,0.7765840823645762,0.0562015503875969,3,3,-0.3493536669398935
2023-03-03,197.7899932861328,0.0360921928231412,0.0001872222196488,1.0,0.0,0.906896551724138,1.0,0.7138486047520993,0.09310344827586207,3,3,-0.2866181893274166
2023-03-06,193.8099975585937,-0.0201223310715292,0.0001876190541282,1.0,0.0,0.9437984496124031,1.0,0.7734267434473366,0.0562015503875969,3,3,-0.34619632802265393
2023-03-07,187.7100067138672,-0.0314740773002812,0.0001922618964361,1.0,0.0,0.9437984496124031,1.0,0.8163689353299846,0.0562015503875969,3,3,-0.38913851990530185
2023-03-08,182.0,-0.0304192984371427,0.0001937698371826,1.0,0.0,0.9437984496124031,1.0,0.8280307525541822,0.0562015503875969,3,3,-0.40080033712949953
2023-03-09,172.9199981689453,-0.0498901199508499,0.0001923809543488,1.0,0.0,0.9437984496124031,1.0,0.8152094381429795,0.0562015503875969,3,3,-0.3879790227182968
2023-03-10,173.44000244140625,0.0030071956856769,0.0001905952370355,1.0,0.0,0.9437984496124031,1.0,0.8290363852006977,0.0562015503875969,3,3,-0.40180596977601496
2023-03-13,174.47999572753906,0.0059962711686663,0.0001848412695385,1.0,0.0,0.9437984496124031,1.0,0.8404965830070977,0.0562015503875969,3,3,-0.413266167582415
2023-03-14,183.259994506836,0.0503209479269326,0.0001857142789023,1.0,0.0,0.9437984496124031,1.0,0.8316869606087739,0.0562015503875969,3,3,-0.4044565451840912
2023-03-15,180.4499969482422,-0.0153333932272325,0.0001808730193546,1.0,0.0,0.9437984496124031,1.0,0.8408434662319897,0.0562015503875969,3,3,-0.413613050807307
2023-03-16,184.1300048828125,0.0203935051083754,0.0001797619130876,1.0,0.0,0.9437984496124031,1.0,0.8234646796115713,0.0562015503875969,3,3,-0.3962342641868886
2023-03-17,180.1300048828125,-0.0217237815343879,0.000170357151637,1.0,0.0,0.9516129032258065,1.0,0.8476278290462053,0.04838709677419355,3,3,-0.42039741362152255
2023-03-20,183.25,0.0173207962727657,0.0001771825457376,1.0,0.0,0.9437984496124031,1.0,0.8351589417139104,0.0562015503875969,3,3,-0.40792852628922766
2023-03-21,197.5800018310547,0.0781991914382247,0.0001827380959949,1.0,0.0,0.8356605800214822,1.0,0.6291466337022965,0.16433941997851773,3,3,-0.2019162182776138
2023-03-22,191.1499938964844,-0.0325438195919666,0.0001810714365944,1.0,0.0,0.9213836477987422,1.0,0.766597145119675,0.07861635220125786,3,3,-0.3393667296949923
2023-03-23,192.22000122070312,0.0055977366381616,0.0001786904675619,1.0,0.0,0.9213836477987422,1.0,0.7679700069688636,0.07861635220125786,3,3,-0.34073959154418093
2023-03-24,190.4100036621093,-0.009416281069084,0.0001786904675619,1.0,0.0,0.9437984496124031,1.0,0.8000656394396143,0.0562015503875969,3,3,-0.3728352240149316
2023-03-27,191.8099975585937,0.0073525228168618,0.0001818650866311,1.0,0.0,0.9437984496124031,1.0,0.7970015019358171,0.0562015503875969,3,3,-0.3697710865111344
2023-03-28,189.19000244140625,-0.0136593251161848,0.0001836507850223,1.0,0.0,0.9437984496124031,1.0,0.8307544531840294,0.0562015503875969,3,3,-0.4035240377593467
2023-03-29,193.8800048828125,0.024789906342217,0.0001837301632714,1.0,0.0,0.9437984496124031,1.0,0.7812329815965103,0.0562015503875969,3,3,-0.3540025661718276
2023-03-30,195.27999877929688,0.007220929756684,0.0001851190461052,1.0,0.0,0.9437984496124031,1.0,0.777284927834534,0.0562015503875969,3,3,-0.35005451240985125
2023-03-31,207.4600067138672,0.0623720197189063,0.0001819444459582,1.0,0.0,0.8356605800214822,1.0,0.5539608050568584,0.16433941997851773,3,3,-0.1267303896321757
2023-04-03,194.7700042724609,-0.0611684277968263,0.0001813492131611,1.0,0.0,0.9437984496124031,1.0,0.7925347978862262,0.0562015503875969,3,3,-0.36530438246154345
2023-04-04,192.5800018310547,-0.0112440437098448,0.0001876190541282,1.0,0.0,0.9437984496124031,1.0,0.8262289465094297,0.0562015503875969,3,3,-0.398998531084747
2023-04-05,185.5200042724609,-0.036660076287606,0.0001867063461788,1.0,0.0,0.9758454106280193,1.0,0.8601937192187519,0.024154589371980676,3,3,-0.43296330379406917
2023-04-06,185.0599975585937,-0.0024795531655531,0.0001869047634185,1.0,0.0,0.9758454106280193,1.0,0.8628070422271839,0.024154589371980676,3,3,-0.43557662680250114
2023-04-10,184.509994506836,-0.0029720256079845,0.0001919841198694,1.0,0.0,0.9758454106280193,1.0,0.8593465246467282,0.024154589371980676,3,3,-0.4321161092220455
2023-04-11,186.7899932861328,0.0123570475701919,0.000193650798192,1.0,0.0,0.9758454106280193,1.0,0.8616672105339493,0.024154589371980676,3,3,-0.43443679510926664
2023-04-12,180.5399932861328,-0.0334600365364646,0.0001928571481553,1.0,0.0,0.9758454106280193,1.0,0.870290745947966,0.024154589371980676,3,3,-0.44306033052328325
2023-04-13,185.8999938964844,0.0296887161276042,0.0001926587309156,1.0,0.0,0.9758454106280193,1.0,0.86538003777038,0.024154589371980676,3,3,-0.43814962234569726
2023-04-14,185.0,-0.0048412798603185,0.0001945634872194,1.0,0.0,0.9758454106280193,1.0,0.8674991171687033,0.024154589371980676,3,3,-0.4402687017440206
2023-04-17,187.0399932861328,0.0110269907358531,0.0001953571372561,1.0,0.0,0.9758454106280193,1.0,0.8601671093673972,0.024154589371980676,3,3,-0.43293669394271445
2023-04-18,184.3099975585937,-0.0145957860646561,0.0001996031829289,1.0,0.0,0.9758454106280193,1.0,0.8764984002530675,0.024154589371980676,3,3,-0.44926798482838476
2023-04-19,180.58999633789065,-0.0201833935759259,0.0001982142811729,1.0,0.0,0.9758454106280193,1.0,0.8792733392240297,0.024154589371980676,3,3,-0.452042923799347
2023-04-20,162.99000549316406,-0.0974582823059387,0.0001962301655421,1.0,0.0,0.9437984496124031,1.0,0.8152533418189309,0.0562015503875969,3,3,-0.38802292639424824
2023-04-21,165.0800018310547,0.0128228496684006,0.0001964285638597,1.0,0.0,0.9437984496124031,1.0,0.8360752848807138,0.0562015503875969,3,3,-0.4088448694560311
2023-04-24,162.5500030517578,-0.0153258950280732,0.0001933730216253,1.0,0.0,0.9437984496124031,1.0,0.8327998969171145,0.0562015503875969,3,3,-0.4055694814924318
2023-04-25,160.6699981689453,-0.0115657019225886,0.0001965476217724,1.0,0.0,0.9437984496124031,1.0,0.8331807582294029,0.0562015503875969,3,3,-0.40595034280472014
2023-04-26,153.75,-0.0430696349524377,0.0001978174656156,1.0,0.0,0.9437984496124031,1.0,0.8086384976769113,0.0562015503875969,3,3,-0.3814080822522286
2023-04-27,160.19000244140625,0.0418861947408537,0.0001984126984126,1.0,0.0,0.9758454106280193,1.0,0.8480044278138972,0.024154589371980676,3,3,-0.42077401238921447
2023-04-28,164.30999755859375,0.0257194272700913,0.0001953571372561,1.0,0.0,0.9758454106280193,1.0,0.8613947677560242,0.024154589371980676,3,3,-0.4341643523313415
2023-05-01,161.8300018310547,-0.0150933951943775,0.0001930555464729,1.0,0.0,0.9758454106280193,1.0,0.8559306624565824,0.024154589371980676,3,3,-0.42870024703189974
2023-05-02,160.30999755859375,-0.0093925987472197,0.0001999999984862,1.0,0.0,0.9758454106280193,1.0,0.8582407384428288,0.024154589371980676,3,3,-0.43101032301814607
2023-05-03,160.61000061035156,0.0018713932775662,0.0002021825313568,1.0,0.0,0.9758454106280193,1.0,0.8652851379381791,0.024154589371980676,3,3,-0.43805472251349636
2023-05-04,161.1999969482422,0.0036734719858571,0.0002005952312832,1.0,0.0,0.9758454106280193,1.0,0.8695437365501563,0.024154589371980676,3,3,-0.44231332112547356
2023-05-05,170.05999755859375,0.0549627839831554,0.0002015872985597,1.0,0.0,0.9758454106280193,1.0,0.8536574134425529,0.024154589371980676,3,3,-0.42642699801787015
2023-05-08,171.7899932861328,0.0101728551827304,0.0002017063564724,1.0,0.0,0.9516129032258065,1.0,0.8475652896611078,0.04838709677419355,3,3,-0.42033487423642507
2023-05-09,169.14999389648438,-0.0153675970244161,0.0002032936565459,1.0,0.0,0.9758454106280193,1.0,0.8616999470621756,0.024154589371980676,3,3,-0.43446953163749286
2023-05-10,168.5399932861328,-0.0036062703657255,0.0002009920657627,1.0,0.0,0.9758454106280193,1.0,0.870907284873893,0.024154589371980676,3,3,-0.4436768694492103
2023-05-11,172.0800018310547,0.0210039675207056,0.0001990079312097,1.0,0.0,0.9758454106280193,1.0,0.8529016397007603,0.024154589371980676,3,3,-0.42567122427607756
2023-05-12,167.97999572753906,-0.0238261625981439,0.0001995238046797,1.0,0.0,0.9758454106280193,1.0,0.8768250922161149,0.024154589371980676,3,3,-0.4495946767914322
2023-05-15,166.35000610351562,-0.0097034746129369,0.0001984126984126,1.0,0.0,0.9758454106280193,1.0,0.8794968308323897,0.024154589371980676,3,3,-0.452266415407707
2023-05-16,166.52000427246094,0.001021930644472,0.0002007142891959,1.0,0.0,0.9758454106280193,1.0,0.8805036526254008,0.024154589371980676,3,3,-0.45327323720071805
2023-05-17,173.86000061035156,0.044078766211661,0.00020190475479,1.0,0.0,0.9516129032258065,1.0,0.8454057112437912,0.04838709677419355,3,3,-0.41817529581910845
2023-05-18,176.88999938964844,0.0174278084013561,0.000203373015873,1.0,0.0,0.9437984496124031,1.0,0.8148563595508548,0.0562015503875969,3,3,-0.3876259441261721
2023-05-19,180.13999938964844,0.0183730002329922,0.0002017857157994,1.0,0.0,0.9437984496124031,1.0,0.7823677569220044,0.0562015503875969,3,3,-0.35513734149732173
2023-05-22,188.8699951171875,0.0484622835412351,0.0002021825313568,1.0,0.0,0.8356605800214822,1.0,0.6432151967814794,0.16433941997851773,3,3,-0.21598478135679672
2023-05-23,185.7700042724609,-0.0164133579968758,0.00020448412214,1.0,0.0,0.9213836477987422,1.0,0.7410999576499006,0.07861635220125786,3,3,-0.31386954222521785
2023-05-24,182.8999938964844,-0.0154492668890031,0.0002057539659833,1.0,0.0,0.9437984496124031,1.0,0.7970303931580316,0.0562015503875969,3,3,-0.3697999777333489
2023-05-25,184.47000122070312,0.0085839659738167,0.0002048809566195,1.0,0.0,0.9437984496124031,1.0,0.7869753283050647,0.0562015503875969,3,3,-0.35974491288038196
2023-05-26,193.1699981689453,0.0471621233299248,0.0002029761813935,1.0,0.0,0.8356605800214822,1.0,0.6505504985263499,0.16433941997851773,3,3,-0.22332008310166723
2023-05-30,201.1600036621093,0.0413625592426416,0.0002040873065827,1.0,0.0,0.8356605800214822,1.0,0.5314567131433703,0.16433941997851773,3,3,-0.10422629771868758
2023-05-31,203.92999267578125,0.013770078361724,0.0002082539740062,1.0,0.0,0.8356605800214822,1.0,0.5117365096952898,0.16433941997851773,3,3,-0.08450609427060712
2023-06-01,207.5200042724609,0.0176041373295552,0.000206468256693,1.0,0.0,0.7854545454545454,0.0,0.4837805971233951,0.21454545454545454,2,3,-0.0565501816987124
2023-06-02,213.97000122070312,0.0310813262116831,0.0002069444504995,1.0,0.0,0.14238410596026485,0.0,0.4215787233164384,0.8576158940397351,1,3,0.005651692108244288
2023-06-05,217.6100006103516,0.0170117276668795,0.0002040873065827,0.0,0.0,0.14084507042253522,0.0,0.4047561655228497,0.14084507042253522,2,2,-0.18765607381150634
2023-06-06,221.3099975585937,0.0170028810158742,0.0002046825393797,0.0,0.0,0.14084507042253522,0.0,0.3879081583395602,0.14084507042253522,2,2,-0.20450408099479583
2023-06-07,224.57000732421875,0.0147305128624473,0.00020448412214,0.0,0.0,0.13414634146341464,0.0,0.3769001140071336,0.13414634146341464,2,2,-0.21551212532722247
2023-06-08,234.8600006103516,0.0458208707776228,0.0002023809485965,0.0,0.0,0.08518518518518518,0.0,0.3071224311371756,0.08518518518518518,2,2,-0.28528980819718047
2023-06-09,244.3999938964844,0.0406199151040636,0.0002021825313568,0.0,0.0,0.053497942386831275,0.0,0.2695132340858846,0.053497942386831275,2,2,-0.3228990052484714
2023-06-12,249.8300018310547,0.0222177089614419,0.0002021825313568,0.0,0.0,0.053497942386831275,0.0,0.2591758540794615,0.053497942386831275,2,2,-0.3332363852548946
2023-06-13,258.7099914550781,0.035544128242966,0.0002023809485965,0.0,0.0,0.04838709677419355,0.0,0.2460479032421496,0.04838709677419355,2,2,-0.34636433609220646
2023-06-14,256.7900085449219,-0.0074213713175806,0.0002015872985597,0.0,0.0,0.044444444444444446,0.0,0.2438371468577745,0.044444444444444446,2,2,-0.3485750924765816
2023-06-15,255.8999938964844,-0.0034659239799891,0.0002005952312832,0.0,0.0,0.053497942386831275,0.0,0.2570060587308108,0.053497942386831275,2,2,-0.33540618060354527
2023-06-16,260.5400085449219,0.0181321405201535,0.0002009920657627,0.0,0.0,0.04838709677419355,0.0,0.2465092937407136,0.04838709677419355,2,2,-0.34590294559364243
2023-06-20,274.45001220703125,0.0533891272200177,0.00020138888132,0.0,0.0,0.03969022265246854,0.0,0.2214987779530996,0.03969022265246854,2,2,-0.37091346138125647
2023-06-21,259.4599914550781,-0.0546184007477668,0.0002037698503524,0.0,0.0,0.053497942386831275,0.0,0.2581858256640221,0.053497942386831275,2,2,-0.33422641367033395
2023-06-22,264.6099853515625,0.0198488941111987,0.0002037698503524,0.0,0.0,0.044444444444444446,0.0,0.2417115148879335,0.044444444444444446,2,2,-0.35070072444642253
2023-06-23,256.6000061035156,-0.0302708880672237,0.000203888889343,0.0,0.0,0.1201923076923077,0.0,0.3537962836112255,0.1201923076923077,2,2,-0.23861595572313055
2023-06-26,241.0500030517578,-0.0606001663362577,0.0002045635003892,0.0,0.0,0.8576158940397351,1.0,0.6373460915457536,0.8576158940397351,1,2,0.04493385221139756
2023-06-27,250.2100067138672,0.0380004295629174,0.0002055555487435,0.0,0.0,0.18686868686868688,0.0,0.4815390333621474,0.18686868686868688,2,2,-0.11087320597220868
2023-06-28,256.239990234375,0.0240996896954786,0.0002051587331862,0.0,0.0,0.14084507042253522,0.0,0.3975684082254714,0.14084507042253522,2,2,-0.19484383110888465
2023-06-29,257.5,0.0049173033626503,0.0002053571504259,0.0,0.0,0.14084507042253522,0.0,0.4051283781840547,0.14084507042253522,2,2,-0.18728386115030132
2023-06-30,261.7699890136719,0.0165824816064927,0.00020448412214,0.0,0.0,0.13043478260869565,0.0,0.364536470796775,0.13043478260869565,2,2,-0.22787576853758107
2023-07-03,279.82000732421875,0.0689537344542736,0.0002041666659097,0.0,0.0,0.03969022265246854,0.0,0.1911038955147555,0.03969022265246854,2,2,-0.40130834381960057
2023-07-05,282.4800109863281,0.009506123909958,0.0002060714222135,0.0,0.0,0.03969022265246854,0.0,0.1948348373675647,0.03969022265246854,2,2,-0.39757740196679137
2023-07-06,276.5400085449219,-0.021028045208104,0.0002068650722503,0.0,0.0,0.053497942386831275,0.0,0.2598157710583944,0.053497942386831275,2,2,-0.3325964682759617
2023-07-07,274.42999267578125,-0.0076300564256251,0.0002068650722503,0.0,0.0,0.08518518518518518,0.0,0.3161644148003567,0.08518518518518518,2,2,-0.2762478245339994
2023-07-10,269.6099853515625,-0.0175637045981094,0.0002073412660568,0.0,0.0,0.14084507042253522,0.0,0.4295736189527654,0.14084507042253522,2,2,-0.16283862038159064
2023-07-11,269.7900085449219,0.0006677170844566,0.0002080555567665,0.0,0.0,0.14084507042253522,0.0,0.4506413952516305,0.14084507042253522,2,2,-0.14177084408272556
2023-07-12,271.989990234375,0.0081544224017726,0.0002075396832965,0.0,0.0,0.14084507042253522,0.0,0.445452278886038,0.14084507042253522,2,2,-0.14695996044831805
2023-07-13,277.8999938964844,0.0217287542714961,0.0002072619067298,0.0,0.0,0.13043478260869565,0.0,0.3658187634332768,0.13043478260869565,2,2,-0.22659347590107926
2023-07-14,281.3800048828125,0.0125225299127729,0.0002069444504995,0.0,0.0,0.1201923076923077,0.0,0.3424426747038184,0.1201923076923077,2,2,-0.24996956463053766
2023-07-17,290.3800048828125,0.0319852151674682,0.0002076587222871,0.0,0.0,0.053497942386831275,0.0,0.2530003931341745,0.053497942386831275,2,2,-0.33941184620018156
2023-07-18,293.3399963378906,0.0101935099018704,0.0002082539740062,0.0,0.0,0.053497942386831275,0.0,0.2541271252353838,0.053497942386831275,2,2,-0.3382851140989723
2023-07-19,291.260009765625,-0.0070907022507415,0.0002081349160936,0.0,0.0,0.08518518518518518,0.0,0.3052300881831435,0.08518518518518518,2,2,-0.28718215115121254
2023-07-20,262.8999938964844,-0.0973700986000849,0.0002080555567665,0.0,0.0,0.8576158940397351,1.0,0.7172896312230878,0.8576158940397351,1,2,0.1248773918887317
2023-07-21,260.0199890136719,-0.0109547544681438,0.0002082539740062,1.0,0.0,0.9213836477987422,1.0,0.74935752446391,0.07861635220125786,3,3,-0.3221271090392273
2023-07-24,269.0599975585937,0.0347665907502461,0.0002083333333333,1.0,0.0,0.8356605800214822,1.0,0.6501759467434007,0.16433941997851773,3,3,-0.22294553131871803
2023-07-25,265.2799987792969,-0.0140489066141229,0.0002089285661303,1.0,0.0,0.906896551724138,1.0,0.7181821179914241,0.09310344827586207,3,3,-0.29095170256674135
2023-07-26,264.3500061035156,-0.0035057022016762,0.000209047624043,1.0,0.0,0.9213836477987422,1.0,0.738878919806394,0.07861635220125786,3,3,-0.31164850438171127
2023-07-27,255.7100067138672,-0.0326839386803915,0.000209047624043,1.0,0.0,0.9437984496124031,1.0,0.8032988407268968,0.0562015503875969,3,3,-0.3760684253022141
2023-07-28,266.44000244140625,0.0419615793117773,0.000208531750573,1.0,0.0,0.906896551724138,1.0,0.7155535782075042,0.09310344827586207,3,3,-0.2883231627828215
2023-07-31,267.42999267578125,0.0037156216232685,0.0002082539740062,1.0,0.0,0.906896551724138,1.0,0.7107576042494346,0.09310344827586207,3,3,-0.28352718882475186
2023-08-01,261.07000732421875,-0.0237818701183342,0.0002087301678127,1.0,0.0,0.9437984496124031,1.0,0.7915166710556941,0.0562015503875969,3,3,-0.3642862556310114
2023-08-02,254.1100006103516,-0.0266595415735505,0.0002087301678127,1.0,0.0,0.9437984496124031,1.0,0.8329411076523687,0.0562015503875969,3,3,-0.405710692227686
2023-08-03,259.32000732421875,0.0205029581730475,0.0002086507895636,1.0,0.0,0.9437984496124031,1.0,0.8087949946350771,0.0562015503875969,3,3,-0.3815645792103944
2023-08-04,253.8600006103516,-0.0210550923941656,0.0002084523723238,1.0,0.0,0.9516129032258065,1.0,0.844340581634874,0.04838709677419355,3,3,-0.4171101662101913
2023-08-07,251.4499969482422,-0.0094934359738244,0.0002087301678127,1.0,0.0,0.9758454106280193,1.0,0.8545595894315186,0.024154589371980676,3,3,-0.42732917400683584
2023-08-08,249.6999969482422,-0.0069596342065584,0.0002093254006098,1.0,0.0,0.9758454106280193,1.0,0.858170785175349,0.024154589371980676,3,3,-0.43094036975066624
2023-08-09,242.19000244140625,-0.0300760696780969,0.0002095238178495,1.0,0.0,0.9758454106280193,1.0,0.8660890136887986,0.024154589371980676,3,3,-0.43885859826411594
2023-08-10,245.33999633789065,0.0130062920216802,0.000209047624043,1.0,0.0,0.9758454106280193,1.0,0.8759150028259192,0.024154589371980676,3,3,-0.44868458740123646
2023-08-11,242.6499938964844,-0.0109643860828199,0.0002089285661303,1.0,0.0,0.9758454106280193,1.0,0.8793413948769004,0.024154589371980676,3,3,-0.45211097945221773
2023-08-14,239.759994506836,-0.0119101564489686,0.00020912698337,1.0,0.0,0.9758454106280193,1.0,0.8765952180841319,0.024154589371980676,3,3,-0.44936480265944917
2023-08-15,232.9600067138672,-0.0283616447646145,0.0002095238178495,1.0,0.0,0.9758454106280193,1.0,0.8710587158694775,0.024154589371980676,3,3,-0.44382830044479477
2023-08-16,225.6000061035156,-0.0315934083028744,0.0002097222161671,1.0,0.0,0.9758454106280193,1.0,0.8536531301961776,0.024154589371980676,3,3,-0.4264227147714949
2023-08-17,219.22000122070312,-0.0282801627225357,0.0002094444396003,1.0,0.0,0.9437984496124031,1.0,0.8371674136564506,0.0562015503875969,3,3,-0.40993699823176794
2023-08-18,215.4900054931641,-0.017014851321818,0.0002094444396003,1.0,0.0,0.9437984496124031,1.0,0.8360718052279514,0.0562015503875969,3,3,-0.40884138980326873
2023-08-21,231.27999877929688,0.073274828918382,0.0002095238178495,1.0,0.0,0.9758454106280193,1.0,0.8982922318788854,0.024154589371980676,3,3,-0.4710618164542027
2023-08-22,233.19000244140625,0.0082584039786857,0.0002101190506465,1.0,0.0,0.9758454106280193,1.0,0.9006862159255857,0.024154589371980676,3,3,-0.473455800500903
2023-08-23,236.8600006103516,0.0157382311871088,0.0002101190506465,1.0,0.0,0.9758454106280193,1.0,0.8953986555969368,0.024154589371980676,3,3,-0.46816824017225406
2023-08-24,230.0399932861328,-0.0287934109036759,0.0002104365068768,1.0,0.0,0.9758454106280193,1.0,0.903713829442665,0.024154589371980676,3,3,-0.4764834140179823
2023-08-25,238.58999633789065,0.0371674634902419,0.0002109127006833,1.0,0.0,0.9758454106280193,1.0,0.8836967442289613,0.024154589371980676,3,3,-0.45646632880427856
2023-08-28,238.82000732421875,0.0009640428763089,0.0002112301569136,1.0,0.0,0.9758454106280193,1.0,0.8863804889995714,0.024154589371980676,3,3,-0.45915007357488874
2023-08-29,257.17999267578125,0.0768779197240256,0.000211111117923,1.0,0.0,0.8356605800214822,1.0,0.6236643258687531,0.16433941997851773,3,3,-0.19643391044407038
2023-08-30,256.8999938964844,-0.0010887269121663,0.0002109127006833,1.0,0.0,0.90625,1.0,0.6647395765662985,0.09375,3,3,-0.23750916114161574
2023-08-31,258.0799865722656,0.0045931985356788,0.0002102380896371,1.0,0.0,0.90625,1.0,0.6770614069359057,0.09375,3,3,-0.24983099151122296
2023-09-01,245.009994506836,-0.0506431832976319,0.000209047624043,1.0,0.0,0.9758454106280193,1.0,0.8688620097308308,0.024154589371980676,3,3,-0.4416315943061481
2023-09-05,256.489990234375,0.0468552140113562,0.0002094444396003,1.0,0.0,0.9130434782608696,1.0,0.72486461217209,0.08695652173913043,3,3,-0.29763419674740726
2023-09-06,251.9199981689453,-0.0178174285135015,0.0002103174678863,1.0,0.0,0.9437984496124031,1.0,0.8072773160000564,0.0562015503875969,3,3,-0.38004690057537366
2023-09-07,251.4900054931641,-0.0017068620153484,0.0002096428568401,1.0,0.0,0.9437984496124031,1.0,0.812698794255121,0.0562015503875969,3,3,-0.38546837883043833
2023-09-08,248.5,-0.0118891623040875,0.0002100396913195,1.0,0.0,0.9758454106280193,1.0,0.8601559600463441,0.024154589371980676,3,3,-0.4329255446216614
2023-09-11,273.5799865722656,0.1009254992847712,0.0002100396913195,1.0,0.0,0.7854545454545454,0.0,0.4454642370806419,0.21454545454545454,2,3,-0.018233821655959215
2023-09-12,267.4800109863281,-0.0222968633867017,0.0002105158662039,1.0,0.0,0.8356605800214822,1.0,0.5993482799995142,0.16433941997851773,3,3,-0.17211786457483153
2023-09-13,271.29998779296875,0.0142813543058957,0.0002105158662039,1.0,0.0,0.8356605800214822,1.0,0.5648731627296595,0.16433941997851773,3,3,-0.13764274730497678
2023-09-14,276.0400085449219,0.0174715111140006,0.0002101190506465,1.0,0.0,0.8356605800214822,1.0,0.5073529887195699,0.16433941997851773,3,3,-0.0801225732948872
2023-09-15,274.3900146484375,-0.0059773722844812,0.0002102380896371,1.0,0.0,0.8356605800214822,1.0,0.5803188351130166,0.16433941997851773,3,3,-0.15308841968833392
2023-09-18,265.2799987792969,-0.0332009744626197,0.0002103174678863,1.0,0.0,0.9213836477987422,1.0,0.7694704490760916,0.07861635220125786,3,3,-0.3422400336514089
2023-09-19,266.5,0.0045989189773711,0.0002107142834436,1.0,0.0,0.9213836477987422,1.0,0.7607328535591013,0.07861635220125786,3,3,-0.33350243813441854
2023-09-20,262.5899963378906,-0.0146716835351196,0.0002109127006833,1.0,0.0,0.9437984496124031,1.0,0.827110970670837,0.0562015503875969,3,3,-0.39988055524615435
2023-09-21,255.6999969482422,-0.0262386209898972,0.0002105158662039,1.0,0.0,0.9758454106280193,1.0,0.8749508894460044,0.024154589371980676,3,3,-0.4477204740213217
2023-09-22,244.8800048828125,-0.0423151826146475,0.0002105158662039,1.0,0.0,0.9758454106280193,1.0,0.8780345854330542,0.024154589371980676,3,3,-0.45080417000837153
2023-09-25,246.9900054931641,0.0086164675280913,0.0002108333413563,1.0,0.0,0.9758454106280193,1.0,0.8937933759480986,0.024154589371980676,3,3,-0.4665629605234159
2023-09-26,244.1199951171875,-0.0116199453910941,0.0002113095162406,1.0,0.0,0.9758454106280193,1.0,0.8944612878447014,0.024154589371980676,3,3,-0.46723087242001865
2023-09-27,240.5,-0.014828753029631,0.0002115079334803,1.0,0.0,0.9758454106280193,1.0,0.8925027836015492,0.024154589371980676,3,3,-0.4652723681768665
2023-09-28,246.3800048828125,0.024449084751819,0.0002106349241165,1.0,0.0,0.9758454106280193,1.0,0.9027574371109348,0.024154589371980676,3,3,-0.4755270216862521
2023-09-29,250.22000122070312,0.0155856654833539,0.0002103174678863,1.0,0.0,0.9758454106280193,1.0,0.8969748062825699,0.024154589371980676,3,3,-0.46974439085788716
2023-10-02,251.6000061035156,0.0055151661581012,0.0002109127006833,1.0,0.0,0.9758454106280193,1.0,0.8886116690457403,0.024154589371980676,3,3,-0.4613812536210576
2023-10-03,246.52999877929688,-0.020151062008054,0.0002119047679598,1.0,0.0,0.9758454106280193,1.0,0.9058054985056574,0.024154589371980676,3,3,-0.4785750830809747
2023-10-04,261.1600036621094,0.0593437105230745,0.0002117063507201,1.0,0.0,0.9437984496124031,1.0,0.783698976012031,0.0562015503875969,3,3,-0.35646856058734827
2023-10-05,260.04998779296875,-0.004250328739376,0.0002113095162406,1.0,0.0,0.9437984496124031,1.0,0.814067713926408,0.0562015503875969,3,3,-0.38683729850172527
2023-10-06,260.5299987792969,0.0018458412184594,0.0002122222241901,1.0,0.0,0.9437984496124031,1.0,0.8061161143088262,0.0562015503875969,3,3,-0.37888569888414353
2023-10-09,259.6700134277344,-0.0033009072106549,0.0002122222241901,1.0,0.0,0.9437984496124031,1.0,0.8138922576645934,0.0562015503875969,3,3,-0.3866618422399107
2023-10-10,263.6199951171875,0.0152115434405073,0.0002112301569136,1.0,0.0,0.9437984496124031,1.0,0.7804006404706999,0.0562015503875969,3,3,-0.3531702250460172
2023-10-11,262.989990234375,-0.0023898220714724,0.0002117063507201,1.0,0.0,0.9437984496124031,1.0,0.8117570645339448,0.0562015503875969,3,3,-0.3845266491092621
2023-10-12,258.8699951171875,-0.0156659769199419,0.0002117063507201,1.0,0.0,0.9758454106280193,1.0,0.8649721625784407,0.024154589371980676,3,3,-0.43774174715375797
2023-10-13,251.1199951171875,-0.0299378071857716,0.0002114285741533,1.0,0.0,0.9758454106280193,1.0,0.9036507430786902,0.024154589371980676,3,3,-0.4764203276540075
2023-10-16,253.9199981689453,0.01115006015531,0.0002114285741533,1.0,0.0,0.9758454106280193,1.0,0.8957711962770759,0.024154589371980676,3,3,-0.4685407808523932
2023-10-17,254.8500061035156,0.003662602163188,0.0002119047679598,1.0,0.0,0.9758454106280193,1.0,0.884422441274774,0.024154589371980676,3,3,-0.4571920258500913
2023-10-18,242.67999267578125,-0.0477536320826733,0.0002115079334803,1.0,0.0,0.9758454106280193,1.0,0.9007771117153436,0.024154589371980676,3,3,-0.4735466962906609
2023-10-19,220.1100006103516,-0.0930031018073377,0.0002107142834436,1.0,0.0,0.9437984496124031,1.0,0.8232264761606377,0.0562015503875969,3,3,-0.395996060735955
2023-10-20,211.9900054931641,-0.0368906233004917,0.0002103174678863,1.0,0.0,0.9437984496124031,1.0,0.8049533484049153,0.0562015503875969,3,3,-0.3777229329802326
2023-10-23,212.0800018310547,0.0004245310418349,0.0002100396913195,1.0,0.0,0.9437984496124031,1.0,0.8220568464836373,0.0562015503875969,3,3,-0.3948264310589546
2023-10-24,216.5200042724609,0.0209355073702006,0.0002106349241165,1.0,0.0,0.9758454106280193,1.0,0.8548518676274118,0.024154589371980676,3,3,-0.4276214522027291
2023-10-25,212.4199981689453,-0.0189359228829327,0.0002109127006833,1.0,0.0,0.9516129032258065,1.0,0.8448194429642776,0.04838709677419355,3,3,-0.41758902753959487
2023-10-26,205.759994506836,-0.0313529974555991,0.0002103174678863,1.0,0.0,0.9437984496124031,1.0,0.8243616224838847,0.0562015503875969,3,3,-0.39713120705920196
2023-10-27,207.3000030517578,0.0074844896288654,0.0002105158662039,1.0,0.0,0.9437984496124031,1.0,0.8393518575735296,0.0562015503875969,3,3,-0.4121214421488469
2023-10-30,197.3600006103516,-0.0479498422338394,0.0002108333413563,1.0,0.0,0.9437984496124031,1.0,0.8067089634226811,0.0562015503875969,3,3,-0.37947854799799835
2023-10-31,200.83999633789065,0.0176327306281764,0.000211111117923,1.0,0.0,0.9437984496124031,1.0,0.8369676213328578,0.0562015503875969,3,3,-0.40973720590817514
2023-11-01,205.6600036621093,0.0239992402514761,0.0002103174678863,1.0,0.0,0.9758454106280193,1.0,0.8696874149300761,0.024154589371980676,3,3,-0.44245699950539336
2023-11-02,218.509994506836,0.0624817203924525,0.00020912698337,1.0,0.0,0.9758454106280193,1.0,0.8945440060903617,0.024154589371980676,3,3,-0.46731359066567896
2023-11-03,219.9600067138672,0.0066359079377755,0.0002084523723238,1.0,0.0,0.9758454106280193,1.0,0.8931043597446223,0.024154589371980676,3,3,-0.4658739443199396
2023-11-06,219.2700042724609,-0.0031369449915678,0.0002087301678127,1.0,0.0,0.9758454106280193,1.0,0.8972296634248526,0.024154589371980676,3,3,-0.46999924800016984
2023-11-07,222.17999267578125,0.0132712561983829,0.0002092460223606,1.0,0.0,0.9758454106280193,1.0,0.8949943431509765,0.024154589371980676,3,3,-0.46776392772629377
2023-11-08,222.1100006103516,-0.0003150241594066,0.000209047624043,1.0,0.0,0.9758454106280193,1.0,0.898976642220965,0.024154589371980676,3,3,-0.47174622679628225
2023-11-09,209.97999572753903,-0.0546126011862575,0.0002088492068033,1.0,0.0,0.9758454106280193,1.0,0.8911394185214151,0.024154589371980676,3,3,-0.4639090030967324
2023-11-10,214.6499938964844,0.0222402050860357,0.0002083333333333,1.0,0.0,0.9758454106280193,1.0,0.9007706090009094,0.024154589371980676,3,3,-0.47354019357622673
2023-11-13,223.7100067138672,0.0422083068949539,0.0002087301678127,1.0,0.0,0.9758454106280193,1.0,0.876384212458661,0.024154589371980676,3,3,-0.44915379703397834
2023-11-14,237.4100036621093,0.0612399827324885,0.0002084523723238,1.0,0.0,0.9213836477987422,1.0,0.7296699696311474,0.07861635220125786,3,3,-0.3024395542064647
2023-11-15,242.83999633789065,0.022871793909365,0.000208531750573,1.0,0.0,0.906896551724138,1.0,0.6780360010369848,0.09310344827586207,3,3,-0.2508055856123021
2023-11-16,233.58999633789065,-0.0380909246396521,0.0002080555567665,1.0,0.0,0.9437984496124031,1.0,0.835721671376304,0.0562015503875969,3,3,-0.40849125595162133
2023-11-17,234.3000030517578,0.0030395424675639,0.0002076587222871,1.0,0.0,0.9437984496124031,1.0,0.8367882597778656,0.0562015503875969,3,3,-0.40955784435318293
2023-11-20,235.6000061035156,0.005548455120893,0.0002078571395268,1.0,0.0,0.9437984496124031,1.0,0.8297871670561873,0.0562015503875969,3,3,-0.40255675163150456
2023-11-21,241.1999969482422,0.023769060694617,0.000208531750573,1.0,0.0,0.9437984496124031,1.0,0.7708406976231381,0.0562015503875969,3,3,-0.3436102821984554
2023-11-22,234.2100067138672,-0.0289800593814889,0.0002089285661303,1.0,0.0,0.9758454106280193,1.0,0.8705287940167222,0.024154589371980676,3,3,-0.4432983785920395
2023-11-24,235.4499969482422,0.0052943520721977,0.0002084523723238,1.0,0.0,0.9758454106280193,1.0,0.8697276688690203,0.024154589371980676,3,3,-0.4424972534443376
2023-11-27,236.0800018310547,0.0026757481035388,0.0002086507895636,1.0,0.0,0.9758454106280193,1.0,0.8673563391081565,0.024154589371980676,3,3,-0.44012592368347375
2023-11-28,246.72000122070312,0.0450694650420355,0.0002087301678127,1.0,0.0,0.9213836477987422,1.0,0.7348183020067798,0.07861635220125786,3,3,-0.30758788658209707
2023-11-29,244.13999938964844,-0.0104572058134303,0.0002079364988538,1.0,0.0,0.9437984496124031,1.0,0.8104124838090513,0.0562015503875969,3,3,-0.3831820683843686
2023-11-30,240.0800018310547,-0.0166297926138435,0.0002078571395268,1.0,0.0,0.9758454106280193,1.0,0.8697237258972881,0.024154589371980676,3,3,-0.4424933104726054
2023-12-01,238.8300018310547,-0.0052065977610231,0.0002069444504995,1.0,0.0,0.9758454106280193,1.0,0.876179101142069,0.024154589371980676,3,3,-0.4489486857173863
2023-12-04,235.5800018310547,-0.0136080055900975,0.0002072619067298,1.0,0.0,0.9758454106280193,1.0,0.8991786475664288,0.024154589371980676,3,3,-0.47194823214174614
2023-12-05,238.72000122070312,0.0133288028068709,0.0002080555567665,1.0,0.0,0.9758454106280193,1.0,0.8886580203905272,0.024154589371980676,3,3,-0.4614276049658445
2023-12-06,239.3699951171875,0.0027228296462826,0.0002080555567665,1.0,0.0,0.9758454106280193,1.0,0.8903817180158923,0.024154589371980676,3,3,-0.46315130259120957
2023-12-07,242.63999938964844,0.0136608778842981,0.0002076587222871,1.0,0.0,0.9758454106280193,1.0,0.8673734076400093,0.024154589371980676,3,3,-0.44014299221532655
2023-12-08,243.83999633789065,0.0049455858525417,0.0002076587222871,1.0,0.0,0.9758454106280193,1.0,0.8565012765767471,0.024154589371980676,3,3,-0.4292708611520644
2023-12-11,239.7400054931641,-0.0168142671682343,0.0002076587222871,1.0,0.0,0.9758454106280193,1.0,0.8929199446492291,0.024154589371980676,3,3,-0.4656895292245464
2023-12-12,237.009994506836,-0.0113873818460638,0.0002082539740062,1.0,0.0,0.9758454106280193,1.0,0.9020844350693692,0.024154589371980676,3,3,-0.4748540196446865
2023-12-13,239.2899932861328,0.0096198423363578,0.0002072619067298,1.0,0.0,0.9758454106280193,1.0,0.882270040949806,0.024154589371980676,3,3,-0.4550396255251233
2023-12-14,251.0500030517578,0.0491454306305356,0.0002069444504995,1.0,0.0,0.9213836477987422,1.0,0.7628265610163757,0.07861635220125786,3,3,-0.335596145591693
2023-12-15,253.5,0.0097589998743679,0.0002073412660568,1.0,0.0,0.9213836477987422,1.0,0.7326503969783411,0.07861635220125786,3,3,-0.3054199815536584
2023-12-18,252.0800018310547,-0.0056015706861748,0.0002073412660568,1.0,0.0,0.9437984496124031,1.0,0.789099120662726,0.0562015503875969,3,3,-0.3618687052380433
2023-12-19,257.2200012207031,0.0203903496997484,0.0002078571395268,1.0,0.0,0.9130434782608696,1.0,0.7242328170358538,0.08695652173913043,3,3,-0.29700240161117114
2023-12-20,247.13999938964844,-0.0391882504595967,0.0002075396832965,1.0,0.0,0.9758454106280193,1.0,0.8749531756969501,0.024154589371980676,3,3,-0.4477227602722674
2023-12-21,254.5,0.0297806936494628,0.0002067460332598,1.0,0.0,0.9437984496124031,1.0,0.7935810478567883,0.0562015503875969,3,3,-0.3663506324321056
2023-12-22,252.5399932861328,-0.0077014016261971,0.0002066666739327,1.0,0.0,0.9437984496124031,1.0,0.8396881250419893,0.0562015503875969,3,3,-0.4124577096173066
2023-12-26,256.6099853515625,0.0161162278198776,0.000206468256693,1.0,0.0,0.9437984496124031,1.0,0.7957114343601362,0.0562015503875969,3,3,-0.36848101893545354
2023-12-27,261.44000244140625,0.0188224050721428,0.0002077381005362,1.0,0.0,0.9213836477987422,1.0,0.7380523258804129,0.07861635220125786,3,3,-0.3108219104557302
2023-12-28,253.17999267578125,-0.0315942843042017,0.00020706348949,1.0,0.0,0.9758454106280193,1.0,0.862646964658064,0.024154589371980676,3,3,-0.4354165492333813
2023-12-29,248.47999572753903,-0.0185638560874,0.0002055555487435,1.0,0.0,0.9758454106280193,1.0,0.8951461940050544,0.024154589371980676,3,3,-0.46791577858037164
2024-01-02,248.4199981689453,-0.0002414583049957,0.0002068650722503,1.0,0.0,0.9748792270531401,1.0,0.9243786228376666,0.025120772946859903,3,3,-0.47891438575702466
2024-01-03,238.4499969482422,-0.0401336498437727,0.0002077381005362,1.0,0.0,0.9748792270531401,1.0,0.928890342968358,0.025120772946859903,3,3,-0.4834261058877161
2024-01-04,237.92999267578125,-0.0021807686270334,0.0002074603239695,1.0,0.0,0.9748792270531401,1.0,0.927432602155778,0.025120772946859903,3,3,-0.48196836507513613
2024-01-05,237.4900054931641,-0.0018492295892124,0.0002071428488171,1.0,0.0,0.9748792270531401,1.0,0.9301394853142856,0.025120772946859903,3,3,-0.48467524823364366
2024-01-08,240.4499969482422,0.0124636464129572,0.0002071428488171,1.0,0.0,0.9748792270531401,1.0,0.9430808688672688,0.025120772946859903,3,3,-0.4976166317866269
2024-01-09,234.9600067138672,-0.0228321493202461,0.0002075396832965,1.0,0.0,0.9748792270531401,1.0,0.937389134465407,0.025120772946859903,3,3,-0.491924897384765
2024-01-10,233.94000244140625,-0.0043411825132567,0.0002073412660568,1.0,0.0,0.9748792270531401,1.0,0.9361778330806336,0.025120772946859903,3,3,-0.4907135959999917
2024-01-11,227.22000122070312,-0.0287253191013634,0.00020706348949,1.0,0.0,0.9748792270531401,1.0,0.916077706636926,0.025120772946859903,3,3,-0.4706134695562841
2024-01-12,218.88999938964844,-0.0366605130987724,0.0002062698394533,1.0,0.0,0.9748792270531401,1.0,0.8827073180624042,0.025120772946859903,3,3,-0.4372430809817623
2024-01-16,219.9100036621093,0.0046598943547215,0.000206468256693,1.0,0.0,0.9748792270531401,1.0,0.8995292748549287,0.025120772946859903,3,3,-0.4540650377742868
2024-01-17,215.5500030517578,-0.0198262950195325,0.0002069444504995,1.0,0.0,0.9748792270531401,1.0,0.8861190103606059,0.025120772946859903,3,3,-0.440654773279964
2024-01-18,211.8800048828125,-0.017026203279914,0.0002063491987803,1.0,0.0,0.969295604990396,1.0,0.8767715344574369,0.030704395009603938,3,3,-0.431307297376795
2024-01-19,212.19000244140625,0.001463080760099,0.0002062698394533,1.0,0.0,0.9748792270531401,1.0,0.8850758070259274,0.025120772946859903,3,3,-0.43961156994528544
2024-01-22,208.8000030517578,-0.015976244642273,0.0002063491987803,1.0,0.0,0.9748792270531401,1.0,0.8781899588645639,0.025120772946859903,3,3,-0.43272572178392193
2024-01-23,209.13999938964844,0.0016283349277841,0.0002067460332598,1.0,0.0,0.9748792270531401,1.0,0.8881980518814345,0.025120772946859903,3,3,-0.4427338148007926
2024-01-24,207.8300018310547,-0.0062637351172268,0.0002067460332598,1.0,0.0,0.9748792270531401,1.0,0.8845551246603796,0.025120772946859903,3,3,-0.43909088757973763
2024-01-25,182.6300048828125,-0.1212529313680481,0.0002061508004627,1.0,0.0,0.9217687074829932,1.0,0.7783704536863211,0.0782312925170068,3,3,-0.33290621660567915
2024-01-26,183.25,0.0033948152034783,0.0002063491987803,1.0,0.0,0.9444444444444444,1.0,0.7956041927160096,0.05555555555555555,3,3,-0.35013995563536765
2024-01-29,190.92999267578125,0.0419099191038541,0.0002063491987803,1.0,0.0,0.9444444444444444,1.0,0.8571126830962515,0.05555555555555555,3,3,-0.4116484460156096
2024-01-30,191.58999633789065,0.0034567835721344,0.000206468256693,1.0,0.0,0.9512195121951219,1.0,0.8670676350554704,0.04878048780487805,3,3,-0.42160339797482843
2024-01-31,187.2899932861328,-0.0224437764703241,0.0002058730238959,1.0,0.0,0.9444444444444444,1.0,0.851516842510308,0.05555555555555555,3,3,-0.4060526054296661
2024-02-01,188.8600006103516,0.0083827613887528,0.0002063491987803,1.0,0.0,0.9662921348314607,1.0,0.870836069540186,0.033707865168539325,3,3,-0.4253718324595441
2024-02-02,187.9100036621093,-0.0050301649114271,0.0002067460332598,1.0,0.0,0.9662921348314607,1.0,0.8742954521001332,0.033707865168539325,3,3,-0.42883121501949123
2024-02-05,181.0599975585937,-0.0364536531851329,0.0002074603239695,1.0,0.0,0.9444444444444444,1.0,0.8461815513790234,0.05555555555555555,3,3,-0.4007173142983815
2024-02-06,185.1000061035156,0.0223130928940529,0.0002072619067298,1.0,0.0,0.9662921348314607,1.0,0.8735596029551571,0.033707865168539325,3,3,-0.4280953658745152
2024-02-07,187.5800018310547,0.0133981396313525,0.0002072619067298,1.0,0.0,0.9748792270531401,1.0,0.8876279533910879,0.025120772946859903,3,3,-0.442163716310446
2024-02-08,189.5599975585937,0.010555473441792,0.00020706348949,1.0,0.0,0.9748792270531401,1.0,0.8959164146474328,0.025120772946859903,3,3,-0.45045217756679085
2024-02-09,193.57000732421875,0.0211543037416717,0.0002071428488171,1.0,0.0,0.9748792270531401,1.0,0.9008397571465528,0.025120772946859903,3,3,-0.4553755200659109
2024-02-12,188.1300048828125,-0.0281035399884784,0.0002074603239695,1.0,0.0,0.9748792270531401,1.0,0.8974672296899386,0.025120772946859903,3,3,-0.4520029926092967
2024-02-13,184.0200042724609,-0.0218465981166148,0.0002076587222871,1.0,0.0,0.9748792270531401,1.0,0.8851324288875989,0.025120772946859903,3,3,-0.439668191806957
2024-02-14,188.7100067138672,0.0254863728535852,0.00020706348949,1.0,0.0,0.9748792270531401,1.0,0.9008255043817186,0.025120772946859903,3,3,-0.4553612673010767
2024-02-15,200.4499969482422,0.0622118055041767,0.00020706348949,1.0,0.0,0.9662921348314607,1.0,0.8755833863966409,0.033707865168539325,3,3,-0.430119149315999
2024-02-16,199.9499969482422,-0.0024943876658132,0.0002072619067298,1.0,0.0,0.9748792270531401,1.0,0.8944732475662961,0.025120772946859903,3,3,-0.44900901048565417
2024-02-20,193.759994506836,-0.0309577521174381,0.0002068650722503,1.0,0.0,0.9748792270531401,1.0,0.9135324283865688,0.025120772946859903,3,3,-0.46806819130592686
2024-02-21,194.7700042724609,0.005212684735028,0.0002077381005362,1.0,0.0,0.9748792270531401,1.0,0.9196491294086862,0.025120772946859903,3,3,-0.4741848923280442
2024-02-22,197.4100036621093,0.0135544454060561,0.0002076587222871,1.0,0.0,0.9748792270531401,1.0,0.9109913149773524,0.025120772946859903,3,3,-0.4655270778967105
2024-02-23,191.97000122070312,-0.0275568732105256,0.0002079364988538,1.0,0.0,0.9748792270531401,1.0,0.9221262777599168,0.025120772946859903,3,3,-0.4766620406792749
2024-02-26,199.3999938964844,0.0387039257620216,0.0002083333333333,1.0,0.0,0.9748792270531401,1.0,0.9142377527136808,0.025120772946859903,3,3,-0.4687735156330389
2024-02-27,199.72999572753903,0.0016549741281635,0.0002081349160936,1.0,0.0,0.9748792270531401,1.0,0.9226794326026974,0.025120772946859903,3,3,-0.47721519552205544
2024-02-28,202.0399932861328,0.0115656016021996,0.0002079364988538,1.0,0.0,0.9748792270531401,1.0,0.9165814436140732,0.025120772946859903,3,3,-0.4711172065334313
2024-02-29,201.8800048828125,-0.0007918650199801,0.0002072619067298,1.0,0.0,0.9748792270531401,1.0,0.9246190118465832,0.025120772946859903,3,3,-0.4791547747659413
2024-03-01,202.63999938964844,0.003764585340074,0.0002069444504995,1.0,0.0,0.9748792270531401,1.0,0.9219647146767684,0.025120772946859903,3,3,-0.4765004775961265
2024-03-04,188.13999938964844,-0.0715554680402388,0.0002072619067298,1.0,0.0,0.9748792270531401,1.0,0.9092786600760572,0.025120772946859903,3,3,-0.46381442299541525
2024-03-05,180.7400054931641,-0.0393323797198411,0.0002073412660568,1.0,0.0,0.9662921348314607,1.0,0.8757765322018988,0.033707865168539325,3,3,-0.43031229512125685
2024-03-06,176.5399932861328,-0.0232378669878381,0.0002075396832965,1.0,0.0,0.9512195121951219,1.0,0.8602798947937486,0.04878048780487805,3,3,-0.41481565771310663
2024-03-07,178.64999389648438,0.0119519694720489,0.0002074603239695,1.0,0.0,0.9748792270531401,1.0,0.879536024471552,0.025120772946859903,3,3,-0.43407178739091007
2024-03-08,175.33999633789062,-0.0185278347141263,0.0002074603239695,1.0,0.0,0.9662921348314607,1.0,0.8679927384905968,0.033707865168539325,3,3,-0.42252850140995485
2024-03-11,177.77000427246094,0.0138588341811503,0.0002079364988538,1.0,0.0,0.9748792270531401,1.0,0.885991117368866,0.025120772946859903,3,3,-0.4405268802882241
2024-03-12,177.5399932861328,-0.001293868373742,0.0002079364988538,1.0,0.0,0.9748792270531401,1.0,0.8898274784260322,0.025120772946859903,3,3,-0.44436324134539024
2024-03-13,169.47999572753906,-0.0453982080848895,0.0002078571395268,1.0,0.0,0.9444444444444444,1.0,0.8520651690760017,0.05555555555555555,3,3,-0.4066009319953598
2024-03-14,162.5,-0.0411847763954413,0.0002078571395268,1.0,0.0,0.9444444444444444,1.0,0.8215102315944538,0.05555555555555555,3,3,-0.3760459945138119
2024-03-15,163.57000732421875,0.0065846604567307,0.0002078571395268,1.0,0.0,0.9444444444444444,1.0,0.8373307238686236,0.05555555555555555,3,3,-0.3918664867879817
2024-03-18,173.8000030517578,0.0625420020142308,0.0002078571395268,1.0,0.0,0.9748792270531401,1.0,0.8934678367308581,0.025120772946859903,3,3,-0.44800359965021613
2024-03-19,171.32000732421875,-0.0142692501955855,0.0002078571395268,1.0,0.0,0.9748792270531401,1.0,0.8876300750783883,0.025120772946859903,3,3,-0.4421658379977464
2024-03-20,175.66000366210938,0.0253326882579294,0.0002074603239695,1.0,0.0,0.9748792270531401,1.0,0.8990183919112139,0.025120772946859903,3,3,-0.453554154830572
2024-03-21,172.82000732421875,-0.0161675753084549,0.0002074603239695,1.0,0.0,0.9748792270531401,1.0,0.8970021356368675,0.025120772946859903,3,3,-0.45153789855622556
2024-03-22,170.8300018310547,-0.0115149022614651,0.0002071428488171,1.0,0.0,0.9748792270531401,1.0,0.8896177205943839,0.025120772946859903,3,3,-0.444153483513742
2024-03-25,172.6300048828125,0.0105368087131318,0.00020706348949,1.0,0.0,0.9748792270531401,1.0,0.8960803395698285,0.025120772946859903,3,3,-0.45061610248918654
2024-03-26,177.6699981689453,0.0291953492647709,0.00020706348949,1.0,0.0,0.9748792270531401,1.0,0.9055999350311144,0.025120772946859903,3,3,-0.46013569795047243
2024-03-27,179.8300018310547,0.0121573911429628,0.0002069444504995,1.0,0.0,0.9748792270531401,1.0,0.9038533916823308,0.025120772946859903,3,3,-0.4583891546016889
2024-03-28,175.7899932861328,-0.0224657093020403,0.000206468256693,1.0,0.0,0.9748792270531401,1.0,0.9107678773771224,0.025120772946859903,3,3,-0.46530364029648047
2024-04-01,175.22000122070312,-0.0032424602491559,0.00020706348949,1.0,0.0,0.9748792270531401,1.0,0.9125703268067042,0.025120772946859903,3,3,-0.4671060897260623
2024-04-02,166.6300048828125,-0.0490240627670744,0.0002068650722503,1.0,0.0,0.9748792270531401,1.0,0.882937289480321,0.025120772946859903,3,3,-0.4374730523996791
2024-04-03,168.3800048828125,0.0105023102005592,0.0002067460332598,1.0,0.0,0.9748792270531401,1.0,0.891047774066751,0.025120772946859903,3,3,-0.44558353698610903
2024-04-04,171.11000061035156,0.0162133011543683,0.000206468256693,1.0,0.0,0.9748792270531401,1.0,0.9042226990003888,0.025120772946859903,3,3,-0.45875846191974684
2024-04-05,164.89999389648438,-0.0362924825651101,0.0002069444504995,1.0,0.0,0.9748792270531401,1.0,0.8836520454559963,0.025120772946859903,3,3,-0.43818780837535437
2024-04-08,172.97999572753906,0.0489994064895289,0.0002072619067298,1.0,0.0,0.9748792270531401,1.0,0.9061687337777452,0.025120772946859903,3,3,-0.4607044966971033
2024-04-09,176.8800048828125,0.0225460125540548,0.0002071428488171,1.0,0.0,0.9748792270531401,1.0,0.9008253510852609,0.025120772946859903,3,3,-0.4553611140046189
2024-04-10,171.75999450683594,-0.0289462360619489,0.0002080555567665,1.0,0.0,0.9748792270531401,1.0,0.9107626733030544,0.025120772946859903,3,3,-0.46529843622241246
2024-04-11,174.60000610351562,0.0165347676263849,0.0002078571395268,1.0,0.0,0.9748792270531401,1.0,0.9083730162109072,0.025120772946859903,3,3,-0.46290877913026524
2024-04-12,171.0500030517578,-0.0203322046257725,0.0002075396832965,1.0,0.0,0.9748792270531401,1.0,0.914712094729255,0.025120772946859903,3,3,-0.46924785764861304
2024-04-15,161.47999572753906,-0.0559485948756339,0.0002078571395268,1.0,0.0,0.9748792270531401,1.0,0.8782013348501828,0.025120772946859903,3,3,-0.4327370977695409
2024-04-16,157.11000061035156,-0.0270621453604746,0.0002076587222871,1.0,0.0,0.9512195121951219,1.0,0.8596789398577098,0.04878048780487805,3,3,-0.4142147027770679
2024-04-17,155.4499969482422,-0.0105658688540543,0.0002079364988538,1.0,0.0,0.9444444444444444,1.0,0.8578413170863468,0.05555555555555555,3,3,-0.4123770800057049
2024-04-18,149.92999267578125,-0.0355098384099605,0.0002080555567665,1.0,0.0,0.9444444444444444,1.0,0.8331713612947543,0.05555555555555555,3,3,-0.3877071242141124
2024-04-19,147.0500030517578,-0.0192088959161848,0.0002081349160936,1.0,0.0,0.9444444444444444,1.0,0.825193584260479,0.05555555555555555,3,3,-0.37972934717983703
2024-04-22,142.0500030517578,-0.0340020394167562,0.0002081349160936,1.0,0.0,0.9444444444444444,1.0,0.8064405702466225,0.05555555555555555,3,3,-0.3609763331659806
2024-04-23,144.67999267578125,0.0185145340902608,0.0002081349160936,1.0,0.0,0.9444444444444444,1.0,0.8315645166326076,0.05555555555555555,3,3,-0.38610027955196563
2024-04-24,162.1300048828125,0.1206110940725275,0.000208531750573,1.0,0.0,0.9662921348314607,1.0,0.8708184069800922,0.033707865168539325,3,3,-0.42535416989945024
2024-04-25,170.17999267578125,0.0496514374300258,0.0002081349160936,1.0,0.0,0.9444444444444444,1.0,0.8147553861946384,0.05555555555555555,3,3,-0.36929114911399646
2024-04-26,168.2899932861328,-0.0111058847748876,0.0002078571395268,1.0,0.0,0.9444444444444444,1.0,0.8552329113404743,0.05555555555555555,3,3,-0.4097686742598324
2024-04-29,194.0500030517578,0.1530691710339953,0.0002080555567665,1.0,0.0,0.7850162866449512,0.0,0.4643380978428706,0.21498371335504887,2,3,-0.01887386076222869
2024-04-30,183.27999877929688,-0.0555011806394474,0.0002081349160936,1.0,0.0,0.8307410795974383,1.0,0.6583240733451874,0.16925892040256177,3,3,-0.21285983626454547
2024-05-01,179.99000549316406,-0.0179506400482606,0.0002083333333333,1.0,0.0,0.9090909090909091,1.0,0.7515590497198761,0.09090909090909091,3,3,-0.30609481263923416
2024-05-02,180.00999450683594,0.0001110562423569,0.0002078571395268,1.0,0.0,0.9217687074829932,1.0,0.7803166887652461,0.0782312925170068,3,3,-0.33485245168460415
2024-05-03,181.19000244140625,0.0065552356567928,0.0002077381005362,1.0,0.0,0.9217687074829932,1.0,0.7877682502932772,0.0782312925170068,3,3,-0.3423040132126353
2024-05-06,184.759994506836,0.0197030300641682,0.0002079364988538,1.0,0.0,0.9147470209579495,1.0,0.7539609783976855,0.08525297904205051,3,3,-0.3084967413170436
2024-05-07,177.80999755859375,-0.0376163517800121,0.0002080555567665,1.0,0.0,0.9512195121951219,1.0,0.8624887678805536,0.04878048780487805,3,3,-0.4170245307999117
2024-05-08,174.72000122070312,-0.0173780798623113,0.0002081349160936,1.0,0.0,0.9748792270531401,1.0,0.8992880639374732,0.025120772946859903,3,3,-0.45382382685683126
2024-05-09,171.97000122070312,-0.015739468754503,0.0002079364988538,1.0,0.0,0.9748792270531401,1.0,0.9034572048348396,0.025120772946859903,3,3,-0.4579929677541977
2024-05-10,168.47000122070312,-0.0203523868997835,0.0002080555567665,1.0,0.0,0.9748792270531401,1.0,0.8967968324459612,0.025120772946859903,3,3,-0.4513325953653193
2024-05-13,171.88999938964844,0.020300339194899,0.0002079364988538,1.0,0.0,0.9748792270531401,1.0,0.8999226293042194,0.025120772946859903,3,3,-0.4544583922235775
2024-05-14,177.5500030517578,0.0329280567933392,0.0002077381005362,1.0,0.0,0.9748792270531401,1.0,0.8805720834104148,0.025120772946859903,3,3,-0.4351078463297729
2024-05-15,173.99000549316406,-0.0200506758513316,0.0002079364988538,1.0,0.0,0.9748792270531401,1.0,0.8968883307439279,0.025120772946859903,3,3,-0.451424093663286
2024-05-16,174.83999633789062,0.0048852854640548,0.0002080555567665,1.0,0.0,0.9748792270531401,1.0,0.907909160396277,0.025120772946859903,3,3,-0.4624449233156351
2024-05-17,177.4600067138672,0.0149851889204641,0.0002079364988538,1.0,0.0,0.9748792270531401,1.0,0.9019105336245188,0.025120772946859903,3,3,-0.45644629654387686
2024-05-20,174.9499969482422,-0.0141440869529103,0.0002079364988538,1.0,0.0,0.9748792270531401,1.0,0.916332106473062,0.025120772946859903,3,3,-0.47086786939242004
2024-05-21,186.6000061035156,0.0665905079079252,0.0002079364988538,1.0,0.0,0.9217687074829932,1.0,0.7843347100668006,0.0782312925170068,3,3,-0.33887047298615863
2024-05-22,180.11000061035156,-0.0347803069714999,0.0002081349160936,1.0,0.0,0.9748792270531401,1.0,0.895317123354479,0.025120772946859903,3,3,-0.44985288627383707
2024-05-23,173.74000549316406,-0.0353672483238078,0.0002081349160936,1.0,0.0,0.9748792270531401,1.0,0.9180981349564854,0.025120772946859903,3,3,-0.4726338978758435
2024-05-24,179.24000549316406,0.0316564972148363,0.0002081349160936,1.0,0.0,0.9748792270531401,1.0,0.905413644350382,0.025120772946859903,3,3,-0.45994940726974004
2024-05-28,176.75,-0.0138920186166755,0.0002082539740062,1.0,0.0,0.9748792270531401,1.0,0.9248608935645584,0.025120772946859903,3,3,-0.47939665648391644
2024-05-29,176.19000244140625,-0.003168303018918,0.0002083333333333,1.0,0.0,0.9748792270531401,1.0,0.929218567178024,0.025120772946859903,3,3,-0.48375433009738206
2024-05-30,178.7899932861328,0.0147567444730083,0.0002082539740062,1.0,0.0,0.9748792270531401,1.0,0.9203095564963716,0.025120772946859903,3,3,-0.47484531941572966
2024-05-31,178.0800018310547,-0.003971091681523,0.0002081349160936,1.0,0.0,0.9748792270531401,1.0,0.9256820922888144,0.025120772946859903,3,3,-0.48021785520817245
2024-06-03,176.2899932861328,-0.0100517100545634,0.0002080555567665,1.0,0.0,0.9748792270531401,1.0,0.93197078439832,0.025120772946859903,3,3,-0.4865065473176781
2024-06-04,174.77000427246094,-0.0086220946823953,0.0002079364988538,1.0,0.0,0.9748792270531401,1.0,0.9298642601141895,0.025120772946859903,3,3,-0.4844000230335476
2024-06-05,175.0,0.0013159908560766,0.0002079364988538,1.0,0.0,0.9748792270531401,1.0,0.932999450873198,0.025120772946859903,3,3,-0.4875352137925561
2024-06-06,177.94000244140625,0.0168000139508928,0.0002076587222871,1.0,0.0,0.9748792270531401,1.0,0.926354443448275,0.025120772946859903,3,3,-0.4808902063676331
2024-06-07,177.47999572753906,-0.0025851787543875,0.0002078571395268,1.0,0.0,0.9748792270531401,1.0,0.9287078147830174,0.025120772946859903,3,3,-0.4832435777023755
2024-06-10,173.7899932861328,-0.0207910893071634,0.0002076587222871,1.0,0.0,0.9748792270531401,1.0,0.931731874491338,0.025120772946859903,3,3,-0.48626763741069606
2024-06-11,170.66000366210938,-0.018010183238054,0.0002081349160936,1.0,0.0,0.9748792270531401,1.0,0.9264804090003844,0.025120772946859903,3,3,-0.4810161719197425
2024-06-12,177.2899932861328,0.0388491121630947,0.0002080555567665,1.0,0.0,0.9748792270531401,1.0,0.9257676134746003,0.025120772946859903,3,3,-0.4803033763939584
2024-06-13,182.47000122070312,0.0292177118322192,0.0002079364988538,1.0,0.0,0.9748792270531401,1.0,0.8794033616359151,0.025120772946859903,3,3,-0.4339391245552732
2024-06-14,178.00999450683594,-0.0244424107197361,0.0002079364988538,1.0,0.0,0.9748792270531401,1.0,0.9130845429337544,0.025120772946859903,3,3,-0.4676203058531125
2024-06-17,187.44000244140625,0.0529745981999238,0.0002080555567665,1.0,0.0,0.9444444444444444,1.0,0.8172632082997373,0.05555555555555555,3,3,-0.3717989712190954
2024-06-18,184.8600006103516,-0.0137644141989443,0.0002077381005362,1.0,0.0,0.9662921348314607,1.0,0.8751563095171944,0.033707865168539325,3,3,-0.42969207243655244
2024-06-20,181.57000732421875,-0.0177972155970479,0.0002073412660568,1.0,0.0,0.9748792270531401,1.0,0.912571198951509,0.025120772946859903,3,3,-0.46710696187086703
2024-06-21,183.009994506836,0.0079307546650364,0.0002069444504995,1.0,0.0,0.9748792270531401,1.0,0.9081129205500216,0.025120772946859903,3,3,-0.46264868346937965
2024-06-24,182.5800018310547,-0.0023495584322594,0.0002067460332598,1.0,0.0,0.9748792270531401,1.0,0.9041399240574914,0.025120772946859903,3,3,-0.4586756869768495
2024-06-25,187.3500061035156,0.026125557150967,0.0002072619067298,1.0,0.0,0.9512195121951219,1.0,0.8666999414138051,0.04878048780487805,3,3,-0.4212357043331632
2024-06-26,196.3699951171875,0.0481451226037759,0.0002075396832965,1.0,0.0,0.8961625282167043,1.0,0.7087148008761648,0.1038374717832957,3,3,-0.26325056379552286
2024-06-27,197.4199981689453,0.0053470646120412,0.0002072619067298,1.0,0.0,0.8961625282167043,1.0,0.7168484263238364,0.1038374717832957,3,3,-0.27138418924319446
2024-06-28,197.8800048828125,0.0023300917745603,0.0002068650722503,1.0,0.0,0.8961625282167043,1.0,0.7392108665286247,0.1038374717832957,3,3,-0.29374662944798274
2024-07-01,209.8600006103516,0.0605417193851083,0.00020706348949,1.0,0.0,0.8307410795974383,1.0,0.5029652859418892,0.16925892040256177,3,3,-0.05750104886124724
2024-07-02,231.259994506836,0.1019727143535937,0.0002074603239695,1.0,0.0,0.6542056074766356,0.0,0.2975206823322451,0.34579439252336447,2,3,0.14794355474839682
2024-07-03,246.38999938964844,0.0654242205405102,0.0002075396832965,1.0,0.0,0.138728323699422,0.0,0.2720524669914153,0.861271676300578,1,3,0.17341177008922665
2024-07-05,251.5200042724609,0.0208206700577149,0.0002073412660568,0.0,0.0,0.043993231810490696,0.0,0.258501974035991,0.043993231810490696,2,2,-0.354407464147011
2024-07-08,252.94000244140625,0.0056456669243973,0.00020706348949,0.0,0.0,0.043993231810490696,0.0,0.2438522886008576,0.043993231810490696,2,2,-0.3690571495821444
2024-07-09,262.3299865722656,0.0371233653839888,0.0002073412660568,0.0,0.0,0.043993231810490696,0.0,0.2356378127984343,0.043993231810490696,2,2,-0.3772716253845677
2024-07-10,263.260009765625,0.0035452416458809,0.0002073412660568,0.0,0.0,0.043993231810490696,0.0,0.2219424611778699,0.043993231810490696,2,2,-0.39096697700513217
2024-07-11,241.02999877929688,-0.0844412753996288,0.0002062698394533,0.0,0.0,0.0938337801608579,0.0,0.3181318909859962,0.0938337801608579,2,2,-0.29477754719700583
2024-07-12,248.22999572753903,0.0298717876808145,0.0002062698394533,0.0,0.0,0.043993231810490696,0.0,0.24390634906205,0.043993231810490696,2,2,-0.36900308912095203
2024-07-15,252.63999938964844,0.0177657967933491,0.0002060714222135,0.0,0.0,0.043993231810490696,0.0,0.2250732079007749,0.043993231810490696,2,2,-0.38783623028222713
2024-07-16,256.5599975585937,0.0155161422514864,0.0002060714222135,0.0,0.0,0.043993231810490696,0.0,0.2079404269649432,0.043993231810490696,2,2,-0.40496901121805884
2024-07-17,248.5,-0.0314156440415187,0.0002061508004627,0.0,0.0,0.11627906976744186,0.0,0.351550475588025,0.11627906976744186,2,2,-0.26135896259497704
2024-07-18,249.22999572753903,0.0029376085615253,0.0002060714222135,0.0,0.0,0.13651877133105805,0.0,0.3834629149868034,0.13651877133105805,2,2,-0.22944652319619863
2024-07-19,239.1999969482422,-0.0402439471622098,0.0002060714222135,0.0,0.0,0.861271676300578,1.0,0.6537962494983164,0.861271676300578,1,2,0.04088681131531435
2024-07-22,251.509994506836,0.0514632011523705,0.000205952383223,0.0,0.0,0.13651877133105805,0.0,0.3740354618812177,0.13651877133105805,2,2,-0.2388739763017843
2024-07-23,246.3800048828125,-0.0203967624987724,0.0002052777721768,0.0,0.0,0.861271676300578,1.0,0.5431049496712063,0.861271676300578,1,2,-0.06980448851179577
2024-07-24,215.9900054931641,-0.1233460458940368,0.0002051587331862,1.0,0.0,0.9444444444444444,1.0,0.8285289033999832,0.05555555555555555,3,3,-0.3830646663193413
2024-07-25,220.25,0.0197231093962388,0.0002047618987068,1.0,0.0,0.9444444444444444,1.0,0.8421399733547269,0.05555555555555555,3,3,-0.396675736274085
2024-07-26,219.8000030517578,-0.0020431189477511,0.0002045635003892,1.0,0.0,0.9512195121951219,1.0,0.8611653072337554,0.04878048780487805,3,3,-0.41570107015311347
2024-07-29,232.1000061035156,0.0559599767105618,0.0002042460252368,1.0,0.0,0.9217687074829932,1.0,0.758644154782178,0.0782312925170068,3,3,-0.313179917701536
2024-07-30,222.6199951171875,-0.0408445098536536,0.0002037698503524,1.0,0.0,0.9512195121951219,1.0,0.8613461165156934,0.04878048780487805,3,3,-0.41588187943505145
2024-07-31,232.07000732421875,0.042449072025434,0.0002037698503524,1.0,0.0,0.9217687074829932,1.0,0.7656907984089963,0.0782312925170068,3,3,-0.3202265613283544
2024-08-01,216.8600006103516,-0.0655405965175743,0.0002029761813935,1.0,0.0,0.9662921348314607,1.0,0.8742141273417453,0.033707865168539325,3,3,-0.4287498902611034
2024-08-02,207.6699981689453,-0.0423775819217054,0.0001996031829289,1.0,0.0,0.9512195121951219,1.0,0.8620471693691467,0.04878048780487805,3,3,-0.4165829322885048
2024-08-05,198.8800048828125,-0.0423267364743842,0.0002007936485229,1.0,0.0,0.9444444444444444,1.0,0.8451744713770856,0.05555555555555555,3,3,-0.39971023429644364
2024-08-06,200.63999938964844,0.0088495296843591,0.0002015872985597,1.0,0.0,0.9662921348314607,1.0,0.8741239137582286,0.033707865168539325,3,3,-0.4286596766775867
2024-08-07,191.759994506836,-0.0442583976765631,0.0002015872985597,1.0,0.0,0.9444444444444444,1.0,0.8405962455775178,0.05555555555555555,3,3,-0.39513200849687585
2024-08-08,198.83999633789065,0.0369211620456229,0.0002017063564724,1.0,0.0,0.9748792270531401,1.0,0.8957583006076684,0.025120772946859903,3,3,-0.45029406352702644
2024-08-09,200.0,0.0058338547750631,0.00020138888132,1.0,0.0,0.9748792270531401,1.0,0.9131051344949144,0.025120772946859903,3,3,-0.46764089741427245
2024-08-12,197.4900054931641,-0.0125499725341795,0.000201309521993,1.0,0.0,0.9748792270531401,1.0,0.9114248148375284,0.025120772946859903,3,3,-0.46596057775688643
2024-08-13,207.8300018310547,0.0523570613716373,0.0002005158719562,1.0,0.0,0.9748792270531401,1.0,0.920639241401256,0.025120772946859903,3,3,-0.47517500432061405
2024-08-14,201.3800048828125,-0.0310349655555765,0.0002009127064356,1.0,0.0,0.9748792270531401,1.0,0.9312825833999072,0.025120772946859903,3,3,-0.4858183463192653
2024-08-15,214.13999938964844,0.0633627678888044,0.0002015872985597,1.0,0.0,0.9444444444444444,1.0,0.8514098641478706,0.05555555555555555,3,3,-0.40594562706722864
2024-08-16,216.1199951171875,0.0092462675501192,0.00020138888132,1.0,0.0,0.9444444444444444,1.0,0.8362597419287217,0.05555555555555555,3,3,-0.39079550484807973
2024-08-19,222.72000122070312,0.0305386186036922,0.0002009127064356,1.0,0.0,0.8961625282167043,1.0,0.710105536938651,0.1038374717832957,3,3,-0.26464129985800905
2024-08-20,221.1000061035156,-0.007273684933138,0.0001997222219194,1.0,0.0,0.9444444444444444,1.0,0.7944999165748302,0.05555555555555555,3,3,-0.3490356794941883
2024-08-21,223.2700042724609,0.0098145549934058,0.0001986111156524,1.0,0.0,0.9217687074829932,1.0,0.7675939986796702,0.0782312925170068,3,3,-0.32212976159902823
2024-08-22,210.6600036621093,-0.0564787045686772,0.0001994047656891,1.0,0.0,0.9748792270531401,1.0,0.9326713871055852,0.025120772946859903,3,3,-0.48720715002494325
2024-08-23,220.32000732421875,0.0458558981020609,0.0001984126984126,1.0,0.0,0.9444444444444444,1.0,0.832706331850676,0.05555555555555555,3,3,-0.3872420947700341
2024-08-26,213.2100067138672,-0.0322712435275504,0.0001983333390856,1.0,0.0,0.9748792270531401,1.0,0.9238726356880508,0.025120772946859903,3,3,-0.47840839860740886
2024-08-27,209.2100067138672,-0.0187608455233908,0.0001971428545694,1.0,0.0,0.9748792270531401,1.0,0.939839992857108,0.025120772946859903,3,3,-0.49437575577646603
2024-08-28,205.75,-0.0165384379467057,0.0001966269810994,1.0,0.0,0.9748792270531401,1.0,0.939945458064078,0.025120772946859903,3,3,-0.4944812209834361
2024-08-29,206.27999877929688,0.0025759357438486,0.0001970238155788,1.0,0.0,0.9748792270531401,1.0,0.9369031692545954,0.025120772946859903,3,3,-0.49143893217395346
2024-08-30,214.1100006103516,0.0379581242844206,0.0001971428545694,1.0,0.0,0.9748792270531401,1.0,0.9204271512997704,0.025120772946859903,3,3,-0.47496291421912845
2024-09-03,210.6000061035156,-0.0163934169204158,0.0001972222138964,1.0,0.0,0.9748792270531401,1.0,0.938211053547929,0.025120772946859903,3,3,-0.4927468164672871
2024-09-04,219.4100036621093,0.0418328456945216,0.0001963492045326,1.0,0.0,0.9512195121951219,1.0,0.8614913120954246,0.04878048780487805,3,3,-0.4160270750147827
2024-09-05,230.1699981689453,0.04904058305111,0.0001957142920721,1.0,0.0,0.8307410795974383,1.0,0.6452644836640926,0.16925892040256177,3,3,-0.1998002465834507
2024-09-06,210.72999572753903,-0.0844593239607938,0.0001947619044591,1.0,0.0,0.9748792270531401,1.0,0.9199731892801416,0.025120772946859903,3,3,-0.4745089521994997
2024-09-09,216.2700042724609,0.0262896059281696,0.0001942460309891,1.0,0.0,0.9748792270531401,1.0,0.8908506595084358,0.025120772946859903,3,3,-0.44538642242779386
2024-09-10,226.1699981689453,0.0457760840657874,0.0001918650808788,1.0,0.0,0.9090909090909091,1.0,0.7460538265020451,0.09090909090909091,3,3,-0.3005895894214032
2024-09-11,228.1300048828125,0.0086660774184694,0.0001934523809523,1.0,0.0,0.8961625282167043,1.0,0.7273247976283982,0.1038374717832957,3,3,-0.28186056054775627
2024-09-12,229.8099975585937,0.0073641898909535,0.0001920634981185,1.0,0.0,0.8961625282167043,1.0,0.7154719761196067,0.1038374717832957,3,3,-0.27000773903896474
2024-09-13,230.2899932861328,0.0020886633855723,0.000189007936962,1.0,0.0,0.8961625282167043,1.0,0.7349294420925433,0.1038374717832957,3,3,-0.28946520501190137
2024-09-16,226.77999877929688,-0.0152416284214086,0.0001882936462523,1.0,0.0,0.9444444444444444,1.0,0.8328069160329716,0.05555555555555555,3,3,-0.3873426789523297
2024-09-17,227.8699951171875,0.0048064041968332,0.000187896830695,1.0,0.0,0.9444444444444444,1.0,0.8399206299671156,0.05555555555555555,3,3,-0.39445639288647366
2024-09-18,227.1999969482422,-0.0029402649901351,0.0001831349115523,1.0,0.0,0.9662921348314607,1.0,0.8698764420935048,0.033707865168539325,3,3,-0.42441220501286286
2024-09-19,243.9199981689453,0.0735915556570718,0.0001822619021884,1.0,0.0,0.7850162866449512,0.0,0.4937105555582062,0.21498371335504887,2,3,-0.048246318477564276
2024-09-20,238.25,-0.0232453190042176,0.0001803571458846,1.0,0.0,0.8961625282167043,1.0,0.681570203187456,0.1038374717832957,3,3,-0.23610596610681406
2024-09-23,250.0,0.0493179433368311,0.0001786904675619,1.0,0.0,0.7655172413793103,0.0,0.423531540547742,0.23448275862068965,2,3,0.02193269653289992
2024-09-24,254.2700042724609,0.0170800170898437,0.0001783730113317,1.0,0.0,0.138728323699422,0.0,0.3823569516215896,0.861271676300578,1,3,0.06310728545905231
2024-09-25,257.0199890136719,0.0108152149093616,0.0001780555551014,0.0,0.0,0.13651877133105805,0.0,0.3692105383017241,0.13651877133105805,2,2,-0.2436988998812779
2024-09-26,254.22000122070312,-0.0108940468160233,0.0001773015847281,0.0,0.0,0.14915254237288136,0.0,0.4746074349687019,0.14915254237288136,2,2,-0.13830200321430014
2024-09-27,260.4599914550781,0.0245456305735665,0.0001778571378617,0.0,0.0,0.13651877133105805,0.0,0.379957635812254,0.13651877133105805,2,2,-0.23295180237074803
2024-09-30,261.6300048828125,0.0044921042237542,0.0001784920692443,0.0,0.0,0.14583333333333334,0.0,0.3981617759000059,0.14583333333333334,2,2,-0.21474766228299613
2024-10-01,258.0199890136719,-0.0137981722347083,0.0001778571378617,0.0,0.0,0.861271676300578,1.0,0.5176823636300385,0.861271676300578,1,2,-0.09522707455296353
2024-10-02,249.0200042724609,-0.0348809593226285,0.0001775000019678,1.0,0.0,0.8961625282167043,1.0,0.736978417042661,0.1038374717832957,3,3,-0.29151417996201906
2024-10-03,240.6600036621093,-0.0335716025496677,0.0001771825457376,1.0,0.0,0.9662921348314607,1.0,0.8726163457998417,0.033707865168539325,3,3,-0.4271521087191998
2024-10-04,250.0800018310547,0.0391423503099885,0.0001787698458111,1.0,0.0,0.8961625282167043,1.0,0.7299405270192739,0.1038374717832957,3,3,-0.284476289938632
2024-10-07,240.8300018310547,-0.0369881635167652,0.0001795634958479,1.0,0.0,0.9748792270531401,1.0,0.8877476698532606,0.025120772946859903,3,3,-0.44228343277261867
2024-10-08,244.5,0.0152389575262299,0.0001796825348384,1.0,0.0,0.9444444444444444,1.0,0.8516588292160253,0.05555555555555555,3,3,-0.4061945921353834
2024-10-09,241.0500030517578,-0.0141104169662257,0.0001799603114052,1.0,0.0,0.9748792270531401,1.0,0.9016544081945788,0.025120772946859903,3,3,-0.45619017111393684
2024-10-10,238.7700042724609,-0.0094586133600145,0.0001797619130876,1.0,0.0,0.9748792270531401,1.0,0.9170838831639986,0.025120772946859903,3,3,-0.47161964608335666
2024-10-11,217.8000030517578,-0.0878251071971929,0.0001791666613684,1.0,0.0,0.9662921348314607,1.0,0.8713112921256131,0.033707865168539325,3,3,-0.42584705504497117
2024-10-14,219.1600036621093,0.0062442635045707,0.0001792857192811,1.0,0.0,0.9748792270531401,1.0,0.8935879402026705,0.025120772946859903,3,3,-0.4481237031220286
2024-10-15,219.57000732421875,0.0018707960177879,0.0001791666613684,1.0,0.0,0.9748792270531401,1.0,0.910889790052842,0.025120772946859903,3,3,-0.46542555297220006
2024-10-16,221.3300018310547,0.008015641700267,0.0001786904675619,1.0,0.0,0.9748792270531401,1.0,0.9271860691153684,0.025120772946859903,3,3,-0.48172183203472646
2024-10-17,220.88999938964844,-0.0019879927608824,0.0001791666613684,1.0,0.0,0.9748792270531401,1.0,0.9302493679525924,0.025120772946859903,3,3,-0.48478513087195046
2024-10-18,220.6999969482422,-0.0008601676940163,0.0001790873020414,1.0,0.0,0.9748792270531401,1.0,0.9367127541667184,0.025120772946859903,3,3,-0.4912485170860765
2024-10-21,218.8500061035156,-0.0083823782071027,0.0001792857192811,1.0,0.0,0.9748792270531401,1.0,0.9328278263108992,0.025120772946859903,3,3,-0.4873635892302573
2024-10-22,217.97000122070312,-0.0040210411618459,0.0001785714285714,1.0,0.0,0.9748792270531401,1.0,0.9238125564073898,0.025120772946859903,3,3,-0.4783483193267479
2024-10-23,213.6499938964844,-0.0198192746709422,0.0001787698458111,1.0,0.0,0.9748792270531401,1.0,0.9209721085376792,0.025120772946859903,3,3,-0.47550787145703727
2024-10-24,260.4800109863281,0.219190350702904,0.0001780555551014,1.0,0.0,0.6666666666666667,0.0,0.3009701507679709,0.3333333333333333,2,3,0.14449408631267102
2024-10-25,269.19000244140625,0.0334382335984133,0.0001789682630508,1.0,0.0,0.138728323699422,0.0,0.2623686989039376,0.861271676300578,1,3,0.18309553817670432
2024-10-28,262.510009765625,-0.0248151588662185,0.0001778571378617,0.0,0.0,0.088,0.0,0.3135576463129148,0.088,2,2,-0.29935179187008726
2024-10-29,259.5199890136719,-0.0113901209124279,0.0001777777785346,0.0,0.0,0.13651877133105805,0.0,0.3860730249559808,0.13651877133105805,2,2,-0.22683641322702125
2024-10-30,257.54998779296875,-0.0075909421397183,0.0001771031674884,0.0,0.0,0.14915254237288136,0.0,0.470265023074157,0.14915254237288136,2,2,-0.142644415108845
2024-10-31,249.8500061035156,-0.0298970376797018,0.0001758730222308,0.0,0.0,0.861271676300578,1.0,0.681868096410017,0.861271676300578,1,2,0.06895865822701497
2024-11-01,248.97999572753903,-0.0034821306973117,0.0001746031783875,1.0,0.0,0.8961625282167043,1.0,0.7263939443814448,0.1038374717832957,3,3,-0.28092970730080286
2024-11-04,242.83999633789065,-0.024660613282231,0.0001753174690973,1.0,0.0,0.9444444444444444,1.0,0.8322116701815248,0.05555555555555555,3,3,-0.38674743310088283
2024-11-05,251.44000244140625,0.0354142902042768,0.0001755158674149,1.0,0.0,0.8961625282167043,1.0,0.7084554635671352,0.1038374717832957,3,3,-0.26299122648649326
2024-11-06,288.5299987792969,0.1475103244422446,0.0001757936439816,1.0,0.0,0.5714285714285714,0.0,0.2107034084954666,0.42857142857142855,2,3,0.23476082858517533
2024-11-07,296.9100036621094,0.0290437906570073,0.0001753968284243,1.0,0.0,0.138728323699422,0.0,0.191168097859205,0.861271676300578,1,3,0.2542961392214369
2024-11-08,321.2200012207031,0.081876653729253,0.0001755158674149,0.0,0.0,0.03389830508474576,0.0,0.2064912570463208,0.03389830508474576,2,2,-0.40641818113668127
2024-11-11,350.0,0.0895959114311899,0.0001751984111846,0.0,0.0,0.043993231810490696,0.0,0.2410563609161501,0.043993231810490696,2,2,-0.3718530772668519
2024-11-12,328.489990234375,-0.0614571707589285,0.0001755158674149,0.0,0.0,0.02098635886673662,0.0,0.1598433752515439,0.02098635886673662,2,2,-0.4530660629314581
2024-11-13,330.239990234375,0.0053274073853859,0.0001742063439081,0.0,0.0,0.014613778705636743,0.0,0.1389075715623146,0.014613778705636743,2,2,-0.47400186662068744
2024-11-14,311.17999267578125,-0.0577155950890946,0.0001739285673413,0.0,0.0,0.02098635886673662,0.0,0.151440582962161,0.02098635886673662,2,2,-0.461468855220841
2024-11-15,320.7200012207031,0.0306575254497856,0.0001743254018208,0.0,0.0,0.011569052783803326,0.0,0.1144091656157412,0.011569052783803326,2,2,-0.4985002725672608
2024-11-18,338.739990234375,0.0561860468479837,0.0001747222173781,0.0,0.0,0.011569052783803326,0.0,0.1169814918237324,0.011569052783803326,2,2,-0.4959279463592696
2024-11-19,346.0,0.0214323964542886,0.0001749206346178,0.0,0.0,0.011569052783803326,0.0,0.1098037082470336,0.011569052783803326,2,2,-0.5031057299359685
2024-11-20,342.0299987792969,-0.0114739919673501,0.0001749999939449,0.0,0.0,0.009402283411685695,0.0,0.0876439448027171,0.009402283411685695,2,2,-0.5252654933802849
2024-11-21,339.6400146484375,-0.006987644766217,0.0001751190518576,0.0,0.0,0.009402283411685695,0.0,0.0880617980150112,0.009402283411685695,2,2,-0.5248476401679908
2024-11-22,352.5599975585937,0.0380402259831773,0.0001751984111846,0.0,0.0,0.007267441860465116,0.0,0.0857513656398901,0.007267441860465116,2,2,-0.527158072543112
2024-11-25,338.5899963378906,-0.0396244648214275,0.0001748015956273,0.0,0.0,0.014613778705636743,0.0,0.1305441237932537,0.014613778705636743,2,2,-0.48236531438974833
2024-11-26,338.2300109863281,-0.0010631895668981,0.0001744047611478,0.0,0.0,0.021258503401360544,0.0,0.1668962705101303,0.021258503401360544,2,2,-0.4460131676728717
2024-11-27,332.8900146484375,-0.0157880618645235,0.0001740079455905,0.0,0.0,0.043993231810490696,0.0,0.2587317994502238,0.043993231810490696,2,2,-0.35417763873277824
2024-11-29,345.1600036621094,0.0368589878751097,0.000173531751784,0.0,0.0,0.014613778705636743,0.0,0.1337526032604014,0.014613778705636743,2,2,-0.47915683492260064
2024-12-02,357.0899963378906,0.034563659025395,0.0001738095283508,0.0,0.0,0.009402283411685695,0.0,0.0906703337025849,0.009402283411685695,2,2,-0.5222391044804171
2024-12-03,351.4200134277344,-0.0158783022999925,0.0001728968204013,0.0,0.0,0.014613778705636743,0.0,0.134794683036885,0.014613778705636743,2,2,-0.478114755146117
2024-12-04,357.92999267578125,0.0185247823097747,0.0001724206265949,0.0,0.0,0.011569052783803326,0.0,0.1100874649209712,0.011569052783803326,2,2,-0.5028219732620308
2024-12-05,369.489990234375,0.0322968116535151,0.0001718253937978,0.0,0.0,0.007267441860465116,0.0,0.0853003524863941,0.007267441860465116,2,2,-0.5276090856966079
2024-12-06,389.2200012207031,0.053397958017247,0.000170436510964,0.0,0.0,0.009402283411685695,0.0,0.0971994206371355,0.009402283411685695,2,2,-0.5157100175458665
2024-12-09,389.7900085449219,0.0014644862094215,0.000170357151637,0.0,0.0,0.009399830812302763,0.0,0.086483098787675,0.009399830812302763,2,2,-0.526426339395327
2024-12-10,400.989990234375,0.0287333729544849,0.0001700396764846,0.0,0.0,0.009402283411685695,0.0,0.0940537743778846,0.009402283411685695,2,2,-0.5188556638051174
2024-12-11,424.7699890136719,0.0593032229193493,0.0001688492108905,0.0,0.0,0.014613778705636743,0.0,0.1345220540285569,0.014613778705636743,2,2,-0.47838738415444515
2024-12-12,418.1000061035156,-0.015702575706076,0.0001675793670472,0.0,0.0,0.009402283411685695,0.0,0.0974006530185388,0.009402283411685695,2,2,-0.5155087851644632
2024-12-13,436.2300109863281,0.0433628429039625,0.0001673809498075,0.0,0.0,0.011569052783803326,0.0,0.1256110441345614,0.011569052783803326,2,2,-0.48729839404844066
2024-12-16,463.0199890136719,0.0614125056796777,0.0001677777842869,0.0,0.0,0.021258503401360544,0.0,0.1681961770365643,0.021258503401360544,2,2,-0.4447132611464377
2024-12-17,479.8599853515625,0.0363699121797382,0.0001682539591713,0.0,0.0,0.021258503401360544,0.0,0.1815674801387803,0.021258503401360544,2,2,-0.4313419580442217
2024-12-18,440.1300048828125,-0.0827949436951747,0.000167936502941,0.0,0.0,0.009402283411685695,0.0,0.0958979085775982,0.009402283411685695,2,2,-0.5170115296054039
2024-12-19,436.1700134277344,-0.0089973221801419,0.0001674603091345,0.0,0.0,0.009402283411685695,0.0,0.0919350737144839,0.009402283411685695,2,2,-0.5209743644685181
2024-12-20,421.05999755859375,-0.0346424912395865,0.0001672619108169,0.0,0.0,0.02098635886673662,0.0,0.1466603986515812,0.02098635886673662,2,2,-0.46624903953142083
2024-12-23,430.6000061035156,0.0226571239258943,0.0001672619108169,0.0,0.0,0.011569052783803326,0.0,0.1117243286785756,0.011569052783803326,2,2,-0.5011851095044264
2024-12-24,462.2799987792969,0.0735717422822457,0.0001666666590978,0.0,0.0,0.009402283411685695,0.0,0.0965916609016159,0.009402283411685695,2,2,-0.5163177772813862
2024-12-26,454.1300048828125,-0.0176299946309711,0.0001672619108169,0.0,0.0,0.007267441860465116,0.0,0.0841849525255284,0.007267441860465116,2,2,-0.5287244856574737
2024-12-27,431.6600036621094,-0.0494792261667481,0.000165793649734,0.0,0.0,0.021258503401360544,0.0,0.1739648907195116,0.021258503401360544,2,2,-0.43894454746349043
2024-12-30,417.4100036621094,-0.0330120925707874,0.0001659523873102,0.0,0.0,0.0938337801608579,0.0,0.3207591951544272,0.0938337801608579,2,2,-0.29215024302857484
2024-12-31,403.8399963378906,-0.0325100194177511,0.0001669841342502,0.0,0.0,0.14915254237288136,0.0,0.4765949166716621,0.14915254237288136,2,2,-0.13631452151133994
2025-01-02,379.2799987792969,-0.0608161593237648,0.0001669841342502,0.0,150.0,0.09215686274509804,0.0,0.3573557033708749,0.09215686274509804,2,2,-0.2739587742974184
2025-01-03,410.4400024414063,0.0821556732820003,0.000166388882531,0.0,150.0,0.22115384615384615,0.0,0.6231024099551147,0.22115384615384615,2,2,-0.008212067713178617
2025-01-06,411.0499877929688,0.0014861742226248,0.0001662698435404,0.0,150.0,0.22115384615384615,0.0,0.6086785920640188,0.22115384615384615,2,2,-0.02263588560427454
2025-01-07,394.3599853515625,-0.0406033400731116,0.0001667857170104,0.0,150.0,0.14917127071823205,0.0,0.4167506086564418,0.14917127071823205,2,2,-0.21456386901185148
2025-01-08,394.9400024414063,0.001470780787576,0.0001668650763375,0.0,150.0,0.14917127071823205,0.0,0.4082356997198501,0.14917127071823205,2,2,-0.22307877794844322
2025-01-10,394.739990234375,-0.0005064369418009,0.0001671825325678,0.0,150.0,0.1456953642384106,0.0,0.3938433575115053,0.1456953642384106,2,2,-0.237471120156788
2025-01-13,403.30999755859375,0.0217105120743665,0.0001673809498075,0.0,150.0,0.15789473684210525,0.0,0.476722885365596,0.15789473684210525,2,2,-0.1545915923026973
2025-01-14,396.3599853515625,-0.0172324322459215,0.0001671825325678,0.0,150.0,0.1456953642384106,0.0,0.376059760367827,0.1456953642384106,2,2,-0.2552547173004663
2025-01-15,428.2200012207031,0.0803815143975279,0.0001668650763375,0.0,150.0,0.2857142857142857,0.0,0.7681712896893101,0.2857142857142857,2,2,0.13685681202101685
2025-01-16,413.8200073242188,-0.0336275602620966,0.0001664682607802,0.0,150.0,0.22115384615384615,0.0,0.5640428251936432,0.22115384615384615,2,2,-0.06727165247465006
2025-01-17,426.5,0.0306413234047591,0.000166388882531,0.0,150.0,0.24067796610169492,0.0,0.6951081820429632,0.24067796610169492,2,2,0.06379370437466991
2025-01-21,424.0700073242188,-0.0056975209279747,0.0001665476201072,0.0,150.0,0.24067796610169492,0.0,0.6319179453460526,0.24067796610169492,2,2,0.0006034676777593173
2025-01-22,415.1099853515625,-0.0211286387103675,0.0001672619108169,0.0,150.0,0.15789473684210525,0.0,0.4732844579099586,0.15789473684210525,2,2,-0.1580300197583347
2025-01-23,412.3800048828125,-0.0065765232470569,0.0001671825325678,0.0,150.0,0.14917127071823205,0.0,0.4138295158763773,0.14917127071823205,2,2,-0.217484961791916
2025-01-24,406.5799865722656,-0.0140647418445883,0.0001668650763375,0.0,150.0,0.09215686274509804,0.0,0.3404055077560112,0.09215686274509804,2,2,-0.2909089699122821
2025-01-27,397.1499938964844,-0.0231934502120535,0.0001661904842134,0.0,150.0,0.044151820294345466,0.0,0.2689760662518691,0.044151820294345466,2,2,-0.3623384114164242
2025-01-28,398.0899963378906,0.0023668700890153,0.0001662698435404,0.0,150.0,0.044151820294345466,0.0,0.2557274923674841,0.044151820294345466,2,2,-0.3755869853008092
2025-01-29,389.1000061035156,-0.0225828087042521,0.0001661904842134,0.0,150.0,0.021505376344086023,0.0,0.2164630187961327,0.021505376344086023,2,2,-0.4148514588721606
2025-01-30,400.2799987792969,0.0287329542544569,0.0001659523873102,0.0,150.0,0.044151820294345466,0.0,0.2493819080281427,0.044151820294345466,2,2,-0.3819325696401506
2025-01-31,404.6000061035156,0.0107924636189495,0.0001661904842134,0.0,150.0,0.044151820294345466,0.0,0.271676531103458,0.044151820294345466,2,2,-0.3596379465648353
2025-02-03,383.6799926757813,-0.0517054204452532,0.0001662698435404,0.0,150.0,0.021505376344086023,0.0,0.1880273738796198,0.021505376344086023,2,2,-0.44328710378867353
2025-02-04,392.2099914550781,0.022232065633156,0.0001671825325678,0.0,150.0,0.021505376344086023,0.0,0.1889180410829093,0.021505376344086023,2,2,-0.44239643658538397
2025-02-05,378.1700134277344,-0.0357970942434592,0.0001670634935772,0.0,150.0,0.021505376344086023,0.0,0.1697443418255325,0.021505376344086023,2,2,-0.4615701358427608
2025-02-06,374.3200073242188,-0.0101806223836181,0.0001671825325678,0.0,150.0,0.021505376344086023,0.0,0.1586262361369336,0.021505376344086023,2,2,-0.4726882415313597
2025-02-07,361.6199951171875,-0.033928221731496,0.0001677777842869,0.0,150.0,0.021505376344086023,0.0,0.172830234900131,0.021505376344086023,2,2,-0.4584842427681623
2025-02-10,350.7300109863281,-0.0301144413414704,0.0001677777842869,0.0,150.0,0.021505376344086023,0.0,0.1906909857612337,0.021505376344086023,2,2,-0.44062349190705963
2025-02-11,328.5,-0.0633821181250289,0.0001676587263743,0.0,150.0,0.044151820294345466,0.0,0.23765143262243,0.044151820294345466,2,2,-0.3936630450458633
2025-02-12,336.510009765625,0.0243835913717656,0.0001677777842869,0.0,150.0,0.021505376344086023,0.0,0.1954881863568082,0.021505376344086023,2,2,-0.4358262913114851
2025-02-13,355.94000244140625,0.0577397168343194,0.0001671825325678,0.0,150.0,0.008998200359928014,0.0,0.1227080759998805,0.008998200359928014,2,2,-0.5086064016684128
2025-02-14,355.8399963378906,-0.0002809633725618,0.0001671825325678,0.0,150.0,0.008998200359928014,0.0,0.1117792076529278,0.008998200359928014,2,2,-0.5195352700153655
2025-02-18,354.1099853515625,-0.0048617665358937,0.0001671825325678,0.0,150.0,0.008998200359928014,0.0,0.1084269636070626,0.008998200359928014,2,2,-0.5228875140612307
2025-02-19,360.55999755859375,0.0182147142804449,0.0001673809498075,0.0,150.0,0.005714285714285714,0.0,0.0932370771343386,0.005714285714285714,2,2,-0.5380774005339547
2025-02-20,354.3999938964844,-0.0170845454399258,0.0001668650763375,0.0,150.0,0.007564296520423601,0.0,0.0980198445489359,0.007564296520423601,2,2,-0.5332946331193574
2025-02-21,337.79998779296875,-0.0468397471484276,0.0001665476201072,0.0,150.0,0.011976047904191617,0.0,0.1452953783919264,0.011976047904191617,2,2,-0.4860190992763669
2025-02-24,330.5299987792969,-0.0215215786749155,0.0001662698435404,0.0,150.0,0.021505376344086023,0.0,0.1594745184962638,0.021505376344086023,2,2,-0.4718399591720295
2025-02-25,302.79998779296875,-0.0838955952220366,0.0001659523873102,0.0,150.0,0.044151820294345466,0.0,0.2375076022847728,0.044151820294345466,2,2,-0.3938068753835205
2025-02-26,290.79998779296875,-0.039630120487999,0.000166388882531,0.0,150.0,0.044151820294345466,0.0,0.2553516497360552,0.044151820294345466,2,2,-0.3759628279322381
2025-02-27,281.95001220703125,-0.0304332048054902,0.0001664682607802,0.0,150.0,0.044151820294345466,0.0,0.2641884158686678,0.044151820294345466,2,2,-0.3671260617996255
2025-02-28,292.9800109863281,0.0391204053972438,0.000166388882531,0.0,150.0,0.021505376344086023,0.0,0.2109703022484906,0.021505376344086023,2,2,-0.42034417541980273
2025-03-03,284.6499938964844,-0.0284320321437644,0.000166388882531,0.0,150.0,0.03125,0.0,0.2246181171349275,0.03125,2,2,-0.4066963605333658
2025-03-04,272.0400085449219,-0.0442999670540946,0.0001664682607802,0.0,150.0,0.044151820294345466,0.0,0.2472026237349493,0.044151820294345466,2,2,-0.384111853933344
2025-03-05,279.1000061035156,0.0259520560830592,0.0001668650763375,0.0,150.0,0.021505376344086023,0.0,0.2071598685245245,0.021505376344086023,2,2,-0.4241546091437688
2025-03-06,263.45001220703125,-0.0560730689868919,0.0001665476201072,0.0,150.0,0.044151820294345466,0.0,0.24456311004438,0.044151820294345466,2,2,-0.38675136762391327
2025-03-07,262.6700134277344,-0.0029607088371812,0.0001665476201072,0.0,150.0,0.044151820294345466,0.0,0.2320557575369319,0.044151820294345466,2,2,-0.39925872013136143
2025-03-10,222.1499938964844,-0.1542620682219511,0.0001660714263007,0.0,150.0,0.058823529411764705,0.0,0.3202415668819364,0.058823529411764705,2,2,-0.3110729107863569
2025-03-11,230.5800018310547,0.0379473696429559,0.0001664682607802,0.0,150.0,0.044151820294345466,0.0,0.2870279309739011,0.044151820294345466,2,2,-0.3442865466943922
2025-03-12,248.08999633789065,0.0759389121683913,0.0001665476201072,0.0,150.0,0.044151820294345466,0.0,0.228924567455268,0.044151820294345466,2,2,-0.4023899102130253
2025-03-13,240.67999267578125,-0.029868208196582,0.0001661904842134,0.0,150.0,0.044151820294345466,0.0,0.2404301148302778,0.044151820294345466,2,2,-0.39088436283801553
2025-03-14,249.97999572753903,0.0386405323864447,0.0001661904842134,0.0,150.0,0.021505376344086023,0.0,0.2050556390917555,0.021505376344086023,2,2,-0.4262588385765378
2025-03-17,238.009994506836,-0.047883836408052,0.0001661904842134,0.0,150.0,0.044151820294345466,0.0,0.2320037305529723,0.044151820294345466,2,2,-0.399310747115321
2025-03-18,225.3099975585937,-0.0533590909682473,0.0001664682607802,0.0,150.0,0.044151820294345466,0.0,0.2589102756387184,0.044151820294345466,2,2,-0.3724042020295749
2025-03-19,235.8600006103516,0.04682438935722,0.0001662698435404,0.0,150.0,0.021505376344086023,0.0,0.2199345878307669,0.021505376344086023,2,2,-0.4113798898375264
2025-03-20,236.259994506836,0.0016958954271573,0.0001659523873102,0.0,150.0,0.021505376344086023,0.0,0.2113957327411681,0.021505376344086023,2,2,-0.4199187449271252
2025-03-21,248.7100067138672,0.0526962350651833,0.0001660714263007,0.0,150.0,0.021505376344086023,0.0,0.1777596267474337,0.021505376344086023,2,2,-0.45355485092085956
2025-03-24,278.3900146484375,0.1193358012680052,0.0001659523873102,0.0,150.0,0.044151820294345466,0.0,0.2461094736928722,0.044151820294345466,2,2,-0.3852050039754211
2025-03-25,288.1400146484375,0.0350228078845167,0.0001659523873102,0.0,150.0,0.056925996204933584,0.0,0.289640499235748,0.056925996204933584,2,2,-0.3416739784325453
2025-03-26,272.0599975585937,-0.0558062617906894,0.0001662698435404,0.0,150.0,0.021505376344086023,0.0,0.1820435053937011,0.021505376344086023,2,2,-0.44927097227459223
2025-03-27,273.1300048828125,0.0039329829222261,0.0001661904842134,0.0,150.0,0.021505376344086023,0.0,0.1660668092998248,0.021505376344086023,2,2,-0.4652476683684685
2025-03-28,263.54998779296875,-0.0350749347145293,0.0001661904842134,0.0,150.0,0.011976047904191617,0.0,0.148166246279841,0.011976047904191617,2,2,-0.4831482313884523
2025-03-31,259.1600036621094,-0.0166571213591097,0.000166388882531,0.0,150.0,0.011976047904191617,0.0,0.1467671124655168,0.011976047904191617,2,2,-0.4845473652027765
2025-04-01,268.4599914550781,0.0358851198547365,0.0001666666590978,0.0,150.0,0.011976047904191617,0.0,0.1354778590003857,0.011976047904191617,2,2,-0.4958366186679076
2025-04-02,282.760009765625,0.0532668507997762,0.0001667857170104,0.0,150.0,0.021505376344086023,0.0,0.1796339570438457,0.021505376344086023,2,2,-0.45168052062444763
2025-04-03,267.2799987792969,-0.0547461113725354,0.0001660714263007,0.0,150.0,0.010542168674698794,0.0,0.1332146583743972,0.010542168674698794,2,2,-0.49809981929389613
2025-04-04,239.42999267578125,-0.1041978682681468,0.0001648809607066,0.0,150.0,0.021505376344086023,0.0,0.2067833127910412,0.021505376344086023,2,2,-0.42453116487725207
2025-04-07,233.2899932861328,-0.0256442366348095,0.0001646825434669,0.0,150.0,0.021505376344086023,0.0,0.2184822048118742,0.021505376344086023,2,2,-0.4128322728564191
2025-04-08,221.8600006103516,-0.0489947833371584,0.000165793649734,0.0,150.0,0.044151820294345466,0.0,0.2463898766464108,0.044151820294345466,2,2,-0.38492460102188253
2025-04-09,272.20001220703125,0.2268998983962451,0.0001677777842869,0.0,150.0,0.044151820294345466,0.0,0.2738255401847297,0.044151820294345466,2,2,-0.3574889374835636
2025-04-10,252.3999938964844,-0.0727406958949261,0.0001665476201072,0.0,150.0,0.021505376344086023,0.0,0.1967876096254503,0.021505376344086023,2,2,-0.434526868042843
2025-04-11,252.3099975585937,-0.0003565623615966,0.0001671825325678,0.0,150.0,0.021505376344086023,0.0,0.1921505159145042,0.021505376344086023,2,2,-0.43916396175378913
2025-04-14,252.3500061035156,0.0001585690036425,0.0001664682607802,0.0,150.0,0.021505376344086023,0.0,0.1831130308986531,0.021505376344086023,2,2,-0.4482014467696402
2025-04-15,254.1100006103516,0.0069744183248168,0.0001666666590978,0.0,150.0,0.021505376344086023,0.0,0.1765727116730619,0.021505376344086023,2,2,-0.4547417659952314
2025-04-16,241.5500030517578,-0.0494274035985426,0.0001669841342502,0.0,150.0,0.021505376344086023,0.0,0.1863295318155378,0.021505376344086023,2,2,-0.4449849458527555
2025-04-17,241.3699951171875,-0.0007452201709629,0.0001668650763375,0.0,150.0,0.021505376344086023,0.0,0.1814379822407692,0.021505376344086023,2,2,-0.44987649542752406
2025-04-21,227.5,-0.0574636259591979,0.0001670634935772,0.0,150.0,0.021505376344086023,0.0,0.2150485263151932,0.021505376344086023,2,2,-0.41626595135310007
2025-04-22,237.97000122070312,0.046021983387706,0.0001671825325678,0.0,150.0,0.021505376344086023,0.0,0.1785249744891796,0.021505376344086023,2,2,-0.4527895031791137
2025-04-23,250.7400054931641,0.0536622440095613,0.0001669841342502,0.0,150.0,0.021505376344086023,0.0,0.1657439249447122,0.021505376344086023,2,2,-0.46557055272358105
2025-04-24,259.510009765625,0.0349764859229853,0.0001665476201072,0.0,150.0,0.021505376344086023,0.0,0.1847738661268568,0.021505376344086023,2,2,-0.4465406115414365
2025-04-25,284.95001220703125,0.098030910115499,0.000166388882531,0.0,150.0,0.1456953642384106,0.0,0.3840412174577889,0.1456953642384106,2,2,-0.2472732602105044
2025-04-28,285.8800048828125,0.0032637046356942,0.000166388882531,0.0,150.0,0.09215686274509804,0.0,0.3585604714801281,0.09215686274509804,2,2,-0.2727540061881652
2025-04-29,292.0299987792969,0.0215125010194587,0.0001662698435404,0.0,150.0,0.1456953642384106,0.0,0.3895095385825679,0.1456953642384106,2,2,-0.24180493908572537
2025-04-30,282.1600036621094,-0.033797880897321,0.0001662698435404,0.0,150.0,0.044151820294345466,0.0,0.2705150705720011,0.044151820294345466,2,2,-0.3607994070962922
2025-05-01,280.5199890136719,-0.0058123569150553,0.0001660714263007,0.0,150.0,0.021505376344086023,0.0,0.2119698827777055,0.021505376344086023,2,2,-0.4193445948905878
2025-05-02,287.2099914550781,0.0238485765842526,0.0001669841342502,0.0,150.0,0.044151820294345466,0.0,0.2458766877321534,0.044151820294345466,2,2,-0.38543778993613986
2025-05-05,280.260009765625,-0.0241982587522208,0.0001669841342502,0.0,150.0,0.021505376344086023,0.0,0.1662740166807711,0.021505376344086023,2,2,-0.46504046098752216
2025-05-06,275.3500061035156,-0.0175194586848672,0.0001670634935772,0.0,150.0,0.010542168674698794,0.0,0.1324642875316916,0.010542168674698794,2,2,-0.4988501901366017
2025-05-07,276.2200012207031,0.0031595972322602,0.0001672619108169,0.0,150.0,0.010542168674698794,0.0,0.1329033601839159,0.010542168674698794,2,2,-0.4984111174843774
2025-05-08,284.82000732421875,0.0311346248117785,0.0001672619108169,0.0,150.0,0.021505376344086023,0.0,0.1648754504711989,0.021505376344086023,2,2,-0.4664390271970944
2025-05-09,298.260009765625,0.0471877048514612,0.0001672619108169,0.0,150.0,0.044151820294345466,0.0,0.284431829981382,0.044151820294345466,2,2,-0.3468826476869113
2025-05-12,318.3800048828125,0.0674579040381508,0.0001698412781669,0.0,150.0,0.15789473684210525,0.0,0.4949997490277616,0.15789473684210525,2,2,-0.13631472864053168
2025-05-13,334.07000732421875,0.0492807406268536,0.0001700396764846,0.0,150.0,0.22115384615384615,0.0,0.5875633345004644,0.22115384615384615,2,2,-0.04375114316782891
2025-05-14,347.67999267578125,0.0407399199364637,0.0001700396764846,0.0,150.0,0.24067796610169492,0.0,0.6329464504768532,0.24067796610169492,2,2,0.0016319728085598673
2025-05-15,342.82000732421875,-0.0139783290782985,0.000168968249881,0.0,150.0,0.22115384615384615,0.0,0.6043556646204645,0.22115384615384615,2,2,-0.026958813047828767
2025-05-16,349.9800109863281,0.0208856061756566,0.0001681349201807,0.0,150.0,0.22115384615384615,0.0,0.6258928331101871,0.22115384615384615,2,2,-0.005421644558106231
2025-05-19,342.0899963378906,-0.0225441865271148,0.0001682539591713,0.0,150.0,0.22115384615384615,0.0,0.5535527556881904,0.22115384615384615,2,2,-0.0777617219801029
2025-05-20,343.82000732421875,0.0050571808730102,0.0001685714343237,0.0,150.0,0.20689655172413793,0.0,0.5390073056336143,0.20689655172413793,2,2,-0.09230717203467897
2025-05-21,334.6199951171875,-0.0267582223577691,0.0001680555608537,0.0,150.0,0.1456953642384106,0.0,0.3791698185897642,0.1456953642384106,2,2,-0.2521446590785291
2025-05-22,341.0400085449219,0.0191859826711371,0.000167936502941,0.0,150.0,0.14917127071823205,0.0,0.4381186087202737,0.14917127071823205,2,2,-0.1931958689480196
2025-05-23,339.3399963378906,-0.0049847881903489,0.000167857143614,0.0,150.0,0.1456953642384106,0.0,0.377765764968088,0.1456953642384106,2,2,-0.2535487127002053
2025-05-27,362.8900146484375,0.0693994771164476,0.0001667857170104,0.0,150.0,0.24067796610169492,0.0,0.6317757429187405,0.24067796610169492,2,2,0.000461265250447207
2025-05-28,356.8999938964844,-0.0165064358625468,0.0001676587263743,0.0,150.0,0.20689655172413793,0.0,0.546437805970907,0.20689655172413793,2,2,-0.08487667169738633
2025-05-29,358.42999267578125,0.0042869117552875,0.000167857143614,0.0,150.0,0.20689655172413793,0.0,0.522870289171144,0.20689655172413793,2,2,-0.10844418849714932
2025-05-30,346.4599914550781,-0.0333956461939574,0.000167936502941,0.0,150.0,0.056925996204933584,0.0,0.3118846765103458,0.056925996204933584,2,2,-0.3194298011579475
2025-06-02,342.69000244140625,-0.0108814555984906,0.000167936502941,0.0,150.0,0.044151820294345466,0.0,0.2406925911672081,0.044151820294345466,2,2,-0.3906218865010852
2025-06-03,344.2699890136719,0.0046105417753929,0.0001680555608537,0.0,150.0,0.044151820294345466,0.0,0.2362381829244882,0.044151820294345466,2,2,-0.3950762947438051
2025-06-04,332.04998779296875,-0.0354954007339217,0.0001682539591713,0.0,150.0,0.011976047904191617,0.0,0.1427554076108941,0.011976047904191617,2,2,-0.4885590700573992
2025-06-05,284.70001220703125,-0.1425989378908212,0.000167936502941,0.0,150.0,0.044151820294345466,0.0,0.2439889103459609,0.044151820294345466,2,2,-0.38732556732233236
2025-06-06,295.1400146484375,0.0366701861389959,0.000167936502941,0.0,150.0,0.021505376344086023,0.0,0.1949423532518535,0.021505376344086023,2,2,-0.4363721244164398
2025-06-09,308.5799865722656,0.0455376135284042,0.0001682539591713,0.0,150.0,0.011976047904191617,0.0,0.144522892434742,0.011976047904191617,2,2,-0.48679158523355126
2025-06-10,326.0899963378906,0.0567438282700305,0.0001686507936507,0.0,150.0,0.021505376344086023,0.0,0.1913535571357442,0.021505376344086023,2,2,-0.4399609205325491
2025-06-11,326.42999267578125,0.0010426457165473,0.0001686507936507,0.0,150.0,0.021505376344086023,0.0,0.1775717744133068,0.021505376344086023,2,2,-0.4537427032549865
2025-06-12,319.1099853515625,-0.0224244324616615,0.000168968249881,0.0,150.0,0.010542168674698794,0.0,0.1334218566724837,0.010542168674698794,2,2,-0.49789262099580955
2025-06-13,325.3099975585937,0.0194290761544195,0.0001682539591713,0.0,150.0,0.011976047904191617,0.0,0.147820505741204,0.011976047904191617,2,2,-0.4834939719270893
2025-06-16,329.1300048828125,0.0117426680793317,0.0001685714343237,0.0,150.0,0.021505376344086023,0.0,0.1606166974877939,0.021505376344086023,2,2,-0.4706977801804994
2025-06-17,316.3500061035156,-0.0388296374979462,0.0001673809498075,0.0,150.0,0.008998200359928014,0.0,0.1155496804337926,0.008998200359928014,2,2,-0.5157647972345007
2025-06-18,322.04998779296875,0.0180179597897272,0.0001675793670472,0.0,150.0,0.008998200359928014,0.0,0.1166583718839122,0.008998200359928014,2,2,-0.514656105784381
2025-06-20,322.1600036621094,0.0003416111576173,0.0001664682607802,0.0,150.0,0.008998200359928014,0.0,0.1149413205391729,0.008998200359928014,2,2,-0.5163731571291204
2025-06-23,348.67999267578125,0.0823193093872907,0.0001649999996972,0.0,150.0,0.1456953642384106,0.0,0.385502081850228,0.1456953642384106,2,2,-0.2458123958180653
2025-06-24,340.4700012207031,-0.0235459206938556,0.0001659523873102,0.0,150.0,0.044151820294345466,0.0,0.2472289783513975,0.044151820294345466,2,2,-0.3840854993168958
2025-06-25,327.54998779296875,-0.037947582404945,0.0001661904842134,0.0,150.0,0.011976047904191617,0.0,0.139409320112351,0.011976047904191617,2,2,-0.49190515755594233
2025-06-26,325.7799987792969,-0.00540372181235,0.000166388882531,0.0,150.0,0.010542168674698794,0.0,0.1295837518449275,0.010542168674698794,2,2,-0.5017307258233658
2025-06-27,323.6300048828125,-0.0065995269953356,0.0001665476201072,0.0,150.0,0.008998200359928014,0.0,0.1124448068139058,0.008998200359928014,2,2,-0.5188696708543875
2025-06-30,317.6600036621094,-0.0184469954288227,0.0001662698435404,0.0,150.0,0.008998200359928014,0.0,0.1193478002579236,0.008998200359928014,2,2,-0.5119666774103697
2025-07-01,300.7099914550781,-0.0533589750413172,0.0001676587263743,0.0,150.0,0.01380670611439842,0.0,0.1495846345651002,0.01380670611439842,2,2,-0.4817298431031931
2025-07-02,315.6499938964844,0.0496824278073184,0.0001675793670472,0.0,150.0,0.005714285714285714,0.0,0.0911045843462133,0.005714285714285714,2,2,-0.54020989332208
2025-07-03,315.3500061035156,-0.0009503811144286,0.0001682539591713,0.0,150.0,0.0022404779686333084,0.0,0.0852932975610266,0.0022404779686333084,2,2,-0.5460211801072667
2025-07-07,293.94000244140625,-0.0678928278031534,0.000168452376411,0.0,150.0,0.011976047904191617,0.0,0.1474414266755569,0.011976047904191617,2,2,-0.48387305099273636
2025-07-08,297.8099975585937,0.0131659355142004,0.0001686507936507,0.0,150.0,0.008998200359928014,0.0,0.1191988647370068,0.008998200359928014,2,2,-0.5121156129312865
2025-07-09,295.8800048828125,-0.0064806174796112,0.000168452376411,0.0,150.0,0.008998200359928014,0.0,0.1177103143717898,0.008998200359928014,2,2,-0.5136041632965035
2025-07-10,309.8699951171875,0.0472826483827995,0.0001682539591713,0.0,150.0,0.00196078431372549,0.0,0.070471987909684,0.00196078431372549,2,2,-0.5608424897586093
2025-07-11,313.510009765625,0.0117469090450688,0.0001681349201807,0.0,150.0,0.00196078431372549,0.0,0.0686621559130616,0.00196078431372549,2,2,-0.5626523217552317
2025-07-14,316.8999938964844,0.010813001260769,0.0001677777842869,0.0,150.0,0.00196078431372549,0.0,0.0680819294577033,0.00196078431372549,2,2,-0.56323254821059
2025-07-15,310.7799987792969,-0.0193120707953897,0.000167936502941,0.0,150.0,0.00196078431372549,0.0,0.0617426578385822,0.00196078431372549,2,2,-0.5695718198297111
2025-07-16,321.6700134277344,0.0350409121925865,0.0001676587263743,0.0,150.0,0.0022404779686333084,0.0,0.0779083031924156,0.0022404779686333084,2,2,-0.5534061744758777
2025-07-17,319.4100036621094,-0.007025863995037,0.0001680555608537,0.0,150.0,0.00196078431372549,0.0,0.0618228166137965,0.00196078431372549,2,2,-0.5694916610544968
2025-07-18,329.6499938964844,0.0320590780406724,0.000167857143614,0.0,150.0,0.008998200359928014,0.0,0.1153046713253658,0.008998200359928014,2,2,-0.5160098063429275
2025-07-21,328.489990234375,-0.0035188948387289,0.0001675793670472,0.0,150.0,0.0022404779686333084,0.0,0.0892738427399185,0.0022404779686333084,2,2,-0.5420406349283748
2025-07-22,332.1099853515625,0.0110201078413521,0.000167857143614,0.0,150.0,0.007564296520423601,0.0,0.1033010332215771,0.007564296520423601,2,2,-0.5280134444467162
2025-07-23,332.5599975585937,0.0013550095657461,0.0001682539591713,0.0,150.0,0.005714285714285714,0.0,0.0941448977714549,0.005714285714285714,2,2,-0.5371695798968383
2025-07-24,305.29998779296875,-0.0819702007630127,0.000168452376411,0.0,150.0,0.005714285714285714,0.0,0.0949543567642453,0.005714285714285714,2,2,-0.536360120904048
2025-07-25,316.0599975585937,0.0352440556693423,0.000168452376411,0.0,150.0,0.00196078431372549,0.0,0.0621724031412941,0.00196078431372549,2,2,-0.5691420745269992
2025-07-28,325.5899963378906,0.0301524990600248,0.0001680555608537,0.0,150.0,0.0022404779686333084,0.0,0.0756230304446995,0.0022404779686333084,2,2,-0.5556914472235938
2025-07-29,321.20001220703125,-0.013483166498468,0.000167857143614,0.0,150.0,0.00196078431372549,0.0,0.055875686390795,0.00196078431372549,2,2,-0.5754387912774983
2025-07-30,319.0400085449219,-0.0067247932130124,0.000167936502941,0.0,150.0,0.00196078431372549,0.0,0.0506018760216818,0.00196078431372549,2,2,-0.5807126016466115
2025-07-31,308.2699890136719,-0.0337575828823786,0.0001680555608537,0.0,150.0,0.0022404779686333084,0.0,0.0744130766680045,0.0022404779686333084,2,2,-0.5569014010002888
2025-08-01,302.6300048828125,-0.0182955990912538,0.0001659523873102,0.0,150.0,0.005714285714285714,0.0,0.0901981611701755,0.005714285714285714,2,2,-0.5411163164981178
2025-08-04,309.260009765625,0.0219079561703732,0.0001648015824575,0.0,150.0,0.00196078431372549,0.0,0.0579661610817408,0.00196078431372549,2,2,-0.5733483165865525
2025-08-05,308.7200012207031,-0.0017461311772288,0.0001646825434669,0.0,150.0,0.00196078431372549,0.0,0.0567853297287082,0.00196078431372549,2,2,-0.5745291479395851
2025-08-06,319.9100036621094,0.0362464446655872,0.0001640079324207,0.0,150.0,0.00196078431372549,0.0,0.0463154690764055,0.00196078431372549,2,2,-0.5849990085918878
2025-08-07,322.2699890136719,0.0073770289285954,0.0001642063496604,0.0,150.0,0.00196078431372549,0.0,0.0601782266849908,0.00196078431372549,2,2,-0.5711362509833025
2025-08-08,329.6499938964844,0.022900068682782,0.0001640079324207,0.0,150.0,0.005714285714285714,0.0,0.0910920191932728,0.005714285714285714,2,2,-0.5402224584750205
2025-08-11,339.0299987792969,0.0284544366949328,0.0001644047669001,0.0,150.0,0.01380670611439842,0.0,0.1541514938376499,0.01380670611439842,2,2,-0.4771629838306434
2025-08-12,340.8399963378906,0.0053387533997308,0.0001638888934301,0.0,150.0,0.01380670611439842,0.0,0.1526266248071975,0.01380670611439842,2,2,-0.47868785286109583
2025-08-13,339.3800048828125,-0.0042835097722239,0.0001630952433934,0.0,150.0,0.007564296520423601,0.0,0.1046659581086608,0.007564296520423601,2,2,-0.5266485195596324
2025-08-14,335.5799865722656,-0.0111969422354715,0.0001631746027204,0.0,150.0,0.00196078431372549,0.0,0.0643424690431664,0.00196078431372549,2,2,-0.5669720086251269
2025-08-15,330.5599975585937,-0.0149591430196655,0.0001631746027204,0.0,150.0,0.0,0.0,0.0422474744814178,0.0,2,2,-0.5890670031868754
2025-08-18,335.1600036621094,0.0139157978505861,0.0001636111168634,0.0,150.0,0.00196078431372549,0.0,0.056205397257571,0.00196078431372549,2,2,-0.5751090804107223
2025-08-19,329.3099975585937,-0.0174543681811548,0.0001630952433934,0.0,150.0,0.0,0.0,0.0409778533589551,0.0,2,2,-0.5903366243093382
2025-08-20,323.8999938964844,-0.0164283006960538,0.000163293641711,0.0,150.0,0.0,0.0,0.0442735412336267,0.0,2,2,-0.5870409364346666
2025-08-21,320.1099853515625,-0.0117011689297318,0.000163809515181,0.0,150.0,0.00196078431372549,0.0,0.0557854874118411,0.00196078431372549,2,2,-0.5755289902564522
2025-08-22,340.010009765625,0.0621662095051711,0.0001622222151075,0.0,150.0,0.0022404779686333084,0.0,0.0799992780078288,0.0022404779686333084,2,2,-0.5513151996604645
2025-08-25,346.6000061035156,0.0193817715614703,0.0001624206323472,0.0,150.0,0.010542168674698794,0.0,0.1281933952625965,0.010542168674698794,2,2,-0.5031210824056969
2025-08-26,351.6700134277344,0.0146278339149956,0.0001622222151075,0.0,150.0,0.021505376344086023,0.0,0.1782829948348763,0.021505376344086023,2,2,-0.453031482833417
2025-08-27,349.6000061035156,-0.0058862207330171,0.0001611111088404,0.0,150.0,0.008998200359928014,0.0,0.1186862220884513,0.008998200359928014,2,2,-0.512628255579842
2025-08-28,345.9800109863281,-0.010354676927882,0.0001615873026469,0.0,150.0,0.0022404779686333084,0.0,0.0794000875081289,0.0022404779686333084,2,2,-0.5519143901601644
2025-08-29,333.8699951171875,-0.0350020679940933,0.0001604365167163,0.0,150.0,0.0,0.0,0.0405105472537575,0.0,2,2,-0.5908039304145358
2025-09-02,329.3599853515625,-0.0135082811620792,0.0001600000025734,0.0,150.0,0.00196078431372549,0.0,0.0461611337515338,0.00196078431372549,2,2,-0.5851533439167595
2025-09-03,334.0899963378906,0.01436121932444,0.0001594444494398,0.0,150.0,0.0,0.0,0.0401752444980155,0.0,2,2,-0.5911392331702778
2025-09-04,338.5299987792969,0.013289839534482,0.000158650789942,0.0,150.0,0.0,0.0,0.0415570759236941,0.0,2,2,-0.5897574017445992
2025-09-05,350.8399963378906,0.036363092201525,0.0001551587335647,0.0,150.0,0.007564296520423601,0.0,0.0995265396809011,0.007564296520423601,2,2,-0.5317879379873922
2025-09-08,346.3999938964844,-0.0126553485570388,0.0001558730148133,0.0,150.0,0.00196078431372549,0.0,0.0610960235140974,0.00196078431372549,2,2,-0.5702184541541959
2025-09-09,346.9700012207031,0.0016455177086092,0.0001564682570714,0.0,150.0,0.00196078431372549,0.0,0.062845410521045,0.00196078431372549,2,2,-0.5684690671472483
2025-09-10,347.7900085449219,0.0023633378140295,0.0001559523836014,0.0,150.0,0.0022404779686333084,0.0,0.0733814794868937,0.0022404779686333084,2,2,-0.5579329981813996
2025-09-11,368.80999755859375,0.0604387374485395,0.0001558730148133,0.0,150.0,0.044151820294345466,0.0,0.2474460046305487,0.044151820294345466,2,2,-0.38386847303774463
2025-09-12,395.9400024414063,0.0735609258490948,0.0001558730148133,0.0,150.0,0.20689655172413793,0.0,0.5295456787343842,0.20689655172413793,2,2,-0.10176879893390911
2025-09-15,410.0400085449219,0.0356114714769244,0.0001547619085463,0.0,150.0,0.22115384615384615,0.0,0.5912286450617726,0.22115384615384615,2,2,-0.040085832606520655
2025-09-16,421.6199951171875,0.0282411138692506,0.0001543650835279,0.0,150.0,0.24067796610169492,0.0,0.6274017030078315,0.24067796610169492,2,2,-0.003912774660461804
2025-09-17,425.8599853515625,0.0100564258893758,0.000153492064703,0.0,150.0,0.24067796610169492,0.0,0.6311810301019966,0.24067796610169492,2,2,-0.00013344756629674048
2025-09-18,416.8500061035156,-0.0211571398064291,0.0001539682585095,0.0,150.0,0.22115384615384615,0.0,0.5578265952737141,0.22115384615384615,2,2,-0.07348788239457915
2025-09-19,426.0700073242188,0.0221182705666402,0.0001538888897214,0.0,150.0,0.22115384615384615,0.0,0.5973175833992025,0.22115384615384615,2,2,-0.033996894269090805
2025-09-22,434.2099914550781,0.0191048043535839,0.0001526984146663,0.0,150.0,0.22115384615384615,0.0,0.6187724220599948,0.22115384615384615,2,2,-0.012542055608298464
2025-09-23,425.8500061035156,-0.0192533233137897,0.0001525793662146,0.0,150.0,0.20689655172413793,0.0,0.5174079601186434,0.20689655172413793,2,2,-0.11390651754964987
2025-09-24,442.7900085449219,0.0397792701622938,0.0001530952396846,0.0,150.0,0.24067796610169492,0.0,0.6337057919756727,0.24067796610169492,2,2,0.0023913143073793774
2025-09-25,423.3900146484375,-0.0438130796135979,0.0001540872975001,0.0,150.0,0.14917127071823205,0.0,0.4202174594718786,0.14917127071823205,2,2,-0.2110970181964147
2025-09-26,440.3999938964844,0.0401756741055197,0.0001531745990117,0.0,150.0,0.22115384615384615,0.0,0.5937358139586157,0.22115384615384615,2,2,-0.03757866370967755
2025-09-29,443.2099914550781,0.0063805576692497,0.0001532936474633,0.0,150.0,0.22115384615384615,0.0,0.5784053173393988,0.22115384615384615,2,2,-0.05290916032889448
2025-09-30,444.7200012207031,0.0034069849388267,0.0001525793662146,0.0,150.0,0.22115384615384615,0.0,0.5621921434355291,0.22115384615384615,2,2,-0.06912233423276415
2025-10-01,459.4599914550781,0.0331444283907076,0.0001525793662146,0.0,150.0,0.24067796610169492,0.0,0.6547827218534077,0.24067796610169492,2,2,0.023468244185114395
2025-10-02,436.0,-0.0510599222813328,0.0001526984146663,0.0,150.0,0.1456953642384106,0.0,0.3892927960194283,0.1456953642384106,2,2,-0.242021681648865
2025-10-03,429.8299865722656,-0.0141514069443449,0.0001530952396846,0.0,150.0,0.044151820294345466,0.0,0.2821185930623857,0.044151820294345466,2,2,-0.3491958846059076
2025-10-06,453.25,0.0544866904575465,0.0001531745990117,0.0,150.0,0.22115384615384615,0.0,0.5646352319521171,0.22115384615384615,2,2,-0.06667924571617623
2025-10-07,433.0899963378906,-0.0444787725584321,0.0001524999974265,0.0,150.0,0.044151820294345466,0.0,0.2864744315783502,0.044151820294345466,2,2,-0.3448400460899431
2025-10-08,438.6900024414063,0.0129303520073611,0.0001524999974265,0.0,150.0,0.09215686274509804,0.0,0.3333234715325789,0.09215686274509804,2,2,-0.2979910061357144
2025-10-09,435.5400085449219,-0.0071804551709727,0.0001528968224449,0.0,150.0,0.044151820294345466,0.0,0.2860442253902898,0.044151820294345466,2,2,-0.3452702522780035
2025-10-10,413.489990234375,-0.0506268491480562,0.0001528968224449,0.0,150.0,0.011976047904191617,0.0,0.1451206735321948,0.011976047904191617,2,2,-0.4861938041360985
2025-10-13,435.8999938964844,0.054197209585187,0.0001528968224449,0.0,150.0,0.056925996204933584,0.0,0.2879333780490508,0.056925996204933584,2,2,-0.3433810996192425
2025-10-14,429.239990234375,-0.0152787422697027,0.0001528968224449,0.0,150.0,0.021505376344086023,0.0,0.2147813594378096,0.021505376344086023,2,2,-0.41653311823048367
2025-10-15,435.1499938964844,0.0137685299519327,0.0001530952396846,0.0,150.0,0.044151820294345466,0.0,0.2513339083470878,0.044151820294345466,2,2,-0.3799805693212055
2025-10-16,428.75,-0.014707558281632,0.0001528968224449,0.0,150.0,0.021505376344086023,0.0,0.179059999218263,0.021505376344086023,2,2,-0.4522544784500303
2025-10-17,439.30999755859375,0.0246297319150874,0.0001520634927446,0.0,150.0,0.044151820294345466,0.0,0.2689684771780606,0.044151820294345466,2,2,-0.3623460004902327
2025-10-20,447.4299926757813,0.0184835199797712,0.0001507142895743,0.0,150.0,0.09215686274509804,0.0,0.3417230517925702,0.09215686274509804,2,2,-0.2895914258757231
2025-10-21,442.6000061035156,-0.0107949548562463,0.0001501984161043,0.0,150.0,0.044151820294345466,0.0,0.2436428026981167,0.044151820294345466,2,2,-0.3876716749701766
2025-10-22,438.9700012207031,-0.0082015472949711,0.000150317464556,0.0,150.0,0.021505376344086023,0.0,0.1973105613029171,0.021505376344086023,2,2,-0.43400391636537616
2025-10-23,448.9800109863281,0.0228034028243133,0.000150317464556,0.0,150.0,0.056925996204933584,0.0,0.2955420435520781,0.056925996204933584,2,2,-0.3357724341162152
2025-10-24,433.7200012207031,-0.0339881718388788,0.0001493253972795,0.0,150.0,0.011976047904191617,0.0,0.1484536308455898,0.011976047904191617,2,2,-0.48286084682270347
2025-10-27,452.4200134277344,0.0431154019976025,0.0001475396799662,0.0,150.0,0.056925996204933584,0.0,0.2978349476158882,0.056925996204933584,2,2,-0.3334795300524051
2025-10-28,460.5499877929688,0.0179699706554494,0.0001476190487543,0.0,150.0,0.10526315789473684,0.0,0.364860747880829,0.10526315789473684,2,2,-0.2664537297874643
2025-10-29,461.510009765625,0.0020845119924044,0.0001480158737727,0.0,150.0,0.09215686274509804,0.0,0.3495354482030159,0.09215686274509804,2,2,-0.2817790294652774
2025-10-30,440.1000061035156,-0.046391201077052,0.0001490873003762,0.0,150.0,0.011976047904191617,0.0,0.1447136486969504,0.011976047904191617,2,2,-0.48660082897134294
2025-10-31,456.55999755859375,0.0374005708402707,0.0001475396799662,0.0,150.0,0.044151820294345466,0.0,0.2725054003703267,0.044151820294345466,2,2,-0.35880907729796657
2025-11-03,468.3699951171875,0.0258673506696742,0.0001501190473162,0.0,150.0,0.1456953642384106,0.0,0.3832004596084502,0.1456953642384106,2,2,-0.24811401805984312
2025-11-04,444.260009765625,-0.0514763661270191,0.0001505158723346,0.0,150.0,0.01380670611439842,0.0,0.1494402597950909,0.01380670611439842,2,2,-0.4818742178732024
2025-11-05,462.0700073242188,0.0400891306151767,0.000150317464556,0.0,150.0,0.056925996204933584,0.0,0.2895160729042499,0.056925996204933584,2,2,-0.3417984047640434
2025-11-06,445.9100036621094,-0.0349730634015604,0.0001493253972795,0.0,150.0,0.011976047904191617,0.0,0.146947682250584,0.011976047904191617,2,2,-0.48436679541770933
2025-11-07,429.5199890136719,-0.0367563286623574,0.0001490873003762,0.0,150.0,0.008998200359928014,0.0,0.1138738384448613,0.008998200359928014,2,2,-0.517440639223432
2025-11-10,445.2300109863281,0.0365757645150157,0.0001501190473162,0.0,150.0,0.011976047904191617,0.0,0.1394541242434883,0.011976047904191617,2,2,-0.491860353424805
2025-11-11,439.6199951171875,-0.0126002644267232,0.0001501190473162,0.0,150.0,0.008998200359928014,0.0,0.1197735513248125,0.008998200359928014,2,2,-0.5115409263434808
2025-11-12,430.6000061035156,-0.020517695086338,0.0001499206395376,0.0,150.0,0.007042253521126761,0.0,0.0973554520278921,0.007042253521126761,2,2,-0.5339590256404012
2025-11-13,401.989990234375,-0.066442209622874,0.0001505158723346,0.0,150.0,0.01380670611439842,0.0,0.1505795696236897,0.01380670611439842,2,2,-0.4807349080446036
2025-11-14,404.3500061035156,0.0058708324248686,0.000150317464556,0.0,150.0,0.010542168674698794,0.0,0.1262457213406094,0.010542168674698794,2,2,-0.5050687563276839
2025-11-17,408.9200134277344,0.0113021077166715,0.0001496825426343,0.0,150.0,0.007042253521126761,0.0,0.0974731298134871,0.007042253521126761,2,2,-0.5338413478548062
2025-11-18,401.25,-0.0187567572529434,0.0001496825426343,0.0,150.0,0.008998200359928014,0.0,0.1080121475555336,0.008998200359928014,2,2,-0.5233023301127597
2025-11-19,403.989990234375,0.0068286360981308,0.0001496825426343,0.0,150.0,0.0022404779686333084,0.0,0.0873997693752628,0.0022404779686333084,2,2,-0.5439147082930305
2025-11-20,395.2300109863281,-0.0216836541988695,0.000149801591086,0.0,150.0,0.008998200359928014,0.0,0.1063027770027798,0.008998200359928014,2,2,-0.5250117006655135
2025-11-21,391.0899963378906,-0.010474950113494,0.0001484126987911,0.0,150.0,0.008998200359928014,0.0,0.1087627586884141,0.008998200359928014,2,2,-0.5225517189798792
2025-11-24,417.7799987792969,0.0682451678419993,0.0001480158737727,0.0,150.0,0.0,0.0,0.0434409712612224,0.0,2,2,-0.5878735064070709
2025-11-25,419.3999938964844,0.003877627272538,0.0001480952425608,0.0,150.0,0.00196078431372549,0.0,0.045041356988669,0.00196078431372549,2,2,-0.5862731206796243
2025-11-26,426.5799865722656,0.0171196775876762,0.0001489285722611,0.0,150.0,0.0022404779686333084,0.0,0.0771461735606215,0.0022404779686333084,2,2,-0.5541683041076718
2025-11-28,430.1700134277344,0.0084158351738814,0.0001467063502659,0.0,150.0,0.0022404779686333084,0.0,0.0892065895945486,0.0022404779686333084,2,2,-0.5421078880737447
2025-12-01,430.1400146484375,-6.973703038437584e-05,0.0001465476221508,0.0,150.0,0.0022404779686333084,0.0,0.0820589823643042,0.0022404779686333084,2,2,-0.5492554953039891
2025-12-02,429.239990234375,-0.0020923987153301,0.0001457142829895,0.0,150.0,0.00196078431372549,0.0,0.0697806680892907,0.00196078431372549,2,2,-0.5615338095790026
2025-12-03,446.739990234375,0.0407697334781054,0.0001442460313675,0.0,150.0,0.021505376344086023,0.0,0.194568622860611,0.021505376344086023,2,2,-0.4367458548076823
2025-12-04,454.5299987792969,0.0174374551533542,0.0001433333328792,0.0,150.0,0.044151820294345466,0.0,0.2652117431247205,0.044151820294345466,2,2,-0.3661027345435728
2025-12-05,455.0,0.0010340378456106,0.0001429761875243,0.0,150.0,0.044151820294345466,0.0,0.2365115440574001,0.044151820294345466,2,2,-0.3948029336108932
2025-12-08,439.5799865722656,-0.033890139401614,0.0001435714297824,0.0,150.0,0.007564296520423601,0.0,0.1012167375032529,0.007564296520423601,2,2,-0.5300977401650404
2025-12-09,445.1700134277344,0.0127167455894849,0.0001441269829159,0.0,150.0,0.008998200359928014,0.0,0.1232394753184379,0.008998200359928014,2,2,-0.5080750023498554
2025-12-10,451.4500122070313,0.0141069672032534,0.0001425793625059,0.0,150.0,0.01380670611439842,0.0,0.1556102634154384,0.01380670611439842,2,2,-0.4757042142528549
2025-12-11,446.8900146484375,-0.0101007806740353,0.0001415873046905,0.0,150.0,0.010542168674698794,0.0,0.128839209573069,0.010542168674698794,2,2,-0.5024752680952242
2025-12-12,458.9599914550781,0.0270088308330986,0.0001398809561653,0.0,150.0,0.021505376344086023,0.0,0.2114253971301906,0.021505376344086023,2,2,-0.4198890805381027
2025-12-15,475.30999755859375,0.0356240334842257,0.0001403968296353,0.0,150.0,0.09215686274509804,0.0,0.3326573891061488,0.09215686274509804,2,2,-0.2986570885621445
2025-12-16,489.8800048828125,0.0306536942186297,0.0001406746062021,0.0,150.0,0.14917127071823205,0.0,0.440413726503455,0.14917127071823205,2,2,-0.1909007511648383
2025-12-17,467.260009765625,-0.0461745629373024,0.000140595237414,0.0,150.0,0.021505376344086023,0.0,0.192800727248486,0.021505376344086023,2,2,-0.43851375041980734
2025-12-18,483.3699951171875,0.0344775607046774,0.0001397619077137,0.0,150.0,0.058823529411764705,0.0,0.3237265445393768,0.058823529411764705,2,2,-0.30758793312891647
2025-12-19,481.2000122070313,-0.0044892792934532,0.0001397619077137,0.0,150.0,0.044151820294345466,0.0,0.2626635609694304,0.044151820294345466,2,2,-0.3686509166988629
2025-12-22,488.7300109863281,0.015648376118613,0.0001400000046169,0.0,150.0,0.056925996204933584,0.0,0.300818270110438,0.056925996204933584,2,2,-0.3304962075578553
2025-12-23,485.55999755859375,-0.0064862262526846,0.0001407539655291,0.0,150.0,0.044151820294345466,0.0,0.2352575971186254,0.044151820294345466,2,2,-0.3960568805496679
2025-12-24,485.3999938964844,-0.0003295239783216,0.0001410714312205,0.0,150.0,0.021505376344086023,0.0,0.214470136292346,0.021505376344086023,2,2,-0.4168443413759473
2025-12-26,475.1900024414063,-0.0210341812597044,0.000140595237414,0.0,150.0,0.010542168674698794,0.0,0.1280014158907809,0.010542168674698794,2,2,-0.5033130617775123
2025-12-29,459.6400146484375,-0.0327237267473576,0.0001403968296353,0.0,150.0,0.005714285714285714,0.0,0.091018667051273,0.005714285714285714,2,2,-0.5402958106170203
2025-12-30,454.4299926757813,-0.0113350052358717,0.0001404761889624,0.0,150.0,0.007042253521126761,0.0,0.0974156000133955,0.007042253521126761,2,2,-0.5338988776548979
2025-12-31,449.7200012207031,-0.0103646139801308,0.0001407539655291,0.0,150.0,0.008998200359928014,0.0,0.108848853508697,0.008998200359928014,2,2,-0.5224656241595963
2026-01-02,438.0700073242188,-0.0259049939181312,0.0001401984123956,0.0,100.0,0.8575197889182058,1.0,0.8954487889749566,0.8575197889182058,1,2,0.2641343113066633
2026-01-05,451.6700134277344,0.0310452801518779,0.0001394841311469,1.0,100.0,0.974716652136007,1.0,0.9210047573785703,0.025283347863993024,3,3,-0.4935668404511563
2026-01-06,432.9599914550781,-0.0414240959470951,0.0001396825389256,1.0,100.0,0.974716652136007,1.0,0.9027271502742398,0.025283347863993024,3,3,-0.4752892333468257
2026-01-07,431.4100036621094,-0.003579979267275,0.0001394841311469,1.0,100.0,0.974716652136007,1.0,0.8935106767889563,0.025283347863993024,3,3,-0.4660727598615423
2026-01-08,435.7999877929688,0.0101758978549273,0.0001391666654556,1.0,100.0,0.974716652136007,1.0,0.9284246347138893,0.025283347863993024,3,3,-0.5009867177864752
2026-01-09,445.010009765625,0.0211335985099465,0.0001394047623588,1.0,100.0,0.974716652136007,1.0,0.9519516853872982,0.025283347863993024,3,3,-0.5245137684598842
2026-01-12,448.9599914550781,0.0088761636879437,0.0001401984123956,1.0,100.0,0.974716652136007,1.0,0.9561376117889704,0.025283347863993024,3,3,-0.5286996948615563
2026-01-13,447.2000122070313,-0.0039201249143442,0.0001412698389991,1.0,100.0,0.974716652136007,1.0,0.9547385128929528,0.025283347863993024,3,3,-0.5273005959655387
2026-01-14,439.2000122070313,-0.0178890871682185,0.0001412698389991,1.0,100.0,0.974716652136007,1.0,0.9528943324455956,0.025283347863993024,3,3,-0.5254564155181816
2026-01-15,438.5700073242188,-0.0014344373071545,0.0001414682562389,1.0,100.0,0.974716652136007,1.0,0.9433514069083304,0.025283347863993024,3,3,-0.5159134899809164
2026-01-16,437.5,-0.0024397640202235,0.0001411507905475,1.0,100.0,0.974716652136007,1.0,0.9336900771124286,0.025283347863993024,3,3,-0.5062521601850145
2026-01-20,419.25,-0.0417142857142857,0.0001417460328056,1.0,100.0,0.974716652136007,1.0,0.9019275835599392,0.025283347863993024,3,3,-0.4744896666325251
2026-01-21,431.4400024414063,0.0290757362943501,0.0001423809547272,1.0,100.0,0.974716652136007,1.0,0.940230605323994,0.025283347863993024,3,3,-0.51279268839658
2026-01-22,449.3599853515625,0.0415352837213789,0.0001423809547272,1.0,100.0,0.974716652136007,1.0,0.9557182759013808,0.025283347863993024,3,3,-0.5282803589739667
2026-01-23,449.05999755859375,-0.0006675890216037,0.000142142857824,1.0,100.0,0.974716652136007,1.0,0.9597514473930084,0.025283347863993024,3,3,-0.5323135304655944
2026-01-26,435.2000122070313,-0.0308644400011469,0.0001418650812572,1.0,100.0,0.974716652136007,1.0,0.9551697364845996,0.025283347863993024,3,3,-0.5277318195571855
2026-01-27,430.8999938964844,-0.0098805565026072,0.0001416666640175,1.0,100.0,0.974716652136007,1.0,0.9371665852966558,0.025283347863993024,3,3,-0.5097286683692417
2026-01-28,431.4599914550781,0.0012995998294869,0.000142142857824,1.0,100.0,0.974716652136007,1.0,0.9280216761306188,0.025283347863993024,3,3,-0.5005837592032047
2026-01-29,416.55999755859375,-0.0345338946636393,0.0001420634890359,1.0,100.0,0.974716652136007,1.0,0.8984615873646523,0.025283347863993024,3,3,-0.47102367043723825
2026-01-30,430.4100036621094,0.0332485264660284,0.0001417460328056,1.0,100.0,0.974716652136007,1.0,0.9221553750296396,0.025283347863993024,3,3,-0.49471745810222556
2026-02-02,421.80999755859375,-0.0199809624087339,0.0001419841297089,1.0,100.0,0.974716652136007,1.0,0.9241032970096548,0.025283347863993024,3,3,-0.4966653800822407
2026-02-03,421.9599914550781,0.0003555958781265,0.0001424603140543,1.0,100.0,0.974716652136007,1.0,0.9310019469887328,0.025283347863993024,3,3,-0.5035640300613188
2026-02-04,406.010009765625,-0.0377997488208574,0.000142658731294,1.0,100.0,0.974716652136007,1.0,0.9004391301145688,0.025283347863993024,3,3,-0.4730012131871547
2026-02-05,397.2099914550781,-0.0216743875739093,0.0001419841297089,1.0,100.0,0.974716652136007,1.0,0.8920103367750676,0.025283347863993024,3,3,-0.4645724198476535
2026-02-06,411.1099853515625,0.0349940691208829,0.0001424603140543,1.0,100.0,0.974716652136007,1.0,0.9416993009427348,0.025283347863993024,3,3,-0.5142613840153207
2026-02-09,417.3200073242188,0.0151055002163125,0.0001425793625059,1.0,100.0,0.974716652136007,1.0,0.9577077411917576,0.025283347863993024,3,3,-0.5302698242643435
2026-02-10,425.2099914550781,0.018906316477488,0.0001424603140543,1.0,100.0,0.974716652136007,1.0,0.966374456776936,0.025283347863993024,3,3,-0.538936539849522
2026-02-11,428.2699890136719,0.0071964385129388,0.0001428571390727,1.0,100.0,0.974716652136007,1.0,0.964251083215821,0.025283347863993024,3,3,-0.5368131662884069
2026-02-12,417.0700073242188,-0.0261516846306396,0.0001427777797456,1.0,100.0,0.974716652136007,1.0,0.954938462056778,0.025283347863993024,3,3,-0.527500545129364
2026-02-13,417.4400024414063,0.0008871295242764,0.0001425793625059,1.0,100.0,0.974716652136007,1.0,0.9543721902724634,0.025283347863993024,3,3,-0.5269342733450494
2026-02-17,410.6300048828125,-0.0163137157885334,0.0001425793625059,1.0,100.0,0.974716652136007,1.0,0.9485909343837692,0.025283347863993024,3,3,-0.5211530174563551
2026-02-18,411.3200073242188,0.0016803507615164,0.0001429761875243,1.0,100.0,0.974716652136007,1.0,0.9460386408978396,0.025283347863993024,3,3,-0.5186007239704256
2026-02-19,411.7099914550781,0.0009481282794783,0.000142658731294,1.0,100.0,0.974716652136007,1.0,0.9478756542346576,0.025283347863993024,3,3,-0.5204377373072435
2026-02-20,411.8200073242188,0.0002672169037041,0.000142658731294,1.0,100.0,0.974716652136007,1.0,0.9475338253503456,0.025283347863993024,3,3,-0.5200959084229315
2026-02-23,399.8299865722656,-0.0291147116184514,0.0001423809547272,1.0,100.0,0.974716652136007,1.0,0.9281990903948868,0.025283347863993024,3,3,-0.5007611734674727
2026-02-24,409.3800048828125,0.0238851977872369,0.0001423809547272,1.0,100.0,0.974716652136007,1.0,0.9529286302424312,0.025283347863993024,3,3,-0.5254907133150172
2026-02-25,417.3999938964844,0.0195905733499799,0.0001423809547272,1.0,100.0,0.974716652136007,1.0,0.9593249132869132,0.025283347863993024,3,3,-0.5318869963594991
2026-02-26,408.5799865722656,-0.021130827631028,0.0001423809547272,1.0,100.0,0.974716652136007,1.0,0.9533043159736184,0.025283347863993024,3,3,-0.5258663990462044
2026-02-27,402.510009765625,-0.0148562754078191,0.0001419841297089,1.0,100.0,0.974716652136007,1.0,0.9435731207619528,0.025283347863993024,3,3,-0.5161352038345387
2026-03-02,403.3200073242188,0.0020123662491411,0.0001424603140543,1.0,100.0,0.974716652136007,1.0,0.942642747945864,0.025283347863993024,3,3,-0.5152048310184499
2026-03-03,392.4299926757813,-0.0270009284207993,0.000142658731294,1.0,100.0,0.974716652136007,1.0,0.9220847099700468,0.025283347863993024,3,3,-0.4946467930426327
2026-03-04,405.9400024414063,0.0344265474550176,0.000142658731294,1.0,100.0,0.974716652136007,1.0,0.9518933058896912,0.025283347863993024,3,3,-0.5244553889622772
2026-03-05,405.5499877929688,-0.0009607691927178,0.0001423809547272,1.0,100.0,0.974716652136007,1.0,0.94931717716799,0.025283347863993024,3,3,-0.521879260240576
2026-03-06,396.7300109863281,-0.0217481865913486,0.0001416666640175,1.0,100.0,0.974716652136007,1.0,0.941620274784311,0.025283347863993024,3,3,-0.5141823578568969
2026-03-09,398.6799926757813,0.0049151353198746,0.0001425793625059,1.0,100.0,0.974716652136007,1.0,0.9405264969325898,0.025283347863993024,3,3,-0.5130885800051758
2026-03-10,399.239990234375,0.0014046291985589,0.000142658731294,1.0,100.0,0.974716652136007,1.0,0.9466944675714442,0.025283347863993024,3,3,-0.5192565506440301
2026-03-11,407.8200073242188,0.0214908759135248,0.0001428571390727,1.0,100.0,0.974716652136007,1.0,0.9570279227147972,0.025283347863993024,3,3,-0.5295900057873831
2026-03-12,395.010009765625,-0.0314109100302423,0.0001430555563124,1.0,100.0,0.974716652136007,1.0,0.942650444443138,0.025283347863993024,3,3,-0.5152125275157239
2026-03-13,391.2000122070313,-0.0096453190157239,0.0001429761875243,1.0,100.0,0.974716652136007,1.0,0.9311989987419896,0.025283347863993024,3,3,-0.5037610818145756
2026-03-16,395.55999755859375,0.0111451564813731,0.0001430555563124,1.0,100.0,0.974716652136007,1.0,0.9322556062818824,0.025283347863993024,3,3,-0.5048176893544684
2026-03-17,399.2699890136719,0.009379086555709,0.0001430555563124,1.0,100.0,0.974716652136007,1.0,0.9445728960289068,0.025283347863993024,3,3,-0.5171349791014928
2026-03-18,392.7799987792969,-0.0162546407517565,0.0001432539640911,1.0,100.0,0.974716652136007,1.0,0.9276733795760984,0.025283347863993024,3,3,-0.5002354626486843
2026-03-19,380.2999877929688,-0.031773539959046,0.0001433333328792,1.0,100.0,0.974716652136007,1.0,0.901306625781408,0.025283347863993024,3,3,-0.4738687088539939
2026-03-20,367.9599914550781,-0.0324480587272815,0.0001435714297824,1.0,100.0,0.974716652136007,1.0,0.8732728544981071,0.025283347863993024,3,3,-0.44583493757069304
2026-03-23,380.8500061035156,0.0350310222518068,0.0001433333328792,1.0,100.0,0.974716652136007,1.0,0.9197576343407678,0.025283347863993024,3,3,-0.4923197174133538
2026-03-24,383.0299987792969,0.0057240190123266,0.0001436507891094,1.0,100.0,0.974716652136007,1.0,0.9284924234657692,0.025283347863993024,3,3,-0.5010545065383551
2026-03-25,385.9500122070313,0.0076234588336172,0.0001436507891094,1.0,100.0,0.974716652136007,1.0,0.9232344737818472,0.025283347863993024,3,3,-0.49579655685443313
2026-03-26,372.1099853515625,-0.035859635750043,0.0001436507891094,1.0,100.0,0.974716652136007,1.0,0.8907985124322025,0.025283347863993024,3,3,-0.4633605955047885
2026-03-27,361.8299865722656,-0.0276262373598615,0.0001431349251005,1.0,100.0,0.974716652136007,1.0,0.8691034767288932,0.025283347863993024,3,3,-0.44166555980147915
2026-03-30,355.2799987792969,-0.0181023907250444,0.0001427777797456,1.0,100.0,0.9661016949152542,1.0,0.8563293951239771,0.03389830508474576,3,3,-0.42889147819656304
2026-03-31,371.75,0.0463578058919507,0.0001428571390727,1.0,100.0,0.974716652136007,1.0,0.9126728584380364,0.025283347863993024,3,3,-0.4852349415106223
2026-04-01,381.260009765625,0.0255817344065232,0.0001430555563124,1.0,100.0,0.974716652136007,1.0,0.9347298574279986,0.025283347863993024,3,3,-0.5072919405005846
2026-04-02,360.5899963378906,-0.0542150052412814,0.0001431349251005,1.0,100.0,0.974716652136007,1.0,0.8955309994339261,0.025283347863993024,3,3,-0.46809308250651205
2026-04-06,352.82000732421875,-0.0215479882763885,0.0001437698375611,1.0,100.0,0.974716652136007,1.0,0.8786968705247876,0.025283347863993024,3,3,-0.45125895359737356
2026-04-07,346.6499938964844,-0.0174877084622486,0.0001434523813308,1.0,100.0,0.974716652136007,1.0,0.8764264660708346,0.025283347863993024,3,3,-0.44898854914342057
2026-04-08,343.25,-0.0098081464195832,0.0001428571390727,1.0,100.0,0.974716652136007,1.0,0.8691584710596019,0.025283347863993024,3,3,-0.4417205541321878
2026-04-09,345.6199951171875,0.0069045742671158,0.0001423809547272,1.0,100.0,0.974716652136007,1.0,0.8859225489369511,0.025283347863993024,3,3,-0.45848463200953704
2026-04-10,348.95001220703125,0.0096349086768392,0.0001425793625059,1.0,100.0,0.974716652136007,1.0,0.9032147060770388,0.025283347863993024,3,3,-0.47577678914962473
2026-04-13,352.4200134277344,0.009944121218842,0.0001429761875243,1.0,100.0,0.974716652136007,1.0,0.9134540078852328,0.025283347863993024,3,3,-0.4860160909578187
2026-04-14,364.2000122070313,0.0334260210273571,0.0001433333328792,1.0,100.0,0.974716652136007,1.0,0.9369728319404762,0.025283347863993024,3,3,-0.5095349150130621
2026-04-15,391.9500122070313,0.0761943961282058,0.0001433333328792,1.0,100.0,0.974716652136007,1.0,0.8934353978712434,0.025283347863993024,3,3,-0.4659974809438293
2026-04-16,388.8999938964844,-0.0077816512707132,0.0001432539640911,1.0,100.0,0.974716652136007,1.0,0.9228641332318878,0.025283347863993024,3,3,-0.4954262163044737
2026-04-17,400.6199951171875,0.0301362854323488,0.0001428571390727,1.0,100.0,0.974716652136007,1.0,0.886914902279912,0.025283347863993024,3,3,-0.4594769853524979
2026-04-20,392.5,-0.0202685717541688,0.0001427777797456,1.0,100.0,0.974716652136007,1.0,0.9363628840957184,0.025283347863993024,3,3,-0.5089249671683044
2026-04-21,386.4200134277344,-0.0154904116490843,0.0001427777797456,1.0,100.0,0.974716652136007,1.0,0.9491704861837575,0.025283347863993024,3,3,-0.5217325692563435
2026-04-22,387.510009765625,0.0028207553957204,0.000142658731294,1.0,100.0,0.974716652136007,1.0,0.9458301738386652,0.025283347863993024,3,3,-0.5183922569112511
2026-04-23,373.7200012207031,-0.0355861995752377,0.000142658731294,1.0,100.0,0.974716652136007,1.0,0.9434326852884316,0.025283347863993024,3,3,-0.5159947683610175
2026-04-24,376.2999877929688,0.0069035282132037,0.0001425793625059,1.0,100.0,0.974716652136007,1.0,0.946644518948427,0.025283347863993024,3,3,-0.519206602021013
2026-04-27,378.6700134277344,0.0062982346841571,0.0001424603140543,1.0,100.0,0.974716652136007,1.0,0.9566877227107884,0.025283347863993024,3,3,-0.5292498057833743
2026-04-28,376.0199890136719,-0.0069982420579712,0.0001424603140543,1.0,100.0,0.974716652136007,1.0,0.9518292618389024,0.025283347863993024,3,3,-0.5243913449114883
2026-04-29,372.7999877929688,-0.0085633777851793,0.0001424603140543,1.0,100.0,0.974716652136007,1.0,0.946416247411615,0.025283347863993024,3,3,-0.518978330484201
2026-04-30,381.6300048828125,0.0236856689350197,0.0001422619062756,1.0,100.0,0.974716652136007,1.0,0.957557539792296,0.025283347863993024,3,3,-0.5301196228648819
2026-05-01,390.8200073242188,0.0240809221597455,0.0001418650812572,1.0,100.0,0.974716652136007,1.0,0.9512607634130914,0.025283347863993024,3,3,-0.5238228464856773
2026-05-04,392.510009765625,0.0043242475045659,0.0001424603140543,1.0,100.0,0.974716652136007,1.0,0.9503115691096056,0.025283347863993024,3,3,-0.5228736521821915
2026-05-05,389.3699951171875,-0.0079998333044104,0.0001428571390727,1.0,100.0,0.974716652136007,1.0,0.951937020489371,0.025283347863993024,3,3,-0.524499103561957
2026-05-06,398.7300109863281,0.024038873016714,0.0001428571390727,1.0,100.0,0.974716652136007,1.0,0.9401910583053176,0.025283347863993024,3,3,-0.5127531413779035
2026-05-07,411.7900085449219,0.0327539869052935,0.0001427777797456,1.0,100.0,0.974716652136007,1.0,0.8969491393092184,0.025283347863993024,3,3,-0.4695112223818043
2026-05-08,428.3500061035156,0.0402146657640121,0.000142658731294,1.0,100.0,0.9442675159235668,1.0,0.8102416729142973,0.05573248407643312,3,3,-0.3828037559868832
2026-05-11,445.0,0.0388700680733986,0.0001428571390727,1.0,100.0,0.8888888888888888,1.0,0.7163571107425047,0.1111111111111111,3,3,-0.2889191938150907
2026-05-12,433.4500122070313,-0.0259550287482442,0.0001429761875243,1.0,100.0,0.954954954954955,1.0,0.8418304547879132,0.04504504504504504,3,3,-0.4143925378604991
2026-05-13,445.2699890136719,0.0272695269898732,0.0001428571390727,1.0,100.0,0.9442675159235668,1.0,0.7789793838948277,0.05573248407643312,3,3,-0.3515414669674136
2026-05-14,443.2999877929688,-0.0044242847470292,0.0001423809547272,1.0,100.0,0.9442675159235668,1.0,0.8276757355639297,0.05573248407643312,3,3,-0.40023781863651564
2026-05-15,422.239990234375,-0.04750732717915,0.0001423809547272,1.0,100.0,0.974716652136007,1.0,0.9530557885030668,0.025283347863993024,3,3,-0.5256178715756528
2026-05-18,409.989990234375,-0.0290119370105146,0.0001415873046905,1.0,100.0,0.974716652136007,1.0,0.9630052156392284,0.025283347863993024,3,3,-0.5355672987118143
2026-05-19,404.1099853515625,-0.0143418254661562,0.0001418650812572,1.0,100.0,0.974716652136007,1.0,0.9639853559225264,0.025283347863993024,3,3,-0.5365474389951124
2026-05-20,417.260009765625,0.0325407064678751,0.0001411507905475,1.0,100.0,0.974716652136007,1.0,0.9642249436908312,0.025283347863993024,3,3,-0.5367870267634172
2026-05-21,417.8500061035156,0.0014139776735901,0.000142142857824,1.0,100.0,0.974716652136007,1.0,0.9643148260882994,0.025283347863993024,3,3,-0.5368769091608854
2026-05-22,426.010009765625,0.0195285474283033,0.0001422619062756,1.0,100.0,0.974716652136007,1.0,0.9473223011157844,0.025283347863993024,3,3,-0.5198843841883704
2026-05-26,433.5899963378906,0.0177929776261263,0.000142142857824,1.0,100.0,0.974716652136007,1.0,0.9206168934197404,0.025283347863993024,3,3,-0.49317897649232634
2026-05-27,440.3599853515625,0.01561380352603,0.0001422619062756,1.0,100.0,0.974716652136007,1.0,0.8964580105476935,0.025283347863993024,3,3,-0.4690200936202794
2026-05-28,442.1000061035156,0.0039513598188627,0.0001424603140543,1.0,100.0,0.974716652136007,1.0,0.8935077643401709,0.025283347863993024,3,3,-0.4660698474127568
2026-05-29,435.7900085449219,-0.0142727832424329,0.0001423809547272,1.0,100.0,0.974716652136007,1.0,0.9279494757110976,0.025283347863993024,3,3,-0.5005115587836836
2026-06-01,415.8800048828125,-0.0456871503974763,0.0001436507891094,1.0,100.0,0.974716652136007,1.0,0.9587877172681502,0.025283347863993024,3,3,-0.5313498003407361
2026-06-02,423.739990234375,0.0188996471561004,0.0001435714297824,1.0,100.0,0.974716652136007,1.0,0.957289151127448,0.025283347863993024,3,3,-0.5298512342000339
2026-06-03,423.7000122070313,-9.434565598021027e-05,0.0001437698375611,1.0,100.0,0.974716652136007,1.0,0.9583984074535932,0.025283347863993024,3,3,-0.5309604905261791
2026-06-04,418.4500122070313,-0.0123908422203082,0.0001436507891094,1.0,100.0,0.974716652136007,1.0,0.95827432501586,0.025283347863993024,3,3,-0.5308364080884459
2026-06-05,391.0,-0.0655992625313873,0.0001438492063492,1.0,100.0,0.974716652136007,1.0,0.9075374890802074,0.025283347863993024,3,3,-0.4800995721527933
2026-06-08,408.9500122070313,0.0459079596087756,0.0001439682548008,1.0,100.0,0.974716652136007,1.0,0.9602213221501612,0.025283347863993024,3,3,-0.5327834052227471
2026-06-09,396.6799926757813,-0.0300037147939692,0.0001442460313675,1.0,100.0,0.974716652136007,1.0,0.9393058169131794,0.025283347863993024,3,3,-0.5118678999857653
2026-06-10,381.5899963378906,-0.0380407295969277,0.0001442460313675,1.0,100.0,0.974716652136007,1.0,0.9005530235242707,0.025283347863993024,3,3,-0.4731151065968566
2026-06-11,399.1499938964844,0.0460179714539599,0.0001437698375611,1.0,100.0,0.974716652136007,1.0,0.957916993198522,0.025283347863993024,3,3,-0.5304790762711079
2026-06-12,406.4299926757813,0.0182387545800262,0.0001435714297824,1.0,100.0,0.974716652136007,1.0,0.9674958863167188,0.025283347863993024,3,3,-0.5400579693893047
2026-06-15,411.1499938964844,0.0116133191589242,0.0001435714297824,1.0,100.0,0.974716652136007,1.0,0.9682666308838191,0.025283347863993024,3,3,-0.5408287139564051
2026-06-16,404.6600036621094,-0.0157849697937949,0.0001440476235889,1.0,100.0,0.974716652136007,1.0,0.967205300910834,0.025283347863993024,3,3,-0.53976738398342
2026-06-17,396.3800048828125,-0.020461618900717,0.000144722225174,1.0,100.0,0.974716652136007,1.0,0.9547160920900996,0.025283347863993024,3,3,-0.5272781751626855
2026-06-18,400.489990234375,0.0103688009004834,0.0001451587298559,1.0,100.0,0.974716652136007,1.0,0.9637134514575676,0.025283347863993024,3,3,-0.5362755345301535
2026-06-22,405.0499877929688,0.0113860462677861,0.0001460317486808,1.0,100.0,0.974716652136007,1.0,0.9668281436529838,0.025283347863993024,3,3,-0.5393902267255697
2026-06-23,381.6099853515625,-0.0578694066110849,0.0001464285736992,1.0,100.0,0.974716652136007,1.0,0.923336588117523,0.025283347863993024,3,3,-0.4958986711901089
2026-06-24,375.5299987792969,-0.0159324619523894,0.0001464285736992,1.0,100.0,0.974716652136007,1.0,0.9106713077203682,0.025283347863993024,3,3,-0.48323339079295413
2026-06-25,375.1199951171875,-0.0010918000251435,0.0001460317486808,1.0,100.0,0.974716652136007,1.0,0.9163964734527684,0.025283347863993024,3,3,-0.48895855652535436
2026-06-26,379.7099914550781,0.0122360748497469,0.0001453571470956,1.0,100.0,0.974716652136007,1.0,0.9342155881965726,0.025283347863993024,3,3,-0.5067776712691585
2026-06-29,411.8399963378906,0.0846172226326935,0.0001460317486808,1.0,100.0,0.974716652136007,1.0,0.9393051117292938,0.025283347863993024,3,3,-0.5118671948018797
2026-06-30,420.6000061035156,0.0212704201717162,0.0001480952425608,1.0,100.0,0.974716652136007,1.0,0.9121175590213432,0.025283347863993024,3,3,-0.4846796420939291
2026-07-01,425.2999877929688,0.0111744689045403,0.0001468253987176,1.0,100.0,0.974716652136007,1.0,0.9039744727264216,0.025283347863993024,3,3,-0.47653655579900756
2026-07-02,393.4500122070313,-0.0748882588763245,0.0001455555548743,1.0,100.0,0.974716652136007,1.0,0.9551322886300186,0.025283347863993024,3,3,-0.5276943717026046
2026-07-06,419.7699890136719,0.0668953513535313,0.0001464285736992,1.0,100.0,0.974716652136007,1.0,0.921730164245072,0.025283347863993024,3,3,-0.494292247317658
2026-07-07,402.8999938964844,-0.0401886641701726,0.000147817456533,1.0,100.0,0.974716652136007,1.0,0.959220344454674,0.025283347863993024,3,3,-0.5317824275272599
2026-07-08,394.05999755859375,-0.0219409195130487,0.0001477380972059,1.0,100.0,0.974716652136007,1.0,0.9534266397397388,0.025283347863993024,3,3,-0.5259887228123248
2026-07-09,406.5499877929688,0.0316956562750774,0.0001461111080078,1.0,100.0,0.974716652136007,1.0,0.9601724927212292,0.025283347863993024,3,3,-0.5327345757938151
2026-07-10,407.760009765625,0.0029763178181974,0.0001466269814778,1.0,100.0,0.974716652136007,1.0,0.960908948701826,0.025283347863993024,3,3,-0.5334710317744119
2026-07-13,394.760009765625,-0.0318814981573897,0.0001479365049846,1.0,100.0,0.974716652136007,1.0,0.9559765179638235,0.025283347863993024,3,3,-0.5285386010364095
2026-07-14,396.1799926757813,0.0035970789214423,0.0001468253987176,1.0,100.0,0.974716652136007,1.0,0.9554262834030268,0.025283347863993024,3,3,-0.5279883664756128
2026-07-15,394.4599914550781,-0.0043414641135368,0.0001463492049111,1.0,100.0,0.974716652136007,1.0,0.9507777300989362,0.025283347863993024,3,3,-0.5233398131715221
2026-07-16,391.05999755859375,-0.0086193631043354,0.0001467063502659,1.0,100.0,0.974716652136007,1.0,0.9498215515351344,0.025283347863993024,3,3,-0.5223836346077203
2026-07-17,380.8399963378906,-0.0261341003541837,0.0001471031752843,1.0,100.0,0.974716652136007,1.0,0.9305132562757572,0.025283347863993024,3,3,-0.5030753393483431
2026-07-20,369.5700073242188,-0.0295924512184713,0.0001470238064962,1.0,100.0,0.974716652136007,1.0,0.8986852261392125,0.025283347863993024,3,3,-0.47124730921179847
2026-07-21,378.9299926757813,0.0253266909274678,0.0001480158737727,1.0,100.0,0.974716652136007,1.0,0.931442427099278,0.025283347863993024,3,3,-0.504004510171864
2026-07-22,374.010009765625,-0.0129838835807487,0.0001486111065698,1.0,100.0,0.974716652136007,1.0,0.9173958392936504,0.025283347863993024,3,3,-0.48995792236623636
2026-07-23,319.69000244140625,-0.1452367741661744,0.0001507936489014,1.0,100.0,0.9442675159235668,1.0,0.7780385243175163,0.05573248407643312,3,3,-0.35060060739010224
2026-07-24,313.0299987792969,-0.0208326929564525,0.0001509920661411,1.0,100.0,0.9442675159235668,1.0,0.7781986988042405,0.05573248407643312,3,3,-0.35076078187682647
2026-07-27,309.2200012207031,-0.0121713496260784,0.0001506746004498,1.0,100.0,0.9442675159235668,1.0,0.7841144072339354,0.05573248407643312,3,3,-0.3566764903065214
2026-07-28,307.44000244140625,-0.0057564154073798,0.0001492063488279,1.0,100.0,0.9442675159235668,1.0,0.7957321577952852,0.05573248407643312,3,3,-0.3682942408678711
2026-07-29,298.32000732421875,-0.0296643086285612,0.0001451587298559,1.0,100.0,0.9442675159235668,1.0,0.7830755783231121,0.05573248407643312,3,3,-0.3556376613956981
2026-07-30,308.8500061035156,0.0352976619762974,0.0001458333314411,1.0,100.0,0.9442675159235668,1.0,0.8272007073404162,0.05573248407643312,3,3,-0.3997627904130021
2026-07-31,311.2099914550781,0.0076412022176599,0.0001461111080078,1.0,100.0,0.954954954954955,1.0,0.8448230918315213,0.04504504504504504,3,3,-0.4173851749041072
2026-08-03,322.0799865722656,0.0349281688109186,0.0001468253987176,1.0,100.0,0.974716652136007,1.0,0.882588188410719,0.025283347863993024,3,3,-0.4551502714833049
2026-08-04,327.3500061035156,0.0163624557593167,0.0001480158737727,1.0,100.0,0.974716652136007,1.0,0.8987298693415331,0.025283347863993024,3,3,-0.47129195241411903
2026-08-05,321.54998779296875,-0.0177180944017235,0.000147817456533,1.0,100.0,0.974716652136007,1.0,0.8873336693407574,0.025283347863993024,3,3,-0.45989575241334335
2026-08-06,319.5299987792969,-0.0062820372892454,0.0001480952425608,1.0,100.0,0.974716652136007,1.0,0.8863807405976969,0.025283347863993024,3,3,-0.45894282367028283
2026-08-07,328.5799865722656,0.0283228110898585,0.0001472222237359,1.0,100.0,0.974716652136007,1.0,0.9076974120954974,0.025283347863993024,3,3,-0.4802594951680833
2026-08-10,330.8800048828125,0.006999873408422,0.0001475396799662,1.0,100.0,0.974716652136007,1.0,0.9135500152552108,0.025283347863993024,3,3,-0.4861120983277968
2026-08-11,332.8099975585937,0.0058329081458541,0.0001480158737727,1.0,100.0,0.974716652136007,1.0,0.9168520199701028,0.025283347863993024,3,3,-0.48941410304268873
2026-08-12,327.510009765625,-0.01592496569168,0.0001471031752843,1.0,100.0,0.974716652136007,1.0,0.9101505951081612,0.025283347863993024,3,3,-0.48271267818074715
2026-08-13,339.9599914550781,0.0380140493976433,0.0001470238064962,1.0,100.0,0.974716652136007,1.0,0.9240865160776756,0.025283347863993024,3,3,-0.4966485991502615
2026-08-14,342.2699890136719,0.0067949100384037,0.0001467063502659,1.0,100.0,0.974716652136007,1.0,0.9265762011858296,0.025283347863993024,3,3,-0.49913828425841555
2026-08-17,339.29998779296875,-0.0086773638239854,0.0001469444471692,1.0,100.0,0.974716652136007,1.0,0.9274701836003726,0.025283347863993024,3,3,-0.5000322666729585
2026-08-18,336.8699951171875,-0.0071617823849259,0.0001470238064962,1.0,100.0,0.974716652136007,1.0,0.9276823871565312,0.025283347863993024,3,3,-0.5002444702291171
2026-08-19,351.1199951171875,0.0423011850463048,0.0001468253987176,1.0,100.0,0.974716652136007,1.0,0.9251957167476348,0.025283347863993024,3,3,-0.4977577998202207
2026-08-20,345.1300048828125,-0.0170596671157272,0.0001469444471692,1.0,100.0,0.974716652136007,1.0,0.9336689964814722,0.025283347863993024,3,3,-0.5062310795540581
2026-08-21,362.8599853515625,0.0513718894848627,0.0001472222237359,1.0,100.0,0.974716652136007,1.0,0.8997192693878809,0.025283347863993024,3,3,-0.4722813524604669
2026-08-24,348.95001220703125,-0.038334271361044,0.0001469444471692,1.0,100.0,0.974716652136007,1.0,0.940855137782998,0.025283347863993024,3,3,-0.513417220855584
