Date,close,ret,rf,state,lam,p_bear,raw_state
2019-01-02,29.002281188964844,0.0024753425006140972,9.384920672764854e-05,1.0,10.0,0.7783731426472115,1.0
2019-01-03,27.89077377319336,-0.03832482722753561,9.345238170926534e-05,1.0,10.0,0.7184339359803532,1.0
2019-01-04,29.16611671447754,0.045726337736457845,9.357143016088577e-05,1.0,10.0,0.7438183943651251,1.0
2019-01-07,29.85283851623535,0.023545191445282,9.337301292116682e-05,1.0,10.0,0.669542424948078,1.0
2019-01-08,30.12752723693848,0.009201427212817359,9.523809902251714e-05,1.0,10.0,0.6370576124518607,1.0
2019-01-09,30.77501106262207,0.021491436074107417,9.484127400413391e-05,1.0,10.0,0.5315130145312313,1.0
2019-01-10,30.765199661254883,-0.00031881065281258447,9.424603174603175e-05,1.0,10.0,0.5476926479912724,1.0
2019-01-11,30.755390167236328,-0.0003188503285063149,9.404761450631278e-05,1.0,10.0,0.5646853687489021,1.0
2019-01-14,30.31392288208008,-0.014354143542179454,9.365078948792958e-05,1.0,10.0,0.6887429621996578,1.0
2019-01-15,31.04675674438477,0.024174827690740752,9.456348797631641e-05,1.0,10.0,0.5245973505209061,1.0
2019-01-16,31.0202693939209,-0.0008531438785038814,9.376983793955e-05,1.0,10.0,0.5495531095406957,1.0
2019-01-17,31.118371963500977,0.00316253119321086,9.345238170926534e-05,1.0,10.0,0.5429021986178245,1.0
2019-01-18,31.28514862060547,0.005359427456555377,9.317460514250255e-05,1.0,10.0,0.5184094834885243,1.0
2019-01-22,30.28449440002441,-0.031984959787660805,9.305555669088211e-05,1.0,10.0,0.7709108613198908,1.0
2019-01-23,30.323734283447266,0.0012957087182814409,9.337301292116682e-05,1.0,10.0,0.7731982976934032,1.0
2019-01-24,30.88684844970703,0.018570079825793506,9.14682566173493e-05,1.0,10.0,0.6440694716197081,1.0
2019-01-25,31.56964683532715,0.022106444000977277,9.238095510573614e-05,1.0,10.0,0.46880795452921126,1.0
2019-01-28,30.99083709716797,-0.01833437482460143,9.257936288440038e-05,1.0,10.0,0.6406365348265783,1.0
2019-01-29,31.213529586791992,0.007185752644428334,9.384920672764854e-05,1.0,10.0,0.586605561154217,1.0
2019-01-30,31.9326286315918,0.023038056071175372,9.384920672764854e-05,1.0,10.0,0.42031273190101454,1.0
2019-01-31,32.6291618347168,0.02181258584004886,9.285713945116316e-05,1.0,10.0,0.36235834482555107,1.0
2019-02-01,32.697837829589844,0.0021047428438685234,9.285713945116316e-05,1.0,10.0,0.35145953799974006,1.0
2019-02-04,33.027462005615234,0.010080916595870404,9.265873167249892e-05,1.0,10.0,0.33628524748585104,1.0
2019-02-05,33.45322799682617,0.012891271849424957,9.384920672764854e-05,1.0,10.0,0.32773630855860947,1.0
2019-02-06,33.56114196777344,0.0032258163833249753,9.384920672764854e-05,1.0,10.0,0.3140249842771225,1.0
2019-02-07,32.48691177368164,-0.032008153808452344,9.345238170926534e-05,1.0,10.0,0.39730285088237643,1.0
2019-02-08,32.64583969116211,0.004892059872838361,9.384920672764854e-05,1.0,10.0,0.3695300656182027,1.0
2019-02-11,33.01176834106445,0.011209043889332415,9.424603174603175e-05,1.0,10.0,0.3195585322786876,1.0
2019-02-12,33.72301483154297,0.02154524056785445,9.436508019765218e-05,1.0,10.0,0.2982851855328048,1.0
2019-02-13,33.89469909667969,0.005091011761384268,9.416666295793321e-05,1.0,10.0,0.2872411927416787,1.0
2019-02-14,33.89567565917969,2.8811658637772908e-05,9.416666295793321e-05,1.0,10.0,0.27755409524734176,1.0
2019-02-15,34.26749038696289,0.010969385343481353,9.404761450631278e-05,1.0,10.0,0.2786896198937534,1.0
2019-02-19,34.3165397644043,0.0014313676574362333,9.416666295793321e-05,1.0,10.0,0.2638006214334169,1.0
2019-02-20,34.45388412475586,0.004002278822238026,9.456348797631641e-05,1.0,10.0,0.25739637006690785,1.0
2019-02-21,34.00260925292969,-0.01309793897814615,9.503968178279817e-05,1.0,10.0,0.24180468291432722,1.0
2019-02-22,34.44407653808594,0.012983335539704655,9.496031299469963e-05,1.0,10.0,0.24018420861650275,0.0
2019-02-25,34.709938049316406,0.0077186424474611215,9.496031299469963e-05,1.0,10.0,0.23571090159857483,0.0
2019-02-26,34.53236770629883,-0.005115835780671318,9.523809902251714e-05,0.0,10.0,0.22026308729314406,0.0
2019-02-27,34.669715881347656,0.0039773749722864515,9.496031299469963e-05,0.0,10.0,0.2166760902587231,0.0
2019-02-28,34.61084747314453,-0.001697977808776785,9.456348797631641e-05,0.0,10.0,0.20805154716817506,0.0
2019-03-01,34.20470428466797,-0.011734563529301023,9.436508019765218e-05,0.0,10.0,0.2472541304359209,0.0
2019-03-04,33.871150970458984,-0.009751679518495315,9.424603174603175e-05,0.0,10.0,0.3461834222820764,0.0
2019-03-05,33.87409210205078,8.683293916877943e-05,9.523809902251714e-05,0.0,10.0,0.3468738294457209,0.0
2019-03-06,33.34531784057617,-0.0156099906642988,9.543650680118137e-05,0.0,10.0,0.5589397227735946,0.0
2019-03-07,32.29560852050781,-0.03147996144727172,9.503968178279817e-05,0.0,10.0,0.6992117729391796,0.0
2019-03-08,32.364288330078125,0.0021265990243442,9.496031299469963e-05,0.0,10.0,0.7171666842015553,0.0
2019-03-11,33.17854309082031,0.025159050384106596,9.444444898575071e-05,0.0,10.0,0.5653068701131492,0.0
2019-03-12,33.19816207885742,0.0005913155373762358,9.503968178279817e-05,0.0,10.0,0.5650761525116705,0.0
2019-03-13,33.423797607421875,0.006796627115335241,9.476190521603539e-05,0.0,10.0,0.47492769611043606,0.0
2019-03-14,33.35512924194336,-0.0020544752659484855,9.476190521603539e-05,0.0,10.0,0.5175706292369677,0.0
2019-03-15,33.25702667236328,-0.0029411539337319548,9.476190521603539e-05,0.0,10.0,0.569086552097356,0.0
2019-03-18,33.32569885253906,0.0020648923565029786,9.464285676441495e-05,0.0,10.0,0.5457508398511491,0.0
2019-03-19,33.61019515991211,0.00853684445244185,9.543650680118137e-05,0.0,10.0,0.42616843899624607,0.0
2019-03-20,33.60038757324219,-0.00029180391911620696,9.555555525280179e-05,0.0,10.0,0.4350492481890022,0.0
2019-03-21,34.16938781738281,0.01693433573944092,9.555555525280179e-05,0.0,10.0,0.26063067190165984,0.0
2019-03-22,32.987239837646484,-0.03459669766559115,9.51587302344186e-05,0.0,10.0,0.7033224349028804,0.0
2019-03-25,32.835182189941406,-0.004609589903655564,9.484127400413391e-05,0.0,10.0,0.7437601353360817,0.0
2019-03-26,33.16873550415039,0.010158412165325537,9.543650680118137e-05,0.0,10.0,0.6533637889706322,0.0
2019-03-27,32.835182189941406,-0.01005625656628506,9.436508019765218e-05,0.0,10.0,0.7567308664660914,0.0
2019-03-28,33.09024810791016,0.007768067693161518,9.404761450631278e-05,0.0,10.0,0.6860723409816551,0.0
2019-03-29,33.39436721801758,0.009190596248044303,9.238095510573614e-05,0.0,10.0,0.5463625100473013,0.0
2019-04-01,34.16938781738281,0.023208123522912016,9.218253786601717e-05,0.0,10.0,0.2862477027672562,0.0
2019-04-02,34.33027267456055,0.004708450090987304,9.404761450631278e-05,0.0,10.0,0.26612931116066146,0.0
2019-04-03,34.9051628112793,0.01674586573105663,9.416666295793321e-05,0.0,10.0,0.25241726737981085,0.0
2019-04-04,34.522552490234375,-0.010961424907643846,9.404761450631278e-05,0.0,10.0,0.24797232918193637,0.0
2019-04-05,35.0130729675293,0.01420869668990088,9.404761450631278e-05,0.0,10.0,0.23706345296258033,0.0
2019-04-08,34.96402359008789,-0.0014008875338332727,9.384920672764854e-05,0.0,10.0,0.22484533635493317,0.0
2019-04-09,34.542179107666016,-0.012065101184220328,9.384920672764854e-05,0.0,10.0,0.25679671815805744,0.0
2019-04-10,34.875728607177734,0.00965629581365035,9.376983793955e-05,0.0,10.0,0.2192996257129494,0.0
2019-04-11,34.5814208984375,-0.00843875441442854,9.384920672764854e-05,0.0,10.0,0.2648073046788734,0.0
2019-04-12,34.72857666015625,0.004255341680462932,9.424603174603175e-05,0.0,10.0,0.2330613917362363,0.0
2019-04-15,34.45388412475586,-0.007909697483097333,9.365078948792958e-05,0.0,10.0,0.33170279323048557,0.0
2019-04-16,34.79724884033203,0.009965921819811818,9.436508019765218e-05,0.0,10.0,0.22630076604315053,0.0
2019-04-17,34.61084747314453,-0.0053567846137149155,9.444444898575071e-05,0.0,10.0,0.2916983901900657,0.0
2019-04-18,34.65009307861328,0.0011339105608205724,9.384920672764854e-05,0.0,10.0,0.2847256433576004,0.0
2019-04-22,34.46369552612305,-0.005379424293820545,9.424603174603175e-05,0.0,10.0,0.3819957523073834,0.0
2019-04-23,34.86591720581055,0.011670880720920485,9.484127400413391e-05,0.0,10.0,0.2278950389275388,0.0
2019-04-24,34.85610580444336,-0.00028140379354635314,9.424603174603175e-05,0.0,10.0,0.23925078092186164,0.0
2019-04-25,34.071285247802734,-0.022516013723500317,9.384920672764854e-05,0.0,10.0,0.6306658474918756,0.0
2019-04-26,33.85545349121094,-0.006334711327208198,9.365078948792958e-05,0.0,10.0,0.7016093202218474,0.0
2019-04-29,34.00260925292969,0.004346589590269456,9.365078948792958e-05,0.0,10.0,0.6574514014378561,0.0
2019-04-30,33.95944595336914,-0.0012694113925044714,9.396825517926897e-05,0.0,10.0,0.6724094088084472,0.0
2019-05-01,33.6690559387207,-0.008551082224579898,9.376983793955e-05,0.0,10.0,0.7583898162538008,0.0
2019-05-02,33.924129486083984,0.0075759043504970425,9.416666295793321e-05,0.0,10.0,0.6854991263886324,0.0
2019-05-03,34.7187614440918,0.023423798047162325,9.396825517926897e-05,0.0,10.0,0.2707535592947363,0.0
2019-05-06,34.38521194458008,-0.009607183137821274,9.376983793955e-05,0.0,10.0,0.43271995244304656,0.0
2019-05-07,33.737728118896484,-0.01883029910436984,9.396825517926897e-05,0.0,10.0,0.7465271682572396,0.0
2019-05-08,33.21778106689453,-0.015411442352300297,9.404761450631278e-05,0.0,10.0,0.8073436248694712,0.0
2019-05-09,32.87441635131836,-0.01033677459926352,9.404761450631278e-05,0.0,10.0,0.7996986336651984,0.0
2019-05-10,32.952903747558594,0.0023874917017983055,9.404761450631278e-05,0.0,10.0,0.8185952985957714,0.0
2019-05-13,31.412681579589844,-0.04674010459800104,9.325396446954637e-05,0.0,10.0,0.7037258463317414,0.0
2019-05-14,32.07978439331055,0.02123673561680728,9.337301292116682e-05,0.0,10.0,0.7777773901717783,0.0
2019-05-15,32.22693634033203,0.004587061596716069,9.325396446954637e-05,0.0,10.0,0.8069410020035431,0.0
2019-05-16,32.39371871948242,0.005175247730317523,9.277778012411937e-05,0.0,10.0,0.8376077574369949,0.0
2019-05-17,31.31457901000977,-0.03331323948379006,9.246031443277995e-05,0.0,10.0,0.7489116417841911,1.0
2019-05-20,30.57880401611328,-0.02349624415072915,9.206348941439675e-05,1.0,10.0,0.7075579008339214,1.0
2019-05-21,31.118371963500977,0.017645161893950156,9.246031443277995e-05,1.0,10.0,0.7693282279453998,1.0
2019-05-22,30.559181213378903,-0.01796979452453218,9.206348941439675e-05,1.0,10.0,0.732251533292343,1.0
2019-05-23,29.705684661865234,-0.027929300381255184,9.138888782925076e-05,1.0,10.0,0.6877742484660722,1.0
2019-05-24,29.538908004760746,-0.005614301067384253,9.07936550322033e-05,1.0,10.0,0.6934584266906213,1.0
2019-05-28,29.51340103149414,-0.0008635042724833841,9.119048005058652e-05,1.0,10.0,0.7067305625163753,1.0
2019-05-29,29.244598388671875,-0.009107816565614435,9.119048005058652e-05,1.0,10.0,0.7025219699509507,1.0
2019-05-30,29.519287109375,0.009392801947641916,9.166666439601353e-05,1.0,10.0,0.7364930731348963,1.0
2019-05-31,28.78351402282715,-0.02492516448048565,9.099206281086755e-05,1.0,10.0,0.6953398319947819,1.0
2019-06-03,28.4499626159668,-0.01158827954765429,9.047618934086392e-05,1.0,10.0,0.6862046509930725,1.0
2019-06-04,29.558528900146484,0.038965474195650884,9.107143159896609e-05,1.0,10.0,0.7641566875498916,1.0
2019-06-05,29.54871940612793,-0.000331866787135926,9.067460658058289e-05,1.0,10.0,0.7709156973639738,1.0
2019-06-06,29.646821975708008,0.0033200277897571517,8.948413152543324e-05,1.0,10.0,0.7840540424300625,1.0
2019-06-07,29.91170120239257,0.008934489737267626,8.78968219908457e-05,1.0,10.0,0.7993478419142674,1.0
2019-06-10,30.44145965576172,0.017710743022759656,8.809523923056466e-05,1.0,10.0,0.7824901764161726,1.0
2019-06-11,30.493453979492188,0.001708010204452437,8.78174626638019e-05,1.0,10.0,0.7887639400573851,1.0
2019-06-12,30.09809684753418,-0.012965311578803096,8.591269689892968e-05,1.0,10.0,0.8125725407151401,1.0
2019-06-13,30.421838760375977,0.010756225368060868,8.4920639083499e-05,1.0,10.0,0.8113138703011465,1.0
2019-06-14,30.12752723693848,-0.009674350250676977,8.432539682539683e-05,1.0,10.0,0.8296544735182949,1.0
2019-06-17,30.460100173950195,0.011038839477139684,8.484127029540047e-05,1.0,10.0,0.8203292193919043,1.0
2019-06-18,31.196853637695312,0.024187493131595073,8.603174535055008e-05,1.0,10.0,0.6702705088889502,1.0
2019-06-19,31.30476951599121,0.0034591910950116933,8.432539682539683e-05,1.0,10.0,0.6656987954965184,1.0
2019-06-20,31.70895004272461,0.012911148460202915,8.246032018510122e-05,1.0,10.0,0.5705976380118897,1.0
2019-06-21,31.80509185791016,0.003032008787929197,8.154762169671437e-05,1.0,10.0,0.5654497619017596,1.0
2019-06-24,31.579456329345703,-0.0070943209210804214,8.16666701483348e-05,1.0,10.0,0.6735444409362661,1.0
2019-06-25,31.265525817871094,-0.00994097264375271,8.265872796376547e-05,1.0,10.0,0.8019850023452113,1.0
2019-06-26,31.63832092285156,0.011923519442854857,8.305555298214868e-05,1.0,10.0,0.6888256902529061,1.0
2019-06-27,32.18769836425781,0.01736430459586913,8.2738096751864e-05,1.0,10.0,0.5055759223762268,1.0
2019-06-28,33.11967849731445,0.028954544140116,8.075397165994795e-05,1.0,10.0,0.3745409145305079,1.0
2019-07-01,33.21778106689453,0.0029620628590349973,8.194444671509758e-05,1.0,10.0,0.36254541984742833,1.0
2019-07-02,32.64878463745117,-0.01712927267169062,8.523809531378367e-05,1.0,10.0,0.45083900268073224,1.0
2019-07-03,32.8646125793457,0.0066105965135057065,8.531746410188223e-05,1.0,10.0,0.408452796388584,1.0
2019-07-05,32.688026428222656,-0.005373139594958332,8.583333757188585e-05,1.0,10.0,0.4658199531082208,1.0
2019-07-08,32.540870666503906,-0.004501824606691351,8.64285703689333e-05,1.0,10.0,0.5445650429040194,1.0
2019-07-09,32.73707962036133,0.006029615982567682,8.710317195407928e-05,1.0,10.0,0.4693819767762521,1.0
2019-07-10,32.88423538208008,0.004495079079296582,8.452381406511579e-05,1.0,10.0,0.43030989729785724,1.0
2019-07-11,33.051002502441406,0.005071339455628765,8.325397022186763e-05,1.0,10.0,0.38580106641732964,1.0
2019-07-12,33.315887451171875,0.008014430083048252,8.293650453052823e-05,1.0,10.0,0.330885914540305,1.0
2019-07-15,33.45322799682617,0.004122373923119538,8.2738096751864e-05,1.0,10.0,0.3127163941510804,1.0
2019-07-16,33.51993942260742,0.0019941700629779735,8.345237800053192e-05,1.0,10.0,0.3088837978177921,1.0
2019-07-17,33.39436721801758,-0.0037461942578915775,8.226190294538226e-05,1.0,10.0,0.33820762244902425,1.0
2019-07-18,33.28350830078125,-0.0033196891114174454,7.9880952835083e-05,1.0,10.0,0.3908227851205298,1.0
2019-07-19,33.14910888671875,-0.0040380182536029485,7.9880952835083e-05,1.0,10.0,0.47828255037393697,1.0
2019-07-22,33.37474822998047,0.006806799664895946,8.035714664156477e-05,1.0,10.0,0.3857039495757211,1.0
2019-07-23,33.737728118896484,0.010875883959176935,8.06746028718494e-05,1.0,10.0,0.2862797581918864,1.0
2019-07-24,34.493125915527344,0.02239029830250372,8.095237943861221e-05,1.0,10.0,0.25419100535875466,1.0
2019-07-25,33.227596282958984,-0.036689328640947316,8.174602947537861e-05,1.0,10.0,0.5590694503561021,1.0
2019-07-26,33.52190017700195,0.008857212888249366,8.186507792699906e-05,1.0,10.0,0.421151820220036,1.0
2019-07-29,33.463043212890625,-0.0017557764864327696,8.13492044569954e-05,1.0,10.0,0.4563202972484975,1.0
2019-07-30,33.55133819580078,0.002638581982769006,8.095237943861221e-05,1.0,10.0,0.424769624126195,1.0
2019-07-31,32.43295669555664,-0.03333343945083289,8.055555442022898e-05,1.0,10.0,0.784611015768427,1.0
2019-08-01,31.540218353271484,-0.0275256539409946,8.055555442022898e-05,1.0,10.0,0.7542709426558495,1.0
2019-08-02,30.814252853393555,-0.02301713614492551,7.936507936507937e-05,1.0,10.0,0.7179267859219078,1.0
2019-08-05,29.79397773742676,-0.0331104934077423,7.749999799425638e-05,1.0,10.0,0.6720591388896929,1.0
2019-08-06,29.892078399658203,0.003292633937502343,7.916666685588778e-05,1.0,10.0,0.6980750216384428,1.0
2019-08-07,29.980371475219727,0.002953728221271268,7.809524025235857e-05,1.0,10.0,0.7232501744092334,1.0
2019-08-08,30.57880401611328,0.01996081140582895,7.817460430992973e-05,1.0,10.0,0.7934271026278285,1.0
2019-08-09,30.235441207885746,-0.011228784750593968,7.738095427316333e-05,1.0,10.0,0.773564110056192,1.0
2019-08-12,29.73511505126953,-0.016547671759647553,7.650793544829838e-05,1.0,10.0,0.7434675569966375,1.0
2019-08-13,30.416933059692383,0.022929724914373395,7.757936678235492e-05,1.0,10.0,0.8210622579612087,1.0
2019-08-14,29.342702865600582,-0.03531684775659838,7.571428541153195e-05,1.0,10.0,0.7292621822815166,1.0
2019-08-15,29.21516990661621,-0.004346326225246333,7.313492279204111e-05,1.0,10.0,0.7340493076672246,1.0
2019-08-16,29.99999237060547,0.026863525575852476,7.234126802474734e-05,1.0,10.0,0.8047713203723894,1.0
2019-08-19,30.706336975097656,0.02354482613749842,7.353174781042433e-05,1.0,10.0,0.7937943057547996,1.0
2019-08-20,30.52975273132324,-0.005750742718599877,7.539682445071991e-05,1.0,10.0,0.8216893168370186,1.0
2019-08-21,30.735769271850582,0.006748057946633024,7.650793544829838e-05,1.0,10.0,0.813077733205067,1.0
2019-08-22,30.62785530090332,-0.003511022287836285,7.690476046668159e-05,1.0,10.0,0.8326695139357886,1.0
2019-08-23,29.70372200012207,-0.030172968093981845,7.579364946910313e-05,1.0,10.0,0.7945681254254588,1.0
2019-08-26,29.92151260375977,0.007332098099921858,7.670634795749e-05,1.0,10.0,0.8212427469952019,1.0
2019-08-27,29.695873260498047,-0.00754104066361172,7.710317297587319e-05,1.0,10.0,0.809025569595254,1.0
2019-08-28,29.8430290222168,0.0049554279959331815,7.698412925478012e-05,1.0,10.0,0.8300388685079519,1.0
2019-08-29,30.52975273132324,0.02301119328722301,7.698412925478012e-05,1.0,10.0,0.8083097011264424,1.0
2019-08-30,30.686717987060547,0.005141386408159976,7.670634795749e-05,1.0,10.0,0.7930961989324203,1.0
2019-09-03,30.30411529541016,-0.012468022543555057,7.579364946910313e-05,1.0,10.0,0.8439726634470637,1.0
2019-09-04,30.72595977783203,0.01392036950459219,7.559523695991153e-05,1.0,10.0,0.793311348388997,1.0
2019-09-05,31.51078414916992,0.025542712970161308,7.619047448748634e-05,1.0,10.0,0.5695679826306974,1.0
2019-09-06,31.461732864379883,-0.0015566507186184353,7.579364946910313e-05,1.0,10.0,0.6090898041378736,1.0
2019-09-09,31.89338493347168,0.013719907639941242,7.571428541153195e-05,1.0,10.0,0.4991999142310071,1.0
2019-09-10,32.12883377075195,0.007382372168128537,7.591269792072356e-05,1.0,10.0,0.4578749749946497,1.0
2019-09-11,32.7576789855957,0.019572612542700263,7.591269792072356e-05,1.0,10.0,0.3819279666814512,1.0
2019-09-12,32.85480117797852,0.002964867945177918,7.519841194152831e-05,1.0,10.0,0.37068020888177977,1.0
2019-09-13,32.51144027709961,-0.010450859191595274,7.539682445071991e-05,1.0,10.0,0.41888651585013537,1.0
2019-09-16,32.44276428222656,-0.0021123639644294867,7.718254176397175e-05,1.0,10.0,0.4459922352479448,1.0
2019-09-17,32.51144027709961,0.002116835491440261,7.690476046668159e-05,1.0,10.0,0.43712093801901986,1.0
2019-09-18,32.23674774169922,-0.008449103855724283,7.46031744139535e-05,1.0,10.0,0.5585338111028744,1.0
2019-09-19,32.099403381347656,-0.0042604905883202315,7.472222286557397e-05,1.0,10.0,0.650583717332095,1.0
2019-09-20,31.628511428833008,-0.014669803887640942,7.341269935880388e-05,1.0,10.0,0.8305870769440962,1.0
2019-09-23,31.785476684570312,0.004962777211013902,7.321428684961227e-05,1.0,10.0,0.7943905601897738,1.0
2019-09-24,30.824064254760746,-0.03024690928345486,7.46031744139535e-05,1.0,10.0,0.8221491504072049,1.0
2019-09-25,31.2360954284668,0.013367191629910291,7.321428684961227e-05,1.0,10.0,0.8571986401312319,1.0
2019-09-26,31.30476951599121,0.0021985490370164396,7.023809448121085e-05,1.0,10.0,0.8593037912139182,1.0
2019-09-27,30.77501106262207,-0.016922611524053166,6.865079440767803e-05,1.0,10.0,0.8459248578528004,1.0
2019-09-30,31.098752975463867,0.010519635953437634,7.023809448121085e-05,1.0,10.0,0.8696084340059879,1.0
2019-10-01,30.618043899536133,-0.01545750327374873,6.956349289606488e-05,1.0,10.0,0.847167494892457,1.0
2019-10-02,30.323734283447266,-0.009612293229918745,6.884920691686963e-05,1.0,10.0,0.8244434005197273,1.0
2019-10-03,30.451271057128903,0.004205839969757763,6.607142705765981e-05,1.0,10.0,0.8499426162520589,1.0
2019-10-04,30.735769271850582,0.009342736931668316,6.567460203927661e-05,1.0,10.0,0.8696147886970732,1.0
2019-10-07,30.72595977783203,-0.000319155636931967,6.638888801847186e-05,1.0,10.0,0.87703183244119,1.0
2019-10-08,30.07847595214844,-0.021072859248834064,6.567460203927661e-05,1.0,10.0,0.827893212527941,1.0
2019-10-09,30.57586097717285,0.01653624425039668,6.460317543574742e-05,1.0,10.0,0.8819538565678071,1.0
2019-10-10,30.706336975097656,0.0042672877804557086,6.480158794493902e-05,1.0,10.0,0.8870805071357297,1.0
2019-10-11,31.27533721923828,0.018530384936571,6.440476292655581e-05,1.0,10.0,0.7597235252330948,1.0
2019-10-14,31.59907531738281,0.01035122645921116,6.420635041736421e-05,1.0,10.0,0.6381271648878695,1.0
2019-10-15,32.011112213134766,0.013039523834588174,6.420635041736421e-05,1.0,10.0,0.49667079486452653,1.0
2019-10-16,31.83452415466309,-0.005516461199346234,6.408730196574378e-05,1.0,10.0,0.5905104537481625,1.0
2019-10-17,31.89338493347168,0.0018489605348779303,6.448412698412699e-05,1.0,10.0,0.5902472292258014,1.0
2019-10-18,31.47154426574707,-0.01322658816568234,6.448412698412699e-05,1.0,10.0,0.8046597785262132,1.0
2019-10-21,31.680503845214844,0.00663963540216872,6.448412698412699e-05,1.0,10.0,0.7261711804784592,1.0
2019-10-22,31.66775131225586,-0.0004025356737156205,6.408730196574378e-05,1.0,10.0,0.7417163125129175,1.0
2019-10-23,31.61870002746582,-0.0015489348866730701,6.408730196574378e-05,1.0,10.0,0.7767102458260785,1.0
2019-10-24,32.3348503112793,0.022649580254450186,6.440476292655581e-05,1.0,10.0,0.4506355651545845,1.0
2019-10-25,33.051002502441406,0.0221479977259178,6.448412698412699e-05,1.0,10.0,0.33352976994427563,1.0
2019-10-28,33.40418243408203,0.010685906777397669,6.369047694736057e-05,1.0,10.0,0.313816328828736,1.0
2019-10-29,33.09024810791016,-0.00939805447390818,6.329365192897736e-05,1.0,10.0,0.3252545263571098,1.0
2019-10-30,32.96271133422852,-0.003854210257527635,6.329365192897736e-05,1.0,10.0,0.3435610632582673,1.0
2019-10-31,32.74688720703125,-0.006547523503418917,5.944444546623834e-05,1.0,10.0,0.41609142774693453,1.0
2019-11-01,33.37474822998047,0.019173151297702917,5.8928571996234715e-05,1.0,10.0,0.2912271544378487,1.0
2019-11-04,33.97317886352539,0.017930641136862713,5.9642857975429956e-05,1.0,10.0,0.27956969358405936,1.0
2019-11-05,33.95355987548828,-0.0005774846126681554,6.023809550300477e-05,1.0,10.0,0.262766948191583,1.0
2019-11-06,33.91333770751953,-0.0011846230002464653,6.011904705138434e-05,1.0,10.0,0.25075548658784175,1.0
2019-11-07,34.502933502197266,0.017385366187268714,6.023809550300477e-05,1.0,10.0,0.26027678065585036,1.0
2019-11-08,34.502933502197266,0.0,5.992063454219273e-05,1.0,10.0,0.24549858855485981,1.0
2019-11-11,34.51274871826172,0.00028447482773685806,6.0039682993813164e-05,1.0,10.0,0.2327655684686656,1.0
2019-11-12,34.57160949707031,0.0017054793082142972,6.0833333030579586e-05,1.0,10.0,0.2249190326439427,1.0
2019-11-13,33.81621170043945,-0.021850235138600516,6.0912697088150755e-05,1.0,10.0,0.30372164555916603,1.0
2019-11-14,33.776973724365234,-0.0011603303297781364,6.063492052138797e-05,1.0,10.0,0.3314416344050619,1.0
2019-11-15,33.9927978515625,0.006389682182852852,6.063492052138797e-05,1.0,10.0,0.26467937060208435,1.0
2019-11-18,33.89469909667969,-0.002885868804067937,6.043650801219637e-05,1.0,10.0,0.3068025774925802,1.0
2019-11-19,33.865264892578125,-0.0008684013986259842,6.051587206976755e-05,1.0,10.0,0.336053725368008,1.0
2019-11-20,33.6690559387207,-0.0057938112836206646,6.031745956057594e-05,1.0,10.0,0.4279622645406947,1.0
2019-11-21,33.60430908203125,-0.0019230374860315091,6.071428457895915e-05,1.0,10.0,0.471894019272659,1.0
2019-11-22,33.570953369140625,-0.000992602252562369,6.123015804896279e-05,1.0,10.0,0.4945539917450557,1.0
2019-11-25,34.2606201171875,0.020543555628683263,6.130952210653396e-05,1.0,10.0,0.2207647343729533,1.0
2019-11-26,34.071285247802734,-0.005526311804548545,6.210317687382774e-05,1.0,10.0,0.28157035992148727,1.0
2019-11-27,34.24786758422852,0.00518273188526619,6.210317687382774e-05,1.0,10.0,0.23559262176646448,1.0
2019-11-29,34.139949798583984,-0.003151080439654508,6.111110959734234e-05,1.0,10.0,0.2852416565635427,1.0
2019-12-02,33.82602310180664,-0.009195288763733434,6.1031745539771194e-05,1.0,10.0,0.45539682786111657,1.0
2019-12-03,33.55133819580078,-0.008120520262731912,6.1031745539771194e-05,1.0,10.0,0.6038614259542493,1.0
2019-12-04,33.50228500366211,-0.0014620338495116014,5.944444546623834e-05,1.0,10.0,0.6336536728758575,1.0
2019-12-05,33.60038757324219,0.0029282351806556584,5.924603295704674e-05,1.0,10.0,0.5877287502957935,1.0
2019-12-06,34.01241683959961,0.012262634335966416,5.873015948704311e-05,1.0,10.0,0.3795722510898702,1.0
2019-12-09,34.100711822509766,0.002595963213274377,5.944444546623834e-05,1.0,10.0,0.3469775812868809,1.0
2019-12-10,34.22824478149414,0.003739891403093498,6.011904705138434e-05,1.0,10.0,0.3275999315086736,1.0
2019-12-11,34.59122848510742,0.010604800390159985,6.031745956057594e-05,1.0,10.0,0.23734236464352268,1.0
2019-12-12,35.23282623291016,0.018547989646536145,6.071428457895915e-05,1.0,10.0,0.21649991801750704,1.0
2019-12-13,35.13079833984375,-0.0028958191543292378,6.043650801219637e-05,1.0,10.0,0.20752209062202587,0.0
2019-12-16,35.840084075927734,0.020189855329292294,6.051587206976755e-05,1.0,10.0,0.23342409380631976,0.0
2019-12-17,35.96761703491211,0.0035583889455781392,6.071428457895915e-05,0.0,10.0,0.22310146762803407,0.0
2019-12-18,36.34237289428711,0.0104192573839752,6.023809550300477e-05,0.0,10.0,0.2349832360370752,0.0
2019-12-19,36.7004508972168,0.009852906522402005,6.0833333030579586e-05,0.0,10.0,0.24484431890558597,0.0
2019-12-20,36.60136795043945,-0.0026997746445904802,6.063492052138797e-05,0.0,10.0,0.21779127762888076,0.0
2019-12-23,37.03105926513672,0.011739761073386479,6.031745956057594e-05,0.0,10.0,0.23712050632356904,0.0
2019-12-24,36.87017059326172,-0.004344695373768914,6.1031745539771194e-05,0.0,10.0,0.20699209142444674,0.0
2019-12-26,37.00260925292969,0.0035920273092571176,6.0912697088150755e-05,0.0,10.0,0.20792128029146265,0.0
2019-12-27,36.86526107788086,-0.00371185107812233,6.023809550300477e-05,0.0,10.0,0.18756415924578326,0.0
2019-12-30,36.36101150512695,-0.01367817717847264,5.9126984505426316e-05,0.0,10.0,0.1620873001085315,0.0
2019-12-31,36.4355697631836,0.0020505001090560526,5.972222203300113e-05,0.0,10.0,0.1553796450956629,0.0
2020-01-02,37.17330932617188,0.020247784453029993,5.932539701461792e-05,0.0,50.0,0.3422902605888799,1.0
2020-01-03,37.080108642578125,-0.0025071936096939806,5.845238292028033e-05,1.0,50.0,0.34044847324309846,1.0
2020-01-06,37.12523651123047,0.0012170371205579844,5.904762044785515e-05,1.0,50.0,0.33299783530184873,1.0
2020-01-07,37.5833854675293,0.012340634009435414,5.9523809523809524e-05,1.0,50.0,0.31599551277531107,1.0
2020-01-08,38.13275909423828,0.014617459813023537,5.924603295704674e-05,1.0,50.0,0.3161161198350771,1.0
2020-01-09,38.1719970703125,0.0010289833992145336,5.9523809523809524e-05,1.0,50.0,0.31041132707523184,1.0
2020-01-10,37.96598434448242,-0.0053969595945060345,5.944444546623834e-05,1.0,50.0,0.3038417112042375,1.0
2020-01-13,38.75080871582031,0.020671777247149192,5.992063454219273e-05,1.0,50.0,0.31378031707657067,1.0
2020-01-14,38.85872268676758,0.0027848185502050704,6.071428457895915e-05,1.0,50.0,0.3070581772104176,1.0
2020-01-15,38.40842819213867,-0.011587990121513791,5.984127048462156e-05,1.0,50.0,0.28522628631221747,1.0
2020-01-16,38.91758728027344,0.01325644167440787,6.023809550300477e-05,1.0,50.0,0.2879618601219171,1.0
2020-01-17,39.103981018066406,0.0047894474148824084,6.043650801219637e-05,1.0,50.0,0.2877668909152578,1.0
2020-01-21,39.19227600097656,0.0022579538095970353,5.9642857975429956e-05,1.0,50.0,0.28309628211358034,1.0
2020-01-22,39.39828872680664,0.005256462416853402,6.0039682993813164e-05,1.0,50.0,0.2821530010329877,1.0
2020-01-23,39.47677612304688,0.001992152420235316,6.011904705138434e-05,1.0,50.0,0.2764190343333378,1.0
2020-01-24,38.76061630249024,-0.018141294474614877,5.9126984505426316e-05,1.0,50.0,0.2695552339137317,1.0
2020-01-27,37.74034881591797,-0.026322272035357752,5.972222203300113e-05,1.0,50.0,0.4770077399405753,1.0
2020-01-28,38.32798385620117,0.015570471888043391,6.071428457895915e-05,1.0,50.0,0.34048735563404675,1.0
2020-01-29,38.08763122558594,-0.006270943744836388,6.031745956057594e-05,1.0,50.0,0.40048579287539926,1.0
2020-01-30,38.54479598999024,0.012002971822967945,6.063492052138797e-05,1.0,50.0,0.30303784241785414,1.0
2020-01-31,37.84237289428711,-0.018223552042811342,5.992063454219273e-05,1.0,50.0,0.491719099265662,1.0
2020-02-03,39.47677612304688,0.04318976596223201,6.023809550300477e-05,1.0,50.0,0.2968595861010384,1.0
2020-02-04,41.203392028808594,0.04373751038787832,6.1031745539771194e-05,1.0,50.0,0.3489613372648801,1.0
2020-02-05,40.663822174072266,-0.013095277552854667,6.031745956057594e-05,1.0,50.0,0.31474669782673276,1.0
2020-02-06,40.4185676574707,-0.006031270635398878,6.071428457895915e-05,1.0,50.0,0.29035120640111367,1.0
2020-02-07,40.06539535522461,-0.008737872782605072,6.023809550300477e-05,1.0,50.0,0.2773778151197984,1.0
2020-02-10,40.45289993286133,0.009671802167457999,6.031745956057594e-05,1.0,50.0,0.27295438460407745,1.0
2020-02-11,41.37997817993164,0.022917473125757537,6.1031745539771194e-05,1.0,50.0,0.3019007756024199,1.0
2020-02-12,41.841064453125,0.011142738432302401,6.0912697088150755e-05,1.0,50.0,0.30941784280912926,1.0
2020-02-13,41.99803161621094,0.0037515097939677666,6.130952210653396e-05,1.0,50.0,0.30308676201077117,1.0
2020-02-14,41.68410110473633,-0.0074748863076105065,6.0912697088150755e-05,1.0,50.0,0.27585106575093177,1.0
2020-02-18,41.93916702270508,0.006119021670345504,6.0912697088150755e-05,1.0,50.0,0.27549007704793643,1.0
2020-02-19,42.66513442993164,0.0173100101590844,6.123015804896279e-05,1.0,50.0,0.2992831735793294,1.0
2020-02-20,42.50031661987305,-0.0038630561525423435,6.1031745539771194e-05,1.0,50.0,0.2745250717413181,1.0
2020-02-21,41.87441635131836,-0.01472695542842184,6.023809550300477e-05,1.0,50.0,0.23837756966791576,1.0
2020-02-24,40.29887771606445,-0.03762532764720683,5.9642857975429956e-05,1.0,50.0,0.36731525359065514,1.0
2020-02-25,38.60365295410156,-0.042066302042131576,5.9126984505426316e-05,1.0,50.0,0.5716091316323505,1.0
2020-02-26,38.33877944946289,-0.006861358559864694,5.865079542947194e-05,1.0,50.0,0.590035676668193,1.0
2020-02-27,36.2982292175293,-0.05322418348302893,5.535714210025848e-05,1.0,50.0,0.6003268570644704,1.0
2020-02-28,36.190311431884766,-0.0029730867860742194,4.880952456640819e-05,1.0,50.0,0.6106906412946626,1.0
2020-03-02,37.769775390625,0.04364328175824084,4.503968216124035e-05,1.0,50.0,0.6308198881664329,1.0
2020-03-03,37.14191436767578,-0.01662337190136065,3.642857074737549e-05,1.0,50.0,0.6477354425544231,1.0
2020-03-04,38.260292053222656,0.030110932745033292,2.6785714758767023e-05,1.0,50.0,0.6023250259817532,1.0
2020-03-05,37.03399658203125,-0.03205138814637243,2.3611112246437678e-05,1.0,50.0,0.6624262334667688,1.0
2020-03-06,36.061798095703125,-0.02625151417764704,1.6468253637117052e-05,1.0,50.0,0.6505636354051545,1.0
2020-03-09,33.40418243408203,-0.07369614944235847,1.3095238615596102e-05,1.0,50.0,0.5974275746184698,1.0
2020-03-10,34.70502853393555,0.03894261152538414,1.547618990852719e-05,1.0,50.0,0.6422904731382183,1.0
2020-03-11,33.2668342590332,-0.041440515558027524,1.4603174631557765e-05,1.0,50.0,0.6152528054891964,1.0
2020-03-12,29.79397773742676,-0.1043939586966689,1.0833333409021768e-05,1.0,50.0,0.5699273060348978,1.0
2020-03-13,31.39306259155273,0.05367141199535852,9.642857171240305e-06,1.0,50.0,0.6042573992036985,1.0
2020-03-16,28.15565299987793,-0.10312500037973127,7.3412699358803885e-06,1.0,50.0,0.5668720910643766,1.0
2020-03-17,29.18573570251465,0.036585289023173706,6.547619307798051e-06,1.0,50.0,0.5887577990161248,1.0
2020-03-18,26.988224029541016,-0.07529403045969107,1.1904762008242064e-07,1.0,50.0,0.5676617486372142,1.0
2020-03-19,28.852184295654297,0.06906568820805004,-1.1111111454074327e-06,1.0,50.0,0.6027948560944788,1.0
2020-03-20,28.371479034423828,-0.016660965988036902,-1.309523802428016e-06,1.0,50.0,0.600666261281151,1.0
2020-03-23,28.40091133117676,0.0010373902861116058,-1.5873015518226308e-06,1.0,50.0,0.6080573364327335,1.0
2020-03-24,30.598424911499023,0.07737475585545628,-1.309523802428016e-06,1.0,50.0,0.6521521404254903,1.0
2020-03-25,31.13799095153809,0.017633784797736363,-2.777777789604095e-06,1.0,50.0,0.6568050626575513,1.0
2020-03-26,32.619354248046875,0.04757414499908874,-4.166666536577163e-06,1.0,50.0,0.6152513361220038,1.0
2020-03-27,31.7168025970459,-0.027669206574039373,-2.3015872353599167e-06,1.0,50.0,0.6551301290572258,1.0
2020-03-30,32.364288330078125,0.020414596681083363,5.158730265167024e-07,1.0,50.0,0.6394673354941434,1.0
2020-03-31,32.53105545043945,0.005152812836806353,1.1904761638669722e-06,1.0,50.0,0.6422244255970929,1.0
2020-04-01,30.41987609863281,-0.06489735185576728,2.5000000402094805e-06,1.0,50.0,0.6583787557279882,1.0
2020-04-02,30.402217864990234,-0.0005804834176614815,2.5793649847545313e-06,1.0,50.0,0.660416289015285,1.0
2020-04-03,30.17658042907715,-0.007421742614801774,2.3015872353599167e-06,1.0,50.0,0.6600218173093513,1.0
2020-04-06,32.952903747558594,0.0920025821019228,2.3809523277339444e-06,1.0,50.0,0.5940662220901225,1.0
2020-04-07,32.6291618347168,-0.009824381951948125,5.0793653206219725e-06,1.0,50.0,0.6251421444688807,1.0
2020-04-08,33.58076477050781,0.029164185724762648,7.3412699358803885e-06,1.0,50.0,0.5754404631408013,1.0
2020-04-09,34.336158752441406,0.022494841528952092,8.333333073154326e-06,1.0,50.0,0.541562452122889,1.0
2020-04-13,34.542179107666016,0.0060000990999018455,7.93650805477112e-06,1.0,50.0,0.5393115983065777,1.0
2020-04-14,36.09220886230469,0.04487353706919639,6.547619307798051e-06,1.0,50.0,0.4836552975029683,1.0
2020-04-15,35.45454025268555,-0.017667763479146115,4.563492146276289e-06,1.0,50.0,0.5093077254784831,1.0
2020-04-16,35.75865936279297,0.008577719748724899,4.365079341426725e-06,1.0,50.0,0.50156649796996,1.0
2020-04-17,36.7004508972168,0.02633743969170621,4.0873015920321115e-06,1.0,50.0,0.47254448744348165,1.0
2020-04-20,36.3472785949707,-0.009623105264706111,2.777777789604095e-06,1.0,50.0,0.4862427410020824,1.0
2020-04-21,34.96402359008789,-0.03805663197778475,3.888888787182548e-06,1.0,50.0,0.5875728011085636,1.0
2020-04-22,36.01372528076172,0.030022336759073953,3.6904762779909446e-06,1.0,50.0,0.5120146875548445,1.0
2020-04-23,35.729225158691406,-0.007899769319956729,3.6904762779909446e-06,1.0,50.0,0.5421519965672021,1.0
2020-04-24,36.24917602539063,0.01455253687674074,3.96825402738556e-06,1.0,50.0,0.5102389545990649,1.0
2020-04-27,37.951271057128906,0.046955413015348224,3.6904762779909446e-06,1.0,50.0,0.44876417598527807,1.0
2020-04-28,37.61281204223633,-0.008918252418557704,3.3730159084948255e-06,1.0,50.0,0.4555087543050082,1.0
2020-04-29,39.65335464477539,0.054251264176889746,3.571428713344389e-06,1.0,50.0,0.4315170772643467,1.0
2020-04-30,38.701759338378906,-0.023997851251706503,3.571428713344389e-06,1.0,50.0,0.4320521882329233,1.0
2020-05-01,36.6710205078125,-0.05247148618777664,3.6904762779909446e-06,1.0,50.0,0.5230970250347866,1.0
2020-05-04,37.29888153076172,0.017121449423951995,3.571428713344389e-06,1.0,50.0,0.48374292924053136,1.0
2020-05-05,37.74034881591797,0.01183593896219537,4.365079341426725e-06,1.0,50.0,0.46645348652505453,1.0
2020-05-06,38.45650100708008,0.018975770326215224,4.285714396881679e-06,1.0,50.0,0.44160688551898875,1.0
2020-05-07,38.80967330932617,0.009183682680363292,3.7698412225359962e-06,1.0,50.0,0.43378080167753236,1.0
2020-05-08,40.20273971557617,0.03589482434306501,3.7698412225359962e-06,1.0,50.0,0.41851303552839547,1.0
2020-05-11,40.29103088378906,0.002196148044574242,4.166666536577163e-06,1.0,50.0,0.4140916990945278,1.0
2020-05-12,39.33942794799805,-0.023618232517696347,4.880952515772409e-06,1.0,50.0,0.4239180560384611,1.0
2020-05-13,38.66251754760742,-0.017206920275643522,4.563492146276289e-06,1.0,50.0,0.4441107655734208,1.0
2020-05-14,38.85774230957031,0.0050494580887676666,4.166666536577163e-06,1.0,50.0,0.43605324114697264,1.0
2020-05-15,39.37866973876953,0.01340601378868378,4.0873015920321115e-06,1.0,50.0,0.4167634389238026,1.0
2020-05-18,41.50751495361328,0.054060871760424956,4.166666536577163e-06,1.0,50.0,0.4042008983470865,1.0
2020-05-19,41.30149459838867,-0.004963447112043329,4.682539710922846e-06,1.0,50.0,0.39700473283267657,1.0
2020-05-20,42.4296875,0.027316030874469766,4.682539710922846e-06,1.0,50.0,0.39944965673228083,1.0
2020-05-21,42.410064697265625,-0.00046247813478184074,4.365079341426725e-06,1.0,50.0,0.39192428941754903,1.0
2020-05-22,42.557220458984375,0.0034698311065826104,4.365079341426725e-06,1.0,50.0,0.3875216691422837,1.0
2020-05-26,43.94047927856445,0.03250350480274511,4.682539710922846e-06,1.0,50.0,0.3973925475869457,1.0
2020-05-27,44.10725021362305,0.0037953827039831634,5.357143070016588e-06,1.0,50.0,0.3923135262851448,1.0
2020-05-28,43.38128662109375,-0.016459053534583656,5.476190339005182e-06,1.0,50.0,0.3786704390912421,1.0
2020-05-29,44.0091438293457,0.014472996472784772,5.0793653206219725e-06,1.0,50.0,0.380414415240596,1.0
2020-06-01,44.83321762084961,0.01872505847192607,5.0793653206219725e-06,1.0,50.0,0.3851683478193267,1.0
2020-06-02,45.09809875488281,0.005908144632251977,5.753968088399794e-06,1.0,50.0,0.38236949252416,1.0
2020-06-03,45.89273452758789,0.017620161262763778,5.87301594870431e-06,1.0,50.0,0.38682088600227327,1.0
2020-06-04,45.137332916259766,-0.016460156909456458,5.55555557920819e-06,1.0,50.0,0.37190547325434803,1.0
2020-06-05,45.9417839050293,0.01782229779198463,5.753968088399794e-06,1.0,50.0,0.37745584465391974,1.0
2020-06-08,46.48134994506836,0.011744560053533304,6.071428457895913e-06,1.0,50.0,0.37905470744512215,1.0
2020-06-09,46.55002212524414,0.001477413634865199,6.547619307798051e-06,1.0,50.0,0.37445695814925495,1.0
2020-06-10,46.9326286315918,0.008219255091184374,6.547619307798051e-06,1.0,50.0,0.3745216953461792,1.0
2020-06-11,43.62654495239258,-0.07044318154755547,6.071428457895913e-06,1.0,50.0,0.3949315316927729,1.0
2020-06-12,44.01895904541016,0.008994846909050613,5.952381188907317e-06,1.0,50.0,0.381109845300622,1.0
2020-06-15,44.80378341674805,0.017829235137710953,6.150793698098924e-06,1.0,50.0,0.3657718610026955,1.0
2020-06-16,45.814247131347656,0.022553088992522285,6.3492062072905275e-06,1.0,50.0,0.36375172704120534,1.0
2020-06-17,45.40221786499024,-0.008993474566462711,6.547619307798051e-06,1.0,50.0,0.3601817067044772,1.0
2020-06-18,45.2943000793457,-0.0023769276198234435,5.55555557920819e-06,1.0,50.0,0.35767393024659766,1.0
2020-06-19,44.99999237060547,-0.006497676489639392,5.674603439512706e-06,1.0,50.0,0.3587410001416579,1.0
2020-06-22,45.6474723815918,0.014388447128032666,5.55555557920819e-06,1.0,50.0,0.3518656988665042,1.0
2020-06-23,45.69652938842773,0.0010746927327287548,5.55555557920819e-06,1.0,50.0,0.35165014116531973,1.0
2020-06-24,44.45061492919922,-0.027264969044761278,5.357143070016588e-06,1.0,50.0,0.3781322103681327,1.0
2020-06-25,45.34334945678711,0.020083738526673667,5.158729969509063e-06,1.0,50.0,0.35259651907099737,1.0
2020-06-26,44.40155792236328,-0.020770224205015286,5.277777829813576e-06,1.0,50.0,0.38479027726192677,1.0
2020-06-29,45.1863899230957,0.01767577619922056,4.96031746031746e-06,1.0,50.0,0.3563712620341131,1.0
2020-06-30,46.41268157958984,0.027138518004673484,5.357143070016588e-06,1.0,50.0,0.3494218032763256,1.0
2020-07-01,46.56964492797852,0.0033819064757014683,5.158729969509063e-06,1.0,50.0,0.34709156455311757,1.0
2020-07-02,47.6291618347168,0.022751234379752017,5.277777829813576e-06,1.0,50.0,0.3567094398614757,1.0
2020-07-06,49.25767517089844,0.03419151783172092,5.0793653206219725e-06,1.0,50.0,0.3755715296762306,0.0
2020-07-07,48.58076095581055,-0.013742309452067114,5.55555557920819e-06,1.0,50.0,0.357401977673539,0.0
2020-07-08,49.09090042114258,0.010500853739118243,5.357143070016588e-06,0.0,50.0,0.35921293049410213,0.0
2020-07-09,49.30672836303711,0.004396495889115393,4.880952515772409e-06,0.0,50.0,0.3566567334185131,0.0
2020-07-10,50.199466705322266,0.01810581176086301,4.761904655467893e-06,0.0,50.0,0.36484841642628196,0.0
2020-07-13,49.55198287963867,-0.012898221199926563,4.96031746031746e-06,0.0,50.0,0.34687690877706634,0.0
2020-07-14,49.91496658325195,0.007325311370383725,5.277777829813576e-06,0.0,50.0,0.3469533311782297,0.0
2020-07-15,50.93524169921875,0.02044026442980984,4.96031746031746e-06,0.0,50.0,0.3584278018918199,0.0
2020-07-16,50.533016204833984,-0.00789680152614125,4.0873015920321115e-06,0.0,50.0,0.3464520510730123,0.0
2020-07-17,51.278602600097656,0.01475444078464383,4.166666536577163e-06,0.0,50.0,0.3532124948911981,0.0
2020-07-20,53.07389068603516,0.03501047210545649,4.166666536577163e-06,0.0,50.0,0.3761355958456075,0.0
2020-07-21,52.70109939575195,-0.007024005315315995,4.365079341426725e-06,0.0,50.0,0.36266030508680125,0.0
2020-07-22,52.86787796020508,0.0031646126241262618,3.96825402738556e-06,0.0,50.0,0.35953254403454604,0.0
2020-07-23,52.26944732666016,-0.011319361711384923,4.0873015920321115e-06,0.0,50.0,0.3451576431688433,0.0
2020-07-24,51.35708618164063,-0.01745496062580676,3.888888787182548e-06,0.0,50.0,0.3336159819081359,0.0
2020-07-27,53.07389068603516,0.03342877550183654,3.6904762779909446e-06,0.0,50.0,0.3510901516789927,0.0
2020-07-28,52.01437759399414,-0.019962981389638368,4.0873015920321115e-06,0.0,50.0,0.3373388406021003,0.0
2020-07-29,52.7403450012207,0.013957052661347058,3.571428713344389e-06,0.0,50.0,0.3413093315198906,0.0
2020-07-30,52.0977668762207,-0.012183805869778186,3.3730159084948255e-06,0.0,50.0,0.33268984800845713,0.0
2020-07-31,51.7789306640625,-0.006119959285696974,3.2936506682918174e-06,0.0,50.0,0.3291468896067143,0.0
2020-08-03,52.77958297729492,0.019325472743432437,3.0952381591002142e-06,0.0,50.0,0.3319039089669521,0.0
2020-08-04,53.01503372192383,0.004461019419766732,3.571428713344389e-06,0.0,50.0,0.33101682274631583,0.0
2020-08-05,53.90777206420898,0.016839343099690707,3.7698412225359962e-06,0.0,50.0,0.3397406303113975,0.0
2020-08-06,53.12294769287109,-0.014558649732418827,3.492063473141381e-06,0.0,50.0,0.3263152439489077,0.0
2020-08-07,52.30868911743164,-0.015327812382457728,3.492063473141381e-06,0.0,50.0,0.32293344697713355,0.0
2020-08-10,51.994754791259766,-0.006001571277519546,3.492063473141381e-06,0.0,50.0,0.3234226264080597,0.0
2020-08-11,51.38652038574219,-0.01169799546049255,3.96825402738556e-06,0.0,50.0,0.3347352379610337,0.0
2020-08-12,52.475467681884766,0.021191302465475292,3.96825402738556e-06,0.0,50.0,0.31589107366106284,0.0
2020-08-13,52.92673873901367,0.008599657650782522,3.571428713344389e-06,0.0,50.0,0.3139179670428861,0.0
2020-08-14,52.8286361694336,-0.0018535540242489157,3.492063473141381e-06,0.0,50.0,0.3119543612903391,0.0
2020-08-17,53.8685302734375,0.019684288283890572,3.3730159084948255e-06,0.0,50.0,0.3178137741382356,0.0
2020-08-18,54.20208740234375,0.006192059208096179,3.96825402738556e-06,0.0,50.0,0.3186503285699,0.0
2020-08-19,53.97644805908203,-0.004162927187412402,3.7698412225359962e-06,0.0,50.0,0.3110939840954418,0.0
2020-08-20,54.329620361328125,0.006543081565121067,3.492063473141381e-06,0.0,50.0,0.31141168414567405,0.0
2020-08-21,54.68278884887695,0.0065004777357180465,3.492063473141381e-06,0.0,50.0,0.3128727119564408,0.0
2020-08-24,55.28121566772461,0.010943604586472144,3.3730159084948255e-06,0.0,50.0,0.3185883005088369,0.0
2020-08-25,56.458457946777344,0.021295520817210534,3.7698412225359962e-06,0.0,50.0,0.33597967339731466,0.0
2020-08-26,57.55721282958984,0.019461298143287564,3.6904762779909446e-06,0.0,50.0,0.34944011347057413,0.0
2020-08-27,57.00783920288086,-0.009544826785402472,3.7698412225359962e-06,0.0,50.0,0.33108567304699443,0.0
2020-08-28,57.704368591308594,0.012218133473694825,3.7698412225359962e-06,0.0,50.0,0.3377844158827693,0.0
2020-08-31,59.34269714355469,0.028391759449783782,3.7698412225359962e-06,0.0,50.0,0.3597747301735522,0.0
2020-09-01,60.65728378295898,0.022152458561568222,3.96825402738556e-06,0.0,50.0,0.37178940305512126,0.0
2020-09-02,60.97121047973633,0.005175416325937432,3.96825402738556e-06,0.0,50.0,0.3684752417534289,0.0
2020-09-03,57.311954498291016,-0.06001612814725832,3.96825402738556e-06,0.0,50.0,0.3309675819513766,0.0
2020-09-04,56.55656433105469,-0.01318032466086727,4.0873015920321115e-06,0.0,50.0,0.3302630187462135,0.0
2020-09-08,54.23151397705078,-0.041110176714310165,4.285714396881679e-06,0.0,50.0,0.3903607874443985,0.0
2020-09-09,56.90972900390625,0.04938484712023361,4.166666536577163e-06,0.0,50.0,0.33396566227210095,0.0
2020-09-10,56.11509704589844,-0.013963024809927838,4.0873015920321115e-06,0.0,50.0,0.3396635324671954,0.0
2020-09-11,56.01699066162109,-0.001748306417381884,4.0873015920321115e-06,0.0,50.0,0.33901727861926045,0.0
2020-09-14,57.41987228393555,0.02504385911747331,3.96825402738556e-06,0.0,50.0,0.32806496842256533,0.0
2020-09-15,58.24393844604492,0.01435158472722553,3.96825402738556e-06,0.0,50.0,0.3294335414668986,0.0
2020-09-16,57.87115097045898,-0.006400451026011611,3.96825402738556e-06,0.0,50.0,0.32479594558673736,0.0
2020-09-17,56.36035537719727,-0.02610619571110495,3.3730159084948255e-06,0.0,50.0,0.33815830134948366,0.0
2020-09-18,56.09547424316406,-0.00469977756989759,3.2936506682918174e-06,0.0,50.0,0.3423902494249257,0.0
2020-09-21,55.35970306396485,-0.013116408928281365,3.1746031036452616e-06,0.0,50.0,0.36303526654350965,0.0
2020-09-22,55.065391540527344,-0.005316349386799368,3.492063473141381e-06,0.0,50.0,0.3706927587854209,0.0
2020-09-23,53.11313629150391,-0.03545339812187842,3.492063473141381e-06,0.0,50.0,0.4601454697918797,0.0
2020-09-24,53.04446029663086,-0.001293013361066353,3.6904762779909446e-06,0.0,50.0,0.45709683835203585,0.0
2020-09-25,54.43753433227539,0.026262384947538298,3.571428713344389e-06,0.0,50.0,0.381546529191265,0.0
2020-09-28,55.96794128417969,0.02811308356772768,3.492063473141381e-06,0.0,50.0,0.3288466652109929,0.0
2020-09-29,56.203392028808594,0.004206885928381698,3.3730159084948255e-06,0.0,50.0,0.32244158741878054,0.0
2020-09-30,56.30149459838867,0.0017454919719044337,3.3730159084948255e-06,0.0,50.0,0.3193879319707522,0.0
2020-10-01,57.23347473144531,0.01655338174776122,3.2936506682918174e-06,0.0,50.0,0.3146011708243764,0.0
2020-10-02,56.27206039428711,-0.016798112322716996,3.3730159084948255e-06,0.0,50.0,0.3227222630222534,0.0
2020-10-05,57.64158630371094,0.024337582449049044,3.3730159084948255e-06,0.0,50.0,0.3158877385241779,0.0
2020-10-06,57.42967987060547,-0.0036762769155752606,3.492063473141381e-06,0.0,50.0,0.31096160197827577,0.0
2020-10-07,59.00914764404297,0.027502639349482605,3.492063473141381e-06,0.0,50.0,0.32407497313179945,0.0
2020-10-08,59.47023010253906,0.007813745442951436,3.492063473141381e-06,0.0,50.0,0.3242859674821306,0.0
2020-10-09,61.275333404541016,0.03035305730093163,3.6904762779909446e-06,0.0,50.0,0.34892719313734577,0.0
2020-10-12,61.82471084594727,0.008965719334063094,3.571428713344389e-06,0.0,50.0,0.3488756659205227,0.0
2020-10-13,61.70698928833008,-0.0019041182078558538,3.6904762779909446e-06,0.0,50.0,0.33572427904061813,0.0
2020-10-14,62.39370727539063,0.011128690525668228,3.96825402738556e-06,0.0,50.0,0.33920993983612546,0.0
2020-10-15,61.971866607666016,-0.006760948918497767,3.7698412225359962e-06,0.0,50.0,0.32447882651750304,0.0
2020-10-16,61.58926010131836,-0.006173874167287541,3.571428713344389e-06,0.0,50.0,0.31279505943536423,0.0
2020-10-19,60.833866119384766,-0.012265027712476506,3.571428713344389e-06,0.0,50.0,0.30323025437645007,0.0
2020-10-20,60.961402893066406,0.002096476548627546,3.7698412225359962e-06,0.0,50.0,0.30238174227470976,0.0
2020-10-21,60.73576354980469,-0.0037013476159254433,3.571428713344389e-06,0.0,50.0,0.30218891983909296,0.0
2020-10-22,61.10855865478516,0.006137983342792364,3.3730159084948255e-06,0.0,50.0,0.2979521161422319,0.0
2020-10-23,61.236087799072266,0.0020869277085644455,3.2936506682918174e-06,0.0,50.0,0.2945430961466254,0.0
2020-10-26,59.18572998046875,-0.03348283491478332,3.1746031036452616e-06,0.0,50.0,0.33876016620771177,0.0
2020-10-27,59.34269714355469,0.0026521116346411855,3.571428713344389e-06,0.0,50.0,0.3319333466414141,0.0
2020-10-28,56.83125305175781,-0.04232103043313806,3.571428713344389e-06,0.0,50.0,0.4619773571580143,0.0
2020-10-29,58.07225799560547,0.021836663406267665,3.2936506682918174e-06,0.0,50.0,0.3893203299607181,0.0
2020-10-30,56.64485549926758,-0.02457976571956111,3.2936506682918174e-06,0.0,50.0,0.46362124896749046,0.0
2020-11-02,57.42967987060547,0.013855174744828114,3.2936506682918174e-06,0.0,50.0,0.41516816952508956,0.0
2020-11-03,59.21516036987305,0.031089856382456427,3.571428713344389e-06,0.0,50.0,0.32639742055661386,0.0
2020-11-04,60.30999374389648,0.01848907217653073,3.2936506682918174e-06,0.0,50.0,0.3116932455685843,0.0
2020-11-05,62.39370727539063,0.034550053849160545,3.3730159084948255e-06,0.0,50.0,0.33055723623169847,0.0
2020-11-06,62.19750595092773,-0.003144569108498696,3.2936506682918174e-06,0.0,50.0,0.31748690850771516,0.0
2020-11-09,61.530399322509766,-0.01072561701982544,3.492063473141381e-06,0.0,50.0,0.30619328643289184,0.0
2020-11-10,60.14714813232422,-0.022480777069807,3.571428713344389e-06,0.0,50.0,0.3209020503569051,0.0
2020-11-11,61.05950546264648,0.015168754606869506,3.571428713344389e-06,0.0,50.0,0.3018827273929337,0.0
2020-11-12,61.10855865478516,0.0008033670067748577,3.3730159084948255e-06,0.0,50.0,0.30087713787919074,0.0
2020-11-13,61.90319061279297,0.013003611531681614,3.2936506682918174e-06,0.0,50.0,0.2979066814375592,0.0
2020-11-16,62.42314147949219,0.008399419505717098,2.9761905944536585e-06,0.0,50.0,0.2974346273229052,0.0
2020-11-17,62.94308853149414,0.008329395792628702,3.1746031036452616e-06,0.0,50.0,0.29928647810299974,0.0
2020-11-18,63.57095336914063,0.009975119624648476,2.9761905944536585e-06,0.0,50.0,0.30417314216002744,0.0
2020-11-19,64.65990447998047,0.017129696081739976,2.3809523277339444e-06,0.0,50.0,0.3177229630908213,0.0
2020-11-20,64.62065887451172,-0.0006069542753639467,2.3015872353599167e-06,0.0,50.0,0.3074162932226183,0.0
2020-11-23,66.0823974609375,0.022620298398138727,2.777777789604095e-06,0.0,50.0,0.3290793460520506,0.0
2020-11-24,67.16152954101562,0.01633009880908176,3.1746031036452616e-06,0.0,50.0,0.3399934292741163,0.0
2020-11-25,67.62261962890625,0.006865389919522791,3.1746031036452616e-06,0.0,50.0,0.3387269198762052,0.0
2020-11-27,68.4074478149414,0.011606000926052129,2.896825354250651e-06,0.0,50.0,0.3434717991729204,0.0
2020-11-30,67.43621826171875,-0.014197716538849159,2.9761905944536585e-06,0.0,50.0,0.31553469331682854,0.0
2020-12-01,68.39763641357422,0.01425670324697359,3.1746031036452616e-06,0.0,50.0,0.3255149807396429,0.0
2020-12-02,67.77957916259766,-0.009036236972274958,2.9761905944536585e-06,0.0,50.0,0.3070726183788768,0.0
2020-12-03,68.57421112060547,0.01172376647694362,2.9761905944536585e-06,0.0,50.0,0.31459054084894383,0.0
2020-12-04,69.7318344116211,0.01688132130283848,2.9761905944536585e-06,0.0,50.0,0.3286148900701718,0.0
2020-12-07,70.73249053955078,0.01435006172393094,2.777777789604095e-06,0.0,50.0,0.33796324438348035,0.0
2020-12-08,71.1150894165039,0.005409096640520472,2.698412845059044e-06,0.0,50.0,0.3367118443163517,0.0
2020-12-09,69.61410522460938,-0.021106409402140036,2.777777789604095e-06,0.0,50.0,0.3066403810890662,0.0
2020-12-10,69.53562927246094,-0.0011272995881400627,2.777777789604095e-06,0.0,50.0,0.30097256540032263,0.0
2020-12-11,69.09416198730469,-0.006348792551030935,2.5793649847545313e-06,0.0,50.0,0.29342560894258973,0.0
2020-12-14,69.859375,0.01107493007637772,2.3809523277339444e-06,0.0,50.0,0.29566125190095527,0.0
2020-12-15,70.92870330810547,0.015306869093882902,2.777777789604095e-06,0.0,50.0,0.30662619343888886,0.0
2020-12-16,70.61477661132812,-0.004425947213692716,2.9761905944536585e-06,0.0,50.0,0.29674862933335433,0.0
2020-12-17,72.03726959228516,0.020144409558732868,3.1746031036452616e-06,0.0,50.0,0.31444773663062514,0.0
2020-12-18,72.57683563232422,0.007490095655941609,3.1746031036452616e-06,0.0,50.0,0.31667669127386133,0.0
2020-12-21,73.27336883544922,0.00959718341336413,3.0952381591002142e-06,0.0,50.0,0.32171316584728116,0.0
2020-12-22,75.09809112548828,0.024902939758875586,3.0952381591002142e-06,0.0,50.0,0.34408046940077947,0.0
2020-12-23,75.8338623046875,0.00979746845988072,2.9761905944536585e-06,0.0,50.0,0.34688557464072833,0.0
2020-12-24,75.20600128173828,-0.00827942826420447,2.9761905944536585e-06,0.0,50.0,0.329026979762148,0.0
2020-12-28,74.45061492919922,-0.010044229711259622,3.1746031036452616e-06,0.0,50.0,0.31226771443832907,0.0
2020-12-29,73.60549926757812,-0.011351359050892684,3.571428713344389e-06,0.0,50.0,0.30158799217043564,0.0
2020-12-30,75.7529067993164,0.029174552894910777,2.777777789604095e-06,0.0,50.0,0.32292403295907446,0.0
2020-12-31,75.49561309814453,-0.0033964861817579184,2.5793649847545313e-06,0.0,50.0,0.3149939999888744,0.0
2021-01-04,76.03988647460938,0.0072093377896975674,2.698412845059044e-06,0.0,100.0,0.10508569437600282,0.0
2021-01-05,77.88050842285156,0.024206005999980018,3.0952381591002142e-06,0.0,100.0,0.1274275946605697,0.0
2021-01-06,78.26644897460938,0.0049555474094025165,3.0952381591002142e-06,0.0,100.0,0.13151423513232324,0.0
2021-01-07,83.23419189453125,0.06347218999974658,3.1746031036452616e-06,0.0,100.0,0.23492798767755574,0.0
2021-01-08,84.9164810180664,0.02021151506663088,3.1746031036452616e-06,0.0,100.0,0.25079245539621786,0.0
2021-01-11,83.36282348632812,-0.018296301414182925,3.1746031036452616e-06,0.0,100.0,0.19671229935200804,0.0
2021-01-12,84.7680435180664,0.016856675109723662,3.1746031036452616e-06,0.0,100.0,0.20971769678248986,0.0
2021-01-13,85.10449981689453,0.003969140785423653,3.1746031036452616e-06,0.0,100.0,0.2010707954506126,0.0
2021-01-14,87.23211669921875,0.0250000515472375,2.9761905944536585e-06,0.0,100.0,0.2286756701867422,0.0
2021-01-15,84.8175277709961,-0.027680045143789078,2.9761905944536585e-06,0.0,100.0,0.1696636190581653,0.0
2021-01-19,87.8654556274414,0.035935117852934795,2.896825354250651e-06,0.0,100.0,0.21282299576488625,0.0
2021-01-20,88.65711212158203,0.00900987183742985,2.9761905944536585e-06,0.0,100.0,0.21665091159630098,0.0
2021-01-21,89.09253692626953,0.004911335303707798,2.896825354250651e-06,0.0,100.0,0.21244194276716644,0.0
2021-01-22,89.62691497802734,0.005998011395724978,2.777777789604095e-06,0.0,100.0,0.20967243050162906,0.0
2021-01-25,91.37848663330078,0.01954292029021465,2.777777789604095e-06,0.0,100.0,0.2290910921634234,0.0
2021-01-26,91.20037078857422,-0.0019492098336157948,2.698412845059044e-06,0.0,100.0,0.2110653864094488,0.0
2021-01-27,88.76597595214844,-0.02669281731397044,2.3809523277339444e-06,0.0,100.0,0.17491674992292242,0.0
2021-01-28,88.58785247802734,-0.002006663839499878,2.182539670713361e-06,0.0,100.0,0.17451231412433155,0.0
2021-01-29,86.34149169921875,-0.025357435765425818,1.90476192131875e-06,0.0,100.0,0.20075244288718166,0.0
2021-02-01,90.17119598388672,0.04435531758021072,1.90476192131875e-06,0.0,100.0,0.17491561007944473,0.0
2021-02-02,92.11078643798828,0.021510089036061553,1.984127013692778e-06,0.0,100.0,0.18950465774571482,0.0
2021-02-03,92.93214416503906,0.00891706344949883,1.5873015518226308e-06,0.0,100.0,0.19389324242923747,0.0
2021-02-04,93.60505676269533,0.007240902528421467,1.1904761638669722e-06,0.0,100.0,0.19373234407891177,0.0
2021-02-05,94.50558471679688,0.009620505400520507,9.126984144723571e-07,0.0,100.0,0.19811708209138293,0.0
2021-02-08,97.00923919677734,0.026492132581192207,7.936507759113135e-07,0.0,100.0,0.22445808759798677,0.0
2021-02-09,97.9097671508789,0.009282909149250118,1.309523802428016e-06,0.0,100.0,0.2286200701364733,0.0
2021-02-10,96.59361267089844,-0.013442524870396988,1.3888888948020476e-06,0.0,100.0,0.20009390970835228,0.0
2021-02-11,97.64257049560548,0.010859494698484129,1.3888888948020476e-06,0.0,100.0,0.20449081919306006,0.0
2021-02-12,98.16705322265624,0.005371455548421444,1.3888888948020476e-06,0.0,100.0,0.2035020097999768,0.0
2021-02-16,97.65247344970705,-0.00524187857388414,1.3888888948020476e-06,0.0,100.0,0.1944609794310064,0.0
2021-02-17,96.2175750732422,-0.01469392761673205,1.3888888948020476e-06,0.0,100.0,0.18981019448750222,0.0
2021-02-18,93.7139129638672,-0.026020839825459885,9.126984144723571e-07,0.0,100.0,0.21963396286976722,0.0
2021-02-19,95.8514175415039,0.022808828593688713,9.126984144723571e-07,0.0,100.0,0.18298537774739698,0.0
2021-02-22,92.37796783447266,-0.036237854338745046,9.92063506846389e-07,0.0,100.0,0.25282803990221125,0.0
2021-02-23,88.85504150390625,-0.03813600161543884,9.126984144723571e-07,0.0,100.0,0.3800419989795073,0.0
2021-02-24,90.05244445800781,0.013475914633936936,1.1111111454074327e-06,0.0,100.0,0.3176653536047673,0.0
2021-02-25,86.18315124511719,-0.04296710917930613,1.309523802428016e-06,0.0,100.0,0.4466657127022305,0.0
2021-02-26,85.1242904663086,-0.012286169204895336,1.3888888948020476e-06,0.0,100.0,0.46829510114182143,0.0
2021-03-01,88.5185775756836,0.039874483426307394,1.1111111454074327e-06,0.0,100.0,0.3219827171216477,0.0
2021-03-02,86.04460906982422,-0.02794857953681107,1.3888888948020476e-06,0.0,100.0,0.42205064535304326,0.0
2021-03-03,83.0164794921875,-0.03519255430842183,1.3888888948020476e-06,0.0,100.0,0.5081089797847048,0.0
2021-03-04,79.44406127929688,-0.04303263923913825,1.1111111454074327e-06,0.0,100.0,0.5539575341671608,0.0
2021-03-05,79.57271575927734,0.0016194348313609552,1.1111111454074327e-06,0.0,100.0,0.5557372184017532,0.0
2021-03-08,76.47530364990234,-0.03892555481888116,1.3888888948020476e-06,0.0,100.0,0.5782877440713213,0.0
2021-03-09,81.86360931396484,0.07045811401716984,1.3888888948020476e-06,0.0,100.0,0.4700792442506511,0.0
2021-03-10,81.73001098632812,-0.001631962342685589,1.1904761638669722e-06,0.0,100.0,0.47556544577297344,0.0
2021-03-11,85.81700897216797,0.05000608633863424,1.1111111454074327e-06,0.0,100.0,0.25782366318902294,0.0
2021-03-12,85.15398406982422,-0.007726031357708885,9.92063506846389e-07,0.0,100.0,0.2929174215646943,0.0
2021-03-15,86.7076416015625,0.01824527118383945,5.952380819334841e-07,0.0,100.0,0.2114140034897965,0.0
2021-03-16,84.85710144042969,-0.02134229609930327,3.17460332538873e-07,0.0,100.0,0.32274773454494077,0.0
2021-03-17,86.4503402709961,0.01877555093824257,3.17460332538873e-07,0.0,100.0,0.2249892649081245,0.0
2021-03-18,83.3430404663086,-0.03594317610488329,1.1904762008242064e-07,0.0,100.0,0.4329773529005743,0.0
2021-03-19,83.79824829101562,0.005461857668740189,1.9841269397782539e-07,0.0,100.0,0.4032617146902734,0.0
2021-03-22,84.30294036865234,0.0060227043873759545,1.9841269397782539e-07,0.0,100.0,0.3718104645003585,0.0
2021-03-23,81.91803741455078,-0.028289677010938208,3.9682538795565474e-07,0.0,100.0,0.5243390672817465,0.0
2021-03-24,78.89979553222656,-0.0368446556776042,5.952380819334841e-07,0.0,100.0,0.6032445636511519,0.0
2021-03-25,79.60240173339844,0.00890504463835895,5.952380819334841e-07,0.0,100.0,0.5949525453938295,0.0
2021-03-26,80.34458923339844,0.009323682248755683,5.952380819334841e-07,0.0,100.0,0.5757929764038625,0.0
2021-03-29,79.68156433105469,-0.008252265755167243,3.17460332538873e-07,0.0,100.0,0.5978904990781533,0.0
2021-03-30,81.45292663574219,0.022230516174707393,5.158730265167024e-07,0.0,100.0,0.5198760649987948,0.0
2021-03-31,83.06595611572266,0.019803210843410746,5.158730265167024e-07,0.0,100.0,0.40583588133136844,0.0
2021-04-01,84.1644058227539,0.013223825480332296,3.17460332538873e-07,0.0,100.0,0.3265785082205288,0.0
2021-04-05,85.34200286865234,0.013991627866754008,5.952380819334841e-07,0.0,100.0,0.24823937377268177,0.0
2021-04-06,85.5597152709961,0.002551058037374876,5.952380819334841e-07,0.0,100.0,0.2564938287264974,0.0
2021-04-07,83.80814361572266,-0.02047192010545651,3.9682538795565474e-07,0.0,100.0,0.43317012620226736,0.0
2021-04-08,84.9659652709961,0.013815144988561956,1.9841269397782539e-07,0.0,100.0,0.336401304079442,0.0
2021-04-09,84.44148254394531,-0.006172856688886674,1.1904762008242064e-07,0.0,100.0,0.4032181859552867,0.0
2021-04-12,83.86751556396484,-0.0067972158077845846,3.9682538795565474e-07,0.0,100.0,0.469414735691566,0.0
2021-04-13,84.98574829101562,0.013333323629909133,5.952380819334841e-07,0.0,100.0,0.3725739951902383,0.0
2021-04-14,84.44148254394531,-0.006404200210211597,5.952380819334841e-07,0.0,100.0,0.4470252403066372,0.0
2021-04-15,84.1644058227539,-0.0032812867899045806,3.9682538795565474e-07,0.0,100.0,0.4892158054730496,0.0
2021-04-16,83.95657348632812,-0.0024693614170278044,3.17460332538873e-07,0.0,100.0,0.5183549473370002,0.0
2021-04-19,82.30397033691406,-0.019684023308587983,5.952380819334841e-07,0.0,100.0,0.6264875962715288,0.0
2021-04-20,80.89876556396484,-0.01707335341414229,5.952380819334841e-07,0.0,100.0,0.6698181171758367,0.0
2021-04-21,83.07585144042969,0.026911237288824497,5.158730265167024e-07,0.0,100.0,0.5711215872677833,0.0
2021-04-22,82.6008529663086,-0.005717647979349261,5.952380819334841e-07,0.0,100.0,0.6118937180601672,0.0
2021-04-23,83.8774185180664,0.015454629170457812,5.952380819334841e-07,0.0,100.0,0.5193569823505712,0.0
2021-04-26,85.07481384277344,0.014275538587887215,3.17460332538873e-07,0.0,100.0,0.4088994562287632,0.0
2021-04-27,84.43158721923828,-0.007560717378987225,3.9682538795565474e-07,0.0,100.0,0.5022507374096017,0.0
2021-04-28,84.194091796875,-0.002812874069826443,3.17460332538873e-07,0.0,100.0,0.5447623532707434,0.0
2021-04-29,83.42220306396484,-0.009167967923122244,3.17460332538873e-07,0.0,100.0,0.6197992748045819,0.0
2021-04-30,82.7591781616211,-0.007947822977479646,1.1904762008242064e-07,0.0,100.0,0.661152371207184,0.0
2021-05-03,81.34407043457031,-0.017099103186926312,1.9841269397782539e-07,0.0,100.0,0.7048932737995122,0.0
2021-05-04,80.01802825927734,-0.016301645199321313,3.9682538795565474e-07,0.0,100.0,0.7154413144519836,0.0
2021-05-05,79.3550033569336,-0.008285944014958635,3.17460332538873e-07,0.0,100.0,0.7236792982076565,0.0
2021-05-06,79.10760498046875,-0.0031176153487394442,3.17460332538873e-07,0.0,100.0,0.7276107850889649,0.0
2021-05-07,79.86959075927734,0.00963226960286212,3.17460332538873e-07,0.0,100.0,0.7386548220844449,0.0
2021-05-10,76.6930160522461,-0.0397720168193334,1.9841269397782539e-07,0.0,100.0,0.714962966208663,0.0
2021-05-11,77.16801452636719,0.006193503640507636,3.9682538795565474e-07,0.0,100.0,0.7322329249797991,0.0
2021-05-12,74.32789611816406,-0.03680434731455606,3.9682538795565474e-07,0.0,100.0,0.7011774434306128,0.0
2021-05-13,73.69456481933594,-0.008520775266143366,3.17460332538873e-07,0.0,100.0,0.7028067229003325,0.0
2021-05-14,76.2477035522461,0.034644871561006374,1.9841269397782539e-07,0.0,100.0,0.7414997915583492,0.0
2021-05-17,75.92113494873047,-0.0042829959238294135,1.9841269397782539e-07,0.0,100.0,0.744422084384752,0.0
2021-05-18,76.45551300048828,0.007038594090020833,3.9682538795565474e-07,0.0,100.0,0.7582436919390606,0.0
2021-05-19,75.9607162475586,-0.0064716948917278305,1.9841269397782539e-07,0.0,100.0,0.7582886768484719,0.0
2021-05-20,77.54405975341797,0.02084424139313268,1.1904762008242064e-07,0.0,100.0,0.7631752765686368,0.0
2021-05-21,77.51437377929688,-0.00038282718515758596,1.1904762008242064e-07,0.0,100.0,0.776949497622367,0.0
2021-05-24,78.63259887695312,0.014426035367841816,1.1904762008242064e-07,0.0,100.0,0.754863546542425,0.0
2021-05-25,78.88990020751953,0.00327219670011214,3.9682538795565474e-07,0.0,100.0,0.7602705207764954,0.0
2021-05-26,80.13677978515625,0.015805313156143086,1.9841269397782539e-07,0.0,100.0,0.6909059520888217,0.0
2021-05-27,80.69094848632812,0.006915285374051505,1.9841269397782539e-07,0.0,100.0,0.6604037562318668,0.0
2021-05-28,80.55240631103516,-0.0017169481570344924,3.17460332538873e-07,0.0,100.0,0.7048164533833229,0.0
2021-06-01,81.16594696044922,0.007616664448793831,3.9682538795565474e-07,0.0,100.0,0.6734989627842668,0.0
2021-06-02,81.26490783691406,0.0012192413218941045,5.952380819334841e-07,0.0,100.0,0.6881083062283969,0.0
2021-06-03,79.81021118164062,-0.01790067439924725,5.952380819334841e-07,0.0,100.0,0.8006174961408513,0.0
2021-06-04,80.92845153808594,0.014011244174010562,5.952380819334841e-07,0.0,100.0,0.7443000465812903,0.0
2021-06-07,81.10657501220703,0.002200999410414628,7.142856835372857e-07,0.0,100.0,0.7420314948032355,0.0
2021-06-08,81.14615631103516,0.00048801590773828174,7.936507759113135e-07,0.0,100.0,0.7570011111542745,0.0
2021-06-09,80.53260803222656,-0.007561026999933884,7.936507759113135e-07,0.0,100.0,0.8097895990667019,0.0
2021-06-10,80.58209228515625,0.000614462317051645,7.936507759113135e-07,0.0,100.0,0.816680035669531,0.0
2021-06-11,80.75032043457031,0.00208766172040753,7.142856835372857e-07,0.0,100.0,0.8160105575831177,0.0
2021-06-14,81.14615631103516,0.004901972826046874,5.952380819334841e-07,0.0,100.0,0.8010243761275828,0.0
2021-06-15,80.18624877929688,-0.011829365374484646,7.936507759113135e-07,0.0,100.0,0.8445590080016078,0.0
2021-06-16,79.57271575927734,-0.007651349568779664,1.1111111454074327e-06,0.0,100.0,0.8512833790263411,0.0
2021-06-17,80.73052978515625,0.014550389726316615,1.1111111454074327e-06,0.0,100.0,0.8317163408797665,0.0
2021-06-18,79.85968780517578,-0.010787021741316405,1.1111111454074327e-06,0.0,100.0,0.8562755771281556,0.0
2021-06-21,80.96802520751953,0.013878559168020166,1.1904761638669722e-06,0.0,100.0,0.8283839075068383,0.0
2021-06-22,81.91803741455078,0.011733177443767229,1.5079364594485992e-06,0.0,100.0,0.7655011139861355,0.0
2021-06-23,83.22428894042969,0.01594583521659021,1.5873015518226308e-06,0.0,100.0,0.6329186126848184,0.0
2021-06-24,84.42168426513672,0.014387570503174851,1.7063492642981665e-06,0.0,100.0,0.5106362455257138,0.0
2021-06-25,84.936279296875,0.006095531452821268,1.7063492642981665e-06,0.0,100.0,0.4868147961898012,0.0
2021-06-28,85.71805572509766,0.009204269773698703,1.5873015518226308e-06,0.0,100.0,0.43261209358492064,0.0
2021-06-29,86.28211975097656,0.006580457537299855,1.5873015518226308e-06,0.0,100.0,0.4052063955210197,0.0
2021-06-30,85.31231689453125,-0.011239905315774679,1.5873015518226308e-06,0.0,100.0,0.5680192630858601,0.0
2021-07-01,84.58992004394531,-0.008467673565576872,1.5873015518226308e-06,0.0,100.0,0.7028265937911169,0.0
2021-07-02,83.83782958984375,-0.008891017436957527,1.5079364594485992e-06,0.0,100.0,0.7979521491514214,0.0
2021-07-06,82.91751861572266,-0.010977275755151283,1.5873015518226308e-06,0.0,100.0,0.8485288596071212,0.0
2021-07-07,81.91803741455078,-0.0120539207860757,1.7063492642981665e-06,0.0,100.0,0.8613037626964705,0.0
2021-07-08,81.13626098632812,-0.009543397924274388,1.7063492642981665e-06,0.0,100.0,0.8567392776681257,0.0
2021-07-09,82.55136108398438,0.017441031672567497,1.7063492642981665e-06,0.0,100.0,0.859838518271536,0.0
2021-07-12,82.4524154663086,-0.0011985946249283286,1.7063492642981665e-06,0.0,100.0,0.8691014703471611,0.0
2021-07-13,81.62115478515625,-0.010081701990792613,1.7857143566721944e-06,0.0,100.0,0.87921280059171,0.0
2021-07-14,80.13677978515625,-0.01818615534057544,1.7857143566721944e-06,0.0,100.0,0.8534285309534863,0.0
2021-07-15,79.36489868164062,-0.009632045430138403,1.5079364594485992e-06,0.0,100.0,0.8420388045243481,0.0
2021-07-16,78.37531280517578,-0.01246881043009207,1.5079364594485992e-06,0.0,100.0,0.8225460582676997,0.0
2021-07-19,77.82113647460938,-0.007070802153529732,1.5873015518226308e-06,0.0,100.0,0.8204017765387903,0.0
2021-07-20,79.56281280517578,0.022380504956190928,1.7857143566721944e-06,0.0,100.0,0.8823235625524862,0.0
2021-07-21,80.93833923339844,0.01728855956350972,1.7857143566721944e-06,0.0,100.0,0.8934849102928956,0.0
2021-07-22,80.3346939086914,-0.007458088841758026,1.7063492642981665e-06,0.0,100.0,0.8979497568635003,0.0
2021-07-23,79.99822998046875,-0.00418827671896127,1.7857143566721944e-06,0.0,100.0,0.8916244150713318,0.0
2021-07-26,79.0086441040039,-0.01237009714722992,1.5873015518226308e-06,0.0,100.0,0.8771432145994653,0.0
2021-07-27,77.57374572753906,-0.018161283398003936,1.7857143566721944e-06,0.0,100.0,0.838618041521,0.0
2021-07-28,79.60240173339844,0.02615132203341819,1.7857143566721944e-06,0.0,100.0,0.8882989228740935,0.0
2021-07-29,80.60187530517578,0.012555821809557166,1.5873015518226308e-06,0.0,100.0,0.8865652992519573,0.0
2021-07-30,80.3346939086914,-0.0033148285380801834,1.5873015518226308e-06,0.0,100.0,0.8944770839228868,0.0
2021-08-02,80.57218933105469,0.0029563244820876022,1.5079364594485992e-06,0.0,100.0,0.9059936243905575,0.0
2021-08-03,80.3346939086914,-0.002947610389330002,1.7857143566721944e-06,0.0,100.0,0.9087060049608527,0.0
2021-08-04,79.99822998046875,-0.00418827671896127,1.7857143566721944e-06,0.0,100.0,0.9124834763044752,0.0
2021-08-05,81.05709075927734,0.013236052586002245,1.7063492642981665e-06,0.0,100.0,0.9018383409389615,0.0
2021-08-06,80.29511260986328,-0.009400511938887357,1.7063492642981665e-06,0.0,100.0,0.9173214233179106,0.0
2021-08-09,80.93833923339844,0.008010781760285468,1.7857143566721944e-06,0.0,100.0,0.9129874390945918,0.0
2021-08-10,81.04720306396484,0.001345021798043966,1.984127013692778e-06,0.0,100.0,0.9184285240416875,0.0
2021-08-11,81.66073608398438,0.007570070240860982,1.7857143566721944e-06,0.0,100.0,0.9016423194225244,0.0
2021-08-12,81.7201156616211,0.000727149674179417,1.7063492642981665e-06,0.0,100.0,0.901584205851983,0.0
2021-08-13,80.00812530517578,-0.020949436287317047,1.7857143566721944e-06,0.0,100.0,0.9183247523747772,0.0
2021-08-16,78.70187377929688,-0.016326485852486305,2.3015872353599167e-06,0.0,100.0,0.8843814571958596,0.0
2021-08-17,77.70238494873047,-0.012699682772093435,2.5000000402094805e-06,0.0,100.0,0.8573869014118869,0.0
2021-08-18,77.77165985107422,0.0008915415194714615,2.182539670713361e-06,0.0,100.0,0.8702097983478055,0.0
2021-08-19,76.92061614990234,-0.010942851198001313,1.7063492642981665e-06,0.0,100.0,0.8493457329825912,0.0
2021-08-20,77.66281127929688,0.009648845349186308,1.7063492642981665e-06,0.0,100.0,0.8841196331707553,0.0
2021-08-23,79.69145965576172,0.026121232840377928,1.5873015518226308e-06,0.0,100.0,0.9206726039531127,0.0
2021-08-24,81.5123062133789,0.02284870380693982,1.90476192131875e-06,0.0,100.0,0.8417841451382881,0.0
2021-08-25,81.73001098632812,0.0026708209233992086,1.7857143566721944e-06,0.0,100.0,0.8467385332465083,0.0
2021-08-26,81.31438446044922,-0.005085359965856795,1.7063492642981665e-06,0.0,100.0,0.8988496139964571,0.0
2021-08-27,82.70970153808594,0.01715953563314976,1.7063492642981665e-06,0.0,100.0,0.7948046796016031,0.0
2021-08-30,83.56075286865234,0.010289619170908537,1.5079364594485992e-06,0.0,100.0,0.7240419113143666,0.0
2021-08-31,83.35294342041016,-0.0024869264709574956,1.5873015518226308e-06,0.0,100.0,0.7796069100149751,0.0
2021-09-01,83.9071044921875,0.006648368360338441,1.5873015518226308e-06,0.0,100.0,0.7523853737149975,0.0
2021-09-02,84.59981536865234,0.008255688009462192,1.5873015518226308e-06,0.0,100.0,0.7036491006489943,0.0
2021-09-03,84.6789779663086,0.000935730146824687,1.5873015518226308e-06,0.0,100.0,0.7311162614423201,0.0
2021-09-07,84.9461669921875,0.003155317084545084,1.3888888948020476e-06,0.0,100.0,0.735953170114812,0.0
2021-09-08,83.22428894042969,-0.02027022657674682,1.5873015518226308e-06,0.0,100.0,0.9160207779535984,0.0
2021-09-09,83.38262939453125,0.0019025750308891975,1.5079364594485992e-06,0.0,100.0,0.9159458641030598,0.0
2021-09-10,82.38314056396484,-0.011986775157176277,1.5079364594485992e-06,0.0,100.0,0.9380102133664706,0.0
2021-09-13,82.12584686279297,-0.0031231353819548557,1.5079364594485992e-06,0.0,100.0,0.9392896847984289,0.0
2021-09-14,81.20552825927734,-0.011206199249953475,1.3888888948020476e-06,0.0,100.0,0.9216272291506976,0.0
2021-09-15,81.63105010986328,0.005240060125307089,1.3888888948020476e-06,0.0,100.0,0.9377197262275229,0.0
2021-09-16,81.65084075927734,0.00024244021591579568,1.1904761638669722e-06,0.0,100.0,0.938932166409158,0.0
2021-09-17,81.80917358398438,0.0019391450624963724,1.1111111454074327e-06,0.0,100.0,0.9400532011283081,0.0
2021-09-20,78.88990020751953,-0.03568393675885195,9.92063506846389e-07,0.0,100.0,0.8532254688232719,0.0
2021-09-21,79.2065658569336,0.004014020154431419,7.936507759113135e-07,0.0,100.0,0.8764249379777412,0.0
2021-09-22,80.0873031616211,0.011119498682449214,9.92063506846389e-07,0.0,100.0,0.916721725971781,0.0
2021-09-23,81.16594696044922,0.013468349616559738,9.92063506846389e-07,0.0,100.0,0.9407172607632439,0.0
2021-09-24,80.81958770751953,-0.004267297627889022,9.92063506846389e-07,0.0,100.0,0.9352692046549952,1.0
2021-09-27,81.20552825927734,0.004775334330515246,9.92063506846389e-07,1.0,100.0,0.9363795130251807,1.0
2021-09-28,78.90968322753906,-0.028272028776267333,1.1904761638669722e-06,1.0,100.0,0.8833108732147019,1.0
2021-09-29,77.79145050048828,-0.014171045698236018,1.1904761638669722e-06,1.0,100.0,0.8547215376461708,1.0
2021-09-30,77.23728942871094,-0.007123675779433736,1.1111111454074327e-06,1.0,100.0,0.8459071709406476,1.0
2021-10-01,77.24718475341797,0.00012811589816563718,1.1111111454074327e-06,1.0,100.0,0.8579720663572257,1.0
2021-10-04,75.61436462402344,-0.021137600478343455,1.1111111454074327e-06,1.0,100.0,0.8129425581782265,1.0
2021-10-05,76.56436920166016,0.012563810889113736,1.3888888948020476e-06,1.0,100.0,0.8579441457822645,1.0
2021-10-06,76.61384582519531,0.0006462095103905163,1.5873015518226308e-06,1.0,100.0,0.867780546465031,1.0
2021-10-07,78.24666595458984,0.02131233736940996,1.5873015518226308e-06,1.0,100.0,0.9202498755738926,1.0
2021-10-08,77.95968627929688,-0.0036676281575948044,1.5873015518226308e-06,1.0,100.0,0.9172030003334641,1.0
2021-10-11,77.24718475341797,-0.009139358556758626,1.5873015518226308e-06,1.0,100.0,0.8979920881867249,1.0
2021-10-12,77.75187683105469,0.00653346887977535,1.5873015518226308e-06,1.0,100.0,0.9159419699588304,1.0
2021-10-13,78.47427368164062,0.009291053541454986,1.7857143566721944e-06,1.0,100.0,0.9322081851027499,1.0
2021-10-14,79.52323913574219,0.013366997933068836,1.5873015518226308e-06,1.0,100.0,0.9332407935811258,1.0
2021-10-15,79.7706298828125,0.0031109239231066343,1.5079364594485992e-06,1.0,100.0,0.9333007794104682,1.0
2021-10-18,80.30500793457031,0.00669893233315122,1.7063492642981665e-06,1.0,100.0,0.9268679658606762,1.0
2021-10-19,81.84876251220703,0.019223640185609847,1.984127013692778e-06,1.0,100.0,0.8396403080399184,1.0
2021-10-20,81.73001098632812,-0.001450865257262679,1.984127013692778e-06,1.0,100.0,0.8786242437282968,1.0
2021-10-21,82.04668426513672,0.0038746266516660466,1.984127013692778e-06,1.0,100.0,0.8759917749078526,1.0
2021-10-22,81.1263656616211,-0.01121701153140553,1.984127013692778e-06,1.0,100.0,0.9431533672671978,1.0
2021-10-25,83.51126861572266,0.029397384372535695,1.984127013692778e-06,1.0,100.0,0.7576965252968199,1.0
2021-10-26,83.03627014160156,-0.005687836887100839,1.984127013692778e-06,1.0,100.0,0.8472326836040089,1.0
2021-10-27,82.17533111572266,-0.010368228539296753,1.984127013692778e-06,1.0,100.0,0.9250839916099968,1.0
2021-10-28,83.80814361572266,0.019869862132963156,1.90476192131875e-06,1.0,100.0,0.8064187415817207,1.0
2021-10-29,83.91700744628906,0.0012989648245349539,1.90476192131875e-06,1.0,100.0,0.8241786094406733,1.0
2021-11-01,87.2717056274414,0.03997638003594828,1.5873015518226308e-06,1.0,100.0,0.4608770742008359,1.0
2021-11-02,86.50971221923828,-0.008731276680394418,1.7857143566721944e-06,1.0,100.0,0.5708304803690017,1.0
2021-11-03,87.69722747802734,0.013726958838790049,1.7857143566721944e-06,1.0,100.0,0.48060373725169575,1.0
2021-11-04,88.32066345214844,0.007108958766995244,1.3888888948020476e-06,1.0,100.0,0.463660231116115,1.0
2021-11-05,87.84565734863281,-0.005378198996127126,1.5873015518226308e-06,1.0,100.0,0.555579475275281,1.0
2021-11-08,88.90451049804688,0.012053562821116914,1.3888888948020476e-06,1.0,100.0,0.4744545022540364,1.0
2021-11-09,86.6878433227539,-0.024933123897484033,1.5873015518226308e-06,1.0,100.0,0.7871210400015491,1.0
2021-11-10,85.39148712158203,-0.014954302142981213,1.7857143566721944e-06,1.0,100.0,0.9062466401273985,1.0
2021-11-11,86.23262786865234,0.009850405179999688,1.5873015518226308e-06,1.0,100.0,0.8637745658564865,1.0
2021-11-12,86.5888900756836,0.004131408445233742,1.7063492642981665e-06,1.0,100.0,0.8424437684821172,1.0
2021-11-15,86.3909683227539,-0.002285763829016574,1.5079364594485992e-06,1.0,100.0,0.8756617779709595,1.0
2021-11-16,87.38055419921875,0.011454737638404211,1.5873015518226308e-06,1.0,100.0,0.7785392251319069,1.0
2021-11-17,86.5295181274414,-0.009739421769253909,1.7857143566721944e-06,1.0,100.0,0.8867710729995495,1.0
2021-11-18,85.60919189453125,-0.010635980100509701,1.7857143566721944e-06,1.0,100.0,0.9340529183188739,1.0
2021-11-19,85.36180114746094,-0.002889768511950108,1.7857143566721944e-06,1.0,100.0,0.942461239302825,1.0
2021-11-22,82.95709991455078,-0.0281706946266993,1.5873015518226308e-06,1.0,100.0,0.8886382313006222,1.0
2021-11-23,82.1060562133789,-0.010258841040109656,1.7857143566721944e-06,1.0,100.0,0.8724914563732239,1.0
2021-11-24,83.59043884277344,0.018078844580439846,1.984127013692778e-06,1.0,100.0,0.9367602209049399,1.0
2021-11-26,81.5716781616211,-0.024150617093295357,1.7063492642981665e-06,1.0,100.0,0.8728498176235419,1.0
2021-11-29,82.17533111572266,0.007400276268750172,1.5079364594485992e-06,1.0,100.0,0.9093152783786942,1.0
2021-11-30,81.30448913574219,-0.010597365026179362,1.90476192131875e-06,1.0,100.0,0.8871218563784344,1.0
2021-12-01,78.4148941040039,-0.03554041188198043,1.984127013692778e-06,1.0,100.0,0.7960820570545424,1.0
2021-12-02,79.52323913574219,0.014134368788004226,1.7063492642981665e-06,1.0,100.0,0.8501671028118877,1.0
2021-12-03,76.8414535522461,-0.03372329412938546,1.7063492642981665e-06,1.0,100.0,0.7761870430363793,1.0
2021-12-06,77.62322998046875,0.010173889119511559,1.7063492642981665e-06,1.0,100.0,0.8161193786339196,1.0
2021-12-07,79.6419906616211,0.026007171843535737,2.3015872353599167e-06,1.0,100.0,0.8917405649306783,1.0
2021-12-08,80.78990173339844,0.014413389999937687,2.3809523277339444e-06,1.0,100.0,0.9254475956510716,1.0
2021-12-09,78.15760803222656,-0.03258196438780525,2.103174578339333e-06,1.0,100.0,0.8481252182907336,1.0
2021-12-10,77.7221908569336,-0.005571014598008572,1.984127013692778e-06,1.0,100.0,0.8423117469251891,1.0
2021-12-13,76.1982192993164,-0.019607933600616412,1.7063492642981665e-06,1.0,100.0,0.8044563250164858,1.0
2021-12-14,75.20863342285156,-0.012986994782353434,1.90476192131875e-06,1.0,100.0,0.7882284204626621,1.0
2021-12-15,76.2279052734375,0.01355259102841555,1.7857143566721944e-06,1.0,100.0,0.8314182328904847,1.0
2021-12-16,74.11018371582031,-0.02778144762106083,1.3888888948020476e-06,1.0,100.0,0.7779651243285299,1.0
2021-12-17,74.88206481933594,0.01041531763671566,1.1904761638669722e-06,1.0,100.0,0.8113922478726108,1.0
2021-12-20,73.06122589111328,-0.024316088673779213,1.5079364594485992e-06,1.0,100.0,0.7710058667607589,1.0
2021-12-21,76.02999114990234,0.040633937120266195,2.5793649847545313e-06,1.0,100.0,0.8500952701674175,1.0
2021-12-22,76.67322540283203,0.008460269996105607,2.5793649847545313e-06,1.0,100.0,0.8667975317766958,1.0
2021-12-23,77.85082244873047,0.015358647555407723,2.3015872353599167e-06,1.0,100.0,0.8773924375995749,1.0
2021-12-27,78.05863952636719,0.0026694268743734373,1.7063492642981665e-06,1.0,100.0,0.884535735624027,1.0
2021-12-28,77.18780517578125,-0.011156155883190633,1.984127013692778e-06,1.0,100.0,0.8855550905457066,1.0
2021-12-29,76.62325286865234,-0.0073140090697388915,1.7857143566721944e-06,1.0,100.0,0.8784502860190093,1.0
2021-12-30,77.53092956542969,0.011845969242956667,9.92063506846389e-07,1.0,100.0,0.8956125125400966,1.0
2021-12-31,76.81277465820312,-0.009262818223022884,1.309523802428016e-06,1.0,100.0,0.8853008491340008,1.0
2022-01-03,78.53833770751953,0.022464532195259457,2.103174578339333e-06,1.0,0.0,0.7947408910388024,1.0
2022-01-04,77.44115447998047,-0.01397003373849115,3.1746031036452616e-06,1.0,0.0,0.9003771673674479,1.0
2022-01-05,73.76060485839844,-0.0475270500071574,3.3730159084948255e-06,1.0,0.0,0.8383708978862043,1.0
2022-01-06,73.67083740234375,-0.0012170108451119432,3.571428713344389e-06,1.0,0.0,0.8475215562974447,1.0
2022-01-07,72.69334411621094,-0.013268388423418598,3.492063473141381e-06,1.0,0.0,0.8241345547658459,1.0
2022-01-10,72.07493591308594,-0.008507081503038028,3.571428713344389e-06,1.0,0.0,0.8156069475614769,1.0
2022-01-11,73.7506332397461,0.02324937657496995,4.682539710922846e-06,1.0,0.0,0.8691451809049167,1.0
2022-01-12,73.01252746582031,-0.010008127950933976,4.563492146276289e-06,1.0,0.0,0.8577847426370514,1.0
2022-01-13,70.57878112792969,-0.0333332706367403,4.365079341426725e-06,1.0,0.0,0.7907340763861547,1.0
2022-01-14,70.56880187988281,-0.00014139161781201448,4.682539710922846e-06,1.0,0.0,0.8016910789564151,1.0
2022-01-18,68.49412536621094,-0.029399344446902176,5.158729969509063e-06,1.0,0.0,0.7545127910605135,1.0
2022-01-19,67.5565414428711,-0.01368853048822738,6.547619307798051e-06,1.0,0.0,0.7428370812258059,1.0
2022-01-20,67.40692138671875,-0.002214738246759884,6.666666576786647e-06,1.0,0.0,0.7489563963044439,1.0
2022-01-21,65.14273071289062,-0.03358988405416541,6.2698415584034366e-06,1.0,0.0,0.7104691598860257,1.0
2022-01-24,65.44197082519531,0.004593607130526367,6.150793698098924e-06,1.0,0.0,0.7287454452807315,1.0
2022-01-25,64.37471008300781,-0.0163085055161053,7.3412699358803885e-06,1.0,0.0,0.7173410378462866,1.0
2022-01-26,63.51691055297852,-0.013325101253632066,7.063492186485774e-06,1.0,0.0,0.7099844260149353,1.0
2022-01-27,60.81385040283203,-0.04255654323570901,7.3412699358803885e-06,1.0,0.0,0.675521902309174,1.0
2022-01-28,61.89108276367188,0.01771360230776775,6.86507908597825e-06,1.0,0.0,0.7019419680520682,1.0
2022-01-31,65.74120330810547,0.0622080010966215,6.86507908597825e-06,1.0,0.0,0.7496135353247781,1.0
2022-02-01,66.38953399658203,0.009861862208972116,8.055555323759714e-06,1.0,0.0,0.7517342244449752,1.0
2022-02-02,64.94324493408203,-0.02178489553149232,7.3412699358803885e-06,1.0,0.0,0.7510161089669509,1.0
2022-02-03,62.768829345703125,-0.03348178229446275,7.658730305376503e-06,1.0,0.0,0.7261698593730506,1.0
2022-02-04,64.49440002441406,0.027490885152680722,8.849206543157968e-06,1.0,0.0,0.7488568849301692,1.0
2022-02-07,64.56422424316406,0.0010826400233752143,8.055555323759714e-06,1.0,0.0,0.7518325597918001,1.0
2022-02-08,65.96063232421875,0.02162820195586157,1.0912698649224782e-05,1.0,0.0,0.749995271060032,1.0
2022-02-09,67.64630889892578,0.025555797682796033,1.0714286140033176e-05,1.0,0.0,0.7047082493370689,1.0
2022-02-10,65.97061157226562,-0.02477145248477508,1.4682539871760777e-05,1.0,0.0,0.75918821245475,1.0
2022-02-11,64.86344909667969,-0.01678266199447198,1.34126983937763e-05,1.0,0.0,0.7649484669309208,1.0
2022-02-14,64.773681640625,-0.0013839451540865744,1.4285714853377567e-05,1.0,0.0,0.7666711543835211,1.0
2022-02-15,67.3470687866211,0.03972890039312049,1.5873016109542244e-05,1.0,0.0,0.7157005883023821,1.0
2022-02-16,67.11766815185547,-0.0034062452739026527,1.480158714074937e-05,1.0,0.0,0.7367393599879193,1.0
2022-02-17,64.86344909667969,-0.03358607528014157,1.3690476143170916e-05,1.0,0.0,0.7722710485384472,1.0
2022-02-18,64.02560424804688,-0.012917056682940076,1.2619047174378047e-05,1.0,0.0,0.76769888909125,1.0
2022-02-22,62.1204948425293,-0.029755430314048037,1.3095238615596102e-05,1.0,0.0,0.7424310968613992,1.0
2022-02-23,59.92613220214844,-0.03532429427588113,1.3492063633979314e-05,1.0,0.0,0.7088506776250115,1.0
2022-02-24,62.91844940185547,0.049933427867713265,1.1230158427404976e-05,1.0,0.0,0.752962298211235,1.0
2022-02-25,63.8759880065918,0.015218725411057177,1.1825397137611633e-05,1.0,0.0,0.7564780261648865,1.0
2022-02-28,66.24989318847656,0.037164281226300444,1.1428570936596582e-05,1.0,0.0,0.6841374512587179,1.0
2022-03-01,64.94324493408203,-0.019723024317597093,1.2420634665186441e-05,1.0,0.0,0.7473054643426305,1.0
2022-03-02,65.14273071289062,0.0030716940462565123,1.2896824923772657e-05,1.0,0.0,0.7476677526433702,1.0
2022-03-03,62.69900894165039,-0.037513345610436066,1.3293651124787706e-05,1.0,0.0,0.762896288904448,1.0
2022-03-04,61.32254409790039,-0.02195353430595659,1.2103174887006245e-05,1.0,0.0,0.7472051170618716,1.0
2022-03-07,60.3350830078125,-0.016102741734123516,1.2103174887006245e-05,1.0,0.0,0.7349975711142351,1.0
2022-03-08,60.60438537597656,0.004463445722436399,1.4285714853377567e-05,1.0,0.0,0.7443100146699507,1.0
2022-03-09,62.260135650634766,0.02732063470962176,1.4682539871760777e-05,1.0,0.0,0.7603912031472587,1.0
2022-03-10,61.38239288330078,-0.014097989960370927,1.4285714853377567e-05,1.0,0.0,0.7609317400093659,1.0
2022-03-11,59.17805099487305,-0.03591163173808809,1.4484127362569171e-05,1.0,0.0,0.731425755509417,1.0
2022-03-14,57.07345581054688,-0.03556377996477944,1.4999999649940975e-05,1.0,0.0,0.701083617526194,1.0
2022-03-15,58.55963897705078,0.026039831396178714,1.777777832651895e-05,1.0,0.0,0.7312296545198339,1.0
2022-03-16,62.53942108154297,0.06796117896238818,1.7182539616312296e-05,1.0,0.0,0.698080954118973,1.0
2022-03-17,64.7337875366211,0.03508773213965255,1.4285714853377567e-05,1.0,0.0,0.5938463823149664,1.0
2022-03-18,66.87828063964844,0.03312787934452577,1.5198412159132579e-05,1.0,0.0,0.4888997233073378,0.0
2022-03-21,66.44937896728516,-0.006413168344956088,1.8055556075913563e-05,1.0,0.0,0.5331949048474516,1.0
2022-03-22,68.30461883544922,0.027919596796795565,2.0634919878036257e-05,1.0,0.0,0.4487205721613676,0.0
2022-03-23,67.64630889892578,-0.009637853892565551,1.9047618621871583e-05,1.0,0.0,0.5022352450265558,1.0
2022-03-24,68.8631820678711,0.017988759309299773,1.916666707349202e-05,1.0,0.0,0.44443060883877517,0.0
2022-03-25,68.58390045166016,-0.004055601379786333,2.0634919878036257e-05,1.0,0.0,0.4767184983998813,0.0
2022-03-28,69.21228790283203,0.009162317206131698,2.015873080208188e-05,0.0,0.0,0.4500097710033095,0.0
2022-03-29,70.98772430419922,0.025652040340867543,2.2023809807641167e-05,0.0,0.0,0.37370178759398465,0.0
2022-03-30,69.82072448730469,-0.01643945947462211,2.083333238722786e-05,0.0,0.0,0.4493924490113488,0.0
2022-03-31,67.4867172241211,-0.03342857411352096,1.9563492091875226e-05,0.0,0.0,0.6912971371728669,1.0
2022-04-01,68.0153579711914,0.007833256214177853,1.984126984126984e-05,1.0,0.0,0.6526291700749537,1.0
2022-04-04,70.15985107421875,0.03152954225331972,2.1349205857231504e-05,1.0,0.0,0.4477701576222465,0.0
2022-04-05,67.95551300048828,-0.03141879636258926,2.650793582674057e-05,1.0,0.0,0.6873169458663287,1.0
2022-04-06,65.63148498535156,-0.03419925643295518,2.6309523317548965e-05,1.0,0.0,0.7918578863229071,1.0
2022-04-07,65.42201232910156,-0.0031916488907229867,2.619047723119221e-05,1.0,0.0,0.7957385485184647,1.0
2022-04-08,64.02560424804688,-0.021344621349006165,2.650793582674057e-05,1.0,0.0,0.7902724953213582,1.0
2022-04-11,63.34734344482422,-0.010593586912431951,2.6984127267958627e-05,1.0,0.0,0.7850293604842962,1.0
2022-04-12,63.0880126953125,-0.004093790448175594,2.9285713320686706e-05,1.0,0.0,0.7881681766578542,1.0
2022-04-13,64.37471008300781,0.02039527531021612,2.9365079743521554e-05,1.0,0.0,0.8044679106894531,1.0
2022-04-14,63.17778015136719,-0.018593170052296104,2.9682540704333593e-05,1.0,0.0,0.7978584578041281,1.0
2022-04-18,62.51947021484375,-0.010419959912269738,2.9960317271096366e-05,1.0,0.0,0.7918324426896093,1.0
2022-04-19,63.885963439941406,0.021857082608054634,3.3055555725854536e-05,1.0,0.0,0.8032823863850795,1.0
2022-04-20,62.57931900024414,-0.02045276253719852,3.154761970989288e-05,1.0,0.0,0.7975159715443717,1.0
2022-04-21,60.574462890625,-0.032037039418906454,3.174603221908449e-05,1.0,0.0,0.7604652617016932,1.0
2022-04-22,59.03840637207031,-0.025358153341420997,3.0952379817054386e-05,1.0,0.0,0.7337425075943348,1.0
2022-04-25,60.12561798095703,0.01841532784667188,3.166666579624963e-05,1.0,0.0,0.7674764413106012,1.0
2022-04-26,57.06348037719727,-0.05092900009326473,3.3055555725854536e-05,1.0,0.0,0.7090987324892803,1.0
2022-04-27,56.6545295715332,-0.007166594167773321,3.206349317989652e-05,1.0,0.0,0.7108319550819981,1.0
2022-04-28,57.821533203125,0.020598593623804007,3.115079469150967e-05,1.0,0.0,0.7426683625732516,1.0
2022-04-29,56.48496627807617,-0.02311538368160382,3.206349317989652e-05,1.0,0.0,0.722325967646,1.0
2022-05-02,57.751712799072266,0.02242625966633116,3.0357142289479574e-05,1.0,0.0,0.7517063349161484,1.0
2022-05-03,57.77165985107422,0.0003453932538997062,3.551587225898864e-05,1.0,0.0,0.7558159312546775,1.0
2022-05-04,59.58700180053711,0.03142270715680562,3.3055555725854536e-05,1.0,0.0,0.7573595592796191,1.0
2022-05-05,55.92639923095703,-0.06143290413962532,3.186507830544124e-05,1.0,0.0,0.7266848841738923,1.0
2022-05-06,54.64967727661133,-0.022828609957048607,3.2341269746659296e-05,1.0,0.0,0.7102438259020073,1.0
2022-05-09,50.82948684692383,-0.06990325689118837,3.174603221908449e-05,1.0,0.0,0.6572989147109795,1.0
2022-05-10,50.88933181762695,0.001177367201902868,3.4841270673842654e-05,1.0,0.0,0.6671429080106589,1.0
2022-05-11,48.41568374633789,-0.048608381814756796,3.503968318303426e-05,1.0,0.0,0.6431384189497338,1.0
2022-05-12,49.49291610717773,0.022249657083926122,3.5912697277371846e-05,1.0,0.0,0.6645249348182545,1.0
2022-05-13,52.46528625488281,0.06005647639085088,3.742063565859719e-05,1.0,0.0,0.7013865965279633,1.0
2022-05-16,51.27833557128906,-0.02262354345742812,3.8888889645773273e-05,1.0,0.0,0.6928300646397804,1.0
2022-05-17,53.9015998840332,0.051157360774652716,4.119047569850135e-05,1.0,0.0,0.6971461935087436,1.0
2022-05-18,52.27577209472656,-0.030162885569343656,3.980158813416012e-05,1.0,0.0,0.7022241758124842,1.0
2022-05-19,53.22333908081055,0.018126312594043403,3.968253968253968e-05,1.0,0.0,0.7032258402604027,1.0
2022-05-20,51.94662094116211,-0.023987937654756264,3.880952322293841e-05,1.0,0.0,0.704009452715287,1.0
2022-05-23,52.3455924987793,0.007680414055595497,3.940476075051322e-05,1.0,0.0,0.7066230926615481,1.0
2022-05-24,50.430511474609375,-0.036585334748376,4.1388888207692946e-05,1.0,0.0,0.6953167030934447,1.0
2022-05-25,51.33818054199219,0.01799841089931853,4.1468252265264115e-05,1.0,0.0,0.7042168798024941,1.0
2022-05-26,52.89418411254883,0.030308895915855505,4.079365068011814e-05,1.0,0.0,0.6980431327233245,1.0
2022-05-27,54.998779296875,0.03978878244625128,4.06746022284977e-05,1.0,0.0,0.6389202220556495,1.0
2022-05-31,54.39034271240234,-0.011062728886916173,4.0873014737689306e-05,1.0,0.0,0.6733557204056088,1.0
2022-06-01,53.702110290527344,-0.012653577593988219,4.376984304851956e-05,1.0,0.0,0.6987214031647421,1.0
2022-06-02,56.694427490234375,0.05572066318285551,4.4166668066902766e-05,1.0,0.0,0.5735241701710992,1.0
2022-06-03,55.01873016357422,-0.029556649583396766,4.503968216124035e-05,1.0,0.0,0.6683149149739145,1.0
2022-06-06,54.998779296875,-0.0003626195413798383,4.6031744707198374e-05,1.0,0.0,0.678228042467528,1.0
2022-06-07,55.63714218139648,0.011606855509932235,4.861111205721658e-05,1.0,0.0,0.6566189605473509,1.0
2022-06-08,55.87652969360352,0.004302656513639036,4.892857301802862e-05,1.0,0.0,0.656065812153184,1.0
2022-06-09,54.02128982543945,-0.03320248910118784,4.9126985527220226e-05,1.0,0.0,0.7211316805213622,1.0
2022-06-10,52.245849609375,-0.032865565072612735,5.111111061913627e-05,1.0,0.0,0.7235590551212684,1.0
2022-06-13,49.24355697631836,-0.0574647106995827,5.944444546623834e-05,1.0,0.0,0.6862059939369122,1.0
2022-06-14,49.44304656982422,0.0040510800956519155,6.916666787768166e-05,1.0,0.0,0.695441097560265,1.0
2022-06-15,51.27833557128906,0.03711925394550719,6.72619068433368e-05,1.0,0.0,0.7155383916023533,1.0
2022-06-16,48.64509582519531,-0.05135189582027133,5.884920793866354e-05,1.0,0.0,0.6899015255732175,1.0
2022-06-17,50.06145858764648,0.0291162498176758,5.992063454219273e-05,1.0,0.0,0.7080033477286726,1.0
2022-06-21,51.42795181274414,0.027296312645490373,5.904762044785515e-05,1.0,0.0,0.706172466588514,1.0
2022-06-22,51.3481559753418,-0.001551604421130559,6.130952210653396e-05,1.0,0.0,0.708496631908609,1.0
2022-06-23,52.35557174682617,0.01961931742920142,6.190475963410877e-05,1.0,0.0,0.6907088701955524,1.0
2022-06-24,53.552494049072266,0.0228614121154862,6.341270038059779e-05,1.0,0.0,0.6501198695135417,1.0
2022-06-27,52.73459243774414,-0.015272894864217679,6.480158794493902e-05,1.0,0.0,0.6908739879385545,1.0
2022-06-28,51.21848678588867,-0.028749736781322643,6.896825536849007e-05,1.0,0.0,0.7177063629463536,1.0
2022-06-29,50.34074401855469,-0.017137225685781354,6.765873186172e-05,1.0,0.0,0.719112754435326,1.0
2022-06-30,49.95174407958984,-0.007727337895949149,6.349206443816897e-05,1.0,0.0,0.7183881959902393,1.0
2022-07-01,50.09138488769531,0.002795514164289914,6.36111128897894e-05,1.0,0.0,0.7202470920041402,1.0
2022-07-05,51.058895111083984,0.019314902663558398,6.468253949331859e-05,1.0,0.0,0.7145452730070185,1.0
2022-07-06,50.06145858764648,-0.0195350197309887,7.301587434042068e-05,1.0,0.0,0.7227776464424608,1.0
2022-07-07,52.23587417602539,0.043434922787397356,7.353174781042433e-05,1.0,0.0,0.677050529462821,1.0
2022-07-08,52.3455924987793,0.002100440061253206,7.313492279204111e-05,1.0,0.0,0.6787245333727702,1.0
2022-07-11,50.21107482910156,-0.04077740966877985,7.749999799425638e-05,1.0,0.0,0.7244324973680413,1.0
2022-07-12,49.85199737548828,-0.007151359632022181,8.384920301891509e-05,1.0,0.0,0.7255866332744688,1.0
2022-07-13,49.76222610473633,-0.0018007557465710144,9.218253786601717e-05,1.0,0.0,0.7261647796943878,1.0
2022-07-14,49.43307495117188,-0.006614478075632535,9.019841277410113e-05,1.0,0.0,0.725202831153785,1.0
2022-07-15,50.67987060546875,0.025221891527654527,8.888888926733108e-05,1.0,0.0,0.7124609941043157,1.0
2022-07-18,50.59010314941406,-0.001771264507628767,8.96825393040975e-05,1.0,0.0,0.7186217711542724,1.0
2022-07-19,52.15608215332031,0.030954255999068536,9.722222411443316e-05,1.0,0.0,0.658263726377989,1.0
2022-07-20,53.51259994506836,0.026008813080713455,9.436508019765218e-05,1.0,0.0,0.5817045386656574,1.0
2022-07-21,54.799293518066406,0.024044684323296872,9.365078948792958e-05,1.0,0.0,0.5091953590186316,1.0
2022-07-22,52.99393081665039,-0.032944999570493017,9.345238170926534e-05,1.0,0.0,0.6493035367062996,1.0
2022-07-25,52.79444122314453,-0.0037643856651444763,9.496031299469963e-05,1.0,0.0,0.6692923146404468,1.0
2022-07-26,51.95659255981445,-0.01587001668961263,9.821428192986383e-05,1.0,0.0,0.7162942086393501,1.0
2022-07-27,53.96144485473633,0.03858706270265522,9.456348797631641e-05,1.0,0.0,0.5931641179024588,1.0
2022-07-28,55.05862808227539,0.020332725161319676,9.158730506896972e-05,1.0,0.0,0.5220184396545179,1.0
2022-07-29,55.91642761230469,0.015579747623705176,9.119048005058652e-05,1.0,0.0,0.477573737311611,0.0
2022-08-01,56.07601547241211,0.002854042486653885,8.988095654381647e-05,1.0,0.0,0.4810664071304268,0.0
2022-08-02,56.64455795288086,0.010138781717621503,9.773809758443683e-05,0.0,0.0,0.45939678389598826,0.0
2022-08-03,58.001075744628906,0.023947892626798417,9.634920528956822e-05,0.0,0.0,0.40086758051277377,0.0
2022-08-04,58.18061447143555,0.0030954378776890668,9.436508019765218e-05,0.0,0.0,0.4006486841501548,0.0
2022-08-05,57.15324783325195,-0.017658229420866478,9.563492404090033e-05,0.0,0.0,0.47855588647683783,0.0
2022-08-08,57.6868782043457,0.009336833711544257,9.761904913281637e-05,0.0,0.0,0.45623631408767484,0.0
2022-08-09,56.195709228515625,-0.025849361626882894,0.00010198412433503166,0.0,0.0,0.6103824373175909,1.0
2022-08-10,59.00848388671875,0.050053192615920006,0.0001005952415012178,0.0,0.0,0.3903586774277795,0.0
2022-08-11,58.76910018920898,-0.004056767463629929,9.880952418796599e-05,0.0,0.0,0.4189779386827334,0.0
2022-08-12,60.384952545166016,0.027494931022505886,9.92063492063492e-05,0.0,0.0,0.3538014252689658,0.0
2022-08-15,60.205413818359375,-0.0029732361994050382,9.972222267635285e-05,0.0,0.0,0.3629697373796197,0.0
2022-08-16,60.06577301025391,-0.002319406167139104,0.00010309524006313749,0.0,0.0,0.3774477964842024,0.0
2022-08-17,58.0908432006836,-0.03287945381528956,0.00010190476500798786,0.0,0.0,0.5648776791510446,1.0
2022-08-18,58.0309944152832,-0.0010302619501260102,0.00010178571655636741,1.0,0.0,0.5775351007081982,1.0
2022-08-19,55.93637466430664,-0.03609484504068605,0.00010238094935341486,1.0,0.0,0.7245407994407301,1.0
2022-08-22,54.18088150024414,-0.03138374938665256,0.00010507936515505352,1.0,0.0,0.7413096224341794,1.0
2022-08-23,53.941497802734375,-0.004418231872227563,0.00010726190748668851,1.0,0.0,0.7472380669836468,1.0
2022-08-24,54.7893180847168,0.015717403418846976,0.00010765873250507174,1.0,0.0,0.7498298167198033,1.0
2022-08-25,55.80670928955078,0.018569152535552025,0.00010833333409021771,1.0,0.0,0.7110860691312951,1.0
2022-08-26,53.40288162231445,-0.04307416971612088,0.0001093254013667031,1.0,0.0,0.7502787166167533,1.0
2022-08-29,52.80441284179688,-0.011206675788587028,0.00011103174989185636,1.0,0.0,0.7494788950245196,1.0
2022-08-30,51.94662094116211,-0.016244701048087284,0.00011400793279920305,1.0,0.0,0.7422443602314609,1.0
2022-08-31,51.82692337036133,-0.0023042417125910264,0.00011349205932919941,1.0,0.0,0.7475779451015767,1.0
2022-09-01,51.04892349243164,-0.015011500342592354,0.00011361110778081984,1.0,0.0,0.7403646337484302,1.0
2022-09-02,50.101356506347656,-0.01856193865135014,0.00011190475925566658,1.0,0.0,0.7284461665372274,1.0
2022-09-06,50.11133193969727,0.00019910505513665022,0.00011289682653215195,1.0,0.0,0.7371443418003426,1.0
2022-09-07,50.450462341308594,0.0067675391669776985,0.00011638889237055703,1.0,0.0,0.7496137705561835,1.0
2022-09-08,51.00902557373047,0.011071518604588215,0.00011706349395570301,1.0,0.0,0.7583427210567945,1.0
2022-09-09,52.44533920288086,0.02815802915259158,0.00011777777520437089,1.0,0.0,0.7343564531974908,1.0
2022-09-12,53.08369827270508,0.012171893242119758,0.00011884920180790008,1.0,0.0,0.7009762890364195,1.0
2022-09-13,50.7696418762207,-0.0435925994567381,0.00012511905223604232,1.0,0.0,0.7514015837459285,1.0
2022-09-14,51.32820510864258,0.011001913974175492,0.00012412698495955693,1.0,0.0,0.7485903353136982,1.0
2022-09-15,50.95915222167969,-0.007190060244299246,0.00012281746145278687,1.0,0.0,0.754770850692429,1.0
2022-09-16,49.93179321289063,-0.02016044153010821,0.00012182539417630151,1.0,0.0,0.7480879556536008,1.0
2022-09-19,50.06145858764648,0.002596849950952107,0.00012043651134248764,1.0,0.0,0.7486016376202881,1.0
2022-09-20,49.36325454711914,-0.013946937628773526,0.00012869047740149119,1.0,0.0,0.7452117288474828,1.0
2022-09-21,48.92437744140625,-0.00889076520053933,0.00012658730385795472,1.0,0.0,0.7443950904674739,1.0
2022-09-22,47.797271728515625,-0.023037711910396608,0.00012420635374765549,1.0,0.0,0.7279893298677397,1.0
2022-09-23,46.45072937011719,-0.028171950190937323,0.00012333333492279053,1.0,0.0,0.706082829952475,1.0
2022-09-26,45.872215270996094,-0.01245435985539689,0.00012559523658146936,1.0,0.0,0.7019308420888949,1.0
2022-09-27,46.2612190246582,0.008480160623680844,0.00012896825396825398,1.0,0.0,0.7158191928279524,1.0
2022-09-28,47.49803924560547,0.026735573489492737,0.00012817460393148755,1.0,0.0,0.735170814208741,1.0
2022-09-29,45.45328903198242,-0.04304914994595754,0.00012769841012500582,1.0,0.0,0.7070421612042711,1.0
2022-09-30,44.95457077026367,-0.010972105041019975,0.00012619047883957152,1.0,0.0,0.7031769403573491,1.0
2022-10-03,45.57298278808594,0.013756376876171483,0.00012500000378442192,1.0,0.0,0.7172428218740821,1.0
2022-10-04,47.54791259765625,0.04333553980334637,0.00013154762131827217,1.0,0.0,0.71518312589964,1.0
2022-10-05,46.749961853027344,-0.016782035236353132,0.00013067460249340722,1.0,0.0,0.7223378427843273,1.0
2022-10-06,46.410831451416016,-0.00725413215688786,0.000130476194714743,1.0,0.0,0.7242956646939328,1.0
2022-10-07,44.3261833190918,-0.04491727614288654,0.00013067460249340722,1.0,0.0,0.7027340597133652,1.0
2022-10-10,43.56813049316406,-0.01710169405903328,0.00013035714626312257,1.0,0.0,0.6946382700678505,1.0
2022-10-11,42.88987350463867,-0.015567732212696361,0.00013253967913370285,1.0,0.0,0.6881910880009284,1.0
2022-10-12,42.66046142578125,-0.005348863498807255,0.00014019841239565892,1.0,0.0,0.6893863914910358,1.0
2022-10-13,43.54818344116211,0.0208090111009529,0.00014218253748757498,1.0,0.0,0.7041540007185552,1.0
2022-10-14,41.73284530639648,-0.041685737298740255,0.0001439682548008268,1.0,0.0,0.6814323326806964,1.0
2022-10-17,43.66787338256836,0.046367029661294135,0.00014634920491112604,1.0,0.0,0.70117915588923,1.0
2022-10-18,44.1266975402832,0.010507133097486632,0.00015210317240820992,1.0,0.0,0.701454247305096,1.0
2022-10-19,43.468387603759766,-0.014918631423130324,0.00015448412251850918,1.0,0.0,0.7030529498643975,1.0
2022-10-20,42.84000015258789,-0.014456194163445901,0.00015436508352794344,1.0,0.0,0.7008458637822832,1.0
2022-10-21,43.94715881347656,0.02584403961123205,0.00015416666628822448,1.0,0.0,0.7001468889502586,1.0
2022-10-24,43.777591705322266,-0.0038584316422817233,0.0001552777820163303,1.0,0.0,0.7017575101869081,1.0
2022-10-25,45.423370361328125,0.037594088479877996,0.00015734126643529017,1.0,0.0,0.6603731086171946,1.0
2022-10-26,45.4632682800293,0.0008783566341246107,0.00015595238360147627,1.0,0.0,0.6669656868821912,1.0
2022-10-27,45.61288070678711,0.0032908418690069663,0.00015595238360147627,1.0,0.0,0.6692456043588965,1.0
2022-10-28,46.77988815307617,0.025585041510334028,0.0001575396836750091,1.0,0.0,0.6149863579694805,1.0
2022-10-31,46.27119064331055,-0.010874278025228112,0.00015773809145367334,1.0,0.0,0.6539878381344476,1.0
2022-11-01,46.17144775390625,-0.002155615362768204,0.0001607142932831295,1.0,0.0,0.6691007171033292,1.0
2022-11-02,44.26633834838867,-0.04126163458576848,0.0001597222260066441,1.0,0.0,0.7153852333536551,1.0
2022-11-03,43.98705291748047,-0.006309205625054104,0.0001597222260066441,1.0,0.0,0.7164379649868465,1.0
2022-11-04,44.23641586303711,0.005669007787915348,0.0001592460322001624,1.0,0.0,0.7156356874251668,1.0
2022-11-07,44.41595458984375,0.004058618296801431,0.00015805555714501273,1.0,0.0,0.713996426416397,1.0
2022-11-08,44.07682418823242,-0.007635328447694212,0.00016230159335666234,1.0,0.0,0.7173854368579726,1.0
2022-11-09,41.9921760559082,-0.04729578799556011,0.00016242063234722803,1.0,0.0,0.7026807270315338,1.0
2022-11-10,45.283729553222656,0.0783849232517051,0.000160912691600739,1.0,0.0,0.6543704722715536,1.0
2022-11-11,46.53052520751953,0.027532971921658822,0.00016123016675313314,1.0,0.0,0.5921626439548827,1.0
2022-11-14,45.32362365722656,-0.025937844993374926,0.00016142856507074264,1.0,0.0,0.6684913497275443,1.0
2022-11-15,46.72003936767578,0.030809886716252732,0.00016388889343019517,1.0,0.0,0.5965068656754633,1.0
2022-11-16,45.31364822387695,-0.03010252480163511,0.0001636904761904762,1.0,0.0,0.6804175079850787,1.0
2022-11-17,44.854827880859375,-0.010125433749026969,0.00016321428238399446,1.0,0.0,0.6979409412561646,1.0
2022-11-18,44.57554244995117,-0.0062264296643835815,0.00016408731066991413,1.0,0.0,0.7056526332040606,1.0
2022-11-21,43.52823257446289,-0.023495168379929154,0.00016261904958694698,1.0,0.0,0.7148378347386624,1.0
2022-11-22,43.66787338256836,0.0032080514150576445,0.00016658729977077908,1.0,0.0,0.7155384594703583,1.0
2022-11-23,44.71518707275391,0.023983620200832334,0.0001666666590978229,1.0,0.0,0.6955391887309289,1.0
2022-11-25,44.76506042480469,0.001115355996825551,0.00016567461074344696,1.0,0.0,0.6946163923630448,1.0
2022-11-28,43.81748962402344,-0.021167642616566007,0.00016599206697373163,1.0,0.0,0.7175328233898044,1.0
2022-11-29,43.468387603759766,-0.007967184411045602,0.00016876983264135935,1.0,0.0,0.7205296987192653,1.0
2022-11-30,45.69267654418945,0.051170265635463785,0.00016876983264135935,1.0,0.0,0.6316980946566829,1.0
2022-12-01,46.03180694580078,0.007421985912410944,0.00016638888253106012,1.0,0.0,0.6174393899354876,1.0
2022-12-02,46.590370178222656,0.012134288646968416,0.00016698413425021702,1.0,0.0,0.5855072332065536,1.0
2022-12-05,44.99446868896485,-0.034253891590751206,0.00016499999969724625,1.0,0.0,0.6921364329628039,1.0
2022-12-06,44.00700378417969,-0.021946362154229515,0.0001674603091345893,1.0,0.0,0.7179104382175818,1.0
2022-12-07,43.55815505981445,-0.010199483849582025,0.00016599206697373163,1.0,0.0,0.72171920012632,1.0
2022-12-08,44.39600372314453,0.019235173348814527,0.00016468254346696157,1.0,0.0,0.7066409720703042,1.0
2022-12-09,43.977081298828125,-0.009436039039207755,0.0001655952324942937,1.0,0.0,0.7178130850922718,1.0
2022-12-12,44.1167221069336,0.0031753086830978994,0.0001653968341766842,1.0,0.0,0.7146708659616993,1.0
2022-12-13,43.997032165527344,-0.0027130288854222417,0.00016857143432374985,1.0,0.0,0.7179142008307186,1.0
2022-12-14,43.5382080078125,-0.010428525178440173,0.0001674603091345893,1.0,0.0,0.7251239941548379,1.0
2022-12-15,42.2614860534668,-0.02932417324380021,0.00016718253256782652,1.0,0.0,0.722466880833011,1.0
2022-12-16,41.83258819580078,-0.010148669574075009,0.00016519841693696523,1.0,0.0,0.7202984837329535,1.0
2022-12-19,41.16430282592773,-0.01597523363233211,0.00016519841693696523,1.0,0.0,0.7134511842100534,1.0
2022-12-20,40.95484161376953,-0.005088418794409022,0.00016785714361402723,1.0,0.0,0.7139920301521095,1.0
2022-12-21,41.73284530639648,0.018996623157867987,0.00016686507633754187,1.0,0.0,0.7234864051230077,1.0
2022-12-22,40.296531677246094,-0.0344168632309918,0.00016698413425021702,1.0,0.0,0.7091593918074206,1.0
2022-12-23,40.28655624389648,-0.00024755066836801287,0.00016638888253106012,1.0,0.0,0.7128553109871539,1.0
2022-12-27,39.42876052856445,-0.02129235644116345,0.00016646826078021336,1.0,0.0,0.7020853944963411,1.0
2022-12-28,39.37888717651367,-0.0012648977898924718,0.00017214285002814398,1.0,0.0,0.7049941750567651,1.0
2022-12-29,40.845123291015625,0.03723406677110086,0.00017043651096404543,1.0,0.0,0.7134425559614307,1.0
2022-12-30,40.90496826171875,0.0014651680759227848,0.00016904762813023158,1.0,0.0,0.7128943384120049,1.0
2023-01-03,40.38630294799805,-0.012679763260105004,0.00016884921089051262,1.0,0.0,0.8625228313744305,1.0
2023-01-04,41.29397201538086,0.022474675846203107,0.0001746031783875965,1.0,0.0,0.8095483113879707,1.0
2023-01-05,40.655609130859375,-0.01545898477103902,0.00017849206924438476,1.0,0.0,0.8522562043892365,1.0
2023-01-06,41.90240859985352,0.030667341989171426,0.00017829365200466577,1.0,0.0,0.7209512815339164,1.0
2023-01-09,42.63053894042969,0.01737681352710374,0.00017789681752522789,1.0,0.0,0.6224282982721243,1.0
2023-01-10,43.298824310302734,0.015676212088401753,0.0001811507959214468,1.0,0.0,0.5342389342479913,1.0
2023-01-11,43.91723251342773,0.01428233244148025,0.00018075396144200885,1.0,0.0,0.46826922209161403,0.0
2023-01-12,44.525672912597656,0.013854251835743403,0.00017757936129494318,1.0,0.0,0.41860084660514113,0.0
2023-01-13,44.73513412475586,0.004704279541588585,0.00017809523476494682,0.0,0.0,0.40878060690407153,0.0
2023-01-17,45.33359909057617,0.013377962926216735,0.00017829365200466577,0.0,0.0,0.37248597767636354,0.0
2023-01-18,44.665313720703125,-0.014741502622322544,0.00017976191308763294,0.0,0.0,0.4492494480467355,0.0
2023-01-19,43.78757095336914,-0.019651552719916032,0.00017956349584791396,0.0,0.0,0.6178625458346658,1.0
2023-01-20,45.0842399597168,0.029612718360845447,0.0001800793693179176,0.0,0.0,0.41678647664877727,0.0
2023-01-23,46.37093734741211,0.028539848710879667,0.00017996031140524242,0.0,0.0,0.33107788412503025,0.0
2023-01-24,46.06172943115234,-0.00666814030398355,0.00018146825215173144,0.0,0.0,0.351537576428031,0.0
2023-01-25,46.06172943115234,0.0,0.00018035714588468036,0.0,0.0,0.3571330515228582,0.0
2023-01-26,47.05916976928711,0.021654426580435482,0.00018027778655763655,0.0,0.0,0.30698261336951516,0.0
2023-01-27,48.46555709838867,0.029885510857852626,0.00018047618487524608,0.0,0.0,0.28687530861533145,0.0
2023-01-30,47.22872924804688,-0.02551972832646776,0.00017996031140524242,0.0,0.0,0.3131479714642977,0.0
2023-01-31,48.44560623168945,0.02576560925981064,0.00018134921316116578,0.0,0.0,0.2787699691117558,0.0
2023-02-01,50.240997314453125,0.03705993633720417,0.000179365078608195,0.0,0.0,0.28118206831573,0.0
2023-02-02,51.68728256225586,0.02878695338690407,0.0001789682630508665,0.0,0.0,0.2893016602887344,0.0
2023-02-03,50.869384765625,-0.015823965898105086,0.0001794841175987607,0.0,0.0,0.26312636079487944,0.0
2023-02-06,50.36069107055664,-0.00999999700039833,0.0001798809520781986,0.0,0.0,0.2502201528178392,0.0
2023-02-07,50.859413146972656,0.009903003033006286,0.00018134921316116578,0.0,0.0,0.24483085560444542,0.0
2023-02-08,49.97168731689453,-0.0174545039973778,0.0001819444459582132,0.0,0.0,0.25242305619376215,0.0
2023-02-09,49.742279052734375,-0.004590764820594617,0.00018305555222526427,0.0,0.0,0.26879803600771063,0.0
2023-02-10,48.67501831054688,-0.021455807062157994,0.00018392858051118397,0.0,0.0,0.3912196268610675,0.0
2023-02-13,49.14381408691406,0.00963113713437691,0.00018432539606851245,0.0,0.0,0.32572234260647653,0.0
2023-02-14,50.19611358642578,0.02141265424882688,0.0001849206288655599,0.0,0.0,0.24968594438102817,0.0
2023-02-15,51.31823348999024,0.022354716797595042,0.00018424603674146864,0.0,0.0,0.23095739244057742,0.0
2023-02-16,50.00161361694336,-0.025655985865212894,0.00018511904610527886,0.0,0.0,0.2835893989696348,0.0
2023-02-17,50.33076477050781,0.006582810628593672,0.00018571427890232633,0.0,0.0,0.2615183072685343,0.0
2023-02-21,48.48550415039063,-0.03666267795712974,0.00018603175405472046,0.0,0.0,0.5282105776385712,1.0
2023-02-22,48.77476501464844,0.0059659246475107786,0.0001863095306214832,0.0,0.0,0.46614814092462903,0.0
2023-02-23,49.12386703491211,0.007157431105179635,0.00018611111338176424,0.0,0.0,0.40210868340643613,0.0
2023-02-24,48.39573669433594,-0.014822333511706143,0.00018662698685176788,0.0,0.0,0.5395687886209034,1.0
2023-02-27,48.81465911865234,0.008656184468526229,0.00018511904610527886,0.0,0.0,0.4652793488050258,0.0
2023-02-28,48.93435287475586,0.002452004341822578,0.00018690476341853067,0.0,0.0,0.45136201869703646,0.0
2023-03-01,48.77476501464844,-0.0032612643415531606,0.0001874999962155781,0.0,0.0,0.4871796335001265,0.0
2023-03-02,48.8346061706543,0.0012268876331416045,0.0001874206368885343,0.0,0.0,0.4638152990493553,0.0
2023-03-03,50.240997314453125,0.028799067998708683,0.00018722221964881535,0.0,0.0,0.27061661565727435,0.0
2023-03-06,49.68243408203125,-0.011117678037437906,0.0001876190541282533,0.0,0.0,0.3444771623100907,0.0
2023-03-07,48.794708251953125,-0.017868001970523184,0.00019226189643617659,0.0,0.0,0.5181796293548528,1.0
2023-03-08,48.55532455444336,-0.004905935624693103,0.0001937698371826656,1.0,0.0,0.5603080686874713,1.0
2023-03-09,47.248680114746094,-0.026910425410341388,0.00019238095434885176,1.0,0.0,0.7705012319664307,1.0
2023-03-10,46.28116607666016,-0.0204770595863476,0.00019059523703559997,1.0,0.0,0.8285613560814877,1.0
2023-03-13,46.25123977661133,-0.0006466194045168239,0.0001848412695385161,1.0,0.0,0.8370512401517531,1.0
2023-03-14,47.23870849609375,0.02135010270539328,0.00018571427890232633,1.0,0.0,0.7252244848349342,1.0
2023-03-15,46.670166015625,-0.012035521261462123,0.00018087301935468402,1.0,0.0,0.7918606504282233,1.0
2023-03-16,47.96683883666992,0.027783762770648757,0.00017976191308763294,1.0,0.0,0.5219088406628123,1.0
2023-03-17,46.96939849853516,-0.020794372994457744,0.00017035715163700164,1.0,0.0,0.7346490265779431,1.0
2023-03-20,47.09906768798828,0.0027607164153307107,0.0001771825457376147,1.0,0.0,0.7015463040466197,1.0
2023-03-21,48.50545501708984,0.029860194652223004,0.00018273809599497962,1.0,0.0,0.4008979666346796,0.0
2023-03-22,47.38034057617188,-0.02319562697683275,0.00018107143659440298,1.0,0.0,0.6525099028296174,1.0
2023-03-23,47.822208404541016,0.009325974085364619,0.0001786904675619943,1.0,0.0,0.5557581072742728,1.0
2023-03-24,47.5678596496582,-0.005318632563582337,0.0001786904675619943,1.0,0.0,0.6020621759553612,1.0
2023-03-27,47.67757797241211,0.002306564212936957,0.00018186508663116938,1.0,0.0,0.5823509784307059,1.0
2023-03-28,47.33845138549805,-0.007112915574492784,0.00018365078502231174,1.0,0.0,0.6585317762707598,1.0
2023-03-29,48.60519790649414,0.02675935701150034,0.000183730163271465,1.0,0.0,0.3857406491383695,0.0
2023-03-30,48.83959579467773,0.00482248603605151,0.00018511904610527886,1.0,0.0,0.3675335932558788,0.0
2023-03-31,50.16120529174805,0.02706020546579424,0.0001819444459582132,0.0,0.0,0.25856617814335153,0.0
2023-04-03,49.45302200317383,-0.014118147370169365,0.00018134921316116578,0.0,0.0,0.3134547995493967,0.0
2023-04-04,48.98422622680664,-0.009479618380795807,0.0001876190541282533,0.0,0.0,0.3966501754399226,0.0
2023-04-05,47.57783508300781,-0.028711102575897818,0.0001867063461788117,0.0,0.0,0.7036718878748155,1.0
2023-04-06,47.45814514160156,-0.0025156659860086084,0.00018690476341853067,1.0,0.0,0.7115530313058712,1.0
2023-04-10,47.93691635131836,0.01008828322911226,0.00019198411986941384,1.0,0.0,0.5894563011468517,1.0
2023-04-11,48.07655715942383,0.002913011906775065,0.00019365079819209992,1.0,0.0,0.5668004258733859,1.0
2023-04-12,47.26863098144531,-0.016804992406161734,0.0001928571481553335,1.0,0.0,0.7418631368512492,1.0
2023-04-13,47.85711669921875,0.012449815142825615,0.00019265873091561453,1.0,0.0,0.6107090239292816,1.0
2023-04-14,47.43819427490234,-0.008753607680741293,0.00019456348721943206,1.0,0.0,0.6980568813964544,1.0
2023-04-17,47.57783508300781,0.0029436366674553405,0.00019535713725619844,1.0,0.0,0.6509905887816454,1.0
2023-04-18,47.22872924804688,-0.007337572933948211,0.00019960318292890276,1.0,0.0,0.7218926254966233,1.0
2023-04-19,47.13896179199219,-0.0019006959849212635,0.00019821428117297945,1.0,0.0,0.7228610837971211,1.0
2023-04-20,46.34101104736328,-0.016927626623386094,0.00019623016554211814,1.0,0.0,0.8341431078558167,1.0
2023-04-21,46.64024353027344,0.006457185032159085,0.00019642856385972766,1.0,0.0,0.7754519233387005,1.0
2023-04-24,46.43077850341797,-0.004491079183999269,0.00019337302162533715,1.0,0.0,0.7938316670214479,1.0
2023-04-25,45.21390914916992,-0.026208247922409278,0.0001965476217724028,1.0,0.0,0.880970900423954,1.0
2023-04-26,44.665313720703125,-0.012133333277086655,0.00019781746561565097,1.0,0.0,0.8827472559199954,1.0
2023-04-27,45.373497009277344,0.015855329999528545,0.0001984126984126984,1.0,0.0,0.874274409762876,1.0
2023-04-28,45.94203567504883,0.01253019280517953,0.00019535713725619844,1.0,0.0,0.7910329986018761,1.0
2023-05-01,46.08666610717773,0.0031481067393679396,0.00019305554647294302,1.0,0.0,0.7555364786016864,1.0
2023-05-02,45.41339111328125,-0.01460888909453184,0.00019999999848623124,1.0,0.0,0.8464506617169661,1.0
2023-05-03,45.16403198242188,-0.005490872290011439,0.00020218253135681152,1.0,0.0,0.8677888133334779,1.0
2023-05-04,45.17400741577149,0.0002208711869102764,0.0002005952312832787,1.0,0.0,0.8508228397280265,1.0
2023-05-05,46.13154983520508,0.021196756148299523,0.00020158729855976408,1.0,0.0,0.6748309010782085,1.0
2023-05-08,46.196380615234375,0.0014053458047884604,0.00020170635647243925,1.0,0.0,0.6563997704604188,1.0
2023-05-09,46.181419372558594,-0.0003238617934246957,0.00020329365654597208,1.0,0.0,0.647015730292973,1.0
2023-05-10,46.66518020629883,0.010475226623885225,0.00020099206576271663,1.0,0.0,0.5427822184288661,1.0
2023-05-11,46.70008850097656,0.0007480587136579064,0.00019900793120974586,1.0,0.0,0.5336586023043085,1.0
2023-05-12,46.13154983520508,-0.012174252426943366,0.00019952380467974954,1.0,0.0,0.6736716099601349,1.0
2023-05-15,46.55047225952149,0.009081039458091578,0.0001984126984126984,1.0,0.0,0.5772761695963848,1.0
2023-05-16,46.45072937011719,-0.0021426826531045773,0.00020071428919595384,1.0,0.0,0.6048852622668973,1.0
2023-05-17,47.667606353759766,0.02619715556986324,0.00020190475479004875,1.0,0.0,0.3681399930104164,0.0
2023-05-18,48.44560623168945,0.016321354006237465,0.00020337301587301587,1.0,0.0,0.29647470797855136,0.0
2023-05-19,48.16632461547852,-0.005764849238861336,0.00020178571579948303,0.0,0.0,0.3315540185987363,0.0
2023-05-22,49.3931770324707,0.025471165316980127,0.00020218253135681152,0.0,0.0,0.2549619511578254,0.0
2023-05-23,48.655067443847656,-0.014943553603320892,0.000204484122140067,0.0,0.0,0.30936071125841075,0.0
2023-05-24,47.82719802856445,-0.01701507075781239,0.00020575396598331513,0.0,0.0,0.46030529496247624,0.0
2023-05-25,47.37834930419922,-0.009384800759123735,0.00020488095661950491,0.0,0.0,0.5758526878835375,1.0
2023-05-26,48.5952262878418,0.025684241885031822,0.00020297618139357795,0.0,0.0,0.3362532553962238,0.0
2023-05-30,49.47296905517578,0.01806232493156612,0.00020408730658273848,0.0,0.0,0.26404480235565353,0.0
2023-05-31,49.40314865112305,-0.0014112838866586763,0.0002082539740062895,0.0,0.0,0.2694615075761808,0.0
2023-06-01,50.240997314453125,0.016959418300376505,0.00020646825669303775,0.0,0.0,0.22963354732248592,0.0
2023-06-02,51.617462158203125,0.02739724363222429,0.00020694445049951947,0.0,0.0,0.2241992976529628,0.0
2023-06-05,51.88677215576172,0.005217420351531166,0.00020408730658273848,0.0,0.0,0.21702741721723773,0.0
2023-06-06,52.98295593261719,0.021126459236369133,0.00020468253937978596,0.0,0.0,0.22732666483249736,0.0
2023-06-07,52.8343391418457,-0.002804992438709797,0.000204484122140067,0.0,0.0,0.20892188099597025,0.0
2023-06-08,53.34303283691406,0.00962808853731767,0.00020238094859653048,0.0,0.0,0.2091291542091739,0.0
2023-06-09,53.372955322265625,0.0005609445837668758,0.00020218253135681152,0.0,0.0,0.1983295605724586,0.0
2023-06-12,54.4102897644043,0.019435581857426776,0.00020218253135681152,0.0,0.0,0.21172328408828095,0.0
2023-06-13,55.54737091064453,0.02089827404271838,0.00020238094859653048,0.0,0.0,0.22768147555818818,0.0
2023-06-14,55.55734634399414,0.00017958425729380778,0.00020158729855976408,0.0,0.0,0.21426119621262416,0.0
2023-06-15,55.90644836425781,0.006283633816887901,0.0002005952312832787,0.0,0.0,0.21148799690190484,0.0
2023-06-16,55.46757888793945,-0.007850068984152081,0.00020099206576271663,0.0,0.0,0.18917272865568277,0.0
2023-06-20,55.59724807739258,0.0023377474202559423,0.00020138888132004512,0.0,0.0,0.1863664807814664,0.0
2023-06-21,54.91898727416992,-0.012199539126082293,0.0002037698503524538,0.0,0.0,0.17558287765889669,0.0
2023-06-22,54.35044860839844,-0.01035231518260149,0.0002037698503524538,0.0,0.0,0.1903167038095692,0.0
2023-06-23,53.21336364746094,-0.020921353733992842,0.0002038888893430195,0.0,0.0,0.2942409872080672,0.0
2023-06-26,52.79444122314453,-0.007872504115540857,0.00020456350038922024,0.0,0.0,0.36199229367190894,0.0
2023-06-27,54.22077941894531,0.02701682530878813,0.00020555554874359614,0.0,0.0,0.19893755004226432,0.0
2023-06-28,55.307987213134766,0.020051496969251792,0.00020515873318626766,0.0,0.0,0.17393205536513792,0.0
2023-06-29,55.8216667175293,0.00928761884635243,0.00020535715042598664,0.0,0.0,0.17390255242213062,0.0
2023-06-30,56.21565628051758,0.0070580042867935955,0.000204484122140067,0.0,0.0,0.1770587114443722,0.0
2023-07-03,56.76424789428711,0.009758698022345413,0.0002041666659097823,0.0,0.0,0.18082390111706562,0.0
2023-07-05,56.754276275634766,-0.00017566723813400298,0.0002060714222135998,0.0,0.0,0.17297559073384597,0.0
2023-07-06,55.317962646484375,-0.025307584263338012,0.0002068650722503662,0.0,0.0,0.20780625440002046,0.0
2023-07-07,55.62716674804688,0.005589578624551228,0.0002068650722503662,0.0,0.0,0.19863448218422805,0.0
2023-07-10,56.42511749267578,0.014344623163050407,0.00020734126605684796,0.0,0.0,0.17133579686401343,0.0
2023-07-11,56.79417037963867,0.00654057808582853,0.00020805555676657055,0.0,0.0,0.16759474777654038,0.0
2023-07-12,57.35273742675781,0.00983493628633747,0.00020753968329656692,0.0,0.0,0.1676694377996273,0.0
2023-07-13,58.400047302246094,0.018260852445373565,0.00020726190672980415,0.0,0.0,0.17903641630618947,0.0
2023-07-14,57.572174072265625,-0.014175899990215068,0.00020694445049951947,0.0,0.0,0.16666287755313589,0.0
2023-07-17,58.82894515991211,0.021829488079935233,0.00020765872228713263,0.0,0.0,0.17744679544414704,0.0
2023-07-18,59.25784683227539,0.0072906571960014155,0.0002082539740062895,0.0,0.0,0.17957948589401834,0.0
2023-07-19,58.9885368347168,-0.004544714530733018,0.00020813491609361436,0.0,0.0,0.16841254902301925,0.0
2023-07-20,57.23304748535156,-0.02975983883587474,0.00020805555676657055,0.0,0.0,0.2131647015406955,0.0
2023-07-21,56.94378662109375,-0.005054088100617915,0.0002082539740062895,0.0,0.0,0.24201441151357211,0.0
2023-07-24,57.43253326416016,0.008582967028844646,0.00020833333333333332,0.0,0.0,0.19863060965500554,0.0
2023-07-25,57.15324783325195,-0.004862843671262773,0.0002089285661303808,0.0,0.0,0.22588687115862136,0.0
2023-07-26,57.02357864379883,-0.002268798263773908,0.00020904762404305594,0.0,0.0,0.2396856507015097,0.0
2023-07-27,56.09596633911133,-0.016267170997490088,0.00020904762404305594,0.0,0.0,0.3658612407284407,0.0
2023-07-28,57.42255783081055,0.023648607525177612,0.0002085317505730523,0.0,0.0,0.19813040087150113,0.0
2023-07-31,58.70925521850586,0.022407524782968258,0.0002082539740062895,0.0,0.0,0.15981971432101222,0.0
2023-08-01,58.22050857543945,-0.008324865325703312,0.00020873016781277126,0.0,0.0,0.16818664363968278,0.0
2023-08-02,56.56475830078125,-0.02843929596583239,0.00020873016781277126,0.0,0.0,0.3251047952183192,0.0
2023-08-03,56.175758361816406,-0.006877072414883334,0.00020865078956361802,0.0,0.0,0.37638894825754793,0.0
2023-08-04,56.2755012512207,0.0017755503853080778,0.00020845237232389904,0.0,0.0,0.3580536574611296,0.0
2023-08-07,56.12588882446289,-0.002658571197614479,0.00020873016781277126,0.0,0.0,0.36843613001346776,0.0
2023-08-08,55.89647674560547,-0.004087455604933399,0.00020932540060981873,0.0,0.0,0.39243261541477487,0.0
2023-08-09,54.81924057006836,-0.019271987042042027,0.0002095238178495377,0.0,0.0,0.5783503644362434,1.0
2023-08-10,54.9688606262207,0.0027293347116164046,0.00020904762404305594,1.0,0.0,0.5425834251355703,1.0
2023-08-11,54.33049774169922,-0.011613172935532545,0.0002089285661303808,1.0,0.0,0.6411580840628653,1.0
2023-08-14,54.73944854736328,0.007527094774804288,0.00020912698337009975,1.0,0.0,0.5440775413032737,1.0
2023-08-15,53.60236740112305,-0.02077260872031572,0.0002095238178495377,1.0,0.0,0.7205760812911769,1.0
2023-08-16,52.60493087768555,-0.018608068482747653,0.0002097222161671472,1.0,0.0,0.7916945334960147,1.0
2023-08-17,51.85684967041016,-0.014220743089935595,0.00020944443960038448,1.0,0.0,0.8128379275344789,1.0
2023-08-18,51.8369026184082,-0.0003846560700995205,0.00020944443960038448,1.0,0.0,0.8220527219392999,1.0
2023-08-21,52.88421249389648,0.020203943958571946,0.0002095238178495377,1.0,0.0,0.7461481574156643,1.0
2023-08-22,52.89418411254883,0.00018855568008135926,0.00021011905064658514,1.0,0.0,0.7315800992239564,1.0
2023-08-23,53.81182861328125,0.01734868428596692,0.00021011905064658514,1.0,0.0,0.5231389624232679,1.0
2023-08-24,52.166053771972656,-0.030583886177441677,0.0002104365068768698,1.0,0.0,0.8173198724563053,1.0
2023-08-25,52.41541290283203,0.004780103397304503,0.00021091270068335157,1.0,0.0,0.7778990279553945,1.0
2023-08-28,53.34303283691406,0.017697464976602628,0.00021123015691363621,1.0,0.0,0.5805457741867192,1.0
2023-08-29,54.928958892822266,0.029730706552753894,0.00021111111792307052,1.0,0.0,0.28038875144450787,0.0
2023-08-30,55.08855056762695,0.0029054196187494608,0.00021091270068335157,1.0,0.0,0.2701593869807453,0.0
2023-08-31,55.38778305053711,0.005431845271420155,0.00021023808963715085,0.0,0.0,0.2546597460447519,0.0
2023-09-01,55.04865264892578,-0.006122837617492216,0.00020904762404305594,0.0,0.0,0.30953209763017564,0.0
2023-09-05,54.85913848876953,-0.0034426666419046237,0.00020944443960038448,0.0,0.0,0.3416549771279436,0.0
2023-09-06,54.77934265136719,-0.0014545587043566233,0.0002103174678863041,0.0,0.0,0.3694364939808042,0.0
2023-09-07,54.43024063110352,-0.0063728771351905245,0.00020964285684010338,0.0,0.0,0.43263281881187365,0.0
2023-09-08,54.34046936035156,-0.0016492903524050195,0.00021003969131954133,0.0,0.0,0.4584210376579208,0.0
2023-09-11,55.41770553588867,0.019823829058110753,0.00021003969131954133,0.0,0.0,0.2692057477847959,0.0
2023-09-12,54.65965270996094,-0.013678892307023016,0.00021051586620391362,0.0,0.0,0.4203211512268003,0.0
2023-09-13,54.55990982055664,-0.0018247991792695872,0.00021051586620391362,0.0,0.0,0.4449432920543142,0.0
2023-09-14,54.97883224487305,0.00767820961754162,0.00021011905064658514,0.0,0.0,0.3618927808015846,0.0
2023-09-15,54.30057144165039,-0.012336762632602194,0.00021023808963715085,0.0,0.0,0.5166389705616422,1.0
2023-09-18,54.2108039855957,-0.0016531585887847866,0.0002103174678863041,1.0,0.0,0.5296240220101336,1.0
2023-09-19,54.051212310791016,-0.0029439090194472994,0.00021071428344363258,1.0,0.0,0.5573447879004151,1.0
2023-09-20,53.39290237426758,-0.012179374122789244,0.00021091270068335157,1.0,0.0,0.6924428722279944,1.0
2023-09-21,51.90672302246094,-0.027834773644425437,0.00021051586620391362,1.0,0.0,0.841749763659221,1.0
2023-09-22,51.51771926879883,-0.007494284574539267,0.00021051586620391362,1.0,0.0,0.8465388493605933,1.0
2023-09-25,51.477821350097656,-0.0007744504078878167,0.00021083334135630776,1.0,0.0,0.852369385876749,1.0
2023-09-26,50.73971557617188,-0.014338325798715523,0.00021130951624068002,1.0,0.0,0.8590610381629037,1.0
2023-09-27,50.92923355102539,0.003735101245670114,0.00021150793348039898,1.0,0.0,0.8614427738523082,1.0
2023-09-28,51.806976318359375,0.017234556778762178,0.00021063492411658877,1.0,0.0,0.8020857474610552,1.0
2023-09-29,52.325645446777344,0.010011569199304127,0.0002103174678863041,1.0,0.0,0.7041998762069114,1.0
2023-10-02,51.996490478515625,-0.006290509471049255,0.00021091270068335157,1.0,0.0,0.7533000773127495,1.0
2023-10-03,50.73971557617188,-0.024170379400183295,0.00021190476795983693,1.0,0.0,0.8679353446829943,1.0
2023-10-04,51.64738464355469,0.017888729904687484,0.00021170635072011797,1.0,0.0,0.7841650853863539,1.0
2023-10-05,51.27833557128906,-0.00714555199285738,0.00021130951624068002,1.0,0.0,0.8244146494107656,1.0
2023-10-06,51.94662094116211,0.01303250900068642,0.0002122222241901216,1.0,0.0,0.7009311190561945,1.0
2023-10-09,52.485233306884766,0.010368573662042913,0.0002122222241901216,1.0,0.0,0.5734927938744621,1.0
2023-10-10,53.27321243286133,0.015013349018936362,0.00021123015691363621,1.0,0.0,0.4209458100949838,0.0
2023-10-11,52.98395538330078,-0.0054296903894258675,0.00021170635072011797,1.0,0.0,0.49313387590654406,0.0
2023-10-12,51.72718048095703,-0.023719914703458578,0.00021170635072011797,1.0,0.0,0.7694195114912539,1.0
2023-10-13,51.10877227783203,-0.011955188691420426,0.00021142857415335517,1.0,0.0,0.8410415188630673,1.0
2023-10-16,51.87679672241211,0.015027252863853313,0.00021142857415335517,1.0,0.0,0.7109012264303368,1.0
2023-10-17,52.40544128417969,0.010190385589848638,0.00021190476795983693,1.0,0.0,0.5867412361361672,1.0
2023-10-18,51.08882141113281,-0.025123724574843687,0.00021150793348039898,1.0,0.0,0.8370096201628022,1.0
2023-10-19,49.752254486083984,-0.02616163160807572,0.00021071428344363258,1.0,0.0,0.8950518261603319,1.0
2023-10-20,48.93435287475586,-0.01643948841668863,0.0002103174678863041,1.0,0.0,0.8833899984679049,1.0
2023-10-23,48.71990585327149,-0.0043823410117066475,0.00021003969131954133,1.0,0.0,0.888309172732717,1.0
2023-10-24,49.0141487121582,0.0060394792176503564,0.00021063492411658877,1.0,0.0,0.8950856752695585,1.0
2023-10-25,47.68755722045898,-0.027065480612339154,0.00021091270068335157,1.0,0.0,0.8650338802463443,1.0
2023-10-26,47.11901473999024,-0.011922239544381985,0.0002103174678863041,1.0,0.0,0.8521442797386193,1.0
2023-10-27,46.52054977416992,-0.012701134969029804,0.00021051586620391362,1.0,0.0,0.8388767822494104,1.0
2023-10-30,46.470680236816406,-0.001071989423934272,0.00021083334135630776,1.0,0.0,0.8520081362090342,1.0
2023-10-31,46.8796272277832,0.008800107699796778,0.00021111111792307052,1.0,0.0,0.8828354023774296,1.0
2023-11-01,46.7699089050293,-0.0023404265187689788,0.0002103174678863041,1.0,0.0,0.8872590617260463,1.0
2023-11-02,48.81465911865234,0.04371935420646422,0.00020912698337009975,1.0,0.0,0.7635508724787256,1.0
2023-11-03,49.65250778198242,0.017163874099654253,0.00020845237232389904,1.0,0.0,0.6154435616869086,1.0
2023-11-06,49.1138916015625,-0.010847713529091307,0.00020873016781277126,1.0,0.0,0.7296219647615809,1.0
2023-11-07,49.48294448852539,0.007514226116652312,0.00020924602236066547,1.0,0.0,0.6605910149715789,1.0
2023-11-08,49.27348327636719,-0.004232998143567923,0.00020904762404305594,1.0,0.0,0.7139041469869414,1.0
2023-11-09,48.50545501708984,-0.015587050238961231,0.00020884920680333698,1.0,0.0,0.836456703995168,1.0
2023-11-10,49.14381408691406,0.013160562448065072,0.00020833333333333332,1.0,0.0,0.7344073750482154,1.0
2023-11-13,49.58268737792969,0.008930387255646322,0.00020873016781277126,1.0,0.0,0.6449804274875401,1.0
2023-11-14,51.84687423706055,0.04566486769611244,0.00020845237232389904,1.0,0.0,0.3271967760060333,0.0
2023-11-15,52.664772033691406,0.01577525759588072,0.0002085317505730523,1.0,0.0,0.2925958644294897,0.0
2023-11-16,51.60749053955078,-0.020075687282273713,0.00020805555676657055,0.0,0.0,0.37480725038941115,0.0
2023-11-17,52.11618423461914,0.009856974050666212,0.00020765872228713263,0.0,0.0,0.3240058629056656,0.0
2023-11-20,52.52513122558594,0.007846832936305947,0.00020785713952685162,0.0,0.0,0.2951400280706072,0.0
2023-11-21,51.79800033569336,-0.013843485450225401,0.0002085317505730523,0.0,0.0,0.3912010718450772,0.0
2023-11-22,51.90672302246094,0.002098974594829217,0.0002089285661303808,0.0,0.0,0.39110466384068254,0.0
2023-11-24,52.38549041748047,0.009223610490925349,0.00020845237232389904,0.0,0.0,0.33131668700174394,0.0
2023-11-27,52.18600463867188,-0.003808034958130757,0.00020865078956361802,0.0,0.0,0.36850878696023376,0.0
2023-11-28,52.65480041503906,0.008983170480534985,0.00020873016781277126,0.0,0.0,0.3079576604559254,0.0
2023-11-29,52.95403289794922,0.005682909830661664,0.00020793649885389538,0.0,0.0,0.2898100310203143,0.0
2023-11-30,52.67475128173828,-0.005274038650637913,0.00020785713952685162,0.0,0.0,0.33843952262673377,0.0
2023-12-01,54.89904022216797,0.04222685226424261,0.00020694445049951947,0.0,0.0,0.22457688811028836,0.0
2023-12-04,55.04865264892578,0.0027252284585004283,0.00020726190672980415,0.0,0.0,0.21434649782715767,0.0
2023-12-05,54.47013854980469,-0.01050914184604268,0.00020805555676657055,0.0,0.0,0.2215780485876751,0.0
2023-12-06,53.86170196533203,-0.011170094306191869,0.00020805555676657055,0.0,0.0,0.2786956750548699,0.0
2023-12-07,54.32052230834961,0.008518489506939453,0.00020765872228713263,0.0,0.0,0.2377185886291777,0.0
2023-12-08,55.03868103027344,0.013220762455987023,0.00020765872228713263,0.0,0.0,0.20496122506471284,0.0
2023-12-11,54.95888137817383,-0.0014498830750634406,0.00020765872228713263,0.0,0.0,0.20873367147680522,0.0
2023-12-12,54.87908935546875,-0.001451849468260269,0.0002082539740062895,0.0,0.0,0.21684817375345178,0.0
2023-12-13,55.91642761230469,0.018902249818993466,0.00020726190672980415,0.0,0.0,0.18915996996337853,0.0
2023-12-14,57.43253326416016,0.02711377884094035,0.00020694445049951947,0.0,0.0,0.19912869503507585,0.0
2023-12-15,57.11334991455078,-0.0055575356243002805,0.00020734126605684796,0.0,0.0,0.18225183395127717,0.0
2023-12-18,56.94378662109375,-0.00296889070087325,0.00020734126605684796,0.0,0.0,0.17490423211608283,0.0
2023-12-19,57.9212760925293,0.01716586706710954,0.00020785713952685162,0.0,0.0,0.18050935475860397,0.0
2023-12-20,56.14583587646485,-0.03065264330896611,0.00020753968329656692,0.0,0.0,0.21943848172421124,0.0
2023-12-21,57.32281494140625,0.020962891487287694,0.0002067460332598005,0.0,0.0,0.17573422841013603,0.0
2023-12-22,57.69186782836914,0.006438150103761142,0.00020666667393275668,0.0,0.0,0.1709210521642268,0.0
2023-12-26,58.66935729980469,0.016943280019006135,0.00020646825669303775,0.0,0.0,0.1753440931485192,0.0
2023-12-27,58.68930435180664,0.0003399909751868879,0.0002077381005362859,0.0,0.0,0.1678710874984855,0.0
2023-12-28,58.41999816894531,-0.004588675668176334,0.0002070634894900852,0.0,0.0,0.16294053289197707,0.0
2023-12-29,57.55222702026367,-0.014854008488191406,0.00020555554874359614,0.0,0.0,0.1959412391753422,0.0
2024-01-02,56.28547668457031,-0.022010448618214995,0.0002068650722503662,0.0,80.0,0.8590400235915726,1.0
2024-01-03,54.28062438964844,-0.03561935357067825,0.0002077381005362859,1.0,80.0,0.8457393877038479,1.0
2024-01-04,54.49008941650391,0.003858928102076442,0.0002074603239695231,1.0,80.0,0.8694732245975864,1.0
2024-01-05,54.27064895629883,-0.004027162784185467,0.00020714284881712897,1.0,80.0,0.8731338470992471,1.0
2024-01-08,55.317962646484375,0.019297976168092035,0.00020714284881712897,1.0,80.0,0.9053918976190809,1.0
2024-01-09,54.64967727661133,-0.01208080229099906,0.00020753968329656692,1.0,80.0,0.9085594795777555,1.0
2024-01-10,54.88906097412109,0.00438033140247307,0.00020734126605684796,1.0,80.0,0.9208118163392613,1.0
2024-01-11,54.43024063110352,-0.008359048868296082,0.0002070634894900852,1.0,80.0,0.9202703178164472,1.0
2024-01-12,54.16093063354492,-0.004947800973062466,0.0002062698394533188,1.0,80.0,0.916519931766321,1.0
2024-01-16,53.56246948242188,-0.01104968367645398,0.00020646825669303775,1.0,80.0,0.9027289992693983,1.0
2024-01-17,52.93408203125,-0.011731861081911155,0.00020694445049951947,1.0,80.0,0.8889363532303062,1.0
2024-01-18,53.382930755615234,0.008479389972234852,0.00020634919878036254,1.0,80.0,0.9219003043245698,1.0
2024-01-19,53.81182861328125,0.008034363261723021,0.0002062698394533188,1.0,80.0,0.9409499673116076,1.0
2024-01-22,54.60977935791016,0.014828537984898915,0.00020634919878036254,1.0,80.0,0.9492188809368579,1.0
2024-01-23,54.72947311401367,0.002191800763724716,0.0002067460332598005,1.0,80.0,0.9472581427213966,1.0
2024-01-24,53.81182861328125,-0.016766916407559118,0.0002067460332598005,1.0,80.0,0.9410478988017603,1.0
2024-01-25,53.29315948486328,-0.00963857095705456,0.00020615080046275307,1.0,80.0,0.9272900194867555,1.0
2024-01-26,52.80441284179688,-0.009170907632249037,0.00020634919878036254,1.0,80.0,0.90669693909772,1.0
2024-01-29,54.09111022949219,0.02436723217717196,0.00020634919878036254,1.0,80.0,0.950579701906818,1.0
2024-01-30,53.56246948242188,-0.009773153940221269,0.00020646825669303775,1.0,80.0,0.9432710315797878,1.0
2024-01-31,52.31567001342773,-0.02327748292866383,0.00020587302389599027,1.0,80.0,0.8937327938875426,1.0
2024-02-01,52.58498001098633,0.005147788367987571,0.00020634919878036254,1.0,80.0,0.9211992903151096,1.0
2024-02-02,52.78446578979492,0.0037935885640141276,0.0002067460332598005,1.0,80.0,0.9391457335106779,1.0
2024-02-05,52.09623336791992,-0.013038541009693372,0.0002074603239695231,1.0,80.0,0.9148292615677528,1.0
2024-02-06,52.96400451660156,0.016657080417948222,0.00020726190672980415,1.0,80.0,0.9528043407295028,1.0
2024-02-07,53.07372283935547,0.0020715639566022404,0.00020726190672980415,1.0,80.0,0.9555877204286933,1.0
2024-02-08,53.74200820922852,0.01259164298490667,0.0002070634894900852,1.0,80.0,0.9499094283751208,1.0
2024-02-09,54.7593994140625,0.018931023211359532,0.00020714284881712897,1.0,80.0,0.885031963287553,1.0
2024-02-12,55.3778076171875,0.011293188196768167,0.0002074603239695231,1.0,80.0,0.8361277780357764,1.0
2024-02-13,53.622314453125,-0.03170030088944242,0.00020765872228713263,1.0,80.0,0.9520948882395283,1.0
2024-02-14,55.74686050415039,0.0396205585807492,0.0002070634894900852,1.0,80.0,0.7799775897467106,1.0
2024-02-15,55.88650131225586,0.0025049089194013607,0.0002070634894900852,1.0,80.0,0.7931528761882681,1.0
2024-02-16,55.27806091308594,-0.010887072636205475,0.00020726190672980415,1.0,80.0,0.8916955727684216,1.0
2024-02-20,54.2108039855957,-0.019307061605657427,0.0002068650722503662,1.0,80.0,0.9480018885793725,1.0
2024-02-21,53.74200820922852,-0.008647644784824493,0.0002077381005362859,1.0,80.0,0.9472037061555536,1.0
2024-02-22,53.98139190673828,0.00445431247335959,0.00020765872228713263,1.0,80.0,0.9530339973726801,1.0
2024-02-23,53.4128532409668,-0.010532123120384318,0.00020793649885389538,1.0,80.0,0.942280018097421,1.0
2024-02-26,54.28062438964844,0.01624648555595365,0.00020833333333333332,1.0,80.0,0.9553546078182217,1.0
2024-02-27,54.46016311645508,0.0033076024608309496,0.00020813491609361436,1.0,80.0,0.9540795260395556,1.0
2024-02-28,53.81182861328125,-0.011904747728857523,0.00020793649885389538,1.0,80.0,0.9577715050046556,1.0
2024-02-29,54.2108039855957,0.007414268992449458,0.00020726190672980415,1.0,80.0,0.9586981852510611,1.0
2024-03-01,54.64967727661133,0.008095679435638603,0.00020694445049951947,1.0,80.0,0.9505089869590235,1.0
2024-03-04,54.25070190429688,-0.007300598872615804,0.00020726190672980415,1.0,80.0,0.9585071395545021,1.0
2024-03-05,53.732032775878906,-0.009560597563013196,0.00020734126605684796,1.0,80.0,0.9509305360500508,1.0
2024-03-06,54.619754791259766,0.016521281059356685,0.00020753968329656692,1.0,80.0,0.9455755510009851,1.0
2024-03-07,55.43765640258789,0.014974465089671263,0.0002074603239695231,1.0,80.0,0.8997349096711187,1.0
2024-03-08,55.01873016357422,-0.007556709034946096,0.0002074603239695231,1.0,80.0,0.9333369283985888,1.0
2024-03-11,54.85913848876953,-0.0029006789929576504,0.00020793649885389538,1.0,80.0,0.9347137777373364,1.0
2024-03-12,54.928958892822266,0.0012727214822563226,0.00020793649885389538,1.0,80.0,0.9419016222851151,1.0
2024-03-13,54.24073028564453,-0.012529431124311152,0.00020785713952685162,1.0,80.0,0.9426209134823711,1.0
2024-03-14,52.924110412597656,-0.02427363839154162,0.00020785713952685162,1.0,80.0,0.9022466908017246,1.0
2024-03-15,52.79444122314453,-0.0024500967223108905,0.00020785713952685162,1.0,80.0,0.8955351096013487,1.0
2024-03-18,53.063751220703125,0.005101105179242449,0.00020785713952685162,1.0,80.0,0.9129250425934406,1.0
2024-03-19,53.09367370605469,0.0005638969100980606,0.00020785713952685162,1.0,80.0,0.9287907732200877,1.0
2024-03-20,54.15095901489258,0.019913583578551997,0.0002074603239695231,1.0,80.0,0.9527278101915665,1.0
2024-03-21,54.65965270996094,0.00939399235622873,0.0002074603239695231,1.0,80.0,0.9302275930688072,1.0
2024-03-22,54.06118774414063,-0.010948934655621079,0.00020714284881712897,1.0,80.0,0.9436163450126588,1.0
2024-03-25,54.07116317749024,0.00018452116510681016,0.0002070634894900852,1.0,80.0,0.9442605738087844,1.0
2024-03-26,53.941497802734375,-0.002398050404986418,0.0002070634894900852,1.0,80.0,0.9303391849422359,1.0
2024-03-27,54.56988143920898,0.011649354616970697,0.00020694445049951947,1.0,80.0,0.9376913441730381,1.0
2024-03-28,54.56988143920898,0.0,0.00020646825669303775,1.0,80.0,0.9434719617517642,1.0
2024-04-01,54.38037109375,-0.0034728011214407717,0.0002070634894900852,1.0,80.0,0.9471798259315819,1.0
2024-04-02,53.203392028808594,-0.021643454085893077,0.0002068650722503662,1.0,80.0,0.9333434824845234,1.0
2024-04-03,53.45275115966797,0.004686902871237075,0.0002067460332598005,1.0,80.0,0.9465068237433464,1.0
2024-04-04,52.77449417114258,-0.01268890700310965,0.00020646825669303775,1.0,80.0,0.9199861232080813,1.0
2024-04-05,52.924110412597656,0.0028350104307941493,0.00020694445049951947,1.0,80.0,0.9282225229788531,1.0
2024-04-08,53.74200820922852,0.015454162389400894,0.00020726190672980415,1.0,80.0,0.9491072807404649,1.0
2024-04-09,54.200828552246094,0.008537461816300107,0.00020714284881712897,1.0,80.0,0.9479286707692185,1.0
2024-04-10,53.04380035400391,-0.02134705740018128,0.00020805555676657055,1.0,80.0,0.9444017620926507,1.0
2024-04-11,53.622314453125,0.010906347118045723,0.00020785713952685162,1.0,80.0,0.9587239465005319,1.0
2024-04-12,52.36554336547852,-0.023437464429945654,0.00020753968329656692,1.0,80.0,0.921647360950511,1.0
2024-04-15,51.13171005249024,-0.023561930874600123,0.00020785713952685162,1.0,80.0,0.8661944349824071,1.0
2024-04-16,50.81951141357422,-0.006105773473946585,0.00020765872228713263,1.0,80.0,0.8637162651900244,1.0
2024-04-17,50.23102569580078,-0.011579916874530416,0.00020793649885389538,1.0,80.0,0.8443247620121639,1.0
2024-04-18,50.08140563964844,-0.0029786382834076086,0.00020805555676657055,1.0,80.0,0.8447285024636415,1.0
2024-04-19,49.732303619384766,-0.006970691333537449,0.00020813491609361436,1.0,80.0,0.8378244719070941,1.0
2024-04-22,50.04150772094727,0.006217369376832593,0.00020813491609361436,1.0,80.0,0.8667974707600924,1.0
2024-04-23,50.91925430297852,0.0175403704246071,0.00020813491609361436,1.0,80.0,0.9167289548288606,1.0
2024-04-24,51.56759262084961,0.012732675031204455,0.0002085317505730523,1.0,80.0,0.9363580419992513,1.0
2024-04-25,51.91669464111328,0.006769794797877093,0.00020813491609361436,1.0,80.0,0.9449519720374836,1.0
2024-04-26,53.22333908081055,0.025168097636603548,0.00020785713952685162,1.0,80.0,0.8997367145808136,1.0
2024-04-29,54.5898323059082,0.02567469927098842,0.00020805555676657055,1.0,80.0,0.7728839203157548,1.0
2024-04-30,53.17346954345703,-0.02594554155276052,0.00020813491609361436,1.0,80.0,0.9286270906626666,1.0
2024-05-01,53.02385330200195,-0.002813738556834311,0.00020833333333333332,1.0,80.0,0.9386692571072551,1.0
2024-05-02,53.702110290527344,0.01279154467824739,0.00020785713952685162,1.0,80.0,0.9119456537492643,1.0
2024-05-03,53.97142028808594,0.005014886679529651,0.0002077381005362859,1.0,80.0,0.9031224939518782,1.0
2024-05-06,54.88906097412109,0.01700234459528782,0.00020793649885389538,1.0,80.0,0.8241136710322567,1.0
2024-05-07,54.43024063110352,-0.008359048868296082,0.00020805555676657055,1.0,80.0,0.8955711184664021,1.0
2024-05-08,54.34046936035156,-0.0016492903524050195,0.00020813491609361436,1.0,80.0,0.9172788192481909,1.0
2024-05-09,54.49008941650391,0.0027533817413347705,0.00020793649885389538,1.0,80.0,0.9119825032230263,1.0
2024-05-10,54.03126525878906,-0.008420323083116132,0.00020805555676657055,1.0,80.0,0.9494262205119377,1.0
2024-05-13,54.370391845703125,0.006276487979501866,0.00020793649885389538,1.0,80.0,0.9322712368339879,1.0
2024-05-14,55.647117614746094,0.023482004188348782,0.0002077381005362859,1.0,80.0,0.8184305885763477,1.0
2024-05-15,56.01617050170898,0.006632021617326123,0.00020793649885389538,1.0,80.0,0.796361337546179,1.0
2024-05-16,55.55734634399414,-0.008190923328127875,0.00020805555676657055,1.0,80.0,0.869729965940686,1.0
2024-05-17,56.04608917236328,0.008797087343642929,0.00020793649885389538,1.0,80.0,0.833627742355372,1.0
2024-05-20,56.48496627807617,0.007830646387532392,0.00020793649885389538,1.0,80.0,0.7984241653826364,1.0
2024-05-21,56.56475830078125,0.0014126240655303324,0.00020793649885389538,1.0,80.0,0.8059112690696827,1.0
2024-05-22,56.05606842041016,-0.008993053195173961,0.00020813491609361436,1.0,80.0,0.8848055869407858,1.0
2024-05-23,55.178321838378906,-0.01565836860780745,0.00020813491609361436,1.0,80.0,0.9454652852745602,1.0
2024-05-24,55.9662971496582,0.014280523311080984,0.00020813491609361436,1.0,80.0,0.9051160875682323,1.0
2024-05-28,55.89647674560547,-0.0012475437470167439,0.0002082539740062895,1.0,80.0,0.9163197514624463,1.0
2024-05-29,55.1683464050293,-0.013026408513903687,0.00020833333333333332,1.0,80.0,0.9488183395995317,1.0
2024-05-30,54.13100814819336,-0.01880314209927758,0.0002082539740062895,1.0,80.0,0.9361279041342546,1.0
2024-05-31,54.4102897644043,0.005159364766426533,0.00020813491609361436,1.0,80.0,0.9494352321292374,1.0
2024-06-03,54.10108947753906,-0.005682753909307725,0.00020805555676657055,1.0,80.0,0.9435649120645093,1.0
2024-06-04,53.751983642578125,-0.0064528429710435375,0.00020793649885389538,1.0,80.0,0.9341066054284943,1.0
2024-06-05,54.76937103271485,0.018927438974193134,0.00020793649885389538,1.0,80.0,0.9578001964138495,1.0
2024-06-06,54.59980773925781,-0.0030959510810477653,0.00020765872228713263,1.0,80.0,0.958667582021207,1.0
2024-06-07,53.97142028808594,-0.011508968203198577,0.00020785713952685162,1.0,80.0,0.9498042489644025,1.0
2024-06-10,54.15095901489258,0.0033265518277694195,0.00020765872228713263,1.0,80.0,0.9554844190793819,1.0
2024-06-11,54.02128982543945,-0.00239458712850249,0.00020813491609361436,1.0,80.0,0.9506838513194233,1.0
2024-06-12,54.86911392211914,0.01569425867874097,0.00020805555676657055,1.0,80.0,0.9526020808774133,1.0
2024-06-13,54.52998352050781,-0.006180715841205053,0.00020793649885389538,1.0,80.0,0.9556405227902405,1.0
2024-06-14,53.96144485473633,-0.010426166102868284,0.00020793649885389538,1.0,80.0,0.9515349902877469,1.0
2024-06-17,54.47013854980469,0.00942698432997413,0.00020805555676657055,1.0,80.0,0.958354095486074,1.0
2024-06-18,55.02870178222656,0.010254485251788958,0.0002077381005362859,1.0,80.0,0.9433156691506679,1.0
2024-06-20,54.31055068969727,-0.013050482189664203,0.00020734126605684796,1.0,80.0,0.9591620413430212,1.0
2024-06-21,54.54993438720703,0.0044076831199424404,0.00020694445049951947,1.0,80.0,0.9547889216600282,1.0
2024-06-24,54.14098358154297,-0.007496815720459793,0.0002067460332598005,1.0,80.0,0.9556031420578299,1.0
2024-06-25,54.370391845703125,0.0042372385757387665,0.00020726190672980415,1.0,80.0,0.9544134901630162,1.0
2024-06-26,54.71949768066406,0.006420881349386898,0.00020753968329656692,1.0,80.0,0.9450683172821241,1.0
2024-06-27,54.809268951416016,0.0016405719086796111,0.00020726190672980415,1.0,80.0,0.9336447870801738,1.0
2024-06-28,54.94890975952149,0.0025477589972831005,0.0002068650722503662,1.0,80.0,0.9322122936370121,1.0
2024-07-01,54.88906097412109,-0.0010891714806049446,0.0002070634894900852,1.0,80.0,0.9370124260303422,1.0
2024-07-02,56.30542755126953,0.02580416848115208,0.0002074603239695231,1.0,80.0,0.8395599127750302,1.0
2024-07-03,57.37268829345703,0.01895484660365465,0.00020753968329656692,1.0,80.0,0.7206458309390782,1.0
2024-07-05,57.901329040527344,0.00921415333313913,0.00020734126605684796,1.0,80.0,0.6758366007652689,1.0
2024-07-08,58.28035736083984,0.0065461074312680445,0.0002070634894900852,1.0,80.0,0.6642750241684929,1.0
2024-07-09,57.901329040527344,-0.006503534595125426,0.00020734126605684796,1.0,80.0,0.7543622768488217,1.0
2024-07-10,58.78904724121094,0.015331568642616977,0.00020734126605684796,1.0,80.0,0.6544592028703977,1.0
2024-07-11,58.21053695678711,-0.0098404432725403,0.0002062698394533188,1.0,80.0,0.7740746387438809,1.0
2024-07-12,59.24787139892578,0.017820389509698886,0.0002062698394533188,1.0,80.0,0.6537669366784759,1.0
2024-07-15,59.70669174194336,0.0077440814696660976,0.0002060714222135998,1.0,80.0,0.6304927950327737,1.0
2024-07-16,60.66423416137695,0.01603743887824427,0.0002060714222135998,1.0,80.0,0.543109439936193,1.0
2024-07-17,58.8887939453125,-0.029266671550513434,0.00020615080046275307,1.0,80.0,0.8060220723154459,1.0
2024-07-18,58.10081481933594,-0.013380799184108394,0.0002060714222135998,1.0,80.0,0.8966303402135309,1.0
2024-07-19,57.15324783325195,-0.016309013720899435,0.0002060714222135998,1.0,80.0,0.9254234594624559,1.0
2024-07-22,58.53968811035156,0.02425829379188804,0.00020595238322303409,1.0,80.0,0.8607079294419393,1.0
2024-07-23,58.84889602661133,0.0052820219280445,0.00020527777217683337,1.0,80.0,0.8395506746238787,1.0
2024-07-24,55.88650131225586,-0.05033900233261612,0.00020515873318626766,1.0,80.0,0.8867173944558862,1.0
2024-07-25,55.45760345458984,-0.007674444590288987,0.0002047618987068297,1.0,80.0,0.8839033237283768,1.0
2024-07-26,56.3453254699707,0.016007219210396606,0.00020456350038922024,1.0,80.0,0.9299484097542575,1.0
2024-07-29,56.30542755126953,-0.0007080963392861461,0.0002042460252368261,1.0,80.0,0.933092920503698,1.0
2024-07-30,54.84916687011719,-0.02586359334233501,0.0002037698503524538,1.0,80.0,0.8829692108619107,1.0
2024-07-31,56.38521957397461,0.028005032555823428,0.0002037698503524538,1.0,80.0,0.9316743737255269,1.0
2024-08-01,53.9015998840332,-0.04404735334377874,0.00020297618139357795,1.0,80.0,0.8476551417827587,1.0
2024-08-02,52.02641296386719,-0.03478907721107338,0.00019960318292890276,1.0,80.0,0.785095999631438,1.0
2024-08-05,50.620025634765625,-0.027032179406224155,0.00020079364852299765,1.0,80.0,0.7539423832586265,1.0
2024-08-06,51.1386947631836,0.010246322911021233,0.00020158729855976408,1.0,80.0,0.7943345429136031,1.0
2024-08-07,50.29086685180664,-0.016578990044684105,0.00020158729855976408,1.0,80.0,0.7768890655730236,1.0
2024-08-08,52.07628631591797,0.03550186297986202,0.00020170635647243925,1.0,80.0,0.869944826312793,1.0
2024-08-09,52.05633544921875,-0.00038310847624944966,0.00020138888132004512,1.0,80.0,0.8803622471250772,1.0
2024-08-12,51.87679672241211,-0.0034489313405816624,0.0002013095219930013,1.0,80.0,0.8807355243804162,1.0
2024-08-13,53.183441162109375,0.025187454165471967,0.00020051587195623488,1.0,80.0,0.9316483594336781,1.0
2024-08-14,52.75454330444336,-0.008064499932576519,0.00020091270643567282,1.0,80.0,0.9248296040830395,1.0
2024-08-15,54.76937103271485,0.03819249683660497,0.00020158729855976408,1.0,80.0,0.8786246623770059,1.0
2024-08-16,55.52742385864258,0.01384081671259163,0.00020138888132004512,1.0,80.0,0.8258744636940611,1.0
2024-08-19,56.40517044067383,0.01580744290002989,0.00020091270643567282,1.0,80.0,0.7427418461936783,1.0
2024-08-20,55.50747680664063,-0.015915094786875583,0.00019972222191946848,1.0,80.0,0.8811205398671581,1.0
2024-08-21,56.20568084716797,0.012578558433839815,0.0001986111156524174,1.0,80.0,0.8242249969858291,1.0
2024-08-22,55.05862808227539,-0.020408128637594336,0.0001994047656891838,1.0,80.0,0.936858367885815,1.0
2024-08-23,56.64455795288086,0.028804384087369073,0.0001984126984126984,1.0,80.0,0.7955442797565753,1.0
2024-08-26,55.83662796020508,-0.014263152928968847,0.0001983333390856546,1.0,80.0,0.9056881837874459,1.0
2024-08-27,55.42768096923828,-0.00732399154293939,0.00019714285456945026,1.0,80.0,0.9381164548117968,1.0
2024-08-28,54.81924057006836,-0.010977193859284862,0.00019662698109944662,1.0,80.0,0.9493016961446008,1.0
2024-08-29,55.41770553588867,0.01091706049913932,0.00019702381557888457,1.0,80.0,0.9375623709197561,1.0
2024-08-30,56.08599090576172,0.01205905880459568,0.00019714285456945026,1.0,80.0,0.9125881995284917,1.0
2024-09-03,53.95146942138672,-0.03805801502128259,0.00019722221389649407,1.0,80.0,0.9191030218124352,1.0
2024-09-04,54.52998352050781,0.01072286084745211,0.00019634920453268385,1.0,80.0,0.9412560740723789,1.0
2024-09-05,54.65965270996094,0.0023779429422412512,0.00019571429207211448,1.0,80.0,0.9425792446266535,1.0
2024-09-06,52.57500457763672,-0.038138700649744894,0.00019476190445915102,1.0,80.0,0.8619232853962849,1.0
2024-09-09,53.56246948242188,0.018782022231248474,0.00019424603098914736,1.0,80.0,0.9103896903272141,1.0
2024-09-10,54.18088150024414,0.011545621846752452,0.00019186508087884813,1.0,80.0,0.9374710213194463,1.0
2024-09-11,55.46757888793945,0.023748181130820445,0.00019345238095238096,1.0,80.0,0.9065695183921592,1.0
2024-09-12,55.59724807739258,0.0023377474202559423,0.00019206349811856709,1.0,80.0,0.9096055846562113,1.0
2024-09-13,56.61463165283203,0.018299171463005415,0.00018900793696206714,1.0,80.0,0.8180246563251897,1.0
2024-09-16,56.05606842041016,-0.009866057874350354,0.00018829364625234452,1.0,80.0,0.898300742880054,1.0
2024-09-17,56.22563171386719,0.003024887371432028,0.00018789683069501603,1.0,80.0,0.8999334485490867,1.0
2024-09-18,56.10593795776367,-0.0021288112281715454,0.00018313491155230808,1.0,80.0,0.9161525753177842,1.0
2024-09-19,57.69186782836914,0.028266702747209216,0.00018226190218849787,1.0,80.0,0.7493225596755152,1.0
2024-09-20,57.69186782836914,0.0,0.00018035714588468036,1.0,80.0,0.7811034592012884,1.0
2024-09-23,58.6793327331543,0.017116188848709468,0.0001786904675619943,1.0,80.0,0.6681070850781359,1.0
2024-09-24,59.13815307617188,0.00781911316381323,0.00017837301133170959,1.0,80.0,0.6374714041751572,1.0
2024-09-25,59.457332611083984,0.005397184699038382,0.00017805555510142494,1.0,80.0,0.6300995557484584,1.0
2024-09-26,60.17549133300781,0.012078556006226648,0.00017730158472818041,1.0,80.0,0.5735253186230725,1.0
2024-09-27,60.903621673583984,0.012100114588956767,0.00017785713786170598,1.0,80.0,0.5252609038761656,1.0
2024-09-30,60.76397705078125,-0.0022928787971127074,0.00017849206924438476,1.0,80.0,0.5685231041838719,1.0
2024-10-01,60.574462890625,-0.003118857082015425,0.00017785713786170598,1.0,80.0,0.6244833947172801,1.0
2024-10-02,61.34249114990234,0.012679076670710332,0.00017750000196789937,1.0,80.0,0.5503310390985937,1.0
2024-10-03,60.41487503051758,-0.015121917972290122,0.0001771825457376147,1.0,80.0,0.7146496959799769,1.0
2024-10-04,61.48213195800781,0.017665466111634442,0.00017876984581114753,1.0,80.0,0.5792131332760271,1.0
2024-10-07,61.01333618164063,-0.007624910871460444,0.00017956349584791396,1.0,80.0,0.6789204053284423,1.0
2024-10-08,61.063209533691406,0.0008174172266584012,0.0001796825348384797,1.0,80.0,0.7011745772046554,1.0
2024-10-09,61.20285034179688,0.002286823918556502,0.00017996031140524242,1.0,80.0,0.703630093374709,1.0
2024-10-10,60.754005432128906,-0.007333725588944517,0.00017976191308763294,1.0,80.0,0.7819397289906354,1.0
2024-10-11,60.97344207763672,0.003611887709246586,0.00017916666136847602,1.0,80.0,0.7625916769098173,1.0
2024-10-14,61.38239288330078,0.006707031647374517,0.0001792857192811512,1.0,80.0,0.7213986669174745,1.0
2024-10-15,60.73405456542969,-0.010562284841252545,0.00017916666136847602,1.0,80.0,0.82122041933086,1.0
2024-10-16,61.950931549072266,0.020036155865925664,0.0001786904675619943,1.0,80.0,0.6695499159725725,1.0
2024-10-17,62.17036819458008,0.003542104049460315,0.00017916666136847602,1.0,80.0,0.6736564338830158,1.0
2024-10-18,62.48954772949219,0.0051339495676323565,0.0001790873020414322,1.0,80.0,0.6602379919985469,1.0
2024-10-21,62.3997802734375,-0.0014365195351273563,0.0001792857192811512,1.0,80.0,0.69623683945568,1.0
2024-10-22,61.91103363037109,-0.007832505834551196,0.00017857142857142857,1.0,80.0,0.7758591608350387,1.0
2024-10-23,61.10809326171875,-0.012969261237764984,0.00017876984581114753,1.0,80.0,0.8612749329679877,1.0
2024-10-24,62.19031524658203,0.017709961595892887,0.00017805555510142494,1.0,80.0,0.7635381166072492,1.0
2024-10-25,62.72893142700195,0.008660772634522473,0.0001789682630508665,1.0,80.0,0.7109032779361231,1.0
2024-10-28,63.4969596862793,0.01224360501296129,0.00017785713786170598,1.0,80.0,0.629265028092264,1.0
2024-10-29,63.72637176513672,0.00361296162825564,0.00017777777853466217,1.0,80.0,0.6193645489480817,1.0
2024-10-30,62.51947021484375,-0.018938808484829428,0.00017710316748846146,1.0,80.0,0.7990835788222029,1.0
2024-10-31,60.82382583618164,-0.0271218609632351,0.00017587302223084464,1.0,80.0,0.8858448026539992,1.0
2024-11-01,61.48213195800781,0.0108231620220538,0.0001746031783875965,1.0,80.0,0.8739793603850311,1.0
2024-11-04,61.01333618164063,-0.007624910871460444,0.0001753174690973191,1.0,80.0,0.891357294842995,1.0
2024-11-05,62.25016021728516,0.020271372015495448,0.00017551586741492862,1.0,80.0,0.8336002796610505,1.0
2024-11-06,65.72623443603516,0.05584040597834128,0.0001757936439816914,1.0,80.0,0.4214870831730367,1.0
2024-11-07,66.73863983154297,0.01540336829265776,0.0001753968284243629,1.0,80.0,0.3837783605298769,1.0
2024-11-08,68.09515380859375,0.02032576601013747,0.00017551586741492862,1.0,80.0,0.3470133340307742,1.0
2024-11-11,70.53887939453125,0.035886923654016245,0.00017519841118464392,1.0,80.0,0.32640318587460504,1.0
2024-11-12,69.0826187133789,-0.02064479466716973,0.00017551586741492862,1.0,80.0,0.32194574991932495,1.0
2024-11-13,70.06010437011719,0.014149516549073482,0.00017420634390815856,1.0,80.0,0.31412173615269173,1.0
2024-11-14,67.82584381103516,-0.03189062561595346,0.0001739285673413958,1.0,80.0,0.41219071394290324,1.0
2024-11-15,67.35704803466797,-0.006911757377811134,0.0001743254018208337,1.0,80.0,0.47959692009789157,1.0
2024-11-18,68.46420288085938,0.016437104631152666,0.00017472221737816225,1.0,80.0,0.3937374030772773,1.0
2024-11-19,69.76087951660156,0.018939483426085424,0.00017492063461788118,1.0,80.0,0.3254943722247414,1.0
2024-11-20,69.55142211914062,-0.0030025051133578673,0.00017499999394492496,1.0,80.0,0.346261391130364,1.0
2024-11-21,71.50640106201172,0.028108396396586244,0.00017511905185760014,1.0,80.0,0.28830651255820733,1.0
2024-11-22,72.9726333618164,0.020504909742739663,0.00017519841118464392,1.0,80.0,0.27869778933571954,1.0
2024-11-25,73.98004150390625,0.013805286936745986,0.00017480159562731546,1.0,80.0,0.27616665475955837,1.0
2024-11-26,74.06981658935547,0.0012135041238721112,0.00017440476114787752,1.0,80.0,0.27048355289540843,1.0
2024-11-27,74.2792739868164,0.0028278373986285743,0.00017400794559054903,1.0,80.0,0.2690757553257907,1.0
2024-11-29,76.56341552734375,0.030750725174464533,0.0001735317517840673,1.0,80.0,0.27389650399360443,1.0
2024-12-02,75.35651397705078,-0.015763423587887626,0.00017380952835083008,1.0,80.0,0.2569539936210403,1.0
2024-12-03,74.41891479492188,-0.012442178288852968,0.0001728968204013885,1.0,80.0,0.2691571268383674,1.0
2024-12-04,75.94499969482422,0.020506680379683173,0.00017242062659490677,1.0,80.0,0.25037978457721183,1.0
2024-12-05,76.00484466552734,0.0007880040943262223,0.0001718253937978593,1.0,80.0,0.25712380057456374,1.0
2024-12-06,78.2391128540039,0.029396391747247952,0.00017043651096404543,1.0,80.0,0.25347084598747677,1.0
2024-12-09,77.25164031982422,-0.012621213331269976,0.00017035715163700164,1.0,80.0,0.2450649600511291,1.0
2024-12-10,76.61328125,-0.008263372365705068,0.00017003967648460754,1.0,80.0,0.2635269237034756,1.0
2024-12-11,77.6107177734375,0.01301910722479982,0.00016884921089051262,1.0,80.0,0.24782236607510474,1.0
2024-12-12,76.81277465820312,-0.01028135208804204,0.00016757936704726447,1.0,80.0,0.2819330633488057,1.0
2024-12-13,78.35879516601562,0.020127127482269636,0.00016738094980754548,1.0,80.0,0.2468413778679178,1.0
2024-12-16,80.96211242675781,0.03322303839953955,0.00016777778428698342,1.0,80.0,0.24621187159616129,1.0
2024-12-17,80.90226745605469,-0.0007391725451489917,0.00016825395917135572,1.0,80.0,0.23670682718325742,1.0
2024-12-18,76.94243621826172,-0.048945862239818116,0.00016793650294107105,1.0,80.0,0.3215411924146494,1.0
2024-12-19,76.7229995727539,-0.002851958636783225,0.0001674603091345893,1.0,80.0,0.3524809620197203,1.0
2024-12-20,77.88003540039062,0.015080690719600165,0.0001672619108169798,1.0,80.0,0.2829175745693087,1.0
2024-12-23,78.64805603027344,0.009861585526179217,0.0001672619108169798,1.0,80.0,0.25475265412068654,1.0
2024-12-24,81.14165496826172,0.031705792410538836,0.0001666666590978229,1.0,80.0,0.21811854273309234,1.0
2024-12-26,81.98947143554688,0.010448597180039876,0.0001672619108169798,1.0,80.0,0.21899310685281026,1.0
2024-12-27,80.18411254882812,-0.022019399016835584,0.00016579364973401265,1.0,80.0,0.23281117974644713,1.0
2024-12-30,78.34883117675781,-0.022888341764120912,0.00016595238731020973,1.0,80.0,0.34446819755855623,1.0
2024-12-31,77.05215454101562,-0.016550044413768394,0.00016698413425021702,1.0,80.0,0.47147847381335306,1.0
2025-01-02,76.32402038574219,-0.009449887022767722,0.00016698413425021702,1.0,5.0,0.3624230600775328,0.0
2025-01-03,81.07183074951172,0.06220597840331332,0.00016638888253106012,1.0,5.0,0.19908989856056206,0.0
2025-01-06,82.53807067871094,0.01808568914311892,0.0001662698435404944,0.0,5.0,0.21519576685205236,0.0
2025-01-07,81.03193664550781,-0.018247749442386718,0.00016678571701049806,0.0,5.0,0.18867066082479633,0.0
2025-01-08,79.7452392578125,-0.015878892211650508,0.00016686507633754187,0.0,5.0,0.197658148144084,0.0
2025-01-10,77.76033782958984,-0.024890531982800446,0.00016718253256782652,0.0,5.0,0.32119929229541117,0.0
2025-01-13,76.64320373535156,-0.014366373982150904,0.00016738094980754548,0.0,5.0,0.40919135328852446,0.0
2025-01-14,77.34141540527344,0.009109896714818877,0.00016718253256782652,0.0,5.0,0.33946601061339504,0.0
2025-01-15,80.00457763671875,0.03443384398242766,0.00016686507633754187,0.0,5.0,0.17349570482316967,0.0
2025-01-16,80.09434509277344,0.0011220289976694442,0.00016646826078021336,0.0,5.0,0.17463252786286135,0.0
2025-01-17,80.8125,0.008966362186927368,0.00016638888253106012,0.0,5.0,0.17455658401717014,0.0
2025-01-21,84.16389465332031,0.041471240876353344,0.00016654762010725717,0.0,5.0,0.21548532695057956,0.0
2025-01-22,84.03422546386719,-0.0015406747749405758,0.0001672619108169798,0.0,5.0,0.19962734148235367,0.0
2025-01-23,84.70750427246094,0.008011959471004415,0.00016718253256782652,0.0,5.0,0.19765586144960293,0.0
2025-01-24,84.59278869628906,-0.001354255176765573,0.00016686507633754187,0.0,5.0,0.18434759793184138,0.0
2025-01-27,80.74267578125,-0.04551348849441539,0.0001661904842134506,0.0,5.0,0.2640249539449044,0.0
2025-01-28,81.7401123046875,0.012353275560742949,0.0001662698435404944,0.0,5.0,0.20041824927935228,0.0
2025-01-29,80.7726058959961,-0.011836372393091543,0.0001661904842134506,0.0,5.0,0.2652546104529086,0.0
2025-01-30,81.59050750732422,0.01012597776505153,0.00016595238731020973,0.0,5.0,0.20676968596506515,0.0
2025-01-31,81.78999328613281,0.0024449630833671687,0.0001661904842134506,0.0,5.0,0.2084879581109159,0.0
2025-02-03,80.18411254882812,-0.01963419573451608,0.0001662698435404944,0.0,5.0,0.3296036765032038,0.0
2025-02-04,82.58794403076172,0.02997889987832414,0.00016718253256782652,0.0,5.0,0.16387955439832755,0.0
2025-02-05,82.30865478515625,-0.003381719316095877,0.00016706349357726083,0.0,5.0,0.1763906231439194,0.0
2025-02-06,81.58052825927734,-0.008846293597914778,0.00016718253256782652,0.0,5.0,0.22501926440934827,0.0
2025-02-07,80.93218994140625,-0.007947218922272237,0.00016777778428698342,0.0,5.0,0.29715115999482294,0.0
2025-02-10,82.54804992675781,0.019965603136668175,0.00016777778428698342,0.0,5.0,0.17432999584766165,0.0
2025-02-11,79.97465515136719,-0.031174507183076017,0.00016765872637430828,0.0,5.0,0.4295383533729079,0.0
2025-02-12,79.79511260986328,-0.0022449930063979107,0.00016777778428698342,0.0,5.0,0.44635689117660304,0.0
2025-02-13,81.33116912841797,0.019250007529468816,0.00016718253256782652,0.0,5.0,0.2676728185749582,0.0
2025-02-14,81.65035247802734,0.003924489873069481,0.00016718253256782652,0.0,5.0,0.23899559879358387,0.0
2025-02-18,82.15904235839844,0.006230100237570646,0.00016718253256782652,0.0,5.0,0.21105955667522094,0.0
2025-02-19,81.02196502685547,-0.013839953569355745,0.00016738094980754548,0.0,5.0,0.34509578680876335,0.0
2025-02-20,79.91481018066406,-0.013664872801152472,0.00016686507633754187,0.0,5.0,0.4758523167929427,0.0
2025-02-21,76.71302795410156,-0.04006494189655463,0.00016654762010725717,0.0,5.0,0.6733296690191148,0.0
2025-02-24,74.45881652832031,-0.029384988259490652,0.0001662698435404944,0.0,5.0,0.6886718042491511,0.0
2025-02-25,72.61355590820312,-0.024782298539694714,0.00016595238731020973,0.0,5.0,0.686540281874872,0.0
2025-02-26,73.44142150878906,0.011400978649668492,0.00016638888253106012,0.0,5.0,0.7202819216824812,0.0
2025-02-27,71.6859359741211,-0.023903207462533715,0.00016646826078021336,0.0,5.0,0.7083856097997562,0.0
2025-02-28,72.67340087890625,0.013774876359871069,0.00016638888253106012,0.0,5.0,0.7511955776508826,1.0
2025-03-03,69.94042205810547,-0.037606315209531394,0.00016638888253106012,1.0,5.0,0.7088017582138836,1.0
2025-03-04,69.78082275390625,-0.002281932243225926,0.00016646826078021336,1.0,5.0,0.7259515135570838,1.0
2025-03-05,71.6859359741211,0.02730138661353343,0.00016686507633754187,1.0,5.0,0.797401504692534,1.0
2025-03-06,69.10256958007812,-0.03603728344951196,0.00016654762010725717,1.0,5.0,0.7403405609027872,1.0
2025-03-07,69.81074523925781,0.010248181268556644,0.00016654762010725717,1.0,5.0,0.7803657908297295,1.0
2025-03-10,66.38953399658203,-0.049006943428987704,0.00016607142630077544,1.0,5.0,0.7049728972177238,1.0
2025-03-11,65.71127319335938,-0.010216381444363987,0.00016646826078021336,1.0,5.0,0.7083108324498291,1.0
2025-03-12,67.04784393310547,0.020340052395776187,0.00016654762010725717,1.0,5.0,0.7628612547607049,1.0
2025-03-13,65.59158325195312,-0.021719724240577776,0.0001661904842134506,1.0,5.0,0.7369290599462733,1.0
2025-03-14,68.27468872070312,0.04090624643780205,0.0001661904842134506,1.0,5.0,0.8285238852056186,1.0
2025-03-17,69.13249206542969,0.012564002279609854,0.0001661904842134506,1.0,5.0,0.852650310573034,1.0
2025-03-18,67.80590057373047,-0.019189117187381033,0.00016646826078021336,1.0,5.0,0.8307615451232571,1.0
2025-03-19,69.31202697753906,0.022212320624970916,0.0001662698435404944,1.0,5.0,0.8600828820266477,1.0
2025-03-20,68.89310455322266,-0.006044007693674303,0.00016595238731020973,1.0,5.0,0.8672253737272841,1.0
2025-03-21,69.3918228149414,0.0072390156453678856,0.00016607142630077544,1.0,5.0,0.86997426549011,1.0
2025-03-24,72.4140625,0.04355325400686616,0.00016595238731020973,1.0,5.0,0.616503646819641,1.0
2025-03-25,72.78311920166016,0.0050964783485274445,0.00016595238731020973,1.0,5.0,0.5933272567189966,1.0
2025-03-26,70.48900604248047,-0.031519852190222686,0.0001662698435404944,1.0,5.0,0.8404694100004667,1.0
2025-03-27,69.47161865234375,-0.014433277574145253,0.0001661904842134506,1.0,5.0,0.8728065964190505,1.0
2025-03-28,66.91817474365234,-0.03675520965575285,0.0001661904842134506,1.0,5.0,0.8054555453415015,1.0
2025-03-31,66.09030151367188,-0.012371425747218168,0.00016638888253106012,1.0,5.0,0.7897651486770443,1.0
2025-04-01,66.39950561523438,0.004678509470841696,0.0001666666590978229,1.0,5.0,0.815401517106899,1.0
2025-04-02,68.20487213134766,0.027189457201305833,0.00016678571701049806,1.0,5.0,0.8681248622774701,1.0
2025-04-03,64.1552734375,-0.059374038353873226,0.00016607142630077544,1.0,5.0,0.7522744605131894,1.0
2025-04-04,59.31769180297852,-0.07540427115838333,0.00016488096070668053,1.0,5.0,0.6606783297509763,1.0
2025-04-07,59.90618133544922,0.009920978287984328,0.00016468254346696157,1.0,5.0,0.6864476911593723,1.0
2025-04-08,58.64940643310547,-0.020979052150000066,0.00016579364973401265,1.0,5.0,0.6774428025338275,1.0
2025-04-09,66.88825225830078,0.1404762013165879,0.00016777778428698342,1.0,5.0,0.6651070964726459,1.0
2025-04-10,64.09542846679688,-0.04175357700660087,0.00016654762010725717,1.0,5.0,0.7600650996203087,1.0
2025-04-11,65.44197082519531,0.02100839936027543,0.00016718253256782652,1.0,5.0,0.7366018870765477,1.0
2025-04-14,65.81101989746094,0.005639333100945443,0.00016646826078021336,1.0,5.0,0.7362526387467968,1.0
2025-04-15,66.13020324707031,0.004849998527703958,0.0001666666590978229,1.0,5.0,0.7361214594940174,1.0
2025-04-16,64.44452667236328,-0.025490267562147673,0.00016698413425021702,1.0,5.0,0.7825811211548865,1.0
2025-04-17,64.52432250976562,0.0012382096901422113,0.00016686507633754187,1.0,5.0,0.7881970757766844,1.0
2025-04-21,62.41972732543945,-0.03261708302334587,0.00016706349357726083,1.0,5.0,0.7684005881682838,1.0
2025-04-22,63.716400146484375,0.020773445777557242,0.00016718253256782652,1.0,5.0,0.7939715917645223,1.0
2025-04-23,65.92073059082031,0.03459596649007435,0.00016698413425021702,1.0,5.0,0.7461116298841838,1.0
2025-04-24,68.42430877685547,0.0379786170996077,0.00016654762010725717,1.0,5.0,0.567237913520035,1.0
2025-04-25,69.83070373535156,0.020554025077295535,0.00016638888253106012,1.0,5.0,0.4877598939346962,1.0
2025-04-28,70.09002685546875,0.0037135974040871655,0.00016638888253106012,1.0,5.0,0.48752911318399705,1.0
2025-04-29,70.7283935546875,0.009107810737968736,0.0001662698435404944,1.0,5.0,0.4608758488681002,1.0
2025-04-30,69.78082275390625,-0.013397318292668214,0.0001662698435404944,1.0,5.0,0.5420745490314464,1.0
2025-05-01,70.32942199707031,0.007861747991977586,0.00016607142630077544,1.0,5.0,0.521295894918896,1.0
2025-05-02,73.01252746582031,0.03815054059255263,0.00016698413425021702,1.0,5.0,0.38120497802687814,1.0
2025-05-05,72.18465423583984,-0.011338783339174596,0.00016698413425021702,1.0,5.0,0.4205759462398756,1.0
2025-05-06,71.02762603759766,-0.01602872813468048,0.00016706349357726083,1.0,5.0,0.5287437804632469,1.0
2025-05-07,71.43657684326172,0.0057576302134552115,0.0001672619108169798,1.0,5.0,0.4975224234468226,1.0
2025-05-08,72.66342163085938,0.017173902247436423,0.0001672619108169798,1.0,5.0,0.40992980357648784,1.0
2025-05-09,72.7531967163086,0.0012354921284232212,0.0001672619108169798,1.0,5.0,0.41823671026101084,1.0
2025-05-12,75.59589385986328,0.03907315790726562,0.000169841278166998,1.0,5.0,0.3206400798162874,1.0
2025-05-13,77.75035858154297,0.028499758540768694,0.00017003967648460754,1.0,5.0,0.3134379332305494,1.0
2025-05-14,79.00713348388672,0.016164232876503926,0.00017003967648460754,1.0,5.0,0.30823212306412573,1.0
2025-05-15,79.0570068359375,0.0006312512535460169,0.0001689682498810783,1.0,5.0,0.2912809675755016,1.0
2025-05-16,80.49331665039062,0.018168026743458965,0.00016813492018079,1.0,5.0,0.2935349788903964,0.0
2025-05-19,78.77772521972656,-0.021313464298103768,0.00016825395917135572,1.0,5.0,0.2591183484420287,0.0
2025-05-20,79.04703521728516,0.0034186059169318828,0.00016857143432374985,0.0,5.0,0.23096630643318822,0.0
2025-05-21,77.11199951171875,-0.024479548160754705,0.0001680555608537462,0.0,5.0,0.256078243380811,0.0
2025-05-22,77.73041534423828,0.008019709467208758,0.00016793650294107105,0.0,5.0,0.23549673497036513,0.0
2025-05-23,77.98975372314453,0.0033363822611489624,0.00016785714361402723,0.0,5.0,0.2319283794911611,0.0
2025-05-27,81.10175323486328,0.0399026713530346,0.00016678571701049806,0.0,5.0,0.2348482192155477,0.0
2025-05-28,80.80252838134766,-0.0036894991979902203,0.00016765872637430828,0.0,5.0,0.21130355827040803,0.0
2025-05-29,80.06441497802734,-0.00913478102859333,0.00016785714361402723,0.0,5.0,0.20074589587399286,0.0
2025-05-30,79.33628845214844,-0.009094258992321747,0.00016793650294107105,0.0,5.0,0.2172474642201997,0.0
2025-06-02,79.45598602294922,0.0015087367097210702,0.00016793650294107105,0.0,5.0,0.21954092623832708,0.0
2025-06-03,80.3935775756836,0.011800137405173938,0.0001680555608537462,0.0,5.0,0.19683428403749423,0.0
2025-06-04,80.27388763427734,-0.001488799789928108,0.00016825395917135572,0.0,5.0,0.2024727794670258,0.0
2025-06-05,78.11941528320312,-0.026839018447566088,0.00016793650294107105,0.0,5.0,0.3936433426863711,0.0
2025-06-06,80.69281005859375,0.032941807949552704,0.00016793650294107105,0.0,5.0,0.2030330275311771,0.0
2025-06-09,83.08666229248047,0.029666239558994834,0.00016825395917135572,0.0,5.0,0.20759718959796913,0.0
2025-06-10,83.16645050048828,0.0009603010375713872,0.00016865079365079366,0.0,5.0,0.1970437712091706,0.0
2025-06-11,84.24369049072266,0.012952819120590542,0.00016865079365079366,0.0,5.0,0.20311152561648688,0.0
2025-06-12,83.3659439086914,-0.010419137349258367,0.0001689682498810783,0.0,5.0,0.17984405138403525,0.0
2025-06-13,82.05929565429688,-0.015673645533548664,0.00016825395917135572,0.0,5.0,0.20585058461698855,0.0
2025-06-16,83.76492309570312,0.020785304429028928,0.00016857143432374985,0.0,5.0,0.17842752414072935,0.0
2025-06-17,82.76748657226562,-0.011907568067577756,0.00016738094980754548,0.0,5.0,0.2007431417393628,0.0
2025-06-18,83.23627471923828,0.005663916670507474,0.00016757936704726447,0.0,5.0,0.19132047014537454,0.0
2025-06-20,82.947021484375,-0.003475086263037941,0.00016646826078021336,0.0,5.0,0.2173390438533866,0.0
2025-06-23,84.5229721069336,0.01899948418106212,0.00016499999969724625,0.0,5.0,0.17785414653869683,0.0
2025-06-24,85.41069030761719,0.010502685584228066,0.00016595238731020973,0.0,5.0,0.17392765670250554,0.0
2025-06-25,85.4306411743164,0.00023358746577706313,0.0001661904842134506,0.0,5.0,0.17879079574492346,0.0
2025-06-26,87.5651626586914,0.02498543210063975,0.00016638888253106012,0.0,5.0,0.19465246897246974,0.0
2025-06-27,88.1137466430664,0.0062648657036503685,0.00016654762010725717,0.0,5.0,0.1932058412352014,0.0
2025-06-30,88.9416275024414,0.009395592525745178,0.0001662698435404944,0.0,5.0,0.20025372368888741,0.0
2025-07-01,85.97923278808594,-0.03330717907398484,0.00016765872637430828,0.0,5.0,0.2048176144761083,0.0
2025-07-02,87.53524017333984,0.018097479295831942,0.00016757936704726447,0.0,5.0,0.16889198759053184,0.0
2025-07-03,88.54264831542969,0.011508600879999165,0.00016825395917135572,0.0,5.0,0.1695126038362316,0.0
2025-07-07,87.94418334960938,-0.0067590587949019065,0.0001684523764110747,0.0,5.0,0.15635563481531303,0.0
2025-07-08,88.24342346191406,0.0034026140320742027,0.00016865079365079366,0.0,5.0,0.15547442173715667,0.0
2025-07-09,88.99150085449219,0.008477429401874792,0.0001684523764110747,0.0,5.0,0.1573490805898802,0.0
2025-07-10,90.55747985839844,0.01759695014546092,0.00016825395917135572,0.0,5.0,0.17495243064930502,0.0
2025-07-11,91.62474060058594,0.011785451006988579,0.00016813492018079,0.0,5.0,0.18529787582099977,0.0
2025-07-14,93.06105041503906,0.015676004156064627,0.00016777778428698342,0.0,5.0,0.20619265638408826,0.0
2025-07-15,93.54979705810548,0.005251892611212616,0.00016793650294107105,0.0,5.0,0.1982842092153955,0.0
2025-07-16,96.32267761230467,0.029640690214185028,0.00016765872637430828,0.0,5.0,0.24381646547228455,0.0
2025-07-17,99.50450897216795,0.03303304516377792,0.0001680555608537462,0.0,5.0,0.28332754073324706,0.0
2025-07-18,99.70399475097656,0.0020047913493488334,0.00016785714361402723,0.0,5.0,0.2679397824383486,0.0
2025-07-21,97.92855072021484,-0.017807150407525008,0.00016757936704726447,0.0,5.0,0.21507951850108625,0.0
2025-07-22,96.5421142578125,-0.01415763280683524,0.00016785714361402723,0.0,5.0,0.17686922371497835,0.0
2025-07-23,99.23519134521484,0.02789536056990194,0.00016825395917135572,0.0,5.0,0.22034862914731057,0.0
2025-07-24,97.11064910888672,-0.021409161483221806,0.0001684523764110747,0.0,5.0,0.17278095641933705,0.0
2025-07-25,98.21781158447266,0.011401040830697262,0.0001684523764110747,0.0,5.0,0.1833705965032478,0.0
2025-07-28,97.76895904541016,-0.0045699708822819485,0.0001680555608537462,0.0,5.0,0.16700174324844325,0.0
2025-07-29,95.88379669189452,-0.019281808581392834,0.00016785714361402723,0.0,5.0,0.16900178251902293,0.0
2025-07-30,97.50962829589844,0.016956270611897528,0.00016793650294107105,0.0,5.0,0.15690654455905437,0.0
2025-07-31,96.82139587402344,-0.007058097071055536,0.0001680555608537462,0.0,5.0,0.15636038927684762,0.0
2025-08-01,94.35771942138672,-0.025445578742143593,0.00016595238731020973,0.0,5.0,0.24606451886799827,0.0
2025-08-04,97.77893829345705,0.03625796482841759,0.00016480158245752731,0.0,5.0,0.15202963268227712,0.0
2025-08-05,98.3773956298828,0.006120513751434409,0.00016468254346696157,0.0,5.0,0.1489314343819085,0.0
2025-08-06,98.01831817626952,-0.003649999588972719,0.00016400793242076086,0.0,5.0,0.1444909208243642,0.0
2025-08-07,97.86870574951172,-0.001526372106168461,0.00016420634966047982,0.0,5.0,0.1439596621373371,0.0
2025-08-08,99.00579071044922,0.011618473466358026,0.00016400793242076086,0.0,5.0,0.14136241263427138,0.0
2025-08-11,98.88609313964844,-0.0012089956551213366,0.0001644047669001988,0.0,5.0,0.1389137186821682,0.0
2025-08-12,101.3198471069336,0.024611690987206503,0.00016388889343019517,0.0,5.0,0.16086206476278278,0.0
2025-08-13,101.79861450195312,0.0047253071208668285,0.00016309524339342874,0.0,5.0,0.15927114583468233,0.0
2025-08-14,100.52188873291016,-0.012541681193691256,0.00016317460272047255,0.0,5.0,0.13591667013468375,0.0
2025-08-15,99.69401550292967,-0.008235750844079015,0.00016317460272047255,0.0,5.0,0.1390808277070636,0.0
2025-08-18,99.8037338256836,0.0011005507421926186,0.0001636111168634324,0.0,5.0,0.1384114739299337,0.0
2025-08-19,95.90375518798828,-0.03907648028987554,0.00016309524339342874,0.0,5.0,0.36997796369639196,0.0
2025-08-20,95.03598022460938,-0.009048394003737581,0.00016329364171103827,0.0,5.0,0.41751518831012224,0.0
2025-08-21,95.11577606201172,0.0008396381792847851,0.00016380951518104187,0.0,5.0,0.40108934511836025,0.0
2025-08-22,98.28762817382812,0.033347276794003955,0.00016222221510750907,0.0,5.0,0.156519896787363,0.0
2025-08-25,98.4272689819336,0.0014207363703853115,0.00016242063234722803,0.0,5.0,0.15377643985937195,0.0
2025-08-26,99.68404388427734,0.012768564193063492,0.00016222221510750907,0.0,5.0,0.12789546325780762,0.0
2025-08-27,98.98583221435548,-0.007004247046121126,0.00016111110884045796,0.0,5.0,0.1453839070603928,0.0
2025-08-28,99.5643539428711,0.005844490222224996,0.00016158730264693972,0.0,5.0,0.13424660100351138,0.0
2025-08-29,97.70911407470705,-0.018633575116939638,0.00016043651671636674,0.0,5.0,0.24883376309000255,0.0
2025-09-02,97.06077575683594,-0.006635392450446309,0.0001600000025734069,0.0,5.0,0.30406513869950164,0.0
2025-09-03,95.8937759399414,-0.012023392640279185,0.00015944444943988135,0.0,5.0,0.4182246465638578,0.0
2025-09-04,95.93367767333984,0.0004161034749892156,0.00015865078994206018,0.0,5.0,0.4073123274201746,0.0
2025-09-05,96.93111419677734,0.010397146733327922,0.00015515873356470987,0.0,5.0,0.3027516870196073,0.0
2025-09-08,97.0009307861328,0.0007202701623105767,0.00015587301481337774,0.0,5.0,0.30366258916352123,0.0
2025-09-09,96.75157165527344,-0.0025706880216350703,0.00015646825707147993,0.0,5.0,0.33468529875633074,0.0
2025-09-10,97.03085327148438,0.0028865848009789197,0.00015595238360147627,0.0,5.0,0.31573621566669263,0.0
2025-09-11,98.74645233154295,0.01768096437592348,0.00015587301481337774,0.0,5.0,0.1737454115112013,0.0
2025-09-12,100.4919662475586,0.017676725338496624,0.00015587301481337774,0.0,5.0,0.13223727028512797,0.0
2025-09-15,102.83595275878906,0.023325113427038913,0.00015476190854632666,0.0,5.0,0.15635717510543468,0.0
2025-09-16,103.6738052368164,0.008147466479866194,0.00015436508352794344,0.0,5.0,0.16505332111446078,0.0
2025-09-17,103.733642578125,0.0005771693358018748,0.00015349206470307848,0.0,5.0,0.15894385146725373,0.0
2025-09-18,106.02775573730467,0.02211542082359541,0.00015396825850956023,0.0,5.0,0.1926298201601978,0.0
2025-09-19,108.12237548828124,0.019755390806971418,0.00015388888972146168,0.0,5.0,0.21890359249156713,0.0
2025-09-22,109.89781951904295,0.016420690192421317,0.00015269841466631208,0.0,5.0,0.23636580124295495,0.0
2025-09-23,110.6109848022461,0.006489348799860073,0.00015257936621469165,0.0,5.0,0.22762958844248712,0.0
2025-09-24,109.13976287841795,-0.01330086633310823,0.00015309523968469525,0.0,5.0,0.17371085615051787,0.0
2025-09-25,108.21214294433594,-0.008499376484035315,0.00015408729750012595,0.0,5.0,0.14530704473347228,0.0
2025-09-26,109.03004455566406,0.007558316368883489,0.0001531745990117391,0.0,5.0,0.154921984873801,0.0
2025-09-29,110.19705200195312,0.010703540029218805,0.00015329364746335952,0.0,5.0,0.16047128865385338,0.0
2025-09-30,111.27428436279295,0.009775509791502657,0.00015257936621469165,0.0,5.0,0.1757794515873249,0.0
2025-10-01,113.22926330566406,0.017569009354373444,0.00015257936621469165,0.0,5.0,0.20265867212201966,0.0
2025-10-02,115.30393981933594,0.018322794418181854,0.00015269841466631208,0.0,5.0,0.22602387136138005,0.0
2025-10-03,116.32132720947266,0.00882352668721298,0.00015309523968469525,0.0,5.0,0.22738622197984368,0.0
2025-10-06,121.73741912841795,0.04656146941301609,0.0001531745990117391,0.0,5.0,0.28915783786109217,0.0
2025-10-07,120.20136260986328,-0.012617784486907202,0.00015249999742659312,0.0,5.0,0.2445608913214609,0.0
2025-10-08,122.6650390625,0.020496243962167426,0.00015249999742659312,0.0,5.0,0.2652008433207311,0.0
2025-10-09,121.39828491210938,-0.010326937162146055,0.00015289682244497632,0.0,5.0,0.2295136768076083,0.0
2025-10-10,115.65303802490234,-0.04732560176913958,0.00015289682244497632,0.0,5.0,0.16478306070640555,0.0
2025-10-13,119.84228515625,0.036222542899786436,0.00015289682244497632,0.0,5.0,0.19454659007102879,0.0
2025-10-14,120.4207992553711,0.004827295293700518,0.00015289682244497632,0.0,5.0,0.1933226515354866,0.0
2025-10-15,120.61031341552734,0.001573766004943744,0.00015309523968469525,0.0,5.0,0.1841787782740122,0.0
2025-10-16,117.83743286132812,-0.022990409987959093,0.00015289682244497632,0.0,5.0,0.15951678360616278,0.0
2025-10-17,115.94229888916016,-0.01608261420968138,0.000152063492744688,0.0,5.0,0.18189041074782122,0.0
2025-10-20,118.70520782470705,0.023830034094702635,0.00015071428957439602,0.0,5.0,0.1519982732714605,0.0
2025-10-21,118.34613037109376,-0.0030249511389890404,0.00015019841610439244,0.0,5.0,0.1487631182875889,0.0
2025-10-22,114.46609497070312,-0.0327854859996195,0.00015031746455601282,0.0,5.0,0.25096557508606976,0.0
2025-10-23,117.3287353515625,0.025008631434417783,0.00015031746455601282,0.0,5.0,0.15519568354480004,0.0
2025-10-24,118.87477111816406,0.013176957562604175,0.00014932539727952746,0.0,5.0,0.14195387209585367,0.0
2025-10-27,120.9095458984375,0.017116960656444302,0.00014753967996627567,0.0,5.0,0.1512373470097647,0.0
2025-10-28,120.87962341308594,-0.00024747827087778784,0.00014761904875437417,0.0,5.0,0.14394410740124863,0.0
2025-10-29,124.37065887451172,0.028880264207109096,0.0001480158737727574,0.0,5.0,0.18413702030191476,0.0
2025-10-30,121.46810913085938,-0.02333789794087182,0.0001490873003762866,0.0,5.0,0.14570149635385907,0.0
2025-10-31,123.90186309814452,0.020036155865925442,0.00014753967996627567,0.0,5.0,0.16222313879181693,0.0
2025-11-03,123.7023696899414,-0.0016100920778333583,0.00015011904731629386,0.0,5.0,0.14924853614247816,0.0
2025-11-04,118.39599609375,-0.04289629705147746,0.0001505158723346771,0.0,5.0,0.23133427580242133,0.0
2025-11-05,118.39599609375,0.0,0.00015031746455601282,0.0,5.0,0.22318227541730265,0.0
2025-11-06,113.16941833496094,-0.04414488607072897,0.00014932539727952746,0.0,5.0,0.48189528197029574,0.0
2025-11-07,112.95995330810548,-0.0018508977949809324,0.0001490873003762866,0.0,5.0,0.47114183363608086,0.0
2025-11-10,116.17170715332033,0.028432676812946145,0.00015011904731629386,0.0,5.0,0.27029867760459875,0.0
2025-11-11,114.83513641357422,-0.011505131262142365,0.00015011904731629386,0.0,5.0,0.3491913217447414,0.0
2025-11-12,114.46609497070312,-0.0032136631208588007,0.00014992063953762962,0.0,5.0,0.3699784131168816,0.0
2025-11-13,108.08248138427734,-0.05576859757520014,0.0001505158723346771,0.0,5.0,0.6048508847567547,0.0
2025-11-14,108.20217895507812,0.0011074650513918094,0.00015031746455601282,0.0,5.0,0.6098916480666364,0.0
2025-11-17,106.29706573486328,-0.01760697648247711,0.00014968254263438875,0.0,5.0,0.6359255884780654,0.0
2025-11-18,105.05026245117188,-0.011729423338940559,0.00014968254263438875,0.0,5.0,0.6498136598136363,0.0
2025-11-19,105.2896499633789,0.002278790234515604,0.00014968254263438875,0.0,5.0,0.664538889863765,0.0
2025-11-20,101.00066375732422,-0.04073511696113008,0.0001498015910860092,0.0,5.0,0.6617533340629722,0.0
2025-11-21,101.73876953125,0.007307929933007662,0.0001484126987911406,0.0,5.0,0.683454840890877,0.0
2025-11-24,105.77839660644533,0.03970587705952666,0.0001480158737727574,0.0,5.0,0.6762650473239917,1.0
2025-11-25,107.19476318359376,0.013389941827328888,0.00014809524256085592,1.0,5.0,0.6142133211820868,1.0
2025-11-26,108.88043212890624,0.01572529193823957,0.00014892857226114425,1.0,5.0,0.48586960198872975,1.0
2025-11-28,109.67838287353516,0.007328688259468086,0.00014670635026598736,1.0,5.0,0.42031061842338596,1.0
2025-12-01,108.22710418701172,-0.01323213060313655,0.000146547622150845,1.0,5.0,0.5689800198482015,1.0
2025-12-02,108.75076293945312,0.004838517637287376,0.00014571428298950194,1.0,5.0,0.5424168106040922,1.0
2025-12-03,112.07223510742188,0.030542058540021344,0.00014424603136758957,1.0,5.0,0.26006602125874645,1.0
2025-12-04,114.4860382080078,0.021537922379011087,0.0001433333328792027,1.0,5.0,0.2005992399673498,0.0
2025-12-05,114.29652404785156,-0.0016553473517173511,0.0001429761875243414,1.0,5.0,0.1871811582578789,0.0
2025-12-08,114.4162139892578,0.001047187938594929,0.0001435714297824436,0.0,5.0,0.1821094563980742,0.0
2025-12-09,114.7553482055664,0.00296403983739979,0.0001441269829159691,0.0,5.0,0.17398535810790927,0.0
2025-12-10,115.6031723022461,0.007388100946379872,0.00014257936250595819,0.0,5.0,0.15998477482484866,0.0
2025-12-11,117.14920043945312,0.013373578825024879,0.00014158730469052754,0.0,5.0,0.1576559246479878,0.0
2025-12-12,114.2666015625,-0.024606218959581816,0.0001398809561653743,0.0,5.0,0.23450025235946162,0.0
2025-12-15,112.84026336669922,-0.012482546748540657,0.00014039682963537794,0.0,5.0,0.38119415227325804,0.0
2025-12-16,113.41877746582033,0.005126841092537138,0.00014067460620214068,0.0,5.0,0.3267321330048946,0.0
2025-12-17,109.50881958007812,-0.034473638079201674,0.00014059523741404215,0.0,5.0,0.651600872349056,0.0
2025-12-18,112.52108001708984,0.02750701220744145,0.00013976190771375384,0.0,5.0,0.42393485484561155,0.0
2025-12-19,116.63053131103516,0.036521612602022246,0.00013976190771375384,0.0,5.0,0.1676750477898291,0.0
2025-12-22,119.70264434814452,0.02634055596399998,0.0001400000046169947,0.0,5.0,0.1745046666548768,0.0
2025-12-23,119.43333435058594,-0.002249824964395186,0.0001407539655291845,0.0,5.0,0.1486621201770367,0.0
2025-12-24,119.17400360107422,-0.0021713431256175086,0.0001410714312205239,0.0,5.0,0.13252522225100594,0.0
2025-12-26,117.0999984741211,-0.01740316733753189,0.00014059523741404215,0.0,5.0,0.17545304889260038,0.0
2025-12-29,116.0999984741211,-0.00853970976114915,0.00014039682963537794,0.0,5.0,0.2652316457365045,0.0
2025-12-30,115.5,-0.005167945581453504,0.00014047618896242175,0.0,5.0,0.353418903193659,0.0
2025-12-31,114.66000366210938,-0.0072726955661526205,0.0001407539655291845,0.0,5.0,0.45502776324446575,0.0
2026-01-02,118.44000244140624,0.03296702126781814,0.00014019841239565892,0.0,100.0,0.557789324468571,0.0
2026-01-05,123.5,0.04272203186669987,0.00013948413114699108,0.0,100.0,0.7699489806860093,0.0
2026-01-06,126.12999725341795,0.021295524319173698,0.0001396825389256553,0.0,100.0,0.7765406479659049,0.0
2026-01-07,124.86499786376952,-0.010029330192617314,0.00013948413114699108,0.0,100.0,0.7966590229766828,0.0
2026-01-08,126.87999725341795,0.016137423810689056,0.00013916666545565166,0.0,100.0,0.7936797320348512,0.0
2026-01-09,129.24000549316406,0.01860031755070457,0.00013940476235889252,0.0,100.0,0.790237262959505,0.0
2026-01-12,131.47999572753906,0.01733201902791226,0.00014019841239565892,0.0,100.0,0.7852983277562595,0.0
2026-01-13,130.67999267578125,-0.006084599009385627,0.00014126983899918815,0.0,100.0,0.8196176988064555,0.0
2026-01-14,132.02999877929688,0.01033062579720978,0.00014126983899918815,0.0,100.0,0.8204337311641039,0.0
2026-01-15,132.27999877929688,0.0018935090684799594,0.0001414682562389071,0.0,100.0,0.8296300211145684,0.0
2026-01-16,134.0500030517578,0.013380740012056691,0.00014115079054756772,0.0,100.0,0.818547259412135,0.0
2026-01-20,129.35499572753906,-0.03502429852542388,0.00014174603280566988,0.0,100.0,0.8273734663735701,0.0
2026-01-21,130.11000061035156,0.005836689016655905,0.00014238095472729397,0.0,100.0,0.8450407146056378,0.0
2026-01-22,130.97000122070312,0.006609796374738686,0.00014238095472729397,0.0,100.0,0.8524393061196213,0.0
2026-01-23,130.24000549316406,-0.005573762852066566,0.00014214285782405308,0.0,100.0,0.8078797809992919,0.0
2026-01-26,127.5,-0.02103812482799594,0.0001418650812572903,0.0,100.0,0.5929105080422411,0.0
2026-01-27,130.08999633789062,0.020313696767769507,0.00014166666401757135,0.0,100.0,0.7766189339421706,0.0
2026-01-28,130.47999572753906,0.002997919906427393,0.00014214285782405308,0.0,100.0,0.7735472498813375,0.0
2026-01-29,127.8000030517578,-0.020539490830283835,0.00014206348903595455,0.0,100.0,0.5629370591755724,0.0
2026-01-30,123.91999816894533,-0.030359974883890306,0.00014174603280566988,0.0,100.0,0.3443229418121403,0.0
2026-02-02,122.51000213623048,-0.011378276739421378,0.00014198412970891077,0.0,100.0,0.3069553102762572,0.0
2026-02-03,126.51499938964844,0.03269118589161746,0.00014246031405433778,0.0,100.0,0.4906979588387867,0.0
2026-02-04,119.41999816894533,-0.05608031660223545,0.0001426587312940567,0.0,100.0,0.29725363986378694,0.0
2026-02-05,115.68000030517578,-0.031318019771516936,0.00014198412970891077,0.0,100.0,0.30371374040217347,0.0
2026-02-06,122.80999755859376,0.061635522429186684,0.00014246031405433778,0.0,100.0,0.3746160197397786,0.0
2026-02-09,126.2699966430664,0.028173594603499996,0.00014257936250595819,0.0,100.0,0.6209860415866777,0.0
2026-02-10,124.5199966430664,-0.013859190991719172,0.00014246031405433778,0.0,100.0,0.4446136405216677,0.0
2026-02-11,123.2699966430664,-0.010038548295042915,0.00014285713907272098,0.0,100.0,0.3500310350692689,0.0
2026-02-12,120.61000061035156,-0.02157861689910623,0.00014277777974567717,0.0,100.0,0.2678890129880836,0.0
2026-02-13,121.87000274658205,0.010446912609685777,0.00014257936250595819,0.0,100.0,0.2753049882617028,0.0
2026-02-17,122.13999938964844,0.0022154479115572556,0.00014257936250595819,0.0,100.0,0.26801387143418665,0.0
2026-02-18,124.08499908447266,0.015924346688584112,0.0001429761875243414,0.0,100.0,0.3559998453422236,0.0
2026-02-19,126.62999725341795,0.02051011957708737,0.0001426587312940567,0.0,100.0,0.5568004509944533,0.0
2026-02-20,124.9749984741211,-0.013069563414621288,0.0001426587312940567,0.0,100.0,0.38059949808207555,0.0
2026-02-23,123.12999725341795,-0.014762962538344748,0.00014238095472729397,0.0,100.0,0.2558219474646728,0.0
2026-02-24,124.76000213623048,0.01323808104582147,0.00014238095472729397,0.0,100.0,0.3446338150745855,0.0
2026-02-25,124.83000183105467,0.0005610748126452236,0.00014238095472729397,0.0,100.0,0.3189075660897245,0.0
2026-02-26,124.62000274658205,-0.0016822805526899298,0.00014238095472729397,0.0,100.0,0.2948693578091066,0.0
2026-02-27,122.44000244140624,-0.01749318132827271,0.00014198412970891077,0.0,100.0,0.21418637075767222,0.0
2026-03-02,123.9000015258789,0.011924200060118073,0.00014246031405433778,0.0,100.0,0.25735823373475025,0.0
2026-03-03,120.83999633789062,-0.024697378129968306,0.0001426587312940567,0.0,100.0,0.19714634157077776,0.0
2026-03-04,122.6999969482422,0.01539225973783287,0.0001426587312940567,0.0,100.0,0.2171535228022274,0.0
2026-03-05,120.88999938964844,-0.01475140671240005,0.00014238095472729397,0.0,100.0,0.1841596672454485,0.0
2026-03-06,118.6999969482422,-0.018115662606197014,0.00014166666401757135,0.0,100.0,0.18169929011352778,0.0
2026-03-09,121.66999816894533,0.02502107242680185,0.00014257936250595819,0.0,100.0,0.17933575752365322,0.0
2026-03-10,120.86000061035156,-0.006657331887759521,0.0001426587312940567,0.0,100.0,0.14686708491957398,0.0
2026-03-11,121.44000244140624,0.004798956049359759,0.00014285713907272098,0.0,100.0,0.14025738330152437,0.0
2026-03-12,118.80999755859376,-0.02165682501596977,0.00014305555631243994,0.0,100.0,0.14505399941670322,0.0
2026-03-13,117.2699966430664,-0.012961879868467086,0.0001429761875243414,0.0,100.0,0.16061054198331173,0.0
2026-03-16,119.25,0.01688414269303773,0.00014305555631243994,0.0,100.0,0.11526165434329781,0.0
2026-03-17,121.8499984741211,0.021802922214851916,0.00014305555631243994,0.0,100.0,0.14321706072157836,0.0
2026-03-18,118.9499969482422,-0.023799766616286022,0.00014325396409110418,0.0,100.0,0.11565422715258532,0.0
2026-03-19,118.97000122070312,0.0001681737954950524,0.0001433333328792027,0.0,100.0,0.10546346752637176,0.0
2026-03-20,114.66000366210938,-0.036227599515597286,0.0001435714297824436,0.0,100.0,0.18670452541414223,0.0
2026-03-23,117.37999725341795,0.023722252785933096,0.0001433333328792027,0.0,100.0,0.11825591711407897,0.0
2026-03-24,116.41000366210938,-0.008263704327871157,0.00014365078910948738,0.0,100.0,0.12594694950708119,0.0
2026-03-25,119.0199966430664,0.02242069322953344,0.00014365078910948738,0.0,100.0,0.09595579135513162,0.0
2026-03-26,113.83999633789062,-0.04352210091813635,0.00014365078910948738,0.0,100.0,0.17902055462048042,0.0
2026-03-27,110.22000122070312,-0.031798974294086624,0.00014313492510053847,0.0,100.0,0.2374880546465828,0.0
2026-03-30,106.45999908447266,-0.03411361000351909,0.00014277777974567717,0.0,100.0,0.28164575538410247,0.0
2026-03-31,112.4499969482422,0.05626524436672842,0.00014285713907272098,0.0,100.0,0.16847586269749582,0.0
2026-04-01,114.51000213623048,0.01831929963445389,0.00014305555631243994,0.0,100.0,0.1412796741023792,0.0
2026-04-02,114.9000015258789,0.0034058106922787434,0.00014313492510053847,0.0,100.0,0.1254746928542093,0.0
2026-04-06,115.96499633789062,0.009268884228620822,0.00014376983756110782,0.0,100.0,0.1209921409662597,0.0
2026-04-07,115.3499984741211,-0.005303306025014609,0.00014345238133082314,0.0,100.0,0.10593015898202156,0.0
2026-04-08,119.7699966430664,0.03831814674828049,0.00014285713907272098,0.0,100.0,0.2649616131547289,0.0
2026-04-09,118.19000244140624,-0.013191903197332544,0.00014238095472729397,0.0,100.0,0.15561327102057684,0.0
2026-04-10,119.18000030517578,0.008376324928670131,0.00014257936250595819,0.0,100.0,0.17945114720382588,0.0
2026-04-13,121.52999877929688,0.019718060648629132,0.0001429761875243414,0.0,100.0,0.3070846339233836,0.0
2026-04-14,123.51000213623048,0.016292301298623135,0.0001433333328792027,0.0,100.0,0.4159371769166735,0.0
2026-04-15,126.29000091552734,0.022508288650424868,0.0001433333328792027,0.0,100.0,0.5480985941679974,0.0
2026-04-16,128.25,0.015519827937792607,0.00014325396409110418,0.0,100.0,0.6020233339867089,0.0
2026-04-17,129.82000732421875,0.012241772508528204,0.00014285713907272098,0.0,100.0,0.6267607355523044,0.0
2026-04-20,129.69000244140625,-0.0010014240908785554,0.00014277777974567717,0.0,100.0,0.6179079201459642,0.0
2026-04-21,128.66000366210938,-0.00794200601362638,0.00014277777974567717,0.0,100.0,0.5456128131679455,0.0
2026-04-22,130.97000122070312,0.017954278663478984,0.0001426587312940567,0.0,100.0,0.6254998711906069,0.0
2026-04-23,128.72000122070312,-0.017179506597151395,0.0001426587312940567,0.0,100.0,0.4777223806945188,0.0
2026-04-24,129.16000366210938,0.003418291153150399,0.00014257936250595819,0.0,100.0,0.47065245953716595,0.0
2026-04-27,130.1199951171875,0.00743257531634578,0.00014246031405433778,0.0,100.0,0.5171194991852536,0.0
2026-04-28,126.91999816894533,-0.02459266114604619,0.00014246031405433778,0.0,100.0,0.23837268529950736,0.0
2026-04-29,123.26000213623048,-0.02883703187454323,0.00014246031405433778,0.0,100.0,0.13842564940834365,0.0
2026-04-30,128.7899932861328,0.04486444145758184,0.0001422619062756735,0.0,100.0,0.4179332293856492,0.0
2026-05-01,128.7899932861328,0.0,0.0001418650812572903,0.0,100.0,0.3828847806706362,0.0
2026-05-04,128.14999389648438,-0.004969325436849359,0.00014246031405433778,0.0,100.0,0.301853445086453,0.0
2026-05-05,127.4000015258789,-0.0058524573259932655,0.00014285713907272098,0.0,100.0,0.2238044913359179,0.0
2026-05-06,133.97000122070312,0.051569855699645784,0.00014285713907272098,0.0,100.0,0.6549104827343452,0.0
2026-05-07,130.47999572753906,-0.026050649110725965,0.00014277777974567717,0.0,100.0,0.4372534923122816,0.0
2026-05-08,134.8699951171875,0.03364499948954158,0.0001426587312940567,0.0,100.0,0.6701346762756892,0.0
2026-05-11,137.1999969482422,0.017275909508487564,0.00014285713907272098,0.0,100.0,0.7135553074071045,0.0
2026-05-12,135.5,-0.012390648586409925,0.0001429761875243414,0.0,100.0,0.6800193665930254,0.0
2026-05-13,136.61000061035156,0.008191886423258854,0.00014285713907272098,0.0,100.0,0.699857268984731,0.0
2026-05-14,137.5800018310547,0.007100513991430413,0.00014238095472729397,0.0,100.0,0.7138120277725329,0.0
2026-05-15,132.07000732421875,-0.04004938532856028,0.00014238095472729397,0.0,100.0,0.3693519762505064,0.0
2026-05-18,131.55999755859375,-0.0038616622801646017,0.00014158730469052754,0.0,100.0,0.3167696786003333,0.0
2026-05-19,129.6199951171875,-0.014746142272784812,0.0001418650812572903,0.0,100.0,0.23335572383812656,0.0
2026-05-20,133.61000061035156,0.030782330222715704,0.00014115079054756772,0.0,100.0,0.4686881310102285,0.0
2026-05-21,133.4600067138672,-0.001122624772091796,0.00014214285782405308,0.0,100.0,0.4375844150239509,0.0
2026-05-22,136.25,0.020905088759020085,0.0001422619062756735,0.0,100.0,0.6137539280555616,0.0
2026-05-26,139.66000366210938,0.025027549813646743,0.00014214285782405308,0.0,100.0,0.7257409902042065,0.0
2026-05-27,139.86000061035156,0.0014320273736070366,0.0001422619062756735,0.0,100.0,0.717222679243508,0.0
2026-05-28,143.82000732421875,0.02831407619466364,0.00014246031405433778,0.0,100.0,0.7539604626435747,0.0
2026-05-29,142.8699951171875,-0.006605563611810972,0.00014238095472729397,0.0,100.0,0.7609599753066315,0.0
2026-06-01,139.88999938964844,-0.02085809357727464,0.00014365078910948738,0.0,100.0,0.669621489599885,0.0
2026-06-02,141.85000610351562,0.014011056704688274,0.0001435714297824436,0.0,100.0,0.7311999111720573,0.0
2026-06-03,138.8300018310547,-0.02129012437445421,0.00014376983756110782,0.0,100.0,0.5475937639739509,0.0
2026-06-04,139.5399932861328,0.005114106790419237,0.00014365078910948738,0.0,100.0,0.5743705757330888,0.0
2026-06-05,129.60000610351562,-0.07123396632415491,0.00014384920634920634,0.0,100.0,0.27747678639457524,0.0
2026-06-08,131.67999267578125,0.016049278351146556,0.0001439682548008268,0.0,100.0,0.2552359991836027,0.0
2026-06-09,128.8699951171875,-0.02133959382510331,0.00014424603136758957,0.0,100.0,0.2463122798917934,0.0
2026-06-10,124.3499984741211,-0.03507408096784792,0.00014424603136758957,0.0,100.0,0.2730318892973617,0.0
2026-06-11,130.24000549316406,0.04736636181196863,0.00014376983756110782,0.0,100.0,0.22334298587228982,0.0
2026-06-12,129.41000366210938,-0.00637286391314118,0.0001435714297824436,0.0,100.0,0.20496729202124175,0.0
2026-06-15,134.69000244140625,0.04080054578379433,0.0001435714297824436,0.0,100.0,0.393266816087425,0.0
2026-06-16,132.35000610351562,-0.017373199907013026,0.0001440476235889253,0.0,100.0,0.24101853192541803,0.0
2026-06-17,131.44000244140625,-0.006875735701875496,0.0001447222251740713,0.0,100.0,0.2038559879902268,0.0
2026-06-18,133.1699981689453,0.013161866215806395,0.00014515872985597643,0.0,100.0,0.2494039851545426,0.0
2026-06-22,130.0399932861328,-0.023503829134559506,0.00014603174868084136,0.0,100.0,0.17367189620101647,0.0
2026-06-23,126.36000061035156,-0.028298930065952854,0.00014642857369922456,0.0,100.0,0.19821767081060607,0.0
2026-06-24,124.22000122070312,-0.016935734245898115,0.00014642857369922456,0.0,100.0,0.21519310380357334,0.0
2026-06-25,123.83999633789062,-0.003059127991291377,0.00014603174868084136,0.0,100.0,0.2018902174051332,0.0
2026-06-26,123.5999984741211,-0.0019379673035091471,0.00014535714709569536,0.0,100.0,0.18706650397537417,0.0
2026-06-29,128.38999938964844,0.038754053193052806,0.00014603174868084136,0.0,100.0,0.12832327651595785,0.0
2026-06-30,132.22000122070312,0.02983099812494805,0.00014809524256085592,0.0,100.0,0.27867109944912377,0.0
2026-07-01,130.44000244140625,-0.013462401776306754,0.00014682539871760776,0.0,100.0,0.16147905251312028,0.0
2026-07-02,127.94000244140624,-0.019165899671943154,0.00014555555487435963,0.0,100.0,0.12310268812219541,0.0
2026-07-06,130.11000061035156,0.016961060868661004,0.00014642857369922456,0.0,100.0,0.14182386775969724,0.0
2026-07-07,124.41000366210938,-0.04380906095998205,0.0001478174565330384,0.0,100.0,0.17037238109506309,0.0
2026-07-08,123.80999755859376,-0.004822812361176321,0.00014773809720599465,0.0,100.0,0.16389464537941562,0.0
2026-07-09,124.6999969482422,0.007188429102643612,0.00014611110800788514,0.0,100.0,0.13235136937637063,0.0
2026-07-10,123.98999786376952,-0.005693657593009993,0.0001466269814778888,0.0,100.0,0.13356376724579067,0.0
2026-07-13,120.6999969482422,-0.026534405776360348,0.00014793650498465887,0.0,100.0,0.18994182126389103,0.0
2026-07-14,122.27999877929688,0.013090322046422243,0.00014682539871760776,0.0,100.0,0.1457159463345774,0.0
2026-07-15,121.5199966430664,-0.006215261235013592,0.00014634920491112604,0.0,100.0,0.15011308974028456,0.0
2026-07-16,118.13999938964844,-0.02781432971353548,0.00014670635026598736,0.0,100.0,0.20771533903040762,0.0
2026-07-17,116.13999938964844,-0.01692906729585819,0.00014710317528437056,0.0,100.0,0.2269107573879677,0.0
2026-07-20,116.62999725341795,0.004219027607582193,0.00014702380649627203,0.0,100.0,0.205063577549225,0.0
2026-07-21,120.0999984741211,0.029752219003858826,0.0001480158737727574,0.0,100.0,0.1278650087550924,0.0
2026-07-22,119.13999938964844,-0.007993331362776912,0.00014861110656980484,0.0,100.0,0.14499476778689083,0.0
2026-07-23,116.8499984741211,-0.01922109222141155,0.00015079364890143983,0.0,100.0,0.17854850602738595,0.0
2026-07-24,114.01499938964844,-0.02426186667944652,0.00015099206614115881,0.0,100.0,0.22180546978096993,0.0
2026-07-27,114.87000274658205,0.0074990427707815055,0.00015067460044981942,0.0,100.0,0.19004211372760504,0.0
2026-07-28,113.58999633789062,-0.011143086777104738,0.000149206348827907,0.0,100.0,0.19872330326980345,0.0
2026-07-29,109.55999755859376,-0.03547846561513235,0.00014515872985597643,0.0,100.0,0.2577122956015858,0.0
2026-07-30,113.9800033569336,0.04034324476847462,0.0001458333314411224,0.0,100.0,0.17095197199360854,0.0
2026-07-31,115.06999969482422,0.00956304883126946,0.00014611110800788514,0.0,100.0,0.14496928565479475,0.0
2026-08-03,118.62000274658205,0.03085081308049653,0.00014682539871760776,0.0,100.0,0.1204110889350539,0.0
2026-08-04,124.83000183105467,0.05235203962808521,0.0001480158737727574,0.0,100.0,0.3399584107611766,0.0
2026-08-05,122.4000015258789,-0.019466476564380275,0.0001478174565330384,0.0,100.0,0.19066822263977926,0.0
2026-08-06,123.1999969482422,0.006535910231946884,0.00014809524256085592,0.0,100.0,0.19614752738749577,0.0
2026-08-07,127.8499984741211,0.037743519813822735,0.00014722222373599096,0.0,100.0,0.41327471139122246,0.0
2026-08-10,127.88999938964844,0.0003128738052777802,0.00014753967996627567,0.0,100.0,0.37382614848791546,0.0
2026-08-11,128.3000030517578,0.00320590870330828,0.0001480158737727574,0.0,100.0,0.3560982593539872,0.0
2026-08-12,128.92999267578125,0.0049102853393487855,0.00014710317528437056,0.0,100.0,0.3513564893196555,0.0
2026-08-13,130.10000610351562,0.009074796356163484,0.00014702380649627203,0.0,100.0,0.3829330272227996,0.0
2026-08-14,130.38999938964844,0.0022290028633977776,0.00014670635026598736,0.0,100.0,0.35711001472960735,0.0
2026-08-17,130.47000122070312,0.0006135580292137011,0.0001469444471692282,0.0,100.0,0.3178326020903517,0.0
2026-08-18,126.8000030517578,-0.02812905751979844,0.00014702380649627203,0.0,100.0,0.10259317314654516,0.0
2026-08-19,126.01000213623048,-0.006230290981971476,0.00014682539871760776,0.0,100.0,0.07534951867297437,0.0
2026-08-20,123.68000030517578,-0.01849061020200382,0.0001469444471692282,0.0,100.0,0.08346597077719436,0.0
2026-08-21,125.58000183105467,0.015362237396431944,0.00014722222373599096,0.0,100.0,0.06706868172739622,0.0
2026-08-24,121.83000183105467,-0.02986144246951794,0.0001469444471692282,0.0,100.0,0.11708999624128426,0.0
2026-08-25,122.73999786376952,0.007469391931691494,0.00014702380649627203,0.0,100.0,0.08841258018738592,0.0
2026-08-26,122.33000183105467,-0.0033403620649391508,0.00014642857369922456,0.0,100.0,0.08990513504225162,0.0
2026-08-27,124.16000366210938,0.014959550426411727,0.00014595237989274283,0.0,100.0,0.05830550787051676,0.0
2026-08-31,122.5,-0.013369874461561126,0.00014809524256085592,0.0,100.0,0.0731860979576664,0.0
2026-09-01,120.1500015258789,-0.019183661013233433,0.00014968254263438875,0.0,100.0,0.1176438529554996,0.0
2026-09-02,120.23999786376952,0.0007490331814206108,0.00014968254263438875,0.0,100.0,0.10472532723059538,0.0
