Date,close,ret,rf,state,lam,p_bear,raw_state
1999-01-04,1228.0999755859375,-0.0009192786547409515,0.00017341269387139213,0.0,50.0,0.06618064163007256,0.0
1999-01-05,1244.780029296875,0.013581999871776995,0.00017341269387139213,0.0,50.0,0.08610943255059875,0.0
1999-01-06,1272.3399658203125,0.022140407039631604,0.00017341269387139213,0.0,50.0,0.12613253219696846,0.0
1999-01-07,1269.72998046875,-0.002051327020824778,0.0001710317437610929,0.0,50.0,0.11301545080353487,0.0
1999-01-08,1275.0899658203125,0.004221358425815724,0.00017301587831406367,0.0,50.0,0.11410020269296361,0.0
1999-01-11,1263.8800048828125,-0.008791505884283457,0.00017420634390815856,0.0,50.0,0.09062029014264104,0.0
1999-01-12,1239.510009765625,-0.01928188991283797,0.00017301587831406367,0.0,50.0,0.06376492940294493,0.0
1999-01-13,1234.4000244140625,-0.004122584982213073,0.00017222222827729724,0.0,50.0,0.06268670280503565,0.0
1999-01-14,1212.18994140625,-0.01799261387600426,0.0001710317437610929,0.0,50.0,0.08173033124547117,0.0
1999-01-15,1243.260009765625,0.025631353056214,0.00017142857824053084,0.0,50.0,0.06563103796398696,0.0
1999-01-19,1252.0,0.007029897339031033,0.000169841278166998,0.0,50.0,0.06972484841481616,0.0
1999-01-20,1256.6199951171875,0.0036900919466353876,0.0001702380937243265,0.0,50.0,0.07049027417338095,0.0
1999-01-21,1235.1600341796875,-0.017077526237753937,0.00016706349357726083,0.0,50.0,0.05625695356426981,0.0
1999-01-22,1225.18994140625,-0.008071903638024458,0.00016865079365079366,0.0,50.0,0.060277193308657856,0.0
1999-01-25,1233.97998046875,0.007174429666318538,0.0001702380937243265,0.0,50.0,0.049813901090783805,0.0
1999-01-26,1252.31005859375,0.014854437199246062,0.00017261904383462573,0.0,50.0,0.05994490792570961,0.0
1999-01-27,1243.1700439453125,-0.007298523704825199,0.00017301587831406367,0.0,50.0,0.051025302768159725,0.0
1999-01-28,1265.3699951171875,0.017857533874787945,0.00017341269387139213,0.0,50.0,0.07174260936710113,0.0
1999-01-29,1279.6400146484375,0.011277349381062507,0.00017301587831406367,0.0,50.0,0.08897213912547453,0.0
1999-02-01,1273.0,-0.005188970782741387,0.00017499999394492496,0.0,50.0,0.07282684376536827,0.0
1999-02-02,1261.989990234375,-0.008648868629713258,0.00017499999394492496,0.0,50.0,0.058535521849317866,0.0
1999-02-03,1272.0699462890625,0.00798735024262398,0.00017301587831406367,0.0,50.0,0.06567828269312384,0.0
1999-02-04,1248.489990234375,-0.018536681983153502,0.00017301587831406367,0.0,50.0,0.053131542221115866,0.0
1999-02-05,1239.4000244140625,-0.007280767880730954,0.00017420634390815856,0.0,50.0,0.05996039303891907,0.0
1999-02-08,1243.77001953125,0.003525895619740149,0.0001746031783875965,0.0,50.0,0.048352610983930226,0.0
1999-02-09,1216.1400146484375,-0.02221472173225858,0.00017499999394492496,0.0,50.0,0.10947447286079937,0.0
1999-02-10,1223.550048828125,0.006093076529374519,0.00017341269387139213,0.0,50.0,0.06761128758993923,0.0
1999-02-11,1254.0400390625,0.024919283247609947,0.00017420634390815856,0.0,50.0,0.0471622080175015,0.0
1999-02-12,1230.1300048828125,-0.019066404129777448,0.0001753968284243629,0.0,50.0,0.055414916565576816,0.0
1999-02-16,1241.8699951171875,0.009543698786124155,0.0001746031783875965,0.0,50.0,0.04125627468181687,0.0
1999-02-17,1224.030029296875,-0.014365405308491286,0.00017499999394492496,0.0,50.0,0.06425225837136915,0.0
1999-02-18,1237.280029296875,0.010824897823471957,0.00017499999394492496,0.0,50.0,0.03915751647705711,0.0
1999-02-19,1239.219970703125,0.0015679081212944812,0.0001765872940184578,0.0,50.0,0.03656218738259705,0.0
1999-02-22,1272.1400146484375,0.026565133490088932,0.00017817459409199063,0.0,50.0,0.06656790685462577,0.0
1999-02-23,1271.1800537109375,-0.0007546032091171329,0.0001801587286449614,0.0,50.0,0.05868747076395011,0.0
1999-02-24,1253.4100341796875,-0.013979152268299266,0.0001801587286449614,0.0,50.0,0.04208089980535802,0.0
1999-02-25,1245.02001953125,-0.00669375098303604,0.00017857142857142857,0.0,50.0,0.0424210527835421,0.0
1999-02-26,1238.3299560546875,-0.005373458556177546,0.00018055556312439935,0.0,50.0,0.049789205612874254,0.0
1999-03-01,1236.1600341796875,-0.0017522970064565158,0.00018174602871849423,0.0,50.0,0.05284054326861322,0.0
1999-03-02,1225.5,-0.008623506572724149,0.0001801587286449614,0.0,50.0,0.07904831770667473,0.0
1999-03-03,1227.699951171875,0.0017951457950835525,0.00017777777853466217,0.0,50.0,0.057158780750792414,0.0
1999-03-04,1246.6400146484375,0.01542727395116672,0.00017777777853466217,0.0,50.0,0.03263255415061081,0.0
1999-03-05,1275.469970703125,0.023126127603739555,0.00017817459409199063,0.0,50.0,0.06173259848196956,0.0
1999-03-08,1282.72998046875,0.005692027199686089,0.00017857142857142857,0.0,50.0,0.06732860681936803,0.0
1999-03-09,1279.8399658203125,-0.0022530187119984557,0.00017738094405522423,0.0,50.0,0.055962810330080055,0.0
1999-03-10,1286.8399658203125,0.00546943382527787,0.00017738094405522423,0.0,50.0,0.061631617393943565,0.0
1999-03-11,1297.6800537109375,0.008423804185872408,0.00017777777853466217,0.0,50.0,0.07274902430373373,0.0
1999-03-12,1294.5899658203125,-0.002381240184580413,0.00017738094405522423,0.0,50.0,0.06051880248173123,0.0
1999-03-15,1307.260009765625,0.009786916537147805,0.00017698412849789574,0.0,50.0,0.07539395507807638,0.0
1999-03-16,1306.3800048828125,-0.0006731674465971782,0.0001757936439816914,0.0,50.0,0.06698862377224021,0.0
1999-03-17,1297.8199462890625,-0.006552502764704982,0.0001746031783875965,0.0,50.0,0.0515471412595708,0.0
1999-03-18,1316.550048828125,0.014431973088885552,0.00017341269387139213,0.0,50.0,0.07396448803338736,0.0
1999-03-19,1299.2900390625,-0.013110029338412432,0.00017380952835083008,0.0,50.0,0.0490985258545132,0.0
1999-03-22,1297.010009765625,-0.0017548270427133472,0.00017420634390815856,0.0,50.0,0.046768566796126836,0.0
1999-03-23,1262.1400146484375,-0.026884908254091733,0.00017380952835083008,0.0,50.0,0.08096723141529874,0.0
1999-03-24,1268.5899658203125,0.005110329358879895,0.00017380952835083008,0.0,50.0,0.05250634766557097,0.0
1999-03-25,1289.989990234375,0.01686914211104029,0.00017420634390815856,0.0,50.0,0.04048240972037703,0.0
1999-03-26,1282.800048828125,-0.005573641238056148,0.00017420634390815856,0.0,50.0,0.039052407039574924,0.0
1999-03-29,1310.1700439453125,0.02133613507591514,0.00017420634390815856,0.0,50.0,0.05904513312727587,0.0
1999-03-30,1300.75,-0.0071899399538596365,0.00017341269387139213,0.0,50.0,0.046430387589202766,0.0
1999-03-31,1286.3699951171875,-0.011055164238179871,0.00017301587831406367,0.0,50.0,0.04562898725862646,0.0
1999-04-01,1293.719970703125,0.005713733695466017,0.0001706349282037644,0.0,50.0,0.0394084515901067,0.0
1999-04-05,1321.1199951171875,0.02117925442487434,0.0001702380937243265,0.0,50.0,0.06555262129001983,0.0
1999-04-06,1317.8900146484375,-0.0024448804655806677,0.0001702380937243265,0.0,50.0,0.057703584734950894,0.0
1999-04-07,1326.8900146484375,0.006829097952002261,0.000169841278166998,0.0,50.0,0.06388695686557833,0.0
1999-04-08,1343.97998046875,0.012879715448639084,0.00016944444368756007,0.0,50.0,0.08462541297866998,0.0
1999-04-09,1348.3499755859375,0.0032515328953510725,0.00016904762813023158,0.0,50.0,0.08451266898594033,0.0
1999-04-12,1358.6300048828125,0.007624155065829807,0.0001674603091345893,0.0,50.0,0.09490892187737231,0.0
1999-04-13,1349.8199462890625,-0.0064845164335303185,0.000165476193503728,0.0,50.0,0.07304907193544012,0.0
1999-04-14,1328.43994140625,-0.015839153171199327,0.00016507935902429006,0.0,50.0,0.04802990801864332,0.0
1999-04-15,1322.8499755859375,-0.004207917607773171,0.0001662698435404944,0.0,50.0,0.0485067494325735,0.0
1999-04-16,1319.0,-0.0029103644834950204,0.0001674603091345893,0.0,50.0,0.05231228934229344,0.0
1999-04-19,1289.47998046875,-0.02238060616470816,0.00016706349357726083,0.0,50.0,0.11062598999833188,0.0
1999-04-20,1306.1700439453125,0.012943251333374928,0.00016865079365079366,0.0,50.0,0.05790438135279895,0.0
1999-04-21,1336.1199951171875,0.022929595813888426,0.00016825395917135572,0.0,50.0,0.060036227045812136,0.0
1999-04-22,1358.8199462890625,0.016989455479172078,0.00016944444368756007,0.0,50.0,0.08506143525204701,0.0
1999-04-23,1356.8499755859375,-0.001449765812243875,0.0001710317437610929,0.0,50.0,0.07655720006933961,0.0
1999-04-26,1360.0400390625,0.0023510804687045805,0.00017261904383462573,0.0,50.0,0.07373351144679036,0.0
1999-04-27,1362.800048828125,0.0020293591999891447,0.00017341269387139213,0.0,50.0,0.07113724385228348,0.0
1999-04-28,1350.9100341796875,-0.008724694909324149,0.00017380952835083008,0.0,50.0,0.054942393292674474,0.0
1999-04-29,1342.8299560546875,-0.005981211124770791,0.00017380952835083008,0.0,50.0,0.051568245841072495,0.0
1999-04-30,1335.1800537109375,-0.005696851123448199,0.0001757936439816914,0.0,50.0,0.05416178830414052,0.0
1999-05-03,1354.6300048828125,0.014567287099456427,0.00017698412849789574,0.0,50.0,0.05661823923567319,0.0
1999-05-04,1332.0,-0.016705672250903802,0.00017817459409199063,0.0,50.0,0.05653196438744877,0.0
1999-05-05,1347.31005859375,0.011494037983295735,0.00017777777853466217,0.0,50.0,0.05007601943626444,0.0
1999-05-06,1332.050048828125,-0.011326279105755788,0.00017777777853466217,0.0,50.0,0.053840873894460156,0.0
1999-05-07,1345.0,0.009721820274897208,0.00017738094405522423,0.0,50.0,0.046702684963313264,0.0
1999-05-10,1340.300048828125,-0.003494387488382933,0.00017738094405522423,0.0,50.0,0.046753290507658626,0.0
1999-05-11,1355.6099853515625,0.011422768011404294,0.00017777777853466217,0.0,50.0,0.04924558449169232,0.0
1999-05-12,1364.0,0.006189106556530488,0.00017738094405522423,0.0,50.0,0.054001404309163226,0.0
1999-05-13,1367.56005859375,0.0026100136317814826,0.0001765872940184578,0.0,50.0,0.053243220130793786,0.0
1999-05-14,1337.800048828125,-0.02176139144940148,0.00017857142857142857,0.0,50.0,0.04520216651813282,0.0
1999-05-17,1339.489990234375,0.0012632242073322697,0.00018055556312439935,0.0,50.0,0.04024402122359942,0.0
1999-05-18,1333.3199462890625,-0.004606263570684055,0.00017976191308763294,0.0,50.0,0.043731513221724055,0.0
1999-05-19,1344.22998046875,0.008182607790465202,0.00017857142857142857,0.0,50.0,0.03546187328303949,0.0
1999-05-20,1338.8299560546875,-0.004017187901269259,0.00017777777853466217,0.0,50.0,0.03563441774023527,0.0
1999-05-21,1330.2900390625,-0.006378642002717982,0.00017698412849789574,0.0,50.0,0.04484777732277409,0.0
1999-05-24,1306.6500244140625,-0.01777057179582986,0.00017857142857142857,0.0,50.0,0.11648857659923546,0.0
1999-05-25,1284.4000244140625,-0.01702827810375429,0.0001789682630508665,0.0,50.0,0.23907715676422228,0.0
1999-05-26,1304.760009765625,0.015851747870256006,0.000179365078608195,0.0,50.0,0.09052814814237017,0.0
1999-05-27,1281.4100341796875,-0.017895992681544404,0.000179365078608195,0.0,50.0,0.2163821323789705,0.0
1999-05-28,1301.8399658203125,0.015943321103852215,0.0001789682630508665,0.0,50.0,0.07847354010522023,0.0
1999-06-01,1294.260009765625,-0.005822494510614673,0.0001801587286449614,0.0,50.0,0.10395873144801827,0.0
1999-06-02,1294.81005859375,0.00042499097860915214,0.00018253967875526066,0.0,50.0,0.08422416549779124,0.0
1999-06-03,1299.5400390625,0.0036530303710238243,0.000179365078608195,0.0,50.0,0.05715250201449944,0.0
1999-06-04,1327.75,0.021707650468277162,0.0001757936439816914,0.0,50.0,0.030450400355344576,0.0
1999-06-07,1334.52001953125,0.005098866150442527,0.00017420634390815856,0.0,50.0,0.03246873049141163,0.0
1999-06-08,1317.3299560546875,-0.012881083254637549,0.00017777777853466217,0.0,50.0,0.029048611524066115,0.0
1999-06-09,1318.6400146484375,0.000994480227014316,0.00017738094405522423,0.0,50.0,0.026083007609693367,0.0
1999-06-10,1302.8199462890625,-0.011997260953432232,0.00017976191308763294,0.0,50.0,0.054678454402380186,0.0
1999-06-11,1293.6400146484375,-0.007046201331790347,0.00018214286319793218,0.0,50.0,0.08757145779646254,0.0
1999-06-14,1294.0,0.00027827320389461896,0.00018134921316116578,0.0,50.0,0.07770615672695565,0.0
1999-06-15,1301.1600341796875,0.005533256707640932,0.00018214286319793218,0.0,50.0,0.04806897258712378,0.0
1999-06-16,1330.4100341796875,0.022479940385227604,0.00018055556312439935,0.0,50.0,0.03014173288532844,0.0
1999-06-17,1339.9000244140625,0.007133131884581978,0.0001789682630508665,0.0,50.0,0.03533935028897471,0.0
1999-06-18,1342.8399658203125,0.002194149826615366,0.000179365078608195,0.0,50.0,0.035505869853955985,0.0
1999-06-21,1349.0,0.004587318173781441,0.00018055556312439935,0.0,50.0,0.03992277189119895,0.0
1999-06-22,1335.8800048828125,-0.009725719138018896,0.0001829365132346986,0.0,50.0,0.020942044644194403,0.0
1999-06-23,1333.06005859375,-0.0021109278368979245,0.00018214286319793218,0.0,50.0,0.017069690910473227,0.0
1999-06-24,1315.780029296875,-0.012962678752151513,0.00018214286319793218,0.0,50.0,0.033747576797578234,0.0
1999-06-25,1315.31005859375,-0.0003571802981202632,0.0001849206288655599,0.0,50.0,0.035825457068795086,0.0
1999-06-28,1331.3499755859375,0.012194780148899964,0.00018531746334499784,0.0,50.0,0.016904150664901342,0.0
1999-06-29,1351.449951171875,0.015097439407013358,0.00018650792893909273,0.0,50.0,0.030239872126733333,0.0
1999-06-30,1372.7099609375,0.0157312594130401,0.00018531746334499784,0.0,50.0,0.059424943474123915,0.0
1999-07-01,1380.9599609375,0.006010009568492958,0.00018134921316116578,0.0,50.0,0.06629830356922045,0.0
1999-07-02,1391.219970703125,0.00742962146321724,0.0001801587286449614,0.0,50.0,0.076014600197955,0.0
1999-07-06,1388.1199951171875,-0.0022282425865197686,0.000179365078608195,0.0,50.0,0.05732579758432195,0.0
1999-07-07,1395.8599853515625,0.005575879795407523,0.00017976191308763294,0.0,50.0,0.06444403131480823,0.0
1999-07-08,1394.4200439453125,-0.0010315801164594296,0.0001801587286449614,0.0,50.0,0.052691211731327244,0.0
1999-07-09,1403.280029296875,0.006353885538316284,0.00018095237868172783,0.0,50.0,0.061917320173228436,0.0
1999-07-12,1399.0999755859375,-0.002978773746984742,0.00018095237868172783,0.0,50.0,0.04746158226220761,0.0
1999-07-13,1393.56005859375,-0.003959629110755536,0.00018174602871849423,0.0,50.0,0.03629530627720102,0.0
1999-07-14,1398.1700439453125,0.0033080636339524183,0.00018174602871849423,0.0,50.0,0.03927824012665213,0.0
1999-07-15,1409.6199951171875,0.008189240801902642,0.00018134921316116578,0.0,50.0,0.05277402574550692,0.0
1999-07-16,1418.780029296875,0.006498229460008442,0.0001801587286449614,0.0,50.0,0.06328924646876301,0.0
1999-07-19,1407.6500244140625,-0.00784477131971495,0.000179365078608195,0.0,50.0,0.04022274246042253,0.0
1999-07-20,1377.0999755859375,-0.021702872374716575,0.00017817459409199063,0.0,50.0,0.03002767024192219,0.0
1999-07-21,1379.2900390625,0.0015903445758400636,0.00017738094405522423,0.0,50.0,0.025594352487410005,0.0
1999-07-22,1360.969970703125,-0.013282245097504752,0.00017777777853466217,0.0,50.0,0.05138347249101866,0.0
1999-07-23,1356.93994140625,-0.0029611449066675455,0.000179365078608195,0.0,50.0,0.05607736619114062,0.0
1999-07-26,1347.760009765625,-0.006765171663464686,0.00018134921316116578,0.0,50.0,0.08216359659733348,0.0
1999-07-27,1362.8399658203125,0.011188903028299446,0.00018174602871849423,0.0,50.0,0.02865219853930502,0.0
1999-07-28,1365.4000244140625,0.001878473377620038,0.00018134921316116578,0.0,50.0,0.021035240451355332,0.0
1999-07-29,1341.030029296875,-0.01784824570194765,0.00018174602871849423,0.0,50.0,0.08842354642998478,0.0
1999-07-30,1328.719970703125,-0.009179554763739661,0.00018333332879202707,0.0,50.0,0.1461561424065976,0.0
1999-08-02,1328.050048828125,-0.0005041859005442406,0.00018452381330823144,0.0,50.0,0.13770688358920222,0.0
1999-08-03,1322.1800537109375,-0.004420010467502511,0.00018611111338176424,0.0,50.0,0.16087437042526392,0.0
1999-08-04,1305.3299560546875,-0.01274417777590664,0.0001849206288655599,0.0,50.0,0.2712976176666134,0.0
1999-08-05,1313.7099609375,0.006419836489572894,0.00018174602871849423,0.0,50.0,0.1647437461450787,0.0
1999-08-06,1300.2900390625,-0.010215285164940968,0.0001849206288655599,0.0,50.0,0.2514602890332094,0.0
1999-08-09,1297.800048828125,-0.0019149498647011987,0.00018809522901262556,0.0,50.0,0.252502949261442,0.0
1999-08-10,1281.4300537109375,-0.012613649638840041,0.00019087301360236274,0.0,50.0,0.371814802671052,0.0
1999-08-11,1301.9300537109375,0.015997751840323593,0.0001892857135288299,0.0,50.0,0.16099922352865742,0.0
1999-08-12,1298.1600341796875,-0.002895715880053773,0.0001849206288655599,0.0,50.0,0.18586428886426917,0.0
1999-08-13,1327.6800537109375,0.022739892427749764,0.00018253967875526066,0.0,50.0,0.04795045874727524,0.0
1999-08-16,1330.77001953125,0.002327342202419924,0.000183730163271465,0.0,50.0,0.034509180927173796,0.0
1999-08-17,1344.1600341796875,0.010061854754703559,0.00018571427890232633,0.0,50.0,0.0263364683674928,0.0
1999-08-18,1332.8399658203125,-0.008421667116656484,0.000183730163271465,0.0,50.0,0.03178440429759673,0.0
1999-08-19,1323.5899658203125,-0.006940068003068123,0.000183730163271465,0.0,50.0,0.05211978187155369,0.0
1999-08-20,1336.6099853515625,0.009836898032980157,0.00018611111338176424,0.0,50.0,0.025548775462251157,0.0
1999-08-23,1360.219970703125,0.017664079731794402,0.0001892857135288299,0.0,50.0,0.0337911387952428,0.0
1999-08-24,1363.5,0.002411396220847628,0.00019246031367589557,0.0,50.0,0.030084510267692793,0.0
1999-08-25,1381.7900390625,0.013414036716171696,0.00019007936356559634,0.0,50.0,0.05116237408985113,0.0
1999-08-26,1362.010009765625,-0.014314786427535031,0.00018968254800826782,0.0,50.0,0.019344186036920948,0.0
1999-08-27,1348.27001953125,-0.010088024416751051,0.00019206349811856709,0.0,50.0,0.02083253029459165,0.0
1999-08-30,1324.02001953125,-0.017986011443339,0.00019246031367589557,0.0,50.0,0.09299888946587273,0.0
1999-08-31,1320.4100341796875,-0.0027265338124121685,0.00019246031367589557,0.0,50.0,0.10678177289576433,0.0
1999-09-01,1331.0699462890625,0.00807318320327477,0.00019126984808180066,0.0,50.0,0.047660168921696826,0.0
1999-09-02,1319.1099853515625,-0.008985223481939197,0.00018968254800826782,0.0,50.0,0.0945077433495414,0.0
1999-09-03,1357.239990234375,0.0289058572114822,0.0001892857135288299,0.0,50.0,0.02880979844494265,0.0
1999-09-07,1350.449951171875,-0.005002828616424315,0.00018611111338176424,0.0,50.0,0.029799672566258283,0.0
1999-09-08,1344.1500244140625,-0.004665057562737274,0.00018611111338176424,0.0,50.0,0.038826576750801554,0.0
1999-09-09,1347.6600341796875,0.0026113229192217258,0.00018571427890232633,0.0,50.0,0.025771128690502507,0.0
1999-09-10,1351.6600341796875,0.0029681076076688573,0.00018333332879202707,0.0,50.0,0.019563634601803468,0.0
1999-09-13,1344.1300048828125,-0.00557094913399947,0.000183730163271465,0.0,50.0,0.02898135261859835,0.0
1999-09-14,1336.2900390625,-0.005832743701749354,0.00018611111338176424,0.0,50.0,0.04846023395853341,0.0
1999-09-15,1317.969970703125,-0.01370964971962807,0.00018333332879202707,0.0,50.0,0.13408582852540232,0.0
1999-09-16,1318.47998046875,0.00038696615018696257,0.00018095237868172783,0.0,50.0,0.1077465286279291,0.0
1999-09-17,1335.4200439453125,0.012848176481633056,0.00018055556312439935,0.0,50.0,0.03522515088201777,0.0
1999-09-20,1335.530029296875,8.236011737361437e-05,0.0001801587286449614,0.0,50.0,0.03152073062612749,0.0
1999-09-21,1307.5799560546875,-0.02092807546746256,0.00018452381330823144,0.0,50.0,0.16285843277425982,0.0
1999-09-22,1310.510009765625,0.002240821830718609,0.00018571427890232633,0.0,50.0,0.12288798958434874,0.0
1999-09-23,1280.4100341796875,-0.022968138634302138,0.00018531746334499784,0.0,50.0,0.374667839186953,0.0
1999-09-24,1277.3599853515625,-0.00238208757093894,0.00018531746334499784,0.0,50.0,0.3697816958764697,0.0
1999-09-27,1283.31005859375,0.004658102109367235,0.00018531746334499784,0.0,50.0,0.2750636739814838,0.0
1999-09-28,1282.199951171875,-0.0008650344586961234,0.00018531746334499784,0.0,50.0,0.26161425435196917,0.0
1999-09-29,1268.3699951171875,-0.010786114944122072,0.00018571427890232633,0.0,50.0,0.38353782733160796,0.0
1999-09-30,1282.7099609375,0.011305822335372806,0.00018690476341853067,0.0,50.0,0.21395187022774206,0.0
1999-10-01,1282.81005859375,7.803607931511358e-05,0.00018690476341853067,0.0,50.0,0.18866576338237215,0.0
1999-10-04,1304.5999755859375,0.016986082114194057,0.00018650792893909273,0.0,50.0,0.0676171415514711,0.0
1999-10-05,1301.3499755859375,-0.002491185084179004,0.00018769841345529708,0.0,50.0,0.07919834083398544,0.0
1999-10-06,1325.4000244140625,0.018480846259129047,0.00018531746334499784,0.0,50.0,0.043572687635215254,0.0
1999-10-07,1317.6400146484375,-0.005854843536052923,0.00018650792893909273,0.0,50.0,0.04567108757216299,0.0
1999-10-08,1336.02001953125,0.01394918542126744,0.00018531746334499784,0.0,50.0,0.04015476410804733,0.0
1999-10-11,1335.2099609375,-0.0006063221972034682,0.00018531746334499784,0.0,50.0,0.03426031144979045,0.0
1999-10-12,1313.0400390625,-0.01660407166183342,0.00018730157897585916,0.0,50.0,0.06078564762044577,0.0
1999-10-13,1285.550048828125,-0.020936140114967583,0.00019206349811856709,0.0,50.0,0.22300067765785506,0.0
1999-10-14,1283.4200439453125,-0.001656882114200231,0.000193253963712662,0.0,50.0,0.22395376191304275,0.0
1999-10-15,1247.4100341796875,-0.028057852092544855,0.0001940476137494284,0.0,50.0,0.5540771879098628,0.0
1999-10-18,1254.1300048828125,0.005387138566304905,0.00019563491382296123,0.0,50.0,0.4402855543081409,0.0
1999-10-19,1261.3199462890625,0.005733011233489904,0.0001980158639332605,0.0,50.0,0.3284302464515386,0.0
1999-10-20,1289.4300537109375,0.022286262501895582,0.0001980158639332605,0.0,50.0,0.10299684566195569,0.0
1999-10-21,1283.6099853515625,-0.004513675125397465,0.00019761904837593198,0.0,50.0,0.13158295398378408,0.0
1999-10-22,1301.6500244140625,0.014054143601538893,0.00019523809826563275,0.0,50.0,0.06517941578187712,0.0
1999-10-25,1293.6300048828125,-0.0061614254068487195,0.00019444444822886632,0.0,50.0,0.08613456911794529,0.0
1999-10-26,1281.9100341796875,-0.009059754844034207,0.0001980158639332605,0.0,50.0,0.14675732263155117,0.0
1999-10-27,1296.7099609375,0.011545214845972485,0.0001980158639332605,0.0,50.0,0.07406225622022423,0.0
1999-10-28,1342.43994140625,0.03526615962422919,0.00019642856385972766,0.0,50.0,0.07884658145216455,0.0
1999-10-29,1362.9300537109375,0.01526333631225496,0.00019682539833916558,0.0,50.0,0.0971744201967313,0.0
1999-11-01,1354.1199951171875,-0.00646405776273129,0.00019761904837593198,0.0,50.0,0.06956561567836247,0.0
1999-11-02,1347.739990234375,-0.004711550605425052,0.00019761904837593198,0.0,50.0,0.05574577628505629,0.0
1999-11-03,1354.9300537109375,0.005334904008682084,0.00019722221389649407,0.0,50.0,0.053962198354014106,0.0
1999-11-04,1362.6400146484375,0.005690301810328702,0.00019603174830239915,0.0,50.0,0.05553597084913766,0.0
1999-11-05,1370.22998046875,0.005570044721070921,0.00019761904837593198,0.0,50.0,0.05991104355759406,0.0
1999-11-08,1377.010009765625,0.004948095862386204,0.00019999999848623124,0.0,50.0,0.06003540475740943,0.0
1999-11-09,1365.280029296875,-0.008518442411864946,0.00019999999848623124,0.0,50.0,0.037583537524504766,0.0
1999-11-10,1373.4599609375,0.00599139477989552,0.00020039683296566916,0.0,50.0,0.04181336193850483,0.0
1999-11-11,1381.4599609375,0.005824705653988849,0.00020039683296566916,0.0,50.0,0.04587174231354569,0.0
1999-11-12,1396.06005859375,0.010568599937085255,0.00020158729855976408,0.0,50.0,0.06174105882180618,0.0
1999-11-15,1394.3900146484375,-0.00119625508589849,0.00020277778307596842,0.0,50.0,0.04763590456870947,0.0
1999-11-16,1420.0699462890625,0.018416606093596855,0.0002039682486700633,0.0,50.0,0.083806257192801,0.0
1999-11-17,1410.7099609375,-0.006591214310268323,0.000201984133039202,0.0,50.0,0.057224105807542884,0.0
1999-11-18,1424.93994140625,0.010087105686340525,0.00020158729855976408,0.0,50.0,0.07270698900137865,0.0
1999-11-19,1422.0,-0.0020632037328875974,0.00020158729855976408,0.0,50.0,0.05786513919129283,0.0
1999-11-22,1420.93994140625,-0.0007454701784458395,0.0002011904830024356,0.0,50.0,0.04954927204777404,0.0
1999-11-23,1404.6400146484375,-0.0114712285036348,0.00020357143311273482,0.0,50.0,0.029476519983461083,0.0
1999-11-24,1417.0799560546875,0.008856319965627302,0.00020357143311273482,0.0,50.0,0.03695958005557067,0.0
1999-11-26,1416.6199951171875,-0.00032458361684872816,0.00020357143311273482,0.0,50.0,0.03354310682682759,0.0
1999-11-29,1407.8299560546875,-0.0062049378752223605,0.00020515873318626766,0.0,50.0,0.02783857214446765,0.0
1999-11-30,1388.9100341796875,-0.01343906754763291,0.00020436508314950125,0.0,50.0,0.04075451467466052,0.0
1999-12-01,1397.719970703125,0.00634305772629884,0.00020238094859653048,0.0,50.0,0.024812166738869768,0.0
1999-12-02,1409.0400390625,0.008098953006788978,0.000201984133039202,0.0,50.0,0.021521860988106038,0.0
1999-12-03,1433.300048828125,0.01721740269479244,0.000201984133039202,0.0,50.0,0.046749789489145335,0.0
1999-12-06,1423.3299560546875,-0.006956040210554071,0.000201984133039202,0.0,50.0,0.03163809477642212,0.0
1999-12-07,1409.1700439453125,-0.00994843960751357,0.0002011904830024356,0.0,50.0,0.02965675354399393,0.0
1999-12-08,1403.8800048828125,-0.0037540104441117217,0.00020079364852299765,0.0,50.0,0.040274692304833784,0.0
1999-12-09,1408.1099853515625,0.0030130641180425854,0.00020238094859653048,0.0,50.0,0.030376677250103377,0.0
1999-12-10,1417.0400390625,0.0063418722996329,0.00020317459863329688,0.0,50.0,0.026813539430007274,0.0
1999-12-13,1415.219970703125,-0.001284415619320911,0.0002067460332598005,0.0,50.0,0.027798295193046635,0.0
1999-12-14,1403.1700439453125,-0.008514525661919348,0.0002067460332598005,0.0,50.0,0.040229696008436844,0.0
1999-12-15,1413.3299560546875,0.007240684871527181,0.00020555554874359614,0.0,50.0,0.027120482315463653,0.0
1999-12-16,1418.780029296875,0.003856193112471429,0.00020714284881712897,0.0,50.0,0.024381306687178163,0.0
1999-12-17,1421.030029296875,0.0015858695171477866,0.0002095238178495377,0.0,50.0,0.029637773483790514,0.0
1999-12-20,1418.0899658203125,-0.002068966465133215,0.00021349206803336976,0.0,50.0,0.027977846559397054,0.0
1999-12-21,1433.4300537109375,0.010817429260739031,0.0002150793681069026,0.0,50.0,0.03288863874275394,0.0
1999-12-22,1436.1300048828125,0.0018835597627420153,0.00021349206803336976,0.0,50.0,0.03258249872068125,0.0
1999-12-23,1458.3399658203125,0.01546514651318942,0.0002103174678863041,0.0,50.0,0.05602834665077997,0.0
1999-12-27,1457.0999755859375,-0.0008502751508133732,0.0002095238178495377,0.0,50.0,0.04620308021186257,0.0
1999-12-28,1457.6600341796875,0.0003843652481874127,0.00020873016781277126,0.0,50.0,0.04234266902452242,0.0
1999-12-29,1463.4599609375,0.003978929669342657,0.000201984133039202,0.0,50.0,0.0452676915123602,0.0
1999-12-30,1464.469970703125,0.0006901519635549302,0.00019880953289213636,0.0,50.0,0.04417198816034637,0.0
1999-12-31,1469.25,0.0032639995305467906,0.00020515873318626766,0.0,50.0,0.04465760109614391,0.0
2000-01-03,1455.219970703125,-0.009549109611621587,0.00020912698337009975,0.0,50.0,0.20036793200541336,0.0
2000-01-04,1399.4200439453125,-0.03834466807849768,0.00020912698337009975,0.0,50.0,0.5921954527299079,0.0
2000-01-05,1402.1099853515625,0.0019221829913671495,0.00020912698337009975,0.0,50.0,0.5924410256232696,0.0
2000-01-06,1403.449951171875,0.0009556781096431433,0.00020793649885389538,0.0,50.0,0.5875015137594605,0.0
2000-01-07,1441.469970703125,0.027090399268961063,0.00020714284881712897,0.0,50.0,0.2715197879078708,0.0
2000-01-10,1457.5999755859375,0.011189969413615053,0.00020753968329656692,0.0,50.0,0.26842719407890436,0.0
2000-01-11,1438.56005859375,-0.013062511876438365,0.00020912698337009975,0.0,50.0,0.3018146170067202,0.0
2000-01-12,1432.25,-0.004386371327394056,0.0002095238178495377,0.0,50.0,0.3782678120578729,0.0
2000-01-13,1449.6800537109375,0.012169700618563484,0.00020714284881712897,0.0,50.0,0.24235661511058093,0.0
2000-01-14,1465.1500244140625,0.010671299962722536,0.00020833333333333332,0.0,50.0,0.25509961045533586,0.0
2000-01-18,1455.1400146484375,-0.00683207152771137,0.00020753968329656692,0.0,50.0,0.2369882850707243,0.0
2000-01-19,1455.9000244140625,0.0005222932212531894,0.0002123015835171654,0.0,50.0,0.23865702008801137,0.0
2000-01-20,1445.5699462890625,-0.007095321074094607,0.0002103174678863041,0.0,50.0,0.3163061466447838,0.0
2000-01-21,1441.3599853515625,-0.0029123190810015354,0.0002103174678863041,0.0,50.0,0.40436086411210964,0.0
2000-01-24,1401.530029296875,-0.027633593591799732,0.00021150793348039898,0.0,50.0,0.5993939786339254,0.0
2000-01-25,1410.030029296875,0.006064800483985611,0.0002142857180701362,0.0,50.0,0.598525276535615,0.0
2000-01-26,1404.0899658203125,-0.00421272125638672,0.00021468253362746465,0.0,50.0,0.6143901056737803,0.0
2000-01-27,1398.56005859375,-0.00393842799334565,0.00021468253362746465,0.0,50.0,0.623823251631425,0.0
2000-01-28,1360.1600341796875,-0.027456829027902918,0.0002170634837377639,0.0,50.0,0.602755542933042,0.0
2000-01-31,1394.4599609375,0.025217566974388372,0.0002194444527701726,0.0,50.0,0.6316582255649441,0.0
2000-02-01,1409.280029296875,0.01062781920924527,0.00022023810280693903,0.0,50.0,0.5945063541797069,0.0
2000-02-02,1409.1199951171875,-0.00011355740261742575,0.00021825396825396825,0.0,50.0,0.6029055429366217,0.0
2000-02-03,1424.969970703125,0.011248137590027962,0.00021547618366423108,0.0,50.0,0.46030897668777276,0.0
2000-02-04,1424.3699951171875,-0.000421044371651913,0.0002178571337745303,0.0,50.0,0.495983305543507,0.0
2000-02-07,1424.239990234375,-9.127184878798822e-05,0.0002170634837377639,0.0,50.0,0.5104560869130871,0.0
2000-02-08,1441.719970703125,0.012273198750635705,0.00021904761829073466,0.0,50.0,0.3543156777401052,0.0
2000-02-09,1411.7099609375,-0.02081542211764542,0.0002178571337745303,0.0,50.0,0.6120748647530686,0.0
2000-02-10,1416.8299560546875,0.0036268038470079755,0.00021825396825396825,0.0,50.0,0.585061158141793,0.0
2000-02-11,1387.1199951171875,-0.02096932014356223,0.00021746031821720182,0.0,50.0,0.6467119423209219,0.0
2000-02-14,1389.93994140625,0.0020329505010301396,0.00021666666818043542,0.0,50.0,0.6629600640391045,0.0
2000-02-15,1402.050048828125,0.008712683952101452,0.00022142856840103392,0.0,50.0,0.6564307712889993,0.0
2000-02-16,1387.6700439453125,-0.01025641338184169,0.00022023810280693903,0.0,50.0,0.6713580690118356,0.0
2000-02-17,1388.260009765625,0.0004251484874857603,0.00022103175284370543,0.0,50.0,0.6776616124692935,0.0
2000-02-18,1346.0899658203125,-0.030376185763956398,0.00022103175284370543,0.0,50.0,0.6197703375370653,0.0
2000-02-22,1352.1700439453125,0.0045168438064202565,0.00022222221843780032,0.0,50.0,0.6406033434636804,0.0
2000-02-23,1360.68994140625,0.006300906826835595,0.00022380951851133315,0.0,50.0,0.6642602913428208,0.0
2000-02-24,1353.4300537109375,-0.005335445992795007,0.00022380951851133315,0.0,50.0,0.6619525599918247,0.0
2000-02-25,1333.3599853515625,-0.01482903996726348,0.00022301586847456675,0.0,50.0,0.6338801576290165,0.0
2000-02-28,1348.050048828125,0.0110173273819143,0.00022460316854809958,0.0,50.0,0.6701559068587601,0.0
2000-02-29,1366.4200439453125,0.013627086867551208,0.00022380951851133315,0.0,50.0,0.6961517655746929,0.0
2000-03-01,1379.18994140625,0.009345513861218402,0.00022222221843780032,0.0,50.0,0.6604342819424278,0.0
2000-03-02,1381.760009765625,0.001863462226787016,0.00022182540288047186,0.0,50.0,0.6374715147040965,0.0
2000-03-03,1409.1700439453125,0.019837044049593633,0.0002234127029540047,0.0,50.0,0.45944997555731637,0.0
2000-03-06,1391.280029296875,-0.012695426449990443,0.0002242063529907711,0.0,50.0,0.601175863770366,0.0
2000-03-07,1355.6199951171875,-0.02563109757114057,0.0002242063529907711,0.0,50.0,0.6643897474575878,0.0
2000-03-08,1366.699951171875,0.008173349533495022,0.00022500000302753752,0.0,50.0,0.67075574023129,0.0
2000-03-09,1401.68994140625,0.025601808359159595,0.00022460316854809958,0.0,50.0,0.49535532995017806,0.0
2000-03-10,1395.0699462890625,-0.004722866963392747,0.00022539681858486598,0.0,50.0,0.5669775132892831,0.0
2000-03-13,1383.6199951171875,-0.008207438775620024,0.00022658730310107036,0.0,50.0,0.6507490212922821,0.0
2000-03-14,1359.1500244140625,-0.017685470569578254,0.00022658730310107036,0.0,50.0,0.6653945559995678,0.0
2000-03-15,1392.1400146484375,0.02427251564712085,0.00022579365306430393,0.0,50.0,0.5832352919731945,0.0
2000-03-16,1458.469970703125,0.047646038011081915,0.0002261904686216324,0.0,50.0,0.40530645503670915,0.0
2000-03-17,1464.469970703125,0.0041139002657062385,0.0002261904686216324,0.0,50.0,0.39546295469393267,0.0
2000-03-20,1456.6300048828125,-0.005353449355160467,0.00022738095313783676,0.0,50.0,0.37861957140146585,0.0
2000-03-21,1493.8699951171875,0.025565854135601862,0.00022777776869516524,0.0,50.0,0.39470259895622445,0.0
2000-03-22,1500.6400146484375,0.004531866597078826,0.00022777776869516524,0.0,50.0,0.38584268545540706,0.0
2000-03-23,1527.3499755859375,0.017799046191472767,0.00022738095313783676,0.0,50.0,0.39790853379208335,0.0
2000-03-24,1527.4599609375,7.20105760438905e-05,0.00022698411865839881,0.0,50.0,0.3849464398975481,0.0
2000-03-27,1523.8599853515625,-0.0023568379388013705,0.00022539681858486598,0.0,50.0,0.3644800197013147,0.0
2000-03-28,1507.72998046875,-0.01058496517912777,0.00022658730310107036,0.0,50.0,0.32639348756541875,0.0
2000-03-29,1508.52001953125,0.0005239924076154701,0.00022698411865839881,0.0,50.0,0.31631383554933706,0.0
2000-03-30,1487.9200439453125,-0.013655752206946925,0.00022658730310107036,0.0,50.0,0.29396879366140427,0.0
2000-03-31,1498.5799560546875,0.007164304394414511,0.00022698411865839881,0.0,50.0,0.2961163905181789,0.0
2000-04-03,1505.969970703125,0.004931344916619063,0.00022579365306430393,0.0,50.0,0.28742878515681114,0.0
2000-04-04,1494.72998046875,-0.007463621754109195,0.00022500000302753752,0.0,50.0,0.26687625115835373,0.0
2000-04-05,1487.3699951171875,-0.004923956465537893,0.0002261904686216324,0.0,50.0,0.296708571056717,0.0
2000-04-06,1501.3399658203125,0.009392397822321596,0.00022658730310107036,0.0,50.0,0.265170042612713,0.0
2000-04-07,1516.3499755859375,0.009997742088630579,0.00022658730310107036,0.0,50.0,0.2709168361903178,0.0
2000-04-10,1504.4599609375,-0.007841207399263528,0.00022579365306430393,0.0,50.0,0.26321684751886243,0.0
2000-04-11,1500.5899658203125,-0.0025723483626483024,0.00022500000302753752,0.0,50.0,0.274256029784266,0.0
2000-04-12,1467.1700439453125,-0.022271188423368282,0.00022500000302753752,0.0,50.0,0.4996384017173668,0.0
2000-04-13,1440.510009765625,-0.018171059509909937,0.00022380951851133315,0.0,50.0,0.5731647350916546,0.0
2000-04-14,1356.56005859375,-0.05827793670488546,0.00022380951851133315,0.0,50.0,0.5623022747198015,0.0
2000-04-17,1401.43994140625,0.033083594440355135,0.00022380951851133315,0.0,50.0,0.5876866686902698,0.0
2000-04-18,1441.6099853515625,0.02866340737013995,0.00022380951851133315,0.0,50.0,0.539661701450417,0.0
2000-04-19,1427.469970703125,-0.00980848828193237,0.00022380951851133315,0.0,50.0,0.5851739307592856,0.0
2000-04-20,1434.5400390625,0.00495286661329386,0.00022301586847456675,0.0,50.0,0.5720567144153926,0.0
2000-04-24,1429.8599853515625,-0.0032624071712881175,0.00022222221843780032,0.0,50.0,0.5914297606317362,0.0
2000-04-25,1477.43994140625,0.03327595466837896,0.0002234127029540047,0.0,50.0,0.3677462605406845,0.0
2000-04-26,1460.989990234375,-0.011134091282396064,0.00022182540288047186,0.0,50.0,0.443320746310056,0.0
2000-04-27,1464.9200439453125,0.002689993591473483,0.00022142856840103392,0.0,50.0,0.4096648091342075,0.0
2000-04-28,1452.4300537109375,-0.008526055934586774,0.0002242063529907711,0.0,50.0,0.5084909154706694,0.0
2000-05-01,1468.25,0.010892053802276314,0.00022500000302753752,0.0,50.0,0.40656613758388616,0.0
2000-05-02,1446.2900390625,-0.01495655435893073,0.00022777776869516524,0.0,50.0,0.5596703065819258,0.0
2000-05-03,1415.0999755859375,-0.02156556612723426,0.00022777776869516524,0.0,50.0,0.6148441179157649,0.0
2000-05-04,1409.5699462890625,-0.0039078718057253825,0.00022698411865839881,0.0,50.0,0.620265628540854,0.0
2000-05-05,1432.6300048828125,0.016359641218557153,0.00022976190324813602,0.0,50.0,0.613314480375819,0.0
2000-05-08,1424.1700439453125,-0.005905195974303279,0.00023373015343196809,0.0,50.0,0.6342714780169139,0.0
2000-05-09,1412.1400146484375,-0.0084470455954464,0.00023650793802170526,0.0,50.0,0.6402507594942156,0.0
2000-05-10,1383.050048828125,-0.020599916097947757,0.00023531745350550092,0.0,50.0,0.6187256323543548,0.0
2000-05-11,1407.81005859375,0.01790246837893128,0.0002345238034687345,0.0,50.0,0.6526481898283488,0.0
2000-05-12,1420.9599609375,0.009340679350512193,0.00023650793802170526,0.0,50.0,0.6531826024959542,0.0
2000-05-15,1452.3599853515625,0.022097754530216118,0.00023531745350550092,0.0,50.0,0.47653090357083094,0.0
2000-05-16,1466.0400390625,0.009419189353131463,0.000238492072574676,0.0,50.0,0.41157616143521786,0.0
2000-05-17,1447.800048828125,-0.012441672634015521,0.0002345238034687345,0.0,50.0,0.5345772434665247,0.0
2000-05-18,1437.2099609375,-0.0073146066676795796,0.00022738095313783676,0.0,50.0,0.620056190953489,0.0
2000-05-19,1406.949951171875,-0.021054689703017493,0.0002261904686216324,0.0,50.0,0.6534887594609118,0.0
2000-05-22,1400.719970703125,-0.004428004324930623,0.0002261904686216324,0.0,50.0,0.6555253186632852,0.0
2000-05-23,1373.8599853515625,-0.01917584236203862,0.00022936508769080753,0.0,50.0,0.6250735485983204,0.0
2000-05-24,1399.050048828125,0.01833524794749475,0.00022777776869516524,0.0,50.0,0.6698170788774499,0.0
2000-05-25,1381.52001953125,-0.012529951527866068,0.00022460316854809958,0.0,50.0,0.6490853791262898,0.0
2000-05-26,1378.02001953125,-0.0025334413910176323,0.0002242063529907711,0.0,50.0,0.6513601129130416,0.0
2000-05-30,1422.449951171875,0.03224186224503356,0.00022222221843780032,0.0,50.0,0.6212181824856097,0.0
2000-05-31,1420.5999755859375,-0.0013005558363676784,0.0002178571337745303,0.0,50.0,0.6330767787189598,0.0
2000-06-01,1448.81005859375,0.01985786533339695,0.0002206349183642675,0.0,50.0,0.49147247475032324,0.0
2000-06-02,1477.260009765625,0.01963677088181548,0.0002261904686216324,0.0,50.0,0.4176111967105265,0.0
2000-06-05,1467.6300048828125,-0.0065188286551806085,0.00022658730310107036,0.0,50.0,0.4360887069457277,0.0
2000-06-06,1457.8399658203125,-0.006670645210256287,0.00023095238776434037,0.0,50.0,0.4893823230096642,0.0
2000-06-07,1471.3599853515625,0.009274008017500446,0.0002281746031746032,0.0,50.0,0.4289144451656814,0.0
2000-06-08,1461.6700439453125,-0.006585704044367313,0.0002281746031746032,0.0,50.0,0.48930724747976967,0.0
2000-06-09,1456.949951171875,-0.00322924643149769,0.0002281746031746032,0.0,50.0,0.5379001914647328,0.0
2000-06-12,1446.0,-0.007515667345379673,0.00022500000302753752,0.0,50.0,0.6044665808156557,0.0
2000-06-13,1469.43994140625,0.0162101946101314,0.00022698411865839881,0.0,50.0,0.47492113044319734,0.0
2000-06-14,1470.5400390625,0.0007486509827663301,0.00022460316854809958,0.0,50.0,0.4767272021254801,0.0
2000-06-15,1478.72998046875,0.00556934268275433,0.0002242063529907711,0.0,50.0,0.4277119994099228,0.0
2000-06-16,1464.4599609375,-0.00965018611898738,0.00022380951851133315,0.0,50.0,0.535310208765723,0.0
2000-06-19,1486.0,0.01470852029898495,0.00022380951851133315,0.0,50.0,0.40555446152336805,0.0
2000-06-20,1475.949951171875,-0.00676315533521199,0.00022301586847456675,0.0,50.0,0.474649392695114,0.0
2000-06-21,1479.1300048828125,0.0021545809926770687,0.00022380951851133315,0.0,50.0,0.4450246350385991,0.0
2000-06-22,1452.1800537109375,-0.01822013689324775,0.00022460316854809958,0.0,50.0,0.6341324410075843,0.0
2000-06-23,1441.47998046875,-0.007368282751745725,0.00022579365306430393,0.0,50.0,0.6521225325534691,0.0
2000-06-26,1455.31005859375,0.009594360180085637,0.0002242063529907711,0.0,50.0,0.6305641039960221,0.0
2000-06-27,1450.550048828125,-0.0032707873744957094,0.0002242063529907711,0.0,50.0,0.6409498860476714,0.0
2000-06-28,1454.8199462890625,0.002943640217300425,0.00022380951851133315,0.0,50.0,0.6272073052011674,0.0
2000-06-29,1442.3900146484375,-0.008543965644911,0.00022500000302753752,0.0,50.0,0.6567289524582414,0.0
2000-06-30,1454.5999755859375,0.00846508975623772,0.0002261904686216324,0.0,50.0,0.6341933119155551,0.0
2000-07-03,1469.5400390625,0.010270908653456035,0.00023293650339520168,0.0,50.0,0.5341069635994621,0.0
2000-07-05,1446.22998046875,-0.015862145960052088,0.00023055555328490242,0.0,50.0,0.6751283250942248,0.0
2000-07-06,1456.6700439453125,0.00721881278742309,0.00023174603780110677,0.0,50.0,0.6447477545328324,0.0
2000-07-07,1478.9000244140625,0.015260820774855244,0.00023214285335843525,0.0,50.0,0.45627779218614156,0.0
2000-07-10,1475.6199951171875,-0.002217884402412218,0.0002333333378746396,0.0,50.0,0.5122099671884583,0.0
2000-07-11,1480.8800048828125,0.0035646099829429456,0.00023492063794817243,0.0,50.0,0.472702786502496,0.0
2000-07-12,1492.9200439453125,0.008130327253255576,0.00023769840361580015,0.0,50.0,0.3985561733796158,0.0
2000-07-13,1495.8399658203125,0.0019558461197182186,0.0002373015880584717,0.0,50.0,0.38700312712450513,0.0
2000-07-14,1509.97998046875,0.009452892670027913,0.00023690475357903375,0.0,50.0,0.347823321920575,0.0
2000-07-17,1510.489990234375,0.0003377592896738335,0.00023650793802170526,0.0,50.0,0.34408015568063127,0.0
2000-07-18,1493.739990234375,-0.011089116848368552,0.00023690475357903375,0.0,50.0,0.42475712304769003,0.0
2000-07-19,1481.9599609375,-0.007886264928226638,0.0002373015880584717,0.0,50.0,0.5628930369248846,0.0
2000-07-20,1495.5699462890625,0.009183773995454336,0.0002380952380952381,0.0,50.0,0.43172444915825525,0.0
2000-07-21,1480.18994140625,-0.01028370817491664,0.00023571428798493886,0.0,50.0,0.5912300718139739,0.0
2000-07-24,1464.2900390625,-0.010741798669868241,0.00023690475357903375,0.0,50.0,0.6526104547635795,0.0
2000-07-25,1474.469970703125,0.006952127904347849,0.000238492072574676,0.0,50.0,0.6332046865280087,0.0
2000-07-26,1452.4200439453125,-0.01495447665665084,0.00023769840361580015,0.0,50.0,0.6615682114158213,0.0
2000-07-27,1449.6199951171875,-0.0019278505827550196,0.00023888888813200452,0.0,50.0,0.6604816195418073,0.0
2000-07-28,1419.8900146484375,-0.020508809597612254,0.0002380952380952381,0.0,50.0,0.6308892788723681,0.0
2000-07-31,1430.8299560546875,0.007704780858649007,0.00023888888813200452,0.0,50.0,0.6613827636612438,0.0
2000-08-01,1438.0999755859375,0.0050809807975338295,0.00024047618820553736,0.0,50.0,0.6858651258258999,0.0
2000-08-02,1438.699951171875,0.00041720019200552905,0.00024007937264820884,0.0,50.0,0.6877824753587833,0.0
2000-08-03,1452.56005859375,0.009633772080540837,0.00023968253816877093,0.0,50.0,0.6945684202378777,0.0
2000-08-04,1462.9300537109375,0.007139116249160082,0.00023968253816877093,0.0,50.0,0.6535850151438076,0.0
2000-08-07,1479.3199462890625,0.01120346973291686,0.00023968253816877093,0.0,50.0,0.5100874115596985,0.0
2000-08-08,1482.800048828125,0.002352501598989809,0.00024087302268497527,0.0,50.0,0.4817022171044268,0.0
2000-08-09,1472.8699951171875,-0.006696825859147548,0.00024007937264820884,0.0,50.0,0.613987999538535,0.0
2000-08-10,1460.25,-0.008568302130551153,0.00024047618820553736,0.0,50.0,0.7074350361035329,0.0
2000-08-11,1471.8399658203125,0.00793697368280255,0.00024166667272174168,0.0,50.0,0.6435863835851061,0.0
2000-08-14,1491.56005859375,0.013398258799452334,0.00024126983824230376,0.0,50.0,0.44722702774693485,0.0
2000-08-15,1484.4300537109375,-0.004780233180509463,0.00024126983824230376,0.0,50.0,0.5484951462566569,0.0
2000-08-16,1479.8499755859375,-0.0030854118815165643,0.00024126983824230376,0.0,50.0,0.6223039215799103,0.0
2000-08-17,1496.0699462890625,0.010960550711704986,0.00024087302268497527,0.0,50.0,0.45878161928460653,0.0
2000-08-18,1491.719970703125,-0.0029076017446426627,0.00024087302268497527,0.0,50.0,0.5307638024463467,0.0
2000-08-21,1499.47998046875,0.0052020552905565065,0.00024126983824230376,0.0,50.0,0.4618332807869011,0.0
2000-08-22,1498.1300048828125,-0.000900295838238141,0.00024126983824230376,0.0,50.0,0.5107919590131977,0.0
2000-08-23,1505.969970703125,0.005233167879129308,0.00024166667272174168,0.0,50.0,0.4367009396063556,0.0
2000-08-24,1508.31005859375,0.0015538742047640497,0.00024166667272174168,0.0,50.0,0.41773434513870744,0.0
2000-08-25,1506.449951171875,-0.001233239420022958,0.0002424603227585081,0.0,50.0,0.47143752646231074,0.0
2000-08-28,1514.0899658203125,0.005071535660706283,0.0002432539727952745,0.0,50.0,0.4235179920838342,0.0
2000-08-29,1509.8399658203125,-0.002806966624138041,0.0002428571383158366,0.0,50.0,0.48028947597828553,0.0
2000-08-30,1502.5899658203125,-0.004801833415544188,0.0002428571383158366,0.0,50.0,0.5772064104712884,0.0
2000-08-31,1517.6800537109375,0.010042718395491868,0.0002424603227585081,0.0,50.0,0.4325666882324353,0.0
2000-09-01,1520.77001953125,0.0020359797262652357,0.00024126983824230376,0.0,50.0,0.4254862081010139,0.0
2000-09-05,1507.0799560546875,-0.009002060338342388,0.00024047618820553736,0.0,50.0,0.5692880489226414,0.0
2000-09-06,1492.25,-0.009840191952064758,0.000238492072574676,0.0,50.0,0.6560450292272266,0.0
2000-09-07,1502.510009765625,0.006875530082509629,0.0002380952380952381,0.0,50.0,0.6132262653669185,0.0
2000-09-08,1494.5,-0.0053310857921502475,0.00023650793802170526,0.0,50.0,0.66552456481447,0.0
2000-09-11,1489.260009765625,-0.0035061828266143014,0.00023571428798493886,0.0,50.0,0.675835418355395,0.0
2000-09-12,1481.989990234375,-0.00488163214185422,0.0002345238034687345,0.0,50.0,0.6729378433359039,0.0
2000-09-13,1484.9100341796875,0.001970353352285903,0.0002345238034687345,0.0,50.0,0.6965657034102514,0.0
2000-09-14,1480.8699951171875,-0.002720729855348991,0.00023611110354226732,0.0,50.0,0.6893069068435942,0.0
2000-09-15,1465.81005859375,-0.010169654711820741,0.00023650793802170526,0.0,50.0,0.674233481850459,0.0
2000-09-18,1444.510009765625,-0.014531247553697058,0.00023611110354226732,0.0,50.0,0.6466091404706449,0.0
2000-09-19,1459.9000244140625,0.010654141919677285,0.00023690475357903375,0.0,50.0,0.6956593969462552,0.0
2000-09-20,1451.3399658203125,-0.005863455339817247,0.00023690475357903375,0.0,50.0,0.6875696703101124,0.0
2000-09-21,1449.050048828125,-0.0015777950350132075,0.00023650793802170526,0.0,50.0,0.6889428337177537,0.0
2000-09-22,1448.719970703125,-0.0002277893198147085,0.00023690475357903375,0.0,50.0,0.6904233752954568,0.0
2000-09-25,1439.030029296875,-0.006688622785773424,0.0002373015880584717,0.0,50.0,0.6737131521085049,0.0
2000-09-26,1427.2099609375,-0.008213913621490154,0.0002373015880584717,0.0,50.0,0.6547080442052778,0.0
2000-09-27,1426.5699462890625,-0.0004484376272270163,0.000238492072574676,0.0,50.0,0.6548487641543832,0.0
2000-09-28,1458.2900390625,0.02223521731685918,0.00024007937264820884,0.0,50.0,0.6905191154576723,0.0
2000-09-29,1436.510009765625,-0.014935320624473891,0.00023928572261144244,0.0,50.0,0.6731796279538961,0.0
2000-10-02,1436.22998046875,-0.00019493724023589287,0.000238492072574676,0.0,50.0,0.6701566377760403,0.0
2000-10-03,1426.4599609375,-0.006802545319421149,0.00024007937264820884,0.0,50.0,0.6552666461468728,0.0
2000-10-04,1434.3199462890625,0.005510133874628176,0.00023968253816877093,0.0,50.0,0.683827708344006,0.0
2000-10-05,1436.280029296875,0.001366559122937483,0.00024007937264820884,0.0,50.0,0.6988065292963825,0.0
2000-10-06,1408.989990234375,-0.01900050025471689,0.00024007937264820884,0.0,50.0,0.6567733715396192,0.0
2000-10-09,1402.030029296875,-0.004939680896059673,0.00024007937264820884,0.0,50.0,0.6540855002724943,0.0
2000-10-10,1387.02001953125,-0.010705911750800823,0.00023968253816877093,0.0,50.0,0.6354469030494331,0.0
2000-10-11,1364.5899658203125,-0.016171398678526572,0.00023968253816877093,0.0,50.0,0.6137706799523305,0.0
2000-10-12,1329.780029296875,-0.025509447816078445,0.0002380952380952381,0.0,50.0,0.588886790732221,0.0
2000-10-13,1374.1700439453125,0.03338147187539642,0.0002380952380952381,0.0,50.0,0.6385465128647515,0.0
2000-10-16,1374.6199951171875,0.00032743485703057296,0.00023968253816877093,0.0,50.0,0.649831586890167,0.0
2000-10-17,1349.969970703125,-0.017932246367448723,0.00024166667272174168,0.0,50.0,0.6227903112892097,0.0
2000-10-18,1342.1300048828125,-0.005807511270957466,0.0002428571383158366,0.0,50.0,0.6187095350367096,0.0
2000-10-19,1388.760009765625,0.03474328471397525,0.0002428571383158366,0.0,50.0,0.6608429776395642,0.0
2000-10-20,1396.9300537109375,0.005882977539575895,0.0002428571383158366,0.0,50.0,0.6668325013502331,0.0
2000-10-23,1395.780029296875,-0.0008232512508464795,0.00024404762283204094,0.0,50.0,0.6679436484695717,0.0
2000-10-24,1398.1300048828125,0.001683628893244249,0.0002444444383893694,0.0,50.0,0.6747206406410481,0.0
2000-10-25,1364.9000244140625,-0.023767446770113,0.0002452380884261358,0.0,50.0,0.6502400578267193,0.0
2000-10-26,1364.43994140625,-0.0003370818371917217,0.0002444444383893694,0.0,50.0,0.6515449675561115,0.0
2000-10-27,1379.5799560546875,0.011096138561315971,0.00024404762283204094,0.0,50.0,0.6733252383220167,0.0
2000-10-30,1398.6600341796875,0.013830353247205052,0.0002452380884261358,0.0,50.0,0.6729227086246237,0.0
2000-10-31,1429.4000244140625,0.021978171595075313,0.00024404762283204094,0.0,50.0,0.5803338216202509,0.0
2000-11-01,1421.219970703125,-0.0057227183232284595,0.00024484127286880734,0.0,50.0,0.6281592292139427,0.0
2000-11-02,1428.3199462890625,0.004995690837657607,0.00024484127286880734,0.0,50.0,0.6129155145471972,0.0
2000-11-03,1426.68994140625,-0.0011412043128343763,0.0002456349229055738,0.0,50.0,0.6366302738803105,0.0
2000-11-06,1432.18994140625,0.003855077294915743,0.0002468253884996687,0.0,50.0,0.6277548721980272,0.0
2000-11-07,1431.8699951171875,-0.00022339654805025866,0.0002468253884996687,0.0,50.0,0.6464433244756541,0.0
2000-11-08,1409.280029296875,-0.015776548078628938,0.0002464285729423402,0.0,50.0,0.7034177544733914,0.0
2000-11-09,1400.1400146484375,-0.006485591549181047,0.0002452380884261358,0.0,50.0,0.6989556312973684,1.0
2000-11-10,1365.97998046875,-0.02439758440034645,0.00024484127286880734,1.0,50.0,0.6465117530194461,1.0
2000-11-13,1351.260009765625,-0.010776124770198847,0.00024484127286880734,1.0,50.0,0.6317088919351228,1.0
2000-11-14,1382.949951171875,0.023452141835934803,0.00024404762283204094,1.0,50.0,0.6831550341868653,1.0
2000-11-15,1389.81005859375,0.0049604885672558385,0.00024484127286880734,1.0,50.0,0.6994690362952425,1.0
2000-11-16,1372.3199462890625,-0.01258453426534023,0.00024404762283204094,1.0,50.0,0.6764336323952092,1.0
2000-11-17,1367.719970703125,-0.0033519702153833597,0.00024404762283204094,1.0,50.0,0.6703519428453463,1.0
2000-11-20,1342.6199951171875,-0.018351691957114613,0.0002444444383893694,1.0,50.0,0.6358552408476177,1.0
2000-11-21,1347.3499755859375,0.003522948031424944,0.00024484127286880734,1.0,50.0,0.652780850320069,1.0
2000-11-22,1322.3599853515625,-0.01854751229242224,0.00024484127286880734,1.0,50.0,0.6225903866367857,1.0
2000-11-24,1341.77001953125,0.014678328439080124,0.00024484127286880734,1.0,50.0,0.6581521340901647,1.0
2000-11-27,1348.969970703125,0.005366009872832311,0.0002432539727952745,1.0,50.0,0.6742096409783901,1.0
2000-11-28,1336.0899658203125,-0.009548029357613563,0.0002420634882790702,1.0,50.0,0.6549469442353703,1.0
2000-11-29,1341.9300537109375,0.004371028927711018,0.00024007937264820884,1.0,50.0,0.6702726270220689,1.0
2000-11-30,1314.949951171875,-0.020105446229818358,0.000238492072574676,1.0,50.0,0.6351577200625131,1.0
2000-12-01,1315.22998046875,0.00021295814082167297,0.00023968253816877093,1.0,50.0,0.6422888347611649,1.0
2000-12-04,1324.969970703125,0.007405541524307058,0.0002373015880584717,1.0,50.0,0.6627682256212126,1.0
2000-12-05,1376.5400390625,0.03892168841532939,0.00023412698791140603,1.0,50.0,0.6423881789451065,1.0
2000-12-06,1351.4599609375,-0.01821965029225081,0.00023412698791140603,1.0,50.0,0.6780381338477702,1.0
2000-12-07,1343.550048828125,-0.005852864559811266,0.00023492063794817243,1.0,50.0,0.6735133883394585,1.0
2000-12-08,1369.8900146484375,0.01960475223329916,0.00023412698791140603,1.0,50.0,0.6620537973155463,1.0
2000-12-11,1380.199951171875,0.007526105317355203,0.00023373015343196809,1.0,50.0,0.6448448062150186,1.0
2000-12-12,1371.1800537109375,-0.0065352106796403575,0.00023373015343196809,1.0,50.0,0.6728730060023086,1.0
2000-12-13,1359.989990234375,-0.008160900128526438,0.00021547618366423108,1.0,50.0,0.678323144896268,1.0
2000-12-14,1340.9300537109375,-0.01401476235876764,0.00023293650339520168,1.0,50.0,0.6626631857653104,1.0
2000-12-15,1312.1500244140625,-0.02146273716308178,0.00023134920332166885,1.0,50.0,0.6288366658064715,1.0
2000-12-18,1322.739990234375,0.008070697422759565,0.00022936508769080753,1.0,50.0,0.6489314069403801,1.0
2000-12-19,1305.5999755859375,-0.012957962090040409,0.0002281746031746032,1.0,50.0,0.6288739257329947,1.0
2000-12-20,1264.739990234375,-0.03129594524787349,0.00022500000302753752,1.0,50.0,0.5943556306851161,1.0
2000-12-21,1274.8599853515625,0.00800164080785648,0.00020714284881712897,1.0,50.0,0.6109749001252691,1.0
2000-12-22,1305.949951171875,0.02438696498246351,0.00020317459863329688,1.0,50.0,0.6486623215047561,1.0
2000-12-26,1315.18994140625,0.007075301948657131,0.00022182540288047186,1.0,50.0,0.6640618534416167,1.0
2000-12-27,1328.9200439453125,0.010439634692143152,0.00022222221843780032,1.0,50.0,0.671823619074324,1.0
2000-12-28,1334.219970703125,0.00398814569917838,0.0002261904686216324,1.0,50.0,0.6756480805159472,1.0
2000-12-29,1320.280029296875,-0.010448008358699412,0.00022738095313783676,1.0,50.0,0.6783406081156738,1.0
2001-01-02,1283.27001953125,-0.028031939394959182,0.00022539681858486598,1.0,80.0,0.7995688338242564,0.0
2001-01-03,1347.56005859375,0.05009860597069338,0.0002194444527701726,1.0,80.0,0.31034263554668434,0.0
2001-01-04,1333.3399658203125,-0.010552474216456775,0.00020793649885389538,0.0,80.0,0.40213541106436634,0.0
2001-01-05,1298.3499755859375,-0.026242362136687403,0.00019722221389649407,0.0,80.0,0.6983329115947804,0.0
2001-01-08,1295.8599853515625,-0.0019178112844737694,0.00020039683296566916,0.0,80.0,0.6991281533155518,0.0
2001-01-09,1300.800048828125,0.003812189227544005,0.000201984133039202,0.0,80.0,0.649347047140043,0.0
2001-01-10,1313.27001953125,0.009586385482041715,0.0002039682486700633,0.0,80.0,0.5174827845962126,0.0
2001-01-11,1326.8199462890625,0.010317700515731554,0.0002047618987068297,0.0,80.0,0.38646406754378904,0.0
2001-01-12,1318.550048828125,-0.006232870921233369,0.00020357143311273482,0.0,80.0,0.4564200601018266,0.0
2001-01-16,1326.6500244140625,0.006143093008214917,0.0002067460332598005,0.0,80.0,0.37470843833625145,0.0
2001-01-17,1329.469970703125,0.0021256143196530797,0.00020714284881712897,0.0,80.0,0.3512261586179681,0.0
2001-01-18,1347.969970703125,0.013915319945297933,0.0002039682486700633,0.0,80.0,0.24895864494461323,0.0
2001-01-19,1342.5400390625,-0.004028228935836542,0.000201984133039202,0.0,80.0,0.2677953161351312,0.0
2001-01-22,1342.9000244140625,0.00026813751626653115,0.00020238094859653048,0.0,80.0,0.2626730256681281,0.0
2001-01-23,1360.4000244140625,0.013031498757798854,0.000201984133039202,0.0,80.0,0.19939114450440634,0.0
2001-01-24,1364.300048828125,0.0028668217760010606,0.00020357143311273482,0.0,80.0,0.18827704295636696,0.0
2001-01-25,1357.510009765625,-0.004976939690306659,0.00020317459863329688,0.0,80.0,0.19529680911477074,0.0
2001-01-26,1354.949951171875,-0.0018858487785236022,0.00019960318292890276,0.0,80.0,0.19532279034364136,0.0
2001-01-29,1364.1700439453125,0.006804747854681326,0.00019761904837593198,0.0,80.0,0.16158452844441884,0.0
2001-01-30,1373.72998046875,0.007007877475295743,0.00019365079819209992,0.0,80.0,0.143450453096194,0.0
2001-01-31,1366.010009765625,-0.005619714800495723,0.00019206349811856709,0.0,80.0,0.15028150796348586,0.0
2001-02-01,1373.469970703125,0.005461131971338906,0.00019246031367589557,0.0,80.0,0.13105780271854287,0.0
2001-02-02,1349.469970703125,-0.017473989611664797,0.00019523809826563275,0.0,80.0,0.2339667950191393,0.0
2001-02-05,1354.31005859375,0.003586658462731984,0.00019642856385972766,0.0,80.0,0.1930217994115167,0.0
2001-02-06,1352.260009765625,-0.0015137219243971378,0.00019563491382296123,0.0,80.0,0.2058460677496017,0.0
2001-02-07,1340.8900146484375,-0.008408142690811471,0.00019563491382296123,0.0,80.0,0.2969072775453567,0.0
2001-02-08,1332.530029296875,-0.0062346540433850794,0.00019603174830239915,0.0,80.0,0.3698074063164963,0.0
2001-02-09,1314.760009765625,-0.013335549023706816,0.00019484126378619483,0.0,80.0,0.5278838137209816,0.0
2001-02-12,1330.31005859375,0.011827290693833259,0.00019523809826563275,0.0,80.0,0.3529318475535408,0.0
2001-02-13,1318.800048828125,-0.008652125638884511,0.00019484126378619483,0.0,80.0,0.46070775486346055,0.0
2001-02-14,1315.9200439453125,-0.002183807079300326,0.00019563491382296123,0.0,80.0,0.4701391142668816,0.0
2001-02-15,1326.6099853515625,0.008123549341341407,0.00019603174830239915,0.0,80.0,0.34646925568828113,0.0
2001-02-16,1301.530029296875,-0.01890529720989631,0.00019365079819209992,0.0,80.0,0.5824907362408448,0.0
2001-02-20,1278.93994140625,-0.01735656295447041,0.00019484126378619483,0.0,80.0,0.7114821384174843,0.0
2001-02-21,1255.27001953125,-0.018507453797223627,0.00019365079819209992,0.0,80.0,0.7649787343383557,0.0
2001-02-22,1252.8199462890625,-0.0019518296494506204,0.000193253963712662,0.0,80.0,0.7680584427302237,0.0
2001-02-23,1245.8599853515625,-0.005555435925262753,0.0001884920634920635,0.0,80.0,0.7761787887770482,0.0
2001-02-26,1267.6500244140625,0.017489958196507338,0.00018650792893909273,0.0,80.0,0.7217239206976056,0.0
2001-02-27,1257.93994140625,-0.00765990835073016,0.00018571427890232633,0.0,80.0,0.7545114320490278,0.0
2001-02-28,1239.93994140625,-0.014309109209043602,0.00018730157897585916,0.0,80.0,0.7980944623309585,0.0
2001-03-01,1241.22998046875,0.0010404044739755758,0.00018650792893909273,0.0,80.0,0.8073568384833729,0.0
2001-03-02,1234.1800537109375,-0.005679790908007298,0.00018690476341853067,0.0,80.0,0.8102794866446603,0.0
2001-03-05,1241.4100341796875,0.0058581245475575194,0.00018730157897585916,0.0,80.0,0.7888250148825385,0.0
2001-03-06,1253.800048828125,0.00998059811609675,0.00018452381330823144,0.0,80.0,0.7031513766137053,0.0
2001-03-07,1261.8900146484375,0.006452357238200701,0.00018095237868172783,0.0,80.0,0.6139161636962543,0.0
2001-03-08,1264.739990234375,0.0022584976129884637,0.00018055556312439935,0.0,80.0,0.57025069617312,0.0
2001-03-09,1233.4200439453125,-0.024763940834399034,0.00018253967875526066,0.0,80.0,0.8185984126356992,0.0
2001-03-12,1180.1600341796875,-0.043180755839886786,0.0001801587286449614,0.0,80.0,0.8337660631125974,0.0
2001-03-13,1197.6600341796875,0.014828497401341068,0.0001789682630508665,0.0,80.0,0.8902983565274674,0.0
2001-03-14,1166.7099609375,-0.02584211909800105,0.0001753968284243629,0.0,80.0,0.8489523780447146,0.0
2001-03-15,1173.56005859375,0.005871294396720295,0.00017380952835083008,0.0,80.0,0.884707547957311,0.0
2001-03-16,1150.530029296875,-0.019624073883761306,0.00017499999394492496,0.0,80.0,0.8482097014830242,0.0
2001-03-19,1170.81005859375,0.017626684032983286,0.00017619047846112934,0.0,80.0,0.9128583599179179,0.0
2001-03-20,1142.6199951171875,-0.024077401171648027,0.00017380952835083008,0.0,80.0,0.8664161058392985,0.0
2001-03-21,1122.1400146484375,-0.017923702154931664,0.0001662698435404944,0.0,80.0,0.8331033626629482,0.0
2001-03-22,1117.5799560546875,-0.0040637162334672405,0.00016468254346696157,0.0,80.0,0.8375270470551324,0.0
2001-03-23,1139.8299560546875,0.019909090065061363,0.000165476193503728,0.0,80.0,0.906983602074379,0.0
2001-03-26,1152.68994140625,0.011282371798750468,0.00016468254346696157,0.0,80.0,0.9196774285663033,0.0
2001-03-27,1182.1700439453125,0.025575049699052332,0.00016825395917135572,0.0,80.0,0.7892806800878104,0.0
2001-03-28,1153.2900390625,-0.02442965378011941,0.00016785714361402723,0.0,80.0,0.9222810615668776,0.0
2001-03-29,1147.949951171875,-0.00463030782349072,0.0001674603091345893,0.0,80.0,0.9176592880623322,0.0
2001-03-30,1160.3299560546875,0.010784446543313564,0.00016587300906105646,0.0,80.0,0.8861786341311063,0.0
2001-04-02,1145.8699951171875,-0.012461938832180275,0.00016468254346696157,0.0,80.0,0.9156862996531044,0.0
2001-04-03,1106.4599609375,-0.03439311121472999,0.00016031745880369156,0.0,80.0,0.878061231899106,1.0
2001-04-04,1103.25,-0.002901108987965695,0.00015873015873015873,1.0,80.0,0.8768698636188232,1.0
2001-04-05,1151.43994140625,0.04367998314638566,0.00015833333371177553,1.0,80.0,0.8436583792416001,1.0
2001-04-06,1128.4300537109375,-0.019983576101425315,0.0001523809489749727,1.0,80.0,0.9140715737849641,1.0
2001-04-09,1137.5899658203125,0.008117394675240863,0.0001519841239565895,1.0,80.0,0.89595872994417,1.0
2001-04-10,1168.3800048828125,0.027066025534338678,0.0001519841239565895,1.0,80.0,0.684986364342279,1.0
2001-04-11,1165.8900146484375,-0.0021311475923663226,0.0001579365086933923,1.0,80.0,0.7088823389509802,1.0
2001-04-12,1183.5,0.015104328135851386,0.00015476190854632666,1.0,80.0,0.5647342210040837,1.0
2001-04-16,1179.6800537109375,-0.0032276690232889704,0.00015992064324636308,1.0,80.0,0.6018058885753254,1.0
2001-04-17,1191.81005859375,0.010282453148762638,0.00015873015873015873,1.0,80.0,0.5064172250938821,1.0
2001-04-18,1238.1600341796875,0.03889040476854766,0.00015079364890143983,1.0,80.0,0.33505906825318515,1.0
2001-04-19,1253.68994140625,0.01254273017853591,0.000149206348827907,1.0,80.0,0.31118836125695803,1.0
2001-04-20,1242.97998046875,-0.008542750949638078,0.00014563492366245813,1.0,80.0,0.3051226505016435,1.0
2001-04-23,1224.3599853515625,-0.014980124708175557,0.0001440476235889253,1.0,80.0,0.3513414271761355,1.0
2001-04-24,1209.469970703125,-0.012161467890639988,0.00014642857369922456,1.0,80.0,0.4545649963189887,1.0
2001-04-25,1228.75,0.01594089126964149,0.0001484126987911406,1.0,80.0,0.3272096307562268,1.0
2001-04-26,1234.52001953125,0.004695844989827114,0.0001480158737727574,1.0,80.0,0.30089667958855465,1.0
2001-04-27,1253.050048828125,0.0150099058773554,0.0001484126987911406,1.0,80.0,0.25332429196581396,1.0
2001-04-30,1249.4599609375,-0.0028650794068301177,0.0001519841239565895,1.0,80.0,0.249640125277319,1.0
2001-05-01,1266.43994140625,0.013589855617309743,0.00015119047391982306,1.0,80.0,0.2246024725448469,1.0
2001-05-02,1267.4300537109375,0.0007818075475320985,0.00015039682388305663,1.0,80.0,0.21213175877386076,1.0
2001-05-03,1248.5799560546875,-0.01487269265949498,0.0001488095238095238,1.0,80.0,0.23344654152167948,1.0
2001-05-04,1266.6099853515625,0.0144404282716879,0.00014444444860730853,1.0,80.0,0.1952269469016606,0.0
2001-05-07,1263.510009765625,-0.0024474586666685116,0.00014365078910948738,1.0,80.0,0.18880681393594978,0.0
2001-05-08,1261.199951171875,-0.0018282867376558931,0.00014246031405433778,0.0,80.0,0.1866561478555067,0.0
2001-05-09,1255.5400390625,-0.004487719892564135,0.0001440476235889253,0.0,80.0,0.20165247773010178,0.0
2001-05-10,1255.1800537109375,-0.0002867175401520816,0.00014365078910948738,0.0,80.0,0.20793324657205442,0.0
2001-05-11,1245.6700439453125,-0.007576610015040175,0.00014603174868084136,0.0,80.0,0.263513694885007,0.0
2001-05-14,1248.9200439453125,0.0026090376145728733,0.00014325396409110418,0.0,80.0,0.23007374287744925,0.0
2001-05-15,1249.43994140625,0.0004162776179772454,0.00014047618896242175,0.0,80.0,0.22181531227558085,0.0
2001-05-16,1284.989990234375,0.02845278724491007,0.00013809523885212246,0.0,80.0,0.15862875992513673,0.0
2001-05-17,1288.489990234375,0.0027237566258095924,0.00013809523885212246,0.0,80.0,0.14938002877322035,0.0
2001-05-18,1291.9599609375,0.0026930521225809745,0.0001392857139072721,0.0,80.0,0.14135641164677024,0.0
2001-05-21,1312.8299560546875,0.01615374759914645,0.00014047618896242175,0.0,80.0,0.1610145136225331,0.0
2001-05-22,1309.3800048828125,-0.002627873591674268,0.00014126983899918815,0.0,80.0,0.13824583522209766,0.0
2001-05-23,1289.050048828125,-0.015526398737474967,0.00014126983899918815,0.0,80.0,0.1199483055711756,0.0
2001-05-24,1293.1700439453125,0.003196148296129353,0.00014285713907272098,0.0,80.0,0.11216158500687762,0.0
2001-05-25,1277.8900146484375,-0.011815947460596443,0.00014166666401757135,0.0,80.0,0.1401952068873607,0.0
2001-05-29,1267.9300537109375,-0.007794067426248774,0.00014285713907272098,0.0,80.0,0.19327968121517733,0.0
2001-05-30,1248.0799560546875,-0.015655514748746047,0.00014246031405433778,0.0,80.0,0.3631007882158822,0.0
2001-05-31,1255.8199462890625,0.006201517937073353,0.00014047618896242175,0.0,80.0,0.27088071447307754,0.0
2001-06-01,1260.6700439453125,0.0038620963702495903,0.00014047618896242175,0.0,80.0,0.2168027118883435,0.0
2001-06-04,1267.1099853515625,0.005108348086146242,0.00014246031405433778,0.0,80.0,0.16514934243054388,0.0
2001-06-05,1283.5699462890625,0.012990159597655815,0.0001400793639440385,0.0,80.0,0.11401491426630662,0.0
2001-06-06,1270.030029296875,-0.010548639777156588,0.0001400793639440385,0.0,80.0,0.15603988170976013,0.0
2001-06-07,1276.9599609375,0.005456510067294751,0.0001396825389256553,0.0,80.0,0.12432116288653701,0.0
2001-06-08,1264.9599609375,-0.00939731891921658,0.0001400793639440385,0.0,80.0,0.18188767149232138,0.0
2001-06-11,1254.3900146484375,-0.008355953243949998,0.0001392857139072721,0.0,80.0,0.2649608661288068,0.0
2001-06-12,1255.8499755859375,0.001163881185636706,0.00013769841383373923,0.0,80.0,0.23753424335817022,0.0
2001-06-13,1241.5999755859375,-0.011346896744853119,0.00013730158881535606,0.0,80.0,0.3792325920606049,0.0
2001-06-14,1219.8699951171875,-0.017501595438172535,0.00013650793877858963,0.0,80.0,0.5897343952699508,0.0
2001-06-15,1214.3599853515625,-0.004516882772492181,0.00013611111376020643,0.0,80.0,0.6145448893127883,0.0
2001-06-18,1208.4300537109375,-0.004883174439339166,0.00013492063870505682,0.0,80.0,0.6384740889695769,0.0
2001-06-19,1212.5799560546875,0.0034341270568420956,0.00013531746372344,0.0,80.0,0.5905594817566489,0.0
2001-06-20,1223.1400146484375,0.00870875239279778,0.00013531746372344,0.0,80.0,0.4644035768133585,0.0
2001-06-21,1237.0400390625,0.011364213620349783,0.00013571428874182323,0.0,80.0,0.3006058612558543,0.0
2001-06-22,1225.3499755859375,-0.009450028380182385,0.00013333332917046925,0.0,80.0,0.4231082229829949,0.0
2001-06-25,1218.5999755859375,-0.005508630297048178,0.00013333332917046925,0.0,80.0,0.48760721641532656,0.0
2001-06-26,1216.760009765625,-0.0015099014091377594,0.00013531746372344,0.0,80.0,0.48917415481285625,0.0
2001-06-27,1211.0699462890625,-0.004676405725775434,0.00013531746372344,0.0,80.0,0.5345795932799929,0.0
2001-06-28,1226.199951171875,0.012493089213528652,0.00014087301398080495,0.0,80.0,0.35907081256286566,0.0
2001-06-29,1224.3800048828125,-0.0014842165727727563,0.00014126983899918815,0.0,80.0,0.3802803561165974,0.0
2001-07-02,1236.719970703125,0.010078542422369496,0.00014126983899918815,0.0,80.0,0.2609016688273322,0.0
2001-07-03,1234.449951171875,-0.0018355161920441398,0.00014166666401757135,0.0,80.0,0.27349258569449514,0.0
2001-07-05,1219.239990234375,-0.012321245525637625,0.00014126983899918815,0.0,80.0,0.4253740133048373,0.0
2001-07-06,1190.5899658203125,-0.02349826502045349,0.0001396825389256553,0.0,80.0,0.6912489045956062,0.0
2001-07-09,1198.780029296875,0.006878995885808203,0.00014087301398080495,0.0,80.0,0.6140789088572484,0.0
2001-07-10,1181.52001953125,-0.014397979065223998,0.0001400793639440385,0.0,80.0,0.7280391963805828,0.0
2001-07-11,1180.1800537109375,-0.001134103356830174,0.00013849206387050566,0.0,80.0,0.7178185919883969,0.0
2001-07-12,1208.1400146484375,0.023691267149943185,0.0001392857139072721,0.0,80.0,0.4550135499104494,0.0
2001-07-13,1215.6800537109375,0.006241030816857895,0.0001396825389256553,0.0,80.0,0.36417450924120587,0.0
2001-07-16,1202.449951171875,-0.010882881971022607,0.00014047618896242175,0.0,80.0,0.5058846648291452,0.0
2001-07-17,1214.43994140625,0.009971300861786325,0.0001392857139072721,0.0,80.0,0.36172975187932715,0.0
2001-07-18,1207.7099609375,-0.005541633010651026,0.00013650793877858963,0.0,80.0,0.428359147942621,0.0
2001-07-19,1215.02001953125,0.006052826282955781,0.00013690476379697283,0.0,80.0,0.34377048445660413,0.0
2001-07-20,1210.8499755859375,-0.003432078384125181,0.00013650793877858963,0.0,80.0,0.3830209202392309,0.0
2001-07-23,1191.030029296875,-0.016368622611130257,0.00013730158881535606,0.0,80.0,0.6003784627667748,0.0
2001-07-24,1171.6500244140625,-0.016271634136927227,0.00013769841383373923,0.0,80.0,0.742923587905878,0.0
2001-07-25,1190.489990234375,0.016079857831039934,0.00013730158881535606,0.0,80.0,0.571542420926079,0.0
2001-07-26,1202.9300537109375,0.010449532191457944,0.00013809523885212246,0.0,80.0,0.41356861237894954,0.0
2001-07-27,1205.8199462890625,0.0024023779015329705,0.00013730158881535606,0.0,80.0,0.37289958949197877,0.0
2001-07-30,1204.52001953125,-0.0010780438338352516,0.00013769841383373923,0.0,80.0,0.38115901632633564,0.0
2001-07-31,1211.22998046875,0.005570651237587043,0.00013650793877858963,0.0,80.0,0.31231449619511126,0.0
2001-08-01,1215.9300537109375,0.0038804135614018964,0.00013611111376020643,0.0,80.0,0.2736708157142287,0.0
2001-08-02,1220.75,0.003963999634972737,0.00013611111376020643,0.0,80.0,0.24150578136995823,0.0
2001-08-03,1214.3499755859375,-0.005242698680370639,0.00013611111376020643,0.0,80.0,0.2814467657144148,0.0
2001-08-06,1200.47998046875,-0.01142174446908939,0.00013611111376020643,0.0,80.0,0.42287168866173586,0.0
2001-08-07,1204.4000244140625,0.0032653971820353345,0.00013571428874182323,0.0,80.0,0.36581839493948065,0.0
2001-08-08,1183.530029296875,-0.017328125783906967,0.00013492063870505682,0.0,80.0,0.60343285558074,0.0
2001-08-09,1183.4300537109375,-8.447236949016279e-05,0.00013373015418885248,0.0,80.0,0.5818774660402576,0.0
2001-08-10,1190.1600341796875,0.005686842621282606,0.00013293650415208605,0.0,80.0,0.4845802692628104,0.0
2001-08-13,1191.2900390625,0.0009494562498826298,0.00013293650415208605,0.0,80.0,0.4542423377554903,0.0
2001-08-14,1186.72998046875,-0.0038278323869295194,0.00013293650415208605,0.0,80.0,0.4969324917386812,0.0
2001-08-15,1178.02001953125,-0.007339463130492052,0.00013253967913370285,0.0,80.0,0.5816208945949171,0.0
2001-08-16,1181.6600341796875,0.0030899429450153004,0.00013134920407855322,0.0,80.0,0.5217178199765395,0.0
2001-08-17,1161.969970703125,-0.016663052745311324,0.0001305555540417868,0.0,80.0,0.7064968694544906,0.0
2001-08-20,1171.4100341796875,0.008124188847023373,0.00013253967913370285,0.0,80.0,0.6057176980825972,0.0
2001-08-21,1157.260009765625,-0.012079480285459132,0.00013095237906017001,0.0,80.0,0.715601441960261,0.0
2001-08-22,1165.31005859375,0.0069561280612775445,0.00013095237906017001,0.0,80.0,0.6293742021439556,0.0
2001-08-23,1162.0899658203125,-0.002763292695957098,0.00013134920407855322,0.0,80.0,0.6379999669211379,0.0
2001-08-24,1184.9300537109375,0.019654319856812652,0.00013214285411531965,0.0,80.0,0.38345966386906677,0.0
2001-08-27,1179.2099609375,-0.004827367451372688,0.00013293650415208605,0.0,80.0,0.4427650704812034,0.0
2001-08-28,1161.510009765625,-0.015010008190401547,0.00013214285411531965,0.0,80.0,0.6366511757196994,0.0
2001-08-29,1148.56005859375,-0.011149237684562108,0.00013214285411531965,0.0,80.0,0.7277949032532798,0.0
2001-08-30,1129.030029296875,-0.017003925176352408,0.0001301587290234036,0.0,80.0,0.8023453953892442,0.0
2001-08-31,1133.5799560546875,0.004029943083662779,0.0001301587290234036,0.0,80.0,0.7864989447026866,0.0
2001-09-04,1132.93994140625,-0.0005645959466900052,0.00013333332917046925,0.0,80.0,0.7656392398987087,0.0
2001-09-05,1131.739990234375,-0.0010591480872195191,0.00013174602909693644,0.0,80.0,0.7578931247818265,0.0
2001-09-06,1106.4000244140625,-0.022390271651587357,0.00012976190400502038,0.0,80.0,0.8161951948835187,0.0
2001-09-07,1085.780029296875,-0.018637016144416374,0.00012619047883957152,0.0,80.0,0.8111795306121039,0.0
2001-09-10,1092.5400390625,0.006225947782446006,0.00012619047883957152,0.0,80.0,0.8398024806666406,0.0
2001-09-17,1038.77001953125,-0.049215605477845537,0.00010357142440856449,0.0,80.0,0.7751642195572686,0.0
2001-09-18,1032.739990234375,-0.005804970478062166,9.722222411443316e-05,0.0,80.0,0.7800317116389478,0.0
2001-09-19,1016.0999755859376,-0.016112491823485064,9.563492404090033e-05,0.0,80.0,0.7666268815737203,0.0
2001-09-20,984.5399780273438,-0.03105993338932489,8.769841421218145e-05,0.0,80.0,0.7316270086720472,0.0
2001-09-21,965.7999877929688,-0.01903426031711075,8.730158919379825e-05,0.0,80.0,0.7207797242461927,0.0
2001-09-24,1003.4500122070312,0.038983252112168465,9.206348941439675e-05,0.0,80.0,0.8254149673064368,1.0
2001-09-25,1012.27001953125,0.008789682811224164,9.285713945116316e-05,1.0,80.0,0.8653527273973943,1.0
2001-09-26,1007.0399780273438,-0.005166646648616657,9.285713945116316e-05,1.0,80.0,0.8569530145696921,1.0
2001-09-27,1018.6099853515624,0.011489124142700646,9.246031443277995e-05,1.0,80.0,0.8892858988606887,1.0
2001-09-28,1040.93994140625,0.021921988175857887,9.126983937763033e-05,1.0,80.0,0.867197976570015,1.0
2001-10-01,1038.550048828125,-0.0022958986230237066,9.126983937763033e-05,1.0,80.0,0.8690434476488916,1.0
2001-10-02,1051.3299560546875,0.012305528501956209,9.00793643224807e-05,1.0,80.0,0.8065563371235304,1.0
2001-10-03,1072.280029296875,0.019927210407669316,8.650793915703184e-05,1.0,80.0,0.6487884380436114,1.0
2001-10-04,1069.6300048828125,-0.0024713921192770494,8.611111413864862e-05,1.0,80.0,0.679828705008701,1.0
2001-10-05,1071.3800048828125,0.0016360797584318298,8.531746410188223e-05,1.0,80.0,0.6715470052217366,1.0
2001-10-08,1062.43994140625,-0.00834443748792979,8.531746410188223e-05,1.0,80.0,0.7519142202214869,1.0
2001-10-09,1056.75,-0.005355541696520527,8.611111413864862e-05,1.0,80.0,0.7922958591462896,1.0
2001-10-10,1080.989990234375,0.022938244839720845,8.650793915703184e-05,1.0,80.0,0.5790848732237414,1.0
2001-10-11,1097.4300537109375,0.01520834015585848,8.809523923056466e-05,1.0,80.0,0.4599117776558169,1.0
2001-10-12,1091.6500244140625,-0.005266877171196449,8.690476417541504e-05,1.0,80.0,0.5050725142641423,1.0
2001-10-15,1089.97998046875,-0.0015298345696541649,8.769841421218145e-05,1.0,80.0,0.520846015077805,1.0
2001-10-16,1097.5400390625,0.006935960961869103,8.571428912026542e-05,1.0,80.0,0.4610682463171732,1.0
2001-10-17,1077.0899658203125,-0.01863264438138912,8.611111413864862e-05,1.0,80.0,0.6661221569768826,1.0
2001-10-18,1068.6099853515625,-0.007873047505638664,8.531746410188223e-05,1.0,80.0,0.740005049441472,1.0
2001-10-19,1073.47998046875,0.004557317621906032,8.531746410188223e-05,1.0,80.0,0.6856423345595246,1.0
2001-10-22,1089.9000244140625,0.015296087718508211,8.650793915703184e-05,1.0,80.0,0.5097032585768715,1.0
2001-10-23,1084.780029296875,-0.004697674100833327,8.531746410188223e-05,1.0,80.0,0.5627700488415158,1.0
2001-10-24,1085.199951171875,0.0003871032501143734,8.412697958567786e-05,1.0,80.0,0.5562284651120858,1.0
2001-10-25,1100.0899658203125,0.013720987208263535,8.333332954891144e-05,1.0,80.0,0.41426380083471576,1.0
2001-10-26,1104.6099853515625,0.00410877262013698,8.333332954891144e-05,1.0,80.0,0.38041827993320115,1.0
2001-10-29,1078.300048828125,-0.02381830408229002,8.174602947537861e-05,1.0,80.0,0.6573205472094519,1.0
2001-10-30,1059.7900390625,-0.017165917580863832,7.896825434669615e-05,1.0,80.0,0.8162103909636925,1.0
2001-10-31,1059.780029296875,-9.445045958234033e-06,7.976190438346257e-05,1.0,80.0,0.794485396394104,1.0
2001-11-01,1084.0999755859375,0.022948107736279866,7.976190438346257e-05,1.0,80.0,0.5454157493579308,1.0
2001-11-02,1087.199951171875,0.002859492349182924,7.738095427316333e-05,1.0,80.0,0.506215625159962,1.0
2001-11-05,1102.8399658203125,0.014385591750238236,7.817460430992973e-05,1.0,80.0,0.3671881286887658,1.0
2001-11-06,1118.8599853515625,0.014526150690715944,7.222222430365428e-05,1.0,80.0,0.28923555505060583,1.0
2001-11-07,1115.800048828125,-0.0027348699242971675,6.984126946282765e-05,1.0,80.0,0.2932569669920829,1.0
2001-11-08,1118.5400390625,0.002455628351381245,7.182539455474369e-05,1.0,80.0,0.2803297723981356,1.0
2001-11-09,1120.31005859375,0.0015824373463944053,7.142856953636049e-05,1.0,80.0,0.26594021997921247,1.0
2001-11-12,1118.3299560546875,-0.0017674593956140683,7.142856953636049e-05,1.0,80.0,0.26831526342065626,1.0
2001-11-13,1139.0899658203125,0.01856340309336213,7.142856953636049e-05,1.0,80.0,0.2177932780872027,1.0
2001-11-14,1141.2099609375,0.0018611305347253637,7.301587434042068e-05,1.0,80.0,0.20770333467435034,1.0
2001-11-15,1142.239990234375,0.0009025765040018285,7.420634939557031e-05,1.0,80.0,0.19999296054913193,1.0
2001-11-16,1138.6500244140625,-0.003142917294968739,7.499999943233671e-05,1.0,80.0,0.1930671051116194,1.0
2001-11-19,1151.06005859375,0.010898901254644544,7.539682445071991e-05,1.0,80.0,0.1803869100199458,1.0
2001-11-20,1142.6600341796875,-0.007297642161543494,7.539682445071991e-05,1.0,80.0,0.17660811698957296,1.0
2001-11-21,1137.030029296875,-0.004927104050553632,7.579364946910313e-05,1.0,80.0,0.18835228615830352,1.0
2001-11-23,1150.3399658203125,0.011705879511087591,7.658729950586954e-05,1.0,80.0,0.15957177357134936,1.0
2001-11-26,1157.4200439453125,0.006154770185656577,7.698412925478012e-05,1.0,80.0,0.15289650037830893,1.0
2001-11-27,1149.5,-0.0068428432588011345,7.380952437718708e-05,1.0,80.0,0.15264425293354994,1.0
2001-11-28,1128.52001953125,-0.01825139666702913,7.261904932203745e-05,1.0,80.0,0.2628342552675453,1.0
2001-11-29,1140.199951171875,0.010349777973346352,6.984126946282765e-05,1.0,80.0,0.18233224818243343,1.0
2001-11-30,1139.449951171875,-0.0006577793651273423,6.865079440767803e-05,1.0,80.0,0.18560271949457202,1.0
2001-12-03,1129.9000244140625,-0.008381172642107582,6.904761942606123e-05,1.0,80.0,0.24996936254977412,1.0
2001-12-04,1144.800048828125,0.013187029022137864,6.785714437091161e-05,1.0,80.0,0.1633535424406597,0.0
2001-12-05,1170.3499755859375,0.022318243944841498,6.865079440767803e-05,1.0,80.0,0.1478877876562461,0.0
2001-12-06,1167.0999755859375,-0.0027769471250451705,6.785714437091161e-05,0.0,80.0,0.1372174192599038,0.0
2001-12-07,1158.31005859375,-0.007531417338754176,6.547618953008501e-05,0.0,80.0,0.14030770965466668,0.0
2001-12-10,1139.9300537109375,-0.01586794895412269,6.666666458523462e-05,0.0,80.0,0.22632154581129924,0.0
2001-12-11,1136.760009765625,-0.0027809109295721113,6.388888945655218e-05,0.0,80.0,0.25572216924417046,0.0
2001-12-12,1137.0699462890625,0.00027264903829737897,6.50793645117018e-05,0.0,80.0,0.236878607363511,0.0
2001-12-13,1119.3800048828125,-0.015557478644108724,6.587301454846822e-05,0.0,80.0,0.41401985203482067,0.0
2001-12-14,1123.0899658203125,0.0033142998099990884,6.666666458523462e-05,0.0,80.0,0.3531893747913952,0.0
2001-12-17,1134.3599853515625,0.010034832359149704,6.785714437091161e-05,0.0,80.0,0.2330385003921994,0.0
2001-12-18,1142.9200439453125,0.007546157043874402,6.666666458523462e-05,0.0,80.0,0.1745388594091033,0.0
2001-12-19,1149.56005859375,0.005809693060869314,6.626983956685142e-05,0.0,80.0,0.14859195905042394,0.0
2001-12-20,1139.9300537109375,-0.008377122022309003,6.50793645117018e-05,0.0,80.0,0.1954894186300843,0.0
2001-12-21,1144.8900146484375,0.0043511098960442585,6.587301454846822e-05,0.0,80.0,0.1673106452942792,0.0
2001-12-24,1144.6500244140625,-0.00020961859331847243,6.70634943341452e-05,0.0,80.0,0.17071588371796972,0.0
2001-12-26,1149.3699951171875,0.004123505527849902,6.785714437091161e-05,0.0,80.0,0.1528694506129722,0.0
2001-12-27,1157.1300048828125,0.006751533273525068,6.74603193525284e-05,0.0,80.0,0.12675715245305474,0.0
2001-12-28,1161.02001953125,0.003361778393112802,6.666666458523462e-05,0.0,80.0,0.12066539244421015,0.0
2001-12-31,1148.0799560546875,-0.011145426658350721,6.626983956685142e-05,0.0,80.0,0.16249784658906677,0.0
2002-01-02,1154.6700439453125,0.005740094891362402,6.74603193525284e-05,0.0,5.0,0.26693392648107406,0.0
2002-01-03,1165.27001953125,0.009180090573510657,6.70634943341452e-05,0.0,5.0,0.20561756952334304,0.0
2002-01-04,1172.510009765625,0.006213143831922618,6.666666458523462e-05,0.0,5.0,0.19244764032288122,0.0
2002-01-07,1164.8900146484375,-0.006498874255845943,6.587301454846822e-05,0.0,5.0,0.21063443365562148,0.0
2002-01-08,1160.7099609375,-0.00358836770714277,6.547618953008501e-05,0.0,5.0,0.2455395275897289,0.0
2002-01-09,1155.1400146484375,-0.004798740836654547,6.547618953008501e-05,0.0,5.0,0.3262953132100313,0.0
2002-01-10,1156.550048828125,0.0012206608392113516,6.547618953008501e-05,0.0,5.0,0.2972342887467767,0.0
2002-01-11,1145.5999755859375,-0.009467876684872145,6.309523941978576e-05,0.0,5.0,0.47580352470115306,0.0
2002-01-14,1138.4100341796875,-0.0062761361378107505,6.111110959734234e-05,0.0,5.0,0.5910255745712311,0.0
2002-01-15,1146.18994140625,0.006834011465972845,6.190475963410877e-05,0.0,5.0,0.4489970383454678,0.0
2002-01-16,1127.5699462890625,-0.01624512172419068,6.230158938301934e-05,0.0,5.0,0.7205258411196338,0.0
2002-01-17,1138.8800048828125,0.01003047183988226,6.349206443816897e-05,0.0,5.0,0.5501303260078226,0.0
2002-01-18,1127.5799560546875,-0.009922071491006434,6.269841440140256e-05,0.0,5.0,0.7176046803054923,0.0
2002-01-22,1119.31005859375,-0.0073342004853236276,6.50793645117018e-05,0.0,5.0,0.7853381450309836,0.0
2002-01-23,1128.1800537109375,0.007924520153362424,6.626983956685142e-05,0.0,5.0,0.6813192840466921,0.0
2002-01-24,1132.1500244140625,0.0035189158770061457,6.626983956685142e-05,0.0,5.0,0.5955644050954937,0.0
2002-01-25,1133.280029296875,0.0009981052496972342,6.666666458523462e-05,0.0,5.0,0.5544941117177549,0.0
2002-01-28,1133.06005859375,-0.000194100926018681,6.70634943341452e-05,0.0,5.0,0.5601693027305189,0.0
2002-01-29,1100.6400146484375,-0.028612820387958315,6.74603193525284e-05,0.0,5.0,0.8537779996213434,0.0
2002-01-30,1113.5699462890625,0.011747648157926616,6.70634943341452e-05,0.0,5.0,0.8100247255554207,0.0
2002-01-31,1130.199951171875,0.014933956271208082,6.825396938929481e-05,0.0,5.0,0.5445765943129988,0.0
2002-02-01,1122.199951171875,-0.007078393510550951,6.785714437091161e-05,0.0,5.0,0.6929479093653562,0.0
2002-02-04,1094.43994140625,-0.02473713328594973,6.825396938929481e-05,0.0,5.0,0.8920891609198222,1.0
2002-02-05,1090.02001953125,-0.0040385239132636475,6.825396938929481e-05,1.0,5.0,0.8993909878204931,1.0
2002-02-06,1083.510009765625,-0.005972376331605855,6.74603193525284e-05,1.0,5.0,0.8954321528894514,1.0
2002-02-07,1080.1700439453125,-0.0030825426532377076,6.70634943341452e-05,1.0,5.0,0.8908926079289425,1.0
2002-02-08,1096.219970703125,0.014858703819622843,6.626983956685142e-05,1.0,5.0,0.8973669307097,1.0
2002-02-11,1111.93994140625,0.01434016084658829,6.74603193525284e-05,1.0,5.0,0.6892246012960204,1.0
2002-02-12,1107.5,-0.003992968721525436,6.785714437091161e-05,1.0,5.0,0.7614695439876591,1.0
2002-02-13,1118.510009765625,0.009941318072799188,6.785714437091161e-05,1.0,5.0,0.5619898807296005,1.0
2002-02-14,1116.47998046875,-0.0018149406613717778,6.785714437091161e-05,1.0,5.0,0.6100323355552733,1.0
2002-02-15,1104.1800537109375,-0.011016701573680177,6.74603193525284e-05,1.0,5.0,0.8080202757346716,1.0
2002-02-19,1083.3399658203125,-0.018873813034917086,6.74603193525284e-05,1.0,5.0,0.9155244421939291,1.0
2002-02-20,1097.97998046875,0.013513776940142774,6.825396938929481e-05,1.0,5.0,0.8551947753929102,1.0
2002-02-21,1080.949951171875,-0.015510327692499937,6.825396938929481e-05,1.0,5.0,0.9289088518040226,1.0
2002-02-22,1089.8399658203125,0.008224261112921738,6.825396938929481e-05,1.0,5.0,0.9034393190392203,1.0
2002-02-25,1109.4300537109375,0.017975196822479944,6.865079440767803e-05,1.0,5.0,0.6155011814377737,1.0
2002-02-26,1109.3800048828125,-4.511219788716492e-05,6.865079440767803e-05,1.0,5.0,0.6265987263580304,1.0
2002-02-27,1109.8900146484375,0.0004597250386524365,6.865079440767803e-05,1.0,5.0,0.6120578614686164,1.0
2002-02-28,1106.72998046875,-0.0028471597527511827,6.825396938929481e-05,1.0,5.0,0.6796234623950533,1.0
2002-03-01,1131.780029296875,0.022634291353989644,6.944444444444444e-05,1.0,5.0,0.3557745429346988,1.0
2002-03-04,1153.8399658203125,0.019491364003959566,6.944444444444444e-05,1.0,5.0,0.2815640956631911,1.0
2002-03-05,1146.1400146484375,-0.006673326804381263,6.944444444444444e-05,1.0,5.0,0.2936038675189533,1.0
2002-03-06,1162.77001953125,0.014509575331346891,6.904761942606123e-05,1.0,5.0,0.26036100637410287,1.0
2002-03-07,1157.5400390625,-0.004497863189539708,6.944444444444444e-05,1.0,5.0,0.25598047048495365,1.0
2002-03-08,1164.31005859375,0.005848626658938816,7.023809448121085e-05,1.0,5.0,0.23891120890598078,0.0
2002-03-11,1168.260009765625,0.0033925251634825404,7.103174451797728e-05,1.0,5.0,0.22346601556212967,0.0
2002-03-12,1165.5799560546875,-0.002294055851038812,7.142856953636049e-05,0.0,5.0,0.21146240947476824,0.0
2002-03-13,1154.0899658203125,-0.009857745214894464,7.103174451797728e-05,0.0,5.0,0.256258360374748,0.0
2002-03-14,1153.0400390625,-0.0009097442910928066,7.182539455474369e-05,0.0,5.0,0.28066619699195083,0.0
2002-03-15,1166.1600341796875,0.011378611906534442,7.222222430365428e-05,0.0,5.0,0.2053373498566115,0.0
2002-03-18,1165.550048828125,-0.000523071734310987,7.222222430365428e-05,0.0,5.0,0.21115080562782335,0.0
2002-03-19,1170.2900390625,0.004066741054269407,7.142856953636049e-05,0.0,5.0,0.18969066243610785,0.0
2002-03-20,1151.8499755859375,-0.015756831948543715,7.182539455474369e-05,0.0,5.0,0.3334179042252024,0.0
2002-03-21,1153.5899658203125,0.0015106049149238299,7.182539455474369e-05,0.0,5.0,0.28818700843795375,0.0
2002-03-22,1148.699951171875,-0.004238953868639261,7.142856953636049e-05,0.0,5.0,0.36522968521619514,0.0
2002-03-25,1131.8699951171875,-0.014651307364919819,7.063491949959407e-05,0.0,5.0,0.636915104153781,0.0
2002-03-26,1138.489990234375,0.005848723922133869,7.103174451797728e-05,0.0,5.0,0.515900957927348,0.0
2002-03-27,1144.5799560546875,0.005349160618494997,7.063491949959407e-05,0.0,5.0,0.39281721543198106,0.0
2002-03-28,1147.3900146484375,0.002455100300232438,6.904761942606123e-05,0.0,5.0,0.34997646614429906,0.0
2002-04-01,1146.5400390625,-0.0007407904680065691,6.984126946282765e-05,0.0,5.0,0.35373845703592843,0.0
2002-04-02,1136.760009765625,-0.008530037298018711,6.984126946282765e-05,0.0,5.0,0.5271957622173198,0.0
2002-04-03,1125.4000244140625,-0.009993301359980666,6.944444444444444e-05,0.0,5.0,0.6920109806165883,0.0
2002-04-04,1126.3399658203125,0.0008352064917889201,6.904761942606123e-05,0.0,5.0,0.657054705186382,0.0
2002-04-05,1122.72998046875,-0.0032050583847775815,6.825396938929481e-05,0.0,5.0,0.6957756233573692,0.0
2002-04-08,1125.2900390625,0.0022802086327837756,6.785714437091161e-05,0.0,5.0,0.6325092205858194,0.0
2002-04-09,1117.800048828125,-0.006656053083536673,6.70634943341452e-05,0.0,5.0,0.7276978662293325,0.0
2002-04-10,1130.469970703125,0.011334694329529604,6.626983956685142e-05,0.0,5.0,0.5228993131505477,0.0
2002-04-11,1103.68994140625,-0.02368928851795904,6.626983956685142e-05,0.0,5.0,0.8467370635590895,0.0
2002-04-12,1111.010009765625,0.0066323594016344245,6.626983956685142e-05,0.0,5.0,0.7953805858817349,0.0
2002-04-15,1102.550048828125,-0.007614657710675932,6.626983956685142e-05,0.0,5.0,0.8513532644779771,0.0
2002-04-16,1128.3699951171875,0.02341838932074425,6.74603193525284e-05,0.0,5.0,0.4959863168705084,0.0
2002-04-17,1126.0699462890625,-0.0020383817702331886,6.70634943341452e-05,0.0,5.0,0.550422573213874,0.0
2002-04-18,1124.469970703125,-0.0014208492032046216,6.626983956685142e-05,0.0,5.0,0.5785543090606523,0.0
2002-04-19,1125.1700439453125,0.000622580647262394,6.74603193525284e-05,0.0,5.0,0.5529233314434098,0.0
2002-04-22,1107.8299560546875,-0.015411082070602822,6.666666458523462e-05,0.0,5.0,0.8173574708807899,1.0
2002-04-23,1100.9599609375,-0.006201308314187082,6.74603193525284e-05,1.0,5.0,0.8546269447844159,1.0
2002-04-24,1093.1400146484375,-0.007102843487971744,6.666666458523462e-05,1.0,5.0,0.8672581055410364,1.0
2002-04-25,1091.47998046875,-0.001518592456082879,6.74603193525284e-05,1.0,5.0,0.8692646609805997,1.0
2002-04-26,1076.3199462890625,-0.013889429445308576,6.74603193525284e-05,1.0,5.0,0.8646985190723264,1.0
2002-04-29,1065.449951171875,-0.010099222963083632,6.825396938929481e-05,1.0,5.0,0.8473026710154701,1.0
2002-04-30,1076.9200439453125,0.010765491857052112,6.865079440767803e-05,1.0,5.0,0.8991780448512766,1.0
2002-05-01,1086.4599609375,0.0088585192984596,6.825396938929481e-05,1.0,5.0,0.8893374981005298,1.0
2002-05-02,1084.56005859375,-0.0017487090293788476,6.865079440767803e-05,1.0,5.0,0.885008452765845,1.0
2002-05-03,1073.4300537109375,-0.010262230103922243,6.825396938929481e-05,1.0,5.0,0.9073275313063602,1.0
2002-05-06,1052.6700439453125,-0.01933988124690189,6.865079440767803e-05,1.0,5.0,0.8713995793634868,1.0
2002-05-07,1049.489990234375,-0.0030209406349390733,6.785714437091161e-05,1.0,5.0,0.8641722219069113,1.0
2002-05-08,1088.8499755859375,0.03750391687182497,6.865079440767803e-05,1.0,5.0,0.7405472621122271,1.0
2002-05-09,1073.010009765625,-0.014547427263143953,6.865079440767803e-05,1.0,5.0,0.8772319297863469,1.0
2002-05-10,1054.989990234375,-0.01679389695086453,6.865079440767803e-05,1.0,5.0,0.8943342143002195,1.0
2002-05-13,1074.56005859375,0.018550003829920003,6.865079440767803e-05,1.0,5.0,0.8527024940275767,1.0
2002-05-14,1097.280029296875,0.021143509403148686,6.904761942606123e-05,1.0,5.0,0.5754682568911108,1.0
2002-05-15,1091.0699462890625,-0.0056595243164973,6.865079440767803e-05,1.0,5.0,0.671632843318053,1.0
2002-05-16,1098.22998046875,0.0065623970342507665,6.904761942606123e-05,1.0,5.0,0.5750193464033991,1.0
2002-05-17,1106.5899658203125,0.007612235597496797,6.825396938929481e-05,1.0,5.0,0.4686464338673898,1.0
2002-05-20,1091.8800048828125,-0.01329305469220976,6.785714437091161e-05,1.0,5.0,0.690329714156462,1.0
2002-05-21,1079.8800048828125,-0.010990218656204753,6.74999990160503e-05,1.0,5.0,0.8424530611496233,1.0
2002-05-22,1086.02001953125,0.005685830481789278,6.734127090090797e-05,1.0,5.0,0.7622128145047599,1.0
2002-05-23,1097.0799560546875,0.010183915880492833,6.761904746767075e-05,1.0,5.0,0.5764887177920287,1.0
2002-05-24,1083.8199462890625,-0.012086639348795059,6.773809591929118e-05,1.0,5.0,0.7912521060136685,1.0
2002-05-28,1074.550048828125,-0.008552986584789424,6.833333344686598e-05,1.0,5.0,0.8792844196433387,1.0
2002-05-29,1067.6600341796875,-0.006411999753712316,6.813492093767438e-05,1.0,5.0,0.8981762591016274,1.0
2002-05-30,1064.6600341796875,-0.0028098832062258827,6.797619282253204e-05,1.0,5.0,0.9033312579242229,1.0
2002-05-31,1067.1400146484375,0.002329363730329881,6.765873186172e-05,1.0,5.0,0.8867612951067766,1.0
2002-06-03,1040.6800537109375,-0.02479521016388564,6.805555688010321e-05,1.0,5.0,0.8834797537962482,1.0
2002-06-04,1040.68994140625,9.501186533977801e-06,6.805555688010321e-05,1.0,5.0,0.9055123466909031,1.0
2002-06-05,1049.9000244140625,0.008849977924613395,6.817460533172366e-05,1.0,5.0,0.9348374116517524,1.0
2002-06-06,1029.1500244140625,-0.019763786567754682,6.765873186172e-05,1.0,5.0,0.8946999964581421,1.0
2002-06-07,1027.530029296875,-0.0015741097787077551,6.773809591929118e-05,1.0,5.0,0.9044523967599851,1.0
2002-06-10,1030.739990234375,0.003123958274676042,6.78968240344335e-05,1.0,5.0,0.9260889558800042,1.0
2002-06-11,1013.5999755859376,-0.01662884414190624,6.801587248605395e-05,1.0,5.0,0.8732096685146703,1.0
2002-06-12,1020.260009765625,0.006570673184790987,6.753968341009957e-05,1.0,5.0,0.9181670370016616,1.0
2002-06-13,1009.5599975585938,-0.010487534652553143,6.686507709442624e-05,1.0,5.0,0.8874731512181628,1.0
2002-06-14,1007.27001953125,-0.0022682931503641424,6.646825207604302e-05,1.0,5.0,0.8928928899162292,1.0
2002-06-17,1036.1700439453125,0.028691437105922812,6.70634943341452e-05,1.0,5.0,0.8906080847096144,1.0
2002-06-18,1037.1400146484375,0.0009361115087169747,6.714285839171637e-05,1.0,5.0,0.8772676370492498,1.0
2002-06-19,1019.989990234375,-0.016535881531748564,6.626983956685142e-05,1.0,5.0,0.9443557622478074,1.0
2002-06-20,1006.2899780273438,-0.013431516326825155,6.70634943341452e-05,1.0,5.0,0.9152991863345139,1.0
2002-06-21,989.1400146484376,-0.01704276476302158,6.658730052766346e-05,1.0,5.0,0.8607990833883735,1.0
2002-06-24,992.719970703125,0.003619261178064548,6.714285839171637e-05,1.0,5.0,0.8943210059021234,1.0
2002-06-25,976.1400146484376,-0.0167015437827287,6.70634943341452e-05,1.0,5.0,0.8415959626325183,1.0
2002-06-26,973.530029296875,-0.0026737817448274637,6.595237860603938e-05,1.0,5.0,0.8466332165565004,1.0
2002-06-27,990.6400146484376,0.017575200391014345,6.587301454846822e-05,1.0,5.0,0.9204790539309053,1.0
2002-06-28,989.8200073242188,-0.0008277550998279093,6.583333488494632e-05,1.0,5.0,0.9115250084420864,1.0
2002-07-01,968.6500244140624,-0.021387709637619046,6.654762086414155e-05,1.0,5.0,0.8555564058827214,1.0
2002-07-02,948.0900268554688,-0.021225413761828404,6.674603337333316e-05,1.0,5.0,0.7977186882796912,1.0
2002-07-03,953.989990234375,0.006222999094795512,6.674603337333316e-05,1.0,5.0,0.8392253433752863,1.0
2002-07-05,989.030029296875,0.036729986080767274,6.686507709442624e-05,1.0,5.0,0.8824370061877431,1.0
2002-07-08,976.97998046875,-0.012183703700778037,6.70634943341452e-05,1.0,5.0,0.9025669312596221,1.0
2002-07-09,952.8300170898438,-0.02471899512958209,6.678571303685506e-05,1.0,5.0,0.8532900004639127,1.0
2002-07-10,920.469970703125,-0.033962034997127355,6.694444588252476e-05,1.0,5.0,0.7655838307045453,1.0
2002-07-11,927.3699951171876,0.007496197196734,6.674603337333316e-05,1.0,5.0,0.8069457789659205,1.0
2002-07-12,921.3900146484376,-0.006448322137049933,6.634920835494995e-05,1.0,5.0,0.8003806023742279,1.0
2002-07-15,917.9299926757812,-0.003755219741529925,6.646825207604302e-05,1.0,5.0,0.799399348902878,1.0
2002-07-16,900.9400024414062,-0.018509026145718255,6.646825207604302e-05,1.0,5.0,0.7635923692380456,1.0
2002-07-17,906.0399780273438,0.005660727209489291,6.70634943341452e-05,1.0,5.0,0.7943279474621566,1.0
2002-07-18,881.5599975585938,-0.027018653770718326,6.70634943341452e-05,1.0,5.0,0.7422777752463204,1.0
2002-07-19,847.75,-0.03835246341965115,6.634920835494995e-05,1.0,5.0,0.6884175373606671,1.0
2002-07-22,819.8499755859375,-0.03291067462584785,6.626983956685142e-05,1.0,5.0,0.6605361631801036,1.0
2002-07-23,797.7000122070312,-0.02701709341770231,6.595237860603938e-05,1.0,5.0,0.645883755492696,1.0
2002-07-24,843.4299926757812,0.05732729067187403,6.519841296332222e-05,1.0,5.0,0.7321220952471278,1.0
2002-07-25,838.6799926757812,-0.005631765577757797,6.587301454846822e-05,1.0,5.0,0.7302737770872366,1.0
2002-07-26,852.8400268554688,0.01688371524699228,6.535714107846456e-05,1.0,5.0,0.7655429367465609,1.0
2002-07-29,898.9600219726562,0.05407813149581853,6.654762086414155e-05,1.0,5.0,0.7414849564131524,1.0
2002-07-30,902.780029296875,0.0042493628535740235,6.674603337333316e-05,1.0,5.0,0.7402908501523566,1.0
2002-07-31,911.6199951171876,0.009791937718424792,6.607142705765981e-05,1.0,5.0,0.7104793107572416,1.0
2002-08-01,884.6599731445312,-0.029573750155831857,6.515872856927296e-05,1.0,5.0,0.8108852014045196,1.0
2002-08-02,864.239990234375,-0.023082295492101057,6.317460347735691e-05,1.0,5.0,0.8033241863027297,1.0
2002-08-05,834.5999755859375,-0.034296046217902276,6.357142849574013e-05,1.0,5.0,0.7492616103093735,1.0
2002-08-06,859.5700073242188,0.029918562747082378,6.396825351412333e-05,1.0,5.0,0.8052252886481756,1.0
2002-08-07,876.77001953125,0.020010019033323,6.18253955765376e-05,1.0,5.0,0.807229722665199,1.0
2002-08-08,905.4600219726562,0.03272238078663414,6.261904561330402e-05,1.0,5.0,0.6924563625422094,1.0
2002-08-09,908.6400146484376,0.003512018861808297,6.250000189221094e-05,1.0,5.0,0.6885654229765118,1.0
2002-08-12,903.7999877929688,-0.005326671484241818,6.480158794493902e-05,1.0,5.0,0.7384209651159703,1.0
2002-08-13,884.2100219726562,-0.021675111844325357,6.337301598654853e-05,1.0,5.0,0.834243942235013,1.0
2002-08-14,919.6199951171876,0.04004701627960783,6.357142849574013e-05,1.0,5.0,0.6396978160364666,1.0
2002-08-15,930.25,0.011559127617117415,6.277777845897371e-05,1.0,5.0,0.5833413682628195,1.0
2002-08-16,928.77001953125,-0.0015909491736092463,6.289682691059417e-05,1.0,5.0,0.6137725505351641,1.0
2002-08-19,950.7000122070312,0.02361186538606108,6.448412698412699e-05,1.0,5.0,0.49389499372951334,1.0
2002-08-20,937.4299926757812,-0.013958156475084027,6.250000189221094e-05,1.0,5.0,0.5927329300920345,1.0
2002-08-21,949.3599853515624,0.012726275848853996,6.329365192897736e-05,1.0,5.0,0.5186206983454971,1.0
2002-08-22,962.7000122070312,0.014051600089852956,6.392856912007408e-05,1.0,5.0,0.45614013536342507,1.0
2002-08-23,940.8599853515624,-0.022686222684675794,6.416666602331494e-05,1.0,5.0,0.6250763014261859,1.0
2002-08-26,947.9500122070312,0.007535687526151413,6.448412698412699e-05,1.0,5.0,0.5632809759105171,1.0
2002-08-27,934.8200073242188,-0.013850946477908743,6.515872856927296e-05,1.0,5.0,0.7215172911297641,1.0
2002-08-28,917.8699951171876,-0.018131845782321188,6.496031606008136e-05,1.0,5.0,0.8657662667201584,1.0
2002-08-29,917.7999877929688,-7.627150314459819e-05,6.50793645117018e-05,1.0,5.0,0.8619984588999811,1.0
2002-08-30,916.0700073242188,-0.0018849209977764847,6.52777770208934e-05,1.0,5.0,0.8671396088072558,1.0
2002-09-03,878.02001953125,-0.041536113494328175,6.369047694736057e-05,1.0,5.0,0.8242694472271046,1.0
2002-09-04,893.4000244140625,0.01751669044063875,6.317460347735691e-05,1.0,5.0,0.8840760878926535,1.0
2002-09-05,879.1500244140625,-0.015950301780376486,6.257936594978211e-05,1.0,5.0,0.8541111135379745,1.0
2002-09-06,893.9199829101562,0.016800270813775775,6.436507853250655e-05,1.0,5.0,0.8892612390040524,1.0
2002-09-09,902.9600219726562,0.01011280565970818,6.496031606008136e-05,1.0,5.0,0.8615649000250345,1.0
2002-09-10,909.5800170898438,0.007331437667334573,6.472222388736785e-05,1.0,5.0,0.8071307848526054,1.0
2002-09-11,909.4500122070312,-0.00014292847288843724,6.567460203927661e-05,1.0,5.0,0.8178035654153921,1.0
2002-09-12,886.9099731445312,-0.02478425285607544,6.555555358765616e-05,1.0,5.0,0.8889243296768721,1.0
2002-09-13,889.8099975585938,0.0032698069723813283,6.547618953008501e-05,1.0,5.0,0.8902096911686089,1.0
2002-09-16,891.0999755859375,0.00144972300927515,6.575396609684778e-05,1.0,5.0,0.8812371214604252,1.0
2002-09-17,873.52001953125,-0.019728376766173672,6.575396609684778e-05,1.0,5.0,0.8726184736366592,1.0
2002-09-18,869.4600219726562,-0.0046478586269521616,6.515872856927296e-05,1.0,5.0,0.869314897503227,1.0
2002-09-19,843.3200073242188,-0.03006465390913582,6.416666602331494e-05,1.0,5.0,0.7923725343069975,1.0
2002-09-20,845.3900146484375,0.002454592925865251,6.396825351412333e-05,1.0,5.0,0.8170521266738687,1.0
2002-09-23,833.7000122070312,-0.01382794004997523,6.416666602331494e-05,1.0,5.0,0.7917299279917772,1.0
2002-09-24,819.2899780273438,-0.017284435610766313,6.404761757169451e-05,1.0,5.0,0.7616621131936931,1.0
2002-09-25,839.6599731445312,0.024862985833457474,6.436507853250655e-05,1.0,5.0,0.844052874595746,1.0
2002-09-26,854.9500122070312,0.01820979867033401,6.416666602331494e-05,1.0,5.0,0.8714050136487509,1.0
2002-09-27,827.3699951171875,-0.03225921597292769,6.337301598654853e-05,1.0,5.0,0.8195061591880942,1.0
2002-09-30,815.280029296875,-0.014612526308257157,6.059523612733871e-05,1.0,5.0,0.7922070514673669,1.0
2002-10-01,847.9099731445312,0.04002298924922454,6.15873034038241e-05,1.0,5.0,0.8548278082027677,1.0
2002-10-02,827.9099731445312,-0.023587409788127234,6.111110959734234e-05,1.0,5.0,0.8423400035150939,1.0
2002-10-03,818.9500122070312,-0.01082238555898618,6.071428457895915e-05,1.0,5.0,0.8236089848246632,1.0
2002-10-04,800.5800170898438,-0.02243115555695674,6.21825409313989e-05,1.0,5.0,0.778273617888136,1.0
2002-10-07,785.280029296875,-0.01911112876459886,6.277777845897371e-05,1.0,5.0,0.7473532243709885,1.0
2002-10-08,798.5499877929688,0.016898377650040874,6.238095344059051e-05,1.0,5.0,0.7983136309846702,1.0
2002-10-09,776.760009765625,-0.027286930512098406,6.063492052138797e-05,1.0,5.0,0.7481331011446216,1.0
2002-10-10,803.9199829101562,0.034965720174917836,6.1031745539771194e-05,1.0,5.0,0.8245072272861863,1.0
2002-10-11,835.3200073242188,0.039058643996378484,6.134920650058323e-05,1.0,5.0,0.7551690356550328,1.0
2002-10-14,841.4400024414062,0.007326527634351487,6.130952210653396e-05,1.0,5.0,0.7259116082027893,1.0
2002-10-15,881.27001953125,0.047335540233740314,6.448412698412699e-05,1.0,5.0,0.49018678010501937,1.0
2002-10-16,860.02001953125,-0.024112927399144835,6.428571447493539e-05,1.0,5.0,0.6301046712061089,1.0
2002-10-17,879.2000122070312,0.022301797911908228,6.456349104169816e-05,1.0,5.0,0.5142925039353666,1.0
2002-10-18,884.3900146484375,0.00590309641645459,6.476190355088976e-05,1.0,5.0,0.49511615029066863,1.0
2002-10-21,899.719970703125,0.017333931637368627,6.595237860603938e-05,1.0,5.0,0.4401243811683852,1.0
2002-10-22,890.1599731445312,-0.01062552557449925,6.575396609684778e-05,1.0,5.0,0.4874681723980804,1.0
2002-10-23,896.1400146484375,0.006717940240315912,6.515872856927296e-05,1.0,5.0,0.45890159784548523,1.0
2002-10-24,882.5,-0.01522085212743074,6.436507853250655e-05,1.0,5.0,0.5761202937170559,1.0
2002-10-25,897.6500244140625,0.017167166474858275,6.357142849574013e-05,1.0,5.0,0.4616873554680532,1.0
2002-10-28,890.22998046875,-0.00826607669303625,6.15873034038241e-05,1.0,5.0,0.5331328957433891,1.0
2002-10-29,882.1500244140625,-0.009076256958267082,5.841269852623107e-05,1.0,5.0,0.6332654297197977,1.0
2002-10-30,890.7100219726562,0.009703562117202802,5.825397041108873e-05,1.0,5.0,0.5406913607071461,1.0
2002-10-31,885.760009765625,-0.005557377917527417,5.623016092512343e-05,1.0,5.0,0.6134173735359972,1.0
2002-11-01,900.9600219726562,0.01716041821650216,5.543650615782965e-05,1.0,5.0,0.46261264634684124,1.0
2002-11-04,908.3499755859376,0.008202310239139088,5.5833331176212856e-05,1.0,5.0,0.41952490783670754,1.0
2002-11-05,915.3900146484376,0.007750359720061439,5.535714210025848e-05,1.0,5.0,0.3845668916752911,1.0
2002-11-06,923.760009765625,0.009143638212398386,4.789682607802134e-05,1.0,5.0,0.3560200870755577,1.0
2002-11-07,902.6500244140624,-0.022852239898237814,4.7420637002066956e-05,1.0,5.0,0.49438846265848374,1.0
2002-11-08,894.739990234375,-0.00876312409654234,4.750000105963813e-05,1.0,5.0,0.6069983226781555,1.0
2002-11-11,876.1900024414062,-0.020732266351601858,4.750000105963813e-05,1.0,5.0,0.8104067663994863,1.0
2002-11-12,882.9500122070312,0.007715232708418229,4.7222224492875355e-05,1.0,5.0,0.7432557042531241,1.0
2002-11-13,882.530029296875,-0.0004756587625005526,4.7103176041254924e-05,1.0,5.0,0.7496132807072032,1.0
2002-11-14,904.27001953125,0.024633711616244502,4.726190415639726e-05,1.0,5.0,0.471290500580921,1.0
2002-11-15,909.8300170898438,0.006148603225257787,4.750000105963813e-05,1.0,5.0,0.41989791086173484,1.0
2002-11-18,900.3599853515625,-0.010408572546959705,4.769841356882974e-05,1.0,5.0,0.5342431626499158,1.0
2002-11-19,896.739990234375,-0.004020608618866994,4.7222224492875355e-05,1.0,5.0,0.5941758345656695,1.0
2002-11-20,914.1500244140624,0.019414807379268373,4.746031666558886e-05,1.0,5.0,0.3987779927927425,1.0
2002-11-21,933.760009765625,0.02145160512808819,4.750000105963813e-05,1.0,5.0,0.32568836597123346,1.0
2002-11-22,930.5499877929688,-0.003437737683221198,4.753968072316004e-05,1.0,5.0,0.33021980608511087,1.0
2002-11-25,932.8699951171876,0.00249315711638598,4.769841356882974e-05,1.0,5.0,0.31796312323977866,1.0
2002-11-26,913.3099975585938,-0.020967549241560413,4.769841356882974e-05,1.0,5.0,0.46154868274460303,1.0
2002-11-27,938.8699951171876,0.027986113835301696,4.789682607802134e-05,1.0,5.0,0.31225226924269045,1.0
2002-11-29,936.3099975585938,-0.0027266794890749013,4.769841356882974e-05,1.0,5.0,0.3192016038351533,0.0
2002-12-02,934.530029296875,-0.00190104587835227,4.7817462020450164e-05,1.0,5.0,0.3336087002859319,0.0
2002-12-03,920.75,-0.014745410917659685,4.7619049511258563e-05,0.0,5.0,0.4555590509335465,0.0
2002-12-04,917.5800170898438,-0.0034428269455946126,4.750000105963813e-05,0.0,5.0,0.4994403984392828,0.0
2002-12-05,906.5499877929688,-0.01202078193884104,4.7103176041254924e-05,0.0,5.0,0.6414262677186632,0.0
2002-12-06,912.22998046875,0.006265504111482523,4.694444319558522e-05,0.0,5.0,0.557830132457801,0.0
2002-12-09,892.0,-0.02217640386950981,4.750000105963813e-05,0.0,5.0,0.7704561168744319,1.0
2002-12-10,904.4500122070312,0.013957412788151657,4.730158855044653e-05,1.0,5.0,0.6422866054510051,1.0
2002-12-11,904.9600219726562,0.0005638893899515551,4.690476353206332e-05,1.0,5.0,0.6231220967546005,1.0
2002-12-12,901.5800170898438,-0.003734977016382035,4.702380725315639e-05,1.0,5.0,0.6693271440422788,1.0
2002-12-13,889.47998046875,-0.013420923702535892,4.7103176041254924e-05,1.0,5.0,0.7885310292235927,1.0
2002-12-16,910.4000244140624,0.023519409547910985,4.769841356882974e-05,1.0,5.0,0.5229343274344861,1.0
2002-12-17,902.989990234375,-0.008139316762932336,4.730158855044653e-05,1.0,5.0,0.6361647726491341,1.0
2002-12-18,891.1199951171875,-0.013145212289791375,4.690476353206332e-05,1.0,5.0,0.7725934944912267,1.0
2002-12-19,884.25,-0.007709393970319445,4.6706351022871716e-05,1.0,5.0,0.8113557341919398,1.0
2002-12-20,895.760009765625,0.013016691846904127,4.6706351022871716e-05,1.0,5.0,0.7038713237646927,1.0
2002-12-23,897.3800048828125,0.0018085146685788978,4.6111108764769536e-05,1.0,5.0,0.6714270096462112,1.0
2002-12-24,892.469970703125,-0.005471521710948668,4.623015721638997e-05,1.0,5.0,0.7290032204768266,1.0
2002-12-26,889.6599731445312,-0.0031485625856743082,4.583333219800677e-05,1.0,5.0,0.7495240324479018,1.0
2002-12-27,875.4000244140625,-0.016028538049280283,4.503968216124035e-05,1.0,5.0,0.8309318247139025,1.0
2002-12-30,879.3900146484375,0.004557905098352855,4.623015721638997e-05,1.0,5.0,0.8185884372094557,1.0
2002-12-31,879.8200073242188,0.0004889669755383519,4.690476353206332e-05,1.0,5.0,0.8111141935611416,1.0
2003-01-02,909.030029296875,0.033199997419349536,4.7222224492875355e-05,1.0,50.0,0.5334876500221847,1.0
2003-01-03,908.5900268554688,-0.0004840351002998178,4.730158855044653e-05,1.0,50.0,0.55057704458031,1.0
2003-01-06,929.010009765625,0.02247436391177171,4.690476353206332e-05,1.0,50.0,0.3958545971544475,1.0
2003-01-07,922.9299926757812,-0.006544619569145094,4.6507938513680115e-05,1.0,50.0,0.4343762830802581,1.0
2003-01-08,909.9299926757812,-0.01408557539918065,4.630952600448851e-05,1.0,50.0,0.6052305935741761,1.0
2003-01-09,927.5700073242188,0.01938612287805186,4.6706351022871716e-05,1.0,50.0,0.41189315598558685,1.0
2003-01-10,927.5700073242188,0.0,4.6507938513680115e-05,1.0,50.0,0.41005124905248064,1.0
2003-01-13,926.260009765625,-0.0014122896905353066,4.6507938513680115e-05,1.0,50.0,0.4326641963537123,1.0
2003-01-14,931.6599731445312,0.005829856975335224,4.6507938513680115e-05,1.0,50.0,0.38259532184671186,1.0
2003-01-15,918.219970703125,-0.0144258665487621,4.630952600448851e-05,1.0,50.0,0.5427109490448825,1.0
2003-01-16,914.5999755859376,-0.003942405123704029,4.623015721638997e-05,1.0,50.0,0.6122849921290041,1.0
2003-01-17,901.780029296875,-0.014016998284796078,4.571428374638633e-05,1.0,50.0,0.7754573288176777,1.0
2003-01-21,887.6199951171875,-0.015702315109737075,4.571428374638633e-05,1.0,50.0,0.8186590693557443,1.0
2003-01-22,878.3599853515625,-0.010432403299344806,4.531745872800312e-05,1.0,50.0,0.8085348875018804,1.0
2003-01-23,887.3400268554688,0.010223645946612736,4.531745872800312e-05,1.0,50.0,0.8547407750039558,1.0
2003-01-24,861.4000244140625,-0.02923344113454651,4.472222120042832e-05,1.0,50.0,0.7899850517140714,1.0
2003-01-27,847.47998046875,-0.016159790516352857,4.531745872800312e-05,1.0,50.0,0.7553721206960795,1.0
2003-01-28,858.5399780273438,0.013050452887956476,4.5634919688815166e-05,1.0,50.0,0.8417752839865427,1.0
2003-01-29,864.3599853515625,0.006778959015503627,4.571428374638633e-05,1.0,50.0,0.9007205092083127,1.0
2003-01-30,844.6099853515625,-0.022849276151957754,4.571428374638633e-05,1.0,50.0,0.8090203077635681,1.0
2003-01-31,855.7000122070312,0.013130352526974365,4.555555563124399e-05,1.0,50.0,0.9012142519940677,1.0
2003-02-03,860.3200073242188,0.005399082682342904,4.571428374638633e-05,1.0,50.0,0.9320692572638619,1.0
2003-02-04,848.2000122070312,-0.01408777549517104,4.551587123719473e-05,1.0,50.0,0.883837493173903,1.0
2003-02-05,843.5900268554688,-0.005435021557671615,4.551587123719473e-05,1.0,50.0,0.8680398432446823,1.0
2003-02-06,838.1500244140625,-0.0064486329475517135,4.531745872800312e-05,1.0,50.0,0.8518931357840851,1.0
2003-02-07,829.6900024414062,-0.010093684574632666,4.511904621881152e-05,1.0,50.0,0.8188939734036011,1.0
2003-02-10,835.969970703125,0.007569053795079661,4.5634919688815166e-05,1.0,50.0,0.8795116711122214,1.0
2003-02-11,829.2000122070312,-0.00809832737221361,4.571428374638633e-05,1.0,50.0,0.8506283862677382,1.0
2003-02-12,818.6799926757812,-0.012686950526266227,4.5634919688815166e-05,1.0,50.0,0.8062073559199325,1.0
2003-02-13,817.3699951171875,-0.0016001338377796825,4.551587123719473e-05,1.0,50.0,0.8159173783771688,1.0
2003-02-14,834.8900146484375,0.021434625244272754,4.567460408286443e-05,1.0,50.0,0.9221890005162701,1.0
2003-02-18,851.1699829101562,0.019499536437232567,4.583333219800677e-05,1.0,50.0,0.8666896323550732,1.0
2003-02-19,845.1300048828125,-0.007096089087508695,4.5912696255577935e-05,1.0,50.0,0.9140511363525896,1.0
2003-02-20,837.0999755859375,-0.009501531421770348,4.5912696255577935e-05,1.0,50.0,0.9230632223302505,1.0
2003-02-21,848.1699829101562,0.013224235631437153,4.630952600448851e-05,1.0,50.0,0.8893970269441039,1.0
2003-02-24,832.5800170898438,-0.01838070921446877,4.6507938513680115e-05,1.0,50.0,0.920361616850386,1.0
2003-02-25,838.5700073242188,0.007194491954433557,4.662698223477318e-05,1.0,50.0,0.9360541122663865,1.0
2003-02-26,827.5499877929688,-0.013141442497345723,4.690476353206332e-05,1.0,50.0,0.9130782259295305,1.0
2003-02-27,837.280029296875,0.01175764805441637,4.690476353206332e-05,1.0,50.0,0.9322020563327342,1.0
2003-02-28,841.1500244140625,0.004622103695029578,4.662698223477318e-05,1.0,50.0,0.9114488521658498,1.0
2003-03-03,834.8099975585938,-0.007537331833147309,4.6507938513680115e-05,1.0,50.0,0.9267832712953777,1.0
2003-03-04,821.989990234375,-0.015356796590494715,4.623015721638997e-05,1.0,50.0,0.8891823463861529,1.0
2003-03-05,829.8499755859375,0.009562142416504882,4.571428374638633e-05,1.0,50.0,0.9290549039828891,1.0
2003-03-06,822.0999755859375,-0.009339037450146193,4.551587123719473e-05,1.0,50.0,0.906994366155831,1.0
2003-03-07,828.8900146484375,0.00825938360801004,4.353174614527869e-05,1.0,50.0,0.9306869884796858,1.0
2003-03-10,807.47998046875,-0.025829764867861593,4.206348979283893e-05,1.0,50.0,0.8503251381438645,1.0
2003-03-11,800.72998046875,-0.008359340371610902,4.214285858093746e-05,1.0,50.0,0.8242613253148983,1.0
2003-03-12,804.1900024414062,0.0043210845816348264,4.2341271090129064e-05,1.0,50.0,0.8639593164422926,1.0
2003-03-13,831.9000244140625,0.03445705851668457,4.3730158654470295e-05,1.0,50.0,0.8596766872394453,1.0
2003-03-14,833.27001953125,0.0016468266341889137,4.376984304851956e-05,1.0,50.0,0.8467372463988494,1.0
2003-03-17,862.7899780273438,0.035426641789776614,4.4325396182045104e-05,1.0,50.0,0.5142133057984247,1.0
2003-03-18,866.4500122070312,0.004242091671087467,4.464285714285714e-05,1.0,50.0,0.4923509274381787,1.0
2003-03-19,874.02001953125,0.008736807914557332,4.503968216124035e-05,1.0,50.0,0.4525272034751315,1.0
2003-03-20,875.6699829101562,0.0018877867120150604,4.511904621881152e-05,1.0,50.0,0.44244697052975956,1.0
2003-03-21,895.7899780273438,0.022976687005213714,4.5912696255577935e-05,1.0,50.0,0.3945117604737006,1.0
2003-03-24,864.22998046875,-0.035231469800648285,4.583333219800677e-05,1.0,50.0,0.5789513847020253,1.0
2003-03-25,874.739990234375,0.01216112609276121,4.571428374638633e-05,1.0,50.0,0.46977978659507824,1.0
2003-03-26,869.9500122070312,-0.005475887784735178,4.5595240025293254e-05,1.0,50.0,0.5358978286685921,1.0
2003-03-27,868.52001953125,-0.0016437641884197163,4.4920633709619926e-05,1.0,50.0,0.5706415333871899,1.0
2003-03-28,863.5,-0.0057799698548794964,4.408729927880423e-05,1.0,50.0,0.6761948069810906,1.0
2003-03-31,848.1799926757812,-0.017741757179176365,4.325396957851592e-05,1.0,50.0,0.8866799841364729,1.0
2003-04-01,858.47998046875,0.012143634466636133,4.345238208770752e-05,1.0,50.0,0.7534914379739741,1.0
2003-04-02,880.9000244140625,0.02611597760622275,4.3730158654470295e-05,1.0,50.0,0.43735010419515846,1.0
2003-04-03,876.4500122070312,-0.005051665437279529,4.313492112689547e-05,1.0,50.0,0.4992210464183561,1.0
2003-04-04,878.8499755859375,0.0027382775349193977,4.293650861770388e-05,1.0,50.0,0.471542927074042,1.0
2003-04-07,879.9299926757812,0.001228898128060596,4.4920633709619926e-05,1.0,50.0,0.4684559015642526,1.0
2003-04-08,878.2899780273438,-0.0018638012820205718,4.472222120042832e-05,1.0,50.0,0.5012632981855331,1.0
2003-04-09,865.989990234375,-0.014004472441544569,4.4047619615282334e-05,1.0,50.0,0.7127011054773705,1.0
2003-04-10,871.5800170898438,0.00645507098061926,4.4325396182045104e-05,1.0,50.0,0.6057716515574445,1.0
2003-04-11,868.2999877929688,-0.0037633140188628733,4.551587123719473e-05,1.0,50.0,0.6735636172689582,1.0
2003-04-14,885.22998046875,0.0194978612389638,4.5912696255577935e-05,1.0,50.0,0.4279355485547152,1.0
2003-04-15,890.8099975585938,0.006303466006527536,4.6031744707198374e-05,1.0,50.0,0.3748482413847555,1.0
2003-04-16,879.9099731445312,-0.012236082266628978,4.551587123719473e-05,1.0,50.0,0.5036754717208218,1.0
2003-04-17,893.5800170898438,0.015535730202556941,4.551587123719473e-05,1.0,50.0,0.3621660019791581,1.0
2003-04-21,892.010009765625,-0.001756985713861292,4.571428374638633e-05,1.0,50.0,0.37695634213534335,1.0
2003-04-22,911.3699951171876,0.021703775898938016,4.571428374638633e-05,1.0,50.0,0.32382788623273273,1.0
2003-04-23,919.02001953125,0.00839398318470952,4.551587123719473e-05,1.0,50.0,0.3140748459220495,1.0
2003-04-24,911.4299926757812,-0.008258826460973201,4.480158525799948e-05,1.0,50.0,0.304537510543686,1.0
2003-04-25,898.8099975585938,-0.013846368035506096,4.4325396182045104e-05,1.0,50.0,0.365611310042234,1.0
2003-04-28,914.8400268554688,0.017834725181536504,4.41269836728535e-05,1.0,50.0,0.30138957531933935,1.0
2003-04-29,917.8400268554688,0.003279261851180326,4.4325396182045104e-05,1.0,50.0,0.2905103484263258,1.0
2003-04-30,916.9199829101562,-0.0010024012010726446,4.369047426042104e-05,1.0,50.0,0.2886155796230816,1.0
2003-05-01,916.2999877929688,-0.0006761714530636453,4.273809610851227e-05,1.0,50.0,0.2871451980878768,1.0
2003-05-02,930.0800170898438,0.015038774943199495,4.3492061751229425e-05,1.0,50.0,0.2788630198589705,1.0
2003-05-05,926.5499877929688,-0.0037954038706478066,4.3333333636087074e-05,1.0,50.0,0.27311865050577144,1.0
2003-05-06,934.3900146484376,0.008461526046904089,4.285714456013271e-05,1.0,50.0,0.26801262013037686,1.0
2003-05-07,929.6199951171876,-0.005104955592922011,4.313492112689547e-05,1.0,50.0,0.26329607608260597,1.0
2003-05-08,920.27001953125,-0.010057846899860334,4.2341271090129064e-05,1.0,50.0,0.30052160125280003,1.0
2003-05-09,933.4099731445312,0.014278367581695539,4.293650861770388e-05,1.0,50.0,0.26042412246340957,1.0
2003-05-12,945.1099853515624,0.01253469808943164,4.2341271090129064e-05,1.0,50.0,0.2636775445733635,1.0
2003-05-13,942.2999877929688,-0.0029731963497861003,4.214285858093746e-05,1.0,50.0,0.2541080036201209,1.0
2003-05-14,939.280029296875,-0.003204880118025888,4.1150791304452076e-05,1.0,50.0,0.2539047236526265,1.0
2003-05-15,946.6699829101562,0.007867678842073511,4.0873014737689306e-05,1.0,50.0,0.2451605702935781,1.0
2003-05-16,944.2999877929688,-0.0025035071988888102,4.055555377687727e-05,1.0,50.0,0.24177586792744743,1.0
2003-05-19,920.77001953125,-0.02491789533611377,4.035714126768566e-05,1.0,50.0,0.3906810798810852,1.0
2003-05-20,919.72998046875,-0.0011295318488209194,3.968253968253968e-05,1.0,50.0,0.406040252893929,1.0
2003-05-21,923.4199829101562,0.004012049753478353,4.154762105336265e-05,1.0,50.0,0.3349985176878446,1.0
2003-05-22,931.8699951171876,0.009150779020832056,4.166666477445572e-05,1.0,50.0,0.2575141168338635,1.0
2003-05-23,933.219970703125,0.0014486737345456024,4.186507728364732e-05,1.0,50.0,0.24179495219339517,1.0
2003-05-27,951.47998046875,0.019566672744762537,4.218253824445936e-05,1.0,50.0,0.23940128932942173,1.0
2003-05-28,953.219970703125,0.001828719752482666,4.313492112689547e-05,1.0,50.0,0.23192640700767964,1.0
2003-05-29,949.6400146484376,-0.0037556452494870163,4.26587320509411e-05,1.0,50.0,0.22232003321356825,1.0
2003-05-30,963.5900268554688,0.01468978980650415,4.3055557069324325e-05,1.0,50.0,0.2416282122933719,1.0
2003-06-02,967.0,0.003538821541832604,4.3730158654470295e-05,1.0,50.0,0.24064589219698146,1.0
2003-06-03,971.5599975585938,0.0047156127803451575,4.214285858093746e-05,1.0,50.0,0.23997568641737793,1.0
2003-06-04,986.239990234375,0.015109712948937926,4.055555377687727e-05,1.0,50.0,0.2692842079849962,1.0
2003-06-05,990.1400146484376,0.0039544375128570675,4.035714126768566e-05,1.0,50.0,0.2662181556468061,1.0
2003-06-06,987.760009765625,-0.002403705382675314,4.075396628606887e-05,1.0,50.0,0.24351931589820086,1.0
2003-06-09,975.9299926757812,-0.011976610687702172,3.996031624930246e-05,1.0,50.0,0.20594545606297165,1.0
2003-06-10,984.8400268554688,0.009129788249726989,3.797619115738641e-05,1.0,50.0,0.21818923445691785,1.0
2003-06-11,997.47998046875,0.012834524662487468,3.6111112151827125e-05,1.0,50.0,0.24521506124766715,1.0
2003-06-12,998.510009765625,0.001032631548545826,3.5396826172631885e-05,1.0,50.0,0.23709000129723254,1.0
2003-06-13,988.6099853515624,-0.009914797365312755,3.3055555725854536e-05,1.0,50.0,0.2007235814628003,1.0
2003-06-16,1010.739990234375,0.02238497001923645,3.321428620626056e-05,1.0,50.0,0.2563936229237928,1.0
2003-06-17,1011.6599731445312,0.0009102072927211768,3.440476126141018e-05,1.0,50.0,0.24717892584385054,1.0
2003-06-18,1010.0900268554688,-0.001551851739456156,3.420634875221858e-05,1.0,50.0,0.22977647838679766,1.0
2003-06-19,994.7000122070312,-0.01523628017232137,3.142857125827244e-05,1.0,50.0,0.1943644208834746,1.0
2003-06-20,995.6900024414062,0.0009952651274010016,3.2023808785847256e-05,1.0,50.0,0.19275281777505354,1.0
2003-06-23,981.6400146484376,-0.014110805329488496,3.25396822558509e-05,1.0,50.0,0.21788545443132445,1.0
2003-06-24,983.4500122070312,0.0018438506291349466,3.174603221908449e-05,1.0,50.0,0.20353302016971114,1.0
2003-06-25,975.3200073242188,-0.00826682066388651,3.559523868182349e-05,1.0,50.0,0.25795850746882926,1.0
2003-06-26,985.8200073242188,0.01076569733128574,3.472222222222222e-05,1.0,50.0,0.18927011241290337,1.0
2003-06-27,976.219970703125,-0.009738123135835774,3.3412698715452166e-05,1.0,50.0,0.2436893442035714,1.0
2003-06-30,974.5,-0.0017618679751922883,3.3253968235046143e-05,1.0,50.0,0.270393529302288,1.0
2003-07-01,982.3200073242188,0.008024635530239799,3.444444329019577e-05,1.0,50.0,0.19647634548085413,1.0
2003-07-02,993.75,0.011635711978335683,3.361111122464377e-05,1.0,50.0,0.17456480865494486,0.0
2003-07-03,985.7000122070312,-0.00810061664701256,3.3412698715452166e-05,1.0,50.0,0.18413926760940041,0.0
2003-07-07,1004.4199829101562,0.018991549631018012,3.420634875221858e-05,0.0,50.0,0.19568937725027566,0.0
2003-07-08,1007.8400268554688,0.003404993930331335,3.511904724060542e-05,0.0,50.0,0.19441954108152737,0.0
2003-07-09,1002.2100219726562,-0.005586208855366204,3.4523809713030615e-05,0.0,50.0,0.174149936197078,0.0
2003-07-10,988.7000122070312,-0.013480218187234994,3.424603078100416e-05,0.0,50.0,0.1929950670845754,0.0
2003-07-11,998.1400146484376,0.009547893521649531,3.43650792326246e-05,0.0,50.0,0.16839107454457958,0.0
2003-07-14,1003.8599853515624,0.005730629590217751,3.440476126141018e-05,0.0,50.0,0.17263574515780927,0.0
2003-07-15,1000.4199829101562,-0.003426775139564353,3.523809569222586e-05,0.0,50.0,0.1712917969567042,0.0
2003-07-16,994.0900268554688,-0.006327298697367145,3.500000115424868e-05,0.0,50.0,0.19087637363949037,0.0
2003-07-17,981.72998046875,-0.012433528204499167,3.45634917418162e-05,0.0,50.0,0.29772379328078924,0.0
2003-07-18,993.3200073242188,0.011805717545607441,3.480158627979339e-05,0.0,50.0,0.18854133325388894,0.0
2003-07-21,978.7999877929688,-0.014617665429254467,3.5198413663440284e-05,0.0,50.0,0.3231866059948078,0.0
2003-07-22,988.1099853515624,0.009511644538927833,3.57936511910151e-05,0.0,50.0,0.20899783813214207,0.0
2003-07-23,988.6099853515624,0.0005060165441219677,3.5396826172631885e-05,0.0,50.0,0.18586976304636788,0.0
2003-07-24,981.5999755859376,-0.007090773782880588,3.575396916222951e-05,0.0,50.0,0.263678278824667,0.0
2003-07-25,998.6799926757812,0.017400180842148227,3.57936511910151e-05,0.0,50.0,0.1663432714230393,0.0
2003-07-28,996.52001953125,-0.002162828093455582,3.7182538755356324e-05,0.0,50.0,0.17296700079053132,0.0
2003-07-29,989.280029296875,-0.007265273243362014,3.797619115738641e-05,0.0,50.0,0.21814916870924986,0.0
2003-07-30,987.489990234375,-0.001809436165179923,3.7579366139003204e-05,0.0,50.0,0.2510374817340436,0.0
2003-07-31,990.3099975585938,0.0028557325665139466,3.6785713736973116e-05,0.0,50.0,0.2238703082905551,0.0
2003-08-01,980.1500244140624,-0.010259386625984468,3.642857074737549e-05,0.0,50.0,0.347645490486289,0.0
2003-08-04,982.8200073242188,0.0027240553421936653,3.7182538755356324e-05,0.0,50.0,0.28027611569887817,0.0
2003-08-05,965.4600219726562,-0.017663443175954474,3.710317469778515e-05,0.0,50.0,0.5232569014110269,0.0
2003-08-06,967.0800170898438,0.0016779515260274547,3.658730122778151e-05,0.0,50.0,0.4832979714583303,0.0
2003-08-07,974.1199951171876,0.007279623095231225,3.650793717021033e-05,0.0,50.0,0.34960730591920675,0.0
2003-08-08,977.5900268554688,0.0035622220626563283,3.6785713736973116e-05,0.0,50.0,0.28947919289233276,0.0
2003-08-11,980.5900268554688,0.0030687710774319754,3.6746031708187525e-05,0.0,50.0,0.24942508775248556,0.0
2003-08-12,990.3499755859376,0.009953138889008395,3.6785713736973116e-05,0.0,50.0,0.17959791614618362,0.0
2003-08-13,984.030029296875,-0.006381528191913621,3.6785713736973116e-05,0.0,50.0,0.21996039021575073,0.0
2003-08-14,990.510009765625,0.006585145042149021,3.710317469778515e-05,0.0,50.0,0.17651069889796114,0.0
2003-08-15,990.6699829101562,0.00016150583331220325,3.6785713736973116e-05,0.0,50.0,0.17596035530872745,0.0
2003-08-18,999.739990234375,0.009155427620381795,3.7182538755356324e-05,0.0,50.0,0.16547175408889636,0.0
2003-08-19,1002.3499755859376,0.0026106641497363192,3.7182538755356324e-05,0.0,50.0,0.16472399927729417,0.0
2003-08-20,1000.2999877929688,-0.0020451816659849964,3.7182538755356324e-05,0.0,50.0,0.15349403741272238,0.0
2003-08-21,1003.27001953125,0.002969141032215905,3.753968174495394e-05,0.0,50.0,0.15326182459923374,0.0
2003-08-22,993.0599975585938,-0.010176743821595058,3.773809425414555e-05,0.0,50.0,0.18285854307831192,0.0
2003-08-25,993.7100219726562,0.0006545671114137619,3.857142868496123e-05,0.0,50.0,0.1732419863812566,0.0
2003-08-26,996.72998046875,0.003039074206073522,3.876984119415283e-05,0.0,50.0,0.16101476111595583,0.0
2003-08-27,996.7899780273438,6.0194395442580984e-05,3.876984119415283e-05,0.0,50.0,0.16512835580117702,0.0
2003-08-28,1002.8400268554688,0.006069532159721502,3.817460366657801e-05,0.0,50.0,0.15660391595377726,0.0
2003-08-29,1008.010009765625,0.005155341601558616,3.809523724374317e-05,0.0,50.0,0.16059807997802703,0.0
2003-09-02,1021.989990234375,0.013868890520244426,3.7777778648194805e-05,0.0,50.0,0.1902415770525378,0.0
2003-09-03,1026.27001953125,0.0041879366116819305,3.7777778648194805e-05,0.0,50.0,0.19301630206919737,0.0
2003-09-04,1027.969970703125,0.00165643655131964,3.7380951264547925e-05,0.0,50.0,0.19166363929727998,0.0
2003-09-05,1021.3900146484376,-0.006400922441524903,3.6785713736973116e-05,0.0,50.0,0.15108962362152492,0.0
2003-09-08,1031.6400146484375,0.01003534384808713,3.698412624616472e-05,0.0,50.0,0.17754013307432442,0.0
2003-09-09,1023.1699829101562,-0.008210259022540578,3.698412624616472e-05,0.0,50.0,0.13681758568574806,0.0
2003-09-10,1010.9199829101562,-0.01197259517441851,3.698412624616472e-05,0.0,50.0,0.14753870232999813,0.0
2003-09-11,1016.4199829101562,0.005440588862599238,3.698412624616472e-05,0.0,50.0,0.13113009853693652,0.0
2003-09-12,1018.6300048828124,0.0021743196806585097,3.698412624616472e-05,0.0,50.0,0.13118268968638516,0.0
2003-09-15,1014.8099975585938,-0.0037501421575129035,3.6746031708187525e-05,0.0,50.0,0.1362350841969634,0.0
2003-09-16,1029.3199462890625,0.014298192533948706,3.6785713736973116e-05,0.0,50.0,0.13999129556482007,0.0
2003-09-17,1025.969970703125,-0.003254552287668133,3.6785713736973116e-05,0.0,50.0,0.1269661109573093,0.0
2003-09-18,1039.5799560546875,0.013265481193601714,3.698412624616472e-05,0.0,50.0,0.15986054747543693,0.0
2003-09-19,1036.300048828125,-0.003155031229161165,3.6785713736973116e-05,0.0,50.0,0.1388221786998918,0.0
2003-09-22,1022.8200073242188,-0.01300785570660723,3.658730122778151e-05,0.0,50.0,0.13797787517398785,0.0
2003-09-23,1029.030029296875,0.006071470960860692,3.670634967940194e-05,0.0,50.0,0.12379295776755972,0.0
2003-09-24,1009.3800048828124,-0.019095676369609182,3.638888871858991e-05,0.0,50.0,0.26088620222841963,0.0
2003-09-25,1003.27001953125,-0.0060532062474050186,3.638888871858991e-05,0.0,50.0,0.3492747692385092,0.0
2003-09-26,996.8499755859376,-0.0063991187021734675,3.638888871858991e-05,0.0,50.0,0.4361482451161607,0.0
2003-09-29,1006.5800170898438,0.009760788225115835,3.654761919899592e-05,0.0,50.0,0.26932576006719433,0.0
2003-09-30,995.969970703125,-0.010540688476405324,3.6746031708187525e-05,0.0,50.0,0.42268697611331874,0.0
2003-10-01,1018.219970703125,0.022340030979339787,3.6111112151827125e-05,0.0,50.0,0.16728764253162406,0.0
2003-10-02,1020.239990234375,0.00198387341573647,3.61904762093983e-05,0.0,50.0,0.14851655087866394,0.0
2003-10-03,1029.8499755859375,0.009419338041586567,3.61904762093983e-05,0.0,50.0,0.14623238443655534,0.0
2003-10-06,1034.3499755859375,0.004369568487332165,3.5912697277371846e-05,0.0,50.0,0.14853550636149962,0.0
2003-10-07,1039.25,0.004737298332014417,3.57936511910151e-05,0.0,50.0,0.1549424647258802,0.0
2003-10-08,1033.780029296875,-0.005263382923382243,3.480158627979339e-05,0.0,50.0,0.13095078618581904,0.0
2003-10-09,1038.72998046875,0.0047882054514456485,3.492063473141382e-05,0.0,50.0,0.13344742966855241,0.0
2003-10-10,1038.06005859375,-0.0006449432360637886,3.5198413663440284e-05,0.0,50.0,0.12488867912206668,0.0
2003-10-13,1045.3499755859375,0.00702263508920975,3.5198413663440284e-05,0.0,50.0,0.1390523033899875,0.0
2003-10-14,1049.47998046875,0.003950834628850153,3.5198413663440284e-05,0.0,50.0,0.14460520403725768,0.0
2003-10-15,1046.760009765625,-0.0025917318612500573,3.583333321980068e-05,0.0,50.0,0.1250371907057998,0.0
2003-10-16,1050.0699462890625,0.003162077737550062,3.57936511910151e-05,0.0,50.0,0.12897286124702126,0.0
2003-10-17,1039.3199462890625,-0.010237413267554563,3.59920637002067e-05,0.0,50.0,0.11602125130852177,0.0
2003-10-20,1044.6800537109375,0.005157321805487891,3.61904762093983e-05,0.0,50.0,0.1121429230801655,0.0
2003-10-21,1046.030029296875,0.0012922383088889156,3.714285672657073e-05,0.0,50.0,0.1137817499564996,0.0
2003-10-22,1030.3599853515625,-0.014980491483447822,3.698412624616472e-05,0.0,50.0,0.17458028691749564,0.0
2003-10-23,1033.77001953125,0.0033095561048248623,3.690476218859354e-05,0.0,50.0,0.1413144810817059,0.0
2003-10-24,1028.9100341796875,-0.004701224895036327,3.6785713736973116e-05,0.0,50.0,0.1755764423511253,0.0
2003-10-27,1031.1300048828125,0.002157594570350252,3.7341269235762334e-05,0.0,50.0,0.15561155836116605,0.0
2003-10-28,1046.7900390625,0.015187254861686705,3.749999971616836e-05,0.0,50.0,0.1166119405307559,0.0
2003-10-29,1048.1099853515625,0.0012609465506996376,3.7182538755356324e-05,0.0,50.0,0.12051280166065864,0.0
2003-10-30,1046.93994140625,-0.001116336989118616,3.698412624616472e-05,0.0,50.0,0.10641365427961592,0.0
2003-10-31,1050.7099609375,0.0036009893043016383,3.698412624616472e-05,0.0,50.0,0.11234165183497506,0.0
2003-11-03,1059.02001953125,0.007908993825789246,3.654761919899592e-05,0.0,50.0,0.13219033203328232,0.0
2003-11-04,1053.25,-0.005448451799621279,3.68253957657587e-05,0.0,50.0,0.10712653091699546,0.0
2003-11-05,1051.81005859375,-0.0013671411405173917,3.702381064021399e-05,0.0,50.0,0.10189119622273154,0.0
2003-11-06,1058.050048828125,0.005932620802959088,3.6785713736973116e-05,0.0,50.0,0.10988641879688302,0.0
2003-11-07,1053.2099609375,-0.004574535860553786,3.698412624616472e-05,0.0,50.0,0.10223014517729341,0.0
2003-11-10,1047.1099853515625,-0.0057917944305309055,3.658730122778151e-05,0.0,50.0,0.12682992872692386,0.0
2003-11-11,1046.5699462890625,-0.0005157424435396907,3.658730122778151e-05,0.0,50.0,0.13562935681896351,0.0
2003-11-12,1058.530029296875,0.011427886927405817,3.68253957657587e-05,0.0,50.0,0.10746285690081366,0.0
2003-11-13,1058.4100341796875,-0.0001133601446028365,3.6785713736973116e-05,0.0,50.0,0.11236060080503096,0.0
2003-11-14,1050.3499755859375,-0.007615251493715225,3.6785713736973116e-05,0.0,50.0,0.13521834246657224,0.0
2003-11-17,1043.6300048828125,-0.006397839633762281,3.68253957657587e-05,0.0,50.0,0.19117082285432713,0.0
2003-11-18,1034.1500244140625,-0.009083660324440856,3.714285672657073e-05,0.0,50.0,0.3130180105208488,0.0
2003-11-19,1042.43994140625,0.008016164769598655,3.6785713736973116e-05,0.0,50.0,0.18575365386560236,0.0
2003-11-20,1033.6500244140625,-0.008432060824847043,3.658730122778151e-05,0.0,50.0,0.30765618268201933,0.0
2003-11-21,1035.280029296875,0.001576940786836012,3.61904762093983e-05,0.0,50.0,0.25618869172095526,0.0
2003-11-24,1052.0799560546875,0.0162274228058108,3.638888871858991e-05,0.0,50.0,0.12020866365214677,0.0
2003-11-25,1053.8900146484375,0.001720457255490082,3.650793717021033e-05,0.0,50.0,0.11231126915852695,0.0
2003-11-26,1058.449951171875,0.0043267669871212,3.61904762093983e-05,0.0,50.0,0.11031211893713813,0.0
2003-11-28,1058.199951171875,-0.00023619444615519125,3.6031745728992285e-05,0.0,50.0,0.1125380353956032,0.0
2003-12-01,1070.1199951171875,0.011264453312544553,3.559523868182349e-05,0.0,50.0,0.13483721201936114,0.0
2003-12-02,1066.6199951171875,-0.003270661249177631,3.638888871858991e-05,0.0,50.0,0.11738545854223287,0.0
2003-12-03,1064.72998046875,-0.0017719662645456769,3.61904762093983e-05,0.0,50.0,0.123554257234285,0.0
2003-12-04,1069.719970703125,0.004686625084209695,3.575396916222951e-05,0.0,50.0,0.11621935394574248,0.0
2003-12-05,1061.5,-0.007684226646457737,3.551587225898864e-05,0.0,50.0,0.1232706446901025,0.0
2003-12-08,1069.300048828125,0.007348138321361386,3.5396826172631885e-05,0.0,50.0,0.1104215267880179,0.0
2003-12-09,1060.1800537109375,-0.008528939213256703,3.5396826172631885e-05,0.0,50.0,0.1351705775740628,0.0
2003-12-10,1059.050048828125,-0.0010658612929541622,3.5198413663440284e-05,0.0,50.0,0.1514032199214759,0.0
2003-12-11,1071.2099609375,0.011481905055224173,3.460317377060179e-05,0.0,50.0,0.11596506271543375,0.0
2003-12-12,1074.1400146484375,0.0027352748926767756,3.480158627979339e-05,0.0,50.0,0.11116022417871589,0.0
2003-12-15,1068.0400390625,-0.005678938967685676,3.492063473141382e-05,0.0,50.0,0.11863492376858345,0.0
2003-12-16,1075.1300048828125,0.006638295907460456,3.4841270673842654e-05,0.0,50.0,0.10736826443207587,0.0
2003-12-17,1076.47998046875,0.001255639392265584,3.460317377060179e-05,0.0,50.0,0.10474557976498829,0.0
2003-12-18,1089.1800537109375,0.01179777931091408,3.424603078100416e-05,0.0,50.0,0.13986901579930908,0.0
2003-12-19,1088.6600341796875,-0.0004774412912522674,3.404761827181256e-05,0.0,50.0,0.12742617295308986,0.0
2003-12-22,1092.93994140625,0.003931353307910612,3.416666672343299e-05,0.0,50.0,0.13805685932654932,0.0
2003-12-23,1096.02001953125,0.0028181586273048342,3.500000115424868e-05,0.0,50.0,0.14294284856984033,0.0
2003-12-24,1094.0400390625,-0.001806518524722578,3.460317377060179e-05,0.0,50.0,0.1260180566135296,0.0
2003-12-26,1095.8900146484375,0.00169095784421458,3.361111122464377e-05,0.0,50.0,0.1272243132599363,0.0
2003-12-29,1109.47998046875,0.012400848295594846,3.4007936243026975e-05,0.0,50.0,0.1678285238362467,0.0
2003-12-30,1109.6400146484375,0.00014424251226219376,3.61904762093983e-05,0.0,50.0,0.1631827364213674,0.0
2003-12-31,1111.9200439453125,0.0020547468248948153,3.59920637002067e-05,0.0,50.0,0.16619509444637537,0.0
2004-01-02,1108.47998046875,-0.003093804716710058,3.57936511910151e-05,0.0,30.0,0.12440166232737686,0.0
2004-01-05,1122.219970703125,0.012395343602475073,3.57936511910151e-05,0.0,30.0,0.16515039520150765,0.0
2004-01-06,1123.6700439453125,0.0012921470656763745,3.575396916222951e-05,0.0,30.0,0.16364040823460907,0.0
2004-01-07,1126.3299560546875,0.002367164741738481,3.5158729269391014e-05,0.0,30.0,0.1698845584169464,0.0
2004-01-08,1131.9200439453125,0.0049630997209786365,3.361111122464377e-05,0.0,30.0,0.18443767488461615,0.0
2004-01-09,1121.8599853515625,-0.008887605310606284,3.3412698715452166e-05,0.0,30.0,0.12531540849371206,0.0
2004-01-12,1127.22998046875,0.004786689236896846,3.361111122464377e-05,0.0,30.0,0.14140921963009329,0.0
2004-01-13,1121.219970703125,-0.00533166245554062,3.420634875221858e-05,0.0,30.0,0.11164966889906279,0.0
2004-01-14,1130.52001953125,0.008294580074499347,3.404761827181256e-05,0.0,30.0,0.13703405116698325,0.0
2004-01-15,1132.050048828125,0.0013533854071061668,3.3809523733835374e-05,0.0,30.0,0.13784781729858542,0.0
2004-01-16,1139.8299560546875,0.0068724057161748675,3.420634875221858e-05,0.0,30.0,0.1615207101235594,0.0
2004-01-20,1138.77001953125,-0.0009299075864844797,3.4007936243026975e-05,0.0,30.0,0.13949514345490083,0.0
2004-01-21,1147.6199951171875,0.0077715214083178275,3.440476126141018e-05,0.0,30.0,0.16400973013624728,0.0
2004-01-22,1143.93994140625,-0.003206683158706869,3.3809523733835374e-05,0.0,30.0,0.13249529031193208,0.0
2004-01-23,1141.550048828125,-0.0020891766181247995,3.440476126141018e-05,0.0,30.0,0.11651180369625014,0.0
2004-01-26,1155.3699951171875,0.012106299065248738,3.500000115424868e-05,0.0,30.0,0.15507700772668084,0.0
2004-01-27,1144.050048828125,-0.009797680688353294,3.559523868182349e-05,0.0,30.0,0.10798005883229687,0.0
2004-01-28,1128.47998046875,-0.01360960420859536,3.638888871858991e-05,0.0,30.0,0.11028058222222846,0.0
2004-01-29,1134.1099853515625,0.00498901618128289,3.638888871858991e-05,0.0,30.0,0.09159112344237609,0.0
2004-01-30,1131.1300048828125,-0.0026275938905750973,3.559523868182349e-05,0.0,30.0,0.09618368403006658,0.0
2004-02-02,1135.260009765625,0.003651220341591488,3.57936511910151e-05,0.0,30.0,0.0853232667213487,0.0
2004-02-03,1136.030029296875,0.000678275923247762,3.61904762093983e-05,0.0,30.0,0.08544194375806954,0.0
2004-02-04,1126.52001953125,-0.008371266181679271,3.61904762093983e-05,0.0,30.0,0.10345192312479927,0.0
2004-02-05,1128.5899658203125,0.0018374695994518575,3.6150794180612717e-05,0.0,30.0,0.09124673982588882,0.0
2004-02-06,1142.760009765625,0.012555528911700975,3.59920637002067e-05,0.0,30.0,0.08801906596203077,0.0
2004-02-09,1139.81005859375,-0.0025814266745999292,3.61904762093983e-05,0.0,30.0,0.07663275191080794,0.0
2004-02-10,1145.5400390625,0.005027136254455833,3.654761919899592e-05,0.0,30.0,0.08539307555313955,0.0
2004-02-11,1157.760009765625,0.010667432203527172,3.6111112151827125e-05,0.0,30.0,0.12211250013564469,0.0
2004-02-12,1152.1099853515625,-0.004880134368439815,3.563492071060907e-05,0.0,30.0,0.09134425516322876,0.0
2004-02-13,1145.81005859375,-0.0054681643574940875,3.559523868182349e-05,0.0,30.0,0.07866347030761284,0.0
2004-02-17,1156.989990234375,0.009757229443723148,3.559523868182349e-05,0.0,30.0,0.09732273554332699,0.0
2004-02-18,1151.8199462890625,-0.004468529536945431,3.61904762093983e-05,0.0,30.0,0.08231924779609043,0.0
2004-02-19,1147.06005859375,-0.004132492852418457,3.61904762093983e-05,0.0,30.0,0.09063237939894021,0.0
2004-02-20,1144.1099853515625,-0.002571855954782487,3.634920668980432e-05,0.0,30.0,0.10233626502279884,0.0
2004-02-23,1140.989990234375,-0.002727006281855626,3.6785713736973116e-05,0.0,30.0,0.12234998506606794,0.0
2004-02-24,1139.0899658203125,-0.0016652419655953654,3.722222314940559e-05,0.0,30.0,0.14255790442708222,0.0
2004-02-25,1143.6700439453125,0.004020822114521705,3.722222314940559e-05,0.0,30.0,0.10063962045657902,0.0
2004-02-26,1144.9100341796875,0.0010842202617262764,3.698412624616472e-05,0.0,30.0,0.08402029324181828,0.0
2004-02-27,1144.93994140625,2.6121900996267655e-05,3.6785713736973116e-05,0.0,30.0,0.08288834362111681,0.0
2004-03-01,1155.969970703125,0.009633718676394176,3.714285672657073e-05,0.0,30.0,0.0793265264103027,0.0
2004-03-02,1149.0999755859375,-0.005943056732701124,3.7380951264547925e-05,0.0,30.0,0.07572304166518444,0.0
2004-03-03,1151.030029296875,0.001679622097244815,3.7380951264547925e-05,0.0,30.0,0.07077997526526078,0.0
2004-03-04,1154.8699951171875,0.0033361126317947853,3.7341269235762334e-05,0.0,30.0,0.07451546928463595,0.0
2004-03-05,1156.8599853515625,0.0017231292204220594,3.6944444217379126e-05,0.0,30.0,0.08036817081113756,0.0
2004-03-08,1147.199951171875,-0.00835021895649013,3.6785713736973116e-05,0.0,30.0,0.08376324503713743,0.0
2004-03-09,1140.5799560546875,-0.005770567816382077,3.698412624616472e-05,0.0,30.0,0.1212229899225844,0.0
2004-03-10,1123.8900146484375,-0.014632855257233457,3.7182538755356324e-05,0.0,30.0,0.303238153819989,0.0
2004-03-11,1106.780029296875,-0.01522389658112111,3.7182538755356324e-05,0.0,30.0,0.4826832126813971,0.0
2004-03-12,1120.5699462890625,0.012459492064514466,3.698412624616472e-05,0.0,30.0,0.28946380728380994,0.0
2004-03-15,1104.489990234375,-0.014349801284550545,3.698412624616472e-05,0.0,30.0,0.4891319221601819,0.0
2004-03-16,1110.699951171875,0.005622469187051893,3.722222314940559e-05,0.0,30.0,0.3806691730759653,0.0
2004-03-17,1123.75,0.011749391736585624,3.642857074737549e-05,0.0,30.0,0.15771020576294084,0.0
2004-03-18,1122.3199462890625,-0.0012725728239710854,3.638888871858991e-05,0.0,30.0,0.17306298943347637,0.0
2004-03-19,1109.780029296875,-0.011173210485700302,3.638888871858991e-05,0.0,30.0,0.3796523942971182,0.0
2004-03-22,1095.4000244140625,-0.012957527170427863,3.662698325656709e-05,0.0,30.0,0.5517574308267303,0.0
2004-03-23,1093.949951171875,-0.0013237841974333975,3.662698325656709e-05,0.0,30.0,0.5610378845881964,0.0
2004-03-24,1091.3299560546875,-0.0023949862737147054,3.642857074737549e-05,0.0,30.0,0.5772862484346664,0.0
2004-03-25,1109.18994140625,0.016365339604649698,3.638888871858991e-05,0.0,30.0,0.323290068196135,0.0
2004-03-26,1108.06005859375,-0.0010186558409170932,3.658730122778151e-05,0.0,30.0,0.3579573688446611,0.0
2004-03-29,1122.469970703125,0.01300463092917803,3.662698325656709e-05,0.0,30.0,0.1589715538081838,0.0
2004-03-30,1127.0,0.0040357688090642,3.702381064021399e-05,0.0,30.0,0.10765859803460967,0.0
2004-03-31,1126.2099609375,-0.0007010107031942825,3.662698325656709e-05,0.0,30.0,0.12342812840276901,0.0
2004-04-01,1132.1700439453125,0.005292159734452184,3.634920668980432e-05,0.0,30.0,0.08926341009903797,0.0
2004-04-02,1141.81005859375,0.008514634970242296,3.6785713736973116e-05,0.0,30.0,0.090492557562586,0.0
2004-04-05,1150.5699462890625,0.007671930746608657,3.61904762093983e-05,0.0,30.0,0.11005833831522327,0.0
2004-04-06,1148.1600341796875,-0.0020945376829524243,3.642857074737549e-05,0.0,30.0,0.08623425441470528,0.0
2004-04-07,1140.530029296875,-0.006645419328032753,3.642857074737549e-05,0.0,30.0,0.06712866248946528,0.0
2004-04-08,1139.3199462890625,-0.001060983031335394,3.6230158238183885e-05,0.0,30.0,0.08160720054042124,0.0
2004-04-12,1145.199951171875,0.005160977741120565,3.61904762093983e-05,0.0,30.0,0.06799842575528929,0.0
2004-04-13,1129.43994140625,-0.013761797448120672,3.658730122778151e-05,0.0,30.0,0.16321632328488764,0.0
2004-04-14,1128.1700439453125,-0.0011243603261952284,3.706349266899957e-05,0.0,30.0,0.19385040494841962,0.0
2004-04-15,1128.8399658203125,0.0005938128552476218,3.6785713736973116e-05,0.0,30.0,0.15480582308577867,0.0
2004-04-16,1134.6099853515625,0.005111459290916498,3.638888871858991e-05,0.0,30.0,0.08332763087880606,0.0
2004-04-19,1135.8199462890625,0.001066411324702976,3.658730122778151e-05,0.0,30.0,0.07251328481346397,0.0
2004-04-20,1118.1500244140625,-0.015556974441883087,3.7579366139003204e-05,0.0,30.0,0.30417319494407097,0.0
2004-04-21,1124.0899658203125,0.005312293767880227,3.837301617576962e-05,0.0,30.0,0.1806565039859053,0.0
2004-04-22,1139.9300537109375,0.014091476992293517,3.7182538755356324e-05,0.0,30.0,0.05779991742923082,0.0
2004-04-23,1140.5999755859375,0.0005876868258882784,3.7777778648194805e-05,0.0,30.0,0.061073772904135855,0.0
2004-04-26,1135.530029296875,-0.004444981937210768,3.742063565859719e-05,0.0,30.0,0.06822929319485269,0.0
2004-04-27,1138.1099853515625,0.00227202802931159,3.817460366657801e-05,0.0,30.0,0.06379690130836946,0.0
2004-04-28,1122.4100341796875,-0.013794757425861004,3.7619048167788795e-05,0.0,30.0,0.25688175723597945,0.0
2004-04-29,1113.8900146484375,-0.0075908262326582765,3.7658730196574386e-05,0.0,30.0,0.4055301497509461,0.0
2004-04-30,1107.300048828125,-0.005916172812081788,3.7777778648194805e-05,0.0,30.0,0.5052388494425674,0.0
2004-05-03,1117.489990234375,0.009202511475578934,3.805555521495759e-05,0.0,30.0,0.30973563873016474,0.0
2004-05-04,1119.550048828125,0.0018434693927933399,3.912698418375046e-05,0.0,30.0,0.25477735773655913,0.0
2004-05-05,1121.530029296875,0.0017685502053459423,3.837301617576962e-05,0.0,30.0,0.21312606683237947,0.0
2004-05-06,1113.989990234375,-0.006722993469222671,3.853174665617564e-05,0.0,30.0,0.33642423754246986,0.0
2004-05-07,1098.699951171875,-0.013725472577435949,4.1150791304452076e-05,0.0,30.0,0.5724346222973565,0.0
2004-05-10,1087.1199951171875,-0.010539689241213068,4.075396628606887e-05,0.0,30.0,0.654540787175089,0.0
2004-05-11,1095.449951171875,0.007662407178693709,4.0912699131738576e-05,0.0,30.0,0.5807969860809907,0.0
2004-05-12,1097.280029296875,0.0016706177430034774,3.996031624930246e-05,0.0,30.0,0.5153548119714927,0.0
2004-05-13,1096.43994140625,-0.0007656093870251901,3.8888889645773273e-05,0.0,30.0,0.5248384331792075,0.0
2004-05-14,1095.699951171875,-0.0006749026612674625,3.8452380233340796e-05,0.0,30.0,0.5278586207414571,0.0
2004-05-17,1084.0999755859375,-0.010586817653437941,3.876984119415283e-05,0.0,30.0,0.6524317940381098,0.0
2004-05-18,1091.489990234375,0.0068167279908324385,4.075396628606887e-05,0.0,30.0,0.561868304362336,0.0
2004-05-19,1088.6800537109375,-0.002574404299240607,4.031746160416376e-05,0.0,30.0,0.6028486144611604,0.0
2004-05-20,1089.18994140625,0.00046835403438727496,3.984126779768202e-05,0.0,30.0,0.5711783376657337,0.0
2004-05-21,1093.56005859375,0.004012263629480151,3.984126779768202e-05,0.0,30.0,0.4856746548464474,0.0
2004-05-24,1095.4100341796875,0.001691700031835941,4.015872875849406e-05,0.0,30.0,0.4361557051022379,0.0
2004-05-25,1113.050048828125,0.01610357226793835,4.1944446071745856e-05,0.0,30.0,0.19224116387056428,0.0
2004-05-26,1114.93994140625,0.0016979403398029724,4.1746033562554255e-05,0.0,30.0,0.17033812796108025,0.0
2004-05-27,1121.280029296875,0.005686483778335472,4.123016009255061e-05,0.0,30.0,0.14412695103629278,0.0
2004-05-28,1120.6800537109375,-0.0005350809523592126,4.1746033562554255e-05,0.0,30.0,0.13340703564234332,0.0
2004-06-01,1121.199951171875,0.00046391247815646963,4.337301803013635e-05,0.0,30.0,0.12692449430320168,0.0
2004-06-02,1124.989990234375,0.0033803418012448017,4.531745872800312e-05,0.0,30.0,0.11926855524116418,0.0
2004-06-03,1116.6400146484375,-0.0074222665609654515,4.551587123719473e-05,0.0,30.0,0.16164853173519178,0.0
2004-06-04,1122.5,0.005247873329532693,4.6706351022871716e-05,0.0,30.0,0.12878158732808384,0.0
2004-06-07,1140.4200439453125,0.015964404405623522,4.6984127589634485e-05,0.0,30.0,0.12545980489162428,0.0
2004-06-08,1142.1800537109375,0.0015432995719157905,4.9285713642362564e-05,0.0,30.0,0.1175148920810886,0.0
2004-06-09,1131.3299560546875,-0.00949946343485697,4.9285713642362564e-05,0.0,30.0,0.08929691861855375,0.0
2004-06-10,1136.469970703125,0.004543338237380734,5.027777618832059e-05,0.0,30.0,0.08383358240584778,0.0
2004-06-14,1125.2900390625,-0.009837419314923102,5.3134920105101576e-05,0.0,30.0,0.12567953388751535,0.0
2004-06-15,1132.010009765625,0.005971767695307717,5.206349350157238e-05,0.0,30.0,0.08879409781071634,0.0
2004-06-16,1133.56005859375,0.0013692889769110206,5.0674601206703795e-05,0.0,30.0,0.08855218291855808,0.0
2004-06-17,1132.050048828125,-0.0013320950700206335,4.9285713642362564e-05,0.0,30.0,0.0876808933333923,0.0
2004-06-18,1135.02001953125,0.002623533037430237,4.948412615155417e-05,0.0,30.0,0.0810334448160197,0.0
2004-06-21,1130.300048828125,-0.004158491147208343,4.9126985527220226e-05,0.0,30.0,0.11376536621418276,0.0
2004-06-22,1134.4100341796875,0.003636189661164524,5.130952312832787e-05,0.0,30.0,0.0878019088028539,0.0
2004-06-23,1144.06005859375,0.008506645854063244,4.9880951169937386e-05,0.0,30.0,0.0778219901113912,0.0
2004-06-24,1140.6500244140625,-0.0029806426280444276,4.976190271831694e-05,0.0,30.0,0.07058485348917913,0.0
2004-06-25,1134.4300537109375,-0.005453005365357422,5.047618869751219e-05,0.0,30.0,0.11398682093144161,0.0
2004-06-28,1133.3499755859375,-0.0009520887792657806,5.0873013715895396e-05,0.0,30.0,0.1536995484704045,0.0
2004-06-29,1136.199951171875,0.0025146474145940623,5.365079357510521e-05,0.0,30.0,0.11723979385890221,0.0
2004-06-30,1140.8399658203125,0.004083801133464071,5.1706348146711075e-05,0.0,30.0,0.08881051724317929,0.0
2004-07-01,1128.93994140625,-0.010430932269721027,4.750000105963813e-05,0.0,30.0,0.19518676158087092,0.0
2004-07-02,1125.3800048828125,-0.003153344471985897,5.011904807317824e-05,0.0,30.0,0.25506386797376573,0.0
2004-07-06,1116.2099609375,-0.008148397790546658,4.976190271831694e-05,0.0,30.0,0.39793390520260724,0.0
2004-07-07,1118.3299560546875,0.001899279876885318,5.031746058236985e-05,0.0,30.0,0.3444960623396014,0.0
2004-07-08,1109.1099853515625,-0.008244410026940319,4.964285899722387e-05,0.0,30.0,0.4789901316497742,0.0
2004-07-09,1112.81005859375,0.003336074231641284,4.948412615155417e-05,0.0,30.0,0.40787592734726624,0.0
2004-07-12,1114.3499755859375,0.001383809375459455,5.007936367912898e-05,0.0,30.0,0.3559239609557517,0.0
2004-07-13,1115.1400146484375,0.0007089685285670555,5.2182541953192816e-05,0.0,30.0,0.32566010538664375,0.0
2004-07-14,1111.469970703125,-0.003291105957191842,5.2261906010763984e-05,0.0,30.0,0.38375023175073847,0.0
2004-07-15,1106.68994140625,-0.0043006373747112026,5.2261906010763984e-05,0.0,30.0,0.4591607170278076,0.0
2004-07-16,1101.3900146484375,-0.004788989724690218,5.206349350157238e-05,0.0,30.0,0.5222605732544204,0.0
2004-07-19,1100.9000244140625,-0.00044488349073279476,5.166666848318917e-05,0.0,30.0,0.5195823717398977,0.0
2004-07-20,1108.6700439453125,0.007057879334125161,5.285714353833879e-05,0.0,30.0,0.4017863117475113,0.0
2004-07-21,1093.8800048828125,-0.013340343362997498,5.2460318519955585e-05,0.0,30.0,0.5936261089238387,0.0
2004-07-22,1096.8399658203125,0.002705928369005184,5.293650759590997e-05,0.0,30.0,0.5405472998477873,0.0
2004-07-23,1086.199951171875,-0.00970060809233908,5.309524044157967e-05,0.0,30.0,0.6349743053576669,0.0
2004-07-26,1084.0699462890625,-0.0019609694149907986,5.523809364863804e-05,0.0,30.0,0.6415133863227646,0.0
2004-07-27,1094.8299560546875,0.009925567812721026,5.7023810961889844e-05,0.0,30.0,0.539790615857553,0.0
2004-07-28,1095.4200439453125,0.0005389767491852382,5.6349204646216496e-05,0.0,30.0,0.499086361451352,0.0
2004-07-29,1100.4300537109375,0.004573596944219327,5.6031743685404457e-05,0.0,30.0,0.40211289151067353,0.0
2004-07-30,1101.719970703125,0.0011721935327353439,5.6031743685404457e-05,0.0,30.0,0.36569544477033933,0.0
2004-08-02,1106.6199951171875,0.0044476133176885035,5.682539845269824e-05,0.0,30.0,0.28846485284569146,0.0
2004-08-03,1099.68994140625,-0.0062623608298381095,5.781746099865626e-05,0.0,30.0,0.40330071584330285,0.0
2004-08-04,1098.6300048828125,-0.0009638503395621445,5.761904848946465e-05,0.0,30.0,0.4189359851380913,0.0
2004-08-05,1080.699951171875,-0.0163203750409584,5.7301587528652614e-05,0.0,30.0,0.6520546291233049,0.0
2004-08-06,1063.969970703125,-0.015480689575870343,5.579365151269095e-05,0.0,30.0,0.7151508478433704,0.0
2004-08-09,1065.219970703125,0.0011748451877584554,5.7301587528652614e-05,0.0,30.0,0.7120768236335756,0.0
2004-08-10,1079.0400390625,0.012973910309109993,5.841269852623107e-05,0.0,30.0,0.6633631878981449,0.0
2004-08-11,1075.7900390625,-0.0030119364271447013,5.615079213702489e-05,0.0,30.0,0.6855845577925395,0.0
2004-08-12,1063.22998046875,-0.011675195100984137,5.587301557026213e-05,0.0,30.0,0.7494159585361496,0.0
2004-08-13,1064.800048828125,0.001476696846605785,5.559523900349934e-05,0.0,30.0,0.7377224840348693,0.0
2004-08-16,1079.3399658203125,0.013655067923963315,5.6626985943506636e-05,0.0,30.0,0.6089660498328794,0.0
2004-08-17,1081.7099609375,0.00219578185950553,5.769841254703582e-05,0.0,30.0,0.558063547485749,0.0
2004-08-18,1095.1700439453125,0.012443338319771735,5.742063598027305e-05,0.0,30.0,0.3466214266469487,0.0
2004-08-19,1091.22998046875,-0.0035976727982519607,5.7222223471081445e-05,0.0,30.0,0.4049747445876085,0.0
2004-08-20,1098.3499755859375,0.006524742945688722,5.769841254703582e-05,0.0,30.0,0.30283731305460765,0.0
2004-08-23,1095.6800537109375,-0.0024308480305429425,5.8611111035422676e-05,0.0,30.0,0.3514844078415974,0.0
2004-08-24,1096.18994140625,0.000465361848639656,6.01984111089555e-05,0.0,30.0,0.3421004658261379,0.0
2004-08-25,1104.9599609375,0.008000456125331068,5.99999985997639e-05,0.0,30.0,0.24501278205473792,0.0
2004-08-26,1105.0899658203125,0.00011765574084887653,6.01587314454336e-05,0.0,30.0,0.24025684325607682,0.0
2004-08-27,1107.77001953125,0.0024251905218848346,6.039682361814711e-05,0.0,30.0,0.22253994685289694,0.0
2004-08-30,1099.1500244140625,-0.007781394120807694,6.119047838544088e-05,0.0,30.0,0.3239916035011087,0.0
2004-08-31,1104.239990234375,0.004630819912892159,6.22222205949208e-05,0.0,30.0,0.25237398920160103,0.0
2004-09-01,1105.9100341796875,0.0015123921974227184,6.13888908946325e-05,0.0,30.0,0.23646794182552877,0.0
2004-09-02,1118.31005859375,0.011212507374761538,6.20238080857292e-05,0.0,30.0,0.17884733999049787,0.0
2004-09-03,1113.6300048828125,-0.004184933932207091,6.396825351412333e-05,0.0,30.0,0.19441819304324895,0.0
2004-09-07,1121.300048828125,0.006887425726392449,6.337301598654853e-05,0.0,30.0,0.16720572437937997,0.0
2004-09-08,1116.27001953125,-0.00448589055367643,6.396825351412333e-05,0.0,30.0,0.19157064010783528,0.0
2004-09-09,1118.3800048828125,0.0018902105356628507,6.380952539898101e-05,0.0,30.0,0.17721691709067489,0.0
2004-09-10,1123.9200439453125,0.004953628496854767,6.440476292655581e-05,0.0,30.0,0.15369645030812323,0.0
2004-09-13,1125.8199462890625,0.0016904248251332632,6.412698635979305e-05,0.0,30.0,0.15509274321612485,0.0
2004-09-14,1128.3299560546875,0.002229494844089963,6.440476292655581e-05,0.0,30.0,0.1499438833710871,0.0
2004-09-15,1120.3699951171875,-0.007054639376351202,6.476190355088976e-05,0.0,30.0,0.17894510247532167,0.0
2004-09-16,1123.5,0.002793724302198042,6.476190355088976e-05,0.0,30.0,0.16711664260327452,0.0
2004-09-17,1128.550048828125,0.004494925525700966,6.619047550928025e-05,0.0,30.0,0.14825946156729963,0.0
2004-09-20,1122.199951171875,-0.0056267754033982875,6.599206300008865e-05,0.0,30.0,0.1796015395471179,0.0
2004-09-21,1129.300048828125,0.006326945255019423,6.678571303685506e-05,0.0,30.0,0.14270284345042045,0.0
2004-09-22,1113.56005859375,-0.013937828348372427,6.642857241252112e-05,0.0,30.0,0.28702020110226983,0.0
2004-09-23,1108.3599853515625,-0.0046697734909371125,6.690476148847549e-05,0.0,30.0,0.3741100109502934,0.0
2004-09-24,1110.1099853515625,0.001578909400491213,6.710317399766709e-05,0.0,30.0,0.3446545329402384,0.0
2004-09-27,1103.52001953125,-0.005936317939006286,6.674603337333316e-05,0.0,30.0,0.442218656423052,0.0
2004-09-28,1110.06005859375,0.005926525071360267,6.694444588252476e-05,0.0,30.0,0.3319356629528849,0.0
2004-09-29,1114.800048828125,0.0042700304345510975,6.666666458523462e-05,0.0,30.0,0.24674611868547464,0.0
2004-09-30,1114.5799560546875,-0.0001974280263701278,6.642857241252112e-05,0.0,30.0,0.24329543200986392,0.0
2004-10-01,1131.5,0.015180646173832857,6.575396609684778e-05,0.0,30.0,0.13175651540594557,0.0
2004-10-04,1135.1700439453125,0.0032435209415047073,6.551587392413427e-05,0.0,30.0,0.1302974173102472,0.0
2004-10-05,1134.47998046875,-0.0006078943681108173,6.630952396090069e-05,0.0,30.0,0.1241103434622015,0.0
2004-10-06,1142.050048828125,0.00667272097322269,6.638888801847186e-05,0.0,30.0,0.1188686424931172,0.0
2004-10-07,1130.6500244140625,-0.00998207077330826,6.595237860603938e-05,0.0,30.0,0.13566817283445184,0.0
2004-10-08,1122.1400146484375,-0.0075266524405155355,6.575396609684778e-05,0.0,30.0,0.23467804611099172,0.0
2004-10-11,1124.3900146484375,0.002005097377001386,6.575396609684778e-05,0.0,30.0,0.20481837238780917,0.0
2004-10-12,1121.8399658203125,-0.0022679397672544788,6.559523798170544e-05,0.0,30.0,0.2338977907652448,0.0
2004-10-13,1113.6500244140625,-0.007300454303445503,6.694444588252476e-05,0.0,30.0,0.36536815956751917,0.0
2004-10-14,1103.2900390625,-0.00930272987423797,6.734127090090797e-05,0.0,30.0,0.5151284466621232,0.0
2004-10-15,1108.199951171875,0.004450246023744775,6.793650842848277e-05,0.0,30.0,0.4271395475353786,0.0
2004-10-18,1114.02001953125,0.005251821526630174,6.89285709744408e-05,0.0,30.0,0.30696304694408055,0.0
2004-10-19,1103.22998046875,-0.009685677881300703,7.071428355716523e-05,0.0,30.0,0.48866642800429777,0.0
2004-10-20,1103.6600341796875,0.00038981329237874895,7.091269606635684e-05,0.0,30.0,0.44337784666994207,0.0
2004-10-21,1106.489990234375,0.0025641555977795605,7.130952581526742e-05,0.0,30.0,0.3729831945954496,0.0
2004-10-22,1095.739990234375,-0.009715406460859999,7.170635083365063e-05,0.0,30.0,0.5379199907789929,0.0
2004-10-25,1094.800048828125,-0.0008578142758566276,7.269841337960863e-05,0.0,30.0,0.5388224882004093,0.0
2004-10-26,1111.0899658203125,0.01487935354919312,7.436507751071265e-05,0.0,30.0,0.2812651560848408,0.0
2004-10-27,1125.4000244140625,0.012879297837223191,7.448412596233305e-05,0.0,30.0,0.15544087564820372,0.0
2004-10-28,1127.43994140625,0.0018126150239330396,7.408730094394988e-05,0.0,30.0,0.14598025296370945,0.0
2004-10-29,1130.199951171875,0.0024480326306184352,7.408730094394988e-05,0.0,30.0,0.14044853918355552,0.0
2004-11-01,1130.510009765625,0.00027433959223621684,7.468253847152467e-05,0.0,30.0,0.1406452961202449,0.0
2004-11-02,1130.56005859375,4.427101723347704e-05,7.710317297587319e-05,0.0,30.0,0.1498029194212562,0.0
2004-11-03,1143.199951171875,0.011180204432347685,7.611111042991518e-05,0.0,30.0,0.14947774193729008,0.0
2004-11-04,1161.6700439453125,0.016156484921560743,7.686508080315969e-05,0.0,30.0,0.19100660146788262,0.0
2004-11-05,1166.1700439453125,0.0038737333578102717,7.865079338588413e-05,0.0,30.0,0.19010760568851298,0.0
2004-11-08,1164.8900146484375,-0.001097635206392833,7.94444481531779e-05,0.0,30.0,0.15372539975809496,0.0
2004-11-09,1164.0799560546875,-0.0006953949158835515,8.083333098699176e-05,0.0,30.0,0.12478047897454454,0.0
2004-11-10,1162.9100341796875,-0.0010050184859853317,8.051587475670708e-05,0.0,30.0,0.1087673494860832,0.0
2004-11-11,1173.47998046875,0.009089220987346991,8.051587475670708e-05,0.0,30.0,0.13336166767089427,0.0
2004-11-12,1184.1700439453125,0.009109710991654252,8.079365132346986e-05,0.0,30.0,0.16067506654155153,0.0
2004-11-15,1183.81005859375,-0.0003039980224149863,8.162698102375818e-05,0.0,30.0,0.13777666136645117,0.0
2004-11-16,1175.4300537109375,-0.007078842439273703,8.297619365510486e-05,0.0,30.0,0.08504440759800537,0.0
2004-11-17,1181.93994140625,0.005538302917098559,8.253967951214503e-05,0.0,30.0,0.10153264514021174,0.0
2004-11-18,1183.550048828125,0.0013622582378927106,8.281745607890782e-05,0.0,30.0,0.09942615705377492,0.0
2004-11-19,1170.3399658203125,-0.011161406330803092,8.31746014337691e-05,0.0,30.0,0.06280752019912124,0.0
2004-11-22,1177.239990234375,0.0058957436433662025,8.42063483737764e-05,0.0,30.0,0.06463775561008198,0.0
2004-11-23,1176.93994140625,-0.0002548748178909932,8.468254218025813e-05,0.0,30.0,0.05676979882644326,0.0
2004-11-24,1181.760009765625,0.004095424235170286,8.46031733921596e-05,0.0,30.0,0.06557925486049532,0.0
2004-11-26,1182.6500244140625,0.0007531263886768613,8.539682342892602e-05,0.0,30.0,0.06913950921620317,0.0
2004-11-29,1178.5699462890625,-0.003449945495939466,8.559524066864496e-05,0.0,30.0,0.062479509805529874,0.0
2004-11-30,1173.8199462890625,-0.00403030809919791,8.658729848407565e-05,0.0,30.0,0.08662872040032268,0.0
2004-12-01,1191.3699951171875,0.014951227301604586,8.619047346569243e-05,0.0,30.0,0.08198668387397613,0.0
2004-12-02,1190.3299560546875,-0.0008729773846601896,8.619047346569243e-05,0.0,30.0,0.07634992518807812,0.0
2004-12-03,1191.1700439453125,0.000705760521569454,8.599206568702819e-05,0.0,30.0,0.07300015212411964,0.0
2004-12-06,1190.25,-0.0007723867385592831,8.666666727217417e-05,0.0,30.0,0.06874456436564855,0.0
2004-12-07,1177.0699462890625,-0.011073349053507653,8.738094852084208e-05,0.0,30.0,0.10696932747341294,0.0
2004-12-08,1182.81005859375,0.004876611048293622,8.718254074217781e-05,0.0,30.0,0.06355267265967457,0.0
2004-12-09,1189.239990234375,0.005436148935247909,8.718254074217781e-05,0.0,30.0,0.05109937642380972,0.0
2004-12-10,1188.0,-0.0010426745186483677,8.734126885732017e-05,0.0,30.0,0.05495802900502193,0.0
2004-12-13,1198.6800537109375,0.008989944201125866,8.64682500324552e-05,0.0,30.0,0.06573085839394517,0.0
2004-12-14,1203.3800048828125,0.003920938833781973,8.638889070541139e-05,0.0,30.0,0.07626456958561056,0.0
2004-12-15,1205.719970703125,0.0019444945161277705,8.599206568702819e-05,0.0,30.0,0.08298455234494732,0.0
2004-12-16,1203.2099609375,-0.00208175183841508,8.551587188054645e-05,0.0,30.0,0.06253053216340529,0.0
2004-12-17,1194.199951171875,-0.007488310484568106,8.539682342892602e-05,0.0,30.0,0.052599130038427165,0.0
2004-12-20,1194.6500244140625,0.0003768826499663813,8.563492033216687e-05,0.0,30.0,0.057168911452236584,0.0
2004-12-21,1205.449951171875,0.00904024319851282,8.619047346569243e-05,0.0,30.0,0.056875213100959436,0.0
2004-12-22,1209.5699462890625,0.0034178068638870407,8.519841565026177e-05,0.0,30.0,0.06661835547186469,0.0
2004-12-23,1210.1300048828125,0.0004630229078261827,8.519841565026177e-05,0.0,30.0,0.06954367243653749,0.0
2004-12-27,1204.9200439453125,-0.004305290271688245,8.658729848407565e-05,0.0,30.0,0.06688363068909706,0.0
2004-12-28,1213.5400390625,0.007153997612125984,8.773809387570336e-05,0.0,30.0,0.07173358913425633,0.0
2004-12-29,1213.449951171875,-7.423561458641537e-05,8.658729848407565e-05,0.0,30.0,0.06659731766015485,0.0
2004-12-30,1213.550048828125,8.249013991323828e-05,8.611111413864862e-05,0.0,30.0,0.07507963136355493,0.0
2004-12-31,1211.9200439453125,-0.0013431707117366187,8.658729848407565e-05,0.0,30.0,0.08864749346857138,0.0
2005-01-03,1202.0799560546875,-0.00811942003912347,8.746031730894059e-05,0.0,20.0,0.11075598131171122,0.0
2005-01-04,1188.050048828125,-0.0116713594265474,9.095238314734564e-05,0.0,20.0,0.2368524446022059,0.0
2005-01-05,1183.739990234375,-0.003627842613197485,9.055555812896242e-05,0.0,20.0,0.3007704892281734,0.0
2005-01-06,1187.8900146484375,0.003505858083953761,8.996031587086026e-05,0.0,20.0,0.22572172772364757,0.0
2005-01-07,1186.18994140625,-0.0014311705807971142,9.035714088924347e-05,0.0,20.0,0.24720844656854885,0.0
2005-01-10,1190.25,0.0034227727381810347,9.019841277410113e-05,0.0,20.0,0.1840625988685668,0.0
2005-01-11,1182.989990234375,-0.006099567120878002,9.134920816572886e-05,0.0,20.0,0.27019348090944306,0.0
2005-01-12,1187.699951171875,0.003981403880320977,9.095238314734564e-05,0.0,20.0,0.1744034652805659,0.0
2005-01-13,1177.449951171875,-0.008630125807352784,9.134920816572886e-05,0.0,20.0,0.3099522090138685,0.0
2005-01-14,1184.52001953125,0.00600455955884871,9.206348941439675e-05,0.0,20.0,0.18486826409617987,0.0
2005-01-18,1195.97998046875,0.009674771847279606,9.134920816572886e-05,0.0,20.0,0.07110608365584714,0.0
2005-01-19,1184.6300048828125,-0.009490104994474113,9.234126598115952e-05,0.0,20.0,0.18421750098112108,0.0
2005-01-20,1175.4100341796875,-0.007782996095930472,9.154761594439309e-05,0.0,20.0,0.32446348583841317,0.0
2005-01-21,1167.8699951171875,-0.006414815973357024,9.134920816572886e-05,0.0,20.0,0.43694988967994713,0.0
2005-01-24,1163.75,-0.0035277857419173664,9.130952850220695e-05,0.0,20.0,0.4860091680964211,0.0
2005-01-25,1168.4100341796875,0.004004325825724964,9.369047861250617e-05,0.0,20.0,0.4089715474477569,0.0
2005-01-26,1174.0699462890625,0.0048441146034394755,9.384920672764854e-05,0.0,20.0,0.3012400798772684,0.0
2005-01-27,1174.550048828125,0.0004089215813589675,9.472222555251348e-05,0.0,20.0,0.2727884320144185,0.0
2005-01-28,1171.3599853515625,-0.0027159876922616677,9.551587558927988e-05,0.0,20.0,0.31510143109924904,0.0
2005-01-31,1181.27001953125,0.008460280617075266,9.611110838632734e-05,0.0,20.0,0.16550707149452504,0.0
2005-02-01,1189.4100341796875,0.006890900906523889,9.76984084598602e-05,0.0,20.0,0.10259795066994329,0.0
2005-02-02,1193.18994140625,0.003177968167360712,9.753968034471785e-05,0.0,20.0,0.0945348249602272,0.0
2005-02-03,1189.8900146484375,-0.002765634073250145,9.650793340471055e-05,0.0,20.0,0.10059315739884044,0.0
2005-02-04,1203.030029296875,0.01104304976651127,9.611110838632734e-05,0.0,20.0,0.08278253547089977,0.0
2005-02-07,1201.719970703125,-0.0010889658294861437,9.670635064442953e-05,0.0,20.0,0.07401633571184704,0.0
2005-02-08,1202.300048828125,0.00048270656986804106,9.781745691148062e-05,0.0,20.0,0.07413106148104912,0.0
2005-02-09,1191.989990234375,-0.00857527919407397,9.789682569957914e-05,0.0,20.0,0.11575666984237835,0.0
2005-02-10,1197.010009765625,0.004211461146802931,9.789682569957914e-05,0.0,20.0,0.08342249145756885,0.0
2005-02-11,1205.300048828125,0.00692562217096504,9.896825230310834e-05,0.0,20.0,0.06990583783989056,0.0
2005-02-14,1206.1400146484375,0.0006968935420927913,9.849206795768133e-05,0.0,20.0,0.07155930668079462,0.0
2005-02-15,1210.1199951171875,0.0032997665448568636,0.00010047619304959735,0.0,20.0,0.07830948239638447,0.0
2005-02-16,1210.3399658203125,0.00018177594289214838,0.00010027777580987839,0.0,20.0,0.0841330515285534,0.0
2005-02-17,1200.75,-0.007923365410653749,0.00010027777580987839,0.0,20.0,0.09185160439214855,0.0
2005-02-18,1201.5899658203125,0.0006995343079845284,0.00010126984308636378,0.0,20.0,0.09515468258102405,0.0
2005-02-22,1184.1600341796875,-0.014505723363565037,0.0001021031727866521,0.0,20.0,0.27347128451359193,0.0
2005-02-23,1190.800048828125,0.005607362566527829,0.00010416666666666666,0.0,20.0,0.1739074176714758,0.0
2005-02-24,1200.199951171875,0.007893770539395328,0.00010464286047314841,0.0,20.0,0.09157549961404679,0.0
2005-02-25,1211.3699951171875,0.00930681919658971,0.0001061507917585827,0.0,20.0,0.07592685520941465,0.0
2005-02-28,1203.5999755859375,-0.006414241365205964,0.00010674603401668488,0.0,20.0,0.06834906560136708,0.0
2005-03-01,1210.4100341796875,0.0056580747190815295,0.00010682539334372869,0.0,20.0,0.06324385662364533,0.0
2005-03-02,1210.0799560546875,-0.00027269942885399523,0.00010623016054668125,0.0,20.0,0.051913663329847475,0.0
2005-03-03,1210.469970703125,0.0003223048580269783,0.00010682539334372869,0.0,20.0,0.05957890416591066,0.0
2005-03-04,1222.1199951171875,0.009624381187494757,0.00010682539334372869,0.0,20.0,0.07098703311169413,0.0
2005-03-07,1225.31005859375,0.0026102702593100435,0.00010623016054668125,0.0,20.0,0.07902585062786503,0.0
2005-03-08,1219.4300537109375,-0.004798789368921641,0.00010682539334372869,0.0,20.0,0.055213710041640614,0.0
2005-03-09,1207.010009765625,-0.01018512206380029,0.00010682539334372869,0.0,20.0,0.10845793967322982,0.0
2005-03-10,1209.25,0.0018558174466258848,0.00010662698556506445,0.0,20.0,0.08719841923182302,0.0
2005-03-11,1200.0799560546875,-0.007583249076131948,0.00010682539334372869,0.0,20.0,0.18423934411200488,0.0
2005-03-14,1206.8299560546875,0.0056246252309646305,0.00010761904338049512,0.0,20.0,0.0973212180745493,0.0
2005-03-15,1197.75,-0.007523807317785902,0.0001086111106569805,0.0,20.0,0.21088066299479924,0.0
2005-03-16,1188.0699462890625,-0.00808186492251095,0.00010841270287831624,0.0,20.0,0.35444867747832065,0.0
2005-03-17,1190.2099609375,0.0018012530786775116,0.00010821428563859729,0.0,20.0,0.2973749517362289,0.0
2005-03-18,1189.6500244140625,-0.00047045188816641215,0.00010880952789669945,0.0,20.0,0.29908458839213675,0.0
2005-03-21,1183.780029296875,-0.004934220146028734,0.00010940476069374691,0.0,20.0,0.3846662650855899,0.0
2005-03-22,1171.7099609375,-0.010196208806246054,0.00011119047800699869,0.0,20.0,0.5364677660599336,0.0
2005-03-23,1172.530029296875,0.0006998902345414226,0.00010956348880888923,0.0,20.0,0.4999621318019179,0.0
2005-03-24,1171.4200439453125,-0.0009466583574222476,0.00010992063416375054,0.0,20.0,0.5138013508281484,0.0
2005-03-28,1174.280029296875,0.002441468682685466,0.00011000000295184907,0.0,20.0,0.4609023613962222,0.0
2005-03-29,1165.3599853515625,-0.007596181253847534,0.00011000000295184907,0.0,20.0,0.5584760810431585,0.0
2005-03-30,1181.4100341796875,0.013772610206178593,0.00010960317793346585,0.0,20.0,0.343781137674919,0.0
2005-03-31,1180.5899658203125,-0.0006941437228814573,0.00010801586839887831,0.0,20.0,0.3808406676290873,0.0
2005-04-01,1172.9200439453125,-0.006496685637735977,0.00010821428563859729,0.0,20.0,0.5002951126609129,0.0
2005-04-04,1176.1199951171875,0.002728192077877223,0.00010666666522858635,0.0,20.0,0.4207382057334843,0.0
2005-04-05,1181.3900146484375,0.004480851914030248,0.00010825396530211923,0.0,20.0,0.3159394570571254,0.0
2005-04-06,1184.0699462890625,0.002268456316200096,0.00010722221836211192,0.0,20.0,0.27903254187365134,0.0
2005-04-07,1191.1400146484375,0.005970988776071051,0.0001071428590350681,0.0,20.0,0.19056464450952512,0.0
2005-04-08,1181.199951171875,-0.008345000045604456,0.00010761904338049512,0.0,20.0,0.32532756469639584,0.0
2005-04-11,1181.2099609375,8.474234709510142e-06,0.00010702381058344766,0.0,20.0,0.3152758919880171,0.0
2005-04-12,1187.760009765625,0.005545202838389773,0.00010742063560183086,0.0,20.0,0.22292331264949142,0.0
2005-04-13,1173.7900390625,-0.011761610584853477,0.00010781746062021408,0.0,20.0,0.4250235695496647,0.0
2005-04-14,1162.050048828125,-0.010001780423824047,0.00010761904338049512,0.0,20.0,0.5868053739557483,0.0
2005-04-15,1142.6199951171875,-0.016720496445511768,0.00010809523718697683,0.0,20.0,0.6992350802630313,0.0
2005-04-18,1145.97998046875,0.0029405973691347675,0.0001115873030253819,0.0,20.0,0.6852404666051091,0.0
2005-04-19,1152.780029296875,0.00593382863926073,0.00011297618585919577,0.0,20.0,0.6289588112363547,0.0
2005-04-20,1137.5,-0.0132549392846395,0.00011138888578566294,0.0,20.0,0.7173613468402618,0.0
2005-04-21,1159.949951171875,0.019736220810439464,0.00011178571080404614,0.0,20.0,0.553287953656999,0.0
2005-04-22,1152.1199951171875,-0.006750253359446234,0.00011341270000215561,0.0,20.0,0.6632016871782763,0.0
2005-04-25,1162.0999755859375,0.008662275206615888,0.00011238095306214832,0.0,20.0,0.4888895022525584,0.0
2005-04-26,1151.8299560546875,-0.00883746643749117,0.00011317460309891476,0.0,20.0,0.658799588812753,0.0
2005-04-27,1156.3800048828125,0.00395027825436145,0.00011190475925566658,0.0,20.0,0.5616496571060487,0.0
2005-04-28,1143.219970703125,-0.011380371611511175,0.00011154762336186001,0.0,20.0,0.7254488059301574,0.0
2005-04-29,1156.8499755859375,0.011922469194121543,0.00011257936084081259,0.0,20.0,0.5360505031279975,0.0
2005-05-02,1162.1600341796875,0.004590101314615458,0.0001119841280437651,0.0,20.0,0.41973730706480783,0.0
2005-05-03,1161.1700439453125,-0.0008518536219271899,0.0001130952343108162,0.0,20.0,0.4495586357954208,0.0
2005-05-04,1175.6500244140625,0.012470163645930121,0.00011091270144023593,0.0,20.0,0.2556960561834389,0.0
2005-05-05,1172.6300048828125,-0.002568808292038427,0.0001090079356753637,0.0,20.0,0.28801103340876927,0.0
2005-05-06,1171.3499755859375,-0.0010915883881061905,0.00011119047800699869,0.0,20.0,0.32681552165484096,0.0
2005-05-09,1178.8399658203125,0.006394323123307677,0.00011099206076727973,0.0,20.0,0.22361901270523613,0.0
2005-05-10,1166.219970703125,-0.010705435413708386,0.0001119841280437651,0.0,20.0,0.4110376364639632,0.0
2005-05-11,1171.1099853515625,0.004193046570356129,0.00011119047800699869,0.0,20.0,0.30191575938452536,0.0
2005-05-12,1159.3599853515625,-0.010033216475797246,0.00011178571080404614,0.0,20.0,0.5276095575600951,0.0
2005-05-13,1154.050048828125,-0.004580058472371085,0.00010940476069374691,0.0,20.0,0.6106806930988851,0.0
2005-05-16,1165.68994140625,0.01008612459220859,0.0001090079356753637,0.0,20.0,0.3882539398972149,0.0
2005-05-17,1173.800048828125,0.006957345288654659,0.0001115873030253819,0.0,20.0,0.24952791709776104,0.0
2005-05-18,1185.56005859375,0.010018750448482105,0.00011059523574889653,0.0,20.0,0.1717479833637858,0.0
2005-05-19,1191.0799560546875,0.0046559408112019085,0.00011119047800699869,0.0,20.0,0.15850853921799773,0.0
2005-05-20,1189.280029296875,-0.0015111720658741445,0.00011210317649538555,0.0,20.0,0.14492546696959777,0.0
2005-05-23,1193.8599853515625,0.003851032508630725,0.00011289682653215195,0.0,20.0,0.13104504731359057,0.0
2005-05-24,1194.0699462890625,0.00017586730443786003,0.00011436507815406436,0.0,20.0,0.12913175378308236,0.0
2005-05-25,1190.010009765625,-0.0034000826635449677,0.00011388888434758262,0.0,20.0,0.12407576582247451,0.0
2005-05-26,1197.6199951171875,0.00639489188251563,0.0001137698453570169,0.0,20.0,0.11126138547921063,0.0
2005-05-27,1198.780029296875,0.0009686162425619482,0.00011456349539378332,0.0,20.0,0.11193459256130031,0.0
2005-05-31,1191.5,-0.006072865011894635,0.00011436507815406436,0.0,20.0,0.11298224289610773,0.0
2005-06-01,1202.219970703125,0.00899703793799822,0.00011535714543054972,0.0,20.0,0.08986650776448242,0.0
2005-06-02,1204.2900390625,0.0017218715458240386,0.00011539682509407163,0.0,20.0,0.09813368418212381,0.0
2005-06-03,1196.02001953125,-0.0068671327196959675,0.0001162698439189366,0.0,20.0,0.09674596294463342,0.0
2005-06-06,1197.510009765625,0.0012457903797955527,0.00011634920324598041,0.0,20.0,0.09798891383974168,0.0
2005-06-07,1197.260009765625,-0.00020876652216783587,0.00011694444550408257,0.0,20.0,0.09874321184587746,0.0
2005-06-08,1194.6700439453125,-0.0021632442403379804,0.00011694444550408257,0.0,20.0,0.13747834300590736,0.0
2005-06-09,1200.9300537109375,0.005239948718352094,0.00011615079546731615,0.0,20.0,0.0880748262894433,0.0
2005-06-10,1198.1099853515625,-0.0023482369773834,0.00011654762048569937,0.0,20.0,0.11103190357723247,0.0
2005-06-13,1200.8199462890625,0.002261863243468998,0.00011654762048569937,0.0,20.0,0.09707658535612339,0.0
2005-06-14,1203.9100341796875,0.002573314925500947,0.00011753967830113004,0.0,20.0,0.09274179019510133,0.0
2005-06-15,1206.5799560546875,0.0022177087981654076,0.00011726190173436724,0.0,20.0,0.09357443693585889,0.0
2005-06-16,1210.9599609375,0.0036300991582309816,0.00011515872819083078,0.0,20.0,0.09696910868834306,0.0
2005-06-17,1216.9599609375,0.0049547468071156064,0.00011559524233379061,0.0,20.0,0.11097287646364173,0.0
2005-06-20,1216.0999755859375,-0.0007066669234541134,0.00011587301890055338,0.0,20.0,0.09182537023769945,0.0
2005-06-21,1213.6099853515625,-0.002047520996927288,0.00011706349395570301,0.0,20.0,0.08425758928237147,0.0
2005-06-22,1213.8800048828125,0.00022249283914033136,0.00011753967830113004,0.0,20.0,0.09733286451784721,0.0
2005-06-23,1200.72998046875,-0.010833051340467525,0.00011904761904761905,0.0,20.0,0.1786547161858889,0.0
2005-06-24,1191.5699462890625,-0.0076287211352144,0.00011904761904761905,0.0,20.0,0.32154154680207914,0.0
2005-06-27,1190.68994140625,-0.0007385255775820276,0.00012043651134248764,0.0,20.0,0.336655394650056,0.0
2005-06-28,1201.5699462890625,0.009137563444907348,0.00012202381141602047,0.0,20.0,0.1573304758590489,0.0
2005-06-29,1199.8499755859375,-0.0014314361876618387,0.00012154761760953873,0.0,20.0,0.20353861057049907,0.0
2005-06-30,1191.3299560546875,-0.007100904033514155,0.0001214285691579183,0.0,20.0,0.3464800907356697,0.0
2005-07-01,1194.43994140625,0.0026105155299391836,0.0001226190442130679,0.0,20.0,0.2806924177127836,0.0
2005-07-05,1204.989990234375,0.008832632317790745,0.00012448413031441826,0.0,20.0,0.13475744400431705,0.0
2005-07-06,1194.93994140625,-0.008340358766109057,0.00012380951926821754,0.0,20.0,0.27976635003851064,0.0
2005-07-07,1197.8699951171875,0.0024520510273422502,0.0001222222191946847,0.0,20.0,0.20161790039142916,0.0
2005-07-08,1211.8599853515625,0.011679055566465202,0.00012281746145278687,0.0,20.0,0.08805107734524048,0.0
2005-07-11,1219.43994140625,0.006254811732634646,0.00012281746145278687,0.0,20.0,0.0827825936760976,0.0
2005-07-12,1222.2099609375,0.0022715506005615005,0.0001244047615263197,0.0,20.0,0.08835045421857218,0.0
2005-07-13,1223.2900390625,0.0008837091494260374,0.0001248015865447029,0.0,20.0,0.09337346189047649,0.0
2005-07-14,1226.5,0.0026240391362624127,0.0001250793631114657,0.0,20.0,0.1057473185532836,0.0
2005-07-15,1227.9200439453125,0.001157801830666605,0.000126111110051473,0.0,20.0,0.11111373378071725,0.0
2005-07-18,1221.1300048828125,-0.005529707814430296,0.00012619047883957152,0.0,20.0,0.09735060023780047,0.0
2005-07-19,1229.3499755859375,0.006731446013329201,0.00012785713824014816,0.0,20.0,0.09700323869752299,0.0
2005-07-20,1235.199951171875,0.004758592509955806,0.00012809523514338905,0.0,20.0,0.11039204758881642,0.0
2005-07-21,1227.0400390625,-0.00660614672274995,0.00012968253521692186,0.0,20.0,0.08290161964056081,0.0
2005-07-22,1233.6800537109375,0.0054114082972474,0.00013067460249340722,0.0,20.0,0.08672444839288458,0.0
2005-07-25,1229.030029296875,-0.003769230441940885,0.00013154762131827217,0.0,20.0,0.0758964362093191,0.0
2005-07-26,1231.1600341796875,0.001733077981854514,0.00013329364950694734,0.0,20.0,0.08943310582967502,0.0
2005-07-27,1236.7900390625,0.0045729269359882085,0.00013194444633665538,0.0,20.0,0.09311126848959966,0.0
2005-07-28,1243.719970703125,0.005603159325149543,0.00013154762131827217,0.0,20.0,0.10647424394215702,0.0
2005-07-29,1234.1800537109375,-0.00767047021589129,0.00013222222290341814,0.0,20.0,0.08737929386748794,0.0
2005-08-01,1235.3499755859375,0.0009479345185350319,0.000133134921391805,0.0,20.0,0.10366833087849112,0.0
2005-08-02,1244.1199951171875,0.007099218605715496,0.0001349999980321006,0.0,20.0,0.1016636592243851,0.0
2005-08-03,1245.0400390625,0.0007395138322054962,0.00013432539644695464,0.0,20.0,0.11235469138369922,0.0
2005-08-04,1235.8599853515625,-0.007373299992705418,0.0001341269886682904,0.0,20.0,0.10512490263137927,0.0
2005-08-05,1226.4200439453125,-0.007638358323871608,0.00013638889032696922,0.0,20.0,0.16377289846937043,0.0
2005-08-08,1223.1300048828125,-0.0026826364089062027,0.0001360317449721079,0.0,20.0,0.20986295516875203,0.0
2005-08-09,1231.3800048828125,0.006744990284814678,0.00013630952153887067,0.0,20.0,0.12526156453127751,0.0
2005-08-10,1229.1300048828125,-0.0018272182357014222,0.00013626984187534876,0.0,20.0,0.15812025718889192,0.0
2005-08-11,1237.81005859375,0.007061949245771748,0.000135793648068867,0.0,20.0,0.0903669501331367,0.0
2005-08-12,1230.3900146484375,-0.005994493172678084,0.00013623016221182686,0.0,20.0,0.1324059471937821,0.0
2005-08-15,1233.8699951171875,0.0028283555842611996,0.000135992065308586,0.0,20.0,0.1028415649235274,0.0
2005-08-16,1219.3399658203125,-0.01177598073895536,0.00013698412312401667,0.0,20.0,0.2601635988275221,0.0
2005-08-17,1220.239990234375,0.0007381242633648366,0.00013630952153887067,0.0,20.0,0.24564427544528836,0.0
2005-08-18,1219.02001953125,-0.0009997793162725976,0.00013531746372344,0.0,20.0,0.25910185520484363,0.0
2005-08-19,1219.7099609375,0.0005659803737392277,0.0001360317449721079,0.0,20.0,0.2585238580999368,0.0
2005-08-22,1221.72998046875,0.0016561474415583977,0.000135793648068867,0.0,20.0,0.23540000797171934,0.0
2005-08-23,1217.5899658203125,-0.003388649468067495,0.00013650793877858963,0.0,20.0,0.28129934772667414,0.0
2005-08-24,1209.5899658203125,-0.006570356379875575,0.00013611111376020643,0.0,20.0,0.39042493581932547,0.0
2005-08-25,1212.3699951171875,0.0022983237092162323,0.00013630952153887067,0.0,20.0,0.3325767264044679,0.0
2005-08-26,1205.0999755859375,-0.005996535348556931,0.00013757936538211883,0.0,20.0,0.4237935038661683,0.0
2005-08-29,1212.280029296875,0.005958056473651885,0.0001382936466307867,0.0,20.0,0.3093364921668374,0.0
2005-08-30,1208.4100341796875,-0.0031923276995927674,0.00013797619040050205,0.0,20.0,0.3514358519480014,0.0
2005-08-31,1220.3299560546875,0.009864136789539124,0.00013611111376020643,0.0,20.0,0.17948366959270495,0.0
2005-09-01,1221.5899658203125,0.0010325156400312618,0.0001335317464101882,0.0,20.0,0.17629145677282196,0.0
2005-09-02,1218.02001953125,-0.002922376893187084,0.00013400794021666996,0.0,20.0,0.23061587295753136,0.0
2005-09-06,1233.3900146484375,0.012618836201971906,0.00013531746372344,0.0,20.0,0.11941195757524951,0.0
2005-09-07,1236.3599853515625,0.0024079736886564174,0.00013511904648372104,0.0,20.0,0.11346376833773868,0.0
2005-09-08,1231.6700439453125,-0.0037933461627815968,0.0001348412699169583,0.0,20.0,0.1200614737990509,0.0
2005-09-09,1241.47998046875,0.007964743943933206,0.0001348015902534364,0.0,20.0,0.10211028049276769,0.0
2005-09-12,1240.56005859375,-0.0007409880863746832,0.00013551587150210427,0.0,20.0,0.09713117458563117,0.0
2005-09-13,1231.199951171875,-0.007545065921665484,0.00013507936682019913,0.0,20.0,0.15289231805341524,0.0
2005-09-14,1227.1600341796875,-0.0032812842368473705,0.00013273809637342178,0.0,20.0,0.22075184537686723,0.0
2005-09-15,1227.72998046875,0.0004644433270217796,0.000133134921391805,0.0,20.0,0.20688026828159484,0.0
2005-09-16,1237.9100341796875,0.008291769259435089,0.0001352777745988634,0.0,20.0,0.12494474592701374,0.0
2005-09-19,1231.02001953125,-0.005565844413728538,0.00013650793877858963,0.0,20.0,0.17191369871354176,0.0
2005-09-20,1221.3399658203125,-0.007863441339177824,0.0001398809561653743,0.0,20.0,0.30571381716594165,0.0
2005-09-21,1210.199951171875,-0.009121141500479157,0.00013261904792180137,0.0,20.0,0.4674802102166615,0.0
2005-09-22,1214.6199951171875,0.003652325337670348,0.0001341269886682904,0.0,20.0,0.3746571466087033,0.0
2005-09-23,1215.2900390625,0.0005516490326242796,0.0001345238136866736,0.0,20.0,0.3403990595494931,0.0
2005-09-26,1215.6300048828125,0.0002797404811898385,0.00013591269652048747,0.0,20.0,0.32817782986169447,0.0
2005-09-27,1215.6600341796875,2.470266179210867e-05,0.00013511904648372104,0.0,20.0,0.3188482606271343,0.0
2005-09-28,1216.8900146484375,0.0010117799665758653,0.00013440476523505316,0.0,20.0,0.30235338153015706,0.0
2005-09-29,1227.6800537109375,0.008866897527807671,0.00013722222002725753,0.0,20.0,0.20148762518637853,0.0
2005-09-30,1228.81005859375,0.000920439229583403,0.00013769841383373923,0.0,20.0,0.19979423907771715,0.0
2005-10-03,1226.699951171875,-0.0017171957595218945,0.0001382936466307867,0.0,20.0,0.20600869255019916,0.0
2005-10-04,1214.469970703125,-0.009969822251208682,0.00014027778118375748,0.0,20.0,0.34522701099314446,0.0
2005-10-05,1196.3900146484375,-0.014887116594756167,0.00013849206387050566,0.0,20.0,0.5644107596260906,0.0
2005-10-06,1191.489990234375,-0.004095674783362702,0.00013936508269537062,0.0,20.0,0.600801173445009,0.0
2005-10-07,1195.9000244140625,0.0037012767340327546,0.00014019841239565892,0.0,20.0,0.5443522999344501,0.0
2005-10-10,1187.3299560546875,-0.007166208031122001,0.00014019841239565892,0.0,20.0,0.6152787574630973,0.0
2005-10-11,1184.8699951171875,-0.002071842729946871,0.00014126983899918815,0.0,20.0,0.6267587529139268,0.0
2005-10-12,1177.6800537109375,-0.00606812682900193,0.00014345238133082314,0.0,20.0,0.658189759883641,0.0
2005-10-13,1176.8399658203125,-0.0007133413595465932,0.00014531745797111872,0.0,20.0,0.6567716429551549,0.0
2005-10-14,1186.5699462890625,0.008267887521960393,0.00014690475804465157,0.0,20.0,0.5961767738940662,0.0
2005-10-17,1190.0999755859375,0.0029749862685424233,0.00014670635026598736,0.0,20.0,0.529900254205994,0.0
2005-10-18,1178.1400146484375,-0.010049543049197696,0.00014960317384629023,0.0,20.0,0.6548716523241114,0.0
2005-10-19,1195.760009765625,0.014955773420908258,0.0001490873003762866,0.0,20.0,0.45341569051751524,0.0
2005-10-20,1177.800048828125,-0.015019703611780955,0.000149206348827907,0.0,20.0,0.6889024290619482,0.0
2005-10-21,1179.5899658203125,0.0015197121056060858,0.00014940476606762598,0.0,20.0,0.6497096072655857,0.0
2005-10-24,1199.3800048828125,0.016777049344208095,0.00014940476606762598,0.0,20.0,0.37974355961295364,0.0
2005-10-25,1196.5400390625,-0.002367861569102958,0.00015226190052335228,0.0,20.0,0.42694340550331217,0.0
2005-10-26,1191.3800048828125,-0.004312462609885159,0.00015099206614115881,0.0,20.0,0.5277729715811622,0.0
2005-10-27,1178.9000244140625,-0.010475230755595533,0.00015047619267115518,0.0,20.0,0.6813831895193485,0.0
2005-10-28,1198.4100341796875,0.016549333583500303,0.00015178571617792524,0.0,20.0,0.4251402987404729,0.0
2005-10-31,1207.010009765625,0.007176154521957301,0.00015099206614115881,0.0,20.0,0.31066398694959874,0.0
2005-11-01,1202.760009765625,-0.003521097559766928,0.00015325396779983762,0.0,20.0,0.3808592758026735,0.0
2005-11-02,1214.760009765625,0.009977052697601962,0.00015226190052335228,0.0,20.0,0.2522445242904316,0.0
2005-11-03,1219.93994140625,0.0042641604917701414,0.00015265872554173546,0.0,20.0,0.2258082193622842,0.0
2005-11-04,1220.1400146484375,0.00016400253438453305,0.00015337301625145808,0.0,20.0,0.21362456719103867,0.0
2005-11-07,1222.81005859375,0.00218830946715709,0.00015186507550496905,0.0,20.0,0.19721335630496123,0.0
2005-11-08,1218.5899658203125,-0.0034511433266182223,0.00015325396779983762,0.0,20.0,0.20423394069181025,0.0
2005-11-09,1220.6500244140625,0.0016905264703728218,0.0001538492100579398,0.0,20.0,0.20042728517285469,0.0
2005-11-10,1230.9599609375,0.008446267412632436,0.00015365079281822084,0.0,20.0,0.1728163631337284,0.0
2005-11-11,1234.719970703125,0.0030545345786563427,0.00015365079281822084,0.0,20.0,0.16481077410477155,0.0
2005-11-14,1233.760009765625,-0.0007774725932012672,0.00015404761783660405,0.0,20.0,0.14462550003950125,0.0
2005-11-15,1229.010009765625,-0.0038500194222557127,0.0001553571413433741,0.0,20.0,0.15456888032982025,0.0
2005-11-16,1231.2099609375,0.0017900189212409767,0.00015523809289175365,0.0,20.0,0.14398668070292817,0.0
2005-11-17,1242.800048828125,0.009413575473187219,0.00015523809289175365,0.0,20.0,0.1352007550161429,0.0
2005-11-18,1248.27001953125,0.004401328040084085,0.00015523809289175365,0.0,20.0,0.1442842671460619,0.0
2005-11-21,1254.8499755859375,0.005271260185483184,0.0001545634913066077,0.0,20.0,0.15376035364904347,0.0
2005-11-22,1261.22998046875,0.0050842770107506485,0.000152063492744688,0.0,20.0,0.1659010110477613,0.0
2005-11-23,1265.6099853515625,0.0034728042867999687,0.00015285714278145442,0.0,20.0,0.16776564604526356,0.0
2005-11-25,1268.25,0.0020859622466586902,0.00015285714278145442,0.0,20.0,0.1580098379358212,0.0
2005-11-28,1257.4599609375,-0.008507817120047334,0.0001519841239565895,0.0,20.0,0.10397329747172557,0.0
2005-11-29,1257.47998046875,1.5920611289299558e-05,0.000154246035076323,0.0,20.0,0.12082843786253442,0.0
2005-11-30,1249.47998046875,-0.006361930308439456,0.00015305556002117335,0.0,20.0,0.12906135549817968,0.0
2005-12-01,1264.6700439453125,0.01215710832826944,0.0001538492100579398,0.0,20.0,0.11641256343209609,0.0
2005-12-02,1265.0799560546875,0.0003241257364618999,0.00015444444285498727,0.0,20.0,0.12187430517989548,0.0
2005-12-05,1262.0899658203125,-0.0023634792568365537,0.00015515873356470987,0.0,20.0,0.09846161312153805,0.0
2005-12-06,1263.699951171875,0.001275650227134273,0.00015603174292852008,0.0,20.0,0.11660241163040665,0.0
2005-12-07,1257.3699951171875,-0.005009065679568603,0.00015595238360147627,0.0,20.0,0.1179453832197947,0.0
2005-12-08,1255.8399658203125,-0.0012168489011322725,0.00015257936621469165,0.0,20.0,0.12588658920834095,0.0
2005-12-09,1259.3699951171875,0.00281089103146126,0.00015246031776307121,0.0,20.0,0.11387040061300788,0.0
2005-12-12,1260.4300537109375,0.000841737216116023,0.00015178571617792524,0.0,20.0,0.11691252269554189,0.0
2005-12-13,1267.4300537109375,0.005553660022141527,0.00015186507550496905,0.0,20.0,0.11526855250826713,0.0
2005-12-14,1272.739990234375,0.004189530229214977,0.00015087301768953838,0.0,20.0,0.1227856126571476,0.0
2005-12-15,1270.93994140625,-0.0014143099469935416,0.0001523809489749727,0.0,20.0,0.10797759080150429,0.0
2005-12-16,1267.3199462890625,-0.0028482818103757745,0.000152063492744688,0.0,20.0,0.12330079642941841,0.0
2005-12-19,1259.9200439453125,-0.0058390167103565815,0.0001531745990117391,0.0,20.0,0.1745787567688508,0.0
2005-12-20,1259.6199951171875,-0.00023814910284736257,0.000154246035076323,0.0,20.0,0.18974557373058223,0.0
2005-12-21,1262.7900390625,0.0025166668976364104,0.00015444444285498727,0.0,20.0,0.17178346141899037,0.0
2005-12-22,1268.1199951171875,0.004220777714278201,0.00015484126787337048,0.0,20.0,0.12572840719337583,0.0
2005-12-23,1268.6600341796875,0.00042585801389405376,0.0001545634913066077,0.0,20.0,0.1199635273065435,0.0
2005-12-27,1256.5400390625,-0.009553382932114052,0.0001538492100579398,0.0,20.0,0.20063523952883822,0.0
2005-12-28,1258.1700439453125,0.0012972168272717965,0.00015325396779983762,0.0,20.0,0.19144585548153464,0.0
2005-12-29,1254.4200439453125,-0.0029805192215838217,0.00015523809289175365,0.0,20.0,0.24285243949542637,0.0
2005-12-30,1248.2900390625,-0.004886724277406218,0.00015813491647205657,0.0,20.0,0.30909775752398677,0.0
2006-01-03,1268.800048828125,0.016430484201434892,0.00015952380876692513,0.0,5.0,0.09663558569087571,0.0
2006-01-04,1273.4599609375,0.0036726922525569528,0.0001619841182042682,0.0,5.0,0.08781840727571444,0.0
2006-01-05,1273.47998046875,1.572058161558587e-05,0.00016230159335666234,0.0,5.0,0.09826912377211576,0.0
2006-01-06,1285.449951171875,0.009399418040885843,0.00016297618548075357,0.0,5.0,0.10399601069077906,0.0
2006-01-09,1290.1500244140625,0.0036563642465448076,0.0001633730199601915,0.0,5.0,0.11198654094756345,0.0
2006-01-10,1289.68994140625,-0.0003566120211651036,0.00016575397007049074,0.0,5.0,0.08685327790094595,0.0
2006-01-11,1294.1800537109375,0.003481544021186611,0.00016634920286753821,0.0,5.0,0.10022157454776066,0.0
2006-01-12,1286.06005859375,-0.006274239116809244,0.00016686507633754187,0.0,5.0,0.07002073933691991,0.0
2006-01-13,1287.6099853515625,0.0012051744764605132,0.0001674603091345893,0.0,5.0,0.07849319451586306,0.0
2006-01-17,1282.9300537109375,-0.0036345878751066207,0.00016793650294107105,0.0,5.0,0.07038023648449443,0.0
2006-01-18,1277.9300537109375,-0.0038973286076955382,0.00016853175466022795,0.0,5.0,0.08238746086151282,0.0
2006-01-19,1285.0400390625,0.005563673325403196,0.000168333337420509,0.0,5.0,0.06844462158082323,0.0
2006-01-20,1261.489990234375,-0.01832631522151318,0.00016873015297783745,0.0,5.0,0.22998869032336736,0.0
2006-01-23,1263.8199462890625,0.0018469873504542988,0.00016853175466022795,0.0,5.0,0.19295909199366168,0.0
2006-01-24,1266.8599853515625,0.002405436843615494,0.00017043651096404543,0.0,5.0,0.1671038689883698,0.0
2006-01-25,1264.6800537109375,-0.0017207360448914244,0.00017091270477052718,0.0,5.0,0.18294047822379453,0.0
2006-01-26,1273.8299560546875,0.0072349542612786255,0.0001719047531249031,0.0,5.0,0.11162572003050206,0.0
2006-01-27,1283.719970703125,0.007763999112620157,0.00017210317036462207,0.0,5.0,0.09146649356689329,0.0
2006-01-30,1285.18994140625,0.0011450867297171374,0.00017230158760434106,0.0,5.0,0.1036424160456629,0.0
2006-01-31,1280.0799560546875,-0.003976054579116317,0.00017341269387139213,0.0,5.0,0.10142668369664246,0.0
2006-02-01,1282.4599609375,0.0018592626746127827,0.00017309523764110748,0.0,5.0,0.1037052413271388,0.0
2006-02-02,1270.8399658203125,-0.009060707913791766,0.00017309523764110748,0.0,5.0,0.15944786350842305,0.0
2006-02-03,1264.030029296875,-0.005358610609197956,0.00017309523764110748,0.0,5.0,0.22471195535470814,0.0
2006-02-06,1265.02001953125,0.0007832015153355076,0.00017250000484406,0.0,5.0,0.20166232859607075,0.0
2006-02-07,1254.780029296875,-0.008094725835381955,0.0001738888876778739,0.0,5.0,0.3244248929393221,0.0
2006-02-08,1265.6500244140625,0.008662869079354651,0.0001742857221573118,0.0,5.0,0.17551914496460225,0.0
2006-02-09,1263.780029296875,-0.001477497792530147,0.00017448412047492133,0.0,5.0,0.20859559009006604,0.0
2006-02-10,1266.989990234375,0.002539968082329924,0.00017559524566408187,0.0,5.0,0.16378705553471212,0.0
2006-02-13,1262.8599853515625,-0.003259698114938203,0.00017547618775140672,0.0,5.0,0.19989335014990398,0.0
2006-02-14,1275.530029296875,0.010032817645881265,0.0001764682550278921,0.0,5.0,0.09962010825401021,0.0
2006-02-15,1280.0,0.003504402562430453,0.00017587302223084464,0.0,5.0,0.09141533365579727,0.0
2006-02-16,1289.3800048828125,0.0073281288146973544,0.0001757936439816914,0.0,5.0,0.09267375833113521,0.0
2006-02-17,1287.239990234375,-0.0016597237744756521,0.00017567460499112568,0.0,5.0,0.07806862364346968,0.0
2006-02-21,1283.030029296875,-0.003270533054782976,0.0001763888957008483,0.0,5.0,0.08006927126867824,0.0
2006-02-22,1292.6700439453125,0.007513475466915054,0.00017666667226761106,0.0,5.0,0.0730735449851721,0.0
2006-02-23,1287.7900390625,-0.0037751357399127272,0.00017765873954409648,0.0,5.0,0.07165640650814498,0.0
2006-02-24,1289.4300537109375,0.0012735108974994969,0.00017785713786170598,0.0,5.0,0.0713331057000275,0.0
2006-02-27,1294.1199951171875,0.0036372204857118007,0.00017817459409199063,0.0,5.0,0.07311247452087939,0.0
2006-02-28,1280.6600341796875,-0.010400860034838644,0.00017884920513819134,0.0,5.0,0.1123367435962717,0.0
2006-03-01,1291.239990234375,0.008261330698481784,0.00017805555510142494,0.0,5.0,0.06802822397701186,0.0
2006-03-02,1289.1400146484375,-0.0016263247744955356,0.00017805555510142494,0.0,5.0,0.07113733211605176,0.0
2006-03-03,1287.22998046875,-0.0014816343903563123,0.0001782539723411439,0.0,5.0,0.08819482606119618,0.0
2006-03-06,1278.260009765625,-0.006968428982565,0.0001771825457376147,0.0,5.0,0.16704498549938568,0.0
2006-03-07,1275.8800048828125,-0.0018619098341728924,0.00017785713786170598,0.0,5.0,0.19831569966585721,0.0
2006-03-08,1278.469970703125,0.0020299446737943594,0.00017797619577438113,0.0,5.0,0.14637025370872103,0.0
2006-03-09,1272.22998046875,-0.0048808265953584895,0.00017757936129494318,0.0,5.0,0.2282683987858997,0.0
2006-03-10,1281.4200439453125,0.007223586629499623,0.00017817459409199063,0.0,5.0,0.11794834541849172,0.0
2006-03-13,1284.1300048828125,0.002114810791593591,0.0001782539723411439,0.0,5.0,0.10061895860183495,0.0
2006-03-14,1297.47998046875,0.01039612464094386,0.00017765873954409648,0.0,5.0,0.06436531541499976,0.0
2006-03-15,1303.02001953125,0.004269845505052494,0.00017857142857142857,0.0,5.0,0.07128582439119346,0.0
2006-03-16,1305.3299560546875,0.001772755973671547,0.0001782539723411439,0.0,5.0,0.07916477335869686,0.0
2006-03-17,1307.25,0.0014709261335852375,0.00017924603961762928,0.0,5.0,0.09113132036467218,0.0
2006-03-20,1305.0799560546875,-0.0016600068428476167,0.00017976191308763294,0.0,5.0,0.07795904627597514,0.0
2006-03-21,1297.22998046875,-0.00601493843309675,0.00018123015524849057,0.0,5.0,0.09078367277496935,0.0
2006-03-22,1305.0400390625,0.006020565906847075,0.00018123015524849057,0.0,5.0,0.07041758014768047,0.0
2006-03-23,1301.6700439453125,-0.002582292509284545,0.00018043650521172417,0.0,5.0,0.07147662583696171,0.0
2006-03-24,1302.949951171875,0.000983280849487178,0.00017996031140524242,0.0,5.0,0.07726759515983964,0.0
2006-03-27,1301.6099853515625,-0.0010284092793489963,0.00017924603961762928,0.0,5.0,0.08049268442545507,0.0
2006-03-28,1293.22998046875,-0.00643818423116127,0.0001796428551749578,0.0,5.0,0.13541816307502377,0.0
2006-03-29,1302.8900146484375,0.007469695510914587,0.00017865078789847238,0.0,5.0,0.07453529206773227,0.0
2006-03-30,1300.25,-0.002026275908753372,0.00017797619577438113,0.0,5.0,0.09878499845885182,0.0
2006-03-31,1294.8699951171875,-0.004137669588781034,0.00017916666136847602,0.0,5.0,0.15934588461728313,0.0
2006-04-03,1297.81005859375,0.002270547226863817,0.0001796428551749578,0.0,5.0,0.14945759706850076,0.0
2006-04-04,1305.9300537109375,0.006256689924245107,0.00018063492245144313,0.0,5.0,0.09624869736574283,0.0
2006-04-05,1311.56005859375,0.004311107525869495,0.00018043650521172417,0.0,5.0,0.08303035282066659,0.0
2006-04-06,1309.0400390625,-0.0019213908770231436,0.00018063492245144313,0.0,5.0,0.08053934308249824,0.0
2006-04-07,1295.5,-0.010343487333051349,0.00018103173800877164,0.0,5.0,0.15862870873877985,0.0
2006-04-10,1296.6199951171875,0.00086452730002895,0.00018123015524849057,0.0,5.0,0.14553748440572273,0.0
2006-04-11,1286.5699462890625,-0.007750959314195005,0.00018142857248820953,0.0,5.0,0.2540818247165283,0.0
2006-04-12,1288.1199951171875,0.0012047917274888853,0.00018182538804553805,0.0,5.0,0.22710927842967485,0.0
2006-04-13,1289.1199951171875,0.0007763251900372303,0.00018162698972792852,0.0,5.0,0.20273041965219188,0.0
2006-04-17,1285.3299560546875,-0.00294002038356056,0.00018162698972792852,0.0,5.0,0.24222811852178147,0.0
2006-04-18,1307.280029296875,0.017077384012400332,0.00018242063976469495,0.0,5.0,0.07807199141243693,0.0
2006-04-19,1309.9300537109375,0.002027128354043395,0.00018261905700441393,0.0,5.0,0.07367107900047655,0.0
2006-04-20,1311.4599609375,0.0011679304724923067,0.00018261905700441393,0.0,5.0,0.08528854086965866,0.0
2006-04-21,1311.280029296875,-0.0001371994921570696,0.00018353174603174602,0.0,5.0,0.07572905180871124,0.0
2006-04-24,1308.1099853515625,-0.0024175186645771785,0.0001834127070411803,0.0,5.0,0.07927363159713857,0.0
2006-04-25,1301.739990234375,-0.004869617378140845,0.00018472223054795037,0.0,5.0,0.12363319426156096,0.0
2006-04-26,1305.4100341796875,0.0028193371739710926,0.00018480158987499418,0.0,5.0,0.10547251263850925,0.0
2006-04-27,1309.719970703125,0.00330159598179125,0.00018480158987499418,0.0,5.0,0.09166526196113241,0.0
2006-04-28,1310.6099853515625,0.0006795457566091123,0.00018452381330823144,0.0,5.0,0.10304180930549549,0.0
2006-05-01,1305.18994140625,-0.004135512475787029,0.00018440475539555624,0.0,5.0,0.1308287508709223,0.0
2006-05-02,1313.2099609375,0.0061447144793416175,0.00018579365715147957,0.0,5.0,0.09376505435832033,0.0
2006-05-03,1308.1199951171875,-0.003875972595181021,0.000186388889948527,0.0,5.0,0.10935384161532519,0.0
2006-05-04,1312.25,0.0031572064475955397,0.00018539682267204165,0.0,5.0,0.09915594354239757,0.0
2006-05-05,1325.760009765625,0.010295301783673105,0.0001863095306214832,0.0,5.0,0.08466782822289978,0.0
2006-05-08,1324.6600341796875,-0.0008296943472687612,0.00018650792893909273,0.0,5.0,0.07526286556048674,0.0
2006-05-09,1325.1400146484375,0.0003623423794523184,0.00018869048073178246,0.0,5.0,0.07937393841089922,0.0
2006-05-10,1322.8499755859375,-0.0017281487519698047,0.00018857142281910732,0.0,5.0,0.07555647260630975,0.0
2006-05-11,1305.9200439453125,-0.012798073820219913,0.0001863095306214832,0.0,5.0,0.1588118055144389,0.0
2006-05-12,1291.239990234375,-0.011241158123729833,0.0001867857055058555,0.0,5.0,0.3425255280454209,0.0
2006-05-15,1294.5,0.002524712516867922,0.000186388889948527,0.0,5.0,0.2604419821103328,0.0
2006-05-16,1292.0799560546875,-0.0018694816109019463,0.0001867857055058555,0.0,5.0,0.2922590154085036,0.0
2006-05-17,1270.3199462890625,-0.01684107060376383,0.0001867857055058555,0.0,5.0,0.549849797091986,0.0
2006-05-18,1261.81005859375,-0.006699011316142922,0.0001867857055058555,0.0,5.0,0.6076034825878984,0.0
2006-05-19,1267.030029296875,0.004136891022205491,0.000186388889948527,0.0,5.0,0.5440230993006578,0.0
2006-05-22,1262.0699462890625,-0.0039147320056533985,0.00018579365715147957,0.0,5.0,0.5789288070916536,0.0
2006-05-23,1256.5799560546875,-0.004349988881771183,0.00018698412274557448,0.0,5.0,0.6150334361919116,0.0
2006-05-24,1258.5699462890625,0.0015836558786301858,0.00018658730718824597,0.0,5.0,0.5736428189052865,0.0
2006-05-25,1272.8800048828125,0.011370093999100828,0.000186388889948527,0.0,5.0,0.37928946260513996,0.0
2006-05-26,1280.1600341796875,0.005719336676629716,0.00018698412274557448,0.0,5.0,0.25442548605609616,0.0
2006-05-30,1259.8699951171875,-0.015849611392923735,0.000186388889948527,0.0,5.0,0.5538311506826035,0.0
2006-05-31,1270.0899658203125,0.00811192483568468,0.00018710318065824963,0.0,5.0,0.37428991475191276,0.0
2006-06-01,1285.7099609375,0.012298337548946048,0.0001867857055058555,0.0,5.0,0.1789559027967067,0.0
2006-06-02,1288.219970703125,0.0019522363844757251,0.00018579365715147957,0.0,5.0,0.1623286191965515,0.0
2006-06-05,1265.2900390625,-0.017799702040102394,0.00018658730718824597,0.0,5.0,0.45171383237164736,0.0
2006-06-06,1263.8499755859375,-0.0011381291499216184,0.00018797619002205985,0.0,5.0,0.4700367620983924,0.0
2006-06-07,1256.1500244140625,-0.00609245663695579,0.0001877777727823409,0.0,5.0,0.584142492106741,0.0
2006-06-08,1257.9300537109375,0.0014170515163627329,0.00018789683069501603,0.0,5.0,0.513028976122399,0.0
2006-06-09,1252.300048828125,-0.004475610441298961,0.0001883730245014978,0.0,5.0,0.5869511002269748,0.0
2006-06-12,1237.43994140625,-0.011866251571083786,0.00018976190733531164,0.0,5.0,0.7147010777395747,0.0
2006-06-13,1223.68994140625,-0.01111165038391615,0.00018936507285587372,0.0,5.0,0.7564929731558061,0.0
2006-06-14,1230.0400390625,0.005189302813874974,0.00018888889797150142,0.0,5.0,0.7407410394157486,0.0
2006-06-15,1256.1600341796875,0.021235077141956493,0.00018730157897585916,0.0,5.0,0.45313785207807106,0.0
2006-06-16,1251.5400390625,-0.003677871442713476,0.00018829364625234452,0.0,5.0,0.5335381489658639,0.0
2006-06-19,1240.1300048828125,-0.009116795167204206,0.00018869048073178246,0.0,5.0,0.6941564089985106,0.0
2006-06-20,1240.1199951171875,-8.071545390841983e-06,0.00019047619804503425,0.0,5.0,0.6850387490861742,0.0
2006-06-21,1252.199951171875,0.009740957409162698,0.00018988094632587735,0.0,5.0,0.497882531927354,0.0
2006-06-22,1245.5999755859375,-0.005270704235182944,0.00018948413076854887,0.0,5.0,0.5985545402172613,0.0
2006-06-23,1244.5,-0.0008830889591340263,0.00019186508087884813,0.0,5.0,0.6085057332992546,0.0
2006-06-26,1250.56005859375,0.004869472554238641,0.00019246031367589557,0.0,5.0,0.48785642804284796,0.0
2006-06-27,1239.199951171875,-0.00908401587257579,0.00019484126378619483,0.0,5.0,0.6607352930980596,0.0
2006-06-28,1246.0,0.005487450852216691,0.000193253963712662,0.0,5.0,0.5349130882396169,0.0
2006-06-29,1272.8699951171875,0.021565004106891994,0.00019305554647294302,0.0,5.0,0.21959755321013943,0.0
2006-06-30,1270.199951171875,-0.002097656442177853,0.0001928571481553335,0.0,5.0,0.26282911258836444,0.0
2006-07-03,1280.18994140625,0.0078648957789349,0.0001938492154318189,0.0,5.0,0.1903194688406834,0.0
2006-07-05,1270.9100341796875,-0.007248851851131444,0.000193253963712662,0.0,5.0,0.2512782734069504,0.0
2006-07-06,1274.0799560546875,0.0024942142163870695,0.000193253963712662,0.0,5.0,0.20996200493592027,0.0
2006-07-07,1265.47998046875,-0.006749949675504019,0.00019345238095238096,0.0,5.0,0.32246432721928747,0.0
2006-07-10,1267.3399658203125,0.0014697864685884188,0.00019345238095238096,0.0,5.0,0.2890912261881788,0.0
2006-07-11,1272.4300537109375,0.004016355538295047,0.0001950396810259138,0.0,5.0,0.2059042391347422,0.0
2006-07-12,1258.5999755859375,-0.01086902819111013,0.00019543651550535173,0.0,5.0,0.4224003314639901,0.0
2006-07-13,1242.280029296875,-0.012966746071534585,0.0001950396810259138,0.0,5.0,0.6726385551099987,0.0
2006-07-14,1236.199951171875,-0.004894289517349271,0.0001950396810259138,0.0,5.0,0.7187670837332215,0.0
2006-07-17,1234.489990234375,-0.001383239771105771,0.00019603174830239915,0.0,5.0,0.718823643298505,0.0
2006-07-18,1236.8599853515625,0.001919817200573215,0.0001984126984126984,0.0,5.0,0.6775898971380063,0.0
2006-07-19,1259.81005859375,0.018555110128867458,0.00019722221389649407,0.0,5.0,0.3205988743981043,0.0
2006-07-20,1249.1300048828125,-0.008477511064532206,0.00019623016554211814,0.0,5.0,0.5163507098755199,0.0
2006-07-21,1240.2900390625,-0.007076898149718125,0.00019623016554211814,0.0,5.0,0.6530266037486926,0.0
2006-07-24,1260.9100341796875,0.016625139659086186,0.00019623016554211814,0.0,5.0,0.3298306898258722,0.0
2006-07-25,1268.8800048828125,0.0063208083741757015,0.0001984126984126984,0.0,5.0,0.22964835662236224,0.0
2006-07-26,1268.4000244140625,-0.00037827096880949096,0.00019722221389649407,0.0,5.0,0.24779791162288434,0.0
2006-07-27,1263.199951171875,-0.004099710771126586,0.00019662698109944662,0.0,5.0,0.33816654490227704,0.0
2006-07-28,1278.550048828125,0.012151756055729379,0.00019523809826563275,0.0,5.0,0.1927198412559455,0.0
2006-07-31,1276.6600341796875,-0.0014782484660414985,0.0001958333310626802,0.0,5.0,0.21326538002511675,0.0
2006-08-01,1270.9200439453125,-0.004496099259552078,0.00019781746561565097,0.0,5.0,0.2796416436529038,0.0
2006-08-02,1277.4100341796875,0.005106529136347682,0.00019702381557888457,0.0,5.0,0.20324651861730073,0.0
2006-08-03,1280.27001953125,0.0022388937577111356,0.00019722221389649407,0.0,5.0,0.1636818396431886,0.0
2006-08-04,1279.3599853515625,-0.0007108142546528029,0.00019623016554211814,0.0,5.0,0.19160678346120172,0.0
2006-08-07,1275.77001953125,-0.0028060638611625555,0.00019722221389649407,0.0,5.0,0.23554887843808867,0.0
2006-08-08,1271.47998046875,-0.003362705657620202,0.00019742063113621302,0.0,5.0,0.3095228357748102,0.0
2006-08-09,1265.949951171875,-0.004349285385394919,0.0001958333310626802,0.0,5.0,0.4009087641046974,0.0
2006-08-10,1271.81005859375,0.0046290198253495785,0.0001950396810259138,0.0,5.0,0.2855051205768643,0.0
2006-08-11,1266.739990234375,-0.003986498082096501,0.0001958333310626802,0.0,5.0,0.3564898172100432,0.0
2006-08-14,1268.2099609375,0.0011604360124866098,0.00019662698109944662,0.0,5.0,0.3261170478293328,0.0
2006-08-15,1285.5799560546875,0.013696466399260254,0.00019682539833916558,0.0,5.0,0.16239556802865693,0.0
2006-08-16,1295.4300537109375,0.007661987579892671,0.00019563491382296123,0.0,5.0,0.1281621889652203,0.0
2006-08-17,1297.47998046875,0.0015824295197877092,0.00019662698109944662,0.0,5.0,0.11735222007778402,0.0
2006-08-18,1302.300048828125,0.003714946228020821,0.00019682539833916558,0.0,5.0,0.10889076525321101,0.0
2006-08-21,1297.52001953125,-0.003670451599211977,0.00019662698109944662,0.0,5.0,0.09778658438559563,0.0
2006-08-22,1298.8199462890625,0.0010018548756436374,0.00019702381557888457,0.0,5.0,0.09365363497770447,0.0
2006-08-23,1292.989990234375,-0.0044886560845824874,0.00019682539833916558,0.0,5.0,0.10956200378422305,0.0
2006-08-24,1296.06005859375,0.0023743945293950297,0.00019662698109944662,0.0,5.0,0.09341562280274368,0.0
2006-08-25,1295.0899658203125,-0.0007484936882400373,0.00019702381557888457,0.0,5.0,0.1043880789705753,0.0
2006-08-28,1301.780029296875,0.005165713311912734,0.00019682539833916558,0.0,5.0,0.08486492271776176,0.0
2006-08-29,1304.280029296875,0.0019204473442031578,0.0001958333310626802,0.0,5.0,0.08061426276101398,0.0
2006-08-30,1305.3699951171875,0.0008356838990319915,0.00019523809826563275,0.0,5.0,0.0829401410818941,0.0
2006-08-31,1303.8199462890625,-0.0011874402153588814,0.0001946428654685853,0.0,5.0,0.08270285277551669,0.0
2006-09-01,1311.010009765625,0.00551461380616769,0.0001938492154318189,0.0,5.0,0.07738390327464988,0.0
2006-09-05,1313.25,0.0017085988800158436,0.00019246031367589557,0.0,5.0,0.08118224975258893,0.0
2006-09-06,1300.260009765625,-0.009891483140586299,0.00019166666363912917,0.0,5.0,0.08900733901686522,0.0
2006-09-07,1294.02001953125,-0.004799032645401269,0.00019166666363912917,0.0,5.0,0.1514079799089856,0.0
2006-09-08,1298.9200439453125,0.0037866681659510792,0.00019047619804503425,0.0,5.0,0.10034616102997829,0.0
2006-09-11,1299.5400390625,0.00047731584409493877,0.00019087301360236274,0.0,5.0,0.09882122295302549,0.0
2006-09-12,1313.0,0.010357480749273451,0.00018968254800826782,0.0,5.0,0.06294248307318952,0.0
2006-09-13,1318.0699462890625,0.00386134523157855,0.00018968254800826782,0.0,5.0,0.07309667139938861,0.0
2006-09-14,1316.280029296875,-0.0013579833128180008,0.00019087301360236274,0.0,5.0,0.057021345622316595,0.0
2006-09-15,1319.6600341796875,0.0025678463606395585,0.0001910714308420817,0.0,5.0,0.06761403636699925,0.0
2006-09-18,1321.1800537109375,0.0011518266007009004,0.00019067459636264375,0.0,5.0,0.07567540227433325,0.0
2006-09-19,1317.6400146484375,-0.0026794523975416373,0.00019126984808180066,0.0,5.0,0.06150926566266894,0.0
2006-09-20,1325.1800537109375,0.005722381666218412,0.00019087301360236274,0.0,5.0,0.06735357546888102,0.0
2006-09-21,1318.030029296875,-0.005395511646919315,0.00018988094632587735,0.0,5.0,0.058631238946671764,0.0
2006-09-22,1314.780029296875,-0.002465801178850091,0.00019007936356559634,0.0,5.0,0.07080114314931678,0.0
2006-09-25,1326.3699951171875,0.00881513680011592,0.0001892857135288299,0.0,5.0,0.05000460453911315,0.0
2006-09-26,1336.3499755859375,0.007524280936307193,0.00018869048073178246,0.0,5.0,0.06822235096870838,0.0
2006-09-27,1336.5899658203125,0.00017958636491899327,0.0001884920634920635,0.0,5.0,0.07254370054748127,0.0
2006-09-28,1338.8800048828125,0.0017133444968626677,0.00018809522901262556,0.0,5.0,0.08165713962341593,0.0
2006-09-29,1335.8499755859375,-0.0022631074374287463,0.00018888889797150142,0.0,5.0,0.06029199133881204,0.0
2006-10-02,1331.3199462890625,-0.00339112129330843,0.00018888889797150142,0.0,5.0,0.058100302102615235,0.0
2006-10-03,1334.1099853515625,0.0020956938790537283,0.00018948413076854887,0.0,5.0,0.06366593163149181,0.0
2006-10-04,1350.199951171875,0.012060449286025232,0.0001902777808053153,0.0,5.0,0.08317365611499761,0.0
2006-10-05,1353.219970703125,0.002236720219570998,0.00019047619804503425,0.0,5.0,0.0938902098156229,0.0
2006-10-06,1349.5899658203125,-0.0026824943182935934,0.00019087301360236274,0.0,5.0,0.06653912048542668,0.0
2006-10-09,1350.6600341796875,0.0007928840510640356,0.00019087301360236274,0.0,5.0,0.07081154570356178,0.0
2006-10-10,1353.4200439453125,0.0020434526052304225,0.00019265873091561453,0.0,5.0,0.08252976177943543,0.0
2006-10-11,1349.949951171875,-0.002563943683974057,0.0001938492154318189,0.0,5.0,0.06369683618700347,0.0
2006-10-12,1362.8299560546875,0.009541098076733423,0.00019523809826563275,0.0,5.0,0.08763532986572033,0.0
2006-10-13,1365.6199951171875,0.002047239312655602,0.00019523809826563275,0.0,5.0,0.09793729411516647,0.0
2006-10-16,1369.06005859375,0.0025190488487738527,0.00019563491382296123,0.0,5.0,0.10776481301704025,0.0
2006-10-17,1364.050048828125,-0.0036594521432252725,0.00019642856385972766,0.0,5.0,0.07784110264958825,0.0
2006-10-18,1365.800048828125,0.0012829441276758224,0.00019642856385972766,0.0,5.0,0.08348720273018659,0.0
2006-10-19,1366.9599609375,0.0008492546990097605,0.00019682539833916558,0.0,5.0,0.09603093548097168,0.0
2006-10-20,1368.5999755859375,0.0011997532446470505,0.00019642856385972766,0.0,5.0,0.11118499988128085,0.0
2006-10-23,1377.02001953125,0.006152304614580828,0.00019722221389649407,0.0,5.0,0.12717537651583855,0.0
2006-10-24,1377.3800048828125,0.0002614234698528062,0.0001980158639332605,0.0,5.0,0.13946903807282568,0.0
2006-10-25,1382.219970703125,0.003513892900401272,0.00019781746561565097,0.0,5.0,0.15162113323510845,0.0
2006-10-26,1389.0799560546875,0.004963019994619788,0.00019742063113621302,0.0,5.0,0.16522754270885187,0.0
2006-10-27,1377.3399658203125,-0.00845163029183671,0.00019702381557888457,0.0,5.0,0.1144228603027504,0.0
2006-10-30,1377.9300537109375,0.00042842573748558266,0.00019623016554211814,0.0,5.0,0.12360980785044931,0.0
2006-10-31,1377.93994140625,7.175759964006545e-06,0.00019603174830239915,0.0,5.0,0.13464498122045215,0.0
2006-11-01,1367.81005859375,-0.007351469035843494,0.0001958333310626802,0.0,5.0,0.11675724111948733,0.0
2006-11-02,1367.3399658203125,-0.0003436827873022352,0.0001958333310626802,0.0,5.0,0.10440734611840065,0.0
2006-11-03,1364.300048828125,-0.0022232342125417803,0.00019662698109944662,0.0,5.0,0.10241685272034491,0.0
2006-11-06,1379.780029296875,0.011346463325312195,0.00019603174830239915,0.0,5.0,0.07532129217335382,0.0
2006-11-07,1382.8399658203125,0.002217698805944357,0.00019623016554211814,0.0,5.0,0.08281018230070158,0.0
2006-11-08,1385.719970703125,0.0020826740288086842,0.00019682539833916558,0.0,5.0,0.09594086404363841,0.0
2006-11-09,1378.3299560546875,-0.005332978382845854,0.00019682539833916558,0.0,5.0,0.07649168441824576,0.0
2006-11-10,1380.9000244140625,0.0018646249021037065,0.00019662698109944662,0.0,5.0,0.08445716012352722,0.0
2006-11-13,1384.4200439453125,0.0025490763045961096,0.00019623016554211814,0.0,5.0,0.0924738928699207,0.0
2006-11-14,1393.219970703125,0.006356399415263114,0.00019662698109944662,0.0,5.0,0.10894176505660433,0.0
2006-11-15,1396.5699462890625,0.002404484328664136,0.00019642856385972766,0.0,5.0,0.11931617003952477,0.0
2006-11-16,1399.760009765625,0.002284213178895156,0.00019662698109944662,0.0,5.0,0.12940937329405053,0.0
2006-11-17,1401.199951171875,0.0010287059183031744,0.00019623016554211814,0.0,5.0,0.14088132582903062,0.0
2006-11-20,1400.5,-0.0004995369656483062,0.00019543651550535173,0.0,5.0,0.1177312183662836,0.0
2006-11-21,1402.81005859375,0.001649452762406245,0.00019563491382296123,0.0,5.0,0.1288118714779343,0.0
2006-11-22,1406.0899658203125,0.0023380978817977294,0.00019523809826563275,0.0,5.0,0.13565672893988492,0.0
2006-11-24,1400.949951171875,-0.0036555375355650233,0.0001946428654685853,0.0,5.0,0.1176976772063617,0.0
2006-11-27,1381.9599609375,-0.013555081120842472,0.0001946428654685853,0.0,5.0,0.13437036481995018,0.0
2006-11-28,1386.719970703125,0.0034443905034671207,0.0001946428654685853,0.0,5.0,0.12155195451285111,0.0
2006-11-29,1399.47998046875,0.009201576407062984,0.0001946428654685853,0.0,5.0,0.10547434473374119,0.0
2006-11-30,1400.6300048828125,0.0008217512433992269,0.0001940476137494284,0.0,5.0,0.12730611036203793,0.0
2006-12-01,1396.7099609375,-0.002798771932377986,0.0001940476137494284,0.0,5.0,0.10906620224514685,0.0
2006-12-04,1409.1199951171875,0.00888519057411008,0.000193253963712662,0.0,5.0,0.1144391615243365,0.0
2006-12-05,1414.760009765625,0.00400250842226435,0.00019246031367589557,0.0,5.0,0.12902617367916613,0.0
2006-12-06,1412.9000244140625,-0.0013147002592126533,0.00019265873091561453,0.0,5.0,0.10487570343947612,0.0
2006-12-07,1407.2900390625,-0.003970546574156186,0.00019206349811856709,0.0,5.0,0.08667085038842588,0.0
2006-12-08,1409.8399658203125,0.001811941168510689,0.00019166666363912917,0.0,5.0,0.0934598967846085,0.0
2006-12-11,1413.0400390625,0.002269813113380925,0.0001910714308420817,0.0,5.0,0.10055713172927072,0.0
2006-12-12,1411.56005859375,-0.0010473733424651854,0.00019067459636264375,0.0,5.0,0.09002022660353112,0.0
2006-12-13,1413.2099609375,0.0011688502615989638,0.0001910714308420817,0.0,5.0,0.09743635649336832,0.0
2006-12-14,1425.489990234375,0.008689458492585622,0.0001910714308420817,0.0,5.0,0.10831390958552675,0.0
2006-12-15,1427.0899658203125,0.0011224039431343424,0.00018948413076854887,0.0,5.0,0.11948063547616251,0.0
2006-12-18,1422.47998046875,-0.00323033968563613,0.00019067459636264375,0.0,5.0,0.10027836935499215,0.0
2006-12-19,1425.550048828125,0.002158250661892236,0.00019166666363912917,0.0,5.0,0.10970893537660915,0.0
2006-12-20,1423.530029296875,-0.0014170106008628558,0.00019186508087884813,0.0,5.0,0.10037691592212286,0.0
2006-12-21,1418.300048828125,-0.003673951628075822,0.00019186508087884813,0.0,5.0,0.09916806482977784,0.0
2006-12-22,1410.760009765625,-0.005316251006780903,0.00019246031367589557,0.0,5.0,0.1194033471235918,0.0
2006-12-26,1416.9000244140625,0.004352274381138388,0.00019246031367589557,0.0,5.0,0.09177579713989188,0.0
2006-12-27,1426.8399658203125,0.007015273650207154,0.00019226189643617659,0.0,5.0,0.07862827518929479,0.0
2006-12-28,1424.72998046875,-0.0014787820653379136,0.00019305554647294302,0.0,5.0,0.07599365422573748,0.0
2006-12-29,1418.300048828125,-0.004513087903512458,0.0001938492154318189,0.0,5.0,0.08585122279527772,0.0
2007-01-03,1416.5999755859375,-0.0011986696634412874,0.0001950396810259138,0.0,5.0,0.09136698336029601,0.0
2007-01-04,1418.3399658203125,0.0012282862236074887,0.00019444444822886632,0.0,5.0,0.08050378336124547,0.0
2007-01-05,1409.7099609375,-0.006084581335068839,0.00019484126378619483,0.0,5.0,0.11399723370230468,0.0
2007-01-08,1412.8399658203125,0.00222031834174663,0.00019484126378619483,0.0,5.0,0.09175683517412271,0.0
2007-01-09,1412.1099853515625,-0.00051667597633831,0.00019623016554211814,0.0,5.0,0.10041774697834704,0.0
2007-01-10,1414.8499755859375,0.0019403518584233392,0.00019642856385972766,0.0,5.0,0.0880431247827396,0.0
2007-01-11,1423.8199462890625,0.006339874091180642,0.00019702381557888457,0.0,5.0,0.06995251137196415,0.0
2007-01-12,1430.72998046875,0.004853165737491727,0.00019662698109944662,0.0,5.0,0.07791541518852592,0.0
2007-01-16,1431.9000244140625,0.000817795084526729,0.00019662698109944662,0.0,5.0,0.08702953495811458,0.0
2007-01-17,1430.6199951171875,-0.0008939376178855873,0.00019761904837593198,0.0,5.0,0.07704937650976473,0.0
2007-01-18,1426.3699951171875,-0.002970739969038294,0.00019761904837593198,0.0,5.0,0.0777102639285173,0.0
2007-01-19,1430.5,0.0028954653399542174,0.0001984126984126984,0.0,5.0,0.07888839803231792,0.0
2007-01-22,1422.949951171875,-0.005277909002534109,0.0001980158639332605,0.0,5.0,0.08614207094686013,0.0
2007-01-23,1427.989990234375,0.003541965097471733,0.0001986111156524174,0.0,5.0,0.0793269752623068,0.0
2007-01-24,1440.1300048828125,0.008501470410478884,0.0001980158639332605,0.0,5.0,0.0768719394721421,0.0
2007-01-25,1423.9000244140625,-0.011269802319041844,0.0001984126984126984,0.0,5.0,0.07540609104483421,0.0
2007-01-26,1422.1800537109375,-0.001207929400684371,0.00019821428117297945,0.0,5.0,0.08335285418417472,0.0
2007-01-29,1420.6199951171875,-0.001096948722968838,0.00019821428117297945,0.0,5.0,0.10067141119671175,0.0
2007-01-30,1428.8199462890625,0.005772093311412707,0.00019821428117297945,0.0,5.0,0.06220099397250501,0.0
2007-01-31,1438.239990234375,0.006592883847806208,0.00019742063113621302,0.0,5.0,0.05748754375421498,0.0
2007-02-01,1445.93994140625,0.005353731800087358,0.0001980158639332605,0.0,5.0,0.07115472758959167,0.0
2007-02-02,1448.3900146484375,0.0016944502133364736,0.0001984126984126984,0.0,5.0,0.08067754131311958,0.0
2007-02-05,1446.989990234375,-0.0009666073363550076,0.00019821428117297945,0.0,5.0,0.0686988106707149,0.0
2007-02-06,1448.0,0.0006980074309024253,0.00019880953289213636,0.0,5.0,0.07627559734799431,0.0
2007-02-07,1450.02001953125,0.0013950411127416906,0.00019880953289213636,0.0,5.0,0.08424132035295964,0.0
2007-02-08,1448.31005859375,-0.0011792671235344443,0.00019900793120974586,0.0,5.0,0.07651315797243821,0.0
2007-02-09,1438.06005859375,-0.0070772138460132306,0.00019900793120974586,0.0,5.0,0.07920422839953857,0.0
2007-02-12,1433.3699951171875,-0.0032613821992586445,0.00019920634844946481,0.0,5.0,0.09822056725097048,0.0
2007-02-13,1444.260009765625,0.007597490309923183,0.0001994047656891838,0.0,5.0,0.06182138101164774,0.0
2007-02-14,1455.300048828125,0.007644080004882037,0.00019880953289213636,0.0,5.0,0.06560862153121183,0.0
2007-02-15,1456.81005859375,0.0010375934274453602,0.00019920634844946481,0.0,5.0,0.07315269027137179,0.0
2007-02-16,1455.5400390625,-0.0008717811383565088,0.00019960318292890276,0.0,5.0,0.06912152190664748,0.0
2007-02-20,1459.6800537109375,0.002844315193901492,0.00019980158124651229,0.0,5.0,0.07998245323769075,0.0
2007-02-21,1457.6300048828125,-0.001404450806129165,0.00019980158124651229,0.0,5.0,0.07856250835643218,0.0
2007-02-22,1456.3800048828125,-0.0008575564414925463,0.00020019841572595023,0.0,5.0,0.078289286089592,0.0
2007-02-23,1451.18994140625,-0.003563673944411261,0.00019999999848623124,0.0,5.0,0.08408712660277165,0.0
2007-02-26,1449.3699951171875,-0.0012541061904680628,0.00020019841572595023,0.0,5.0,0.09763588896446404,0.0
2007-02-27,1399.0400390625,-0.034725402225963764,0.0001980158639332605,0.0,5.0,0.48169237195861087,0.0
2007-02-28,1406.8199462890625,0.005560889616694542,0.00019821428117297945,0.0,5.0,0.3814307382753748,0.0
2007-03-01,1403.1700439453125,-0.0025944345993798024,0.0001980158639332605,0.0,5.0,0.4060405798960318,0.0
2007-03-02,1387.1700439453125,-0.011402751982227732,0.00019722221389649407,0.0,5.0,0.5320655851530492,0.0
2007-03-05,1374.1199951171875,-0.009407677800631231,0.00019682539833916558,0.0,5.0,0.5991795659298885,0.0
2007-03-06,1395.4100341796875,0.01549358071940743,0.00019742063113621302,0.0,5.0,0.4278198507643429,0.0
2007-03-07,1391.969970703125,-0.0024652707034493737,0.00019662698109944662,0.0,5.0,0.4661502672160066,0.0
2007-03-08,1401.8900146484375,0.007126622092502144,0.00019623016554211814,0.0,5.0,0.309019097991192,0.0
2007-03-09,1402.8399658203125,0.0006776217548800645,0.00019642856385972766,0.0,5.0,0.26806945882771405,0.0
2007-03-12,1406.5999755859375,0.0026802841786919274,0.00019642856385972766,0.0,5.0,0.19851768382764112,0.0
2007-03-13,1377.949951171875,-0.020368281609082217,0.0001958333310626802,0.0,5.0,0.5597917195971256,0.0
2007-03-14,1387.1700439453125,0.006691166660731218,0.0001950396810259138,0.0,5.0,0.4152078321952089,0.0
2007-03-15,1392.280029296875,0.003683748343518811,0.00019424603098914736,0.0,5.0,0.32082050006530577,0.0
2007-03-16,1386.949951171875,-0.003828308970065253,0.0001938492154318189,0.0,5.0,0.394913451961765,0.0
2007-03-19,1402.06005859375,0.010894486429815275,0.00019424603098914736,0.0,5.0,0.18911535965672416,0.0
2007-03-20,1410.93994140625,0.006333453947334089,0.00019484126378619483,0.0,5.0,0.12467509736728373,0.0
2007-03-21,1435.0400390625,0.017080881296924755,0.00019484126378619483,0.0,5.0,0.11304309879059993,0.0
2007-03-22,1434.5400390625,-0.0003484223341437831,0.00019523809826563275,0.0,5.0,0.09052757573138567,0.0
2007-03-23,1436.1099853515625,0.001094390010953239,0.00019543651550535173,0.0,5.0,0.08210382272100052,0.0
2007-03-26,1437.5,0.0009679026415914116,0.00019563491382296123,0.0,5.0,0.08543425075475561,0.0
2007-03-27,1428.6099853515625,-0.006184358016304348,0.00019523809826563275,0.0,5.0,0.06495273520521362,0.0
2007-03-28,1417.22998046875,-0.00796578842336182,0.00019484126378619483,0.0,5.0,0.11603594960637202,0.0
2007-03-29,1422.530029296875,0.0037397238988494674,0.0001946428654685853,0.0,5.0,0.08206841576828176,0.0
2007-03-30,1420.8599853515625,-0.0011739955648866207,0.00019424603098914736,0.0,5.0,0.09377591902392034,0.0
2007-04-02,1424.550048828125,0.0025970634085028532,0.0001946428654685853,0.0,5.0,0.07751071994073767,0.0
2007-04-03,1437.77001953125,0.009280102663995704,0.0001946428654685853,0.0,5.0,0.06320443180212873,0.0
2007-04-04,1439.3699951171875,0.0011128174632957233,0.0001946428654685853,0.0,5.0,0.070792448326009,0.0
2007-04-05,1443.760009765625,0.003049955649575775,0.00019424603098914736,0.0,5.0,0.07942709302016802,0.0
2007-04-09,1444.6099853515625,0.0005887235968500271,0.0001938492154318189,0.0,5.0,0.07478274369433494,0.0
2007-04-10,1448.3900146484375,0.0026166434783123638,0.00019365079819209992,0.0,5.0,0.08701690158010329,0.0
2007-04-11,1438.8699951171875,-0.006572828751212234,0.0001938492154318189,0.0,5.0,0.06438695716478963,0.0
2007-04-12,1447.800048828125,0.006206296427920366,0.0001938492154318189,0.0,5.0,0.07185574630097837,0.0
2007-04-13,1452.8499755859375,0.0034880001295067853,0.000193253963712662,0.0,5.0,0.08779916111993388,0.0
2007-04-16,1468.3299560546875,0.010654906376349693,0.00019305554647294302,0.0,5.0,0.116256792796254,0.0
2007-04-17,1471.47998046875,0.0021453110052500612,0.0001928571481553335,0.0,5.0,0.11953589523108842,0.0
2007-04-18,1472.5,0.0006931929382587576,0.00019246031367589557,0.0,5.0,0.1213899949564454,0.0
2007-04-19,1470.72998046875,-0.0012020506154498678,0.00019226189643617659,0.0,5.0,0.09351929431533917,0.0
2007-04-20,1484.3499755859375,0.009260704070808812,0.00019186508087884813,0.0,5.0,0.12553630712266356,0.0
2007-04-23,1480.9300537109375,-0.002303986210293818,0.00019206349811856709,0.0,5.0,0.08776485253076516,0.0
2007-04-24,1480.4100341796875,-0.00035114388417389897,0.00019186508087884813,0.0,5.0,0.07352983910034251,0.0
2007-04-25,1495.4200439453125,0.010139089454322958,0.00019126984808180066,0.0,5.0,0.10982502807231623,0.0
2007-04-26,1494.25,-0.0007824182576994243,0.00019047619804503425,0.0,5.0,0.09044879119079363,0.0
2007-04-27,1494.0699462890625,-0.000120497715199952,0.0001902777808053153,0.0,5.0,0.08301661293253916,0.0
2007-04-30,1482.3699951171875,-0.007830925989064319,0.0001874999962155781,0.0,5.0,0.053921460578571376,0.0
2007-05-01,1486.300048828125,0.002651196208694806,0.00018869048073178246,0.0,5.0,0.05573347426202953,0.0
2007-05-02,1495.9200439453125,0.0064724448638566745,0.00018869048073178246,0.0,5.0,0.07094878817612871,0.0
2007-05-03,1502.3900146484375,0.004325077887225248,0.0001884920634920635,0.0,5.0,0.08753953318751063,0.0
2007-05-04,1505.6199951171875,0.002149894792468965,0.0001884920634920635,0.0,5.0,0.09149812719626027,0.0
2007-05-07,1509.47998046875,0.0025637181786113405,0.00018769841345529708,0.0,5.0,0.10000738728944038,0.0
2007-05-08,1507.719970703125,-0.0011659709227004322,0.00018869048073178246,0.0,5.0,0.08582921212816239,0.0
2007-05-09,1512.5799560546875,0.0032234005292746115,0.00018769841345529708,0.0,5.0,0.10025132812307244,0.0
2007-05-10,1491.469970703125,-0.013956277330703482,0.00018730157897585916,0.0,5.0,0.0697351368746483,0.0
2007-05-11,1505.8499755859375,0.00964149809602488,0.00018710318065824963,0.0,5.0,0.07219424855343826,0.0
2007-05-14,1503.1500244140625,-0.0017929748750863395,0.00018650792893909273,0.0,5.0,0.05802921310731558,0.0
2007-05-15,1501.18994140625,-0.0013039836183860176,0.00018611111338176424,0.0,5.0,0.05205276735264519,0.0
2007-05-16,1514.1400146484375,0.008626538777668946,0.0001829365132346986,0.0,5.0,0.06346017368568697,0.0
2007-05-17,1512.75,-0.000918022530934981,0.0001849206288655599,0.0,5.0,0.05703120570390113,0.0
2007-05-18,1522.75,0.006610477607007059,0.00018591269614204529,0.0,5.0,0.07482778002015003,0.0
2007-05-21,1525.0999755859375,0.0015432445154737184,0.00018690476341853067,0.0,5.0,0.07712865095981727,0.0
2007-05-22,1524.1199951171875,-0.0006425680181219029,0.00018948413076854887,0.0,5.0,0.06544321508644226,0.0
2007-05-23,1522.280029296875,-0.001207231600010017,0.00018908729628911092,0.0,5.0,0.06286805505946365,0.0
2007-05-24,1507.510009765625,-0.009702564079535403,0.00018908729628911092,0.0,5.0,0.07859359085968354,0.0
2007-05-25,1515.72998046875,0.00545268067865301,0.00018809522901262556,0.0,5.0,0.05299423381525616,0.0
2007-05-29,1518.1099853515625,0.0015702037391096546,0.00018591269614204529,0.0,5.0,0.04952082613259295,0.0
2007-05-30,1530.22998046875,0.007983608061428171,0.0001867063461788117,0.0,5.0,0.06114605319791123,0.0
2007-05-31,1530.6199951171875,0.00025487322390449485,0.00018214286319793218,0.0,5.0,0.06596389759845042,0.0
2007-06-01,1536.3399658203125,0.0037370286036848555,0.00018472223054795037,0.0,5.0,0.07869646938187766,0.0
2007-06-04,1539.1800537109375,0.0018486063981995038,0.00018353174603174602,0.0,5.0,0.08699626468570607,0.0
2007-06-05,1530.949951171875,-0.005347069382311664,0.00018611111338176424,0.0,5.0,0.06184387214319827,0.0
2007-06-06,1517.3800048828125,-0.008863742592418067,0.00018472223054795037,0.0,5.0,0.06689867445630186,0.0
2007-06-07,1490.719970703125,-0.017569780868271323,0.0001849206288655599,0.0,5.0,0.23695605168778078,0.0
2007-06-08,1507.6700439453125,0.011370393887050856,0.000183730163271465,0.0,5.0,0.08293453971470902,0.0
2007-06-11,1509.1199951171875,0.0009617165093236402,0.00018214286319793218,0.0,5.0,0.0748424312690853,0.0
2007-06-12,1493.0,-0.010681718597158829,0.00018214286319793218,0.0,5.0,0.18327472549580406,0.0
2007-06-13,1515.6700439453125,0.015184222334435615,0.00017916666136847602,0.0,5.0,0.047676285435675085,0.0
2007-06-14,1522.969970703125,0.004816303381447451,0.0001789682630508665,0.0,5.0,0.047780211055867286,0.0
2007-06-15,1532.9100341796875,0.006526762620259197,0.0001757936439816914,0.0,5.0,0.06559038059808873,0.0
2007-06-18,1531.050048828125,-0.0012133688932095543,0.00017499999394492496,0.0,5.0,0.04861773318368282,0.0
2007-06-19,1533.699951171875,0.0017307744745367337,0.00017916666136847602,0.0,5.0,0.054879980713255214,0.0
2007-06-20,1512.8399658203125,-0.013601086272203244,0.00018253967875526066,0.0,5.0,0.08082430860939675,0.0
2007-06-21,1522.18994140625,0.006180412864005502,0.00018095237868172783,0.0,5.0,0.053606492116679824,0.0
2007-06-22,1502.56005859375,-0.012895816927002701,0.0001819444459582132,0.0,5.0,0.149873140054687,0.0
2007-06-25,1497.739990234375,-0.0032079039581859314,0.0001841269788287935,0.0,5.0,0.19209474999953927,0.0
2007-06-26,1492.8900146484375,-0.0032381959602871824,0.0001855158805847168,0.0,5.0,0.24603638791564647,0.0
2007-06-27,1506.3399658203125,0.009009338290096647,0.00018392858051118397,0.0,5.0,0.09770654658840819,0.0
2007-06-28,1505.7099609375,-0.0004182355225962331,0.0001841269788287935,0.0,5.0,0.11651425920700148,0.0
2007-06-29,1503.3499755859375,-0.0015673572021088766,0.00018531746334499784,0.0,5.0,0.14608609285447302,0.0
2007-07-02,1519.4300537109375,0.010696164157472765,0.00018769841345529708,0.0,5.0,0.052149880643735325,0.0
2007-07-03,1524.8699951171875,0.0035802512876219605,0.0001910714308420817,0.0,5.0,0.037322217750773566,0.0
2007-07-05,1525.4000244140625,0.0003475898263931576,0.00019087301360236274,0.0,5.0,0.032904173972179394,0.0
2007-07-06,1530.43994140625,0.0033039969263952695,0.00019007936356559634,0.0,5.0,0.037871383770161055,0.0
2007-07-09,1531.8499755859375,0.0009213260458897921,0.00018988094632587735,0.0,5.0,0.0427539921027693,0.0
2007-07-10,1510.1199951171875,-0.014185449499020453,0.00019067459636264375,0.0,5.0,0.08929873898529557,0.0
2007-07-11,1518.760009765625,0.00572140934255172,0.00019067459636264375,0.0,5.0,0.05151204888293205,0.0
2007-07-12,1547.699951171875,0.01905497986526261,0.0001910714308420817,0.0,5.0,0.07877658969804299,0.0
2007-07-13,1552.5,0.003101407882381002,0.00019126984808180066,0.0,5.0,0.08689557318850297,0.0
2007-07-16,1549.52001953125,-0.0019194721215780586,0.00019007936356559634,0.0,5.0,0.05671654922144577,0.0
2007-07-17,1549.3699951171875,-9.681992628141067e-05,0.00019087301360236274,0.0,5.0,0.04347921805878424,0.0
2007-07-18,1546.1700439453125,-0.0020653240878290013,0.0001910714308420817,0.0,5.0,0.03953198793592576,0.0
2007-07-19,1553.0799560546875,0.0044690505655788915,0.00019166666363912917,0.0,5.0,0.046144012137908995,0.0
2007-07-20,1534.0999755859375,-0.012220864994591185,0.00019146824639941018,0.0,5.0,0.05373448554296929,0.0
2007-07-23,1541.5699462890625,0.004869285458577677,0.00019265873091561453,0.0,5.0,0.03476133634725101,0.0
2007-07-24,1511.0400390625,-0.01980442554686246,0.00019345238095238096,0.0,5.0,0.23685859662483172,0.0
2007-07-25,1518.0899658203125,0.004665612144987508,0.00019186508087884813,0.0,5.0,0.14434669045177742,0.0
2007-07-26,1482.6600341796875,-0.02333849273648292,0.0001892857135288299,0.0,5.0,0.4985990267843856,0.0
2007-07-27,1458.949951171875,-0.01599158435597181,0.0001867063461788117,0.0,5.0,0.6274051880662902,0.0
2007-07-30,1473.9100341796875,0.010254006997153065,0.00018730157897585916,0.0,5.0,0.5299495137657917,0.0
2007-07-31,1455.27001953125,-0.012646643428824822,0.00019087301360236274,0.0,5.0,0.6416707512939065,0.0
2007-08-01,1465.81005859375,0.007242669003718616,0.00018809522901262556,0.0,5.0,0.5525181711895127,0.0
2007-08-02,1472.199951171875,0.004359290987711706,0.00018829364625234452,0.0,5.0,0.45619747001439576,0.0
2007-08-03,1433.06005859375,-0.026585989591270898,0.00018650792893909273,0.0,5.0,0.6920339549831764,0.0
2007-08-06,1467.6700439453125,0.024151105980530163,0.00018710318065824963,0.0,5.0,0.4758693320693275,0.0
2007-08-07,1476.7099609375,0.006159366016551537,0.00018988094632587735,0.0,5.0,0.35979822193720157,0.0
2007-08-08,1497.489990234375,0.014071842031649018,0.00019067459636264375,0.0,5.0,0.22899951168499527,0.0
2007-08-09,1453.0899658203125,-0.029649630183580356,0.00018730157897585916,0.0,5.0,0.5926611317133238,0.0
2007-08-10,1453.6400146484375,0.0003785373521689728,0.00017519841118464392,0.0,5.0,0.5515844405099902,0.0
2007-08-13,1452.9200439453125,-0.0004952881702965373,0.00017976191308763294,0.0,5.0,0.5675089082431953,0.0
2007-08-14,1426.5400390625,-0.018156542744898196,0.00017857142857142857,0.0,5.0,0.714629886433557,0.0
2007-08-15,1406.699951171875,-0.013907838088907498,0.00016388889343019517,0.0,5.0,0.7466647631656976,0.0
2007-08-16,1411.27001953125,0.003248786889889166,0.00014682539871760776,0.0,5.0,0.7309022981345799,0.0
2007-08-17,1445.93994140625,0.024566469488606746,0.00014365078910948738,0.0,5.0,0.5338503692664858,0.0
2007-08-20,1445.550048828125,-0.0002696464541576127,0.00011706349395570301,0.0,5.0,0.53896153308246,0.0
2007-08-21,1447.1199951171875,0.0010860546062276821,0.00013571428874182323,0.0,5.0,0.5023575289204636,0.0
2007-08-22,1464.0699462890625,0.011712885751746116,0.0001414682562389071,0.0,5.0,0.3252943418066824,0.0
2007-08-23,1462.5,-0.001072316451165345,0.00014722222373599096,0.0,5.0,0.334842307210718,0.0
2007-08-24,1479.3699951171875,0.011535039396367575,0.0001619047588772244,0.0,5.0,0.22399861185960995,0.0
2007-08-27,1466.7900390625,-0.008503590106740622,0.00017380952835083008,0.0,5.0,0.29368097768031914,0.0
2007-08-28,1432.3599853515625,-0.023473062124790167,0.00016944444368756007,0.0,5.0,0.6876320353413696,0.0
2007-08-29,1463.760009765625,0.021921880487575596,0.00015277777399335586,0.0,5.0,0.32181865616577937,0.0
2007-08-30,1457.6400146484375,-0.0041810099171704085,0.0001480158737727574,0.0,5.0,0.3922190211018879,0.0
2007-08-31,1473.989990234375,0.011216744478492524,0.00015833333371177553,0.0,5.0,0.23196495839943956,0.0
2007-09-04,1489.4200439453125,0.01046822150297233,0.000169841278166998,0.0,5.0,0.17706419496067277,0.0
2007-09-05,1472.2900390625,-0.011501124180816724,0.0001674603091345893,0.0,5.0,0.2466144247587725,0.0
2007-09-06,1478.550048828125,0.0042518862449216765,0.00016507935902429006,0.0,5.0,0.1914270302409997,0.0
2007-09-07,1453.550048828125,-0.016908457052106307,0.00015634920861985947,0.0,5.0,0.47815136111919476,0.0
2007-09-10,1451.699951171875,-0.0012728131774627505,0.0001535714240301223,0.0,5.0,0.499872235536799,0.0
2007-09-11,1471.489990234375,0.013632320540153398,0.00015833333371177553,0.0,5.0,0.230924541566092,0.0
2007-09-12,1471.56005859375,4.761728577151736e-05,0.00015476190854632666,0.0,5.0,0.22231014866423654,0.0
2007-09-13,1483.949951171875,0.008419562970447103,0.0001567460336382427,0.0,5.0,0.15178084353294563,0.0
2007-09-14,1484.25,0.0002021960564695391,0.00015396825850956023,0.0,5.0,0.14636713130704454,0.0
2007-09-17,1476.6500244140625,-0.0051204147454522175,0.00015833333371177553,0.0,5.0,0.17529488894230438,0.0
2007-09-18,1519.780029296875,0.02920800742879237,0.0001531745990117391,0.0,5.0,0.1685840585694733,0.0
2007-09-19,1529.030029296875,0.0060864071258255326,0.00015119047391982306,0.0,5.0,0.17311310240225297,0.0
2007-09-20,1518.75,-0.00672323571146749,0.00014563492366245813,0.0,5.0,0.12548421653009229,0.0
2007-09-21,1525.75,0.004609053497942384,0.00014365078910948738,0.0,5.0,0.13100913413634716,0.0
2007-09-24,1517.72998046875,-0.0052564440643945165,0.00014563492366245813,0.0,5.0,0.10032646472508494,0.0
2007-09-25,1517.2099609375,-0.00034262980763510864,0.00014642857369922456,0.0,5.0,0.08358151147028181,0.0
2007-09-26,1525.4200439453125,0.005411303128236344,0.00014384920634920634,0.0,5.0,0.08713833540266248,0.0
2007-09-27,1531.3800048828125,0.003907094941590916,0.00014285713907272098,0.0,5.0,0.09107360820664138,0.0
2007-09-28,1526.75,-0.0030234199663373706,0.00014682539871760776,0.0,5.0,0.06717683937811074,0.0
2007-10-01,1547.0400390625,0.013289693179957318,0.00015059524112277559,0.0,5.0,0.11159360915300992,0.0
2007-10-02,1546.6300048828125,-0.00026504432292262514,0.00015277777399335586,0.0,5.0,0.09456294670212921,0.0
2007-10-03,1539.5899658203125,-0.004551857289897487,0.0001523809489749727,0.0,5.0,0.06712132453951504,0.0
2007-10-04,1542.8399658203125,0.002110951663853111,0.00015218254119630844,0.0,5.0,0.06411150519049175,0.0
2007-10-05,1557.5899658203125,0.009560291622441541,0.0001535714240301223,0.0,5.0,0.09525236350066124,0.0
2007-10-08,1552.5799560546875,-0.003216513893620543,0.00015337301625145808,0.0,5.0,0.066916148111061,0.0
2007-10-09,1565.1500244140625,0.008096245420633474,0.00015515873356470987,0.0,5.0,0.09626501792608294,0.0
2007-10-10,1562.469970703125,-0.00171233023616435,0.0001561507913801405,0.0,5.0,0.0784022712175932,0.0
2007-10-11,1554.4100341796875,-0.005158458514124553,0.0001589285759698777,0.0,5.0,0.05610177226825107,0.0
2007-10-12,1561.800048828125,0.004754224745041169,0.0001619047588772244,0.0,5.0,0.062122409811761516,0.0
2007-10-15,1548.7099609375,-0.00838141086014621,0.00016507935902429006,0.0,5.0,0.04765195994546384,0.0
2007-10-16,1538.530029296875,-0.006573168570868315,0.0001636904761904762,0.0,5.0,0.08306848209243484,0.0
2007-10-17,1541.239990234375,0.0017613961937021916,0.00015436508352794344,0.0,5.0,0.05384794447398595,0.0
2007-10-18,1540.0799560546875,-0.0007526629123547623,0.00014444444860730853,0.0,5.0,0.06951234346864088,0.0
2007-10-19,1500.6300048828125,-0.025615521464831148,0.0001484126987911406,0.0,5.0,0.4568015492482196,0.0
2007-10-22,1506.3299560546875,0.003798372119262039,0.0001531745990117391,0.0,5.0,0.3468516032956583,0.0
2007-10-23,1519.5899658203125,0.008802858704579641,0.0001531745990117391,0.0,5.0,0.16326159209632837,0.0
2007-10-24,1515.8800048828125,-0.0024414223711310967,0.00014722222373599096,0.0,5.0,0.21008108345679583,0.0
2007-10-25,1514.4000244140625,-0.0009763176926820272,0.00015158729893820626,0.0,5.0,0.2373517196102133,0.0
2007-10-26,1535.280029296875,0.013787641670760742,0.0001523809489749727,0.0,5.0,0.08960701709754004,0.0
2007-10-29,1540.97998046875,0.0037126459428287184,0.0001531745990117391,0.0,5.0,0.0657650191094596,0.0
2007-10-30,1531.02001953125,-0.006463394115263088,0.00015277777399335586,0.0,5.0,0.08829229552185867,0.0
2007-10-31,1549.3800048828125,0.011991995609034412,0.00015158729893820626,0.0,5.0,0.06120553468621319,0.0
2007-11-01,1508.43994140625,-0.026423513500588247,0.00014702380649627203,0.0,5.0,0.33619908441327917,0.0
2007-11-02,1509.6500244140625,0.0008022082779672868,0.0001388888888888889,0.0,5.0,0.2843115181152282,0.0
2007-11-05,1502.1700439453125,-0.004954777827830159,0.00014206348903595455,0.0,5.0,0.3705566440996398,0.0
2007-11-06,1520.27001953125,0.012049218834373487,0.0001440476235889253,0.0,5.0,0.15602659788933806,0.0
2007-11-07,1475.6199951171875,-0.02936979868078282,0.00013333332917046925,0.0,5.0,0.6262103178657836,0.0
2007-11-08,1474.77001953125,-0.0005760125159255391,0.0001301587290234036,0.0,5.0,0.6256404697501128,0.0
2007-11-09,1453.699951171875,-0.014287019725334527,0.00012579365382118832,0.0,5.0,0.7126385054099934,0.0
2007-11-12,1439.1800537109375,-0.009988235501578235,0.00012619047883957152,0.0,5.0,0.738296533890235,0.0
2007-11-13,1481.050048828125,0.029092951232353004,0.00013333332917046925,0.0,5.0,0.5268840805700075,0.0
2007-11-14,1470.5799560546875,-0.007069371343474851,0.00013154762131827217,0.0,5.0,0.6403851739641072,0.0
2007-11-15,1451.1500244140625,-0.013212427900045731,0.00012658730385795472,0.0,5.0,0.7530149125701477,0.0
2007-11-16,1458.739990234375,0.005230310920731451,0.0001305555540417868,0.0,5.0,0.7084721617945925,0.0
2007-11-19,1433.27001953125,-0.017460253968243356,0.00012996032124473937,0.0,5.0,0.795431102560806,0.0
2007-11-20,1439.699951171875,0.004486196985218349,0.00012539682880280512,0.0,5.0,0.7916805506034669,1.0
2007-11-21,1416.77001953125,-0.015926882279853283,0.0001206349191211519,1.0,5.0,0.811360408729604,1.0
2007-11-23,1440.699951171875,0.01689048420755146,0.0001246031787660387,1.0,5.0,0.7901841866223502,1.0
2007-11-26,1407.219970703125,-0.023238690638891946,0.00012123016137925405,1.0,5.0,0.8320656623486018,1.0
2007-11-27,1428.22998046875,0.014930153212029174,0.00012202381141602047,1.0,5.0,0.8364879302997767,1.0
2007-11-28,1469.02001953125,0.028559853539212643,0.00011746031897408622,1.0,5.0,0.393924647728876,1.0
2007-11-29,1469.719970703125,0.0004764749033838722,0.0001144841266056848,1.0,5.0,0.37179253851537286,1.0
2007-11-30,1481.1400146484375,0.0077702175740654855,0.00012182539417630151,1.0,5.0,0.2866802174979512,1.0
2007-12-03,1472.4200439453125,-0.005887337197621245,0.00011746031897408622,1.0,5.0,0.35339865178877017,1.0
2007-12-04,1462.7900390625,-0.006540256581273551,0.00011825396901085263,1.0,5.0,0.48450791516809566,1.0
2007-12-05,1485.010009765625,0.015190129895446658,0.00011825396901085263,1.0,5.0,0.255962933563008,1.0
2007-12-06,1507.3399658203125,0.015036906086721702,0.00011746031897408622,1.0,5.0,0.2065581321925366,1.0
2007-12-07,1504.6600341796875,-0.0017779211733210953,0.00011984126908438546,1.0,5.0,0.19115113349033344,1.0
2007-12-10,1515.9599609375,0.007509953412149439,0.00011785714399246942,1.0,5.0,0.17599683033041444,0.0
2007-12-11,1477.6500244140625,-0.025271074111842595,0.00011388888434758262,1.0,5.0,0.3765665813113479,0.0
2007-12-12,1486.5899658203125,0.006050107439882435,0.00011150793423728337,0.0,5.0,0.26751071577367624,0.0
2007-12-13,1488.4100341796875,0.0012243243942324789,0.00011031745918213374,0.0,5.0,0.23841441576861505,0.0
2007-12-14,1467.949951171875,-0.01374626785493871,0.00011091270144023593,0.0,5.0,0.49761688190415393,0.0
2007-12-17,1445.9000244140625,-0.015020898185397868,0.0001162698439189366,0.0,5.0,0.7427898237302025,0.0
2007-12-18,1454.97998046875,0.006279795215002659,0.00011785714399246942,0.0,5.0,0.6291801096197662,0.0
2007-12-19,1453.0,-0.0013608300425632658,0.00011250000151376876,0.0,5.0,0.6550006329920405,0.0
2007-12-20,1460.1199951171875,0.004900203108869627,0.00011130952645861913,0.0,5.0,0.5151988045362934,0.0
2007-12-21,1484.4599609375,0.016669839397931874,0.000115079368863787,0.0,5.0,0.22594851708887115,0.0
2007-12-24,1496.449951171875,0.008077004803014542,0.00012698412887633795,0.0,5.0,0.16905622918630103,0.0
2007-12-26,1497.6600341796875,0.0008086358029313345,0.00012797618669176857,0.0,5.0,0.15728874374388022,0.0
2007-12-27,1476.27001953125,-0.014282289812289406,0.00012202381141602047,0.0,5.0,0.299041467462561,0.0
2007-12-28,1478.489990234375,0.0015037700920255137,0.0001222222191946847,0.0,5.0,0.26453713219136454,0.0
2007-12-31,1468.3599853515625,-0.006851588410961562,0.0001246031787660387,0.0,5.0,0.4059427802476772,0.0
2008-01-02,1447.1600341796875,-0.014437843160646446,0.00012579365382118832,0.0,10.0,0.7344223300768347,0.0
2008-01-03,1447.1600341796875,0.0,0.00012500000378442192,0.0,10.0,0.7263001548293846,0.0
2008-01-04,1411.6300048828125,-0.024551555085623233,0.0001236111114895533,0.0,10.0,0.7792752375667615,0.0
2008-01-07,1416.1800537109375,0.0032232587947169655,0.00012559523658146936,0.0,10.0,0.8021087710648837,0.0
2008-01-08,1390.18994140625,-0.018352265474000595,0.00012539682880280512,0.0,10.0,0.7719498599021621,0.0
2008-01-09,1409.1300048828125,0.013624083236714934,0.00012341269424983434,0.0,10.0,0.840843623102087,0.0
2008-01-10,1420.3299560546875,0.007948131920451518,0.00012420635374765549,0.0,10.0,0.8139896976615586,1.0
2008-01-11,1401.02001953125,-0.013595387776707546,0.00011944444406600226,1.0,10.0,0.8435089977846565,1.0
2008-01-14,1416.25,0.01087063729028337,0.00012242063643440367,1.0,10.0,0.8280436649167051,1.0
2008-01-15,1380.949951171875,-0.024925012411738723,0.00012242063643440367,1.0,10.0,0.8196171357078808,1.0
2008-01-16,1373.199951171875,-0.005612078839948742,0.0001206349191211519,1.0,10.0,0.8181962188710916,1.0
2008-01-17,1333.25,-0.02909259582902124,0.00011825396901085263,1.0,10.0,0.7327492254566927,1.0
2008-01-18,1325.18994140625,-0.006045421784173999,0.00011071428420051697,1.0,10.0,0.7342442845259508,1.0
2008-01-22,1310.5,-0.011085159151345114,8.849206424894787e-05,1.0,10.0,0.7206572984768632,1.0
2008-01-23,1338.5999755859375,0.021442179004912187,8.373015456729465e-05,1.0,10.0,0.8232089115595506,1.0
2008-01-24,1352.0699462890625,0.01006273042641359,9.126983937763033e-05,1.0,10.0,0.8791273148288212,1.0
2008-01-25,1330.6099853515625,-0.015871931031674613,8.809523923056466e-05,1.0,10.0,0.8260554210083975,1.0
2008-01-28,1353.9599609375,0.01754832433469833,8.78968219908457e-05,1.0,10.0,0.8984105232400198,1.0
2008-01-29,1362.300048828125,0.0061597743886385725,8.749999697246248e-05,1.0,10.0,0.8875891472881449,1.0
2008-01-30,1355.81005859375,-0.0047639947161109975,8.4920639083499e-05,1.0,10.0,0.903981894164923,1.0
2008-01-31,1378.550048828125,0.016772253672436177,7.420634939557031e-05,1.0,10.0,0.7859422261672168,1.0
2008-02-01,1395.4200439453125,0.01223749194418322,8.13492044569954e-05,1.0,10.0,0.6023705481192154,1.0
2008-02-04,1380.8199462890625,-0.010462869384454843,8.611111413864862e-05,1.0,10.0,0.7915171120091888,1.0
2008-02-05,1336.6400146484375,-0.031995432684296055,8.511904686216325e-05,1.0,10.0,0.8740478403670392,1.0
2008-02-06,1326.449951171875,-0.007623640894248274,8.095237943861221e-05,1.0,10.0,0.8528662534125753,1.0
2008-02-07,1336.9100341796875,0.007885772846967454,8.333332954891144e-05,1.0,10.0,0.8980672198869493,1.0
2008-02-08,1331.2900390625,-0.004203719751894819,8.571428912026542e-05,1.0,10.0,0.8931263024600596,1.0
2008-02-11,1339.1300048828125,0.005888999083801139,8.690476417541504e-05,1.0,10.0,0.9162349732232321,1.0
2008-02-12,1348.8599853515625,0.007265896838448915,8.928571428571429e-05,1.0,10.0,0.8999856427151948,1.0
2008-02-13,1367.2099609375,0.013604062530741423,8.769841421218145e-05,1.0,10.0,0.7534983830243921,1.0
2008-02-14,1348.8599853515625,-0.013421475932895444,8.809523923056466e-05,1.0,10.0,0.9106728645213482,1.0
2008-02-15,1349.989990234375,0.0008377480947496796,8.452381406511579e-05,1.0,10.0,0.8847321862157354,1.0
2008-02-19,1348.780029296875,-0.0008962740066612573,8.611111413864862e-05,1.0,10.0,0.9088917053612725,1.0
2008-02-20,1360.030029296875,0.008340870828184466,8.630952191731287e-05,1.0,10.0,0.8105347681577978,1.0
2008-02-21,1342.530029296875,-0.012867362942748706,8.4920639083499e-05,1.0,10.0,0.924556141100739,1.0
2008-02-22,1353.1099853515625,0.007880610357913875,8.4920639083499e-05,1.0,10.0,0.8608187670175111,1.0
2008-02-25,1371.800048828125,0.013812671311938196,8.373015456729465e-05,1.0,10.0,0.6408201455459923,1.0
2008-02-26,1381.2900390625,0.006917910698780005,8.234127173348079e-05,1.0,10.0,0.5278535616093423,1.0
2008-02-27,1380.02001953125,-0.0009194445013966934,7.658729950586954e-05,1.0,10.0,0.5670265677554073,1.0
2008-02-28,1367.6800537109375,-0.00894187449867867,7.361111186799548e-05,1.0,10.0,0.7601743881826861,1.0
2008-02-29,1330.6300048828125,-0.027089704735838493,7.083333200878568e-05,1.0,10.0,0.9010175844786029,1.0
2008-03-03,1331.3399658203125,0.0005335524788219193,6.488095200251019e-05,1.0,10.0,0.9028651860873674,1.0
2008-03-04,1326.75,-0.003447628658457935,6.329365192897736e-05,1.0,10.0,0.8971597738300648,1.0
2008-03-05,1333.699951171875,0.005238327621537531,5.873015948704311e-05,1.0,10.0,0.9041586232497644,1.0
2008-03-06,1304.3399658203125,-0.022013935987449718,5.4166667045108856e-05,1.0,10.0,0.8461680602385175,1.0
2008-03-07,1293.3699951171875,-0.008410361554953893,5.555555460945008e-05,1.0,10.0,0.8246415865193971,1.0
2008-03-10,1273.3699951171875,-0.01546347918654778,5.1587299695090636e-05,1.0,10.0,0.7786608432492631,1.0
2008-03-11,1320.6500244140625,0.037129844018763736,5.714285941351028e-05,1.0,10.0,0.9272134312495895,1.0
2008-03-12,1308.77001953125,-0.008995573894062803,5.714285941351028e-05,1.0,10.0,0.9239098286503168,1.0
2008-03-13,1315.47998046875,0.005126921336342294,5.1587299695090636e-05,1.0,10.0,0.9302314925513557,1.0
2008-03-14,1288.1400146484375,-0.02078326255529206,4.444444463366554e-05,1.0,10.0,0.8769076149783919,1.0
2008-03-17,1276.5999755859375,-0.00895868378535658,3.9285714664156475e-05,1.0,10.0,0.8437372640375914,1.0
2008-03-18,1330.739990234375,0.04240953758720556,3.5714284768180245e-05,1.0,10.0,0.7623301725339444,1.0
2008-03-19,1298.4200439453125,-0.02428719849575589,2.5793649847545318e-05,1.0,10.0,0.9066448941868365,1.0
2008-03-20,1329.510009765625,0.0239444592412823,1.984126984126984e-05,1.0,10.0,0.7573399215795867,1.0
2008-03-24,1349.8800048828125,0.015321430427423843,4.027777721011449e-05,1.0,10.0,0.5724944376967419,1.0
2008-03-25,1352.989990234375,0.0023038976355771457,4.9801587112366204e-05,1.0,10.0,0.5499277795300211,1.0
2008-03-26,1341.1300048828125,-0.008765759863092581,5.039682463994102e-05,1.0,10.0,0.6968197962217989,1.0
2008-03-27,1325.760009765625,-0.011460481132498757,4.96031746031746e-05,1.0,10.0,0.8694502500494786,1.0
2008-03-28,1315.219970703125,-0.00795018629681199,5.357142951753405e-05,1.0,10.0,0.9181223829617969,1.0
2008-03-31,1322.699951171875,0.0056872467232620405,5.059523714913262e-05,1.0,10.0,0.8851862321215717,1.0
2008-04-01,1370.1800537109375,0.03589635162305438,5.376984202672565e-05,1.0,10.0,0.4407577409254995,1.0
2008-04-02,1367.530029296875,-0.0019340702025878453,5.4166667045108856e-05,1.0,10.0,0.46555192372466847,1.0
2008-04-03,1369.31005859375,0.001301638178863307,5.3968254535917255e-05,1.0,10.0,0.4490946650177354,1.0
2008-04-04,1370.4000244140625,0.0007959963585104646,5.238095446238442e-05,1.0,10.0,0.43486908237816363,1.0
2008-04-07,1372.5400390625,0.0015615985189088022,5.3968254535917255e-05,1.0,10.0,0.4225542187197156,1.0
2008-04-08,1365.5400390625,-0.005100033369358936,5.357142951753405e-05,1.0,10.0,0.49340698160862806,1.0
2008-04-09,1354.489990234375,-0.008092072375784243,5.059523714913262e-05,1.0,10.0,0.6537958491571001,1.0
2008-04-10,1360.550048828125,0.004474051958627934,4.900793707559979e-05,1.0,10.0,0.5580810808527715,1.0
2008-04-11,1332.8299560546875,-0.020374180867005598,4.6031744707198374e-05,1.0,10.0,0.8720035872199547,1.0
2008-04-14,1328.3199462890625,-0.0033837848145122917,4.26587320509411e-05,1.0,10.0,0.8870818774330207,1.0
2008-04-15,1334.4300537109375,0.004599876286541349,4.3650794596899126e-05,1.0,10.0,0.8507757563672708,1.0
2008-04-16,1364.7099609375,0.022691265939609684,4.4246032124473935e-05,1.0,10.0,0.46494296820361897,1.0
2008-04-17,1365.56005859375,0.0006229145243916712,4.801587452964178e-05,1.0,10.0,0.44548769554418494,1.0
2008-04-18,1390.3299560546875,0.01813900260560164,5.238095446238442e-05,1.0,10.0,0.3152027440782703,1.0
2008-04-21,1388.1700439453125,-0.001553524830540276,5.039682463994102e-05,1.0,10.0,0.3083022628778331,1.0
2008-04-22,1375.93994140625,-0.008810233726340488,4.9801587112366204e-05,1.0,10.0,0.38303975590054007,1.0
2008-04-23,1379.9300537109375,0.0028999174924810855,4.7619049511258563e-05,1.0,10.0,0.3432292854309873,1.0
2008-04-24,1388.8199462890625,0.006442277675030139,4.841269954802498e-05,1.0,10.0,0.2899933013947167,1.0
2008-04-25,1397.8399658203125,0.006494736452591576,5.099206216751583e-05,1.0,10.0,0.2595783945515371,1.0
2008-04-28,1396.3699951171875,-0.0010516015703287973,5.277777948076763e-05,1.0,10.0,0.25383602783166964,1.0
2008-04-29,1390.93994140625,-0.003888692631555557,5.714285941351028e-05,1.0,10.0,0.27691040162388386,1.0
2008-04-30,1385.5899658203125,-0.0038463023648085404,5.317460449915084e-05,1.0,10.0,0.3449021460977666,1.0
2008-05-01,1409.3399658203125,0.017140713043443112,5.4365079554300456e-05,1.0,10.0,0.23558167448401235,1.0
2008-05-02,1413.9000244140625,0.0032355987230490157,5.81349219594683e-05,1.0,10.0,0.2223047789748661,1.0
2008-05-05,1407.489990234375,-0.0045335837534509205,6.150793461572556e-05,1.0,10.0,0.22485555824773437,1.0
2008-05-06,1418.260009765625,0.007651933303949532,6.329365192897736e-05,1.0,10.0,0.202607687768086,1.0
2008-05-07,1392.5699462890625,-0.018113789643415146,6.468253949331859e-05,1.0,10.0,0.34394851122914677,1.0
2008-05-08,1397.6800537109375,0.0036695517058173976,6.428571447493539e-05,1.0,10.0,0.27722575675240807,1.0
2008-05-09,1388.280029296875,-0.0067254479228667785,6.547618953008501e-05,1.0,10.0,0.39477197085318416,1.0
2008-05-12,1403.5799560546875,0.011020778542468523,6.944444444444444e-05,1.0,10.0,0.22584669287180384,1.0
2008-05-13,1403.0400390625,-0.00038467134690722826,7.083333200878568e-05,1.0,10.0,0.23474414701150728,1.0
2008-05-14,1408.6600341796875,0.0040055842746602455,7.083333200878568e-05,1.0,10.0,0.2036862016332657,1.0
2008-05-15,1423.5699462890625,0.01058446448937378,7.103174451797728e-05,1.0,10.0,0.17626580908829131,0.0
2008-05-16,1425.3499755859375,0.0012503981989189228,7.142856953636049e-05,1.0,10.0,0.1671626021794731,0.0
2008-05-19,1426.6300048828125,0.0008980456160241346,7.16269820455521e-05,0.0,10.0,0.16338926916328717,0.0
2008-05-20,1413.4000244140625,-0.009273589104020541,7.242063681284586e-05,0.0,10.0,0.1799509610465479,0.0
2008-05-21,1390.7099609375,-0.016053532676263305,7.182539455474369e-05,0.0,10.0,0.4595388507906754,0.0
2008-05-22,1394.3499755859375,0.0026173787135195248,7.242063681284586e-05,0.0,10.0,0.3840345917905197,0.0
2008-05-23,1375.9300537109375,-0.013210400686713863,7.142856953636049e-05,0.0,10.0,0.6331319638384718,0.0
2008-05-27,1385.3499755859375,0.006846221470047986,7.341269935880388e-05,0.0,10.0,0.48531052372928407,0.0
2008-05-28,1390.8399658203125,0.003962890483361736,7.361111186799548e-05,0.0,10.0,0.36917191751971723,0.0
2008-05-29,1398.260009765625,0.005334937252062799,7.40079368863787e-05,0.0,10.0,0.2718153505698883,0.0
2008-05-30,1400.3800048828125,0.0015161665944682934,7.341269935880388e-05,0.0,10.0,0.2582880983244137,0.0
2008-06-02,1385.6700439453125,-0.010504263761414556,7.103174451797728e-05,0.0,10.0,0.4436025094458719,0.0
2008-06-03,1377.6500244140625,-0.005787827748960472,7.182539455474369e-05,0.0,10.0,0.567439849862754,0.0
2008-06-04,1377.199951171875,-0.0003266963555412783,7.16269820455521e-05,0.0,10.0,0.5795665581791705,0.0
2008-06-05,1404.050048828125,0.019496150601372664,7.182539455474369e-05,0.0,10.0,0.22488418384434505,0.0
2008-06-06,1360.6800537109375,-0.030889208795217615,7.142856953636049e-05,0.0,10.0,0.7691642659821043,0.0
2008-06-09,1361.760009765625,0.0007936884587542714,7.341269935880388e-05,0.0,10.0,0.746905049353125,0.0
2008-06-10,1358.43994140625,-0.002438071565889488,7.817460430992973e-05,0.0,10.0,0.7798718073759714,0.0
2008-06-11,1335.489990234375,-0.01689434363076614,7.559523695991153e-05,0.0,10.0,0.8129823238702245,0.0
2008-06-12,1339.8699951171875,0.0032796987733647587,7.738095427316333e-05,0.0,10.0,0.8279557063949756,0.0
2008-06-13,1360.030029296875,0.015046261393385496,7.658729950586954e-05,0.0,10.0,0.7212344304095506,0.0
2008-06-16,1360.1400146484375,8.086979639654324e-05,7.698412925478012e-05,0.0,10.0,0.6848297163099424,0.0
2008-06-17,1350.9300537109375,-0.006771332979186417,7.757936678235492e-05,0.0,10.0,0.7973435694755414,1.0
2008-06-18,1337.81005859375,-0.009711824147480841,7.46031744139535e-05,1.0,10.0,0.8559288000059205,1.0
2008-06-19,1342.8299560546875,0.003752324501292925,7.380952437718708e-05,1.0,10.0,0.8288853240078083,1.0
2008-06-20,1317.9300537109375,-0.01854285587797533,7.142856953636049e-05,1.0,10.0,0.8444029728409657,1.0
2008-06-23,1318.0,5.307283862721057e-05,7.341269935880388e-05,1.0,10.0,0.8509305346680426,1.0
2008-06-24,1314.2900390625,-0.002814841378983357,7.123015702716889e-05,1.0,10.0,0.862846861250394,1.0
2008-06-25,1321.969970703125,0.005843407020038827,6.984126946282765e-05,1.0,10.0,0.8687543409318768,1.0
2008-06-26,1283.1500244140625,-0.029365225496321257,6.666666458523462e-05,1.0,10.0,0.7920318388069112,1.0
2008-06-27,1278.3800048828125,-0.0037174293266512004,6.468253949331859e-05,1.0,10.0,0.7981842588924254,1.0
2008-06-30,1280.0,0.0012672250121246176,6.765873186172e-05,1.0,10.0,0.8204060455451785,1.0
2008-07-01,1284.9100341796875,0.003835964202880904,7.242063681284586e-05,1.0,10.0,0.8490004385889702,1.0
2008-07-02,1261.52001953125,-0.01820362050746238,7.103174451797728e-05,1.0,10.0,0.7939708729104608,1.0
2008-07-03,1262.9000244140625,0.0010939223012293997,7.182539455474369e-05,1.0,10.0,0.815552996990828,1.0
2008-07-07,1252.31005859375,-0.008385434805281422,7.043650699040247e-05,1.0,10.0,0.8008625294956228,1.0
2008-07-08,1273.699951171875,0.01708034877731812,7.222222430365428e-05,1.0,10.0,0.8954422351274307,1.0
2008-07-09,1244.68994140625,-0.022776172472122824,7.103174451797728e-05,1.0,10.0,0.8148545485293899,1.0
2008-07-10,1253.3900146484375,0.0069897513852792414,6.468253949331859e-05,1.0,10.0,0.8551729825185608,1.0
2008-07-11,1239.489990234375,-0.011089943474586694,6.230158938301934e-05,1.0,10.0,0.825067110931676,1.0
2008-07-14,1228.300048828125,-0.00902785943768214,5.65476171554081e-05,1.0,10.0,0.8025396053340678,1.0
2008-07-15,1214.9100341796875,-0.010901257116461394,5.4563492063492063e-05,1.0,10.0,0.7748134502491594,1.0
2008-07-16,1245.3599853515625,0.02506354406105049,5.337301700834244e-05,1.0,10.0,0.8841152784423505,1.0
2008-07-17,1260.3199462890625,0.012012559511679566,5.515872959106687e-05,1.0,10.0,0.8692432389671338,1.0
2008-07-18,1260.6800537109375,0.00028572698776629935,5.6349204646216496e-05,1.0,10.0,0.8500572854937659,1.0
2008-07-21,1260.0,-0.0005394340212933058,5.4761904572683664e-05,1.0,10.0,0.8735319478795616,1.0
2008-07-22,1277.0,0.013492063492063444,5.9523809523809524e-05,1.0,10.0,0.7478855621182405,1.0
2008-07-23,1282.18994140625,0.004064167115309214,6.130952210653396e-05,1.0,10.0,0.688614128536649,1.0
2008-07-24,1252.5400390625,-0.023124422822433988,6.388888945655218e-05,1.0,10.0,0.8728015094301481,1.0
2008-07-25,1257.760009765625,0.00416750805589583,6.70634943341452e-05,1.0,10.0,0.8531283799293091,1.0
2008-07-28,1234.3699951171875,-0.01859656410350974,6.607142705765981e-05,1.0,10.0,0.8587091516562104,1.0
2008-07-29,1263.199951171875,0.023356008464828548,6.666666458523462e-05,1.0,10.0,0.8251485226538148,1.0
2008-07-30,1284.260009765625,0.01667199129814123,6.626983956685142e-05,1.0,10.0,0.6329000193339538,1.0
2008-07-31,1267.3800048828125,-0.013143759639368535,6.488095200251019e-05,1.0,10.0,0.8192097081709548,1.0
2008-08-01,1260.31005859375,-0.005578395005305659,6.468253949331859e-05,1.0,10.0,0.8792458138050603,1.0
2008-08-04,1249.010009765625,-0.00896608636190177,6.587301454846822e-05,1.0,10.0,0.9065362212861459,1.0
2008-08-05,1284.8800048828125,0.028718741112345736,6.785714437091161e-05,1.0,10.0,0.668640453069981,1.0
2008-08-06,1289.18994140625,0.003354349438903892,6.349206443816897e-05,1.0,10.0,0.6200299301890777,1.0
2008-08-07,1266.0699462890625,-0.017933738369047658,6.468253949331859e-05,1.0,10.0,0.8865790277831302,1.0
2008-08-08,1296.3199462890625,0.02389283474318682,6.607142705765981e-05,1.0,10.0,0.5584452307190544,1.0
2008-08-11,1305.3199462890625,0.006942730477737413,7.023809448121085e-05,1.0,10.0,0.48242397214531146,1.0
2008-08-12,1289.5899658203125,-0.012050670422580567,7.242063681284586e-05,1.0,10.0,0.6741573618252317,1.0
2008-08-13,1285.8299560546875,-0.0029156630132689543,7.202381179446265e-05,1.0,10.0,0.7413960097678108,1.0
2008-08-14,1292.9300537109375,0.005521801403690407,7.261904932203745e-05,1.0,10.0,0.640635557972669,1.0
2008-08-15,1298.199951171875,0.004075933919094776,7.142856953636049e-05,1.0,10.0,0.566761701317188,1.0
2008-08-18,1278.5999755859375,-0.015097809523290096,6.904761942606123e-05,1.0,10.0,0.8416716426717966,1.0
2008-08-19,1266.68994140625,-0.009314902555218274,7.003968197201925e-05,1.0,10.0,0.9175899796500868,1.0
2008-08-20,1274.5400390625,0.006197331643397197,6.626983956685142e-05,1.0,10.0,0.8569419682033635,1.0
2008-08-21,1277.719970703125,0.0024949640993341404,6.686507709442624e-05,1.0,10.0,0.7966706948418865,1.0
2008-08-22,1292.199951171875,0.011332671321386378,6.607142705765981e-05,1.0,10.0,0.5799889662662921,1.0
2008-08-25,1266.8399658203125,-0.019625434383095275,6.52777770208934e-05,1.0,10.0,0.8924911023764664,1.0
2008-08-26,1271.510009765625,0.0036863724474374138,6.646825207604302e-05,1.0,10.0,0.8387350182565279,1.0
2008-08-27,1281.6600341796875,0.007982653959549557,6.50793645117018e-05,1.0,10.0,0.695812942136738,1.0
2008-08-28,1300.6800537109375,0.014840144050698667,6.74603193525284e-05,1.0,10.0,0.4466096329695615,1.0
2008-08-29,1282.8299560546875,-0.013723665251360151,6.70634943341452e-05,1.0,10.0,0.7111997498924008,1.0
2008-09-02,1277.5799560546875,-0.004092514347066145,6.547618953008501e-05,1.0,10.0,0.8102713714281037,1.0
2008-09-03,1274.97998046875,-0.0020350785667978544,6.607142705765981e-05,1.0,10.0,0.8459197664125939,1.0
2008-09-04,1236.8299560546875,-0.02992205759970956,6.547618953008501e-05,1.0,10.0,0.8620699530975767,1.0
2008-09-05,1242.31005859375,0.004430764724152825,6.50793645117018e-05,1.0,10.0,0.8998758031732401,1.0
2008-09-08,1267.7900390625,0.02051016192977806,6.626983956685142e-05,1.0,10.0,0.8099130914729676,1.0
2008-09-09,1224.510009765625,-0.03413816796421554,6.50793645117018e-05,1.0,10.0,0.8506381638472507,1.0
2008-09-10,1232.0400390625,0.006149422411268146,6.428571447493539e-05,1.0,10.0,0.8817707324773825,1.0
2008-09-11,1249.050048828125,0.013806377411702098,6.269841440140256e-05,1.0,10.0,0.8470581320516426,1.0
2008-09-12,1251.699951171875,0.002121534158087801,5.7936509450276706e-05,1.0,10.0,0.7855212854075696,1.0
2008-09-15,1192.699951171875,-0.04713589702129706,3.2142857237467695e-05,1.0,10.0,0.7666097630174693,1.0
2008-09-16,1213.5999755859375,0.017523287725070613,3.412698469464741e-05,1.0,10.0,0.8137142149269926,1.0
2008-09-17,1156.3900146484375,-0.04714070706031326,7.936507759113135e-07,1.0,10.0,0.7084879380016442,1.0
2008-09-18,1206.510009765625,0.043341774386062015,2.777777789604095e-06,1.0,10.0,0.8095213591966701,1.0
2008-09-19,1255.0799560546875,0.0402565630586833,3.650793717021033e-05,1.0,10.0,0.5621842069811848,1.0
2008-09-22,1207.0899658203125,-0.038236599989398545,3.472222222222222e-05,1.0,10.0,0.8030893286276611,1.0
2008-09-23,1188.219970703125,-0.01563263356626765,3.174603221908449e-05,1.0,10.0,0.807060428180476,1.0
2008-09-24,1185.8699951171875,-0.001977727730452905,1.746031736570691e-05,1.0,10.0,0.8240788329039049,1.0
2008-09-25,1209.1800537109375,0.019656504245599393,2.8174602323108248e-05,1.0,10.0,0.8293228854614991,1.0
2008-09-26,1213.27001953125,0.0033824291161275166,3.293650727423411e-05,1.0,10.0,0.8017851625059664,1.0
2008-09-29,1106.4200439453125,-0.08806776221769597,1.785714238409012e-05,1.0,10.0,0.6736826760183033,1.0
2008-09-30,1166.3599853515625,0.0541746705821724,3.5714284768180245e-05,1.0,10.0,0.8148311238803948,1.0
2008-10-01,1161.06005859375,-0.004543988840816637,3.174603221908449e-05,1.0,10.0,0.8215991267809736,1.0
2008-10-02,1114.280029296875,-0.04029079197981711,2.3412697371982395e-05,1.0,10.0,0.7265814665140896,1.0
2008-10-03,1099.22998046875,-0.013506522985628489,1.8650793603488375e-05,1.0,10.0,0.7131117036190865,1.0
2008-10-06,1056.8900146484375,-0.03851784119121027,1.626984112792545e-05,1.0,10.0,0.6603438490344842,1.0
2008-10-07,996.22998046875,-0.05739484084336377,3.115079469150967e-05,1.0,10.0,0.614454839605474,1.0
2008-10-08,984.9400024414062,-0.01133270253725105,2.539682482916211e-05,1.0,10.0,0.6179145016166951,1.0
2008-10-09,909.9199829101562,-0.07616709580816616,2.3015872353599187e-05,1.0,10.0,0.5842673244973466,1.0
2008-10-10,899.219970703125,-0.011759289177065702,8.333333073154326e-06,1.0,10.0,0.5883573224509756,1.0
2008-10-13,1003.3499755859376,0.11580036951513706,8.333333073154326e-06,1.0,10.0,0.7007207085184334,1.0
2008-10-14,998.010009765625,-0.005322136791994447,9.325396801744186e-06,1.0,10.0,0.6986760499262279,1.0
2008-10-15,907.8400268554688,-0.0903497780862258,7.93650805477112e-06,1.0,10.0,0.6162361434338227,1.0
2008-10-16,946.4299926757812,0.042507451399756535,1.7261904856515307e-05,1.0,10.0,0.663906803404447,1.0
2008-10-17,940.5499877929688,-0.006212826018106576,3.0952379817054386e-05,1.0,10.0,0.6647868695327385,1.0
2008-10-20,985.4000244140624,0.047684904793136695,4.04761897193061e-05,1.0,10.0,0.7201615268415726,1.0
2008-10-21,955.0499877929688,-0.03079971165937445,4.345238208770752e-05,1.0,10.0,0.6949381329799481,1.0
2008-10-22,896.780029296875,-0.06101246975642627,4.007936470092289e-05,1.0,10.0,0.6376471399759729,1.0
2008-10-23,908.1099853515624,0.012634041442214805,3.6111112151827125e-05,1.0,10.0,0.6580375827896303,1.0
2008-10-24,876.77001953125,-0.034511200543819065,3.25396822558509e-05,1.0,10.0,0.6340557064938388,1.0
2008-10-27,848.9199829101562,-0.03176435781413156,2.8968254725138346e-05,1.0,10.0,0.6185307578514693,1.0
2008-10-28,940.510009765625,0.10789005877973534,2.9761904761904762e-05,1.0,10.0,0.7053460679354965,1.0
2008-10-29,930.0900268554688,-0.011079077098555157,2.2420634826024375e-05,1.0,10.0,0.7058302521065863,1.0
2008-10-30,954.0900268554688,0.025803953710955563,1.4880952380952381e-05,1.0,10.0,0.70869787884498,1.0
2008-10-31,968.75,0.01536539816147986,1.7261904856515307e-05,1.0,10.0,0.6990121141442304,1.0
2008-11-03,966.2999877929688,-0.0025290448588709546,1.6666666146308656e-05,1.0,10.0,0.7138485607309746,1.0
2008-11-04,1005.75,0.04082584363592434,1.845238109429677e-05,1.0,10.0,0.6295147035009638,1.0
2008-11-05,952.77001953125,-0.05267708721725084,1.5079364890143985e-05,1.0,10.0,0.7412665121796885,1.0
2008-11-06,904.8800048828124,-0.05026398151360689,1.2499999905389453e-05,1.0,10.0,0.6977527975374989,1.0
2008-11-07,930.989990234375,0.028854638416884848,1.150793617679959e-05,1.0,10.0,0.7359880042369639,1.0
2008-11-10,919.2100219726562,-0.012653163176065019,7.93650805477112e-06,1.0,10.0,0.7279450801488934,1.0
2008-11-11,898.9500122070312,-0.02204067545102073,7.738094954263595e-06,1.0,10.0,0.705127214495751,1.0
2008-11-12,852.2999877929688,-0.05189390264262972,5.55555557920819e-06,1.0,10.0,0.6501216560051243,1.0
2008-11-13,911.2899780273438,0.06921270805966984,7.5396824450719925e-06,1.0,10.0,0.731722108427167,1.0
2008-11-14,873.2899780273438,-0.041699130810434304,5.158729969509063e-06,1.0,10.0,0.6916276684674025,1.0
2008-11-17,850.75,-0.025810416464710606,3.571428713344389e-06,1.0,10.0,0.668168064807913,1.0
2008-11-18,859.1199951171875,0.00983837216243022,4.365079341426725e-06,1.0,10.0,0.6868116967164803,1.0
2008-11-19,806.5800170898438,-0.06115557585198217,2.5793649847545313e-06,1.0,10.0,0.6321134019448079,1.0
2008-11-20,752.4400024414062,-0.06712293077105447,1.9841269397782539e-07,1.0,10.0,0.597254545185102,1.0
2008-11-21,800.030029296875,0.06324760339835156,3.9682538795565474e-07,1.0,10.0,0.6486888182845933,1.0
2008-11-24,851.8099975585938,0.06472253086203117,3.9682538795565474e-07,1.0,10.0,0.7014810968134484,1.0
2008-11-25,857.3900146484375,0.006550776705881445,3.96825402738556e-06,1.0,10.0,0.7038829410139847,1.0
2008-11-26,887.6799926757812,0.03532812081997916,1.1904761638669722e-06,1.0,10.0,0.6787134121165589,1.0
2008-11-28,896.239990234375,0.009643111965147444,7.936507759113135e-07,1.0,10.0,0.6716002003231692,1.0
2008-12-01,816.2100219726562,-0.0892952436107991,3.9682538795565474e-07,1.0,10.0,0.6804286335411137,1.0
2008-12-02,848.8099975585938,0.03994067054843109,1.984127013692778e-06,1.0,10.0,0.7147938565597687,1.0
2008-12-03,870.739990234375,0.025836162084397873,5.952380819334841e-07,1.0,10.0,0.704665528174408,1.0
2008-12-04,845.219970703125,-0.02930842710506598,1.9841269397782539e-07,1.0,10.0,0.7199851325390533,1.0
2008-12-05,876.0700073242188,0.03649941753675101,3.9682538795565474e-07,1.0,10.0,0.7017442290029988,1.0
2008-12-08,909.7000122070312,0.0383873487297306,1.9841269397782539e-07,1.0,10.0,0.6154489474677008,1.0
2008-12-09,888.6699829101562,-0.023117543162227583,3.9682538795565474e-07,1.0,10.0,0.6998591201318929,1.0
2008-12-10,899.239990234375,0.01189418741207482,1.9841269397782539e-07,1.0,10.0,0.6758257523267749,1.0
2008-12-11,873.5900268554688,-0.0285240465920793,3.9682538795565474e-07,1.0,10.0,0.7455585580650211,1.0
2008-12-12,879.72998046875,0.007028415417449585,3.9682538795565474e-07,1.0,10.0,0.7371998525023629,1.0
2008-12-15,868.5700073242188,-0.012685680143110334,1.9841269397782539e-07,1.0,10.0,0.7542351189053248,1.0
2008-12-16,913.1799926757812,0.05136026454446818,9.92063506846389e-07,1.0,10.0,0.633966748760447,1.0
2008-12-17,904.4199829101562,-0.009592862125632595,1.9841269397782539e-07,1.0,10.0,0.6888014079385412,1.0
2008-12-18,885.280029296875,-0.021162683238924562,1.9841269397782539e-07,1.0,10.0,0.7616922973498946,1.0
2008-12-19,887.8800048828125,0.002936896236101161,1.9841269397782539e-07,1.0,10.0,0.7571477297630216,1.0
2008-12-22,871.6300048828125,-0.018302022695223075,1.9841269397782539e-07,1.0,10.0,0.7763186678648089,1.0
2008-12-23,863.1599731445312,-0.009717462330154691,1.9841269397782539e-07,1.0,10.0,0.7738809036135947,1.0
2008-12-24,868.1500244140625,0.005781143038123382,1.9841269397782539e-07,1.0,10.0,0.7814027957264242,1.0
2008-12-26,872.7999877929688,0.005356174910027267,1.9841269397782539e-07,1.0,10.0,0.7868952867620063,1.0
2008-12-29,869.4199829101562,-0.003872599599089699,3.9682538795565474e-07,1.0,10.0,0.7896386675331277,1.0
2008-12-30,890.6400146484375,0.024407112966569722,3.571428713344389e-06,1.0,10.0,0.7461509869198503,1.0
2008-12-31,903.25,0.01415834135471683,4.563492146276289e-06,1.0,10.0,0.6940970081223214,1.0
2009-01-02,931.7999877929688,0.03160806841181141,3.3730159084948255e-06,1.0,10.0,0.5485095116139472,1.0
2009-01-05,927.4500122070312,-0.004668357633531128,3.3730159084948255e-06,1.0,10.0,0.5857610385482149,1.0
2009-01-06,934.7000122070312,0.0078171328961949,5.158729969509063e-06,1.0,10.0,0.5577922156425521,1.0
2009-01-07,906.6500244140624,-0.030009615306130888,3.96825402738556e-06,1.0,10.0,0.7612868306411584,1.0
2009-01-08,909.72998046875,0.0033970727091505726,3.1746031036452616e-06,1.0,10.0,0.7385272681575626,1.0
2009-01-09,890.3499755859375,-0.021303029798827477,2.5793649847545313e-06,1.0,10.0,0.8330005648099431,1.0
2009-01-12,870.260009765625,-0.02256412239141281,2.5793649847545313e-06,1.0,10.0,0.8193523012607647,1.0
2009-01-13,871.7899780273438,0.0017580587922576552,4.166666536577163e-06,1.0,10.0,0.8281760727334679,1.0
2009-01-14,842.6199951171875,-0.03345987410426654,4.365079341426725e-06,1.0,10.0,0.7576734510602144,1.0
2009-01-15,843.739990234375,0.0013291817470242329,3.96825402738556e-06,1.0,10.0,0.7732746468263242,1.0
2009-01-16,850.1199951171875,0.0075615769747268136,4.563492146276289e-06,1.0,10.0,0.798191820178421,1.0
2009-01-20,805.219970703125,-0.052816102046715274,3.96825402738556e-06,1.0,10.0,0.6955729574694869,1.0
2009-01-21,840.239990234375,0.04349124562903017,4.365079341426725e-06,1.0,10.0,0.799840561837443,1.0
2009-01-22,827.5,-0.015162323124874533,3.96825402738556e-06,1.0,10.0,0.7786458138896264,1.0
2009-01-23,831.9500122070312,0.005377658256231044,3.571428713344389e-06,1.0,10.0,0.7945421907532211,1.0
2009-01-26,836.5700073242188,0.005553212391849582,3.96825402738556e-06,1.0,10.0,0.8049497372076887,1.0
2009-01-27,845.7100219726562,0.010925582519593302,5.158729969509063e-06,1.0,10.0,0.8059484401466959,1.0
2009-01-28,874.0900268554688,0.03355760738960489,7.142857426688782e-06,1.0,10.0,0.686546466629836,1.0
2009-01-29,845.1400146484375,-0.03312017219917118,8.730158682853456e-06,1.0,10.0,0.8141181891670852,1.0
2009-01-30,825.8800048828125,-0.022789134855526583,8.730158682853456e-06,1.0,10.0,0.797889841632129,1.0
2009-02-02,825.4400024414062,-0.0005327680035899229,9.722222411443313e-06,1.0,10.0,0.8069777586163277,1.0
2009-02-03,838.510009765625,0.01583398827965876,1.2301587396197849e-05,1.0,10.0,0.8226916516360769,1.0
2009-02-04,832.22998046875,-0.007489510230927809,1.150793617679959e-05,1.0,10.0,0.8275734622834264,1.0
2009-02-05,845.8499755859375,0.016365662661559144,1.0714286140033176e-05,1.0,10.0,0.811241208942097,1.0
2009-02-06,868.5999755859375,0.026896022529575125,1.0714286140033176e-05,1.0,10.0,0.6756221551388718,1.0
2009-02-09,869.8900146484375,0.0014851935283901607,1.0912698649224782e-05,1.0,10.0,0.6746766004155996,1.0
2009-02-10,827.1599731445312,-0.04912120013376109,1.2103174887006245e-05,1.0,10.0,0.8146751111000213,1.0
2009-02-11,833.739990234375,0.007954951041488467,1.190476237781464e-05,1.0,10.0,0.8196808433674719,1.0
2009-02-12,835.1900024414062,0.0017391659558319006,1.130952366760799e-05,1.0,10.0,0.8072582336423092,1.0
2009-02-13,826.8400268554688,-0.00999769580757559,1.150793617679959e-05,1.0,10.0,0.8198910435161297,1.0
2009-02-17,789.1699829101562,-0.0455590473632177,1.130952366760799e-05,1.0,10.0,0.7324259183822827,1.0
2009-02-18,788.4199829101562,-0.000950365594538094,1.190476237781464e-05,1.0,10.0,0.7467552163667943,1.0
2009-02-19,778.9400024414062,-0.01202402358417931,1.190476237781464e-05,1.0,10.0,0.7339561308035737,1.0
2009-02-20,770.0499877929688,-0.01141296456796903,1.0515872448209729e-05,1.0,10.0,0.7231889531054907,1.0
2009-02-23,743.3300170898438,-0.034699008021163436,1.0714286140033176e-05,1.0,10.0,0.6756946658766051,1.0
2009-02-24,773.1400146484375,0.04010331464253336,1.1706348685991194e-05,1.0,10.0,0.7659761855605609,1.0
2009-02-25,764.9000244140625,-0.010657824039959851,1.1706348685991194e-05,1.0,10.0,0.7518328880007008,1.0
2009-02-26,752.8300170898438,-0.01577984957375933,1.0515872448209729e-05,1.0,10.0,0.7289347339065109,1.0
2009-02-27,735.0900268554688,-0.023564403426620917,9.92063492063492e-06,1.0,10.0,0.6967120189158776,1.0
2009-03-02,700.8200073242188,-0.04662016661802437,9.126984292552583e-06,1.0,10.0,0.6467579371665914,1.0
2009-03-03,696.3300170898438,-0.006406766626880556,1.0515872448209729e-05,1.0,10.0,0.6513882405297371,1.0
2009-03-04,712.8699951171875,0.02375307342984989,9.92063492063492e-06,1.0,10.0,0.6943071253524192,1.0
2009-03-05,682.5499877929688,-0.04253230958224652,7.93650805477112e-06,1.0,10.0,0.6508796090892132,1.0
2009-03-06,683.3800048828125,0.0012160531897855709,7.3412699358803885e-06,1.0,10.0,0.6633633338827193,1.0
2009-03-09,676.530029296875,-0.010023669901070842,7.93650805477112e-06,1.0,10.0,0.6613809101279704,1.0
2009-03-10,719.5999755859375,0.06366302222212594,9.325396801744186e-06,1.0,10.0,0.7425343237943576,1.0
2009-03-11,721.3599853515625,0.002445816877900686,8.730158682853456e-06,1.0,10.0,0.746759540131749,1.0
2009-03-12,750.739990234375,0.04072863130673077,7.93650805477112e-06,1.0,10.0,0.7094978891850405,1.0
2009-03-13,756.5499877929688,0.007739027671590959,7.5396824450719925e-06,1.0,10.0,0.6983049618802316,1.0
2009-03-16,753.8900146484375,-0.0035159251701146754,8.730158682853456e-06,1.0,10.0,0.7261817601233338,1.0
2009-03-17,778.1199951171875,0.032139940837456527,8.92857119204506e-06,1.0,10.0,0.6271557211879893,1.0
2009-03-18,794.3499755859375,0.020857940382711382,8.134920563962722e-06,1.0,10.0,0.5693017472559793,1.0
2009-03-19,784.0399780273438,-0.012979162680767709,7.5396824450719925e-06,1.0,10.0,0.6418573817529039,1.0
2009-03-20,768.5399780273438,-0.01976940007446848,7.93650805477112e-06,1.0,10.0,0.7454570193583787,1.0
2009-03-23,822.9199829101562,0.07075754864749229,7.5396824450719925e-06,1.0,10.0,0.5036346038879413,1.0
2009-03-24,806.1199951171875,-0.020415092769478838,8.134920563962722e-06,1.0,10.0,0.5753399704759455,1.0
2009-03-25,813.8800048828125,0.009626370531222062,7.3412699358803885e-06,1.0,10.0,0.5516635767900541,1.0
2009-03-26,832.8599853515625,0.02332036707485252,5.55555557920819e-06,1.0,10.0,0.49433803146180844,1.0
2009-03-27,815.9400024414062,-0.020315519064124654,4.96031746031746e-06,1.0,10.0,0.5758934363488071,1.0
2009-03-30,787.530029296875,-0.03481870365409789,4.761904655467893e-06,1.0,10.0,0.7827345653534689,1.0
2009-03-31,797.8699951171875,0.013129614663131228,7.93650805477112e-06,1.0,10.0,0.717111376586248,1.0
2009-04-01,811.0800170898438,0.01655660953977356,8.333333073154326e-06,1.0,10.0,0.6212935626768024,1.0
2009-04-02,834.3800048828125,0.028727113604116505,7.5396824450719925e-06,1.0,10.0,0.5009927544228526,1.0
2009-04-03,842.5,0.00973177097925304,7.93650805477112e-06,1.0,10.0,0.47781106178924715,1.0
2009-04-06,835.47998046875,-0.008332367396142404,7.3412699358803885e-06,1.0,10.0,0.5128859129642442,1.0
2009-04-07,815.5499877929688,-0.02385454246862917,7.5396824450719925e-06,1.0,10.0,0.6727826833427367,1.0
2009-04-08,825.1599731445312,0.011783441230339475,7.142857426688782e-06,1.0,10.0,0.5919072624481698,1.0
2009-04-09,856.5599975585938,0.0380532568665477,6.944444326181258e-06,1.0,10.0,0.44569670674493755,1.0
2009-04-13,858.72998046875,0.0025333694269418228,6.746031816989654e-06,1.0,10.0,0.43953029212249245,1.0
2009-04-14,841.5,-0.02006449158715151,6.547619307798051e-06,1.0,10.0,0.5183241713991983,1.0
2009-04-15,852.0599975585938,0.012549016706588034,5.55555557920819e-06,1.0,10.0,0.4650938483158597,1.0
2009-04-16,865.2999877929688,0.015538800404093056,4.96031746031746e-06,1.0,10.0,0.42673539811925787,1.0
2009-04-17,869.5999755859375,0.004969360746134077,5.158729969509063e-06,1.0,10.0,0.4180295364596667,1.0
2009-04-20,832.3900146484375,-0.04278974468970964,4.761904655467893e-06,1.0,10.0,0.6402046291243515,1.0
2009-04-21,850.0800170898438,0.021252059887909347,5.55555557920819e-06,1.0,10.0,0.49659906402305454,1.0
2009-04-22,843.5499877929688,-0.007681664273476052,5.357143070016588e-06,1.0,10.0,0.5598216987776838,1.0
2009-04-23,851.9199829101562,0.009922346320087705,3.7698412225359962e-06,1.0,10.0,0.4942711098292396,1.0
2009-04-24,866.22998046875,0.016797349335216705,3.7698412225359962e-06,1.0,10.0,0.4288862116995941,1.0
2009-04-27,857.510009765625,-0.0100665768903615,3.571428713344389e-06,1.0,10.0,0.476365925555654,1.0
2009-04-28,855.1599731445312,-0.0027405354973477625,4.761904655467893e-06,1.0,10.0,0.5021690562734165,1.0
2009-04-29,873.6400146484375,0.021610040324914648,3.7698412225359962e-06,1.0,10.0,0.41279136285582935,1.0
2009-04-30,872.8099975585938,-0.0009500676204463598,4.96031746031746e-06,1.0,10.0,0.42239476786828906,1.0
2009-05-01,877.52001953125,0.005396388659423046,5.753968088399794e-06,1.0,10.0,0.4045741762934179,1.0
2009-05-04,907.239990234375,0.03386813980494785,6.944444326181258e-06,1.0,10.0,0.37763001967684484,1.0
2009-05-05,903.7999877929688,-0.0037917226736418064,6.944444326181258e-06,1.0,10.0,0.37211390445338244,1.0
2009-05-06,919.530029296875,0.01740433914180306,7.142857426688782e-06,1.0,10.0,0.3686610950225359,1.0
2009-05-07,907.3900146484376,-0.01320241238637998,7.142857426688782e-06,1.0,10.0,0.36590126391290956,1.0
2009-05-08,929.22998046875,0.02406899510435334,6.547619307798051e-06,1.0,10.0,0.3639562877566688,1.0
2009-05-11,909.239990234375,-0.02151242496964101,6.150793698098924e-06,1.0,10.0,0.36417400239616926,0.0
2009-05-12,908.3499755859376,-0.0009788555914791441,7.142857426688782e-06,1.0,10.0,0.36633378856969284,0.0
2009-05-13,883.9199829101562,-0.02689491201893035,6.746031816989654e-06,0.0,10.0,0.4892183898916168,0.0
2009-05-14,893.0700073242188,0.010351643351174777,6.150793698098924e-06,0.0,10.0,0.42254552259087264,0.0
2009-05-15,882.8800048828125,-0.01141008247711417,6.150793698098924e-06,0.0,10.0,0.5007637095221094,0.0
2009-05-18,909.7100219726562,0.030389200051489373,6.3492062072905275e-06,0.0,10.0,0.36509221581839674,0.0
2009-05-19,908.1300048828124,-0.0017368359715523862,6.944444326181258e-06,0.0,10.0,0.37401497066714096,0.0
2009-05-20,903.469970703125,-0.005131461524926384,6.746031816989654e-06,0.0,10.0,0.40229599507569913,0.0
2009-05-21,888.3300170898438,-0.016757561517510733,6.944444326181258e-06,0.0,10.0,0.5040150476089061,0.0
2009-05-22,887.0,-0.00149721056843366,6.944444326181258e-06,0.0,10.0,0.5187829210456257,0.0
2009-05-26,910.3300170898438,0.02630216131887675,6.547619307798051e-06,0.0,10.0,0.3777957090021055,0.0
2009-05-27,893.0599975585938,-0.018971163431981575,6.3492062072905275e-06,0.0,10.0,0.48123615552300053,0.0
2009-05-28,906.8300170898438,0.015418918738823617,5.357143070016588e-06,0.0,10.0,0.3893693489870357,0.0
2009-05-29,919.1400146484376,0.01357475748111936,5.158729969509063e-06,0.0,10.0,0.3497885751999295,0.0
2009-06-01,942.8699951171876,0.025817590454732198,3.3730159084948255e-06,0.0,10.0,0.3440883822625881,0.0
2009-06-02,944.739990234375,0.0019833011198484574,5.158729969509063e-06,0.0,10.0,0.33599780293621323,0.0
2009-06-03,931.760009765625,-0.013739209309357014,5.158729969509063e-06,0.0,10.0,0.33083130716826037,0.0
2009-06-04,942.4600219726562,0.011483656837475431,5.357143070016588e-06,0.0,10.0,0.32267106896421366,0.0
2009-06-05,940.0900268554688,-0.002514690344346815,7.142857426688782e-06,0.0,10.0,0.3193316593902725,0.0
2009-06-08,939.1400146484376,-0.001010554499986438,6.746031816989654e-06,0.0,10.0,0.3171435223867311,0.0
2009-06-09,942.4299926757812,0.0035031816087351952,6.944444326181258e-06,0.0,10.0,0.3092460981535444,0.0
2009-06-10,939.1500244140624,-0.0034803309393902637,6.944444326181258e-06,0.0,10.0,0.3118388180439124,0.0
2009-06-11,944.8900146484376,0.006111899148335098,6.746031816989654e-06,0.0,10.0,0.30325039587100044,0.0
2009-06-12,946.2100219726562,0.0013969957389270427,6.547619307798051e-06,0.0,10.0,0.2949284377996193,0.0
2009-06-15,923.719970703125,-0.023768561680042266,6.150793698098924e-06,0.0,10.0,0.37978538603349943,0.0
2009-06-16,911.969970703125,-0.012720305257724385,6.547619307798051e-06,0.0,10.0,0.48531747372594897,0.0
2009-06-17,910.7100219726562,-0.0013815682214813885,6.547619307798051e-06,0.0,10.0,0.49583265261000037,0.0
2009-06-18,918.3699951171876,0.00841099028199932,6.746031816989654e-06,0.0,10.0,0.4103805653996311,0.0
2009-06-19,921.22998046875,0.003114197291689047,6.746031816989654e-06,0.0,10.0,0.37864001867924163,0.0
2009-06-22,893.0399780273438,-0.030600396251826645,7.3412699358803885e-06,0.0,10.0,0.6406669289015898,0.0
2009-06-23,895.0999755859375,0.0023067249051313965,7.738094954263595e-06,0.0,10.0,0.6195123696181929,0.0
2009-06-24,900.9400024414062,0.006524440861084724,7.142857426688782e-06,0.0,10.0,0.5560708381775022,0.0
2009-06-25,920.260009765625,0.021444277390130884,6.547619307798051e-06,0.0,10.0,0.36159729728483725,0.0
2009-06-26,918.9000244140624,-0.001477827284822486,6.944444326181258e-06,0.0,10.0,0.3743068720480808,0.0
2009-06-29,927.22998046875,0.009065138571521025,6.3492062072905275e-06,0.0,10.0,0.32151329838329834,0.0
2009-06-30,919.3200073242188,-0.008530756458643096,7.142857426688782e-06,0.0,10.0,0.37435507966152787,0.0
2009-07-01,923.3300170898438,0.004361930267673175,6.547619307798051e-06,0.0,10.0,0.34670204031233737,0.0
2009-07-02,896.4199829101562,-0.029144546025377416,6.150793698098924e-06,0.0,10.0,0.6349634147978993,0.0
2009-07-06,898.719970703125,0.0025657480163505664,6.150793698098924e-06,0.0,10.0,0.5946478146398222,0.0
2009-07-07,881.030029296875,-0.019683485382449017,7.142857426688782e-06,0.0,10.0,0.7229296122299909,0.0
2009-07-08,879.5599975585938,-0.001668537608706111,6.944444326181258e-06,0.0,10.0,0.7393045291248419,0.0
2009-07-09,882.6799926757812,0.003547222617954038,6.944444326181258e-06,0.0,10.0,0.7274794368857658,0.0
2009-07-10,879.1300048828125,-0.00402182877421664,6.547619307798051e-06,0.0,10.0,0.7479135216139725,0.0
2009-07-13,901.0499877929688,0.024933721734452963,6.746031816989654e-06,0.0,10.0,0.49688459069947627,0.0
2009-07-14,905.8400268554688,0.005316063622877065,6.944444326181258e-06,0.0,10.0,0.4271666627895486,0.0
2009-07-15,932.6799926757812,0.02962991811422233,6.944444326181258e-06,0.0,10.0,0.31992473214745776,0.0
2009-07-16,940.739990234375,0.008641760970416357,6.547619307798051e-06,0.0,10.0,0.3118913561919222,0.0
2009-07-17,940.3800048828124,-0.00038266189946167817,6.547619307798051e-06,0.0,10.0,0.30272751486589894,0.0
2009-07-20,951.1300048828124,0.01143154888894049,6.3492062072905275e-06,0.0,10.0,0.3020304600566484,0.0
2009-07-21,954.5800170898438,0.003627277227424175,7.142857426688782e-06,0.0,10.0,0.29496824707875774,0.0
2009-07-22,954.0700073242188,-0.0005342765996504406,7.142857426688782e-06,0.0,10.0,0.2831466012229133,0.0
2009-07-23,976.2899780273438,0.023289664838582524,7.142857426688782e-06,0.0,10.0,0.30979829422014193,0.0
2009-07-24,979.260009765625,0.003042161453180592,7.142857426688782e-06,0.0,10.0,0.301919143264628,0.0
2009-07-27,982.1799926757812,0.0029818259512661704,7.142857426688782e-06,0.0,10.0,0.295498810803975,0.0
2009-07-28,979.6199951171876,-0.0026064444171982615,7.3412699358803885e-06,0.0,10.0,0.2798395303142923,0.0
2009-07-29,975.1500244140624,-0.004562963930304975,6.944444326181258e-06,0.0,10.0,0.2650940429565605,0.0
2009-07-30,986.75,0.011895580470202782,6.944444326181258e-06,0.0,10.0,0.2735459287046945,0.0
2009-07-31,987.47998046875,0.0007397825880415265,6.944444326181258e-06,0.0,10.0,0.26360182925161163,0.0
2009-08-03,1002.6300048828124,0.015342107904679603,6.944444326181258e-06,0.0,10.0,0.2852300371417848,0.0
2009-08-04,1005.6500244140624,0.003012097699592653,6.944444326181258e-06,0.0,10.0,0.2813039098055663,0.0
2009-08-05,1002.719970703125,-0.002913591845875585,6.944444326181258e-06,0.0,10.0,0.2650238853901989,0.0
2009-08-06,997.0800170898438,-0.005624654717235167,6.746031816989654e-06,0.0,10.0,0.24695115646699808,0.0
2009-08-07,1010.47998046875,0.013439205629671047,6.746031816989654e-06,0.0,10.0,0.2638084007061973,0.0
2009-08-10,1007.0999755859376,-0.0033449498734694494,6.3492062072905275e-06,0.0,10.0,0.2504246290336614,0.0
2009-08-11,994.3499755859376,-0.012660113503211945,7.142857426688782e-06,0.0,10.0,0.23592834580203137,0.0
2009-08-12,1005.8099975585938,0.011525139291025832,6.746031816989654e-06,0.0,10.0,0.23999668023319734,0.0
2009-08-13,1012.72998046875,0.0068800100684554,6.547619307798051e-06,0.0,10.0,0.24511354917252393,0.0
2009-08-14,1004.0900268554688,-0.008531349698250423,6.746031816989654e-06,0.0,10.0,0.23062420162830924,0.0
2009-08-17,979.72998046875,-0.02426081898553223,6.746031816989654e-06,0.0,10.0,0.2977570191193096,0.0
2009-08-18,989.6699829101562,0.01014565506778764,6.944444326181258e-06,0.0,10.0,0.24433030554901478,0.0
2009-08-19,996.4600219726562,0.006860912404894393,6.547619307798051e-06,0.0,10.0,0.22892780415057562,0.0
2009-08-20,1007.3699951171876,0.010948731413161328,6.3492062072905275e-06,0.0,10.0,0.23000623092696001,0.0
2009-08-21,1026.1300048828125,0.01862276011451236,6.3492062072905275e-06,0.0,10.0,0.25914011930900305,0.0
2009-08-24,1025.5699462890625,-0.0005457969176273503,6.150793698098924e-06,0.0,10.0,0.2473929119905664,0.0
2009-08-25,1028.0,0.0023694665778091206,6.150793698098924e-06,0.0,10.0,0.24335820374016806,0.0
2009-08-26,1028.1199951171875,0.0001167267676920325,5.753968088399794e-06,0.0,10.0,0.23663491333647418,0.0
2009-08-27,1030.97998046875,0.002781762211750971,5.55555557920819e-06,0.0,10.0,0.23662440456256884,0.0
2009-08-28,1028.9300537109375,-0.001988328383331406,5.158729969509063e-06,0.0,10.0,0.22475473611924873,0.0
2009-08-31,1020.6199951171876,-0.008076407685613685,5.158729969509063e-06,0.0,10.0,0.21422610341609516,0.0
2009-09-01,998.0399780273438,-0.02212382394806134,5.158729969509063e-06,0.0,10.0,0.2945293789743086,0.0
2009-09-02,994.75,-0.003296439120451411,5.158729969509063e-06,0.0,10.0,0.3158620959526971,0.0
2009-09-03,1003.239990234375,0.008534797923473336,4.96031746031746e-06,0.0,10.0,0.24618224594230925,0.0
2009-09-04,1016.4000244140624,0.013117533499250822,4.96031746031746e-06,0.0,10.0,0.21331115285735078,0.0
2009-09-08,1025.3900146484375,0.008844933115342846,4.96031746031746e-06,0.0,10.0,0.21541726410712847,0.0
2009-09-09,1033.3699951171875,0.007782385584753415,5.357143070016588e-06,0.0,10.0,0.22320968016867765,0.0
2009-09-10,1044.1400146484375,0.010422229774562641,5.357143070016588e-06,0.0,10.0,0.24056202194126425,0.0
2009-09-11,1042.72998046875,-0.0013504263412050799,5.357143070016588e-06,0.0,10.0,0.22739334346974038,0.0
2009-09-14,1049.3399658203125,0.0063391150876768165,5.158729969509063e-06,0.0,10.0,0.23562375527300625,0.0
2009-09-15,1052.6300048828125,0.0031353414238139976,4.96031746031746e-06,0.0,10.0,0.2358393613467903,0.0
2009-09-16,1068.760009765625,0.015323527552882465,3.7698412225359962e-06,0.0,10.0,0.2650576260728737,0.0
2009-09-17,1065.489990234375,-0.003059638741504833,3.7698412225359962e-06,0.0,10.0,0.2448516920077994,0.0
2009-09-18,1068.300048828125,0.0026373392706691146,3.1746031036452616e-06,0.0,10.0,0.24224315992410667,0.0
2009-09-21,1064.6600341796875,-0.0034072961546995906,3.571428713344389e-06,0.0,10.0,0.22730451418284828,0.0
2009-09-22,1071.6600341796875,0.006574868761175523,3.7698412225359962e-06,0.0,10.0,0.23498953970676204,0.0
2009-09-23,1060.8699951171875,-0.010068528001755062,3.7698412225359962e-06,0.0,10.0,0.20962473618614566,0.0
2009-09-24,1050.780029296875,-0.00951102950102567,3.571428713344389e-06,0.0,10.0,0.20624906672738946,0.0
2009-09-25,1044.3800048828125,-0.006090736629573268,3.571428713344389e-06,0.0,10.0,0.21802525304846082,0.0
2009-09-28,1062.97998046875,0.017809586069224448,3.571428713344389e-06,0.0,10.0,0.2092440183447712,0.0
2009-09-29,1060.6099853515625,-0.0022295764367475934,4.761904655467893e-06,0.0,10.0,0.20697866118999605,0.0
2009-09-30,1057.0799560546875,-0.003328301020761093,4.563492146276289e-06,0.0,10.0,0.20880769631374738,0.0
2009-10-01,1029.8499755859375,-0.025759622356647194,3.7698412225359962e-06,0.0,10.0,0.33532578810452573,0.0
2009-10-02,1025.2099609375,-0.004505524841904807,3.571428713344389e-06,0.0,10.0,0.36369219249815743,0.0
2009-10-05,1040.4599609375,0.014875001786029074,3.571428713344389e-06,0.0,10.0,0.24445818573866385,0.0
2009-10-06,1054.719970703125,0.013705486324313787,2.777777789604095e-06,0.0,10.0,0.20801848113696303,0.0
2009-10-07,1057.5799560546875,0.002711606332490124,2.3809523277339444e-06,0.0,10.0,0.20109497722574798,0.0
2009-10-08,1065.47998046875,0.007469907470196047,2.3809523277339444e-06,0.0,10.0,0.20318134080778197,0.0
2009-10-09,1071.489990234375,0.005640659492242017,2.5793649847545313e-06,0.0,10.0,0.20841640273157788,0.0
2009-10-12,1076.18994140625,0.00438636964853667,2.3809523277339444e-06,0.0,10.0,0.21072262327584426,0.0
2009-10-13,1073.18994140625,-0.0027876120046986808,2.3809523277339444e-06,0.0,10.0,0.2007975832787193,0.0
2009-10-14,1092.02001953125,0.0175458950913443,2.5793649847545313e-06,0.0,10.0,0.23617098308878037,0.0
2009-10-15,1096.56005859375,0.004157468710554335,2.182539670713361e-06,0.0,10.0,0.2386774044808175,0.0
2009-10-16,1087.6800537109375,-0.008098056110305896,2.3809523277339444e-06,0.0,10.0,0.21234671551634213,0.0
2009-10-19,1097.9100341796875,0.009405321384581278,2.3809523277339444e-06,0.0,10.0,0.227153979411807,0.0
2009-10-20,1091.06005859375,-0.006239104637617676,2.9761905944536585e-06,0.0,10.0,0.2070021029647578,0.0
2009-10-21,1081.4000244140625,-0.008853806079326398,2.5793649847545313e-06,0.0,10.0,0.19569033142680642,0.0
2009-10-22,1092.9100341796875,0.010643618925255227,1.984127013692778e-06,0.0,10.0,0.20218590080794985,0.0
2009-10-23,1079.5999755859375,-0.012178549173757158,1.984127013692778e-06,0.0,10.0,0.19752715985468264,0.0
2009-10-26,1066.949951171875,-0.01171732558366989,1.984127013692778e-06,0.0,10.0,0.24128506294306584,0.0
2009-10-27,1063.4100341796875,-0.0033177910438061398,2.777777789604095e-06,0.0,10.0,0.2632248955239471,0.0
2009-10-28,1042.6300048828125,-0.019540937765275768,2.3809523277339444e-06,0.0,10.0,0.4286831492122692,0.0
2009-10-29,1066.1099853515625,0.02251995469034007,1.984127013692778e-06,0.0,10.0,0.24005596910914512,0.0
2009-10-30,1036.18994140625,-0.02806468784310845,1.7857143566721944e-06,0.0,10.0,0.47717094420304856,0.0
2009-11-02,1042.8800048828125,0.006456406503505763,1.5873015518226308e-06,0.0,10.0,0.39374426118953426,0.0
2009-11-03,1045.4100341796875,0.0024260023061419833,1.984127013692778e-06,0.0,10.0,0.34036728904420294,0.0
2009-11-04,1046.5,0.0010426203926459099,1.7857143566721944e-06,0.0,10.0,0.319530905923933,0.0
2009-11-05,1066.6300048828125,0.01923555172748448,1.3888888948020476e-06,0.0,10.0,0.2041481554449833,0.0
2009-11-06,1069.300048828125,0.0025032522365671106,1.7857143566721944e-06,0.0,10.0,0.19673052063772992,0.0
2009-11-09,1093.0799560546875,0.022238760067974983,1.7857143566721944e-06,0.0,10.0,0.2276102741453628,0.0
2009-11-10,1093.010009765625,-6.399009393143196e-05,2.3809523277339444e-06,0.0,10.0,0.21615184492923645,0.0
2009-11-11,1098.510009765625,0.005031975874749239,2.3809523277339444e-06,0.0,10.0,0.21807001046847305,0.0
2009-11-12,1087.239990234375,-0.010259368991689555,2.182539670713361e-06,0.0,10.0,0.1941913199694011,0.0
2009-11-13,1093.47998046875,0.0057392942592462415,2.182539670713361e-06,0.0,10.0,0.19629203056490485,0.0
2009-11-16,1109.300048828125,0.014467634197192325,2.182539670713361e-06,0.0,10.0,0.223184759112579,0.0
2009-11-17,1110.3199462890625,0.0009194063067201608,2.182539670713361e-06,0.0,10.0,0.2160912618618241,0.0
2009-11-18,1109.800048828125,-0.00046824112515952976,1.1904761638669722e-06,0.0,10.0,0.20655110725848722,0.0
2009-11-19,1094.9000244140625,-0.013425863902056911,1.9841269397782539e-07,0.0,10.0,0.1879597661219818,0.0
2009-11-20,1091.3800048828125,-0.00321492323752004,3.9682538795565474e-07,0.0,10.0,0.19195211072393314,0.0
2009-11-23,1106.239990234375,0.013615775701478094,7.936507759113135e-07,0.0,10.0,0.19320214332128868,0.0
2009-11-24,1105.6500244140625,-0.0005333072620051782,1.5873015518226308e-06,0.0,10.0,0.1917262182462432,0.0
2009-11-25,1110.6300048828125,0.004504120073066664,1.5873015518226308e-06,0.0,10.0,0.19491928309328807,0.0
2009-11-27,1091.489990234375,-0.017233475202623416,9.92063506846389e-07,0.0,10.0,0.2107581003946543,0.0
2009-11-30,1095.6300048828125,0.003792993692547375,1.984127013692778e-06,0.0,10.0,0.19680357875548113,0.0
2009-12-01,1108.8599853515625,0.012075226499629332,1.984127013692778e-06,0.0,10.0,0.19125899252550668,0.0
2009-12-02,1109.239990234375,0.00034269870662884117,1.5873015518226308e-06,0.0,10.0,0.18549554896357565,0.0
2009-12-03,1099.9200439453125,-0.008402100871871099,1.5873015518226308e-06,0.0,10.0,0.18705064807860444,0.0
2009-12-04,1105.97998046875,0.0055094336691066115,1.5873015518226308e-06,0.0,10.0,0.17768533559102823,0.0
2009-12-07,1103.25,-0.0024683814508043023,5.952380819334841e-07,0.0,10.0,0.18107400317217093,0.0
2009-12-08,1091.93994140625,-0.010251582681849114,9.92063506846389e-07,0.0,10.0,0.22497026920264443,0.0
2009-12-09,1095.949951171875,0.0036723720907769763,9.92063506846389e-07,0.0,10.0,0.19493178695046898,0.0
2009-12-10,1102.3499755859375,0.005839705004064388,9.92063506846389e-07,0.0,10.0,0.17696864802483736,0.0
2009-12-11,1106.4100341796875,0.003683094011583732,7.936507759113135e-07,0.0,10.0,0.1712224463675783,0.0
2009-12-14,1114.1099853515625,0.006959401066516824,7.936507759113135e-07,0.0,10.0,0.1723372608569344,0.0
2009-12-15,1107.9300537109375,-0.005546967284989268,1.5873015518226308e-06,0.0,10.0,0.16896637603660838,0.0
2009-12-16,1109.1800537109375,0.0011282300681465518,1.3888888948020476e-06,0.0,10.0,0.16968092373956464,0.0
2009-12-17,1096.0799560546875,-0.011810614167124256,1.5873015518226308e-06,0.0,10.0,0.2207983687281065,0.0
2009-12-18,1102.469970703125,0.005829880031232637,1.5873015518226308e-06,0.0,10.0,0.17948205033612988,0.0
2009-12-21,1114.050048828125,0.010503758317892853,1.7857143566721944e-06,0.0,10.0,0.16563558805332762,0.0
2009-12-22,1118.02001953125,0.0035635478920368335,2.777777789604095e-06,0.0,10.0,0.16670980993292164,0.0
2009-12-23,1120.5899658203125,0.0022986585608189003,2.182539670713361e-06,0.0,10.0,0.1667714588502282,0.0
2009-12-24,1126.47998046875,0.005256172933982839,1.5873015518226308e-06,0.0,10.0,0.17415138659340076,0.0
2009-12-28,1127.780029296875,0.0011540807210652648,2.182539670713361e-06,0.0,10.0,0.17365602994318774,0.0
2009-12-29,1126.199951171875,-0.0014010516979849896,3.7698412225359962e-06,0.0,10.0,0.16860162440829354,0.0
2009-12-30,1126.4200439453125,0.00019542957110640913,1.5873015518226308e-06,0.0,10.0,0.16879032641488717,0.0
2009-12-31,1115.0999755859375,-0.010049597767921581,1.984127013692778e-06,0.0,10.0,0.18332396817290297,0.0
2010-01-04,1132.989990234375,0.01604341766668682,2.182539670713361e-06,0.0,5.0,0.11968124125489094,0.0
2010-01-05,1136.52001953125,0.0031156756258232665,2.3809523277339444e-06,0.0,5.0,0.12491310785249717,0.0
2010-01-06,1137.1400146484375,0.0005455206301101523,1.7857143566721944e-06,0.0,5.0,0.12214459149603685,0.0
2010-01-07,1141.68994140625,0.00400120187417663,1.7857143566721944e-06,0.0,5.0,0.12914481208125586,0.0
2010-01-08,1144.97998046875,0.0028817272914287706,1.5873015518226308e-06,0.0,5.0,0.13539814121613164,0.0
2010-01-11,1146.97998046875,0.0017467554316374923,9.92063506846389e-07,0.0,5.0,0.13595799363130892,0.0
2010-01-12,1136.219970703125,-0.009381166148364262,1.5873015518226308e-06,0.0,5.0,0.11450023343284631,0.0
2010-01-13,1145.6800537109375,0.008325925658531075,1.984127013692778e-06,0.0,5.0,0.123490000887246,0.0
2010-01-14,1148.4599609375,0.0024264254383745687,1.7857143566721944e-06,0.0,5.0,0.12684358046492775,0.0
2010-01-15,1136.030029296875,-0.010823130159869354,2.182539670713361e-06,0.0,5.0,0.1131108438064165,0.0
2010-01-19,1150.22998046875,0.012499626599363545,1.984127013692778e-06,0.0,5.0,0.12293941257695137,0.0
2010-01-20,1138.0400390625,-0.010597829662970737,1.984127013692778e-06,0.0,5.0,0.11319534389469298,0.0
2010-01-21,1116.47998046875,-0.01894490338978838,1.5873015518226308e-06,0.0,5.0,0.1951194585392415,0.0
2010-01-22,1091.760009765625,-0.022140988764300484,1.7857143566721944e-06,0.0,5.0,0.4082916462436346,0.0
2010-01-25,1096.780029296875,0.004598098012701168,1.7857143566721944e-06,0.0,5.0,0.330069595494412,0.0
2010-01-26,1092.1700439453125,-0.004203199573680982,2.5793649847545313e-06,0.0,5.0,0.3620396505358723,0.0
2010-01-27,1097.5,0.004880152210944955,2.777777789604095e-06,0.0,5.0,0.271156562499892,0.0
2010-01-28,1084.530029296875,-0.011817740959567224,2.777777789604095e-06,0.0,5.0,0.4009712640260627,0.0
2010-01-29,1073.8699951171875,-0.009829173828039273,2.777777789604095e-06,0.0,5.0,0.4957379948771863,0.0
2010-02-01,1089.18994140625,0.014266108894671836,3.3730159084948255e-06,0.0,5.0,0.29514550899905184,0.0
2010-02-02,1103.3199462890625,0.01297294837718499,3.571428713344389e-06,0.0,5.0,0.14676548123909913,0.0
2010-02-03,1097.280029296875,-0.00547431142933863,3.571428713344389e-06,0.0,5.0,0.19445364668881748,0.0
2010-02-04,1063.1099853515625,-0.031140677888039425,3.3730159084948255e-06,0.0,5.0,0.5720636856816738,0.0
2010-02-05,1066.18994140625,0.002897118921960873,3.3730159084948255e-06,0.0,5.0,0.5137577650031633,0.0
2010-02-08,1056.739990234375,-0.00886329049344714,3.571428713344389e-06,0.0,5.0,0.5925603193480569,0.0
2010-02-09,1070.52001953125,0.013040132316577413,3.96825402738556e-06,0.0,5.0,0.4191708342795243,0.0
2010-02-10,1068.1300048828125,-0.0022325735201887964,3.96825402738556e-06,0.0,5.0,0.4349295883532396,0.0
2010-02-11,1078.469970703125,0.009680437561949251,3.7698412225359962e-06,0.0,5.0,0.27105880993100295,0.0
2010-02-12,1075.510009765625,-0.002744592819371894,3.571428713344389e-06,0.0,5.0,0.3009924860393148,0.0
2010-02-16,1094.8699951171875,0.01800074864554846,3.3730159084948255e-06,0.0,5.0,0.1487118266537274,0.0
2010-02-17,1099.510009765625,0.0042379594555796984,3.571428713344389e-06,0.0,5.0,0.13501498967408254,0.0
2010-02-18,1106.75,0.006584742448973557,3.3730159084948255e-06,0.0,5.0,0.1303170214506497,0.0
2010-02-19,1109.1700439453125,0.002186622042297248,3.7698412225359962e-06,0.0,5.0,0.12678777131742325,0.0
2010-02-22,1108.010009765625,-0.0010458578339902491,3.3730159084948255e-06,0.0,5.0,0.11704564291809605,0.0
2010-02-23,1094.5999755859375,-0.012102809596931441,4.563492146276289e-06,0.0,5.0,0.15863182521516014,0.0
2010-02-24,1105.239990234375,0.00972045942422195,4.365079341426725e-06,0.0,5.0,0.11766291072809702,0.0
2010-02-25,1102.93994140625,-0.002081040179913507,4.563492146276289e-06,0.0,5.0,0.12958832590128255,0.0
2010-02-26,1104.489990234375,0.0014053791778985136,4.563492146276289e-06,0.0,5.0,0.12375933558612495,0.0
2010-03-01,1115.7099609375,0.01015850827289455,4.761904655467893e-06,0.0,5.0,0.11958897029734046,0.0
2010-03-02,1118.31005859375,0.0023304422719907514,4.96031746031746e-06,0.0,5.0,0.10998789703285153,0.0
2010-03-03,1118.7900390625,0.00042920160206150193,5.357143070016588e-06,0.0,5.0,0.10402189781786006,0.0
2010-03-04,1122.969970703125,0.0037361180334851696,5.357143070016588e-06,0.0,5.0,0.10842440239997601,0.0
2010-03-05,1138.699951171875,0.014007480947064943,5.753968088399794e-06,0.0,5.0,0.13829100048509527,0.0
2010-03-08,1138.5,-0.00017559601339156572,5.753968088399794e-06,0.0,5.0,0.12228286446137426,0.0
2010-03-09,1140.449951171875,0.0017127370855292146,5.952381188907317e-06,0.0,5.0,0.11454197741039937,0.0
2010-03-10,1145.6099853515625,0.00452455995494172,5.753968088399794e-06,0.0,5.0,0.12099226894117023,0.0
2010-03-11,1150.239990234375,0.004041519314613495,5.753968088399794e-06,0.0,5.0,0.12752185345268896,0.0
2010-03-12,1149.989990234375,-0.00021734594703937127,5.55555557920819e-06,0.0,5.0,0.11038160328818526,0.0
2010-03-15,1150.510009765625,0.000452194832708086,5.753968088399794e-06,0.0,5.0,0.11171798519608006,0.0
2010-03-16,1159.4599609375,0.0077791163013856135,6.150793698098924e-06,0.0,5.0,0.12993083300994088,0.0
2010-03-17,1166.2099609375,0.005821675803744153,5.952381188907317e-06,0.0,5.0,0.13917408233168058,0.0
2010-03-18,1165.8299560546875,-0.0003258460273372066,5.753968088399794e-06,0.0,5.0,0.1263185277664435,0.0
2010-03-19,1159.9000244140625,-0.005086446449439896,5.753968088399794e-06,0.0,5.0,0.0991344271101033,0.0
2010-03-22,1165.81005859375,0.005095296193887933,5.55555557920819e-06,0.0,5.0,0.10966309241635118,0.0
2010-03-23,1174.1700439453125,0.007170966908320198,5.158729969509063e-06,0.0,5.0,0.128189648058388,0.0
2010-03-24,1167.719970703125,-0.005493304207041971,5.357143070016588e-06,0.0,5.0,0.09965594343227872,0.0
2010-03-25,1165.72998046875,-0.001704167338318907,5.158729969509063e-06,0.0,5.0,0.08723599467185122,0.0
2010-03-26,1166.5899658203125,0.000737722599547963,5.158729969509063e-06,0.0,5.0,0.08543022886190918,0.0
2010-03-29,1173.219970703125,0.005683234964352302,4.96031746031746e-06,0.0,5.0,0.09524413970153785,0.0
2010-03-30,1173.27001953125,4.265937281555665e-05,5.952381188907317e-06,0.0,5.0,0.09346016835317396,0.0
2010-03-31,1169.4300537109375,-0.00327287474868454,5.952381188907317e-06,0.0,5.0,0.08285651930590575,0.0
2010-04-01,1178.0999755859375,0.0074138011482498545,5.952381188907317e-06,0.0,5.0,0.09351643287325087,0.0
2010-04-05,1187.43994140625,0.00792799084446738,6.3492062072905275e-06,0.0,5.0,0.11255651306936339,0.0
2010-04-06,1189.43994140625,0.0016842957106795176,6.547619307798051e-06,0.0,5.0,0.11458534635891013,0.0
2010-04-07,1182.449951171875,-0.005876707172041695,6.3492062072905275e-06,0.0,5.0,0.09033756765087256,0.0
2010-04-08,1186.43994140625,0.003374341747336196,6.150793698098924e-06,0.0,5.0,0.09728394967427706,0.0
2010-04-09,1194.3699951171875,0.00668390656297202,5.952381188907317e-06,0.0,5.0,0.11357905436265406,0.0
2010-04-12,1196.47998046875,0.0017666094762833762,5.357143070016588e-06,0.0,5.0,0.11283165111422569,0.0
2010-04-13,1197.300048828125,0.0006854008197059169,5.952381188907317e-06,0.0,5.0,0.1160500799283156,0.0
2010-04-14,1210.6500244140625,0.011150066851666862,6.150793698098924e-06,0.0,5.0,0.1439903267055423,0.0
2010-04-15,1211.6700439453125,0.0008425387276917995,5.952381188907317e-06,0.0,5.0,0.1421864922104262,0.0
2010-04-16,1192.1300048828125,-0.016126534744455467,5.952381188907317e-06,0.0,5.0,0.09385800112669453,0.0
2010-04-19,1197.52001953125,0.004521331252766547,5.952381188907317e-06,0.0,5.0,0.10519662803698594,0.0
2010-04-20,1207.1700439453125,0.008058340784849571,5.753968088399794e-06,0.0,5.0,0.11988055984654265,0.0
2010-04-21,1205.93994140625,-0.0010189969053922,5.753968088399794e-06,0.0,5.0,0.10476430782318419,0.0
2010-04-22,1208.6700439453125,0.002263879356942944,5.952381188907317e-06,0.0,5.0,0.11397037699172716,0.0
2010-04-23,1217.280029296875,0.0071235200993795544,6.150793698098924e-06,0.0,5.0,0.13230622017061913,0.0
2010-04-26,1212.050048828125,-0.004296448099761374,5.952381188907317e-06,0.0,5.0,0.10345933087355963,0.0
2010-04-27,1183.7099609375,-0.023381945257149872,5.753968088399794e-06,0.0,5.0,0.13074673891142768,0.0
2010-04-28,1191.3599853515625,0.006462752419523099,6.150793698098924e-06,0.0,5.0,0.09869836866685569,0.0
2010-04-29,1206.780029296875,0.012943228020842135,6.3492062072905275e-06,0.0,5.0,0.09539908369504066,0.0
2010-04-30,1186.68994140625,-0.016647680109796337,6.150793698098924e-06,0.0,5.0,0.10985541924797701,0.0
2010-05-03,1202.260009765625,0.013120586781854904,6.3492062072905275e-06,0.0,5.0,0.08442924956577434,0.0
2010-05-04,1173.5999755859375,-0.02383846584506677,6.150793698098924e-06,0.0,5.0,0.18924628009728986,0.0
2010-05-05,1165.8699951171875,-0.006586554728659322,5.753968088399794e-06,0.0,5.0,0.24128166091562486,0.0
2010-05-06,1128.1500244140625,-0.032353496411350324,3.96825402738556e-06,0.0,5.0,0.5532621900126071,0.0
2010-05-07,1110.8800048828125,-0.015308264998017185,4.761904655467893e-06,0.0,5.0,0.6183304360781771,0.0
2010-05-10,1159.72998046875,0.04397412445198401,5.753968088399794e-06,0.0,5.0,0.22406605709306426,0.0
2010-05-11,1155.7900390625,-0.003397292018489928,5.952381188907317e-06,0.0,5.0,0.2563015890383868,0.0
2010-05-12,1171.6700439453125,0.013739523915341278,5.952381188907317e-06,0.0,5.0,0.1312125989671437,0.0
2010-05-13,1157.43994140625,-0.012145144968583543,6.150793698098924e-06,0.0,5.0,0.22249060526794132,0.0
2010-05-14,1135.6800537109375,-0.018800014512092122,5.753968088399794e-06,0.0,5.0,0.46592432850420207,0.0
2010-05-17,1136.93994140625,0.0011093685155389998,5.952381188907317e-06,0.0,5.0,0.41016220256282393,0.0
2010-05-18,1120.800048828125,-0.014195906037184347,6.547619307798051e-06,0.0,5.0,0.579074585400471,0.0
2010-05-19,1115.050048828125,-0.005130263873571406,6.547619307798051e-06,0.0,5.0,0.613282689058309,0.0
2010-05-20,1071.5899658203125,-0.03897590341661106,6.150793698098924e-06,0.0,5.0,0.7153890246971117,0.0
2010-05-21,1087.68994140625,0.015024380686144978,5.952381188907317e-06,0.0,5.0,0.7327510399613139,0.0
2010-05-24,1073.6500244140625,-0.012908014000787449,5.952381188907317e-06,0.0,5.0,0.754846390427407,0.0
2010-05-25,1074.030029296875,0.00035393738571354305,6.3492062072905275e-06,0.0,5.0,0.7683767172957114,1.0
2010-05-26,1067.949951171875,-0.0056609945338124135,6.3492062072905275e-06,1.0,5.0,0.7853310588632003,1.0
2010-05-27,1103.06005859375,0.032876173067238,6.3492062072905275e-06,1.0,5.0,0.5354883489168187,1.0
2010-05-28,1089.4100341796875,-0.01237468831159061,5.952381188907317e-06,1.0,5.0,0.7114308967011127,1.0
2010-06-01,1070.7099609375,-0.01716532127985071,5.753968088399794e-06,1.0,5.0,0.8103527718799698,1.0
2010-06-02,1098.3800048828125,0.025842707133391096,5.753968088399794e-06,1.0,5.0,0.5358692806206364,1.0
2010-06-03,1102.8299560546875,0.004051376711240895,5.158729969509063e-06,1.0,5.0,0.43743713631487474,1.0
2010-06-04,1064.8800048828125,-0.034411425771964765,4.761904655467893e-06,1.0,5.0,0.8229453280193806,1.0
2010-06-07,1050.469970703125,-0.01353207320412908,4.166666536577163e-06,1.0,5.0,0.8293051225929645,1.0
2010-06-08,1062.0,0.010976067492112662,4.365079341426725e-06,1.0,5.0,0.8402062111366545,1.0
2010-06-09,1055.68994140625,-0.005941674758709992,3.7698412225359962e-06,1.0,5.0,0.8581767896033539,1.0
2010-06-10,1086.8399658203125,0.029506792849203878,3.3730159084948255e-06,1.0,5.0,0.526020241289336,1.0
2010-06-11,1091.5999755859375,0.004379678623643857,2.777777789604095e-06,1.0,5.0,0.4312508659363142,1.0
2010-06-14,1089.6300048828125,-0.0018046635646612463,2.182539670713361e-06,1.0,5.0,0.4737555806491121,1.0
2010-06-15,1115.22998046875,0.023494191121040897,3.1746031036452616e-06,1.0,5.0,0.2411641559483177,1.0
2010-06-16,1114.6099853515625,-0.0005559347650669899,3.571428713344389e-06,1.0,5.0,0.23695908120246792,1.0
2010-06-17,1116.0400390625,0.0012830081640498037,3.571428713344389e-06,1.0,5.0,0.21481436000597715,1.0
2010-06-18,1117.510009765625,0.0013171307943036226,3.7698412225359962e-06,1.0,5.0,0.19609501703953236,1.0
2010-06-21,1113.199951171875,-0.003856841152281021,4.166666536577163e-06,1.0,5.0,0.21487457525540066,1.0
2010-06-22,1095.31005859375,-0.016070691127224812,4.96031746031746e-06,1.0,5.0,0.4544373351621387,1.0
2010-06-23,1092.0400390625,-0.0029854738442266493,4.761904655467893e-06,1.0,5.0,0.5047319707714172,1.0
2010-06-24,1073.68994140625,-0.01680350261882635,4.96031746031746e-06,1.0,5.0,0.7472993608845804,1.0
2010-06-25,1076.760009765625,0.002859362131449217,4.96031746031746e-06,1.0,5.0,0.6990621345360108,1.0
2010-06-28,1074.5699462890625,-0.00203393834902843,5.357143070016588e-06,1.0,5.0,0.7100229086144525,1.0
2010-06-29,1041.239990234375,-0.03101701864061035,6.3492062072905275e-06,1.0,5.0,0.8190321490986587,1.0
2010-06-30,1030.7099609375,-0.0101129704925228,6.746031816989654e-06,1.0,5.0,0.814178679403854,1.0
2010-07-01,1027.3699951171875,-0.0032404516759250157,6.547619307798051e-06,1.0,5.0,0.8270940585389146,1.0
2010-07-02,1022.5800170898438,-0.004662369010297374,6.3492062072905275e-06,1.0,5.0,0.8313161460028283,1.0
2010-07-06,1028.06005859375,0.00535903441522545,6.3492062072905275e-06,1.0,5.0,0.8665672345555792,1.0
2010-07-07,1060.27001953125,0.03133081639370272,6.150793698098924e-06,1.0,5.0,0.6667568554480763,1.0
2010-07-08,1070.25,0.00941267817151159,5.753968088399794e-06,1.0,5.0,0.487776259712693,1.0
2010-07-09,1077.9599609375,0.007203887818266752,5.753968088399794e-06,1.0,5.0,0.373553140926533,1.0
2010-07-12,1078.75,0.0007329020475055348,5.55555557920819e-06,1.0,5.0,0.35323223047770685,1.0
2010-07-13,1095.3399658203125,0.015378879091830777,5.753968088399794e-06,1.0,5.0,0.24499877820720145,1.0
2010-07-14,1095.1700439453125,-0.0001551316306374062,5.753968088399794e-06,1.0,5.0,0.23685080821271137,1.0
2010-07-15,1096.47998046875,0.0011961033180916125,5.753968088399794e-06,1.0,5.0,0.21927282671998025,1.0
2010-07-16,1064.8800048828125,-0.028819473359129044,5.753968088399794e-06,1.0,5.0,0.6218262459468348,1.0
2010-07-19,1071.25,0.005981890060832162,5.753968088399794e-06,1.0,5.0,0.48512629862657813,1.0
2010-07-20,1083.47998046875,0.011416551196032687,5.952381188907317e-06,1.0,5.0,0.29695305689341733,1.0
2010-07-21,1069.5899658203125,-0.012819816608358736,5.952381188907317e-06,1.0,5.0,0.5101144984780659,1.0
2010-07-22,1093.6700439453125,0.022513373250030444,5.753968088399794e-06,1.0,5.0,0.22246906237932715,1.0
2010-07-23,1102.6600341796875,0.008220020548377116,5.753968088399794e-06,1.0,5.0,0.18989237019718544,1.0
2010-07-26,1115.010009765625,0.011200166146517754,5.753968088399794e-06,1.0,5.0,0.1832896285360046,0.0
2010-07-27,1113.8399658203125,-0.0010493573466290318,5.952381188907317e-06,1.0,5.0,0.16223370383717484,0.0
2010-07-28,1106.1300048828125,-0.006921964711350426,5.753968088399794e-06,0.0,5.0,0.15597063292523478,0.0
2010-07-29,1101.530029296875,-0.004158621107493432,5.753968088399794e-06,0.0,5.0,0.1741068623345083,0.0
2010-07-30,1101.5999755859375,6.349921218862242e-05,5.55555557920819e-06,0.0,5.0,0.164297368412718,0.0
2010-08-02,1125.8599853515625,0.022022522061804883,5.55555557920819e-06,0.0,5.0,0.14740897074823617,0.0
2010-08-03,1120.4599609375,-0.004796355216742376,5.952381188907317e-06,0.0,5.0,0.12691021857509083,0.0
2010-08-04,1127.239990234375,0.006051112519185553,5.753968088399794e-06,0.0,5.0,0.12501819482536375,0.0
2010-08-05,1125.81005859375,-0.001268524584838171,5.55555557920819e-06,0.0,5.0,0.12009988942028367,0.0
2010-08-06,1121.6400146484375,-0.003704038628435491,5.55555557920819e-06,0.0,5.0,0.12514164979268624,0.0
2010-08-09,1127.7900390625,0.005483064382283187,5.55555557920819e-06,0.0,5.0,0.11860888686301416,0.0
2010-08-10,1121.06005859375,-0.0059674054882985494,5.753968088399794e-06,0.0,5.0,0.12457388471577699,0.0
2010-08-11,1089.469970703125,-0.028178764954173263,5.753968088399794e-06,0.0,5.0,0.44007498377530696,0.0
2010-08-12,1083.6099853515625,-0.0053787488495717906,5.952381188907317e-06,0.0,5.0,0.4954514582848343,0.0
2010-08-13,1079.25,-0.004023574358396065,5.753968088399794e-06,0.0,5.0,0.5415328520052878,0.0
2010-08-16,1079.3800048828125,0.00012045854325926086,5.952381188907317e-06,0.0,5.0,0.5054344071679705,0.0
2010-08-17,1092.5400390625,0.012192216013040102,6.150793698098924e-06,0.0,5.0,0.29307310496767064,0.0
2010-08-18,1094.1600341796875,0.0014827787168125717,5.952381188907317e-06,0.0,5.0,0.255630614610723,0.0
2010-08-19,1075.6300048828125,-0.016935392189468268,5.753968088399794e-06,0.0,5.0,0.5274487933392682,0.0
2010-08-20,1071.68994140625,-0.0036630286052607985,5.753968088399794e-06,0.0,5.0,0.5588418925360493,0.0
2010-08-23,1067.3599853515625,-0.004040306703826824,5.952381188907317e-06,0.0,5.0,0.6031089513361381,0.0
2010-08-24,1051.8699951171875,-0.014512432962598854,6.150793698098924e-06,0.0,5.0,0.7178064377957445,0.0
2010-08-25,1055.3299560546875,0.0032893427453595248,5.952381188907317e-06,0.0,5.0,0.6836875080819542,0.0
2010-08-26,1047.219970703125,-0.007684786454732473,5.753968088399794e-06,0.0,5.0,0.7308366787581259,0.0
2010-08-27,1064.5899658203125,0.01658676839931239,5.55555557920819e-06,0.0,5.0,0.5368633947060215,0.0
2010-08-30,1048.9200439453125,-0.01471920868888299,5.158729969509063e-06,0.0,5.0,0.7188497778401273,0.0
2010-08-31,1049.3299560546875,0.000390794428747121,5.357143070016588e-06,0.0,5.0,0.6967882251412795,0.0
2010-09-01,1080.2900390625,0.029504621333996228,5.158729969509063e-06,0.0,5.0,0.27554212438037423,0.0
2010-09-02,1090.0999755859375,0.009080835857702363,4.96031746031746e-06,0.0,5.0,0.2087011126278751,0.0
2010-09-03,1104.510009765625,0.013219002387319545,4.96031746031746e-06,0.0,5.0,0.1845605617164836,0.0
2010-09-07,1091.8399658203125,-0.011471189788493708,4.761904655467893e-06,0.0,5.0,0.19869386173251496,0.0
2010-09-08,1098.8699951171875,0.006438699367075529,5.158729969509063e-06,0.0,5.0,0.17090391144713243,0.0
2010-09-09,1104.1800537109375,0.0048322900955937165,5.357143070016588e-06,0.0,5.0,0.157465488527634,0.0
2010-09-10,1109.550048828125,0.004863332840635781,5.357143070016588e-06,0.0,5.0,0.14786461555460725,0.0
2010-09-13,1121.9000244140625,0.011130616053760978,5.357143070016588e-06,0.0,5.0,0.15382741765713573,0.0
2010-09-14,1121.0999755859375,-0.0007131195389205036,5.753968088399794e-06,0.0,5.0,0.1356104767326082,0.0
2010-09-15,1125.0699462890625,0.00354113887216001,5.952381188907317e-06,0.0,5.0,0.13185537966687344,0.0
2010-09-16,1124.6600341796875,-0.00036434366656679096,5.952381188907317e-06,0.0,5.0,0.12384361963993858,0.0
2010-09-17,1125.5899658203125,0.0008268557718451586,5.753968088399794e-06,0.0,5.0,0.11118799174961509,0.0
2010-09-20,1142.7099609375,0.015209797205957498,5.952381188907317e-06,0.0,5.0,0.1462999095597674,0.0
2010-09-21,1139.780029296875,-0.002564020390809607,6.150793698098924e-06,0.0,5.0,0.12191375237628115,0.0
2010-09-22,1134.280029296875,-0.004825492514895946,6.150793698098924e-06,0.0,5.0,0.10255343951510151,0.0
2010-09-23,1124.8299560546875,-0.008331340584428193,5.952381188907317e-06,0.0,5.0,0.10772802409139871,0.0
2010-09-24,1148.6700439453125,0.021194392772258208,5.55555557920819e-06,0.0,5.0,0.1296670499072041,0.0
2010-09-27,1142.1600341796875,-0.005667432349210744,5.158729969509063e-06,0.0,5.0,0.1121951144873147,0.0
2010-09-28,1147.699951171875,0.004850385958537151,5.952381188907317e-06,0.0,5.0,0.10831679263215106,0.0
2010-09-29,1144.72998046875,-0.0025877588476783675,6.150793698098924e-06,0.0,5.0,0.10018743628511638,0.0
2010-09-30,1141.199951171875,-0.003083722237648967,6.150793698098924e-06,0.0,5.0,0.10264454059998585,0.0
2010-10-01,1146.239990234375,0.004416438203773465,5.952381188907317e-06,0.0,5.0,0.09346104900294132,0.0
2010-10-04,1137.030029296875,-0.008034932488803492,5.753968088399794e-06,0.0,5.0,0.10581863335135795,0.0
2010-10-05,1160.75,0.02086134059079603,4.563492146276289e-06,0.0,5.0,0.11965989008358545,0.0
2010-10-06,1159.969970703125,-0.0006720045633211713,4.563492146276289e-06,0.0,5.0,0.11246582309198144,0.0
2010-10-07,1158.06005859375,-0.0016465185803191673,4.563492146276289e-06,0.0,5.0,0.10808744232926233,0.0
2010-10-08,1165.1500244140625,0.00612227817348443,4.563492146276289e-06,0.0,5.0,0.1097105054522989,0.0
2010-10-11,1165.3199462890625,0.00014583690635494584,4.563492146276289e-06,0.0,5.0,0.10266582579775854,0.0
2010-10-12,1169.77001953125,0.003818756605307172,4.563492146276289e-06,0.0,5.0,0.10320276265456653,0.0
2010-10-13,1178.0999755859375,0.007121020299379444,5.158729969509063e-06,0.0,5.0,0.11331387610626423,0.0
2010-10-14,1173.81005859375,-0.0036413861990395313,5.357143070016588e-06,0.0,5.0,0.09535063356367371,0.0
2010-10-15,1176.18994140625,0.002027485447987365,5.357143070016588e-06,0.0,5.0,0.09032309843926536,0.0
2010-10-18,1184.7099609375,0.007243744595420987,5.357143070016588e-06,0.0,5.0,0.1068053174089495,0.0
2010-10-19,1165.9000244140625,-0.015877250249970554,5.357143070016588e-06,0.0,5.0,0.07244922483173825,0.0
2010-10-20,1178.1700439453125,0.01052407519882892,5.357143070016588e-06,0.0,5.0,0.07901063823774976,0.0
2010-10-21,1180.260009765625,0.0017739084702186325,4.761904655467893e-06,0.0,5.0,0.07727970411202996,0.0
2010-10-22,1183.0799560546875,0.0023892585241640507,4.761904655467893e-06,0.0,5.0,0.08171818084885796,0.0
2010-10-25,1185.6199951171875,0.002146971596890701,4.563492146276289e-06,0.0,5.0,0.08098513134539276,0.0
2010-10-26,1185.6400146484375,1.688528477283846e-05,5.158729969509063e-06,0.0,5.0,0.07909613926474206,0.0
2010-10-27,1182.449951171875,-0.002690583513671685,5.158729969509063e-06,0.0,5.0,0.06988566444152347,0.0
2010-10-28,1183.780029296875,0.0011248494058304637,4.96031746031746e-06,0.0,5.0,0.07010857487115921,0.0
2010-10-29,1183.260009765625,-0.0004392872986367369,4.365079341426725e-06,0.0,5.0,0.06763889607607343,0.0
2010-11-01,1184.3800048828125,0.0009465333975153811,4.166666536577163e-06,0.0,5.0,0.0669880883836928,0.0
2010-11-02,1193.5699462890625,0.007759284493458862,4.96031746031746e-06,0.0,5.0,0.07857123183057185,0.0
2010-11-03,1197.9599609375,0.003678053944041082,4.761904655467893e-06,0.0,5.0,0.08815260422448197,0.0
2010-11-04,1221.06005859375,0.01928286287479275,4.563492146276289e-06,0.0,5.0,0.14712492281587705,0.0
2010-11-05,1225.8499755859375,0.00392275298702649,4.761904655467893e-06,0.0,5.0,0.15056428265875074,0.0
2010-11-08,1223.25,-0.0021209574072836856,4.365079341426725e-06,0.0,5.0,0.13041476996770382,0.0
2010-11-09,1213.4000244140625,-0.008052299681943542,4.96031746031746e-06,0.0,5.0,0.08881171724352395,0.0
2010-11-10,1218.7099609375,0.004376080778473401,4.96031746031746e-06,0.0,5.0,0.10152575539337604,0.0
2010-11-11,1213.5400390625,-0.004242126544221403,4.96031746031746e-06,0.0,5.0,0.0894378067119966,0.0
2010-11-12,1199.2099609375,-0.011808492232419865,4.96031746031746e-06,0.0,5.0,0.07992197506461199,0.0
2010-11-15,1197.75,-0.0012174356326716262,5.158729969509063e-06,0.0,5.0,0.07574258520266808,0.0
2010-11-16,1178.3399658203125,-0.016205413633636034,5.357143070016588e-06,0.0,5.0,0.1800546451454998,0.0
2010-11-17,1178.5899658203125,0.00021216287934855416,5.357143070016588e-06,0.0,5.0,0.15625747845990204,0.0
2010-11-18,1196.68994140625,0.015357313493959523,5.357143070016588e-06,0.0,5.0,0.06193222818302121,0.0
2010-11-19,1199.72998046875,0.002540373205550228,5.158729969509063e-06,0.0,5.0,0.061360784771872116,0.0
2010-11-22,1197.8399658203125,-0.0015753666901773267,4.96031746031746e-06,0.0,5.0,0.06924540816239225,0.0
2010-11-23,1180.72998046875,-0.014284032792181156,5.55555557920819e-06,0.0,5.0,0.14168834642986863,0.0
2010-11-24,1198.3499755859375,0.014922967493543604,5.952381188907317e-06,0.0,5.0,0.07289189668683672,0.0
2010-11-26,1189.4000244140625,-0.007468562068020934,6.150793698098924e-06,0.0,5.0,0.09664275489892192,0.0
2010-11-29,1187.760009765625,-0.001378858764733426,6.150793698098924e-06,0.0,5.0,0.10964818261285669,0.0
2010-11-30,1180.550048828125,-0.006070216944686235,6.3492062072905275e-06,0.0,5.0,0.15234747460171688,0.0
2010-12-01,1206.0699462890625,0.02161695515261708,6.150793698098924e-06,0.0,5.0,0.08714757236615209,0.0
2010-12-02,1221.530029296875,0.012818562518186694,5.753968088399794e-06,0.0,5.0,0.11292248442744826,0.0
2010-12-03,1224.7099609375,0.0026032365675492386,5.158729969509063e-06,0.0,5.0,0.1148238067000318,0.0
2010-12-06,1223.1199951171875,-0.001298238661417761,4.96031746031746e-06,0.0,5.0,0.101494115813611,0.0
2010-12-07,1223.75,0.0005150801927265025,5.55555557920819e-06,0.0,5.0,0.08209385706955027,0.0
2010-12-08,1228.280029296875,0.003701760406026544,5.357143070016588e-06,0.0,5.0,0.09029573846578773,0.0
2010-12-09,1233.0,0.0038427480627742927,5.357143070016588e-06,0.0,5.0,0.09779331779944864,0.0
2010-12-10,1240.4000244140625,0.006001641860553519,4.563492146276289e-06,0.0,5.0,0.11507045576436915,0.0
2010-12-13,1240.4599609375,4.832031784740565e-05,4.761904655467893e-06,0.0,5.0,0.10073672277463122,0.0
2010-12-14,1241.5899658203125,0.00091095635360805,5.357143070016588e-06,0.0,5.0,0.09726262264908322,0.0
2010-12-15,1235.22998046875,-0.005122452280258649,5.357143070016588e-06,0.0,5.0,0.07164592548609834,0.0
2010-12-16,1242.8699951171875,0.006185094896691501,4.96031746031746e-06,0.0,5.0,0.08542762909160342,0.0
2010-12-17,1243.9100341796875,0.0008368043854836138,4.166666536577163e-06,0.0,5.0,0.0862292445531352,0.0
2010-12-20,1247.0799560546875,0.0025483530061645165,3.96825402738556e-06,0.0,5.0,0.09094262042745847,0.0
2010-12-21,1254.5999755859375,0.006030102155631267,5.158729969509063e-06,0.0,5.0,0.1052689227580809,0.0
2010-12-22,1258.8399658203125,0.0033795554893063517,5.158729969509063e-06,0.0,5.0,0.11288658970069379,0.0
2010-12-23,1256.77001953125,-0.0016443283858672553,5.158729969509063e-06,0.0,5.0,0.1014154828662683,0.0
2010-12-27,1257.5400390625,0.0006126972471360848,4.761904655467893e-06,0.0,5.0,0.10532379145942106,0.0
2010-12-28,1258.510009765625,0.0007713239125555216,5.55555557920819e-06,0.0,5.0,0.10616812657317913,0.0
2010-12-29,1259.780029296875,0.0010091453555356455,4.96031746031746e-06,0.0,5.0,0.10404619297361528,0.0
2010-12-30,1257.8800048828125,-0.0015082191889665975,4.365079341426725e-06,0.0,5.0,0.09875186724151924,0.0
2010-12-31,1257.6400146484375,-0.0001907894500615681,4.563492146276289e-06,0.0,5.0,0.10070849321383635,0.0
2011-01-03,1271.8699951171875,0.011314828013585299,4.761904655467893e-06,0.0,5.0,0.115523396138222,0.0
2011-01-04,1270.199951171875,-0.0013130618315739806,5.357143070016588e-06,0.0,5.0,0.10601865181429647,0.0
2011-01-05,1276.56005859375,0.0050071702616640845,5.357143070016588e-06,0.0,5.0,0.11537738752080488,0.0
2011-01-06,1273.8499755859375,-0.002122957701494954,5.55555557920819e-06,0.0,5.0,0.10263408013061096,0.0
2011-01-07,1271.5,-0.001844782063018524,5.357143070016588e-06,0.0,5.0,0.0978959040671478,0.0
2011-01-10,1269.75,-0.001376327172630698,5.357143070016588e-06,0.0,5.0,0.10092348910597657,0.0
2011-01-11,1274.47998046875,0.0037251273626697223,5.753968088399794e-06,0.0,5.0,0.10063143306451287,0.0
2011-01-12,1285.9599609375,0.00900758006769764,5.753968088399794e-06,0.0,5.0,0.11609960329941472,0.0
2011-01-13,1283.760009765625,-0.001710746243041017,5.55555557920819e-06,0.0,5.0,0.10811525106229035,0.0
2011-01-14,1293.239990234375,0.007384542591010179,5.753968088399794e-06,0.0,5.0,0.12326607924157482,0.0
2011-01-18,1295.02001953125,0.00137641065101346,5.753968088399794e-06,0.0,5.0,0.12366641363457413,0.0
2011-01-19,1281.9200439453125,-0.010115654884377157,6.150793698098924e-06,0.0,5.0,0.08682243332477367,0.0
2011-01-20,1280.260009765625,-0.0012949592195925508,6.150793698098924e-06,0.0,5.0,0.08951655787392934,0.0
2011-01-21,1283.3499755859375,0.0024135455272700224,5.952381188907317e-06,0.0,5.0,0.07944222261755611,0.0
2011-01-24,1290.8399658203125,0.00583628034196626,5.952381188907317e-06,0.0,5.0,0.08805544147571123,0.0
2011-01-25,1291.1800537109375,0.0002634624737614111,5.952381188907317e-06,0.0,5.0,0.09312765927291397,0.0
2011-01-26,1296.6300048828125,0.00422090718967616,6.150793698098924e-06,0.0,5.0,0.09810673815730647,0.0
2011-01-27,1299.5400390625,0.0022443057531671418,5.55555557920819e-06,0.0,5.0,0.10336528914682915,0.0
2011-01-28,1276.3399658203125,-0.017852526697772375,5.357143070016588e-06,0.0,5.0,0.09094941720172915,0.0
2011-01-31,1286.1199951171875,0.007662558220206783,5.753968088399794e-06,0.0,5.0,0.07985374890089686,0.0
2011-02-01,1307.5899658203125,0.01669359840810869,5.952381188907317e-06,0.0,5.0,0.1080715298805966,0.0
2011-02-02,1304.030029296875,-0.00272251746839014,5.952381188907317e-06,0.0,5.0,0.08861977861681236,0.0
2011-02-03,1307.0999755859375,0.0023541990752451447,5.753968088399794e-06,0.0,5.0,0.09488634764669511,0.0
2011-02-04,1310.8699951171875,0.002884262567260709,5.753968088399794e-06,0.0,5.0,0.10467508177214162,0.0
2011-02-07,1319.050048828125,0.006240171597036381,5.55555557920819e-06,0.0,5.0,0.11625171479331695,0.0
2011-02-08,1324.5699462890625,0.004184752099316791,5.753968088399794e-06,0.0,5.0,0.12755280340749262,0.0
2011-02-09,1320.8800048828125,-0.0027857656113878804,5.158729969509063e-06,0.0,5.0,0.11151653277874046,0.0
2011-02-10,1321.8699951171875,0.0007494929370688297,4.365079341426725e-06,0.0,5.0,0.11576957584998504,0.0
2011-02-11,1329.1500244140625,0.005507371620330659,4.365079341426725e-06,0.0,5.0,0.12827957530463802,0.0
2011-02-14,1332.3199462890625,0.002384924061824778,4.365079341426725e-06,0.0,5.0,0.13422372913296465,0.0
2011-02-15,1328.010009765625,-0.003234911055292722,4.96031746031746e-06,0.0,5.0,0.11909567661870081,0.0
2011-02-16,1336.3199462890625,0.006257435156610036,4.365079341426725e-06,0.0,5.0,0.1314035083959247,0.0
2011-02-17,1340.4300537109375,0.003075691142146564,3.571428713344389e-06,0.0,5.0,0.13905778081894465,0.0
2011-02-18,1343.010009765625,0.0019247226272978146,3.571428713344389e-06,0.0,5.0,0.143189713900306,0.0
2011-02-22,1315.43994140625,-0.02052856505826517,3.96825402738556e-06,0.0,5.0,0.13131367902752936,0.0
2011-02-23,1307.4000244140625,-0.006111960522950599,4.563492146276289e-06,0.0,5.0,0.14575234515157687,0.0
2011-02-24,1306.0999755859375,-0.000994377240208233,4.761904655467893e-06,0.0,5.0,0.1497595399713626,0.0
2011-02-25,1319.8800048828125,0.01055051646463201,4.96031746031746e-06,0.0,5.0,0.12369491964619962,0.0
2011-02-28,1327.219970703125,0.005561085699577806,5.357143070016588e-06,0.0,5.0,0.12559879939402768,0.0
2011-03-01,1306.3299560546875,-0.015739677754675885,5.158729969509063e-06,0.0,5.0,0.15025988976742913,0.0
2011-03-02,1308.43994140625,0.0016152009236127807,4.761904655467893e-06,0.0,5.0,0.14231436186652122,0.0
2011-03-03,1330.969970703125,0.017219001487115193,4.96031746031746e-06,0.0,5.0,0.12261674042030461,0.0
2011-03-04,1321.1500244140625,-0.0073780374502926405,4.365079341426725e-06,0.0,5.0,0.1164523408540633,0.0
2011-03-07,1310.1300048828125,-0.008341232507744434,3.96825402738556e-06,0.0,5.0,0.1309854205623834,0.0
2011-03-08,1321.8199462890625,0.008922733898683255,4.166666536577163e-06,0.0,5.0,0.10655727246565173,0.0
2011-03-09,1320.02001953125,-0.0013617034323515353,3.7698412225359962e-06,0.0,5.0,0.10885425513744693,0.0
2011-03-10,1295.1099853515625,-0.018870951812180237,2.5793649847545313e-06,0.0,5.0,0.19890211731788368,0.0
2011-03-11,1304.280029296875,0.007080513662183874,2.777777789604095e-06,0.0,5.0,0.13639761093046932,0.0
2011-03-14,1296.3900146484375,-0.006049325659529536,2.9761905944536585e-06,0.0,5.0,0.1730353706336475,0.0
2011-03-15,1281.8699951171875,-0.01120034817237281,3.7698412225359962e-06,0.0,5.0,0.2687101118878898,0.0
2011-03-16,1256.8800048828125,-0.019494949042855536,3.3730159084948255e-06,0.0,5.0,0.45550270538794424,0.0
2011-03-17,1273.719970703125,0.013398228752857344,2.777777789604095e-06,0.0,5.0,0.2860157320116777,0.0
2011-03-18,1279.2099609375,0.004310201897316901,2.5793649847545313e-06,0.0,5.0,0.21211410137955305,0.0
2011-03-21,1298.3800048828125,0.014985846366661448,2.777777789604095e-06,0.0,5.0,0.10104656598549733,0.0
2011-03-22,1293.77001953125,-0.003550567117658776,3.571428713344389e-06,0.0,5.0,0.11594355244809083,0.0
2011-03-23,1297.5400390625,0.00291397966743423,3.3730159084948255e-06,0.0,5.0,0.09891410374678927,0.0
2011-03-24,1309.6600341796875,0.009340748456551973,3.1746031036452616e-06,0.0,5.0,0.08532390681664997,0.0
2011-03-25,1313.800048828125,0.003161136890789118,3.1746031036452616e-06,0.0,5.0,0.0818555631920118,0.0
2011-03-28,1310.18994140625,-0.002747836267090409,3.1746031036452616e-06,0.0,5.0,0.07795081862852125,0.0
2011-03-29,1319.43994140625,0.007060045042073693,3.7698412225359962e-06,0.0,5.0,0.08105870321575424,0.0
2011-03-30,1328.260009765625,0.006684706201916635,3.7698412225359962e-06,0.0,5.0,0.09063159152079028,0.0
2011-03-31,1325.8299560546875,-0.0018295015230987977,3.571428713344389e-06,0.0,5.0,0.07950023831086969,0.0
2011-04-01,1332.4100341796875,0.004962987972138233,2.182539670713361e-06,0.0,5.0,0.08510825338450083,0.0
2011-04-04,1332.8699951171875,0.0003452097520288966,1.3888888948020476e-06,0.0,5.0,0.08167739585529299,0.0
2011-04-05,1332.6300048828125,-0.0001800552456384663,2.5793649847545313e-06,0.0,5.0,0.0765869860690947,0.0
2011-04-06,1335.5400390625,0.002183677516658822,1.984127013692778e-06,0.0,5.0,0.07741690941205921,0.0
2011-04-07,1333.510009765625,-0.0015200063176690204,1.3888888948020476e-06,0.0,5.0,0.0712729741384141,0.0
2011-04-08,1328.1700439453125,-0.00400444374710851,1.3888888948020476e-06,0.0,5.0,0.07358276398063175,0.0
2011-04-11,1324.4599609375,-0.0027933795260068894,1.3888888948020476e-06,0.0,5.0,0.0855989313261547,0.0
2011-04-12,1314.1600341796875,-0.007776699229565143,1.7857143566721944e-06,0.0,5.0,0.12393909322663872,0.0
2011-04-13,1314.4100341796875,0.00019023558280406583,1.984127013692778e-06,0.0,5.0,0.11494775039720723,0.0
2011-04-14,1314.52001953125,8.367659155239515e-05,2.5793649847545313e-06,0.0,5.0,0.10330221806882982,0.0
2011-04-15,1319.6800537109375,0.003925413156908419,2.3809523277339444e-06,0.0,5.0,0.0816650587809457,0.0
2011-04-18,1305.1400146484375,-0.011017851653977395,2.182539670713361e-06,0.0,5.0,0.15045633169052952,0.0
2011-04-19,1312.6199951171875,0.00573117089721964,2.182539670713361e-06,0.0,5.0,0.09797724708230664,0.0
2011-04-20,1330.3599853515625,0.013514947433656221,2.182539670713361e-06,0.0,5.0,0.06515899219198652,0.0
2011-04-21,1337.3800048828125,0.0052767819301140495,1.7857143566721944e-06,0.0,5.0,0.07558608224034107,0.0
2011-04-25,1335.25,-0.0015926699031209024,1.7857143566721944e-06,0.0,5.0,0.07383757415456288,0.0
2011-04-26,1347.239990234375,0.008979584523029382,2.182539670713361e-06,0.0,5.0,0.0888524547551862,0.0
2011-04-27,1355.6600341796875,0.006249847099511818,1.984127013692778e-06,0.0,5.0,0.10309024571482965,0.0
2011-04-28,1360.47998046875,0.0035554240499382495,1.3888888948020476e-06,0.0,5.0,0.10996379928555769,0.0
2011-04-29,1363.6099853515625,0.002300662213150728,1.5873015518226308e-06,0.0,5.0,0.11372846608227691,0.0
2011-05-02,1361.219970703125,-0.00175271131343413,1.1904761638669722e-06,0.0,5.0,0.09274832179420563,0.0
2011-05-03,1356.6199951171875,-0.0033793036283190636,9.92063506846389e-07,0.0,5.0,0.08130742180846713,0.0
2011-05-04,1347.3199462890625,-0.006855308680100647,7.936507759113135e-07,0.0,5.0,0.07526984896318682,0.0
2011-05-05,1335.0999755859375,-0.009069835815006422,3.9682538795565474e-07,0.0,5.0,0.10279512102764404,0.0
2011-05-06,1340.199951171875,0.0038199203649145197,1.9841269397782539e-07,0.0,5.0,0.07913050384372605,0.0
2011-05-09,1346.2900390625,0.004544163641626575,1.9841269397782539e-07,0.0,5.0,0.06756913956440912,0.0
2011-05-10,1357.1600341796875,0.008074036650198346,9.92063506846389e-07,0.0,5.0,0.06876146623582571,0.0
2011-05-11,1342.0799560546875,-0.011111495877577093,7.936507759113135e-07,0.0,5.0,0.0766941617217723,0.0
2011-05-12,1348.6500244140625,0.004895437361786659,7.936507759113135e-07,0.0,5.0,0.06795106136439012,0.0
2011-05-13,1337.77001953125,-0.00806733006032423,7.936507759113135e-07,0.0,5.0,0.09371405504665446,0.0
2011-05-16,1329.469970703125,-0.006204391417766519,7.936507759113135e-07,0.0,5.0,0.1378010628275533,0.0
2011-05-17,1328.97998046875,-0.0003685605881837972,1.3888888948020476e-06,0.0,5.0,0.13777660482604925,0.0
2011-05-18,1340.6800537109375,0.00880379946585852,1.5873015518226308e-06,0.0,5.0,0.07901172262256002,0.0
2011-05-19,1343.5999755859375,0.0021779408643529674,1.5873015518226308e-06,0.0,5.0,0.07317165337504133,0.0
2011-05-20,1333.27001953125,-0.007688267521873571,1.5873015518226308e-06,0.0,5.0,0.10791113899668055,0.0
2011-05-23,1317.3699951171875,-0.01192558460112425,1.7857143566721944e-06,0.0,5.0,0.2215999906212945,0.0
2011-05-24,1316.280029296875,-0.0008273801774386635,1.984127013692778e-06,0.0,5.0,0.22669977429024402,0.0
2011-05-25,1320.469970703125,0.0031831687125787322,1.7857143566721944e-06,0.0,5.0,0.17029216147048887,0.0
2011-05-26,1325.68994140625,0.0039531157988739185,1.7857143566721944e-06,0.0,5.0,0.12425848388656778,0.0
2011-05-27,1331.0999755859375,0.004080919686204165,1.3888888948020476e-06,0.0,5.0,0.09655498345164756,0.0
2011-05-31,1345.199951171875,0.010592724697279676,1.5873015518226308e-06,0.0,5.0,0.06779872558886856,0.0
2011-06-01,1314.550048828125,-0.02278464425831217,1.5873015518226308e-06,0.0,5.0,0.21569316199360458,0.0
2011-06-02,1312.93994140625,-0.0012248353901096465,1.3888888948020476e-06,0.0,5.0,0.22173877298862874,0.0
2011-06-03,1300.1600341796875,-0.009733809463420173,1.1904761638669722e-06,0.0,5.0,0.3459617407040344,0.0
2011-06-06,1286.1700439453125,-0.010760206333523925,1.1904761638669722e-06,0.0,5.0,0.4715192213751973,0.0
2011-06-07,1284.93994140625,-0.0009564073932939454,1.5873015518226308e-06,0.0,5.0,0.4714310626697601,0.0
2011-06-08,1279.56005859375,-0.004186874918536865,1.3888888948020476e-06,0.0,5.0,0.5035705122391555,0.0
2011-06-09,1289.0,0.007377489898070522,1.5873015518226308e-06,0.0,5.0,0.38820066091885413,0.0
2011-06-10,1270.97998046875,-0.013979844477308045,1.3888888948020476e-06,0.0,5.0,0.5482693389788087,0.0
2011-06-13,1271.8299560546875,0.0006687560771996282,1.5873015518226308e-06,0.0,5.0,0.5158603015383204,0.0
2011-06-14,1287.8699951171875,0.012611779574887017,1.984127013692778e-06,0.0,5.0,0.32351675752513215,0.0
2011-06-15,1265.4200439453125,-0.01743184580508239,1.7857143566721944e-06,0.0,5.0,0.5610691484225467,0.0
2011-06-16,1267.6400146484375,0.0017543350239683786,1.3888888948020476e-06,0.0,5.0,0.513502250986509,0.0
2011-06-17,1271.5,0.003045016966140013,9.92063506846389e-07,0.0,5.0,0.4490598235005638,0.0
2011-06-20,1278.3599853515625,0.005395190996116739,5.952380819334841e-07,0.0,5.0,0.34139553821561114,0.0
2011-06-21,1295.52001953125,0.013423475684721353,7.936507759113135e-07,0.0,5.0,0.17132764749309828,0.0
2011-06-22,1287.1400146484375,-0.006468448774604507,3.9682538795565474e-07,0.0,5.0,0.2500141544602718,0.0
2011-06-23,1283.5,-0.002827986549257977,1.9841269397782539e-07,0.0,5.0,0.27728111863107074,0.0
2011-06-24,1268.449951171875,-0.011725787945559007,3.9682538795565474e-07,0.0,5.0,0.46418384971740995,0.0
2011-06-27,1280.0999755859375,0.009184457300265958,5.952380819334841e-07,0.0,5.0,0.3015549688386854,0.0
2011-06-28,1296.6700439453125,0.012944354874931063,9.92063506846389e-07,0.0,5.0,0.15351724703941358,0.0
2011-06-29,1307.4100341796875,0.008282747245164312,7.936507759113135e-07,0.0,5.0,0.11679402808022304,0.0
2011-06-30,1320.6400146484375,0.01011922818616795,5.952380819334841e-07,0.0,5.0,0.1132706168298794,0.0
2011-07-01,1339.6700439453125,0.014409702179091433,3.9682538795565474e-07,0.0,5.0,0.1417183074648914,0.0
2011-07-05,1337.8800048828125,-0.0013361790618444669,3.9682538795565474e-07,0.0,5.0,0.11727085503638636,0.0
2011-07-06,1339.219970703125,0.0010015590452223666,1.9841269397782539e-07,0.0,5.0,0.10757725132852858,0.0
2011-07-07,1353.219970703125,0.010453846497412655,7.936507759113135e-07,0.0,5.0,0.13017263878374383,0.0
2011-07-08,1343.800048828125,-0.006961116506509657,7.936507759113135e-07,0.0,5.0,0.09109708013939373,0.0
2011-07-11,1319.489990234375,-0.01809053260189253,5.952380819334841e-07,0.0,5.0,0.09972034881830176,0.0
2011-07-12,1313.6400146484375,-0.004433512667192274,1.1904761638669722e-06,0.0,5.0,0.13953412755568823,0.0
2011-07-13,1317.719970703125,0.003105840267646931,1.9841269397782539e-07,0.0,5.0,0.112979092286417,0.0
2011-07-14,1308.8699951171875,-0.0067161276923011215,1.9841269397782539e-07,0.0,5.0,0.1913064760325625,0.0
2011-07-15,1316.1400146484375,0.005554424471774233,1.9841269397782539e-07,0.0,5.0,0.11659845770859206,0.0
2011-07-18,1305.43994140625,-0.008129889770918997,1.9841269397782539e-07,0.0,5.0,0.20613435694805418,0.0
2011-07-19,1326.72998046875,0.01630870818887753,9.92063506846389e-07,0.0,5.0,0.07561960342261037,0.0
2011-07-20,1325.8399658203125,-0.0006708332980633891,7.936507759113135e-07,0.0,5.0,0.08465731306980513,0.0
2011-07-21,1343.800048828125,0.013546192203295337,1.3888888948020476e-06,0.0,5.0,0.07805847001508658,0.0
2011-07-22,1345.02001953125,0.0009078513609139804,1.1904761638669722e-06,0.0,5.0,0.07127944765742354,0.0
2011-07-25,1337.4300537109375,-0.0056430132712504966,1.3888888948020476e-06,0.0,5.0,0.06317253424485578,0.0
2011-07-26,1331.93994140625,-0.004104971538103408,2.5793649847545313e-06,0.0,5.0,0.0765798632487805,0.0
2011-07-27,1304.8900146484375,-0.020308668519432915,2.777777789604095e-06,0.0,5.0,0.3022704641455813,0.0
2011-07-28,1300.6700439453125,-0.0032339665839667964,2.5793649847545313e-06,0.0,5.0,0.35096292542094354,0.0
2011-07-29,1292.280029296875,-0.006450532698506817,3.571428713344389e-06,0.0,5.0,0.4330289554119975,0.0
2011-08-01,1286.93994140625,-0.004132299323336697,2.9761905944536585e-06,0.0,5.0,0.4755398416585158,0.0
2011-08-02,1254.050048828125,-0.025556664705103427,1.984127013692778e-06,0.0,5.0,0.6776723710459436,0.0
2011-08-03,1260.3399658203125,0.005015682586245518,3.9682538795565474e-07,0.0,5.0,0.652934767026315,0.0
2011-08-04,1200.0699462890625,-0.047820446201610634,3.9682538795565474e-07,0.0,5.0,0.7090049647590502,0.0
2011-08-05,1199.3800048828125,-0.0005749176607442452,3.9682538795565474e-07,0.0,5.0,0.7296405273995378,0.0
2011-08-08,1119.4599609375,-0.06663446415643826,5.952380819334841e-07,0.0,5.0,0.6565989188835313,1.0
2011-08-09,1172.530029296875,0.0474068481332115,1.1904761638669722e-06,1.0,5.0,0.7716444390276274,1.0
2011-08-10,1120.760009765625,-0.04415240397919251,5.952380819334841e-07,1.0,5.0,0.7010823116261489,1.0
2011-08-11,1172.6400146484375,0.04629002144148742,3.9682538795565474e-07,1.0,5.0,0.8346958240810394,1.0
2011-08-12,1178.81005859375,0.00526166928318772,1.9841269397782539e-07,1.0,5.0,0.8604496938441422,1.0
2011-08-15,1204.489990234375,0.021784622088531824,1.9841269397782539e-07,1.0,5.0,0.7794459359294209,1.0
2011-08-16,1192.760009765625,-0.00973854541245922,7.936507759113135e-07,1.0,5.0,0.8476505173253727,1.0
2011-08-17,1193.8900146484375,0.0009473866272851073,1.9841269397782539e-07,1.0,5.0,0.8371823438295912,1.0
2011-08-18,1140.6500244140625,-0.0445937143129993,3.9682538795565474e-07,1.0,5.0,0.8074849095626371,1.0
2011-08-19,1123.530029296875,-0.015008981502439234,3.9682538795565474e-07,1.0,5.0,0.7852807612316047,1.0
2011-08-22,1123.8199462890625,0.00025804116011829414,1.9841269397782539e-07,1.0,5.0,0.8070732954481565,1.0
2011-08-23,1162.3499755859375,0.034284877594586316,1.9841269397782539e-07,1.0,5.0,0.8789805223011989,1.0
2011-08-24,1177.5999755859375,0.013119972745138542,3.9682538795565474e-07,1.0,5.0,0.7887412221829946,1.0
2011-08-25,1159.27001953125,-0.01556552007023193,3.9682538795565474e-07,1.0,5.0,0.8926715562685912,1.0
2011-08-26,1176.800048828125,0.015121610152536658,3.9682538795565474e-07,1.0,5.0,0.7829817009904234,1.0
2011-08-29,1210.0799560546875,0.028280001568408375,1.9841269397782539e-07,1.0,5.0,0.4483159022528288,1.0
2011-08-30,1212.9200439453125,0.002347024984931334,5.952380819334841e-07,1.0,5.0,0.426947727119933,1.0
2011-08-31,1218.8900146484375,0.004921982065451136,5.952380819334841e-07,1.0,5.0,0.3895381449382436,1.0
2011-09-01,1204.4200439453125,-0.01187143263889856,3.9682538795565474e-07,1.0,5.0,0.5297281716238885,1.0
2011-09-02,1173.969970703125,-0.025281938303220453,5.952380819334841e-07,1.0,5.0,0.8610379643354092,1.0
2011-09-06,1165.239990234375,-0.007436289416773878,5.952380819334841e-07,1.0,5.0,0.8960588398068842,1.0
2011-09-07,1198.6199951171875,0.028646463529026667,5.952380819334841e-07,1.0,5.0,0.5554868314904302,1.0
2011-09-08,1185.9000244140625,-0.010612179635699603,3.9682538795565474e-07,1.0,5.0,0.7328580054963258,1.0
2011-09-09,1154.22998046875,-0.026705492278710663,1.9841269397782539e-07,1.0,5.0,0.8996496126139386,1.0
2011-09-12,1162.27001953125,0.006965716710316983,1.9841269397782539e-07,1.0,5.0,0.8895671689771715,1.0
2011-09-13,1172.8699951171875,0.00912006281484623,1.9841269397782539e-07,1.0,5.0,0.7978518706836485,1.0
2011-09-14,1188.6800537109375,0.013479804803234297,1.9841269397782539e-07,1.0,5.0,0.5820171255240051,1.0
2011-09-15,1209.1099853515625,0.017187073659429952,1.9841269397782539e-07,1.0,5.0,0.36731418173066566,1.0
2011-09-16,1216.010009765625,0.0057066970727697175,1.9841269397782539e-07,1.0,5.0,0.3235936773838206,1.0
2011-09-19,1204.0899658203125,-0.0098025870260805,1.9841269397782539e-07,1.0,5.0,0.4112873162796921,1.0
2011-09-20,1202.0899658203125,-0.0016610054537223862,1.9841269397782539e-07,1.0,5.0,0.4497944222562701,1.0
2011-09-21,1166.760009765625,-0.02939044252863232,1.9841269397782539e-07,1.0,5.0,0.865629036355289,1.0
2011-09-22,1129.56005859375,-0.031883121516435575,1.9841269397782539e-07,1.0,5.0,0.8418913099319189,1.0
2011-09-23,1136.4300537109375,0.006082009597382809,1.9841269397782539e-07,1.0,5.0,0.8838350933520719,1.0
2011-09-26,1162.949951171875,0.023336145831710953,1.9841269397782539e-07,1.0,5.0,0.8264487900171249,1.0
2011-09-27,1175.3800048828125,0.010688382331855317,3.9682538795565474e-07,1.0,5.0,0.6593197259424559,1.0
2011-09-28,1151.06005859375,-0.020691134941917988,3.9682538795565474e-07,1.0,5.0,0.8962373671161696,1.0
2011-09-29,1160.4000244140625,0.008114229792425487,3.9682538795565474e-07,1.0,5.0,0.8175097698514997,1.0
2011-09-30,1131.4200439453125,-0.024974129488995245,3.9682538795565474e-07,1.0,5.0,0.898819936744389,1.0
2011-10-03,1099.22998046875,-0.0284510281118181,7.936507759113135e-07,1.0,5.0,0.8216821699499696,1.0
2011-10-04,1123.949951171875,0.022488442948566112,1.9841269397782539e-07,1.0,5.0,0.9182970707863155,1.0
2011-10-05,1144.030029296875,0.017865633700204997,1.9841269397782539e-07,1.0,5.0,0.8459485030143072,1.0
2011-10-06,1164.969970703125,0.018303664125949304,1.9841269397782539e-07,1.0,5.0,0.5697948547430427,1.0
2011-10-07,1155.4599609375,-0.008163308930517088,1.9841269397782539e-07,1.0,5.0,0.7191033043410203,1.0
2011-10-10,1194.8900146484375,0.034124984892549115,1.9841269397782539e-07,1.0,5.0,0.34021824384713745,1.0
2011-10-11,1195.5400390625,0.0005440035535435594,1.9841269397782539e-07,1.0,5.0,0.32761196804883497,1.0
2011-10-12,1207.25,0.009794704112697561,5.952380819334841e-07,1.0,5.0,0.2906617169318888,1.0
2011-10-13,1203.6600341796875,-0.002973672247100878,5.952380819334841e-07,1.0,5.0,0.28645929318514757,1.0
2011-10-14,1224.5799560546875,0.01738025794738407,5.952380819334841e-07,1.0,5.0,0.2568981455573989,1.0
2011-10-17,1200.8599853515625,-0.019369883187983272,7.936507759113135e-07,1.0,5.0,0.2963323201306332,1.0
2011-10-18,1225.3800048828125,0.020418716445174567,9.92063506846389e-07,1.0,5.0,0.2375024533851897,0.0
2011-10-19,1209.8800048828125,-0.01264913736003248,7.936507759113135e-07,1.0,5.0,0.2565476152529793,0.0
2011-10-20,1215.3900146484375,0.0045541787147385104,5.952380819334841e-07,0.0,5.0,0.2252654533818447,0.0
2011-10-21,1238.25,0.01880876515031682,5.952380819334841e-07,0.0,5.0,0.21182903393728955,0.0
2011-10-24,1254.18994140625,0.012872958939026846,1.9841269397782539e-07,0.0,5.0,0.2185484013218094,0.0
2011-10-25,1229.050048828125,-0.02004472508361621,5.952380819334841e-07,0.0,5.0,0.17908335960661664,0.0
2011-10-26,1242.0,0.010536553156824224,5.952380819334841e-07,0.0,5.0,0.17233086279241536,0.0
2011-10-27,1284.5899658203125,0.034291437858544604,3.9682538795565474e-07,0.0,5.0,0.24562045301586027,0.0
2011-10-28,1285.0899658203125,0.0003892292585989665,3.9682538795565474e-07,0.0,5.0,0.22601402658326206,0.0
2011-10-31,1253.300048828125,-0.02473750308360323,1.9841269397782539e-07,0.0,5.0,0.1529226358977006,0.0
2011-11-01,1218.280029296875,-0.027942247001422227,1.9841269397782539e-07,0.0,5.0,0.3354246765031095,0.0
2011-11-02,1237.9000244140625,0.016104667765514558,1.9841269397782539e-07,0.0,5.0,0.1721184314260035,0.0
2011-11-03,1261.1500244140625,0.01878180753005876,1.9841269397782539e-07,0.0,5.0,0.15973662812043957,0.0
2011-11-04,1253.22998046875,-0.006280017279460592,1.9841269397782539e-07,0.0,5.0,0.14253374604145488,0.0
2011-11-07,1261.1199951171875,0.006295743615618132,1.9841269397782539e-07,0.0,5.0,0.14241767622720156,0.0
2011-11-08,1275.9200439453125,0.011735638864999398,1.9841269397782539e-07,0.0,5.0,0.16076865741114543,0.0
2011-11-09,1229.0999755859375,-0.036695142913972245,1.9841269397782539e-07,0.0,5.0,0.29080406234200307,0.0
2011-11-10,1239.699951171875,0.008624176874533207,1.9841269397782539e-07,0.0,5.0,0.19122661780336808,0.0
2011-11-11,1263.8499755859375,0.019480539941325148,1.9841269397782539e-07,0.0,5.0,0.14543476754744555,0.0
2011-11-14,1251.780029296875,-0.009550141648312915,1.9841269397782539e-07,0.0,5.0,0.14651725205561655,0.0
2011-11-15,1257.81005859375,0.004817163683512371,3.9682538795565474e-07,0.0,5.0,0.1340767826589524,0.0
2011-11-16,1236.9100341796875,-0.016616200730203312,1.9841269397782539e-07,0.0,5.0,0.2363878798622754,0.0
2011-11-17,1216.1300048828125,-0.016799952076269054,1.9841269397782539e-07,0.0,5.0,0.4756588272564104,0.0
2011-11-18,1215.6500244140625,-0.00039467858438069214,1.9841269397782539e-07,0.0,5.0,0.4688077857701593,0.0
2011-11-21,1192.97998046875,-0.018648495446902502,1.9841269397782539e-07,0.0,5.0,0.6735035073194151,0.0
2011-11-22,1188.0400390625,-0.004140841830647446,5.952380819334841e-07,0.0,5.0,0.6980231968804845,0.0
2011-11-23,1161.7900390625,-0.02209521492281885,5.952380819334841e-07,0.0,5.0,0.7559064480352109,0.0
2011-11-25,1158.6700439453125,-0.002685506857766806,1.9841269397782539e-07,0.0,5.0,0.767723489466276,0.0
2011-11-28,1192.550048828125,0.029240425313361795,3.9682538795565474e-07,0.0,5.0,0.6018474779848023,0.0
2011-11-29,1195.18994140625,0.002213653490450218,5.952380819334841e-07,0.0,5.0,0.5485805516999532,0.0
2011-11-30,1246.9599609375,0.0433153072475978,5.952380819334841e-07,0.0,5.0,0.21896542363561963,0.0
2011-12-01,1244.5799560546875,-0.0019086457924624156,5.952380819334841e-07,0.0,5.0,0.2082474354592878,0.0
2011-12-02,1244.280029296875,-0.00024098633145541726,5.952380819334841e-07,0.0,5.0,0.21217760457006848,0.0
2011-12-05,1257.0799560546875,0.010287014543699957,5.952380819334841e-07,0.0,5.0,0.19899616238305162,0.0
2011-12-06,1258.469970703125,0.0011057487964409862,1.9841269397782539e-07,0.0,5.0,0.18568260708528792,0.0
2011-12-07,1261.010009765625,0.002018354924337773,1.9841269397782539e-07,0.0,5.0,0.16897812275229632,0.0
2011-12-08,1234.3499755859375,-0.02114181011508598,1.9841269397782539e-07,0.0,5.0,0.2396678792802706,0.0
2011-12-09,1255.18994140625,0.01688335256005491,1.9841269397782539e-07,0.0,5.0,0.16143456107581122,0.0
2011-12-12,1236.469970703125,-0.014914054108935981,1.9841269397782539e-07,0.0,5.0,0.22878603953684656,0.0
2011-12-13,1225.72998046875,-0.00868600976072853,1.9841269397782539e-07,0.0,5.0,0.3420656324349498,0.0
2011-12-14,1211.8199462890625,-0.01134836742295231,1.9841269397782539e-07,0.0,5.0,0.515462054438685,0.0
2011-12-15,1215.75,0.0032431003656709922,1.9841269397782539e-07,0.0,5.0,0.44701200479082975,0.0
2011-12-16,1219.6600341796875,0.0032161498496299235,1.9841269397782539e-07,0.0,5.0,0.38178612386526684,0.0
2011-12-19,1205.3499755859375,-0.011732825699560245,1.9841269397782539e-07,0.0,5.0,0.557025882216248,0.0
2011-12-20,1241.300048828125,0.029825423296426123,1.9841269397782539e-07,0.0,5.0,0.2068106260940012,0.0
2011-12-21,1243.719970703125,0.0019495059855065833,1.9841269397782539e-07,0.0,5.0,0.18079329253612875,0.0
2011-12-22,1254.0,0.008265549753183832,1.9841269397782539e-07,0.0,5.0,0.15721810241341105,0.0
2011-12-23,1265.3299560546875,0.009035052675189448,1.9841269397782539e-07,0.0,5.0,0.1560228510317903,0.0
2011-12-27,1265.4300537109375,7.9107947907886e-05,1.9841269397782539e-07,0.0,5.0,0.14706425887842095,0.0
2011-12-28,1249.6400146484375,-0.0124780022540123,1.9841269397782539e-07,0.0,5.0,0.16336717270194023,0.0
2011-12-29,1263.02001953125,0.01070708742195392,1.9841269397782539e-07,0.0,5.0,0.14050496854688677,0.0
2011-12-30,1257.5999755859375,-0.0042913365279230176,1.9841269397782539e-07,0.0,5.0,0.1517059125259612,0.0
2012-01-03,1277.06005859375,0.015473984880403524,1.9841269397782539e-07,0.0,5.0,0.14850885405218753,0.0
2012-01-04,1277.300048828125,0.00018792399994027598,3.9682538795565474e-07,0.0,5.0,0.13439763759631126,0.0
2012-01-05,1281.06005859375,0.002943716919978634,3.9682538795565474e-07,0.0,5.0,0.1289163495416259,0.0
2012-01-06,1277.81005859375,-0.002536961462655807,5.952380819334841e-07,0.0,5.0,0.11399958154175453,0.0
2012-01-09,1280.699951171875,0.0022615979258335805,1.9841269397782539e-07,0.0,5.0,0.11132908742916876,0.0
2012-01-10,1292.0799560546875,0.00888576974833133,3.9682538795565474e-07,0.0,5.0,0.12463470735313492,0.0
2012-01-11,1292.47998046875,0.0003095972599744812,5.952380819334841e-07,0.0,5.0,0.11790891534866157,0.0
2012-01-12,1295.5,0.002336608362904613,7.936507759113135e-07,0.0,5.0,0.11871316834630648,0.0
2012-01-13,1289.0899658203125,-0.004947922948427275,7.936507759113135e-07,0.0,5.0,0.0987299704393674,0.0
2012-01-17,1293.6700439453125,0.003552954600872571,7.936507759113135e-07,0.0,5.0,0.09753164162525933,0.0
2012-01-18,1308.0400390625,0.011107929092462498,9.92063506846389e-07,0.0,5.0,0.12353005303542268,0.0
2012-01-19,1314.5,0.004938656879440728,1.5873015518226308e-06,0.0,5.0,0.131981304950945,0.0
2012-01-20,1315.3800048828125,0.0006694597815233294,1.5873015518226308e-06,0.0,5.0,0.1302038219113651,0.0
2012-01-23,1316.0,0.00047134296924533636,1.3888888948020476e-06,0.0,5.0,0.12267691176313063,0.0
2012-01-24,1314.6500244140625,-0.00102581731454221,1.3888888948020476e-06,0.0,5.0,0.11026889275914521,0.0
2012-01-25,1326.06005859375,0.008679141952454561,1.3888888948020476e-06,0.0,5.0,0.13077374917915363,0.0
2012-01-26,1318.4300537109375,-0.005753890884025226,1.7857143566721944e-06,0.0,5.0,0.09574373888008322,0.0
2012-01-27,1316.3299560546875,-0.0015928775670267514,1.984127013692778e-06,0.0,5.0,0.085362978284163,0.0
2012-01-30,1313.010009765625,-0.0025221231757218687,1.7857143566721944e-06,0.0,5.0,0.08389539795471243,0.0
2012-01-31,1312.4100341796875,-0.0004569466961219515,2.182539670713361e-06,0.0,5.0,0.08154928440148716,0.0
2012-02-01,1324.0899658203125,0.008899605562620927,2.182539670713361e-06,0.0,5.0,0.08694867331121914,0.0
2012-02-02,1325.5400390625,0.0010951470667548424,2.9761905944536585e-06,0.0,5.0,0.08396890892798325,0.0
2012-02-03,1344.9000244140625,0.014605356896842503,2.777777789604095e-06,0.0,5.0,0.12541098163398484,0.0
2012-02-06,1344.3299560546875,-0.0004238741534883239,2.5793649847545313e-06,0.0,5.0,0.11896892972219973,0.0
2012-02-07,1347.050048828125,0.00202338180532724,3.1746031036452616e-06,0.0,5.0,0.12014492399244352,0.0
2012-02-08,1349.9599609375,0.0021602108339675574,2.9761905944536585e-06,0.0,5.0,0.12337169548484628,0.0
2012-02-09,1351.949951171875,0.0014741105602813498,3.3730159084948255e-06,0.0,5.0,0.12333526598560335,0.0
2012-02-10,1342.6400146484375,-0.006886302644093845,3.1746031036452616e-06,0.0,5.0,0.09101966077182587,0.0
2012-02-13,1351.77001953125,0.006800039312997219,3.7698412225359962e-06,0.0,5.0,0.10582662652231166,0.0
2012-02-14,1350.5,-0.0009395233752043097,4.365079341426725e-06,0.0,5.0,0.10357344003866993,0.0
2012-02-15,1343.22998046875,-0.0053832058728249255,4.166666536577163e-06,0.0,5.0,0.08264449154496054,0.0
2012-02-16,1358.0400390625,0.01102570580548079,3.7698412225359962e-06,0.0,5.0,0.10277575390380894,0.0
2012-02-17,1361.22998046875,0.0023489303072772305,2.9761905944536585e-06,0.0,5.0,0.10381913490690961,0.0
2012-02-21,1362.2099609375,0.000719922777789872,2.777777789604095e-06,0.0,5.0,0.09861659072340974,0.0
2012-02-22,1357.6600341796875,-0.0033401068031253534,3.1746031036452616e-06,0.0,5.0,0.08250014246929961,0.0
2012-02-23,1363.4599609375,0.004272002277298181,3.3730159084948255e-06,0.0,5.0,0.0927215683042824,0.0
2012-02-24,1365.739990234375,0.0016722378083675604,3.571428713344389e-06,0.0,5.0,0.09230562850376078,0.0
2012-02-27,1367.5899658203125,0.0013545591394890089,3.96825402738556e-06,0.0,5.0,0.09569133930365353,0.0
2012-02-28,1372.1800537109375,0.0033563334079245166,3.7698412225359962e-06,0.0,5.0,0.10465918473473669,0.0
2012-02-29,1365.6800537109375,-0.0047369876733168725,2.9761905944536585e-06,0.0,5.0,0.08112840932991977,0.0
2012-03-01,1374.0899658203125,0.006158039788692005,2.777777789604095e-06,0.0,5.0,0.0921713321759663,0.0
2012-03-02,1369.6300048828125,-0.003245756135652589,2.3809523277339444e-06,0.0,5.0,0.08035254710616889,0.0
2012-03-05,1364.3299560546875,-0.003869693865664492,2.3809523277339444e-06,0.0,5.0,0.07590687363405578,0.0
2012-03-06,1343.3599853515625,-0.015370160722531612,2.777777789604095e-06,0.0,5.0,0.1239633704129203,0.0
2012-03-07,1352.6300048828125,0.0069006220464606915,2.9761905944536585e-06,0.0,5.0,0.07882397071629814,0.0
2012-03-08,1365.9100341796875,0.009817931917032618,2.9761905944536585e-06,0.0,5.0,0.06742709135756589,0.0
2012-03-09,1370.8699951171875,0.0036312500921620305,3.1746031036452616e-06,0.0,5.0,0.07039273517562962,0.0
2012-03-12,1371.0899658203125,0.00016046065922270536,2.9761905944536585e-06,0.0,5.0,0.07198964657709564,0.0
2012-03-13,1395.949951171875,0.018131549330308916,3.1746031036452616e-06,0.0,5.0,0.12019534704110196,0.0
2012-03-14,1394.280029296875,-0.0011962619960680376,3.1746031036452616e-06,0.0,5.0,0.1026888901324225,0.0
2012-03-15,1402.5999755859375,0.005967198922915307,2.9761905944536585e-06,0.0,5.0,0.11848147913030893,0.0
2012-03-16,1404.1700439453125,0.0011193985360786751,3.1746031036452616e-06,0.0,5.0,0.11442535509441469,0.0
2012-03-19,1409.75,0.00397384638616094,2.9761905944536585e-06,0.0,5.0,0.12059897805060985,0.0
2012-03-20,1405.52001953125,-0.003000518154814724,3.7698412225359962e-06,0.0,5.0,0.10171075845036867,0.0
2012-03-21,1402.8900146484375,-0.0018711970276237277,3.3730159084948255e-06,0.0,5.0,0.08752139169650555,0.0
2012-03-22,1392.780029296875,-0.0072065416718331,2.777777789604095e-06,0.0,5.0,0.07110825507995686,0.0
2012-03-23,1397.1099853515625,0.003108858515779689,2.777777789604095e-06,0.0,5.0,0.07443448103067402,0.0
2012-03-26,1416.510009765625,0.013885824750712539,2.777777789604095e-06,0.0,5.0,0.10802651104656039,0.0
2012-03-27,1412.52001953125,-0.0028167751776319028,3.1746031036452616e-06,0.0,5.0,0.08982913878800523,0.0
2012-03-28,1405.5400390625,-0.00494150905632218,2.9761905944536585e-06,0.0,5.0,0.07717062604008951,0.0
2012-03-29,1403.280029296875,-0.001607929836799582,2.182539670713361e-06,0.0,5.0,0.07902043217681025,0.0
2012-03-30,1408.469970703125,0.0036984360198231148,2.5793649847545313e-06,0.0,5.0,0.07970844504850545,0.0
2012-04-02,1419.0400390625,0.007504645877610239,2.3809523277339444e-06,0.0,5.0,0.0932250743219923,0.0
2012-04-03,1413.3800048828125,-0.003988635996082901,2.9761905944536585e-06,0.0,5.0,0.08345394545631953,0.0
2012-04-04,1398.9599609375,-0.010202524371008104,2.777777789604095e-06,0.0,5.0,0.08147886414324687,0.0
2012-04-05,1398.0799560546875,-0.0006290422223540482,2.777777789604095e-06,0.0,5.0,0.08656164596032281,0.0
2012-04-09,1382.199951171875,-0.011358438273891824,2.9761905944536585e-06,0.0,5.0,0.14245389268849828,0.0
2012-04-10,1358.5899658203125,-0.017081454337735447,3.3730159084948255e-06,0.0,5.0,0.31338643561098656,0.0
2012-04-11,1368.7099609375,0.007448895819775148,3.3730159084948255e-06,0.0,5.0,0.19346322543642522,0.0
2012-04-12,1387.5699462890625,0.013779387810288313,3.3730159084948255e-06,0.0,5.0,0.077412880317056,0.0
2012-04-13,1370.260009765625,-0.012475001040294531,3.1746031036452616e-06,0.0,5.0,0.16883939550762736,0.0
2012-04-16,1369.5699462890625,-0.000503600390907244,2.9761905944536585e-06,0.0,5.0,0.17220279792614376,0.0
2012-04-17,1390.780029296875,0.015486673802446171,2.9761905944536585e-06,0.0,5.0,0.07228604989233442,0.0
2012-04-18,1385.1400146484375,-0.004055288780130728,2.5793649847545313e-06,0.0,5.0,0.09105679912457812,0.0
2012-04-19,1376.9200439453125,-0.005934396967956612,2.5793649847545313e-06,0.0,5.0,0.13251812789711434,0.0
2012-04-20,1378.530029296875,0.0011692656800530443,2.5793649847545313e-06,0.0,5.0,0.11563252617295512,0.0
2012-04-23,1366.93994140625,-0.008407570124922548,2.777777789604095e-06,0.0,5.0,0.19313548997693436,0.0
2012-04-24,1371.969970703125,0.003679773444691614,3.1746031036452616e-06,0.0,5.0,0.1349922915336189,0.0
2012-04-25,1390.68994140625,0.013644592157896263,3.3730159084948255e-06,0.0,5.0,0.062209088944634935,0.0
2012-04-26,1399.97998046875,0.006680165568110796,3.3730159084948255e-06,0.0,5.0,0.0605818285280935,0.0
2012-04-27,1403.3599853515625,0.002414323726029899,3.3730159084948255e-06,0.0,5.0,0.06078731908444454,0.0
2012-04-30,1397.9100341796875,-0.0038835019016946193,3.571428713344389e-06,0.0,5.0,0.05514971002882095,0.0
2012-05-01,1405.8199462890625,0.005658384242170911,3.3730159084948255e-06,0.0,5.0,0.05878584978081659,0.0
2012-05-02,1402.31005859375,-0.002496683664631072,3.1746031036452616e-06,0.0,5.0,0.05527494891230938,0.0
2012-05-03,1391.5699462890625,-0.0076588713308223255,2.9761905944536585e-06,0.0,5.0,0.07297330520602087,0.0
2012-05-04,1369.0999755859375,-0.016147208958519288,2.777777789604095e-06,0.0,5.0,0.22782824193612936,0.0
2012-05-07,1369.5799560546875,0.00035058102206497743,2.9761905944536585e-06,0.0,5.0,0.19769932528822215,0.0
2012-05-08,1363.719970703125,-0.004278673417828949,3.571428713344389e-06,0.0,5.0,0.24115062588121716,0.0
2012-05-09,1354.5799560546875,-0.006702266480503982,3.571428713344389e-06,0.0,5.0,0.32465503313537547,0.0
2012-05-10,1357.989990234375,0.002517410777005402,3.571428713344389e-06,0.0,5.0,0.26210568534073786,0.0
2012-05-11,1353.3900146484375,-0.0033873413051768164,3.571428713344389e-06,0.0,5.0,0.3068742693195795,0.0
2012-05-14,1338.3499755859375,-0.01111286391927968,3.3730159084948255e-06,0.0,5.0,0.45813201732615577,0.0
2012-05-15,1330.6600341796875,-0.005745837446504476,3.571428713344389e-06,0.0,5.0,0.5145656781910449,0.0
2012-05-16,1324.800048828125,-0.004403818556987793,3.7698412225359962e-06,0.0,5.0,0.549198604010774,0.0
2012-05-17,1304.8599853515625,-0.015051375861739213,3.571428713344389e-06,0.0,5.0,0.6487187550464826,0.0
2012-05-18,1295.219970703125,-0.007387777046316768,2.9761905944536585e-06,0.0,5.0,0.6726472297347289,0.0
2012-05-21,1315.989990234375,0.016035901237667627,2.3809523277339444e-06,0.0,5.0,0.5774094769218022,0.0
2012-05-22,1316.6300048828125,0.0004863370186602989,3.3730159084948255e-06,0.0,5.0,0.5486277302523773,0.0
2012-05-23,1318.8599853515625,0.0016937032123527374,3.1746031036452616e-06,0.0,5.0,0.4884700399660571,0.0
2012-05-24,1320.6800537109375,0.001380031526917458,3.571428713344389e-06,0.0,5.0,0.4321820188158762,0.0
2012-05-25,1317.8199462890625,-0.002165632329979128,3.1746031036452616e-06,0.0,5.0,0.45819130932800917,0.0
2012-05-29,1332.4200439453125,0.011078977592776207,2.9761905944536585e-06,0.0,5.0,0.26111730290187357,0.0
2012-05-30,1313.3199462890625,-0.014334892170861036,2.5793649847545313e-06,0.0,5.0,0.5050072860752922,0.0
2012-05-31,1310.3299560546875,-0.0022766655169013106,2.3809523277339444e-06,0.0,5.0,0.5268018571331836,0.0
2012-06-01,1278.0400390625,-0.024642584749729912,2.5793649847545313e-06,0.0,5.0,0.7433737970229278,0.0
2012-06-04,1278.1800537109375,0.00010955419561042845,2.5793649847545313e-06,0.0,5.0,0.7408441422633466,0.0
2012-06-05,1285.5,0.005726850663809513,3.1746031036452616e-06,0.0,5.0,0.6916274054467578,0.0
2012-06-06,1315.1300048828125,0.023049400920118535,3.1746031036452616e-06,0.0,5.0,0.340110981652604,0.0
2012-06-07,1314.989990234375,-0.00010646449242102118,3.1746031036452616e-06,0.0,5.0,0.35396541076016064,0.0
2012-06-08,1325.6600341796875,0.008114163624478143,3.1746031036452616e-06,0.0,5.0,0.23294823430855663,0.0
2012-06-11,1308.9300537109375,-0.012620113782869202,2.9761905944536585e-06,0.0,5.0,0.4310680759230471,0.0
2012-06-12,1324.1800537109375,0.011650737147309576,3.571428713344389e-06,0.0,5.0,0.24161003577822915,0.0
2012-06-13,1314.8800048828125,-0.007023250955987548,3.571428713344389e-06,0.0,5.0,0.3466883184739146,0.0
2012-06-14,1329.0999755859375,0.010814652782245693,3.7698412225359962e-06,0.0,5.0,0.20404914494522614,0.0
2012-06-15,1342.8399658203125,0.010337815429059649,3.3730159084948255e-06,0.0,5.0,0.14575492269118726,0.0
2012-06-18,1344.780029296875,0.0014447466011910937,2.9761905944536585e-06,0.0,5.0,0.13347661234800473,0.0
2012-06-19,1357.97998046875,0.009815695418065262,3.571428713344389e-06,0.0,5.0,0.12710631927495683,0.0
2012-06-20,1355.68994140625,-0.0016863570122068738,3.1746031036452616e-06,0.0,5.0,0.11246138530729821,0.0
2012-06-21,1325.510009765625,-0.022261677039013494,2.9761905944536585e-06,0.0,5.0,0.28073993162968386,0.0
2012-06-22,1335.02001953125,0.007174604262178752,2.9761905944536585e-06,0.0,5.0,0.17049422340725556,0.0
2012-06-25,1313.719970703125,-0.015954853497705423,2.9761905944536585e-06,0.0,5.0,0.42999976475148516,0.0
2012-06-26,1319.989990234375,0.004772721486371312,3.7698412225359962e-06,0.0,5.0,0.31897997537625433,0.0
2012-06-27,1331.8499755859375,0.008984905521485453,3.1746031036452616e-06,0.0,5.0,0.18232009061806753,0.0
2012-06-28,1329.0400390625,-0.002109799583246086,2.9761905944536585e-06,0.0,5.0,0.20670996835001176,0.0
2012-06-29,1362.1600341796875,0.02492023877666627,3.1746031036452616e-06,0.0,5.0,0.12572030325751113,0.0
2012-07-02,1365.510009765625,0.0024593113157624913,2.777777789604095e-06,0.0,5.0,0.11962679038072443,0.0
2012-07-03,1374.02001953125,0.0062321108631679945,2.9761905944536585e-06,0.0,5.0,0.1268295872808341,0.0
2012-07-05,1367.5799560546875,-0.0046870230309741245,2.9761905944536585e-06,0.0,5.0,0.10145953016087127,0.0
2012-07-06,1354.6800537109375,-0.00943264946713962,2.777777789604095e-06,0.0,5.0,0.10616544313064942,0.0
2012-07-09,1352.4599609375,-0.0016388318166757898,2.777777789604095e-06,0.0,5.0,0.12068735749813031,0.0
2012-07-10,1341.469970703125,-0.008125926498228409,3.571428713344389e-06,0.0,5.0,0.19550542220134998,0.0
2012-07-11,1341.449951171875,-1.4923577632885987e-05,3.571428713344389e-06,0.0,5.0,0.20035609456067804,0.0
2012-07-12,1334.760009765625,-0.004987097282612596,3.7698412225359962e-06,0.0,5.0,0.26754631941931417,0.0
2012-07-13,1356.780029296875,0.01649736234989274,3.571428713344389e-06,0.0,5.0,0.12206698784408872,0.0
2012-07-16,1353.6400146484375,-0.002314313728559836,3.3730159084948255e-06,0.0,5.0,0.13912703012152322,0.0
2012-07-17,1363.6700439453125,0.007409672577889825,3.7698412225359962e-06,0.0,5.0,0.11029164393548825,0.0
2012-07-18,1372.780029296875,0.006680490923747229,3.3730159084948255e-06,0.0,5.0,0.10369009614463295,0.0
2012-07-19,1376.510009765625,0.002717099891568653,3.1746031036452616e-06,0.0,5.0,0.09374874330084611,0.0
2012-07-20,1362.6600341796875,-0.010061659913606968,3.3730159084948255e-06,0.0,5.0,0.09515703118829312,0.0
2012-07-23,1350.52001953125,-0.00890905606969361,3.571428713344389e-06,0.0,5.0,0.16740536859750293,0.0
2012-07-24,1338.31005859375,-0.009040932945028057,3.7698412225359962e-06,0.0,5.0,0.2896586248723409,0.0
2012-07-25,1337.8900146484375,-0.000313861457302278,3.7698412225359962e-06,0.0,5.0,0.29028949221830036,0.0
2012-07-26,1360.02001953125,0.016540974699349675,3.96825402738556e-06,0.0,5.0,0.11292573158958392,0.0
2012-07-27,1385.969970703125,0.01908056557933535,3.96825402738556e-06,0.0,5.0,0.11142032575659691,0.0
2012-07-30,1385.300048828125,-0.0004833595887074882,3.571428713344389e-06,0.0,5.0,0.1027275236088554,0.0
2012-07-31,1379.3199462890625,-0.0043168283608459035,3.96825402738556e-06,0.0,5.0,0.09768008398466571,0.0
2012-08-01,1375.3199462890625,-0.0028999798130677767,3.571428713344389e-06,0.0,5.0,0.11171649980946176,0.0
2012-08-02,1365.0,-0.0075036694675360005,3.3730159084948255e-06,0.0,5.0,0.15514778178551844,0.0
2012-08-03,1390.989990234375,0.01904028588598905,2.9761905944536585e-06,0.0,5.0,0.10903815908764461,0.0
2012-08-06,1394.22998046875,0.0023292692665812798,2.9761905944536585e-06,0.0,5.0,0.10067097443007798,0.0
2012-08-07,1401.3499755859375,0.005106758007594747,3.96825402738556e-06,0.0,5.0,0.09946965551699995,0.0
2012-08-08,1402.219970703125,0.0006208264404641284,4.166666536577163e-06,0.0,5.0,0.08830193328284977,0.0
2012-08-09,1402.800048828125,0.0004136855394443195,4.365079341426725e-06,0.0,5.0,0.08096649053954634,0.0
2012-08-10,1405.8699951171875,0.002188441817939202,3.7698412225359962e-06,0.0,5.0,0.08124275085890144,0.0
2012-08-13,1404.1099853515625,-0.0012519007957618733,3.7698412225359962e-06,0.0,5.0,0.07885469006567222,0.0
2012-08-14,1403.9300537109375,-0.00012814640056846294,4.166666536577163e-06,0.0,5.0,0.07879496473010564,0.0
2012-08-15,1405.530029296875,0.0011396405267545262,3.1746031036452616e-06,0.0,5.0,0.07772023883716579,0.0
2012-08-16,1415.510009765625,0.007100510313353237,2.9761905944536585e-06,0.0,5.0,0.08798403218947377,0.0
2012-08-17,1418.1600341796875,0.0018721339981915275,3.1746031036452616e-06,0.0,5.0,0.09037903332317163,0.0
2012-08-20,1418.1300048828125,-2.1174829462955458e-05,3.3730159084948255e-06,0.0,5.0,0.09516204834502393,0.0
2012-08-21,1413.1700439453125,-0.003497536135912971,4.166666536577163e-06,0.0,5.0,0.08412133495670925,0.0
2012-08-22,1413.489990234375,0.0002264032488046297,3.96825402738556e-06,0.0,5.0,0.08339063330179557,0.0
2012-08-23,1402.0799560546875,-0.008072242646582573,3.7698412225359962e-06,0.0,5.0,0.0942879417717991,0.0
2012-08-24,1411.1300048828125,0.006454730908207917,3.571428713344389e-06,0.0,5.0,0.08087136761042509,0.0
2012-08-27,1410.43994140625,-0.0004890148137838279,3.7698412225359962e-06,0.0,5.0,0.08717855118380295,0.0
2012-08-28,1409.300048828125,-0.0008081822874276279,3.96825402738556e-06,0.0,5.0,0.09718795170755301,0.0
2012-08-29,1410.489990234375,0.0008443492265819419,3.7698412225359962e-06,0.0,5.0,0.09475007949140953,0.0
2012-08-30,1399.47998046875,-0.00780580496271055,3.571428713344389e-06,0.0,5.0,0.13495716671669086,0.0
2012-08-31,1406.5799560546875,0.0050732955705157234,3.3730159084948255e-06,0.0,5.0,0.1047800299585844,0.0
2012-09-04,1404.93994140625,-0.0011659590635981765,3.571428713344389e-06,0.0,5.0,0.11516721298354989,0.0
2012-09-05,1403.43994140625,-0.0010676612969652277,3.96825402738556e-06,0.0,5.0,0.13130111600962655,0.0
2012-09-06,1432.1199951171875,0.020435540463669577,3.96825402738556e-06,0.0,5.0,0.10351196841321438,0.0
2012-09-07,1437.9200439453125,0.0040499740579702515,3.96825402738556e-06,0.0,5.0,0.1031598707290932,0.0
2012-09-10,1429.0799560546875,-0.006147829935223559,3.7698412225359962e-06,0.0,5.0,0.08887430294176175,0.0
2012-09-11,1433.56005859375,0.0031349558295050706,3.96825402738556e-06,0.0,5.0,0.08603852095940417,0.0
2012-09-12,1436.56005859375,0.002092692232889659,3.7698412225359962e-06,0.0,5.0,0.08334040677747391,0.0
2012-09-13,1459.989990234375,0.01630974737217783,3.7698412225359962e-06,0.0,5.0,0.12236139524512628,0.0
2012-09-14,1465.77001953125,0.003958951318527193,3.7698412225359962e-06,0.0,5.0,0.12339543245258545,0.0
2012-09-17,1461.18994140625,-0.003124690820504483,3.571428713344389e-06,0.0,5.0,0.1015311142797544,0.0
2012-09-18,1459.3199462890625,-0.0012797755200721905,3.96825402738556e-06,0.0,5.0,0.09215918776746304,0.0
2012-09-19,1461.050048828125,0.001185553958514829,4.166666536577163e-06,0.0,5.0,0.08977630981984776,0.0
2012-09-20,1460.260009765625,-0.0005407337436069692,4.166666536577163e-06,0.0,5.0,0.08621440254330927,0.0
2012-09-21,1460.1500244140625,-7.531901909729743e-05,3.96825402738556e-06,0.0,5.0,0.0885028914801153,0.0
2012-09-24,1456.8900146484375,-0.002232653981520283,3.7698412225359962e-06,0.0,5.0,0.08971297972991923,0.0
2012-09-25,1441.5899658203125,-0.0105018557847808,4.166666536577163e-06,0.0,5.0,0.11367341791239476,0.0
2012-09-26,1433.3199462890625,-0.0057367349435899495,3.96825402738556e-06,0.0,5.0,0.15524903062736053,0.0
2012-09-27,1447.1500244140625,0.009648981834660786,3.3730159084948255e-06,0.0,5.0,0.09546537164692395,0.0
2012-09-28,1440.6700439453125,-0.004477753072888002,3.571428713344389e-06,0.0,5.0,0.11813578894244937,0.0
2012-10-01,1444.489990234375,0.002651506710448004,3.1746031036452616e-06,0.0,5.0,0.10438220602638917,0.0
2012-10-02,1445.75,0.0008722869484341089,3.571428713344389e-06,0.0,5.0,0.09437291838841129,0.0
2012-10-03,1450.989990234375,0.0036244096381636837,3.3730159084948255e-06,0.0,5.0,0.07940287977799025,0.0
2012-10-04,1461.4000244140625,0.007174435557619541,3.7698412225359962e-06,0.0,5.0,0.0743402779829631,0.0
2012-10-05,1460.9300537109375,-0.00032158936312698394,3.96825402738556e-06,0.0,5.0,0.07951643937391356,0.0
2012-10-08,1455.8800048828125,-0.0034567355331607263,3.7698412225359962e-06,0.0,5.0,0.08842536360242069,0.0
2012-10-09,1441.47998046875,-0.00989094181235195,3.7698412225359962e-06,0.0,5.0,0.1388901654985628,0.0
2012-10-10,1432.56005859375,-0.006188030354815854,3.7698412225359962e-06,0.0,5.0,0.19738056629083947,0.0
2012-10-11,1432.8399658203125,0.00019538952303133073,3.7698412225359962e-06,0.0,5.0,0.19664540305451342,0.0
2012-10-12,1428.5899658203125,-0.0029661372528556607,3.96825402738556e-06,0.0,5.0,0.22905431095096668,0.0
2012-10-15,1440.1300048828125,0.008077922524027725,3.7698412225359962e-06,0.0,5.0,0.13722258564121959,0.0
2012-10-16,1454.9200439453125,0.010269933278491461,3.96825402738556e-06,0.0,5.0,0.08914520773215784,0.0
2012-10-17,1460.9100341796875,0.004117058019306619,4.166666536577163e-06,0.0,5.0,0.08035307480806883,0.0
2012-10-18,1457.3399658203125,-0.0024437290975140025,3.7698412225359962e-06,0.0,5.0,0.08411099289627058,0.0
2012-10-19,1433.18994140625,-0.016571304555192734,3.571428713344389e-06,0.0,5.0,0.1812868284447227,0.0
2012-10-22,1433.8199462890625,0.00043958226653084687,3.571428713344389e-06,0.0,5.0,0.1550379130690789,0.0
2012-10-23,1413.1099853515625,-0.01444390628760639,3.96825402738556e-06,0.0,5.0,0.33053104041800996,0.0
2012-10-24,1408.75,-0.0030853828766044256,4.166666536577163e-06,0.0,5.0,0.3645583969225664,0.0
2012-10-25,1412.969970703125,0.002995542646406335,4.365079341426725e-06,0.0,5.0,0.2988687645643479,0.0
2012-10-26,1411.93994140625,-0.0007289817322603254,4.166666536577163e-06,0.0,5.0,0.2959582435738739,0.0
2012-10-31,1412.1600341796875,0.00015587969925845435,4.166666536577163e-06,0.0,5.0,0.2726408550191263,0.0
2012-11-01,1427.5899658203125,0.010926475234507071,3.571428713344389e-06,0.0,5.0,0.13231997361808354,0.0
2012-11-02,1414.199951171875,-0.009379454163327194,3.571428713344389e-06,0.0,5.0,0.24412222716482013,0.0
2012-11-05,1417.260009765625,0.002163809008205897,3.571428713344389e-06,0.0,5.0,0.1990752775860293,0.0
2012-11-06,1428.3900146484375,0.007853184882181896,3.96825402738556e-06,0.0,5.0,0.12251434445150913,0.0
2012-11-07,1394.530029296875,-0.023705000038029778,3.571428713344389e-06,0.0,5.0,0.42901422472738227,0.0
2012-11-08,1377.510009765625,-0.01220484261628385,3.3730159084948255e-06,0.0,5.0,0.5692934807136633,0.0
2012-11-09,1379.8499755859375,0.001698692425988746,3.571428713344389e-06,0.0,5.0,0.528319354059429,0.0
2012-11-12,1380.030029296875,0.00013048788935265954,3.452380853039877e-06,0.0,5.0,0.5026807909751574,0.0
2012-11-13,1374.530029296875,-0.0039854205221913075,3.3730159084948255e-06,0.0,5.0,0.5390499693931236,0.0
2012-11-14,1355.489990234375,-0.013852035718884714,3.7698412225359962e-06,0.0,5.0,0.6506973497316297,0.0
2012-11-15,1353.3299560546875,-0.0015935449138314572,2.9761905944536585e-06,0.0,5.0,0.6515315888583589,0.0
2012-11-16,1359.8800048828125,0.00483994963594836,2.9761905944536585e-06,0.0,5.0,0.5975866751734237,0.0
2012-11-19,1386.8900146484375,0.019862053761098286,2.9761905944536585e-06,0.0,5.0,0.3125768498380314,0.0
2012-11-20,1387.81005859375,0.0006633863793055195,3.3730159084948255e-06,0.0,5.0,0.283353070048529,0.0
2012-11-21,1391.030029296875,0.002320181125065268,3.571428713344389e-06,0.0,5.0,0.24090481543135558,0.0
2012-11-23,1409.1500244140625,0.013026314842639719,3.571428713344389e-06,0.0,5.0,0.15414899154754336,0.0
2012-11-26,1406.2900390625,-0.0020295818770267315,3.571428713344389e-06,0.0,5.0,0.1627820548507493,0.0
2012-11-27,1398.93994140625,-0.0052265872985560735,3.7698412225359962e-06,0.0,5.0,0.20576868500903753,0.0
2012-11-28,1409.9300537109375,0.007856028682432292,3.650793657889441e-06,0.0,5.0,0.14700501288800247,0.0
2012-11-29,1415.949951171875,0.004269642628790704,3.1746031036452616e-06,0.0,5.0,0.12776118498011443,0.0
2012-11-30,1416.1800537109375,0.00016250753698754394,2.9761905944536585e-06,0.0,5.0,0.12015171339951869,0.0
2012-12-03,1409.4599609375,-0.004745224843287543,3.0555555389987068e-06,0.0,5.0,0.14463238090942732,0.0
2012-12-04,1407.050048828125,-0.0017098123935156417,3.571428713344389e-06,0.0,5.0,0.16600551017587128,0.0
2012-12-05,1409.280029296875,0.0015848622233496368,3.571428713344389e-06,0.0,5.0,0.14499683815085113,0.0
2012-12-06,1413.93994140625,0.0033065906083264984,3.571428713344389e-06,0.0,5.0,0.12212648085961463,0.0
2012-12-07,1418.0699462890625,0.0029209195962771606,3.1746031036452616e-06,0.0,5.0,0.11165072733500878,0.0
2012-12-10,1418.550048828125,0.0003385605486661003,2.9761905944536585e-06,0.0,5.0,0.11230765541629265,0.0
2012-12-11,1427.8399658203125,0.0065488820784729285,2.9761905944536585e-06,0.0,5.0,0.09873429322587025,0.0
2012-12-12,1428.47998046875,0.0004482397633895907,2.3809523277339444e-06,0.0,5.0,0.10081403854384899,0.0
2012-12-13,1419.449951171875,-0.0063214251654488685,2.0634921060668095e-06,0.0,5.0,0.12056380892285712,0.0
2012-12-14,1413.5799560546875,-0.004135401260425775,9.92063506846389e-07,0.0,5.0,0.1588622867262118,0.0
2012-12-17,1430.3599853515625,0.011870590853387819,8.730158682853453e-07,0.0,5.0,0.0928695668652781,0.0
2012-12-18,1446.7900390625,0.011486656421599406,2.182539670713361e-06,0.0,5.0,0.09475142778316878,0.0
2012-12-19,1435.81005859375,-0.007589201039747917,1.7857143566721944e-06,0.0,5.0,0.08508799236135155,0.0
2012-12-20,1443.68994140625,0.00548810949285139,1.984127013692778e-06,0.0,5.0,0.07819793397328348,0.0
2012-12-21,1430.1500244140625,-0.009378687628036508,1.984127013692778e-06,0.0,5.0,0.08926280042455598,0.0
2012-12-24,1426.6600341796875,-0.002440296594621194,1.984127013692778e-06,0.0,5.0,0.11537222024011286,0.0
2012-12-26,1419.8299560546875,-0.00478746019469678,2.182539670713361e-06,0.0,5.0,0.16764220680376574,0.0
2012-12-27,1418.0999755859375,-0.001218442012279497,2.777777789604095e-06,0.0,5.0,0.1789514557586318,0.0
2012-12-28,1402.4300537109375,-0.011049941573072375,3.9682538795565474e-07,0.0,5.0,0.3294658128058893,0.0
2012-12-31,1426.18994140625,0.016941941334216226,1.3888888948020476e-06,0.0,5.0,0.13022170567682975,0.0
2013-01-02,1462.4200439453125,0.025403420320955883,2.182539670713361e-06,0.0,50.0,0.1540156462134438,0.0
2013-01-03,1459.3699951171875,-0.0020856174946130013,2.5793649847545313e-06,0.0,50.0,0.1348990632673027,0.0
2013-01-04,1466.469970703125,0.004865096315322948,2.5793649847545313e-06,0.0,50.0,0.13363332684811938,0.0
2013-01-07,1461.8900146484375,-0.0031231161538831653,2.3015872353599167e-06,0.0,50.0,0.11471153261024919,0.0
2013-01-08,1457.1500244140625,-0.003242371304872038,2.3809523277339444e-06,0.0,50.0,0.10722427502141425,0.0
2013-01-09,1461.02001953125,0.002655865938542279,2.182539670713361e-06,0.0,50.0,0.09796548532508183,0.0
2013-01-10,1472.1199951171875,0.007597415119266371,2.182539670713361e-06,0.0,50.0,0.10756885627059151,0.0
2013-01-11,1472.050048828125,-4.7513986152325494e-05,2.5000000402094805e-06,0.0,50.0,0.1042551661702823,0.0
2013-01-14,1470.6800537109375,-0.0009306715612543703,2.3809523277339444e-06,0.0,50.0,0.10349289366570875,0.0
2013-01-15,1472.3399658203125,0.0011286697641588184,3.1746031036452616e-06,0.0,50.0,0.10116266405974918,0.0
2013-01-16,1472.6300048828125,0.00019699191031485874,2.857142734149143e-06,0.0,50.0,0.09752553036064408,0.0
2013-01-17,1480.93994140625,0.005642922184040833,2.777777789604095e-06,0.0,50.0,0.10356854798974628,0.0
2013-01-18,1485.97998046875,0.0034032703971196288,2.777777789604095e-06,0.0,50.0,0.11400792652792423,0.0
2013-01-22,1492.56005859375,0.004428106846314561,2.3809523277339444e-06,0.0,50.0,0.12827632903054081,0.0
2013-01-23,1494.81005859375,0.001507477027169024,2.777777789604095e-06,0.0,50.0,0.12862510458419335,0.0
2013-01-24,1494.8199462890625,6.614683421224399e-06,2.9761905944536585e-06,0.0,50.0,0.11757126294487298,0.0
2013-01-25,1502.9599609375,0.005445481690718124,2.777777789604095e-06,0.0,50.0,0.1345482815170389,0.0
2013-01-28,1500.1800537109375,-0.0018496216125600817,2.3809523277339444e-06,0.0,50.0,0.11520211273166557,0.0
2013-01-29,1507.8399658203125,0.005105995170664235,2.5000000402094805e-06,0.0,50.0,0.1291838020087266,0.0
2013-01-30,1501.9599609375,-0.0038996213232838084,2.3809523277339444e-06,0.0,50.0,0.09627687818156991,0.0
2013-01-31,1498.1099853515625,-0.0025633010773032927,2.5793649847545313e-06,0.0,50.0,0.08103038476071431,0.0
2013-02-01,1513.1700439453125,0.010052705569688847,2.3809523277339444e-06,0.0,50.0,0.10547399430785319,0.0
2013-02-04,1495.7099609375,-0.011538744820964397,2.182539670713361e-06,0.0,50.0,0.0668374832645624,0.0
2013-02-05,1511.2900390625,0.010416510240551347,2.777777789604095e-06,0.0,50.0,0.08322405718808717,0.0
2013-02-06,1512.1199951171875,0.0005491705981217621,2.5793649847545313e-06,0.0,50.0,0.08555549987767158,0.0
2013-02-07,1509.3900146484375,-0.0018053993582290984,2.5793649847545313e-06,0.0,50.0,0.08036298043822535,0.0
2013-02-08,1517.9300537109375,0.005657940611518475,2.5793649847545313e-06,0.0,50.0,0.09784655773165313,0.0
2013-02-11,1517.010009765625,-0.000606117484177382,2.5793649847545313e-06,0.0,50.0,0.09659785126251078,0.0
2013-02-12,1519.4300537109375,0.001595272232703504,3.2936506682918174e-06,0.0,50.0,0.09496891353657652,0.0
2013-02-13,1520.3299560546875,0.000592263093356804,3.3730159084948255e-06,0.0,50.0,0.09206206536916528,0.0
2013-02-14,1521.3800048828125,0.0006906716689645265,3.7698412225359962e-06,0.0,50.0,0.09666430834844876,0.0
2013-02-15,1519.7900390625,-0.0010450813177572682,3.7698412225359962e-06,0.0,50.0,0.08994865572057448,0.0
2013-02-19,1530.93994140625,0.007336475471722448,3.96825402738556e-06,0.0,50.0,0.10840502126537074,0.0
2013-02-20,1511.949951171875,-0.012404137955230099,4.563492146276289e-06,0.0,50.0,0.07709590346233394,0.0
2013-02-21,1502.4200439453125,-0.006303057332801343,4.761904655467893e-06,0.0,50.0,0.0973062238498017,0.0
2013-02-22,1515.5999755859375,0.008772467921830174,4.761904655467893e-06,0.0,50.0,0.07287886498061809,0.0
2013-02-25,1487.8499755859375,-0.018309580659152336,4.563492146276289e-06,0.0,50.0,0.17347446487330648,0.0
2013-02-26,1496.93994140625,0.006109463971145868,4.365079341426725e-06,0.0,50.0,0.10401689315997249,0.0
2013-02-27,1515.989990234375,0.012725994077109837,3.96825402738556e-06,0.0,50.0,0.06726902971358506,0.0
2013-02-28,1514.6800537109375,-0.0008640799292052304,3.96825402738556e-06,0.0,50.0,0.06069790497412932,0.0
2013-03-01,1518.199951171875,0.002323855425648391,3.96825402738556e-06,0.0,50.0,0.06065216744047478,0.0
2013-03-04,1525.199951171875,0.00461072337316093,3.3730159084948255e-06,0.0,50.0,0.07250383695030202,0.0
2013-03-05,1539.7900390625,0.00956601649469957,3.3730159084948255e-06,0.0,50.0,0.10039071931631761,0.0
2013-03-06,1541.4599609375,0.001084512714484509,3.650793657889441e-06,0.0,50.0,0.09584666635360625,0.0
2013-03-07,1544.260009765625,0.0018164914425815581,3.571428713344389e-06,0.0,50.0,0.098209171101399,0.0
2013-03-08,1551.1800537109375,0.004481139122655131,3.452380853039877e-06,0.0,50.0,0.1128101713187915,0.0
2013-03-11,1556.219970703125,0.0032490857396794137,3.452380853039877e-06,0.0,50.0,0.12476789165352432,0.0
2013-03-12,1552.47998046875,-0.0024032529493148713,3.650793657889441e-06,0.0,50.0,0.10205205784663589,0.0
2013-03-13,1554.52001953125,0.00131405176760091,3.3730159084948255e-06,0.0,50.0,0.1063377076457298,0.0
2013-03-14,1563.22998046875,0.005602990523162488,3.571428713344389e-06,0.0,50.0,0.12602552831718408,0.0
2013-03-15,1560.699951171875,-0.0016184626244926115,3.2936506682918174e-06,0.0,50.0,0.10804368047853712,0.0
2013-03-18,1552.0999755859375,-0.005510332450180511,2.857142734149143e-06,0.0,50.0,0.08866196285805153,0.0
2013-03-19,1548.3399658203125,-0.0024225306518709244,2.777777789604095e-06,0.0,50.0,0.0858701280910056,0.0
2013-03-20,1558.7099609375,0.006697492376419811,2.5000000402094805e-06,0.0,50.0,0.09239802368502835,0.0
2013-03-21,1545.800048828125,-0.008282433828555424,2.3809523277339444e-06,0.0,50.0,0.0797010461814138,0.0
2013-03-22,1556.8900146484375,0.007174256352702191,2.5793649847545313e-06,0.0,50.0,0.08374227592267518,0.0
2013-03-25,1551.68994140625,-0.0033400389194234714,2.3015872353599167e-06,0.0,50.0,0.07885041659354333,0.0
2013-03-26,1563.77001953125,0.0077851108025177584,2.857142734149143e-06,0.0,50.0,0.09063323853597631,0.0
2013-03-27,1562.8499755859375,-0.0005883499068413123,3.1746031036452616e-06,0.0,50.0,0.0973978729807099,0.0
2013-03-28,1569.18994140625,0.00405666949441863,2.5793649847545313e-06,0.0,50.0,0.10577222669483197,0.0
2013-04-01,1562.1700439453125,-0.0044735804606589324,2.5793649847545313e-06,0.0,50.0,0.09330526774266576,0.0
2013-04-02,1570.25,0.005172264111710456,2.698412845059044e-06,0.0,50.0,0.0972296455128065,0.0
2013-04-03,1553.68994140625,-0.010546128701639845,2.182539670713361e-06,0.0,50.0,0.09041754697669466,0.0
2013-04-04,1559.97998046875,0.004048451943253761,2.5793649847545313e-06,0.0,50.0,0.08304175829368952,0.0
2013-04-05,1553.280029296875,-0.00429489561132812,2.3809523277339444e-06,0.0,50.0,0.09583549571409043,0.0
2013-04-08,1563.0699462890625,0.006302737952936344,2.182539670713361e-06,0.0,50.0,0.0922446281959645,0.0
2013-04-09,1568.6099853515625,0.0035443321494683655,2.5000000402094805e-06,0.0,50.0,0.09098241505069603,0.0
2013-04-10,1587.72998046875,0.01218913260513399,2.5793649847545313e-06,0.0,50.0,0.11878615508488787,0.0
2013-04-11,1593.3699951171875,0.0035522505198095633,2.5000000402094805e-06,0.0,50.0,0.12358933767795804,0.0
2013-04-12,1588.8499755859375,-0.002836767069231527,2.182539670713361e-06,0.0,50.0,0.10910905010571807,0.0
2013-04-15,1552.3599853515625,-0.022966290584432447,2.182539670713361e-06,0.0,50.0,0.12995469778286842,0.0
2013-04-16,1574.5699462890625,0.014307223290395576,2.0634921060668095e-06,0.0,50.0,0.08714044132060265,0.0
2013-04-17,1552.010009765625,-0.014327681394279534,1.984127013692778e-06,0.0,50.0,0.13000485946087137,0.0
2013-04-18,1541.6099853515625,-0.006701003439812281,1.984127013692778e-06,0.0,50.0,0.18161790307795153,0.0
2013-04-19,1555.25,0.008847902373522176,1.7857143566721944e-06,0.0,50.0,0.10245700170318583,0.0
2013-04-22,1562.5,0.004661629963028435,1.7857143566721944e-06,0.0,50.0,0.08642926646389942,0.0
2013-04-23,1578.780029296875,0.01041921875000007,1.7857143566721944e-06,0.0,50.0,0.09249021290311402,0.0
2013-04-24,1578.7900390625,6.340190171760796e-06,1.90476192131875e-06,0.0,50.0,0.08385162575439757,0.0
2013-04-25,1585.1600341796875,0.0040347322693841114,1.984127013692778e-06,0.0,50.0,0.08633221338133411,0.0
2013-04-26,1582.239990234375,-0.0018421130247733286,1.7857143566721944e-06,0.0,50.0,0.07632842534272166,0.0
2013-04-29,1593.6099853515625,0.007186011722218666,1.7857143566721944e-06,0.0,50.0,0.09427567327669835,0.0
2013-04-30,1597.5699462890625,0.002484899676771457,1.7857143566721944e-06,0.0,50.0,0.10469067302170755,0.0
2013-05-01,1582.699951171875,-0.009307883608932754,1.984127013692778e-06,0.0,50.0,0.07394938728991966,0.0
2013-05-02,1597.5899658203125,0.009407983261396247,1.984127013692778e-06,0.0,50.0,0.0923879109925826,0.0
2013-05-03,1614.4200439453125,0.010534666895180678,1.7857143566721944e-06,0.0,50.0,0.12435042448619459,0.0
2013-05-06,1617.5,0.0019077786269059427,1.1904761638669722e-06,0.0,50.0,0.12295976292181655,0.0
2013-05-07,1625.9599609375,0.005230269513137653,1.3888888948020476e-06,0.0,50.0,0.13989237700107474,0.0
2013-05-08,1632.68994140625,0.004139081299929126,1.3888888948020476e-06,0.0,50.0,0.15197401396178475,0.0
2013-05-09,1626.6700439453125,-0.0036871039064235722,1.3888888948020476e-06,0.0,50.0,0.12013562753703924,0.0
2013-05-10,1633.699951171875,0.004321655306021466,1.3888888948020476e-06,0.0,50.0,0.13550431777435396,0.0
2013-05-13,1633.77001953125,4.2889368592202715e-05,1.3888888948020476e-06,0.0,50.0,0.13306105060130546,0.0
2013-05-14,1650.3399658203125,0.010142153479971716,1.5873015518226308e-06,0.0,50.0,0.16282801404771582,0.0
2013-05-15,1658.780029296875,0.0051141362697153525,1.4682539871760755e-06,0.0,50.0,0.17289601081080938,0.0
2013-05-16,1650.469970703125,-0.005009741163373271,9.92063506846389e-07,0.0,50.0,0.13538498365513785,0.0
2013-05-17,1667.469970703125,0.010300096519028301,1.1904761638669722e-06,0.0,50.0,0.16731645750379465,0.0
2013-05-20,1666.2900390625,-0.000707617924973758,1.3888888948020476e-06,0.0,50.0,0.148313474201825,0.0
2013-05-21,1669.1600341796875,0.001722386289245481,1.5873015518226308e-06,0.0,50.0,0.14588691712993931,0.0
2013-05-22,1655.3499755859375,-0.008273657594813577,1.3888888948020476e-06,0.0,50.0,0.10704864711259887,0.0
2013-05-23,1650.510009765625,-0.002923832356719225,1.5873015518226308e-06,0.0,50.0,0.10079607712057095,0.0
2013-05-24,1649.5999755859375,-0.0005513654411685165,1.4682539871760755e-06,0.0,50.0,0.10801681353879679,0.0
2013-05-28,1660.06005859375,0.006340981548631053,1.3888888948020476e-06,0.0,50.0,0.10883662656323963,0.0
2013-05-29,1648.3599853515625,-0.007047981897774669,1.5873015518226308e-06,0.0,50.0,0.09804501365101048,0.0
2013-05-30,1654.4100341796875,0.00367034439193481,9.92063506846389e-07,0.0,50.0,0.09502469130080668,0.0
2013-05-31,1630.739990234375,-0.014307241527974024,1.1904761638669722e-06,0.0,50.0,0.11407411321237991,0.0
2013-06-03,1640.4200439453125,0.005935988427895333,1.1904761638669722e-06,0.0,50.0,0.08827537602812095,0.0
2013-06-04,1631.3800048828125,-0.005510807488524838,1.5873015518226308e-06,0.0,50.0,0.1031629914075151,0.0
2013-06-05,1608.9000244140625,-0.013779732742503992,1.7857143566721944e-06,0.0,50.0,0.20064781514184077,0.0
2013-06-06,1622.56005859375,0.008490293972530871,1.7857143566721944e-06,0.0,50.0,0.11096986284210472,0.0
2013-06-07,1643.3800048828125,0.012831541229424204,1.5873015518226308e-06,0.0,50.0,0.07747861508093255,0.0
2013-06-10,1642.81005859375,-0.00034681344994402785,1.5873015518226308e-06,0.0,50.0,0.07682461687762132,0.0
2013-06-11,1626.1300048828125,-0.010153367167240024,1.7857143566721944e-06,0.0,50.0,0.10531261930035538,0.0
2013-06-12,1612.52001953125,-0.008369555515669425,1.5873015518226308e-06,0.0,50.0,0.1702590826992938,0.0
2013-06-13,1636.3599853515625,0.014784291377196501,1.7063492642981665e-06,0.0,50.0,0.07743331049918863,0.0
2013-06-14,1626.72998046875,-0.005885016114436148,1.5873015518226308e-06,0.0,50.0,0.10220296633590856,0.0
2013-06-17,1639.0400390625,0.007567364431436019,1.5873015518226308e-06,0.0,50.0,0.07605343434666023,0.0
2013-06-18,1651.81005859375,0.007791157767295331,1.7857143566721944e-06,0.0,50.0,0.07797710395453146,0.0
2013-06-19,1628.9300537109375,-0.013851474486292426,1.5873015518226308e-06,0.0,50.0,0.10007060241154453,0.0
2013-06-20,1588.18994140625,-0.02501035094286319,1.5873015518226308e-06,0.0,50.0,0.358743769315803,0.0
2013-06-21,1592.4300537109375,0.002669776576555538,1.5873015518226308e-06,0.0,50.0,0.2877541004799775,0.0
2013-06-24,1573.0899658203125,-0.012145015629135836,1.5873015518226308e-06,0.0,50.0,0.41723936275299967,0.0
2013-06-25,1588.030029296875,0.009497272121224087,2.3015872353599167e-06,0.0,50.0,0.26901278344275137,0.0
2013-06-26,1603.260009765625,0.009590486444071455,2.182539670713361e-06,0.0,50.0,0.13027855572027736,0.0
2013-06-27,1613.199951171875,0.0061998311850259835,1.7857143566721944e-06,0.0,50.0,0.08193494950144874,0.0
2013-06-28,1606.280029296875,-0.004289562412875814,1.1904761638669722e-06,0.0,50.0,0.1121924721067735,0.0
2013-07-01,1614.9599609375,0.005403747467634501,3.9682538795565474e-07,0.0,50.0,0.07979794240444177,0.0
2013-07-02,1614.0799560546875,-0.0005449081736377259,1.3888888948020476e-06,0.0,50.0,0.08835600601815606,0.0
2013-07-03,1615.4100341796875,0.0008240472350893313,1.3888888948020476e-06,0.0,50.0,0.07928427609361997,0.0
2013-07-05,1631.8900146484375,0.010201732142340214,1.3888888948020476e-06,0.0,50.0,0.0647333654619307,0.0
2013-07-08,1640.4599609375,0.0052515464964768555,1.3888888948020476e-06,0.0,50.0,0.07190243880605518,0.0
2013-07-09,1652.3199462890625,0.007229670722828763,1.3888888948020476e-06,0.0,50.0,0.09237876978253423,0.0
2013-07-10,1652.6199951171875,0.00018159245054127915,1.1904761638669722e-06,0.0,50.0,0.08476022646654637,0.0
2013-07-11,1675.02001953125,0.013554249906357896,1.1904761638669722e-06,0.0,50.0,0.13580742912534774,0.0
2013-07-12,1680.18994140625,0.003086483632862347,1.1904761638669722e-06,0.0,50.0,0.1387897470804719,0.0
2013-07-15,1682.5,0.001374879432867404,7.936507759113135e-07,0.0,50.0,0.1329577989788739,0.0
2013-07-16,1676.260009765625,-0.003708760911961373,1.3888888948020476e-06,0.0,50.0,0.09984414177831293,0.0
2013-07-17,1680.9100341796875,0.0027740472164057284,9.92063506846389e-07,0.0,50.0,0.10246079555381489,0.0
2013-07-18,1689.3699951171875,0.0050329647425946256,8.730158682853453e-07,0.0,50.0,0.11574930537346897,0.0
2013-07-19,1692.0899658203125,0.0016100503211176065,7.936507759113135e-07,0.0,50.0,0.11902134014594594,0.0
2013-07-22,1695.530029296875,0.0020330263437824403,1.9841269397782539e-07,0.0,50.0,0.12116987920070234,0.0
2013-07-23,1692.3900146484375,-0.0018519369130487462,7.936507759113135e-07,0.0,50.0,0.09820274146251874,0.0
2013-07-24,1685.93994140625,-0.0038112215188927934,7.936507759113135e-07,0.0,50.0,0.07887061678053846,0.0
2013-07-25,1690.25,0.0025564722015867236,5.952380819334841e-07,0.0,50.0,0.08607156074103671,0.0
2013-07-26,1691.6500244140625,0.0008282942843145236,5.952380819334841e-07,0.0,50.0,0.09347584684775347,0.0
2013-07-29,1685.3299560546875,-0.003736037754951127,7.936507759113135e-07,0.0,50.0,0.08183276638732773,0.0
2013-07-30,1685.9599609375,0.00037381693747806644,1.1904761638669722e-06,0.0,50.0,0.08231589504826359,0.0
2013-07-31,1685.72998046875,-0.00013640921141577778,1.1904761638669722e-06,0.0,50.0,0.08102697215144342,0.0
2013-08-01,1706.8699951171875,0.01254056989753427,1.3888888948020476e-06,0.0,50.0,0.0985638022802623,0.0
2013-08-02,1709.6700439453125,0.0016404581697111453,1.1904761638669722e-06,0.0,50.0,0.10314023266645536,0.0
2013-08-05,1707.1400146484375,-0.0014798348405500317,1.3888888948020476e-06,0.0,50.0,0.09506855962683763,0.0
2013-08-06,1697.3699951171875,-0.005723033522392118,1.5873015518226308e-06,0.0,50.0,0.0780389988150265,0.0
2013-08-07,1690.9100341796875,-0.0038058649299111957,1.5873015518226308e-06,0.0,50.0,0.08136468975309591,0.0
2013-08-08,1697.47998046875,0.003885449938943575,1.7857143566721944e-06,0.0,50.0,0.07968872007996397,0.0
2013-08-09,1691.4200439453125,-0.003569960525698801,1.90476192131875e-06,0.0,50.0,0.08316204594052495,0.0
2013-08-12,1689.469970703125,-0.0011529207361400395,1.90476192131875e-06,0.0,50.0,0.09273496635756526,0.0
2013-08-13,1694.1600341796875,0.002776056134700333,2.0634921060668095e-06,0.0,50.0,0.08881485001380943,0.0
2013-08-14,1685.3900146484375,-0.005176618120080079,1.984127013692778e-06,0.0,50.0,0.09924533302238042,0.0
2013-08-15,1661.3199462890625,-0.014281601380197961,1.7857143566721944e-06,0.0,50.0,0.199760620628375,0.0
2013-08-16,1655.8299560546875,-0.0033045953891290836,1.5873015518226308e-06,0.0,50.0,0.2279447055593939,0.0
2013-08-19,1646.06005859375,-0.005900302398330837,1.5873015518226308e-06,0.0,50.0,0.2884053708393135,0.0
2013-08-20,1652.3499755859375,0.0038211953199089876,1.7857143566721944e-06,0.0,50.0,0.22377512409170044,0.0
2013-08-21,1642.800048828125,-0.005779602928505545,1.309523802428016e-06,0.0,50.0,0.28439182503527993,0.0
2013-08-22,1656.9599609375,0.008619376484360286,7.936507759113135e-07,0.0,50.0,0.16632257245644513,0.0
2013-08-23,1663.5,0.003947010921615535,8.730158682853453e-07,0.0,50.0,0.12085118574038589,0.0
2013-08-26,1656.780029296875,-0.00403965777164117,5.158730265167024e-07,0.0,50.0,0.166666593488317,0.0
2013-08-27,1630.47998046875,-0.015874194741040237,1.309523802428016e-06,0.0,50.0,0.3459875807461765,0.0
2013-08-28,1634.9599609375,0.002747645185721348,1.1904761638669722e-06,0.0,50.0,0.29046549196517196,0.0
2013-08-29,1638.1700439453125,0.0019634016027962886,7.936507759113135e-07,0.0,50.0,0.25215567240410136,0.0
2013-08-30,1632.969970703125,-0.0031743183568806455,7.936507759113135e-07,0.0,50.0,0.284295223841552,0.0
2013-09-03,1639.77001953125,0.004164221602432239,5.952380819334841e-07,0.0,50.0,0.22537315022289026,0.0
2013-09-04,1653.0799560546875,0.008116953209842404,5.952380819334841e-07,0.0,50.0,0.1339389466549998,0.0
2013-09-05,1655.0799560546875,0.0012098628337211537,5.952380819334841e-07,0.0,50.0,0.13316683382792277,0.0
2013-09-06,1655.1700439453125,5.443114110303959e-05,5.952380819334841e-07,0.0,50.0,0.13132630721882566,0.0
2013-09-09,1671.7099609375,0.009992880823750605,3.9682538795565474e-07,0.0,50.0,0.0945649638710469,0.0
2013-09-10,1683.989990234375,0.007345789391592916,5.952380819334841e-07,0.0,50.0,0.09841961451714984,0.0
2013-09-11,1689.1300048828125,0.0030522833735622257,5.952380819334841e-07,0.0,50.0,0.10348590575262913,0.0
2013-09-12,1683.4200439453125,-0.0033804153149811222,3.9682538795565474e-07,0.0,50.0,0.08446522577831922,0.0
2013-09-13,1687.989990234375,0.002714679741101511,3.9682538795565474e-07,0.0,50.0,0.08954218045943678,0.0
2013-09-16,1697.5999755859375,0.0056931530442476674,1.1904762008242064e-07,0.0,50.0,0.09853892473369111,0.0
2013-09-17,1704.760009765625,0.004217739327674108,1.9841269397782539e-07,0.0,50.0,0.10820195611451008,0.0
2013-09-18,1725.52001953125,0.012177672896303449,1.9841269397782539e-07,0.0,50.0,0.14416282925510612,0.0
2013-09-19,1722.3399658203125,-0.0018429538196846895,1.9841269397782539e-07,0.0,50.0,0.11566265671425566,0.0
2013-09-20,1709.9100341796875,-0.007216886263627376,1.9841269397782539e-07,0.0,50.0,0.07549009014128602,0.0
2013-09-23,1701.8399658203125,-0.004719586526811925,1.9841269397782539e-07,0.0,50.0,0.07130644979255979,0.0
2013-09-24,1697.4200439453125,-0.0025971430708935372,5.952380819334841e-07,0.0,50.0,0.0856135919566302,0.0
2013-09-25,1692.77001953125,-0.00273946595048713,5.952380819334841e-07,0.0,50.0,0.11335098914821617,0.0
2013-09-26,1698.6700439453125,0.0034854258676535466,1.1904762008242064e-07,0.0,50.0,0.0981845303561578,0.0
2013-09-27,1691.75,-0.004073801130465626,1.9841269397782539e-07,0.0,50.0,0.11578578856071453,0.0
2013-09-30,1681.550048828125,-0.0060292307798877065,1.9841269397782539e-07,0.0,50.0,0.15686383353998037,0.0
2013-10-01,1695.0,0.007998543475556064,5.158730265167024e-07,0.0,50.0,0.09263757735516003,0.0
2013-10-02,1693.8699951171875,-0.0006666695473820372,3.9682538795565474e-07,0.0,50.0,0.10005334744358443,0.0
2013-10-03,1678.6600341796875,-0.008979414583967338,7.936507759113135e-07,0.0,50.0,0.16314952492206264,0.0
2013-10-04,1690.5,0.0070532243451535415,7.142856835372857e-07,0.0,50.0,0.10281655875077365,0.0
2013-10-07,1676.1199951171875,-0.008506361953748875,7.142856835372857e-07,0.0,50.0,0.17236740231134573,0.0
2013-10-08,1655.449951171875,-0.012332078852067663,1.7857143566721944e-06,0.0,50.0,0.31903025320997036,0.0
2013-10-09,1656.4000244140625,0.0005739063518743759,1.4682539871760755e-06,0.0,50.0,0.2825829568465101,0.0
2013-10-10,1692.56005859375,0.02183049604365883,1.5873015518226308e-06,0.0,50.0,0.0895991582232688,0.0
2013-10-11,1703.199951171875,0.006286271807078414,2.5000000402094805e-06,0.0,50.0,0.08405167062084716,0.0
2013-10-14,1710.1400146484375,0.004074720335558668,2.3015872353599167e-06,0.0,50.0,0.08971641092093924,0.0
2013-10-15,1698.06005859375,-0.007063723409320266,3.650793657889441e-06,0.0,50.0,0.08203958024425288,0.0
2013-10-16,1721.5400390625,0.013827532394934838,3.650793657889441e-06,0.0,50.0,0.0993500698009667,0.0
2013-10-17,1733.1500244140625,0.0067439531397044394,1.4682539871760755e-06,0.0,50.0,0.11693970395712705,0.0
2013-10-18,1744.5,0.006548755402622897,9.92063506846389e-07,0.0,50.0,0.13395981515181837,0.0
2013-10-21,1744.6600341796875,9.173641713244862e-05,9.92063506846389e-07,0.0,50.0,0.12084514952025704,0.0
2013-10-22,1754.6700439453125,0.005737513079636436,1.309523802428016e-06,0.0,50.0,0.1325275805615921,0.0
2013-10-23,1746.3800048828125,-0.004724557241463034,1.1904761638669722e-06,0.0,50.0,0.09675532145590456,0.0
2013-10-24,1752.0699462890625,0.003258134764679621,1.1904761638669722e-06,0.0,50.0,0.1038468518374739,0.0
2013-10-25,1759.77001953125,0.004394843515520774,1.1904761638669722e-06,0.0,50.0,0.11889432719230256,0.0
2013-10-28,1762.1099853515625,0.001329699787098182,7.936507759113135e-07,0.0,50.0,0.11607809120762257,0.0
2013-10-29,1771.949951171875,0.00558419502875096,1.5873015518226308e-06,0.0,50.0,0.1345113325881847,0.0
2013-10-30,1763.31005859375,-0.004875923596155185,1.3888888948020476e-06,0.0,50.0,0.09865045318224536,0.0
2013-10-31,1756.5400390625,-0.0038393812241105385,1.309523802428016e-06,0.0,50.0,0.07377505778106586,0.0
2013-11-01,1761.6400146484375,0.002903421198789946,1.309523802428016e-06,0.0,50.0,0.07994315047078338,0.0
2013-11-04,1767.9300537109375,0.003570558689741876,1.309523802428016e-06,0.0,50.0,0.09183299850961596,0.0
2013-11-05,1762.969970703125,-0.0028055878101066467,1.7857143566721944e-06,0.0,50.0,0.08069852559557818,0.0
2013-11-06,1770.489990234375,0.004265540341705787,1.7857143566721944e-06,0.0,50.0,0.08934537722455145,0.0
2013-11-07,1747.1500244140625,-0.013182771972194418,1.90476192131875e-06,0.0,50.0,0.07454639851231949,0.0
2013-11-08,1770.6099853515625,0.013427559516743681,2.0634921060668095e-06,0.0,50.0,0.07655361146373267,0.0
2013-11-11,1771.8900146484375,0.000722931253898329,2.0634921060668095e-06,0.0,50.0,0.0792329409364369,0.0
2013-11-12,1767.68994140625,-0.0023703916199453445,2.3015872353599167e-06,0.0,50.0,0.07168943741166409,0.0
2013-11-13,1782.0,0.008095344244797742,2.777777789604095e-06,0.0,50.0,0.0930782274643102,0.0
2013-11-14,1790.6199951171875,0.00483725876385388,2.698412845059044e-06,0.0,50.0,0.10912273504044352,0.0
2013-11-15,1798.1800537109375,0.004222034052096646,2.777777789604095e-06,0.0,50.0,0.12455506799674576,0.0
2013-11-18,1791.530029296875,-0.00369819718572606,2.5793649847545313e-06,0.0,50.0,0.09732670313845884,0.0
2013-11-19,1787.8699951171875,-0.0020429655768170463,3.1746031036452616e-06,0.0,50.0,0.08438612476488073,0.0
2013-11-20,1781.3699951171875,-0.0036356111002209257,3.0555555389987068e-06,0.0,50.0,0.07770620474636676,0.0
2013-11-21,1795.8499755859375,0.00812856425584818,2.777777789604095e-06,0.0,50.0,0.08983260995608103,0.0
2013-11-22,1804.760009765625,0.004961457973002625,2.5793649847545313e-06,0.0,50.0,0.1052057378230347,0.0
2013-11-25,1802.47998046875,-0.0012633420978621634,2.3809523277339444e-06,0.0,50.0,0.0942317048315337,0.0
2013-11-26,1802.75,0.00014980445507073448,2.698412845059044e-06,0.0,50.0,0.08924171155993506,0.0
2013-11-27,1807.22998046875,0.0024850813860768373,2.5000000402094805e-06,0.0,50.0,0.09602298370156175,0.0
2013-11-29,1805.81005859375,-0.0007856896412440362,2.182539670713361e-06,0.0,50.0,0.09427037194399551,0.0
2013-12-02,1800.9000244140625,-0.002719020284730922,1.984127013692778e-06,0.0,50.0,0.09235817941749004,0.0
2013-12-03,1795.1500244140625,-0.0031928479771501372,1.3888888948020476e-06,0.0,50.0,0.0944552014404566,0.0
2013-12-04,1792.81005859375,-0.0013034931835718133,2.0634921060668095e-06,0.0,50.0,0.10158197774386386,0.0
2013-12-05,1785.030029296875,-0.004339572538419101,1.90476192131875e-06,0.0,50.0,0.11986661006652963,0.0
2013-12-06,1805.0899658203125,0.011237870620775636,2.0634921060668095e-06,0.0,50.0,0.09136544715355678,0.0
2013-12-09,1808.3699951171875,0.0018171001772671058,2.0634921060668095e-06,0.0,50.0,0.08950815374227018,0.0
2013-12-10,1802.6199951171875,-0.003179659038540561,2.777777789604095e-06,0.0,50.0,0.09455006654567699,0.0
2013-12-11,1782.219970703125,-0.01131687458772268,2.698412845059044e-06,0.0,50.0,0.13337248940010346,0.0
2013-12-12,1775.5,-0.0037705618911193506,2.5000000402094805e-06,0.0,50.0,0.16410111224242863,0.0
2013-12-13,1775.3199462890625,-0.00010141014414954963,2.3809523277339444e-06,0.0,50.0,0.17058654977051477,0.0
2013-12-16,1786.5400390625,0.006320039831068547,2.3015872353599167e-06,0.0,50.0,0.11697473777129003,0.0
2013-12-17,1781.0,-0.003100987910356179,2.5000000402094805e-06,0.0,50.0,0.13969259684310023,0.0
2013-12-18,1810.6500244140625,0.01664796429762072,2.3809523277339444e-06,0.0,50.0,0.09275467762747781,0.0
2013-12-19,1809.5999755859373,-0.0005799292044109672,2.3015872353599167e-06,0.0,50.0,0.09254236451961181,0.0
2013-12-20,1818.3199462890625,0.0048187283492318045,2.182539670713361e-06,0.0,50.0,0.08663221768358106,0.0
2013-12-23,1827.989990234375,0.00531812014989308,2.3015872353599167e-06,0.0,50.0,0.09665495648851288,0.0
2013-12-24,1833.3199462890625,0.0029157468493599126,2.698412845059044e-06,0.0,50.0,0.10494788755863302,0.0
2013-12-26,1842.02001953125,0.004745529147706984,2.3809523277339444e-06,0.0,50.0,0.11861344219523547,0.0
2013-12-27,1841.4000244140625,-0.00033658435338035364,2.3015872353599167e-06,0.0,50.0,0.11144294643900404,0.0
2013-12-30,1841.0699462890625,-0.00017925389411521664,2.182539670713361e-06,0.0,50.0,0.11051470784510184,0.0
2013-12-31,1848.3599853515625,0.003959675229718407,2.5000000402094805e-06,0.0,50.0,0.11877981489443955,0.0
2014-01-02,1831.97998046875,-0.008861912729460575,2.3015872353599167e-06,0.0,5.0,0.07319661596428431,0.0
2014-01-03,1831.3699951171875,-0.00033296507498215,2.3015872353599167e-06,0.0,5.0,0.07840300219698793,0.0
2014-01-06,1826.77001953125,-0.0025117674736410134,1.7857143566721944e-06,0.0,5.0,0.08870293941090822,0.0
2014-01-07,1837.8800048828125,0.006081764662643874,1.7063492642981665e-06,0.0,5.0,0.0756821807209897,0.0
2014-01-08,1837.489990234375,-0.0002122089839386998,1.5873015518226308e-06,0.0,5.0,0.08112243143890084,0.0
2014-01-09,1838.1300048828125,0.0003483091890779111,1.309523802428016e-06,0.0,5.0,0.07498342157392254,0.0
2014-01-10,1842.3699951171875,0.002306686808393188,1.309523802428016e-06,0.0,5.0,0.0741957856185757,0.0
2014-01-13,1819.199951171875,-0.012576216507389826,1.1904761638669722e-06,0.0,5.0,0.09643523460632844,0.0
2014-01-14,1838.8800048828125,0.010817971767347556,1.309523802428016e-06,0.0,5.0,0.06355258834299174,0.0
2014-01-15,1848.3800048828125,0.005166188100786506,1.3888888948020476e-06,0.0,5.0,0.0648132823483417,0.0
2014-01-16,1845.8900146484373,-0.0013471203041568458,1.1904761638669722e-06,0.0,5.0,0.06622018584098717,0.0
2014-01-17,1838.699951171875,-0.0038951743709019215,1.1904761638669722e-06,0.0,5.0,0.06960430902756319,0.0
2014-01-21,1843.800048828125,0.0027737519941737343,1.1111111454074327e-06,0.0,5.0,0.06334447217831196,0.0
2014-01-22,1844.8599853515625,0.0005748652214816463,1.1904761638669722e-06,0.0,5.0,0.06300569685646659,0.0
2014-01-23,1828.4599609375,-0.00888957673985069,1.1904761638669722e-06,0.0,5.0,0.08300886692906759,0.0
2014-01-24,1790.2900390625,-0.02087544856898549,1.309523802428016e-06,0.0,5.0,0.2750985789482055,0.0
2014-01-27,1781.56005859375,-0.004876293940238585,1.90476192131875e-06,0.0,5.0,0.31907252662632707,0.0
2014-01-28,1792.5,0.00614065260021901,1.7857143566721944e-06,0.0,5.0,0.2082000384736512,0.0
2014-01-29,1774.199951171875,-0.010209232261157553,1.5873015518226308e-06,0.0,5.0,0.3305793939668434,0.0
2014-01-30,1794.18994140625,0.011267044743841437,5.952380819334841e-07,0.0,5.0,0.1582986697740855,0.0
2014-01-31,1782.5899658203125,-0.0064652996420466735,3.9682538795565474e-07,0.0,5.0,0.2340024416524135,0.0
2014-02-03,1741.8900146484375,-0.02283191982018462,7.936507759113135e-07,0.0,5.0,0.5220891814393511,0.0
2014-02-04,1755.199951171875,0.007641088938743268,2.182539670713361e-06,0.0,5.0,0.40055731646054643,0.0
2014-02-05,1751.6400146484375,-0.0020282227794392593,2.182539670713361e-06,0.0,5.0,0.4069617551633273,0.0
2014-02-06,1773.4300537109375,0.012439792925644788,2.3809523277339444e-06,0.0,5.0,0.1988824658466543,0.0
2014-02-07,1797.02001953125,0.013301886798946505,2.857142734149143e-06,0.0,5.0,0.08240046027154668,0.0
2014-02-10,1799.8399658203125,0.0015692347655638095,2.182539670713361e-06,0.0,5.0,0.07944440112671114,0.0
2014-02-11,1819.75,0.011062113608869106,1.7857143566721944e-06,0.0,5.0,0.07519892806627464,0.0
2014-02-12,1819.260009765625,-0.00026926239009483766,1.7063492642981665e-06,0.0,5.0,0.06329179779483025,0.0
2014-02-13,1829.8299560546875,0.005810025082904069,9.92063506846389e-07,0.0,5.0,0.07248932773793607,0.0
2014-02-14,1838.6300048828125,0.004809216724759979,3.9682538795565474e-07,0.0,5.0,0.07970444997417848,0.0
2014-02-18,1840.760009765625,0.0011584739056558213,5.952380819334841e-07,0.0,5.0,0.07644653686232548,0.0
2014-02-19,1828.75,-0.006524484290135191,1.7857143566721944e-06,0.0,5.0,0.04893971507550331,0.0
2014-02-20,1839.780029296875,0.006031458262132583,1.5873015518226308e-06,0.0,5.0,0.05735452082904504,0.0
2014-02-21,1836.25,-0.0019187235651341172,1.3888888948020476e-06,0.0,5.0,0.04501041289517127,0.0
2014-02-24,1847.6099853515625,0.00618651346579302,1.309523802428016e-06,0.0,5.0,0.05133555490481426,0.0
2014-02-25,1845.1199951171875,-0.0013476817370097205,1.5873015518226308e-06,0.0,5.0,0.04551241218635155,0.0
2014-02-26,1845.1600341796875,2.1699977565736717e-05,1.5873015518226308e-06,0.0,5.0,0.042960976658505665,0.0
2014-02-27,1854.2900390625,0.004948082937896281,1.3888888948020476e-06,0.0,5.0,0.04966475127294356,0.0
2014-02-28,1859.449951171875,0.0027826887923012578,1.7063492642981665e-06,0.0,5.0,0.054118643969842284,0.0
2014-03-03,1845.72998046875,-0.007378510346287226,1.7063492642981665e-06,0.0,5.0,0.03975486162950375,0.0
2014-03-04,1873.9100341796875,0.01526770113133269,1.90476192131875e-06,0.0,5.0,0.06792557180100423,0.0
2014-03-05,1873.81005859375,-5.335132643191631e-05,1.984127013692778e-06,0.0,5.0,0.05875780015521086,0.0
2014-03-06,1877.030029296875,0.0017184082710823834,1.7857143566721944e-06,0.0,5.0,0.05774899232307663,0.0
2014-03-07,1878.0400390625,0.0005380892952486782,1.7857143566721944e-06,0.0,5.0,0.055796263643549185,0.0
2014-03-10,1877.1700439453125,-0.0004632463094992323,1.5873015518226308e-06,0.0,5.0,0.0521324308826286,0.0
2014-03-11,1867.6300048828125,-0.005082138985368356,1.7857143566721944e-06,0.0,5.0,0.042021882186605186,0.0
2014-03-12,1868.199951171875,0.00030517087837123036,1.5873015518226308e-06,0.0,5.0,0.04516086243189938,0.0
2014-03-13,1846.3399658203125,-0.011701095130556172,1.5873015518226308e-06,0.0,5.0,0.07666539182421356,0.0
2014-03-14,1841.1300048828125,-0.0028217776974703845,1.5873015518226308e-06,0.0,5.0,0.10166968607212472,0.0
2014-03-17,1858.8299560546875,0.009613634629240364,1.7063492642981665e-06,0.0,5.0,0.04582372825493151,0.0
2014-03-18,1872.25,0.0072196189337276895,1.984127013692778e-06,0.0,5.0,0.04262245088566502,0.0
2014-03-19,1860.77001953125,-0.006131649335692324,1.984127013692778e-06,0.0,5.0,0.04875276482014475,0.0
2014-03-20,1872.010009765625,0.006040504799839086,2.0634921060668095e-06,0.0,5.0,0.04389783310510032,0.0
2014-03-21,1866.52001953125,-0.0029326714097337447,1.7857143566721944e-06,0.0,5.0,0.046536530332775335,0.0
2014-03-24,1857.43994140625,-0.004864709743258144,1.7063492642981665e-06,0.0,5.0,0.06893896928004521,0.0
2014-03-25,1865.6199951171875,0.004403939814465518,1.7857143566721944e-06,0.0,5.0,0.04920282952607943,0.0
2014-03-26,1852.56005859375,-0.007000319763734719,1.4682539871760755e-06,0.0,5.0,0.09087768971650385,0.0
2014-03-27,1849.0400390625,-0.0019000838946738874,1.309523802428016e-06,0.0,5.0,0.11064759212487763,0.0
2014-03-28,1857.6199951171875,0.0046402218845611465,1.309523802428016e-06,0.0,5.0,0.07543754025585575,0.0
2014-03-31,1872.3399658203125,0.007924102207026662,1.1111111454074327e-06,0.0,5.0,0.04788714035513145,0.0
2014-04-01,1885.52001953125,0.0070393485966973035,1.1904761638669722e-06,0.0,5.0,0.04928416185312871,0.0
2014-04-02,1890.9000244140625,0.002853326841976367,7.142856835372857e-07,0.0,5.0,0.05280498299929543,0.0
2014-04-03,1888.77001953125,-0.0011264502910314222,5.952380819334841e-07,0.0,5.0,0.050597768339654695,0.0
2014-04-04,1865.0899658203125,-0.012537288005457836,7.936507759113135e-07,0.0,5.0,0.07035934243708862,0.0
2014-04-07,1845.0400390625,-0.010750112394172895,7.936507759113135e-07,0.0,5.0,0.16736451095722904,0.0
2014-04-08,1851.9599609375,0.0037505537703756975,9.92063506846389e-07,0.0,5.0,0.10740495489542104,0.0
2014-04-09,1872.1800537109373,0.010918212704340347,1.1111111454074327e-06,0.0,5.0,0.043765591286795094,0.0
2014-04-10,1833.0799560546875,-0.020884795550912716,1.1111111454074327e-06,0.0,5.0,0.2259136121502769,0.0
2014-04-11,1815.68994140625,-0.009486773662544357,1.1904761638669722e-06,0.0,5.0,0.35653910221001267,0.0
2014-04-14,1830.6099853515625,0.008217286225508769,1.1904761638669722e-06,0.0,5.0,0.20428393092447983,0.0
2014-04-15,1842.97998046875,0.006757307791485534,1.1904761638669722e-06,0.0,5.0,0.10518590715285712,0.0
2014-04-16,1862.31005859375,0.010488490558689278,9.92063506846389e-07,0.0,5.0,0.049999201693621986,0.0
2014-04-17,1864.8499755859373,0.001363852909705754,9.92063506846389e-07,0.0,5.0,0.04788559242514319,0.0
2014-04-21,1871.8900146484373,0.003775123551313042,9.92063506846389e-07,0.0,5.0,0.05255853430116289,0.0
2014-04-22,1879.550048828125,0.004092139025126729,9.92063506846389e-07,0.0,5.0,0.05338202721482743,0.0
2014-04-23,1875.3900146484373,-0.002213313863220323,5.952380819334841e-07,0.0,5.0,0.0436258869148874,0.0
2014-04-24,1878.6099853515625,0.0017169605671216726,2.777777863518571e-07,0.0,5.0,0.04480462053989695,0.0
2014-04-25,1863.4000244140625,-0.008096390978489132,2.777777863518571e-07,0.0,5.0,0.061909297969583256,0.0
2014-04-28,1869.4300537109373,0.003236035858038999,1.1904762008242064e-07,0.0,5.0,0.04985324057685936,0.0
2014-04-29,1878.3299560546875,0.004760757069291355,5.952380819334841e-07,0.0,5.0,0.04536905655870896,0.0
2014-04-30,1883.949951171875,0.002992016977140688,7.936507759113135e-07,0.0,5.0,0.050963221353903,0.0
2014-05-01,1883.6800537109373,-0.00014326148142618234,7.142856835372857e-07,0.0,5.0,0.04487811935615737,0.0
2014-05-02,1881.1400146484373,-0.0013484450597095465,5.952380819334841e-07,0.0,5.0,0.04461822919884658,0.0
2014-05-05,1884.6600341796875,0.0018712161263063631,5.952380819334841e-07,0.0,5.0,0.048528007956869075,0.0
2014-05-06,1867.719970703125,-0.008988392160571124,7.936507759113135e-07,0.0,5.0,0.0795961253076467,0.0
2014-05-07,1878.2099609375,0.005616468420812426,7.936507759113135e-07,0.0,5.0,0.05175433463120126,0.0
2014-05-08,1875.6300048828125,-0.0013736249452109828,8.730158682853453e-07,0.0,5.0,0.06013114472379315,0.0
2014-05-09,1878.47998046875,0.001519476431128819,8.730158682853453e-07,0.0,5.0,0.05877056273279547,0.0
2014-05-12,1896.6500244140625,0.009672737603931392,7.936507759113135e-07,0.0,5.0,0.05175125923210628,0.0
2014-05-13,1897.449951171875,0.0004217577030636299,7.936507759113135e-07,0.0,5.0,0.04869064219511953,0.0
2014-05-14,1888.530029296875,-0.004701005088166399,7.936507759113135e-07,0.0,5.0,0.04939257369811866,0.0
2014-05-15,1870.8499755859373,-0.009361807033336,7.142856835372857e-07,0.0,5.0,0.09522400171508712,0.0
2014-05-16,1877.8599853515625,0.00374696520677964,5.952380819334841e-07,0.0,5.0,0.06836230043485902,0.0
2014-05-19,1885.0799560546875,0.0038447864907102947,7.142856835372857e-07,0.0,5.0,0.05941581885046425,0.0
2014-05-20,1872.8299560546875,-0.00649839809746755,9.92063506846389e-07,0.0,5.0,0.09056955312423434,0.0
2014-05-21,1888.030029296875,0.008116098951240547,9.92063506846389e-07,0.0,5.0,0.05619124936878243,0.0
2014-05-22,1892.489990234375,0.0023622298736216685,1.1111111454074327e-06,0.0,5.0,0.056092878126285974,0.0
2014-05-23,1900.530029296875,0.004248391856225497,1.1111111454074327e-06,0.0,5.0,0.06146815478252516,0.0
2014-05-27,1911.9100341796875,0.005987805879090757,1.1111111454074327e-06,0.0,5.0,0.07202957647594048,0.0
2014-05-28,1909.780029296875,-0.0011140717108722997,1.1111111454074327e-06,0.0,5.0,0.06156762283935297,0.0
2014-05-29,1920.030029296875,0.0053671102654548886,1.1904761638669722e-06,0.0,5.0,0.07411496944489727,0.0
2014-05-30,1923.5699462890625,0.0018436779311643559,1.1904761638669722e-06,0.0,5.0,0.08163044484769971,0.0
2014-06-02,1924.969970703125,0.0007278261010281728,9.92063506846389e-07,0.0,5.0,0.08837051883596951,0.0
2014-06-03,1924.239990234375,-0.00037921654875650024,1.1904761638669722e-06,0.0,5.0,0.08985656381162421,0.0
2014-06-04,1927.8800048828125,0.001891663548679423,1.1904761638669722e-06,0.0,5.0,0.09798005880660102,0.0
2014-06-05,1940.4599609375,0.006525279593556643,1.1904761638669722e-06,0.0,5.0,0.10799838552689926,0.0
2014-06-06,1949.43994140625,0.004627758701298612,1.1111111454074327e-06,0.0,5.0,0.11989322069878491,0.0
2014-06-09,1951.27001953125,0.0009387712266117898,1.1904761638669722e-06,0.0,5.0,0.11287095735782368,0.0
2014-06-10,1950.7900390625,-0.00024598362294592224,1.3888888948020476e-06,0.0,5.0,0.11479457296716346,0.0
2014-06-11,1943.8900146484373,-0.0035370410325545887,1.309523802428016e-06,0.0,5.0,0.0996447400102248,0.0
2014-06-12,1930.1099853515625,-0.007088893503764959,1.309523802428016e-06,0.0,5.0,0.09123787638019773,0.0
2014-06-13,1936.1600341796875,0.003134561695468774,1.1904761638669722e-06,0.0,5.0,0.0928881460298013,0.0
2014-06-16,1937.780029296875,0.0008367051734305964,9.92063506846389e-07,0.0,5.0,0.09428487837481786,0.0
2014-06-17,1941.989990234375,0.0021725690603942027,1.309523802428016e-06,0.0,5.0,0.09883851215899356,0.0
2014-06-18,1956.97998046875,0.007718881307192449,7.142856835372857e-07,0.0,5.0,0.10399077650680993,0.0
2014-06-19,1959.47998046875,0.0012774785766593855,3.9682538795565474e-07,0.0,5.0,0.11231188042796907,0.0
2014-06-20,1962.8699951171875,0.0017300583227324307,3.9682538795565474e-07,0.0,5.0,0.11609414587850296,0.0
2014-06-23,1962.6099853515625,-0.00013246407875799893,1.9841269397782539e-07,0.0,5.0,0.11384798142666507,0.0
2014-06-24,1949.97998046875,-0.006435310620591883,8.730158682853453e-07,0.0,5.0,0.0955510755167137,0.0
2014-06-25,1959.530029296875,0.0048975112174378665,7.936507759113135e-07,0.0,5.0,0.09792266993056656,0.0
2014-06-26,1957.219970703125,-0.00117888399729138,9.92063506846389e-07,0.0,5.0,0.10320565660714698,0.0
2014-06-27,1960.9599609375,0.001910868625069062,7.142856835372857e-07,0.0,5.0,0.10978829597522724,0.0
2014-06-30,1960.22998046875,-0.0003722566922789161,7.936507759113135e-07,0.0,5.0,0.10175009280015504,0.0
2014-07-01,1973.3199462890625,0.006677770440579822,9.92063506846389e-07,0.0,5.0,0.09878555356062087,0.0
2014-07-02,1974.6199951171875,0.0006588129971369927,2.777777863518571e-07,0.0,5.0,0.09787238011315585,0.0
2014-07-03,1985.43994140625,0.005479508115899812,1.1904762008242064e-07,0.0,5.0,0.10931631589080444,0.0
2014-07-07,1977.6500244140625,-0.003923521850109468,2.777777863518571e-07,0.0,5.0,0.09520420088569637,0.0
2014-07-08,1963.7099609375,-0.00704880201475111,9.92063506846389e-07,0.0,5.0,0.0919404046466622,0.0
2014-07-09,1972.8299560546875,0.004644267890169251,5.952380819334841e-07,0.0,5.0,0.08925975344215914,0.0
2014-07-10,1964.6800537109373,-0.004131071874054815,5.952380819334841e-07,0.0,5.0,0.09830936737182518,0.0
2014-07-11,1967.5699462890625,0.0014709227452411877,5.952380819334841e-07,0.0,5.0,0.1019082446664379,0.0
2014-07-14,1977.0999755859373,0.004843552990250188,5.952380819334841e-07,0.0,5.0,0.09774047438955792,0.0
2014-07-15,1973.280029296875,-0.0019320956634629738,7.936507759113135e-07,0.0,5.0,0.09738379334946606,0.0
2014-07-16,1981.5699462890625,0.004201084929208676,7.142856835372857e-07,0.0,5.0,0.09470995226910964,0.0
2014-07-17,1958.1199951171875,-0.01183402645755216,2.777777863518571e-07,0.0,5.0,0.11127724440214075,0.0
2014-07-18,1978.219970703125,0.010264935568841116,3.9682538795565474e-07,0.0,5.0,0.08106074812892763,0.0
2014-07-21,1973.6300048828125,-0.0023202504717819705,5.158730265167024e-07,0.0,5.0,0.08850625499359549,0.0
2014-07-22,1983.530029296875,0.005016150134305564,7.936507759113135e-07,0.0,5.0,0.08527701797914881,0.0
2014-07-23,1987.010009765625,0.0017544380056517817,7.936507759113135e-07,0.0,5.0,0.08688036437977614,0.0
2014-07-24,1987.97998046875,0.00048815592189166424,7.936507759113135e-07,0.0,5.0,0.08443706962712942,0.0
2014-07-25,1978.3399658203125,-0.004849150767687549,7.936507759113135e-07,0.0,5.0,0.08693058516539041,0.0
2014-07-28,1978.9100341796875,0.0002881549022029084,9.92063506846389e-07,0.0,5.0,0.09234617879530775,0.0
2014-07-29,1969.949951171875,-0.004527786939807377,1.1111111454074327e-06,0.0,5.0,0.10038635884676252,0.0
2014-07-30,1970.0699462890625,6.091277451791832e-05,1.1111111454074327e-06,0.0,5.0,0.10009601814619154,0.0
2014-07-31,1930.6700439453125,-0.019999240340662028,7.142856835372857e-07,0.0,5.0,0.26113339072029057,0.0
2014-08-01,1925.1500244140625,-0.002859121137017251,7.142856835372857e-07,0.0,5.0,0.2788525707431926,0.0
2014-08-04,1938.989990234375,0.007189032358413172,5.952380819334841e-07,0.0,5.0,0.17316398106167682,0.0
2014-08-05,1920.2099609375,-0.009685469956760784,9.92063506846389e-07,0.0,5.0,0.27710563457131293,0.0
2014-08-06,1920.239990234375,1.563854864095049e-05,7.936507759113135e-07,0.0,5.0,0.25346843141973274,0.0
2014-08-07,1909.5699462890625,-0.0055566200056119674,7.936507759113135e-07,0.0,5.0,0.31354444136032916,0.0
2014-08-08,1931.5899658203125,0.011531402436471216,7.936507759113135e-07,0.0,5.0,0.1507784460769475,0.0
2014-08-11,1936.9200439453125,0.0027594252503462258,9.92063506846389e-07,0.0,5.0,0.12406357905042732,0.0
2014-08-12,1933.75,-0.00163664161317445,9.92063506846389e-07,0.0,5.0,0.13953133639608467,0.0
2014-08-13,1946.719970703125,0.006707160027472625,1.1904761638669722e-06,0.0,5.0,0.09007185094111217,0.0
2014-08-14,1955.1800537109373,0.004345814053963171,1.1111111454074327e-06,0.0,5.0,0.07899060690013741,0.0
2014-08-15,1955.06005859375,-6.137292417618401e-05,8.730158682853453e-07,0.0,5.0,0.08232263792992442,0.0
2014-08-18,1971.739990234375,0.008531672245722488,8.730158682853453e-07,0.0,5.0,0.07671765543059815,0.0
2014-08-19,1981.5999755859373,0.005000651911710952,9.92063506846389e-07,0.0,5.0,0.08409862845770476,0.0
2014-08-20,1986.510009765625,0.002477812999687634,9.92063506846389e-07,0.0,5.0,0.0886599643298496,0.0
2014-08-21,1992.3699951171875,0.0029498896671826813,5.952380819334841e-07,0.0,5.0,0.09168356103609943,0.0
2014-08-22,1988.4000244140625,-0.0019925870761225983,5.952380819334841e-07,0.0,5.0,0.08223755806755921,0.0
2014-08-25,1997.9200439453125,0.004787778824361766,5.952380819334841e-07,0.0,5.0,0.08645309778372848,0.0
2014-08-26,2000.02001953125,0.0010510808940034089,9.92063506846389e-07,0.0,5.0,0.082770361834198,0.0
2014-08-27,2000.1199951171875,4.9987292607633904e-05,9.92063506846389e-07,0.0,5.0,0.08443394128033305,0.0
2014-08-28,1996.739990234375,-0.0016899010514689339,8.730158682853453e-07,0.0,5.0,0.08498575487422809,0.0
2014-08-29,2003.3699951171875,0.00332041473363498,7.142856835372857e-07,0.0,5.0,0.09343215334858682,0.0
2014-09-02,2002.280029296875,-0.0005440661600049079,7.936507759113135e-07,0.0,5.0,0.09386601435797114,0.0
2014-09-03,2000.719970703125,-0.0007791410646480479,7.936507759113135e-07,0.0,5.0,0.09148239606651695,0.0
2014-09-04,1997.6500244140625,-0.0015344207755288997,7.936507759113135e-07,0.0,5.0,0.0953407114635703,0.0
2014-09-05,2007.7099609375,0.005035885365550108,7.936507759113135e-07,0.0,5.0,0.09180548494846265,0.0
2014-09-08,2001.5400390625,-0.003073114142502442,7.936507759113135e-07,0.0,5.0,0.09616828017021165,0.0
2014-09-09,1988.43994140625,-0.006545009043329442,5.952380819334841e-07,0.0,5.0,0.11398943338226827,0.0
2014-09-10,1995.68994140625,0.0036460744169486414,5.952380819334841e-07,0.0,5.0,0.09919388151744359,0.0
2014-09-11,1997.449951171875,0.0008819054148185845,3.9682538795565474e-07,0.0,5.0,0.10266427259395669,0.0
2014-09-12,1985.5400390625,-0.005962558462297207,3.9682538795565474e-07,0.0,5.0,0.12381793150532554,0.0
2014-09-15,1984.1300048828125,-0.0007101514711097545,3.9682538795565474e-07,0.0,5.0,0.13399285159342145,0.0
2014-09-16,1998.97998046875,0.007484376300642026,5.952380819334841e-07,0.0,5.0,0.0971071911786571,0.0
2014-09-17,2001.5699462890625,0.0012956437010964716,5.158730265167024e-07,0.0,5.0,0.09212557350613515,0.0
2014-09-18,2011.3599853515625,0.0048911800862372345,3.9682538795565474e-07,0.0,5.0,0.09013950425802776,0.0
2014-09-19,2010.4000244140625,-0.00047726958102545236,2.777777863518571e-07,0.0,5.0,0.08682214115517839,0.0
2014-09-22,1994.2900390625,-0.00801332329681892,1.1904762008242064e-07,0.0,5.0,0.10635431549106636,0.0
2014-09-23,1982.77001953125,-0.0057765015647701645,2.777777863518571e-07,0.0,5.0,0.14792450876982785,0.0
2014-09-24,1998.300048828125,0.00783249148610099,2.777777863518571e-07,0.0,5.0,0.08950118802061287,0.0
2014-09-25,1965.989990234375,-0.016168772358634453,1.9841269397782539e-07,0.0,5.0,0.2189394235136449,0.0
2014-09-26,1982.8499755859373,0.008575824615237426,1.9841269397782539e-07,0.0,5.0,0.11950325877554104,0.0
2014-09-29,1977.800048828125,-0.002546802239196122,1.9841269397782539e-07,0.0,5.0,0.14228609266462947,0.0
2014-09-30,1972.2900390625,-0.002785928622506484,5.158730265167024e-07,0.0,5.0,0.17246442164603162,0.0
2014-10-01,1946.1600341796875,-0.013248560995234304,5.158730265167024e-07,0.0,5.0,0.3295747336479029,0.0
2014-10-02,1946.1700439453125,5.143341477165109e-06,3.9682538795565474e-07,0.0,5.0,0.29475399236448757,0.0
2014-10-03,1967.9000244140625,0.0111655096821337,3.9682538795565474e-07,0.0,5.0,0.1404207272730446,0.0
2014-10-06,1964.8199462890625,-0.0015651598591330806,3.9682538795565474e-07,0.0,5.0,0.16092908308628703,0.0
2014-10-07,1935.0999755859373,-0.015126053030587894,3.9682538795565474e-07,0.0,5.0,0.3608812480221637,0.0
2014-10-08,1968.8900146484373,0.017461650296527242,1.9841269397782539e-07,0.0,5.0,0.12192455089819795,0.0
2014-10-09,1928.2099609375,-0.02066141501469343,1.9841269397782539e-07,0.0,5.0,0.4055802288177901,0.0
2014-10-10,1906.1300048828125,-0.011451012338901223,1.9841269397782539e-07,0.0,5.0,0.5456391363976281,0.0
2014-10-13,1874.739990234375,-0.016467929557809624,1.9841269397782539e-07,0.0,5.0,0.6594712828476766,0.0
2014-10-14,1877.699951171875,0.0015788647774723774,1.9841269397782539e-07,0.0,5.0,0.6457731767662848,0.0
2014-10-15,1862.489990234375,-0.008100314924121665,3.9682538795565474e-07,0.0,5.0,0.6844935755130412,0.0
2014-10-16,1862.760009765625,0.0001449777086941495,7.936507759113135e-07,0.0,5.0,0.6768661313691342,0.0
2014-10-17,1886.760009765625,0.012884107385910504,8.730158682853453e-07,0.0,5.0,0.5355727621011879,0.0
2014-10-20,1904.010009765625,0.00914265720638352,7.936507759113135e-07,0.0,5.0,0.3504822096433695,0.0
2014-10-21,1941.280029296875,0.019574487182363987,7.142856835372857e-07,0.0,5.0,0.13216413678160105,0.0
2014-10-22,1927.1099853515625,-0.0072993302004167315,5.952380819334841e-07,0.0,5.0,0.1889916761640424,0.0
2014-10-23,1950.8199462890625,0.012303377138681793,5.952380819334841e-07,0.0,5.0,0.11236597158684188,0.0
2014-10-24,1964.5799560546875,0.007053449392805167,1.9841269397782539e-07,0.0,5.0,0.09860016427455122,0.0
2014-10-27,1961.6300048828125,-0.0015015683952100956,1.9841269397782539e-07,0.0,5.0,0.0874849515281856,0.0
2014-10-28,1985.050048828125,0.011939073060167393,5.952380819334841e-07,0.0,5.0,0.10031581299243197,0.0
2014-10-29,1982.300048828125,-0.0013853554985293615,5.952380819334841e-07,0.0,5.0,0.08267660079125567,0.0
2014-10-30,1994.6500244140625,0.0062301242403934864,1.1904762008242064e-07,0.0,5.0,0.08791596305465195,0.0
2014-10-31,2018.050048828125,0.011731393541549506,1.1904762008242064e-07,0.0,5.0,0.12015586422987268,0.0
2014-11-03,2017.81005859375,-0.00011892184463624389,1.1904762008242064e-07,0.0,5.0,0.09714924326000259,0.0
2014-11-04,2012.0999755859373,-0.0028298416808330007,8.730158682853453e-07,0.0,5.0,0.07627302919785031,0.0
2014-11-05,2023.5699462890625,0.005700497411807337,7.936507759113135e-07,0.0,5.0,0.08761351784055416,0.0
2014-11-06,2031.2099609375,0.0037755130048497954,7.142856835372857e-07,0.0,5.0,0.09420391451630648,0.0
2014-11-07,2031.9200439453125,0.00034958621780534216,7.142856835372857e-07,0.0,5.0,0.08604618039055162,0.0
2014-11-10,2038.260009765625,0.003120184693883088,5.952380819334841e-07,0.0,5.0,0.09392885537697544,0.0
2014-11-11,2039.6800537109373,0.0006966942090353978,5.952380819334841e-07,0.0,5.0,0.0898173131793877,0.0
2014-11-12,2038.25,-0.0007011166816753844,5.158730265167024e-07,0.0,5.0,0.0794356977868461,0.0
2014-11-13,2039.3299560546875,0.0005298447465655887,1.9841269397782539e-07,0.0,5.0,0.07395188122737409,0.0
2014-11-14,2039.8199462890625,0.00024027020881067784,1.1904762008242064e-07,0.0,5.0,0.07299412877578411,0.0
2014-11-17,2041.3199462890625,0.0007353590216279127,3.9682538795565474e-07,0.0,5.0,0.07792930380036327,0.0
2014-11-18,2051.800048828125,0.005133983312177293,5.952380819334841e-07,0.0,5.0,0.08658815881339485,0.0
2014-11-19,2048.719970703125,-0.0015011590075549863,5.952380819334841e-07,0.0,5.0,0.07577227020032971,0.0
2014-11-20,2052.75,0.0019670962134916703,5.952380819334841e-07,0.0,5.0,0.08589215337126703,0.0
2014-11-21,2063.5,0.0052368773596394025,1.1904762008242064e-07,0.0,5.0,0.08860150549997949,0.0
2014-11-24,2069.409912109375,0.0028640233144536786,1.9841269397782539e-07,0.0,5.0,0.09736946485362105,0.0
2014-11-25,2067.030029296875,-0.0011500296768531815,7.142856835372857e-07,0.0,5.0,0.0773387556575326,0.0
2014-11-26,2072.830078125,0.0028059818899186517,3.9682538795565474e-07,0.0,5.0,0.08835622495298646,0.0
2014-11-28,2067.56005859375,-0.002542427180532325,1.9841269397782539e-07,0.0,5.0,0.07089325881360568,0.0
2014-12-01,2053.43994140625,-0.006829362527492333,2.777777863518571e-07,0.0,5.0,0.055355372985040126,0.0
2014-12-02,2066.550048828125,0.006384461097458161,5.952380819334841e-07,0.0,5.0,0.05621571690098461,0.0
2014-12-03,2074.330078125,0.0037647427417917267,1.9841269397782539e-07,0.0,5.0,0.06476207787718359,0.0
2014-12-04,2071.919921875,-0.0011618962070774064,5.158730265167024e-07,0.0,5.0,0.06164965247346736,0.0
2014-12-05,2075.3701171875,0.0016652165347093018,3.9682538795565474e-07,0.0,5.0,0.0633302122455916,0.0
2014-12-08,2060.31005859375,-0.007256565211683386,1.9841269397782539e-07,0.0,5.0,0.056624448510056616,0.0
2014-12-09,2059.820068359375,-0.00023782354133117245,1.1111111454074327e-06,0.0,5.0,0.06746380134083167,0.0
2014-12-10,2026.1400146484373,-0.01635096881921516,9.92063506846389e-07,0.0,5.0,0.16825124287304566,0.0
2014-12-11,2035.3299560546875,0.0045356892119050585,8.730158682853453e-07,0.0,5.0,0.10474481676641684,0.0
2014-12-12,2002.3299560546875,-0.016213587335965784,5.952380819334841e-07,0.0,5.0,0.293019826501927,0.0
2014-12-15,1989.6300048828125,-0.006342586611898127,3.9682538795565474e-07,0.0,5.0,0.36392368578574097,0.0
2014-12-16,1972.739990234375,-0.008489022887163578,1.1904761638669722e-06,0.0,5.0,0.45738799393290225,0.0
2014-12-17,2012.8900146484373,0.020352415732846962,7.936507759113135e-07,0.0,5.0,0.14846101107745902,0.0
2014-12-18,2061.22998046875,0.02401520473971619,1.309523802428016e-06,0.0,5.0,0.05562397006293967,0.0
2014-12-19,2070.64990234375,0.004570048934014581,9.92063506846389e-07,0.0,5.0,0.05798316915581691,0.0
2014-12-22,2078.5400390625,0.003810463907886641,5.952380819334841e-07,0.0,5.0,0.06211420633091491,0.0
2014-12-23,2082.169921875,0.0017463617463617798,7.936507759113135e-07,0.0,5.0,0.0590206979452113,0.0
2014-12-24,2081.8798828125,-0.00013929653841071588,7.936507759113135e-07,0.0,5.0,0.0505823987115106,0.0
2014-12-26,2088.77001953125,0.003309574570383944,3.9682538795565474e-07,0.0,5.0,0.05489149310208419,0.0
2014-12-29,2090.570068359375,0.0008617745425745227,1.1904762008242064e-07,0.0,5.0,0.05139312454944227,0.0
2014-12-30,2080.35009765625,-0.0048886047197381766,7.936507759113135e-07,0.0,5.0,0.039684489201969715,0.0
2014-12-31,2058.89990234375,-0.010310858415930158,1.4682539871760755e-06,0.0,5.0,0.06833509785172959,0.0
2015-01-02,2058.199951171875,-0.0003399636723855348,5.952380819334841e-07,0.0,5.0,0.06716487310718273,0.0
2015-01-05,2020.5799560546875,-0.018278105145113743,1.1904762008242064e-07,0.0,5.0,0.2751953883974898,0.0
2015-01-06,2002.6099853515625,-0.008893471722946522,7.936507759113135e-07,0.0,5.0,0.3915712164636656,0.0
2015-01-07,2025.9000244140625,0.01162984267174294,7.936507759113135e-07,0.0,5.0,0.179601112610351,0.0
2015-01-08,2062.139892578125,0.017888280629516196,7.142856835372857e-07,0.0,5.0,0.03941644545028372,0.0
2015-01-09,2044.81005859375,-0.008403811034715436,5.952380819334841e-07,0.0,5.0,0.0803990365905501,0.0
2015-01-12,2028.260009765625,-0.008093685160912578,5.158730265167024e-07,0.0,5.0,0.17433464419341704,0.0
2015-01-13,2023.030029296875,-0.0025785552362955766,9.126984144723571e-07,0.0,5.0,0.21374523975309778,0.0
2015-01-14,2011.27001953125,-0.005813067327385291,9.92063506846389e-07,0.0,5.0,0.2867584617891962,0.0
2015-01-15,1992.6700439453125,-0.009247875921837956,9.126984144723571e-07,0.0,5.0,0.4309407968631068,0.0
2015-01-16,2019.4200439453125,0.013424199395820402,7.142856835372857e-07,0.0,5.0,0.181592697050739,0.0
2015-01-20,2022.550048828125,0.0015499523698385698,3.17460332538873e-07,0.0,5.0,0.1308513913829469,0.0
2015-01-21,2032.1199951171875,0.004731623968765364,7.936507759113135e-07,0.0,5.0,0.06960782598367489,0.0
2015-01-22,2063.14990234375,0.015269721916580492,5.952380819334841e-07,0.0,5.0,0.04218129804178006,0.0
2015-01-23,2051.820068359375,-0.005491522439307173,5.158730265167024e-07,0.0,5.0,0.03896147189746578,0.0
2015-01-26,2057.090087890625,0.002568460857030219,1.9841269397782539e-07,0.0,5.0,0.029597300994975567,0.0
2015-01-27,2029.550048828125,-0.013387862410411011,7.142856835372857e-07,0.0,5.0,0.10695514428923421,0.0
2015-01-28,2002.1600341796875,-0.013495609366348305,5.952380819334841e-07,0.0,5.0,0.3301828978536181,0.0
2015-01-29,2021.25,0.009534685287099887,3.9682538795565474e-07,0.0,5.0,0.1399301550336316,0.0
2015-01-30,1994.989990234375,-0.012991965252009852,1.9841269397782539e-07,0.0,5.0,0.37111693055796674,0.0
2015-02-02,2020.8499755859373,0.012962463710669558,1.9841269397782539e-07,0.0,5.0,0.12588442204048242,0.0
2015-02-03,2050.030029296875,0.014439495293299576,5.952380819334841e-07,0.0,5.0,0.0439954437764128,0.0
2015-02-04,2041.510009765625,-0.0041560462088314765,1.9841269397782539e-07,0.0,5.0,0.0522215738686164,0.0
2015-02-05,2062.52001953125,0.010291406686777416,3.17460332538873e-07,0.0,5.0,0.042402754535666776,0.0
2015-02-06,2055.469970703125,-0.0034181723141418763,5.952380819334841e-07,0.0,5.0,0.037890531744659735,0.0
2015-02-09,2046.739990234375,-0.004247194360987749,1.1904762008242064e-07,0.0,5.0,0.05652523411036027,0.0
2015-02-10,2068.590087890625,0.010675561019232394,1.9841269397782539e-07,0.0,5.0,0.03807989232566153,0.0
2015-02-11,2068.530029296875,-2.903358867545336e-05,1.9841269397782539e-07,0.0,5.0,0.039270924184069425,0.0
2015-02-12,2088.47998046875,0.009644506431775834,3.17460332538873e-07,0.0,5.0,0.05544259897244161,0.0
2015-02-13,2096.989990234375,0.004074738491730789,1.9841269397782539e-07,0.0,5.0,0.062243310539406724,0.0
2015-02-17,2100.340087890625,0.0015975744623728527,3.17460332538873e-07,0.0,5.0,0.061714653880757385,0.0
2015-02-18,2099.679931640625,-0.0003143092177338991,5.158730265167024e-07,0.0,5.0,0.05846538634331561,0.0
2015-02-19,2097.449951171875,-0.0010620573331896477,5.158730265167024e-07,0.0,5.0,0.05031178839581075,0.0
2015-02-20,2110.300048828125,0.006126533626735764,3.9682538795565474e-07,0.0,5.0,0.06621691369712875,0.0
2015-02-23,2109.659912109375,-0.0003033391953459752,5.952380819334841e-07,0.0,5.0,0.06953536653730118,0.0
2015-02-24,2115.47998046875,0.002758770892866691,7.142856835372857e-07,0.0,5.0,0.07062324449532043,0.0
2015-02-25,2113.860107421875,-0.0007657236475081541,5.952380819334841e-07,0.0,5.0,0.05922214293565348,0.0
2015-02-26,2110.739990234375,-0.001476028227480719,5.158730265167024e-07,0.0,5.0,0.06059186241037553,0.0
2015-02-27,2104.5,-0.0029563045487578377,3.17460332538873e-07,0.0,5.0,0.05314436664883938,0.0
2015-03-02,2117.389892578125,0.006124919257840311,1.9841269397782539e-07,0.0,5.0,0.05465517953555896,0.0
2015-03-03,2107.780029296875,-0.0045385421527393,5.158730265167024e-07,0.0,5.0,0.0549511888433999,0.0
2015-03-04,2098.530029296875,-0.00438850348301556,3.9682538795565474e-07,0.0,5.0,0.06647344401128089,0.0
2015-03-05,2101.0400390625,0.0011960799848387271,1.1904762008242064e-07,0.0,5.0,0.0547361271145546,0.0
2015-03-06,2071.260009765625,-0.014173946589881803,1.9841269397782539e-07,0.0,5.0,0.1571105503601952,0.0
2015-03-09,2079.429931640625,0.0039444211911976446,1.9841269397782539e-07,0.0,5.0,0.09642209272641425,0.0
2015-03-10,2044.1600341796875,-0.01696133008584244,3.9682538795565474e-07,0.0,5.0,0.32091281964921803,0.0
2015-03-11,2040.239990234375,-0.0019176795748703235,5.158730265167024e-07,0.0,5.0,0.3397635573706136,0.0
2015-03-12,2065.949951171875,0.012601439566208406,7.142856835372857e-07,0.0,5.0,0.1260395726925885,0.0
2015-03-13,2053.39990234375,-0.006074710968194674,9.126984144723571e-07,0.0,5.0,0.20581414907835816,0.0
2015-03-16,2081.18994140625,0.013533671171787054,1.1904761638669722e-06,0.0,5.0,0.05970317935277257,0.0
2015-03-17,2074.280029296875,-0.003320173700583018,1.90476192131875e-06,0.0,5.0,0.08888374334353169,0.0
2015-03-18,2099.5,0.012158421402569175,1.5079364594485992e-06,0.0,5.0,0.04488749329681117,0.0
2015-03-19,2089.27001953125,-0.004872579408787825,3.9682538795565474e-07,0.0,5.0,0.05458800547826162,0.0
2015-03-20,2108.10009765625,0.00901275466979845,1.1904762008242064e-07,0.0,5.0,0.037999938728591115,0.0
2015-03-23,2104.419921875,-0.0017457310425351702,1.1904762008242064e-07,0.0,5.0,0.03923725962218095,0.0
2015-03-24,2091.5,-0.006139421956948832,5.952380819334841e-07,0.0,5.0,0.0682006497985095,0.0
2015-03-25,2061.050048828125,-0.014558905652342857,7.142856835372857e-07,0.0,5.0,0.23468062122082553,0.0
2015-03-26,2056.14990234375,-0.002377499996742527,1.1111111454074327e-06,0.0,5.0,0.2625213338570304,0.0
2015-03-27,2061.02001953125,0.0023685613495147972,1.1904761638669722e-06,0.0,5.0,0.19069518174017538,0.0
2015-03-30,2086.239990234375,0.012236645187396533,9.126984144723571e-07,0.0,5.0,0.06264645586499698,0.0
2015-03-31,2067.889892578125,-0.008795775050879251,9.92063506846389e-07,0.0,5.0,0.15214732913905382,0.0
2015-04-01,2059.68994140625,-0.003965371271123064,1.309523802428016e-06,0.0,5.0,0.20377670838976408,0.0
2015-04-02,2066.9599609375,0.0035296669586522,3.9682538795565474e-07,0.0,5.0,0.13666190054737465,0.0
2015-04-06,2080.6201171875,0.0066088151237357895,1.1904762008242064e-07,0.0,5.0,0.06862117729043159,0.0
2015-04-07,2076.330078125,-0.0020619040578628844,5.952380819334841e-07,0.0,5.0,0.10280292138952765,0.0
2015-04-08,2081.89990234375,0.002682533127767339,7.142856835372857e-07,0.0,5.0,0.07389029187594504,0.0
2015-04-09,2091.179931640625,0.004457481018385057,7.936507759113135e-07,0.0,5.0,0.04841151229442426,0.0
2015-04-10,2102.06005859375,0.005202865037342352,5.952380819334841e-07,0.0,5.0,0.04117787793248981,0.0
2015-04-13,2092.429931640625,-0.00458128059365126,1.9841269397782539e-07,0.0,5.0,0.05359773567623863,0.0
2015-04-14,2095.840087890625,0.0016297588743277025,3.9682538795565474e-07,0.0,5.0,0.04528883093768594,0.0
2015-04-15,2106.6298828125,0.005148195696902835,5.952380819334841e-07,0.0,5.0,0.038999638958541825,0.0
2015-04-16,2104.989990234375,-0.0007784436134247175,3.9682538795565474e-07,0.0,5.0,0.04065274318591462,0.0
2015-04-17,2081.179931640625,-0.011311245518606405,5.158730265167024e-07,0.0,5.0,0.10345381487110471,0.0
2015-04-20,2100.39990234375,0.009235131672624686,5.158730265167024e-07,0.0,5.0,0.04198964784811729,0.0
2015-04-21,2097.2900390625,-0.0014806053255762563,7.936507759113135e-07,0.0,5.0,0.05908686978472825,0.0
2015-04-22,2107.9599609375,0.005087480356207541,7.936507759113135e-07,0.0,5.0,0.0391178614173178,0.0
2015-04-23,2112.929931640625,0.002357715893671175,7.936507759113135e-07,0.0,5.0,0.03604206980881506,0.0
2015-04-24,2117.68994140625,0.002252800575326619,5.952380819334841e-07,0.0,5.0,0.036775296042500585,0.0
2015-04-27,2108.919921875,-0.004141314249916261,5.158730265167024e-07,0.0,5.0,0.045714770436353545,0.0
2015-04-28,2114.760009765625,0.0027692316953564777,5.158730265167024e-07,0.0,5.0,0.037645145000232055,0.0
2015-04-29,2106.85009765625,-0.0037403355807980043,1.1904762008242064e-07,0.0,5.0,0.049678479113463146,0.0
2015-04-30,2085.510009765625,-0.010128906614839228,1.9841269397782539e-07,0.0,5.0,0.13658657619071074,0.0
2015-05-01,2108.2900390625,0.010923001659165044,1.1904762008242064e-07,0.0,5.0,0.04091400081104906,0.0
2015-05-04,2114.489990234375,0.002940748690645867,1.1904762008242064e-07,0.0,5.0,0.033976164167940394,0.0
2015-05-05,2089.4599609375,-0.011837383677612334,3.17460332538873e-07,0.0,5.0,0.11883681375919398,0.0
2015-05-06,2080.14990234375,-0.004455724813014705,3.9682538795565474e-07,0.0,5.0,0.1791877376649632,0.0
2015-05-07,2088.0,0.0037738134388320965,1.9841269397782539e-07,0.0,5.0,0.11244035652403675,0.0
2015-05-08,2116.10009765625,0.013457901176364917,1.1904762008242064e-07,0.0,5.0,0.0341756028441942,0.0
2015-05-11,2105.330078125,-0.005089560528435566,1.9841269397782539e-07,0.0,5.0,0.05795674080663999,0.0
2015-05-12,2099.1201171875,-0.0029496376848567873,5.158730265167024e-07,0.0,5.0,0.08127169604095498,0.0
2015-05-13,2098.47998046875,-0.00030495478248648844,3.9682538795565474e-07,0.0,5.0,0.10253838197966544,0.0
2015-05-14,2121.10009765625,0.010779286625573148,3.9682538795565474e-07,0.0,5.0,0.04692911966664422,0.0
2015-05-15,2122.72998046875,0.0007684139066803652,3.9682538795565474e-07,0.0,5.0,0.039585328859861005,0.0
2015-05-18,2129.199951171875,0.003047948049283322,3.17460332538873e-07,0.0,5.0,0.038244606438446474,0.0
2015-05-19,2127.830078125,-0.0006433745436266181,3.9682538795565474e-07,0.0,5.0,0.041510914205798756,0.0
2015-05-20,2125.85009765625,-0.0009305162517933008,5.158730265167024e-07,0.0,5.0,0.05213393656949037,0.0
2015-05-21,2130.820068359375,0.0023378744854138933,5.158730265167024e-07,0.0,5.0,0.04479267768540618,0.0
2015-05-22,2126.06005859375,-0.002233886303356414,3.9682538795565474e-07,0.0,5.0,0.06370349579886701,0.0
2015-05-26,2104.199951171875,-0.010281980197837881,3.9682538795565474e-07,0.0,5.0,0.14044403674120007,0.0
2015-05-27,2123.47998046875,0.009162641262365545,5.158730265167024e-07,0.0,5.0,0.06079838917131278,0.0
2015-05-28,2120.7900390625,-0.0012667608976734135,1.1904762008242064e-07,0.0,5.0,0.07160833679613075,0.0
2015-05-29,2107.389892578125,-0.0063184691730722164,1.1904762008242064e-07,0.0,5.0,0.1315254443029599,0.0
2015-06-01,2111.72998046875,0.002059461282371222,3.17460332538873e-07,0.0,5.0,0.10188289118002247,0.0
2015-06-02,2109.60009765625,-0.0010085961899480855,3.9682538795565474e-07,0.0,5.0,0.11938975504248349,0.0
2015-06-03,2114.070068359375,0.0021188711112078984,3.9682538795565474e-07,0.0,5.0,0.09838693976596785,0.0
2015-06-04,2095.840087890625,-0.008623167576889856,1.9841269397782539e-07,0.0,5.0,0.19600848561297277,0.0
2015-06-05,2092.830078125,-0.0014361829335245435,3.9682538795565474e-07,0.0,5.0,0.21641180904098992,0.0
2015-06-08,2079.280029296875,-0.006474509789282434,3.9682538795565474e-07,0.0,5.0,0.3116760243572996,0.0
2015-06-09,2080.14990234375,0.00041835300422188304,5.158730265167024e-07,0.0,5.0,0.27796970005262883,0.0
2015-06-10,2105.199951171875,0.012042424827124476,5.158730265167024e-07,0.0,5.0,0.11523440307330633,0.0
2015-06-11,2108.860107421875,0.0017386264178671507,3.17460332538873e-07,0.0,5.0,0.1056682035817707,0.0
2015-06-12,2094.110107421875,-0.0069942998817651425,1.9841269397782539e-07,0.0,5.0,0.18297877127295334,0.0
2015-06-15,2084.429931640625,-0.004622572493653387,1.1904762008242064e-07,0.0,5.0,0.23546718427702715,0.0
2015-06-16,2096.2900390625,0.0056898566086796,3.17460332538873e-07,0.0,5.0,0.1451658086057325,0.0
2015-06-17,2100.43994140625,0.0019796413026920145,1.1904762008242064e-07,0.0,5.0,0.11945744786136503,0.0
2015-06-18,2121.239990234375,0.009902710578908236,1.1904762008242064e-07,0.0,5.0,0.06728326117557186,0.0
2015-06-19,2109.989990234375,-0.0053035017498218595,1.1904762008242064e-07,0.0,5.0,0.09853156844448906,0.0
2015-06-22,2122.85009765625,0.006094866554531064,1.1904762008242064e-07,0.0,5.0,0.07218884166550985,0.0
2015-06-23,2124.199951171875,0.0006358685039113965,3.17460332538873e-07,0.0,5.0,0.07035929173473843,0.0
2015-06-24,2108.580078125,-0.00735329696164333,1.9841269397782539e-07,0.0,5.0,0.1237488891529025,0.0
2015-06-25,2102.31005859375,-0.0029735743006855664,1.9841269397782539e-07,0.0,5.0,0.17398310449754922,0.0
2015-06-26,2101.489990234375,-0.0003900796440671206,1.9841269397782539e-07,0.0,5.0,0.18753397015871975,0.0
2015-06-29,2057.639892578125,-0.02086619391956246,1.9841269397782539e-07,0.0,5.0,0.4799057060232527,0.0
2015-06-30,2063.110107421875,0.0026584898861461426,3.9682538795565474e-07,0.0,5.0,0.4173259690562338,0.0
2015-07-01,2077.419921875,0.006936040108400654,1.1904762008242064e-07,0.0,5.0,0.2859270290499457,0.0
2015-07-02,2076.780029296875,-0.0003080227407983305,1.1904762008242064e-07,0.0,5.0,0.28868432361442337,0.0
2015-07-06,2068.760009765625,-0.003861756863082544,1.9841269397782539e-07,0.0,5.0,0.33922356610450494,0.0
2015-07-07,2081.340087890625,0.00608097510857486,3.9682538795565474e-07,0.0,5.0,0.21588634935712375,0.0
2015-07-08,2046.6800537109373,-0.016652749054007154,3.9682538795565474e-07,0.0,5.0,0.48269936529342206,0.0
2015-07-09,2051.31005859375,0.0022622025726091177,3.17460332538873e-07,0.0,5.0,0.4317997667546043,0.0
2015-07-10,2076.6201171875,0.012338485100151564,3.17460332538873e-07,0.0,5.0,0.2255506824951717,0.0
2015-07-13,2099.60009765625,0.011066049239604414,3.17460332538873e-07,0.0,5.0,0.11593648034441012,0.0
2015-07-14,2108.949951171875,0.004453159211633695,3.9682538795565474e-07,0.0,5.0,0.09413226382409477,0.0
2015-07-15,2107.39990234375,-0.000734986066058041,5.158730265167024e-07,0.0,5.0,0.09714200102695573,0.0
2015-07-16,2124.2900390625,0.008014680412562258,3.9682538795565474e-07,0.0,5.0,0.07869944822386646,0.0
2015-07-17,2126.639892578125,0.001106182994042637,5.158730265167024e-07,0.0,5.0,0.0715778292209113,0.0
2015-07-20,2128.280029296875,0.00077123387202227,9.126984144723571e-07,0.0,5.0,0.06842750783564464,0.0
2015-07-21,2119.2099609375,-0.0042616893616069795,1.1904761638669722e-06,0.0,5.0,0.07002880017031977,0.0
2015-07-22,2114.14990234375,-0.0023877098952062026,1.1904761638669722e-06,0.0,5.0,0.08291183711579542,0.0
2015-07-23,2102.14990234375,-0.005676040278268291,1.1904761638669722e-06,0.0,5.0,0.14003128341080148,0.0
2015-07-24,2079.64990234375,-0.01070332804283558,1.1904761638669722e-06,0.0,5.0,0.2976398895402754,0.0
2015-07-27,2067.639892578125,-0.005775015185050969,1.1111111454074327e-06,0.0,5.0,0.3854673124895316,0.0
2015-07-28,2093.25,0.012386154626733425,1.7063492642981665e-06,0.0,5.0,0.1749182343966211,0.0
2015-07-29,2108.570068359375,0.007318795346650031,1.7857143566721944e-06,0.0,5.0,0.09427486009083026,0.0
2015-07-30,2108.6298828125,2.836730636679441e-05,2.3809523277339444e-06,0.0,5.0,0.08440308640613957,0.0
2015-07-31,2103.840087890625,-0.002271519985995063,2.3015872353599167e-06,0.0,5.0,0.11362301432240489,0.0
2015-08-03,2098.0400390625,-0.002756886733696673,2.5000000402094805e-06,0.0,5.0,0.14656182828867823,0.0
2015-08-04,2093.320068359375,-0.002249704779339723,2.9761905944536585e-06,0.0,5.0,0.18593015110230185,0.0
2015-08-05,2099.840087890625,0.0031146787487494887,2.9761905944536585e-06,0.0,5.0,0.14714519048696312,0.0
2015-08-06,2083.56005859375,-0.00775298528243118,1.1111111454074327e-06,0.0,5.0,0.25553573550716013,0.0
2015-08-07,2077.570068359375,-0.0028748824444340126,2.182539670713361e-06,0.0,5.0,0.2925883545007947,0.0
2015-08-10,2104.179931640625,0.012808166466444781,2.5793649847545313e-06,0.0,5.0,0.1203830902837019,0.0
2015-08-11,2084.070068359375,-0.00955710249815489,3.888888787182548e-06,0.0,5.0,0.23888166146257406,0.0
2015-08-12,2086.050048828125,0.0009500546545004873,3.571428713344389e-06,0.0,5.0,0.1937828879264266,0.0
2015-08-13,2083.389892578125,-0.0012752120935421996,3.2936506682918174e-06,0.0,5.0,0.2205078414895451,0.0
2015-08-14,2091.5400390625,0.003911964108786803,3.1746031036452616e-06,0.0,5.0,0.15473984197775947,0.0
2015-08-17,2102.43994140625,0.00521142418513576,2.3809523277339444e-06,0.0,5.0,0.10487430556395488,0.0
2015-08-18,2096.919921875,-0.002625530186397551,3.3730159084948255e-06,0.0,5.0,0.13428117237293935,0.0
2015-08-19,2079.610107421875,-0.008254876246131082,1.5873015518226308e-06,0.0,5.0,0.2421935397065605,0.0
2015-08-20,2035.72998046875,-0.021100170073477753,5.952380819334841e-07,0.0,5.0,0.5733804946324503,0.0
2015-08-21,1970.8900146484373,-0.03185096571863755,7.936507759113135e-07,0.0,5.0,0.7254367275153317,0.0
2015-08-24,1893.2099609375,-0.039413692866465566,5.952380819334841e-07,0.0,5.0,0.7032011780745836,0.0
2015-08-25,1867.6099853515625,-0.01352199497897244,2.103174578339333e-06,0.0,5.0,0.703590419920307,1.0
2015-08-26,1940.510009765625,0.03903385877450183,2.182539670713361e-06,1.0,5.0,0.8405735823089256,1.0
2015-08-27,1987.6600341796875,0.024297748621125326,1.984127013692778e-06,1.0,5.0,0.7534756708510308,1.0
2015-08-28,1988.8699951171875,0.0006087363616984476,1.984127013692778e-06,1.0,5.0,0.7239149736863939,1.0
2015-08-31,1972.1800537109373,-0.008391670369217286,1.1904762008242064e-07,1.0,5.0,0.8166777505244329,1.0
2015-09-01,1913.8499755859373,-0.029576446640986798,1.5079364594485992e-06,1.0,5.0,0.8512007201719946,1.0
2015-09-02,1948.8599853515625,0.01829297500443139,9.92063506846389e-07,1.0,5.0,0.8725649387658256,1.0
2015-09-03,1951.1300048828125,0.0011647935451044589,5.952380819334841e-07,1.0,5.0,0.8593226610815181,1.0
2015-09-04,1921.219970703125,-0.015329595723932221,9.92063506846389e-07,1.0,5.0,0.8922840490819457,1.0
2015-09-08,1969.4100341796875,0.02508305358648033,9.92063506846389e-07,1.0,5.0,0.6924848147191017,1.0
2015-09-09,1942.0400390625,-0.01389756050907287,1.3888888948020476e-06,1.0,5.0,0.8639590026046278,1.0
2015-09-10,1952.2900390625,0.005277955033794246,5.952380819334841e-07,1.0,5.0,0.7954400847261814,1.0
2015-09-11,1961.050048828125,0.004487043210972708,9.126984144723571e-07,1.0,5.0,0.6990856265510451,1.0
2015-09-14,1953.030029296875,-0.004089655710746709,9.92063506846389e-07,1.0,5.0,0.7601404669069443,1.0
2015-09-15,1978.0899658203125,0.01283131142251781,2.3015872353599167e-06,1.0,5.0,0.5099826302750406,1.0
2015-09-16,1995.31005859375,0.008705414349693852,2.103174578339333e-06,1.0,5.0,0.36253347486083515,1.0
2015-09-17,1990.199951171875,-0.002561059320011938,1.1904762008242064e-07,1.0,5.0,0.4136669825764796,1.0
2015-09-18,1958.030029296875,-0.016164165744279924,3.9682538795565474e-07,1.0,5.0,0.7325885056623692,1.0
2015-09-21,1966.969970703125,0.004565783605198437,5.158730265167024e-07,1.0,5.0,0.6290285911544338,1.0
2015-09-22,1942.739990234375,-0.012318429274285614,1.1904762008242064e-07,1.0,5.0,0.8141229619944508,1.0
2015-09-23,1938.760009765625,-0.002048642890328245,1.1904762008242064e-07,1.0,5.0,0.8166291354448306,1.0
2015-09-24,1932.239990234375,-0.003362984329369434,1.9841269397782539e-07,1.0,5.0,0.8284038541078472,1.0
2015-09-25,1931.3399658203125,-0.00046579328582951884,7.936507759113135e-07,1.0,5.0,0.8135340154641431,1.0
2015-09-28,1881.77001953125,-0.02566609046896018,5.158730265167024e-07,1.0,5.0,0.8603925383242025,1.0
2015-09-29,1884.0899658203125,0.001232853252514099,1.1904762008242064e-07,1.0,5.0,0.8839573295403743,1.0
2015-09-30,1920.030029296875,0.019075555906861608,1.9841269397782539e-07,1.0,5.0,0.8317239525060982,1.0
2015-10-01,1923.8199462890625,0.001973884228037459,7.142856835372857e-07,1.0,5.0,0.7826178291570245,1.0
2015-10-02,1951.3599853515625,0.014315289284541954,3.17460332538873e-07,1.0,5.0,0.5014693331150565,1.0
2015-10-05,1987.050048828125,0.018289840800508328,3.17460332538873e-07,1.0,5.0,0.28657038790495787,1.0
2015-10-06,1979.9200439453125,-0.0035882361830883447,1.9841269397782539e-07,1.0,5.0,0.3122227223320416,1.0
2015-10-07,1995.8299560546875,0.008035633639867479,1.9841269397782539e-07,1.0,5.0,0.24637743028753162,1.0
2015-10-08,2013.4300537109373,0.008818435459823082,1.1904762008242064e-07,1.0,5.0,0.21129674512252766,1.0
2015-10-09,2014.8900146484373,0.000725111326717931,1.1904762008242064e-07,1.0,5.0,0.19428073930661263,1.0
2015-10-12,2017.4599609375,0.0012754772073806375,3.9682538795565474e-07,1.0,5.0,0.17980916716514522,1.0
2015-10-13,2003.68994140625,-0.006825423947869114,1.9841269397782539e-07,1.0,5.0,0.18850209189809025,0.0
2015-10-14,1994.239990234375,-0.0047162741982138545,3.9682538795565474e-07,1.0,5.0,0.23448713869137905,0.0
2015-10-15,2023.8599853515625,0.01485277361914017,1.9841269397782539e-07,0.0,5.0,0.14796025688642087,0.0
2015-10-16,2033.1099853515625,0.004570474275370051,1.9841269397782539e-07,0.0,5.0,0.13571673949244045,0.0
2015-10-19,2033.6600341796875,0.00027054553471672627,1.9841269397782539e-07,0.0,5.0,0.1271872468512882,0.0
2015-10-20,2030.77001953125,-0.0014210903493528937,3.9682538795565474e-07,0.0,5.0,0.11102634884615185,0.0
2015-10-21,2018.93994140625,-0.005825414995899281,1.9841269397782539e-07,0.0,5.0,0.12917156435762328,0.0
2015-10-22,2052.510009765625,0.01662757156411132,1.9841269397782539e-07,0.0,5.0,0.10891169067934052,0.0
2015-10-23,2075.14990234375,0.011030344539323389,1.1904762008242064e-07,0.0,5.0,0.12890755467731926,0.0
2015-10-26,2071.179931640625,-0.0019131006866738298,3.17460332538873e-07,0.0,5.0,0.10254083550940574,0.0
2015-10-27,2065.889892578125,-0.002554118539720318,3.9682538795565474e-07,0.0,5.0,0.08411722747908731,0.0
2015-10-28,2090.35009765625,0.01184003327863703,1.3888888948020476e-06,0.0,5.0,0.11189787360841234,0.0
2015-10-29,2089.409912109375,-0.0004497742019048401,2.103174578339333e-06,0.0,5.0,0.09688678089515247,0.0
2015-10-30,2079.360107421875,-0.004809877003672414,2.698412845059044e-06,0.0,5.0,0.07213637930016094,0.0
2015-11-02,2104.050048828125,0.011873817006551102,2.103174578339333e-06,0.0,5.0,0.09867536986820725,0.0
2015-11-03,2109.7900390625,0.002728067346863705,2.3015872353599167e-06,0.0,5.0,0.09238653580955178,0.0
2015-11-04,2102.31005859375,-0.003545367230984642,2.182539670713361e-06,0.0,5.0,0.06741645102714126,0.0
2015-11-05,2099.929931640625,-0.0011321483923818487,1.5873015518226308e-06,0.0,5.0,0.06267948089114597,0.0
2015-11-06,2099.199951171875,-0.0003476213457177524,2.896825354250651e-06,0.0,5.0,0.06808905456243741,0.0
2015-11-09,2078.580078125,-0.009822729385718598,2.9761905944536585e-06,0.0,5.0,0.08565289308223258,0.0
2015-11-10,2081.719970703125,0.0015105949543003927,4.96031746031746e-06,0.0,5.0,0.06208669516073325,0.0
2015-11-11,2075.0,-0.003228085812548187,4.880952515772409e-06,0.0,5.0,0.09034443795862696,0.0
2015-11-12,2045.969970703125,-0.013990375564759017,4.880952515772409e-06,0.0,5.0,0.27673644056631824,0.0
2015-11-13,2023.0400390625,-0.011207364706699363,4.484126906073282e-06,0.0,5.0,0.46080382839790324,0.0
2015-11-16,2053.18994140625,0.014903265264943455,3.888888787182548e-06,0.0,5.0,0.18427835558067282,0.0
2015-11-17,2050.43994140625,-0.0013393792481354305,5.357143070016588e-06,0.0,5.0,0.22099101355939094,0.0
2015-11-18,2083.580078125,0.01616245179852549,4.880952515772409e-06,0.0,5.0,0.08093932505660623,0.0
2015-11-19,2081.239990234375,-0.00112310916925773,3.492063473141381e-06,0.0,5.0,0.09711824927984429,0.0
2015-11-20,2089.169921875,0.003810195689989637,3.6904762779909446e-06,0.0,5.0,0.07368889103881943,0.0
2015-11-23,2086.590087890625,-0.0012348607728660532,4.166666536577163e-06,0.0,5.0,0.08817422302595018,0.0
2015-11-24,2089.139892578125,0.0012219959743400288,6.071428457895913e-06,0.0,5.0,0.06281530967491306,0.0
2015-11-25,2088.8701171875,-0.00012913227667687988,6.944444326181258e-06,0.0,5.0,0.07475909490645621,0.0
2015-11-27,2090.110107421875,0.0005936176807606053,6.3492062072905275e-06,0.0,5.0,0.06756210701271845,0.0
2015-11-30,2080.409912109375,-0.004640997274763192,6.746031816989654e-06,0.0,5.0,0.11519062811475865,0.0
2015-12-01,2102.6298828125,0.01068057336863748,8.055555323759714e-06,0.0,5.0,0.06347243758366125,0.0
2015-12-02,2079.510009765625,-0.010995693172566212,7.93650805477112e-06,0.0,5.0,0.12275047693033275,0.0
2015-12-03,2049.6201171875,-0.014373526666262015,7.85714281456811e-06,0.0,5.0,0.3330686870298919,0.0
2015-12-04,2091.68994140625,0.0205256690573854,8.134920563962722e-06,0.0,5.0,0.09111624611070088,0.0
2015-12-07,2077.070068359375,-0.006989502964787397,9.325396801744186e-06,0.0,5.0,0.14586325549169288,0.0
2015-12-08,2063.590087890625,-0.0064899016523778386,1.0634920899830168e-05,0.0,5.0,0.23044367957186201,0.0
2015-12-09,2047.6199951171875,-0.007738985017979982,9.722222411443313e-06,0.0,5.0,0.3591987991912022,0.0
2015-12-10,2052.22998046875,0.0022513871531610885,9.126984292552583e-06,0.0,5.0,0.29445781448003533,0.0
2015-12-11,2012.3699951171875,-0.019422767297482935,8.452380933458842e-06,0.0,5.0,0.6035514199870995,0.0
2015-12-14,2021.93994140625,0.004755560017433602,7.85714281456811e-06,0.0,5.0,0.5019073374370461,0.0
2015-12-15,2043.4100341796875,0.010618561082731848,9.92063492063492e-06,0.0,5.0,0.27455916797478364,0.0
2015-12-16,2073.070068359375,0.014514969430300617,9.325396801744186e-06,0.0,5.0,0.0997026374661154,0.0
2015-12-17,2041.8900146484373,-0.015040520909943789,8.452380933458842e-06,0.0,5.0,0.30150315003870626,0.0
2015-12-18,2005.550048828125,-0.01779722000676376,6.944444326181258e-06,0.0,5.0,0.629892323562047,0.0
2015-12-21,2021.1500244140625,0.0077784025360287945,6.071428457895913e-06,0.0,5.0,0.4651376557982116,0.0
2015-12-22,2038.969970703125,0.008816736053143037,7.658730305376503e-06,0.0,5.0,0.2618091057517883,0.0
2015-12-23,2064.2900390625,0.01241806830075265,7.5396824450719925e-06,0.0,5.0,0.11490635723192563,0.0
2015-12-24,2060.989990234375,-0.001598636221499028,7.261904695677376e-06,0.0,5.0,0.12873185309951843,0.0
2015-12-28,2056.5,-0.00217855994238203,7.5396824450719925e-06,0.0,5.0,0.1453984379688142,0.0
2015-12-29,2078.360107421875,0.010629762908764828,8.531746173661852e-06,0.0,5.0,0.09076720344543691,0.0
2015-12-30,2063.360107421875,-0.007217228595965963,7.738094954263595e-06,0.0,5.0,0.12906386886260435,0.0
2015-12-31,2043.93994140625,-0.00941191309542666,5.87301594870431e-06,0.0,5.0,0.2663662444086975,0.0
2016-01-04,2012.6600341796875,-0.015303731089594375,6.150793698098924e-06,0.0,30.0,0.5784396550190387,0.0
2016-01-05,2016.7099609375,0.0020122259542274534,8.134920563962722e-06,0.0,30.0,0.5227506628444695,0.0
2016-01-06,1990.260009765625,-0.013115396702646942,8.134920563962722e-06,0.0,30.0,0.6673287469544753,0.0
2016-01-07,1943.0899658203125,-0.023700443014411654,7.5396824450719925e-06,0.0,30.0,0.7173338467131714,0.0
2016-01-08,1922.030029296875,-0.010838374390218508,7.5396824450719925e-06,0.0,30.0,0.7175773283419803,0.0
2016-01-11,1923.6700439453125,0.0008532721255336551,6.944444326181258e-06,0.0,30.0,0.7418339179881468,0.0
2016-01-12,1938.6800537109373,0.0078027985167561376,8.333333073154326e-06,0.0,30.0,0.7764290034178515,0.0
2016-01-13,1890.280029296875,-0.024965452304219538,8.531746173661852e-06,0.0,30.0,0.7392097579951904,0.0
2016-01-14,1921.8399658203125,0.016695905386662213,9.523809310935788e-06,0.0,30.0,0.8198784722238913,0.0
2016-01-15,1880.3299560546875,-0.021599098001850003,8.849206543157968e-06,0.0,30.0,0.769715509314508,0.0
2016-01-19,1881.3299560546875,0.0005318215543925753,9.126984292552583e-06,0.0,30.0,0.7934313918522824,0.0
2016-01-20,1859.3299560546875,-0.011693855152413501,1.0039682189623515e-05,0.0,30.0,0.7722024950102644,0.0
2016-01-21,1868.989990234375,0.005195438361131455,1.0833333409021768e-05,0.0,30.0,0.8139056288928628,0.0
2016-01-22,1906.9000244140625,0.020283701024494727,1.1428570936596582e-05,0.0,30.0,0.8789068411157086,0.0
2016-01-25,1877.0799560546875,-0.015637982053378963,1.0912698649224782e-05,0.0,30.0,0.865004788947093,0.0
2016-01-26,1903.6300048828125,0.014144335590226431,1.190476237781464e-05,0.0,30.0,0.8816028138291924,0.0
2016-01-27,1882.949951171875,-0.010863483795639506,1.190476237781464e-05,0.0,30.0,0.8913876009731247,0.0
2016-01-28,1893.3599853515625,0.005528577205787588,1.2619047174378047e-05,0.0,30.0,0.8914201420449723,0.0
2016-01-29,1940.239990234375,0.0247602174153414,1.190476237781464e-05,0.0,30.0,0.5842053667582907,0.0
2016-02-01,1939.3800048828125,-0.00044323658717015935,1.1706348685991194e-05,0.0,30.0,0.6024523698270836,0.0
2016-02-02,1903.030029296875,-0.018743090830274922,1.3095238615596102e-05,0.0,30.0,0.8865219554769463,0.0
2016-02-03,1912.530029296875,0.004992038934619414,1.3214285884584698e-05,0.0,30.0,0.8211637258143045,0.0
2016-02-04,1915.449951171875,0.0015267325638141926,1.1230158427404976e-05,0.0,30.0,0.7789304406853058,0.0
2016-02-05,1880.050048828125,-0.018481246310869337,1.1031745918213372e-05,0.0,30.0,0.8974455504679572,0.0
2016-02-08,1853.43994140625,-0.014153935656373462,1.0317459939018125e-05,0.0,30.0,0.8580669610113478,0.0
2016-02-09,1852.2099609375,-0.0006636203533073592,1.190476237781464e-05,0.0,30.0,0.8678042222299216,0.0
2016-02-10,1851.8599853515625,-0.00018895027740828407,1.1825397137611633e-05,0.0,30.0,0.8747624112215492,0.0
2016-02-11,1829.0799560546875,-0.012301161792504733,1.0833333409021768e-05,0.0,30.0,0.8324479822670173,0.0
2016-02-12,1864.780029296875,0.019518049565855122,1.0714286140033176e-05,0.0,30.0,0.9122432279259204,0.0
2016-02-16,1895.5799560546875,0.01651665412216241,1.0833333409021768e-05,0.0,30.0,0.7570301849754145,0.0
2016-02-17,1926.8199462890625,0.01648043921048603,1.1626984628420029e-05,0.0,30.0,0.4932745281461374,0.0
2016-02-18,1917.8299560546875,-0.004665713707027619,1.1428570936596582e-05,0.0,30.0,0.5857804455917632,0.0
2016-02-19,1917.780029296875,-2.6032942938902792e-05,1.1230158427404976e-05,0.0,30.0,0.5838455348353015,0.0
2016-02-22,1945.5,0.014454197186153817,1.1626984628420029e-05,0.0,30.0,0.3910198435952049,0.0
2016-02-23,1921.27001953125,-0.012454371867771763,1.2619047174378047e-05,0.0,30.0,0.5842935155395138,0.0
2016-02-24,1929.800048828125,0.004439786812972857,1.2499999905389453e-05,0.0,30.0,0.4866822186487002,0.0
2016-02-25,1951.699951171875,0.011348275359951865,1.2301587396197849e-05,0.0,30.0,0.3417160330890853,0.0
2016-02-26,1948.050048828125,-0.0018701144822791393,1.2023809646803233e-05,0.0,30.0,0.3650512007058463,0.0
2016-02-29,1932.22998046875,-0.008120976341902342,1.2222222155994837e-05,0.0,30.0,0.5177216717369789,0.0
2016-03-01,1978.3499755859373,0.023868791801894496,1.2698412414581055e-05,0.0,30.0,0.2826508156339761,0.0
2016-03-02,1986.449951171875,0.004094308735004715,1.2023809646803233e-05,0.0,30.0,0.2547766136384698,0.0
2016-03-03,1993.4000244140625,0.0034987406745825567,1.0436508390638564e-05,0.0,30.0,0.23521282337453048,0.0
2016-03-04,1999.989990234375,0.0033058923144386743,1.0515872448209729e-05,0.0,30.0,0.22144980389640337,0.0
2016-03-07,2001.760009765625,0.0008850141950174084,1.0515872448209729e-05,0.0,30.0,0.20776530576882496,0.0
2016-03-08,1979.260009765625,-0.011240108649505087,1.2103174887006245e-05,0.0,30.0,0.2037886974161542,0.0
2016-03-09,1989.260009765625,0.0050523932937867055,1.1428570936596582e-05,0.0,30.0,0.17717779058227562,0.0
2016-03-10,1989.5699462890625,0.00015580493345068724,1.2023809646803233e-05,0.0,30.0,0.17224279281901705,0.0
2016-03-11,2022.18994140625,0.01639550053418848,1.2222222155994837e-05,0.0,30.0,0.18540897908358148,0.0
2016-03-14,2019.6400146484373,-0.00126097292128724,1.2222222155994837e-05,0.0,30.0,0.15332568792119836,0.0
2016-03-15,2015.9300537109373,-0.0018369416879204792,1.2896824923772657e-05,0.0,30.0,0.1352153582449992,0.0
2016-03-16,2027.219970703125,0.005600351545632876,1.190476237781464e-05,0.0,30.0,0.14011730160338626,0.0
2016-03-17,2040.5899658203125,0.006595236486620859,1.0912698649224782e-05,0.0,30.0,0.1526759906502918,0.0
2016-03-18,2049.580078125,0.004405643688967897,1.1111111158416386e-05,0.0,30.0,0.1625838648838036,0.0
2016-03-21,2051.60009765625,0.0009855772666846896,1.1428570936596582e-05,0.0,30.0,0.15383184153849652,0.0
2016-03-22,2049.800048828125,-0.000877387766836879,1.1706348685991194e-05,0.0,30.0,0.12393626408524702,0.0
2016-03-23,2036.7099609375,-0.006386031602501285,1.1626984628420029e-05,0.0,30.0,0.0755135736766873,0.0
2016-03-24,2035.93994140625,-0.0003780702927851376,1.0912698649224782e-05,0.0,30.0,0.07840367545522448,0.0
2016-03-28,2037.050048828125,0.0005452554858313974,1.0119047429826525e-05,0.0,30.0,0.07071389600031115,0.0
2016-03-29,2055.010009765625,0.008816651779288476,8.92857119204506e-06,0.0,30.0,0.09642766907224666,0.0
2016-03-30,2063.949951171875,0.004350315260639448,7.3412699358803885e-06,0.0,30.0,0.10046488345938803,0.0
2016-03-31,2059.739990234375,-0.00203975921756705,7.658730305376503e-06,0.0,30.0,0.07253345998888237,0.0
2016-04-01,2072.780029296875,0.006330915127309877,8.650793442650444e-06,0.0,30.0,0.09606242248788097,0.0
2016-04-04,2066.1298828125,-0.003208322345054082,7.261904695677376e-06,0.0,30.0,0.06680852988560948,0.0
2016-04-05,2045.1700439453125,-0.010144492387214377,8.650793442650444e-06,0.0,30.0,0.053590754843856864,0.0
2016-04-06,2066.659912109375,0.010507619269939372,8.730158682853456e-06,0.0,30.0,0.0545822382394203,0.0
2016-04-07,2041.9100341796875,-0.011975786526205012,8.730158682853456e-06,0.0,30.0,0.0676490580968402,0.0
2016-04-08,2047.5999755859373,0.0027865779152878023,8.650793442650444e-06,0.0,30.0,0.049377884174009005,0.0
2016-04-11,2041.989990234375,-0.002739785807018724,8.333333073154326e-06,0.0,30.0,0.08234875067883188,0.0
2016-04-12,2061.719970703125,0.0096621337827838,9.126984292552583e-06,0.0,30.0,0.041797127697034524,0.0
2016-04-13,2082.419921875,0.01004013710204088,8.849206543157968e-06,0.0,30.0,0.07052190946353275,0.0
2016-04-14,2082.780029296875,0.0001729273803483533,8.531746173661852e-06,0.0,30.0,0.06376042392581557,0.0
2016-04-15,2080.72998046875,-0.0009842848497145784,8.333333073154326e-06,0.0,30.0,0.04754200266873248,0.0
2016-04-18,2094.340087890625,0.006541025289023228,7.85714281456811e-06,0.0,30.0,0.07285773025131721,0.0
2016-04-19,2100.800048828125,0.0030844851678346608,8.531746173661852e-06,0.0,30.0,0.08172494420847252,0.0
2016-04-20,2102.39990234375,0.0007615448773992117,8.650793442650444e-06,0.0,30.0,0.07807392527705485,0.0
2016-04-21,2091.47998046875,-0.005194027008290192,8.92857119204506e-06,0.0,30.0,0.04039420059624039,0.0
2016-04-22,2091.580078125,4.785972478082989e-05,8.92857119204506e-06,0.0,30.0,0.04331881790902947,0.0
2016-04-25,2087.7900390625,-0.0018120458796383465,9.444444662048701e-06,0.0,30.0,0.03793660226108535,0.0
2016-04-26,2091.699951171875,0.0018727515871905798,9.722222411443313e-06,0.0,30.0,0.04223071466939986,0.0
2016-04-27,2095.14990234375,0.001649352800310755,9.722222411443313e-06,0.0,30.0,0.051876479349488636,0.0
2016-04-28,2075.81005859375,-0.009230768513682652,8.333333073154326e-06,0.0,30.0,0.0498844247984959,0.0
2016-04-29,2065.300048828125,-0.005063088369821722,7.658730305376503e-06,0.0,30.0,0.0889450441542447,0.0
2016-05-02,2081.429931640625,0.007809946463542827,7.3412699358803885e-06,0.0,30.0,0.03198538991497186,0.0
2016-05-03,2063.3701171875,-0.008676638198860664,8.055555323759714e-06,0.0,30.0,0.09124621901864087,0.0
2016-05-04,2051.1201171875,-0.005936889314214544,7.85714281456811e-06,0.0,30.0,0.17285638865810338,0.0
2016-05-05,2050.6298828125,-0.0002390081258001331,7.261904695677376e-06,0.0,30.0,0.1786436931254586,0.0
2016-05-06,2057.139892578125,0.0031746390805036384,7.142857426688782e-06,0.0,30.0,0.10891033595982491,0.0
2016-05-09,2058.68994140625,0.0007534970439868616,8.055555323759714e-06,0.0,30.0,0.09089964492143217,0.0
2016-05-10,2084.389892578125,0.012483643435067249,9.642857171240305e-06,0.0,30.0,0.02727647012082197,0.0
2016-05-11,2064.4599609375,-0.009561518078546327,9.841269680431907e-06,0.0,30.0,0.05999961460365043,0.0
2016-05-12,2064.110107421875,-0.0001694649071644072,1.0238094698815117e-05,0.0,30.0,0.07119838453076484,0.0
2016-05-13,2046.6099853515625,-0.00847828902508041,1.0238094698815117e-05,0.0,30.0,0.20214620888723467,0.0
2016-05-16,2066.659912109375,0.009796652464963085,1.0238094698815117e-05,0.0,30.0,0.05502373368170766,0.0
2016-05-17,2047.2099609375,-0.009411297455333645,1.0634920899830168e-05,0.0,30.0,0.18992057880587987,0.0
2016-05-18,2047.6300048828125,0.00020517873267866804,1.0714286140033176e-05,0.0,30.0,0.16165348827498216,0.0
2016-05-19,2040.0400390625,-0.003706707658226005,1.150793617679959e-05,0.0,30.0,0.22057492044996407,0.0
2016-05-20,2052.320068359375,0.006019504059596059,1.1825397137611633e-05,0.0,30.0,0.10548619730860208,0.0
2016-05-23,2048.0400390625,-0.0020854589704891735,1.2420634665186441e-05,0.0,30.0,0.15343023305837028,0.0
2016-05-24,2076.06005859375,0.013681382686285826,1.3611110902967905e-05,0.0,30.0,0.04130748934944912,0.0
2016-05-25,2090.5400390625,0.006974740643369559,1.2499999905389453e-05,0.0,30.0,0.04737950335391254,0.0
2016-05-26,2090.10009765625,-0.00021044390350322129,1.0912698649224782e-05,0.0,30.0,0.04390022830208399,0.0
2016-05-27,2099.06005859375,0.004286857336424754,1.1825397137611633e-05,0.0,30.0,0.05013681035767168,0.0
2016-05-31,2096.949951171875,-0.0010052630048559275,1.1230158427404976e-05,0.0,30.0,0.04465731126034588,0.0
2016-06-01,2099.330078125,0.0011350423274503196,1.1706348685991194e-05,0.0,30.0,0.04297703618943673,0.0
2016-06-02,2105.260009765625,0.0028246780734553223,1.0714286140033176e-05,0.0,30.0,0.05448896572643428,0.0
2016-06-03,2099.1298828125,-0.002911814656949452,1.0714286140033176e-05,0.0,30.0,0.0504469176426364,0.0
2016-06-06,2109.409912109375,0.004897281193053882,9.92063492063492e-06,0.0,30.0,0.055975654166635434,0.0
2016-06-07,2112.1298828125,0.0012894462510633087,1.0515872448209729e-05,0.0,30.0,0.047951804826589096,0.0
2016-06-08,2119.1201171875,0.0033095665337075086,9.325396801744186e-06,0.0,30.0,0.06034226136889738,0.0
2016-06-09,2115.47998046875,-0.0017177585589538413,9.523809310935788e-06,0.0,30.0,0.0540511504995879,0.0
2016-06-10,2096.070068359375,-0.009175181182794367,9.523809310935788e-06,0.0,30.0,0.04994634489231935,0.0
2016-06-13,2079.06005859375,-0.008115191387155773,9.722222411443313e-06,0.0,30.0,0.12371617227508151,0.0
2016-06-14,2075.320068359375,-0.0017988851350955182,1.0436508390638564e-05,0.0,30.0,0.15122132037989594,0.0
2016-06-15,2071.5,-0.0018407128700851372,1.0119047429826525e-05,0.0,30.0,0.18706039907541183,0.0
2016-06-16,2077.989990234375,0.0031329906996742096,9.722222411443313e-06,0.0,30.0,0.12126111032343999,0.0
2016-06-17,2071.219970703125,-0.0032579654199809127,9.841269680431907e-06,0.0,30.0,0.1735806244632337,0.0
2016-06-20,2083.25,0.00580818525653326,9.841269680431907e-06,0.0,30.0,0.09160246352810036,0.0
2016-06-21,2088.89990234375,0.002712061607464289,1.0515872448209729e-05,0.0,30.0,0.06778035710335309,0.0
2016-06-22,2085.449951171875,-0.0016515636618127383,1.0634920899830168e-05,0.0,30.0,0.1028517215069412,0.0
2016-06-23,2113.320068359375,0.01336407865930278,1.0912698649224782e-05,0.0,30.0,0.05059112392109868,0.0
2016-06-24,2037.4100341796875,-0.035919799994431734,9.444444662048701e-06,0.0,30.0,0.4800916424374475,0.0
2016-06-27,2000.5400390625,-0.01809650217612302,9.325396801744186e-06,0.0,30.0,0.6292631024328035,0.0
2016-06-28,2036.0899658203125,0.01777016508725926,1.0317459939018125e-05,0.0,30.0,0.449163210046144,0.0
2016-06-29,2070.77001953125,0.017032672570028273,1.0119047429826525e-05,0.0,30.0,0.140158698739946,0.0
2016-06-30,2098.860107421875,0.013565044705922347,9.841269680431907e-06,0.0,30.0,0.09203586934120225,0.0
2016-07-01,2102.949951171875,0.00194860235588723,9.642857171240305e-06,0.0,30.0,0.08068905608718707,0.0
2016-07-05,2088.550048828125,-0.006847477437932237,9.444444662048701e-06,0.0,30.0,0.07468967353601799,0.0
2016-07-06,2099.72998046875,0.005352963242081676,1.0436508390638564e-05,0.0,30.0,0.0658547732719999,0.0
2016-07-07,2097.89990234375,-0.0008715778419239317,1.0714286140033176e-05,0.0,30.0,0.0581419453334076,0.0
2016-07-08,2129.89990234375,0.015253349296718177,1.0833333409021768e-05,0.0,30.0,0.10170099413304083,0.0
2016-07-11,2137.159912109375,0.003408615474199461,1.0912698649224782e-05,0.0,30.0,0.09831927432768882,0.0
2016-07-12,2152.139892578125,0.007009293213798395,1.1706348685991194e-05,0.0,30.0,0.12002893048330764,0.0
2016-07-13,2152.429931640625,0.00013476775533982632,1.1825397137611633e-05,0.0,30.0,0.10307753241968062,0.0
2016-07-14,2163.75,0.00525920411762093,1.2023809646803233e-05,0.0,30.0,0.11455822546159315,0.0
2016-07-15,2161.739990234375,-0.0009289473209127541,1.1825397137611633e-05,0.0,30.0,0.08551341373982144,0.0
2016-07-18,2166.889892578125,0.002382294987840705,1.1428570936596582e-05,0.0,30.0,0.08771152407914141,0.0
2016-07-19,2163.780029296875,-0.0014351736522938419,1.2301587396197849e-05,0.0,30.0,0.06848912423743647,0.0
2016-07-20,2173.02001953125,0.004270300173431885,1.2499999905389453e-05,0.0,30.0,0.08218084216242398,0.0
2016-07-21,2165.169921875,-0.003612528916297486,1.2023809646803233e-05,0.0,30.0,0.04927013784714065,0.0
2016-07-22,2175.030029296875,0.004553964713003289,1.2023809646803233e-05,0.0,30.0,0.07014834445986158,0.0
2016-07-25,2168.47998046875,-0.0030114751244342264,1.1825397137611633e-05,0.0,30.0,0.05029149096135432,0.0
2016-07-26,2169.179931640625,0.0003227842443460638,1.2222222155994837e-05,0.0,30.0,0.04868292199897554,0.0
2016-07-27,2166.580078125,-0.0011985421207814095,1.1230158427404976e-05,0.0,30.0,0.04011181579419437,0.0
2016-07-28,2170.06005859375,0.0016062090221755643,8.730158682853456e-06,0.0,30.0,0.04491573095136678,0.0
2016-07-29,2173.60009765625,0.0016313092573088106,9.523809310935788e-06,0.0,30.0,0.05117151507670182,0.0
2016-08-01,2170.840087890625,-0.0012697872845152114,9.444444662048701e-06,0.0,30.0,0.04128822153035666,0.0
2016-08-02,2157.030029296875,-0.006361619481225378,1.1111111158416386e-05,0.0,30.0,0.04447561034012062,0.0
2016-08-03,2163.7900390625,0.0031339432802557354,1.0634920899830168e-05,0.0,30.0,0.04463241004742064,0.0
2016-08-04,2164.25,0.00021257188969192597,9.841269680431907e-06,0.0,30.0,0.04586156554517203,0.0
2016-08-05,2182.8701171875,0.008603496447961101,9.92063492063492e-06,0.0,30.0,0.05959409745348507,0.0
2016-08-08,2180.889892578125,-0.0009071655678379864,9.92063492063492e-06,0.0,30.0,0.04731739485531955,0.0
2016-08-09,2181.739990234375,0.0003897939364765346,1.1626984628420029e-05,0.0,30.0,0.044452131510000055,0.0
2016-08-10,2175.489990234375,-0.0028646859974036376,1.0833333409021768e-05,0.0,30.0,0.03818189503754793,0.0
2016-08-11,2185.7900390625,0.004734588012062169,1.0912698649224782e-05,0.0,30.0,0.04420143748130788,0.0
2016-08-12,2184.050048828125,-0.0007960463737501922,1.0436508390638564e-05,0.0,30.0,0.04639540378870497,0.0
2016-08-15,2190.14990234375,0.0027929092187690685,1.0912698649224782e-05,0.0,30.0,0.05039637906905327,0.0
2016-08-16,2178.14990234375,-0.00547907701986905,1.1428570936596582e-05,0.0,30.0,0.04475984850613013,0.0
2016-08-17,2182.219970703125,0.001868589648029051,1.1428570936596582e-05,0.0,30.0,0.04490430598873649,0.0
2016-08-18,2187.02001953125,0.0021996173129046337,1.130952366760799e-05,0.0,30.0,0.05362063498012703,0.0
2016-08-19,2183.8701171875,-0.0014402713809749113,1.1626984628420029e-05,0.0,30.0,0.06327516395349107,0.0
2016-08-22,2182.639892578125,-0.000563323157221185,1.1111111158416386e-05,0.0,30.0,0.07389724570109778,0.0
2016-08-23,2186.89990234375,0.0019517694055308787,1.2103174887006245e-05,0.0,30.0,0.06231335620995909,0.0
2016-08-24,2175.43994140625,-0.005240276852734871,1.2103174887006245e-05,0.0,30.0,0.07539218959146796,0.0
2016-08-25,2172.469970703125,-0.0013652276243513173,1.2103174887006245e-05,0.0,30.0,0.09281221086258161,0.0
2016-08-26,2169.0400390625,-0.0015788165944199406,1.2103174887006245e-05,0.0,30.0,0.1147602750602312,0.0
2016-08-29,2180.3798828125,0.005228047221710774,1.2103174887006245e-05,0.0,30.0,0.07195483635979465,0.0
2016-08-30,2176.1201171875,-0.0019536804841114863,1.2896824923772657e-05,0.0,30.0,0.09036414959108274,0.0
2016-08-31,2170.949951171875,-0.0023758642617150993,1.2698412414581055e-05,0.0,30.0,0.11254132583457752,0.0
2016-09-01,2170.860107421875,-4.1384533048027805e-05,1.2499999905389453e-05,0.0,30.0,0.1260676305527101,0.0
2016-09-02,2179.97998046875,0.004201041336424849,1.2023809646803233e-05,0.0,30.0,0.09125305983261933,0.0
2016-09-06,2186.47998046875,0.0029816787577114923,1.2023809646803233e-05,0.0,30.0,0.08172761326740965,0.0
2016-09-07,2186.159912109375,-0.0001463852229309781,1.3095238615596102e-05,0.0,30.0,0.09757910984185528,0.0
2016-09-08,2181.300048828125,-0.0022230136296667036,1.3214285884584698e-05,0.0,30.0,0.11287950752197075,0.0
2016-09-09,2127.81005859375,-0.02452206896667508,1.3214285884584698e-05,0.0,30.0,0.3541920771858651,0.0
2016-09-12,2159.0400390625,0.01467705274849096,1.388888865236252e-05,0.0,30.0,0.129575084707633,0.0
2016-09-13,2127.02001953125,-0.014830674258895948,1.3690476143170916e-05,0.0,30.0,0.3379188499131048,0.0
2016-09-14,2125.77001953125,-0.0005876766502063147,1.2499999905389453e-05,0.0,30.0,0.33784371312432265,0.0
2016-09-15,2147.260009765625,0.010109273363029914,1.1031745918213372e-05,0.0,30.0,0.162083890679365,0.0
2016-09-16,2139.159912109375,-0.0037722947474507773,1.0833333409021768e-05,0.0,30.0,0.22227230771772252,0.0
2016-09-19,2139.1201171875,-1.8603060785604697e-05,9.444444662048701e-06,0.0,30.0,0.22933171756501247,0.0
2016-09-20,2139.760009765625,0.0002991382171499968,1.1428570936596582e-05,0.0,30.0,0.21044700292285984,0.0
2016-09-21,2163.1201171875,0.010917162352442444,8.849206543157968e-06,0.0,30.0,0.08097990874229655,0.0
2016-09-22,2177.179931640625,0.006499784427785649,6.3492062072905275e-06,0.0,30.0,0.057427024446749776,0.0
2016-09-23,2164.68994140625,-0.00573677446354337,6.547619307798051e-06,0.0,30.0,0.08636403710833486,0.0
2016-09-26,2146.10009765625,-0.008587762798917709,6.86507908597825e-06,0.0,30.0,0.1913742327602443,0.0
2016-09-27,2159.929931640625,0.006444170055012188,1.0119047429826525e-05,0.0,30.0,0.0955772481667828,0.0
2016-09-28,2171.3701171875,0.005296554012835575,1.0436508390638564e-05,0.0,30.0,0.055725264173971216,0.0
2016-09-29,2151.1298828125,-0.009321411497187015,9.325396801744186e-06,0.0,30.0,0.13569855045213536,0.0
2016-09-30,2168.27001953125,0.007967969231286176,1.0317459939018125e-05,0.0,30.0,0.06100067697276079,0.0
2016-10-03,2161.199951171875,-0.0032606955294726125,1.1428570936596582e-05,0.0,30.0,0.08706820788800504,0.0
2016-10-04,2150.489990234375,-0.0049555622707156965,1.2499999905389453e-05,0.0,30.0,0.15226961156648236,0.0
2016-10-05,2159.72998046875,0.0042966906501935576,1.2420634665186441e-05,0.0,30.0,0.09429760041448973,0.0
2016-10-06,2160.77001953125,0.00048155976529717925,1.2301587396197849e-05,0.0,30.0,0.08133730172667344,0.0
2016-10-07,2153.739990234375,-0.0032534833570118105,1.2301587396197849e-05,0.0,30.0,0.12168346742622937,0.0
2016-10-10,2163.659912109375,0.004605905039596125,1.2222222155994837e-05,0.0,30.0,0.08283309536538887,0.0
2016-10-11,2136.72998046875,-0.012446471596532338,1.2698412414581055e-05,0.0,30.0,0.2445163771650808,0.0
2016-10-12,2139.179931640625,0.001146589037580359,1.3492063633979314e-05,0.0,30.0,0.21107173409153196,0.0
2016-10-13,2132.550048828125,-0.0030992637479612117,1.0912698649224782e-05,0.0,30.0,0.2511294038391553,0.0
2016-10-14,2132.97998046875,0.00020160447857309194,1.150793617679959e-05,0.0,30.0,0.246817829439405,0.0
2016-10-17,2126.5,-0.003037994040303138,1.1706348685991194e-05,0.0,30.0,0.29983504433542435,0.0
2016-10-18,2139.60009765625,0.006160403318245855,1.3214285884584698e-05,0.0,30.0,0.2005164306002035,0.0
2016-10-19,2144.2900390625,0.0021919710189710617,1.2817460866201492e-05,0.0,30.0,0.16487816764273208,0.0
2016-10-20,2141.340087890625,-0.0013757239543792377,1.2698412414581055e-05,0.0,30.0,0.18241132678833516,0.0
2016-10-21,2141.159912109375,-8.414160005176807e-05,1.2499999905389453e-05,0.0,30.0,0.18112382681973746,0.0
2016-10-24,2151.330078125,0.004749839541692946,1.2420634665186441e-05,0.0,30.0,0.12689081963675583,0.0
2016-10-25,2143.159912109375,-0.0037977277864983394,1.2896824923772657e-05,0.0,30.0,0.18386966482303393,0.0
2016-10-26,2139.429931640625,-0.0017404116452881535,1.2420634665186441e-05,0.0,30.0,0.21287772023990617,0.0
2016-10-27,2133.0400390625,-0.0029867267366989747,1.0912698649224782e-05,0.0,30.0,0.274457790228119,0.0
2016-10-28,2126.409912109375,-0.0031082993435224138,1.0833333409021768e-05,0.0,30.0,0.32267796623566564,0.0
2016-10-31,2126.14990234375,-0.00012227640782913607,1.1706348685991194e-05,0.0,30.0,0.339956653309723,0.0
2016-11-01,2111.719970703125,-0.006786883476427641,1.3690476143170916e-05,0.0,30.0,0.4193265234615149,0.0
2016-11-02,2097.93994140625,-0.00652550029741239,1.3690476143170916e-05,0.0,30.0,0.48579852943900537,0.0
2016-11-03,2088.659912109375,-0.004423400838946101,1.420634961317456e-05,0.0,30.0,0.5183560692014431,0.0
2016-11-04,2085.179931640625,-0.0016661307322337615,1.420634961317456e-05,0.0,30.0,0.5250665604936569,0.0
2016-11-07,2131.52001953125,0.022223543967337278,1.547618990852719e-05,0.0,30.0,0.3003847430388412,0.0
2016-11-08,2139.56005859375,0.0037719744542996647,1.6666666146308656e-05,0.0,30.0,0.23551913240665448,0.0
2016-11-09,2163.260009765625,0.011077020753253342,1.6587302088737487e-05,0.0,30.0,0.15602929028603837,0.0
2016-11-10,2167.47998046875,0.0019507459501284519,1.817460334490216e-05,0.0,30.0,0.1333609713459309,0.0
2016-11-11,2164.449951171875,-0.0013979503036608554,1.817460334490216e-05,0.0,30.0,0.12439392996296046,0.0
2016-11-14,2164.199951171875,-0.00011550278622274313,1.9960318292890277e-05,0.0,30.0,0.13828025843318173,0.0
2016-11-15,2180.389892578125,0.007480797417763307,1.9365079582683625e-05,0.0,30.0,0.11317485904579719,0.0
2016-11-16,2176.93994140625,-0.0015822634216101639,1.7976190835710555e-05,0.0,30.0,0.11330998332304552,0.0
2016-11-17,2187.1201171875,0.004676369608375142,1.6666666146308656e-05,0.0,30.0,0.1021205883042023,0.0
2016-11-18,2181.89990234375,-0.002386798421690206,1.6587302088737487e-05,0.0,30.0,0.10237926053284672,0.0
2016-11-21,2198.179931640625,0.0074614006258433285,1.6666666146308656e-05,0.0,30.0,0.09918564686294895,0.0
2016-11-22,2202.93994140625,0.002165432272904111,1.884920611267998e-05,0.0,30.0,0.09279638593132221,0.0
2016-11-23,2204.719970703125,0.0008080244329033981,1.9246032313695026e-05,0.0,30.0,0.09063776537259276,0.0
2016-11-25,2213.35009765625,0.003914386891670674,1.9047618621871583e-05,0.0,30.0,0.1020797341616934,0.0
2016-11-28,2201.719970703125,-0.005254535631502799,1.785714238409012e-05,0.0,30.0,0.0677790223455647,0.0
2016-11-29,2204.659912109375,0.0013352930642269722,1.8571428363285367e-05,0.0,30.0,0.06424243423033954,0.0
2016-11-30,2198.81005859375,-0.0026534040390964186,1.8571428363285367e-05,0.0,30.0,0.06781853235069792,0.0
2016-12-01,2191.080078125,-0.0035155289737457407,1.817460334490216e-05,0.0,30.0,0.09726371788642665,0.0
2016-12-02,2191.949951171875,0.00039700650631591117,1.8055556075913563e-05,0.0,30.0,0.09119549563671124,0.0
2016-12-05,2204.7099609375,0.005821305253253195,1.7976190835710555e-05,0.0,30.0,0.07238406575967368,0.0
2016-12-06,2212.22998046875,0.0034108883546988267,1.9246032313695026e-05,0.0,30.0,0.0652123551052323,0.0
2016-12-07,2241.35009765625,0.013163241364864575,1.9365079582683625e-05,0.0,30.0,0.09784429511784316,0.0
2016-12-08,2246.18994140625,0.0021593430473272335,1.944444482288663e-05,0.0,30.0,0.09812078496514089,0.0
2016-12-09,2259.530029296875,0.005938984786955759,2.0634919878036257e-05,0.0,30.0,0.1170961615931415,0.0
2016-12-12,2256.9599609375,-0.0011374349205595102,1.984126984126984e-05,0.0,30.0,0.09374603081500027,0.0
2016-12-13,2271.719970703125,0.006539774750587091,2.0753968329656692e-05,0.0,30.0,0.11408344058494582,0.0
2016-12-14,2253.280029296875,-0.00811717185395111,2.0753968329656692e-05,0.0,30.0,0.051889608686341744,0.0
2016-12-15,2262.030029296875,0.0038832279549072535,1.9365079582683625e-05,0.0,30.0,0.06391798776145166,0.0
2016-12-16,2258.070068359375,-0.0017506226204834219,1.9246032313695026e-05,0.0,30.0,0.055408913136140533,0.0
2016-12-19,2262.530029296875,0.001975120701520394,1.8968253381668574e-05,0.0,30.0,0.058980279743945416,0.0
2016-12-20,2270.760009765625,0.0036375121488696482,2.0357143311273484e-05,0.0,30.0,0.0661560768549023,0.0
2016-12-21,2265.179931640625,-0.0024573614565177593,1.9960318292890277e-05,0.0,30.0,0.0648186764948851,0.0
2016-12-22,2260.9599609375,-0.0018629737285675851,1.9563492091875226e-05,0.0,30.0,0.0606935966181349,0.0
2016-12-23,2263.7900390625,0.0012517152775348706,1.984126984126984e-05,0.0,30.0,0.057686325318493534,0.0
2016-12-27,2268.8798828125,0.0022483727122095676,1.9642857332078237e-05,0.0,30.0,0.06547864945308694,0.0
2016-12-28,2249.919921875,-0.008356529175972627,1.9642857332078237e-05,0.0,30.0,0.0770070793172176,0.0
2016-12-29,2249.260009765625,-0.000293304709629405,1.746031736570691e-05,0.0,30.0,0.08793538845421213,0.0
2016-12-30,2238.830078125,-0.004637050227782158,1.9047618621871583e-05,0.0,30.0,0.12707471270828208,0.0
2017-01-03,2257.830078125,0.008486575281279274,1.884920611267998e-05,0.0,30.0,0.06790081577525242,0.0
2017-01-04,2270.75,0.005722273788525856,2.055555582046509e-05,0.0,30.0,0.058965396251004325,0.0
2017-01-05,2269.0,-0.0007706704833204681,2.015873080208188e-05,0.0,30.0,0.05864211157432692,0.0
2017-01-06,2276.97998046875,0.0035169592193697863,1.9960318292890277e-05,0.0,30.0,0.05957614454661794,0.0
2017-01-09,2268.89990234375,-0.0035485942758867184,1.9246032313695026e-05,0.0,30.0,0.0675201248517574,0.0
2017-01-10,2268.89990234375,0.0,1.9960318292890277e-05,0.0,30.0,0.08502946511729963,0.0
2017-01-11,2275.320068359375,0.0028296382793233654,1.976190460106683e-05,0.0,30.0,0.07118017733410412,0.0
2017-01-12,2270.43994140625,-0.0021448089967596173,1.9960318292890277e-05,0.0,30.0,0.07466186964829259,0.0
2017-01-13,2274.639892578125,0.0018498402425362048,2.0357143311273484e-05,0.0,30.0,0.07398239267920069,0.0
2017-01-17,2267.889892578125,-0.0029675026899970147,2.0357143311273484e-05,0.0,30.0,0.08418375720619536,0.0
2017-01-18,2271.889892578125,0.0017637540575008437,2.0436507368844653e-05,0.0,30.0,0.07934519347833849,0.0
2017-01-19,2263.68994140625,-0.003609308355419394,1.9960318292890277e-05,0.0,30.0,0.09468971651845233,0.0
2017-01-20,2271.31005859375,0.003366237154707852,1.9047618621871583e-05,0.0,30.0,0.08082248838800199,0.0
2017-01-23,2265.199951171875,-0.002690124758069401,1.876984087247697e-05,0.0,30.0,0.09618777230395086,0.0
2017-01-24,2280.070068359375,0.006564593637664151,1.9563492091875226e-05,0.0,30.0,0.07124662173129777,0.0
2017-01-25,2298.3701171875,0.008026090549617448,1.916666707349202e-05,0.0,30.0,0.07620971671415583,0.0
2017-01-26,2296.679931640625,-0.0007353844075136395,1.9365079582683625e-05,0.0,30.0,0.07386739376708036,0.0
2017-01-27,2294.68994140625,-0.000866463892926328,1.976190460106683e-05,0.0,30.0,0.07832831878215325,0.0
2017-01-30,2280.89990234375,-0.006009543517695892,1.9642857332078237e-05,0.0,30.0,0.08107107384627192,0.0
2017-01-31,2278.8701171875,-0.0008899054071440649,1.984126984126984e-05,0.0,30.0,0.09911110704833229,0.0
2017-02-01,2279.550048828125,0.00029836348965073256,1.984126984126984e-05,0.0,30.0,0.08729697878965793,0.0
2017-02-02,2280.85009765625,0.0005703094032936118,1.9365079582683625e-05,0.0,30.0,0.083957812630388,0.0
2017-02-03,2297.419921875,0.007264758098647794,1.9365079582683625e-05,0.0,30.0,0.07353845786318793,0.0
2017-02-06,2292.56005859375,-0.002115356985885164,1.9960318292890277e-05,0.0,30.0,0.07645270878207043,0.0
2017-02-07,2293.080078125,0.00022682918569594257,2.083333238722786e-05,0.0,30.0,0.07483603305672022,0.0
2017-02-08,2294.669921875,0.0006933223855400961,2.083333238722786e-05,0.0,30.0,0.08051779881591281,0.0
2017-02-09,2307.8701171875,0.005752546449780516,2.0952380838848296e-05,0.0,30.0,0.0826186357905833,0.0
2017-02-10,2316.10009765625,0.003566050102845164,2.0753968329656692e-05,0.0,30.0,0.08911261300242015,0.0
2017-02-13,2328.25,0.005245845097992419,2.0753968329656692e-05,0.0,30.0,0.1002641265795539,0.0
2017-02-14,2337.580078125,0.004007335176634763,2.123015977087475e-05,0.0,30.0,0.11420088585240588,0.0
2017-02-15,2349.25,0.004992308919898214,2.0634919878036257e-05,0.0,30.0,0.12845294179412087,0.0
2017-02-16,2347.219970703125,-0.0008641180363413437,2.015873080208188e-05,0.0,30.0,0.11434450488997647,0.0
2017-02-17,2351.159912109375,0.0016785565287558146,2.015873080208188e-05,0.0,30.0,0.12372536487793677,0.0
2017-02-21,2365.3798828125,0.006048066160828425,2.0039682350461445e-05,0.0,30.0,0.1393502217791286,0.0
2017-02-22,2362.820068359375,-0.001082200145408052,2.023809485965305e-05,0.0,30.0,0.12587566068151382,0.0
2017-02-23,2363.81005859375,0.00041898672168572126,1.976190460106683e-05,0.0,30.0,0.1258766772727643,0.0
2017-02-24,2367.340087890625,0.0014933641914423035,1.976190460106683e-05,0.0,30.0,0.1360662727461494,0.0
2017-02-27,2369.75,0.0010179830611165563,1.944444482288663e-05,0.0,30.0,0.14129952224629014,0.0
2017-02-28,2363.639892578125,-0.0025783763780462543,2.0753968329656692e-05,0.0,30.0,0.11913806832782504,0.0
2017-03-01,2395.9599609375,0.013673854659866258,2.4404762283204094e-05,0.0,30.0,0.1437190861668419,0.0
2017-03-02,2381.919921875,-0.005859880503598425,2.5595237338353714e-05,0.0,30.0,0.09443256315692448,0.0
2017-03-03,2383.1201171875,0.0005038772720600271,2.710317571957906e-05,0.0,30.0,0.10044978599110249,0.0
2017-03-06,2375.31005859375,-0.0032772408480052917,2.7976189813916644e-05,0.0,30.0,0.08916091438093784,0.0
2017-03-07,2368.389892578125,-0.0029133737680216987,2.916666723432995e-05,0.0,30.0,0.07894025343446366,0.0
2017-03-08,2362.97998046875,-0.002284215165048731,2.809523826553708e-05,0.0,30.0,0.07758260308627761,0.0
2017-03-09,2364.8701171875,0.0007998953585612867,2.8293650774728687e-05,0.0,30.0,0.07733618285625361,0.0
2017-03-10,2372.60009765625,0.003268670195698986,2.8769842215946745e-05,0.0,30.0,0.07935498230848018,0.0
2017-03-13,2373.469970703125,0.0003666328125562224,2.88888883023035e-05,0.0,30.0,0.0867363305635242,0.0
2017-03-14,2365.449951171875,-0.0033790271755046453,2.9880953213525197e-05,0.0,30.0,0.0888207717034004,0.0
2017-03-15,2385.260009765625,0.008374752796581397,2.8373014832299852e-05,0.0,30.0,0.08859238071521565,0.0
2017-03-16,2381.3798828125,-0.0016267102694209612,2.809523826553708e-05,0.0,30.0,0.08276151810689208,0.0
2017-03-17,2378.25,-0.0013143147950017697,2.809523826553708e-05,0.0,30.0,0.08165853741268504,0.0
2017-03-20,2373.469970703125,-0.0020098935338483948,2.8174602323108248e-05,0.0,30.0,0.08892842745754148,0.0
2017-03-21,2344.02001953125,-0.012407972940626899,2.9880953213525197e-05,0.0,30.0,0.13825656570008485,0.0
2017-03-22,2348.449951171875,0.0018898864360001877,2.9682540704333593e-05,0.0,30.0,0.1061195008567267,0.0
2017-03-23,2345.9599609375,-0.001060269661328106,2.9682540704333593e-05,0.0,30.0,0.12137475549212874,0.0
2017-03-24,2343.97998046875,-0.0008439958489141475,2.9682540704333593e-05,0.0,30.0,0.13404190342897487,0.0
2017-03-27,2341.590087890625,-0.001019587452981141,3.00793657227168e-05,0.0,30.0,0.14308384181437855,0.0
2017-03-28,2358.570068359375,0.007251474353500598,3.0674603250291616e-05,0.0,30.0,0.08282730992337337,0.0
2017-03-29,2361.1298828125,0.001085324742930105,2.9960317271096366e-05,0.0,30.0,0.07699464496735936,0.0
2017-03-30,2368.06005859375,0.002935109936855751,3.00793657227168e-05,0.0,30.0,0.07287386569685925,0.0
2017-03-31,2362.719970703125,-0.002255047489714501,2.9285713320686706e-05,0.0,30.0,0.08262522585063233,0.0
2017-04-03,2358.840087890625,-0.0016421255420062675,2.9365079743521554e-05,0.0,30.0,0.09791545598398757,0.0
2017-04-04,2360.159912109375,0.0005595225490382383,3.0952379817054386e-05,0.0,30.0,0.09517994393772515,0.0
2017-04-05,2352.949951171875,-0.0030548611983906016,3.0952379817054386e-05,0.0,30.0,0.11576105299647348,0.0
2017-04-06,2357.489990234375,0.001929509405943275,3.1269840777866425e-05,0.0,30.0,0.10320629308200535,0.0
2017-04-07,2355.5400390625,-0.0008271302020167459,3.166666579624963e-05,0.0,30.0,0.11831444217522312,0.0
2017-04-10,2357.159912109375,0.0006876864837839225,3.1269840777866425e-05,0.0,30.0,0.11698214202409646,0.0
2017-04-11,2353.780029296875,-0.001433879303282093,3.174603221908449e-05,0.0,30.0,0.13047310931338463,0.0
2017-04-12,2344.929931640625,-0.003759951034546627,3.146825328705803e-05,0.0,30.0,0.1596352257630328,0.0
2017-04-13,2328.949951171875,-0.006814694227374907,3.134920720070128e-05,0.0,30.0,0.22211618942827446,0.0
2017-04-17,2349.010009765625,0.008613348940219367,3.134920720070128e-05,0.0,30.0,0.11837234981494475,0.0
2017-04-18,2342.18994140625,-0.0029033798625895946,3.194444472827609e-05,0.0,30.0,0.145988898666201,0.0
2017-04-19,2338.169921875,-0.0017163507793208632,3.115079469150967e-05,0.0,30.0,0.17288403301920754,0.0
2017-04-20,2355.840087890625,0.007557263417987681,3.055555479867118e-05,0.0,30.0,0.10759659695383728,0.0
2017-04-21,2348.68994140625,-0.0030350729326357184,3.0277778231908405e-05,0.0,30.0,0.13489240122493443,0.0
2017-04-24,2374.14990234375,0.01084006896297951,3.055555479867118e-05,0.0,30.0,0.08933801857750413,0.0
2017-04-25,2388.610107421875,0.006090687476747014,3.206349317989652e-05,0.0,30.0,0.08670471156023413,0.0
2017-04-26,2387.449951171875,-0.00048570348354270987,3.186507830544124e-05,0.0,30.0,0.09588934269449184,0.0
2017-04-27,2388.77001953125,0.0005529198041311911,3.115079469150967e-05,0.0,30.0,0.08644313014063781,0.0
2017-04-28,2384.199951171875,-0.0019131470681601481,3.0952379817054386e-05,0.0,30.0,0.09832999900833174,0.0
2017-05-01,2388.330078125,0.0017322905115801923,3.115079469150967e-05,0.0,30.0,0.09842715658056704,0.0
2017-05-02,2391.169921875,0.0011890499458222514,3.3452380744237744e-05,0.0,30.0,0.0913797666600493,0.0
2017-05-03,2388.1298828125,-0.0012713605313821041,3.365079325342935e-05,0.0,30.0,0.09280973479939525,0.0
2017-05-04,2389.52001953125,0.0005821026438950216,3.3928572185455806e-05,0.0,30.0,0.08986264412993268,0.0
2017-05-05,2399.2900390625,0.0040886954080285864,3.444444329019577e-05,0.0,30.0,0.09099096760307274,0.0
2017-05-08,2399.3798828125,3.744597299082386e-05,3.4523809713030615e-05,0.0,30.0,0.09600521922199963,0.0
2017-05-09,2396.919921875,-0.0010252486299153762,3.531745974979704e-05,0.0,30.0,0.0968298930142413,0.0
2017-05-10,2399.6298828125,0.0011306013658478609,3.472222222222222e-05,0.0,30.0,0.10325035724010864,0.0
2017-05-11,2394.43994140625,-0.002162809124616749,3.412698469464741e-05,0.0,30.0,0.11022035442685876,0.0
2017-05-12,2390.89990234375,-0.0014784413679722608,3.3928572185455806e-05,0.0,30.0,0.12121540680328995,0.0
2017-05-15,2402.320068359375,0.004776513648450997,3.424603078100416e-05,0.0,30.0,0.11166573232131562,0.0
2017-05-16,2400.669921875,-0.0006868970151433507,3.531745974979704e-05,0.0,30.0,0.11667658913204469,0.0
2017-05-17,2357.030029296875,-0.018178214414433458,3.472222222222222e-05,0.0,30.0,0.20324594688710867,0.0
2017-05-18,2365.719970703125,0.003686818283279214,3.543650820141747e-05,0.0,30.0,0.14576569321377322,0.0
2017-05-19,2381.72998046875,0.006767499942466504,3.523809569222586e-05,0.0,30.0,0.08274313869998894,0.0
2017-05-22,2394.02001953125,0.005160131149745784,3.4841270673842654e-05,0.0,30.0,0.06728957336927503,0.0
2017-05-23,2398.419921875,0.001837871992654172,3.6230158238183885e-05,0.0,30.0,0.0691224350003599,0.0
2017-05-24,2404.389892578125,0.002489126548973042,3.5912697277371846e-05,0.0,30.0,0.07486685361578858,0.0
2017-05-25,2415.070068359375,0.00444194837709877,3.6031745728992285e-05,0.0,30.0,0.0784148379221094,0.0
2017-05-26,2415.820068359375,0.00031054999597146526,3.6111112151827125e-05,0.0,30.0,0.08490188286041339,0.0
2017-05-30,2412.909912109375,-0.0012046245861250249,3.6111112151827125e-05,0.0,30.0,0.07908911615079406,0.0
2017-05-31,2411.800048828125,-0.000459968801852062,3.769841222535996e-05,0.0,30.0,0.07981929267686264,0.0
2017-06-01,2430.06005859375,0.007571112611303388,3.7619048167788795e-05,0.0,30.0,0.0849725006376772,0.0
2017-06-02,2439.070068359375,0.0037077313104922904,3.7817460676980396e-05,0.0,30.0,0.09670821206170716,0.0
2017-06-05,2436.10009765625,-0.001217665183814387,3.7619048167788795e-05,0.0,30.0,0.08345365349832605,0.0
2017-06-06,2429.330078125,-0.0027790399654609166,3.8015873186172e-05,0.0,30.0,0.0740172580674588,0.0
2017-06-07,2433.139892578125,0.0015682572275503848,3.8611110713746805e-05,0.0,30.0,0.07828563450309131,0.0
2017-06-08,2433.7900390625,0.00026720472849017796,3.8611110713746805e-05,0.0,30.0,0.08050064663967098,0.0
2017-06-09,2431.77001953125,-0.0008299892344156845,3.8888889645773273e-05,0.0,30.0,0.08211423558521676,0.0
2017-06-12,2429.389892578125,-0.000978763178264619,3.8611110713746805e-05,0.0,30.0,0.09455172032009236,0.0
2017-06-13,2440.35009765625,0.004511505177332342,3.900793573213001e-05,0.0,30.0,0.09278788009128172,0.0
2017-06-14,2437.919921875,-0.0009958307964025304,3.900793573213001e-05,0.0,30.0,0.09917505083091192,0.0
2017-06-15,2432.4599609375,-0.0022395981461527104,3.940476075051322e-05,0.0,30.0,0.11546794443584693,0.0
2017-06-16,2433.14990234375,0.0002836393681004967,3.908730215496487e-05,0.0,30.0,0.11939190632960903,0.0
2017-06-19,2453.4599609375,0.008347228657875183,3.908730215496487e-05,0.0,30.0,0.1127278119862942,0.0
2017-06-20,2437.030029296875,-0.0066966373620162,3.940476075051322e-05,0.0,30.0,0.0914089455659225,0.0
2017-06-21,2435.610107421875,-0.0005826443900691647,3.8412698204555204e-05,0.0,30.0,0.09664501097981006,0.0
2017-06-22,2434.5,-0.00045578207221763645,3.702381064021399e-05,0.0,30.0,0.1026825055327125,0.0
2017-06-23,2438.300048828125,0.0015609155178168965,3.702381064021399e-05,0.0,30.0,0.09187259911998284,0.0
2017-06-26,2439.070068359375,0.000315801794623205,3.702381064021399e-05,0.0,30.0,0.09177937017853999,0.0
2017-06-27,2419.3798828125,-0.00807282488613359,3.9285714664156475e-05,0.0,30.0,0.13007298596102687,0.0
2017-06-28,2440.68994140625,0.008808066374833778,3.908730215496487e-05,0.0,30.0,0.07271752974903474,0.0
2017-06-29,2419.699951171875,-0.008600023246820632,3.980158813416012e-05,0.0,30.0,0.11313140579327638,0.0
2017-06-30,2423.409912109375,0.0015332318107057485,3.940476075051322e-05,0.0,30.0,0.10514814747275762,0.0
2017-07-03,2429.010009765625,0.002310833849555216,3.968253968253968e-05,0.0,30.0,0.10740584012847573,0.0
2017-07-05,2432.5400390625,0.001453279024245635,4.04761897193061e-05,0.0,30.0,0.09413440542847863,0.0
2017-07-06,2409.75,-0.009368823820586791,4.000000064335172e-05,0.0,30.0,0.16250982579555567,0.0
2017-07-07,2425.179931640625,0.006403125486305727,4.000000064335172e-05,0.0,30.0,0.09746976817230184,0.0
2017-07-10,2427.429931640625,0.0009277662125786179,4.019841315254333e-05,0.0,30.0,0.09608948325535481,0.0
2017-07-11,2425.530029296875,-0.0007826806116978391,4.099206318930975e-05,0.0,30.0,0.09967130825698202,0.0
2017-07-12,2443.25,0.007305607635895495,4.059523817092654e-05,0.0,30.0,0.07200961899393664,0.0
2017-07-13,2447.830078125,0.0018745843139260643,4.019841315254333e-05,0.0,30.0,0.07474289371146642,0.0
2017-07-14,2459.27001953125,0.004673503078699293,4.000000064335172e-05,0.0,30.0,0.07902523347683542,0.0
2017-07-17,2459.139892578125,-5.291283677333336e-05,4.04761897193061e-05,0.0,30.0,0.07754983719238336,0.0
2017-07-18,2460.610107421875,0.0005978573436131729,4.12698397560725e-05,0.0,30.0,0.0832417995107595,0.0
2017-07-19,2473.830078125,0.005372639356088893,4.3055557069324325e-05,0.0,30.0,0.09280914027981842,0.0
2017-07-20,2473.449951171875,-0.00015365928181010347,4.4166668066902766e-05,0.0,30.0,0.08882684885033647,0.0
2017-07-21,2472.5400390625,-0.00036787164783502746,4.515873061286078e-05,0.0,30.0,0.0975449770647864,0.0
2017-07-24,2469.909912109375,-0.0010637348279797232,4.5634919688815166e-05,0.0,30.0,0.10044640912187519,0.0
2017-07-25,2477.1298828125,0.002923171678338221,4.535714312205238e-05,0.0,30.0,0.09306240932745188,0.0
2017-07-26,2477.830078125,0.0002826639480466575,4.345238208770752e-05,0.0,30.0,0.09379277076864093,0.0
2017-07-27,2475.419921875,-0.0009726882691745153,4.277777577203418e-05,0.0,30.0,0.09792892979564327,0.0
2017-07-28,2472.10009765625,-0.001341115577770502,4.1785713226076154e-05,0.0,30.0,0.10926137687290435,0.0
2017-07-31,2470.300048828125,-0.0007281456077897763,4.1785713226076154e-05,0.0,30.0,0.11722005369251462,0.0
2017-08-01,2476.35009765625,0.0024491149692504877,4.198412573526776e-05,0.0,30.0,0.11057141786545499,0.0
2017-08-02,2477.570068359375,0.0004926487188865458,4.166666477445572e-05,0.0,30.0,0.11384239304390222,0.0
2017-08-03,2472.159912109375,-0.002183654185644257,4.198412573526776e-05,0.0,30.0,0.12177402335293705,0.0
2017-08-04,2476.830078125,0.0018891035295691694,4.1785713226076154e-05,0.0,30.0,0.11860866911908864,0.0
2017-08-07,2480.909912109375,0.001647199789928111,4.099206318930975e-05,0.0,30.0,0.12315799175172489,0.0
2017-08-08,2474.919921875,-0.0024144327873969473,4.0873014737689306e-05,0.0,30.0,0.12715097424679755,0.0
2017-08-09,2474.02001953125,-0.00036360867105078576,4.06746022284977e-05,0.0,30.0,0.1406132630236649,0.0
2017-08-10,2438.2099609375,-0.014474441722801767,4.039682566173493e-05,0.0,30.0,0.2157555304016168,0.0
2017-08-11,2441.320068359375,0.0012755699762128092,4.019841315254333e-05,0.0,30.0,0.19328870872654064,0.0
2017-08-14,2465.840087890625,0.010043754544535322,3.980158813416012e-05,0.0,30.0,0.09198416278718351,0.0
2017-08-15,2464.610107421875,-0.0004988078808476626,4.000000064335172e-05,0.0,30.0,0.10207716315601756,0.0
2017-08-16,2468.110107421875,0.0014201029158569245,3.908730215496487e-05,0.0,30.0,0.09678467585634294,0.0
2017-08-17,2430.010009765625,-0.015436952160958639,3.880952322293841e-05,0.0,30.0,0.2270984541096879,0.0
2017-08-18,2425.550048828125,-0.0018353673110713675,3.920634824132162e-05,0.0,30.0,0.24840403397321736,0.0
2017-08-21,2428.3701171875,0.001162651069903653,3.829364975293477e-05,0.0,30.0,0.21334809116638265,0.0
2017-08-22,2452.510009765625,0.00994077978775465,3.9484127173348075e-05,0.0,30.0,0.10582124584715387,0.0
2017-08-23,2444.0400390625,-0.0034535927149730306,3.8888889645773273e-05,0.0,30.0,0.1379005155542456,0.0
2017-08-24,2438.969970703125,-0.0020744620703185834,3.9603175624968514e-05,0.0,30.0,0.16730585270848924,0.0
2017-08-25,2443.050048828125,0.0016728693563305974,3.9484127173348075e-05,0.0,30.0,0.1593678933127123,0.0
2017-08-28,2444.239990234375,0.00048707205438569545,3.988095219173128e-05,0.0,30.0,0.15183308713371563,0.0
2017-08-29,2446.300048828125,0.000842821736810162,4.007936470092289e-05,0.0,30.0,0.13689207739385448,0.0
2017-08-30,2457.590087890625,0.004615148933961866,3.9603175624968514e-05,0.0,30.0,0.10876263380155542,0.0
2017-08-31,2471.64990234375,0.005720976220730423,3.880952322293841e-05,0.0,30.0,0.09325901194855427,0.0
2017-09-01,2476.550048828125,0.001982540682532896,3.908730215496487e-05,0.0,30.0,0.09619463331588192,0.0
2017-09-05,2457.85009765625,-0.007550806889900619,3.900793573213001e-05,0.0,30.0,0.11374578908120203,0.0
2017-09-06,2465.5400390625,0.0031287267736885838,4.119047569850135e-05,0.0,30.0,0.10218737647863665,0.0
2017-09-07,2465.10009765625,-0.00017843612323464875,4.059523817092654e-05,0.0,30.0,0.10560457399450883,0.0
2017-09-08,2461.429931640625,-0.001488850703918465,4.04761897193061e-05,0.0,30.0,0.12242248906170264,0.0
2017-09-11,2488.110107421875,0.01083929931877714,4.04761897193061e-05,0.0,30.0,0.08370503396224782,0.0
2017-09-12,2496.47998046875,0.0033639480109453057,4.039682566173493e-05,0.0,30.0,0.08595098455990356,0.0
2017-09-13,2498.3701171875,0.0007571207193879381,4.039682566173493e-05,0.0,30.0,0.0904947971490332,0.0
2017-09-14,2495.6201171875,-0.0011007176162897148,4.079365068011814e-05,0.0,30.0,0.08781868674760676,0.0
2017-09-15,2500.22998046875,0.0018471814878802117,4.007936470092289e-05,0.0,30.0,0.09443267485871219,0.0
2017-09-18,2503.8701171875,0.0014559207541648966,3.968253968253968e-05,0.0,30.0,0.0945174956515705,0.0
2017-09-19,2506.64990234375,0.0011101954279371107,4.039682566173493e-05,0.0,30.0,0.10056802227731272,0.0
2017-09-20,2508.239990234375,0.0006343478158390425,4.04761897193061e-05,0.0,30.0,0.11116262531294431,0.0
2017-09-21,2500.60009765625,-0.0030459176984141134,4.000000064335172e-05,0.0,30.0,0.09940581401417047,0.0
2017-09-22,2502.219970703125,0.0006477937229520947,3.980158813416012e-05,0.0,30.0,0.10812405032099244,0.0
2017-09-25,2496.659912109375,-0.002222050282888466,3.9603175624968514e-05,0.0,30.0,0.11110376688834721,0.0
2017-09-26,2496.840087890625,7.216672978804795e-05,4.1388888207692946e-05,0.0,30.0,0.11309999418993429,0.0
2017-09-27,2507.0400390625,0.004085143947080816,4.119047569850135e-05,0.0,30.0,0.10748426630765105,0.0
2017-09-28,2510.06005859375,0.001204615596159142,4.0873014737689306e-05,0.0,30.0,0.11596025671629047,0.0
2017-09-29,2519.360107421875,0.0037051100814438076,4.079365068011814e-05,0.0,30.0,0.12185451506842868,0.0
2017-10-02,2529.1201171875,0.003874003457017716,4.019841315254333e-05,0.0,30.0,0.1304427261968605,0.0
2017-10-03,2534.580078125,0.0021588381272976687,4.107142724688091e-05,0.0,30.0,0.13897461252122978,0.0
2017-10-04,2537.739990234375,0.0012467201713795006,4.1388888207692946e-05,0.0,30.0,0.14214962860587432,0.0
2017-10-05,2552.070068359375,0.005646787369921524,4.1388888207692946e-05,0.0,30.0,0.1502608315596238,0.0
2017-10-06,2549.330078125,-0.0010736344069645076,4.1388888207692946e-05,0.0,30.0,0.14755738156525192,0.0
2017-10-09,2544.72998046875,-0.0018044339160793177,4.1468252265264115e-05,0.0,30.0,0.13205746158075032,0.0
2017-10-10,2550.639892578125,0.002322412261707374,4.186507728364732e-05,0.0,30.0,0.1331195150724226,0.0
2017-10-11,2555.239990234375,0.0018035072962026,4.238095075365097e-05,0.0,30.0,0.1437889654937569,0.0
2017-10-12,2550.929931640625,-0.0016867529508860502,4.1785713226076154e-05,0.0,30.0,0.13261240803471022,0.0
2017-10-13,2553.169921875,0.0008781073155288421,4.166666477445572e-05,0.0,30.0,0.13033673635698753,0.0
2017-10-16,2557.639892578125,0.0017507533144689447,4.186507728364732e-05,0.0,30.0,0.13603012041444876,0.0
2017-10-17,2559.360107421875,0.0006725789853143649,4.257936326284257e-05,0.0,30.0,0.14541302767326486,0.0
2017-10-18,2561.260009765625,0.0007423349056041584,4.238095075365097e-05,0.0,30.0,0.1469327621672565,0.0
2017-10-19,2562.10009765625,0.00032799789456050554,4.2261907032557895e-05,0.0,30.0,0.15702829125355536,0.0
2017-10-20,2575.2099609375,0.0051168427389869375,4.26587320509411e-05,0.0,30.0,0.15861194770869075,0.0
2017-10-23,2564.97998046875,-0.003972484039719171,4.24603195417495e-05,0.0,30.0,0.13052829974496039,0.0
2017-10-24,2569.1298828125,0.001617908278173541,4.357143053932795e-05,0.0,30.0,0.13417273292694973,0.0
2017-10-25,2557.14990234375,-0.004663049754275228,4.297618828122578e-05,0.0,30.0,0.12847939405402672,0.0
2017-10-26,2560.39990234375,0.001270946219078306,4.285714456013271e-05,0.0,30.0,0.1289450933395653,0.0
2017-10-27,2581.070068359375,0.008073022498049642,4.257936326284257e-05,0.0,30.0,0.11784389824526532,0.0
2017-10-30,2572.830078125,-0.003192470570786421,4.26587320509411e-05,0.0,30.0,0.10830018632699123,0.0
2017-10-31,2575.260009765625,0.0009444586571358826,4.456349308528596e-05,0.0,30.0,0.11379696924464246,0.0
2017-11-01,2579.360107421875,0.0015921101716727115,4.515873061286078e-05,0.0,30.0,0.11955583195085041,0.0
2017-11-02,2579.85009765625,0.00018996581088659426,4.515873061286078e-05,0.0,30.0,0.12769461112604416,0.0
2017-11-03,2587.840087890625,0.0030970753849743904,4.555555563124399e-05,0.0,30.0,0.1339797397298266,0.0
2017-11-06,2591.1298828125,0.0012712512404724485,4.595238064962721e-05,0.0,30.0,0.14117015307942493,0.0
2017-11-07,2590.639892578125,-0.00018910292286977715,4.714285570477683e-05,0.0,30.0,0.13219198281161954,0.0
2017-11-08,2594.3798828125,0.001443655000098465,4.7420637002066956e-05,0.0,30.0,0.14128618744475166,0.0
2017-11-09,2584.6201171875,-0.003761887644002093,4.773809323235164e-05,0.0,30.0,0.13718143555008086,0.0
2017-11-10,2582.300048828125,-0.0008976438525517549,4.7619049511258563e-05,0.0,30.0,0.14174132594557157,0.0
2017-11-13,2584.840087890625,0.0009836343625724275,4.702380725315639e-05,0.0,30.0,0.14742650741563815,0.0
2017-11-14,2578.8701171875,-0.0023096092988857952,4.9206349584791395e-05,0.0,30.0,0.1574677799598638,0.0
2017-11-15,2564.6201171875,-0.005525675723266343,4.880952456640819e-05,0.0,30.0,0.16884804069486373,0.0
2017-11-16,2585.639892578125,0.008196058063241196,4.880952456640819e-05,0.0,30.0,0.12710375683240063,0.0
2017-11-17,2578.85009765625,-0.0026259630899742037,4.9206349584791395e-05,0.0,30.0,0.12572179748475462,0.0
2017-11-20,2582.139892578125,0.0012756828808564435,4.9206349584791395e-05,0.0,30.0,0.12487872318111068,0.0
2017-11-21,2599.030029296875,0.006541139295859866,5.071428560075306e-05,0.0,30.0,0.11762964256228772,0.0
2017-11-22,2597.080078125,-0.0007502611166068096,5.019841213074941e-05,0.0,30.0,0.11559141662930449,0.0
2017-11-24,2602.419921875,0.0020560951489239088,4.9206349584791395e-05,0.0,30.0,0.11815242621227727,0.0
2017-11-27,2601.419921875,-0.0003842577408796899,4.853174799964541e-05,0.0,30.0,0.12011856860294859,0.0
2017-11-28,2627.0400390625,0.00984851271879017,5.019841213074941e-05,0.0,30.0,0.12022697237094992,0.0
2017-11-29,2626.070068359375,-0.000369225702197995,4.992063556398664e-05,0.0,30.0,0.11696804553270355,0.0
2017-11-30,2647.580078125,0.008190950433802913,4.9126985527220226e-05,0.0,30.0,0.12617892486813362,0.0
2017-12-01,2642.219970703125,-0.002024530803113933,4.900793707559979e-05,0.0,30.0,0.11814101982710029,0.0
2017-12-04,2639.43994140625,-0.0010521566439205543,4.9404762093982996e-05,0.0,30.0,0.114189823242123,0.0
2017-12-05,2629.570068359375,-0.0037393815604747083,5.091269810994467e-05,0.0,30.0,0.11108175950701843,0.0
2017-12-06,2629.27001953125,-0.00011410565998426492,5.011904807317824e-05,0.0,30.0,0.1185005489232083,0.0
2017-12-07,2636.97998046875,0.0029323579853828274,4.999999962155781e-05,0.0,30.0,0.11136150349478136,0.0
2017-12-08,2651.5,0.005506306319651655,4.9722223054795035e-05,0.0,30.0,0.11210512611295932,0.0
2017-12-11,2659.989990234375,0.003201957471006933,5.011904807317824e-05,0.0,30.0,0.11796729759828753,0.0
2017-12-12,2664.110107421875,0.001548922064604108,5.1984124713473844e-05,0.0,30.0,0.11883416967798344,0.0
2017-12-13,2662.85009765625,-0.0004729570906678582,5.051587309156145e-05,0.0,30.0,0.11737516321187016,0.0
2017-12-14,2652.010009765625,-0.004070859227173984,5.091269810994467e-05,0.0,30.0,0.11288126662344028,0.0
2017-12-15,2675.81005859375,0.008974343513216354,5.099206216751583e-05,0.0,30.0,0.10980719160624602,0.0
2017-12-18,2690.159912109375,0.005362807225250732,5.2182541953192816e-05,0.0,30.0,0.12041144893932475,0.0
2017-12-19,2681.469970703125,-0.0032302694598687065,5.369047796915448e-05,0.0,30.0,0.11030196365893194,0.0
2017-12-20,2679.25,-0.0008278931807477186,5.357142951753405e-05,0.0,30.0,0.11469297200247874,0.0
2017-12-21,2684.570068359375,0.0019856558213586784,5.238095446238442e-05,0.0,30.0,0.12089367075062156,0.0
2017-12-22,2683.340087890625,-0.0004581666477052604,5.1507935637519474e-05,0.0,30.0,0.11749209387216412,0.0
2017-12-26,2680.5,-0.0010584151831672939,5.1706348146711075e-05,0.0,30.0,0.12012395196951728,0.0
2017-12-27,2682.6201171875,0.0007909409391904099,5.587301557026213e-05,0.0,30.0,0.12114270405080003,0.0
2017-12-28,2687.5400390625,0.0018339987251561052,5.4365079554300456e-05,0.0,30.0,0.11937749640478529,0.0
2017-12-29,2673.610107421875,-0.005183153157965359,5.376984202672565e-05,0.0,30.0,0.1205513236371298,0.0
2018-01-02,2695.81005859375,0.008303361477520088,5.46825405151125e-05,0.0,30.0,0.09920550481524672,0.0
2018-01-03,2713.06005859375,0.006398818768781567,5.4365079554300456e-05,0.0,30.0,0.1073029089999101,0.0
2018-01-04,2723.989990234375,0.004028636080503967,5.4365079554300456e-05,0.0,30.0,0.11548056563949481,0.0
2018-01-05,2743.14990234375,0.007033767443369587,5.4365079554300456e-05,0.0,30.0,0.13267813093035702,0.0
2018-01-08,2747.7099609375,0.0016623439316436617,5.4761904572683664e-05,0.0,30.0,0.13527381009018813,0.0
2018-01-09,2751.2900390625,0.0013029315960912946,5.615079213702489e-05,0.0,30.0,0.13453364039454307,0.0
2018-01-10,2748.22998046875,-0.0011122268282528491,5.535714210025848e-05,0.0,30.0,0.1234933522516505,0.0
2018-01-11,2767.56005859375,0.007033646478779465,5.567460306107052e-05,0.0,30.0,0.1419029733420684,0.0
2018-01-12,2786.239990234375,0.006749602987881076,5.595237962783329e-05,0.0,30.0,0.1592502735661759,0.0
2018-01-16,2776.419921875,-0.003524487622672101,5.535714210025848e-05,0.0,30.0,0.12916215317731417,0.0
2018-01-17,2802.56005859375,0.009415051560751175,5.615079213702489e-05,0.0,30.0,0.15473481335074066,0.0
2018-01-18,2798.030029296875,-0.0016163897301626484,5.575396711864169e-05,0.0,30.0,0.13792910894858906,0.0
2018-01-19,2810.300048828125,0.004385235112838837,5.567460306107052e-05,0.0,30.0,0.14921144430150995,0.0
2018-01-22,2832.969970703125,0.008066726499347698,5.515872959106687e-05,0.0,30.0,0.1711000655707405,0.0
2018-01-23,2839.1298828125,0.0021743654797181655,5.607142807945373e-05,0.0,30.0,0.17160355789319187,0.0
2018-01-24,2837.5400390625,-0.0005599757022828333,5.595237962783329e-05,0.0,30.0,0.15782389212382078,0.0
2018-01-25,2839.25,0.0006026209018938911,5.527777804268731e-05,0.0,30.0,0.15414203698021103,0.0
2018-01-26,2872.8701171875,0.011841196508761032,5.507936553349571e-05,0.0,30.0,0.1854259729741224,0.0
2018-01-29,2853.530029296875,-0.006731974332887192,5.4563492063492063e-05,0.0,30.0,0.14149535382768122,0.0
2018-01-30,2822.429931640625,-0.010898815620283941,5.65476171554081e-05,0.0,30.0,0.09973899680606858,0.0
2018-01-31,2823.81005859375,0.0004889853730833948,5.6746029664599704e-05,0.0,30.0,0.09918250156499875,0.0
2018-02-01,2821.97998046875,-0.0006480882520516484,5.765872815298656e-05,0.0,30.0,0.09552767251200957,0.0
2018-02-02,2762.1298828125,-0.02120854792396809,5.753968443189349e-05,0.0,30.0,0.14868470243796864,0.0
2018-02-05,2648.93994140625,-0.04097922480422822,5.785714066217816e-05,0.0,30.0,0.4893977221676433,0.0
2018-02-06,2695.139892578125,0.017440920592313836,5.904762044785515e-05,0.0,30.0,0.3262152760804454,0.0
2018-02-07,2681.659912109375,-0.005001588416939429,6.011904705138434e-05,0.0,30.0,0.36611305300838193,0.0
2018-02-08,2581.0,-0.03753641975808808,6.011904705138434e-05,0.0,30.0,0.5824066437042343,0.0
2018-02-09,2619.550048828125,0.014936090208494734,6.051587206976755e-05,0.0,30.0,0.5286128412095553,0.0
2018-02-12,2656.0,0.013914584754042503,6.0912697088150755e-05,0.0,30.0,0.3674931608976008,0.0
2018-02-13,2662.93994140625,0.0026129297463290957,6.230158938301934e-05,0.0,30.0,0.29494431647047764,0.0
2018-02-14,2698.6298828125,0.013402458257245842,6.150793461572556e-05,0.0,30.0,0.11253294938172763,0.0
2018-02-15,2731.199951171875,0.012069112762299383,6.190475963410877e-05,0.0,30.0,0.07860139429484761,0.0
2018-02-16,2732.219970703125,0.0003734693722488025,6.230158938301934e-05,0.0,30.0,0.07624413711722153,0.0
2018-02-20,2716.260009765625,-0.005841389459353419,6.24206331041124e-05,0.0,30.0,0.07146203588659326,0.0
2018-02-21,2701.330078125,-0.0054965031281792864,6.380952539898101e-05,0.0,30.0,0.11078088724048152,0.0
2018-02-22,2703.9599609375,0.0009735510790762625,6.369047694736057e-05,0.0,30.0,0.10935459524089144,0.0
2018-02-23,2747.300048828125,0.01602837635051313,6.369047694736057e-05,0.0,30.0,0.06932619535956687,0.0
2018-02-26,2779.60009765625,0.011757015343810906,6.380952539898101e-05,0.0,30.0,0.10730678419082317,0.0
2018-02-27,2744.280029296875,-0.012706888443829278,6.488095200251019e-05,0.0,30.0,0.055355239876352595,0.0
2018-02-28,2713.830078125,-0.011095788639207016,6.420635041736421e-05,0.0,30.0,0.11292946406656054,0.0
2018-03-01,2677.669921875,-0.013324399541987275,6.309523941978576e-05,0.0,30.0,0.29517989651305104,0.0
2018-03-02,2691.25,0.005071602744632031,6.369047694736057e-05,0.0,30.0,0.1767921551042201,0.0
2018-03-05,2720.93994140625,0.011032026532745043,6.448412698412699e-05,0.0,30.0,0.05729597500918938,0.0
2018-03-06,2728.1201171875,0.002638858606169414,6.519841296332222e-05,0.0,30.0,0.04607094049219707,0.0
2018-03-07,2726.800048828125,-0.00048387472056610203,6.547618953008501e-05,0.0,30.0,0.04025736808635361,0.0
2018-03-08,2738.969970703125,0.004463078207817217,6.488095200251019e-05,0.0,30.0,0.038558281888390764,0.0
2018-03-09,2786.570068359375,0.01737883151892694,6.488095200251019e-05,0.0,30.0,0.10328611089939373,0.0
2018-03-12,2783.02001953125,-0.001273985129042532,6.519841296332222e-05,0.0,30.0,0.0736030165514196,0.0
2018-03-13,2765.31005859375,-0.006363576551088879,6.70634943341452e-05,0.0,30.0,0.037237547829070884,0.0
2018-03-14,2749.47998046875,-0.005724521948562322,6.817460533172366e-05,0.0,30.0,0.039164182256674895,0.0
2018-03-15,2747.330078125,-0.000781930531963182,6.876984285929846e-05,0.0,30.0,0.05339678718576394,0.0
2018-03-16,2752.010009765625,0.001703447167811456,6.896825536849007e-05,0.0,30.0,0.044643400000776864,0.0
2018-03-19,2712.919921875,-0.014204195388793028,6.857143035010686e-05,0.0,30.0,0.1718740881138143,0.0
2018-03-20,2716.93994140625,0.0014818054520648882,6.976190540525649e-05,0.0,30.0,0.13381705423580445,0.0
2018-03-21,2711.929931640625,-0.0018439898833508828,6.785714437091161e-05,0.0,30.0,0.17352928065492476,0.0
2018-03-22,2643.68994140625,-0.025162888405856454,6.678571303685506e-05,0.0,30.0,0.5200780193911715,0.0
2018-03-23,2588.260009765625,-0.02096688071186603,6.698412554604667e-05,0.0,30.0,0.620491096842024,0.0
2018-03-26,2658.550048828125,0.02715725576151251,6.765873186172e-05,0.0,30.0,0.42388785041855104,0.0
2018-03-27,2612.6201171875,-0.017276308813847896,6.876984285929846e-05,0.0,30.0,0.6062167463797855,0.0
2018-03-28,2605.0,-0.00291665716625622,6.72619068433368e-05,0.0,30.0,0.6205564906425078,0.0
2018-03-29,2640.8701171875,0.013769718690019195,6.626983956685142e-05,0.0,30.0,0.4602205359345021,0.0
2018-04-02,2581.8798828125,-0.022337423560165104,6.678571303685506e-05,0.0,30.0,0.6631983487474702,0.0
2018-04-03,2614.449951171875,0.012614865848792123,6.797619282253204e-05,0.0,30.0,0.5574791044680564,0.0
2018-04-04,2644.68994140625,0.01156648273982852,6.619047550928025e-05,0.0,30.0,0.33529785279819047,0.0
2018-04-05,2662.840087890625,0.0068628636575538415,6.646825207604302e-05,0.0,30.0,0.21655372029922643,0.0
2018-04-06,2604.469970703125,-0.021920248779842444,6.666666458523462e-05,0.0,30.0,0.5785625929374144,0.0
2018-04-09,2613.159912109375,0.0033365488963206236,6.646825207604302e-05,0.0,30.0,0.5199875555601794,0.0
2018-04-10,2656.8701171875,0.0167269537832615,6.72619068433368e-05,0.0,30.0,0.24281939935476538,0.0
2018-04-11,2642.18994140625,-0.005525364482924067,6.718253805523827e-05,0.0,30.0,0.3342541812796859,0.0
2018-04-12,2663.989990234375,0.008250750063987677,6.765873186172e-05,0.0,30.0,0.22062131610687594,0.0
2018-04-13,2656.300048828125,-0.0028866254882486952,6.817460533172366e-05,0.0,30.0,0.2588391345291261,0.0
2018-04-16,2677.840087890625,0.008109038386684864,6.797619282253204e-05,0.0,30.0,0.17545664032348435,0.0
2018-04-17,2706.389892578125,0.010661504701720004,6.964285695363604e-05,0.0,30.0,0.14424423094253624,0.0
2018-04-18,2708.639892578125,0.0008313658006817715,7.023809448121085e-05,0.0,30.0,0.1370255928641358,0.0
2018-04-19,2693.1298828125,-0.005726124690152989,7.075396795121451e-05,0.0,30.0,0.12912309769263408,0.0
2018-04-20,2670.139892578125,-0.00853653230061302,7.003968197201925e-05,0.0,30.0,0.2098276949894849,0.0
2018-04-23,2670.2900390625,5.623169212687351e-05,7.075396795121451e-05,0.0,30.0,0.2001882535464141,0.0
2018-04-24,2634.56005859375,-0.01338056164164636,7.234126802474734e-05,0.0,30.0,0.42743213852771605,0.0
2018-04-25,2639.39990234375,0.001837059563023713,7.202381179446265e-05,0.0,30.0,0.360064143952727,0.0
2018-04-26,2666.93994140625,0.010434204774367295,7.083333200878568e-05,0.0,30.0,0.18092582360898146,0.0
2018-04-27,2669.909912109375,0.0011136248915897262,7.023809448121085e-05,0.0,30.0,0.16139933679108634,0.0
2018-04-30,2648.050048828125,-0.008187490964434607,6.996031791444809e-05,0.0,30.0,0.2950444918045679,0.0
2018-05-01,2654.800048828125,0.0025490454770622506,7.182539455474369e-05,0.0,30.0,0.22081584956796882,0.0
2018-05-02,2635.669921875,-0.007205863568357729,7.083333200878568e-05,0.0,30.0,0.3571670818108178,0.0
2018-05-03,2629.72998046875,-0.0022536742393085563,7.095238046040612e-05,0.0,30.0,0.3743924691873216,0.0
2018-05-04,2663.419921875,0.012811178963797909,7.115079296959771e-05,0.0,30.0,0.14848606480749477,0.0
2018-05-07,2672.6298828125,0.0034579455015175675,7.115079296959771e-05,0.0,30.0,0.11838138946764758,0.0
2018-05-08,2671.919921875,-0.0002656413228280252,7.281746183122908e-05,0.0,30.0,0.11519574348406177,0.0
2018-05-09,2697.7900390625,0.009682220255068819,7.321428684961227e-05,0.0,30.0,0.07730321639144776,0.0
2018-05-10,2723.070068359375,0.009370643723504823,7.321428684961227e-05,0.0,30.0,0.0940921246393419,0.0
2018-05-11,2727.719970703125,0.0017075955546570487,7.380952437718708e-05,0.0,30.0,0.08704449003119664,0.0
2018-05-14,2730.1298828125,0.0008834895573073265,7.361111186799548e-05,0.0,30.0,0.0792152347617718,0.0
2018-05-15,2711.449951171875,-0.006842140279927467,7.44047619047619e-05,0.0,30.0,0.04955524299473529,0.0
2018-05-16,2722.4599609375,0.004060561678767671,7.40079368863787e-05,0.0,30.0,0.05216538927040437,0.0
2018-05-17,2720.1298828125,-0.0008558723207806596,7.392857282880753e-05,0.0,30.0,0.043528625579864116,0.0
2018-05-18,2712.969970703125,-0.00263219493841671,7.361111186799548e-05,0.0,30.0,0.04989534259401913,0.0
2018-05-21,2733.010009765625,0.007386752997235124,7.392857282880753e-05,0.0,30.0,0.04843695918326878,0.0
2018-05-22,2724.43994140625,-0.0031357617896576873,7.511904788395715e-05,0.0,30.0,0.056369722147996924,0.0
2018-05-23,2733.2900390625,0.0032484098921563564,7.432539784719073e-05,0.0,30.0,0.04239052038051526,0.0
2018-05-24,2727.760009765625,-0.002023213496498033,7.380952437718708e-05,0.0,30.0,0.04334867012567574,0.0
2018-05-25,2721.330078125,-0.0023572204364039617,7.353174781042433e-05,0.0,30.0,0.05855924769738503,0.0
2018-05-29,2689.860107421875,-0.011564187290653005,7.301587434042068e-05,0.0,30.0,0.17978329190002526,0.0
2018-05-30,2724.010009765625,0.012695791223314323,7.452381035638234e-05,0.0,30.0,0.045991687238437017,0.0
2018-05-31,2705.27001953125,-0.006879559974886984,7.420634939557031e-05,0.0,30.0,0.10777504593669053,0.0
2018-06-01,2734.6201171875,0.010849230370481022,7.412698533799913e-05,0.0,30.0,0.04029716043220322,0.0
2018-06-04,2746.8701171875,0.004479598435997323,7.40079368863787e-05,0.0,30.0,0.03817978594725264,0.0
2018-06-05,2748.800048828125,0.0007025929724704394,7.551587290234036e-05,0.0,30.0,0.034055015099221,0.0
2018-06-06,2772.35009765625,0.008567392465728796,7.539682445071991e-05,0.0,30.0,0.06522002957610308,0.0
2018-06-07,2770.3701171875,-0.0007141884679080501,7.480158692314511e-05,0.0,30.0,0.04804891754894958,0.0
2018-06-08,2779.030029296875,0.0031259043893263616,7.46031744139535e-05,0.0,30.0,0.05940102355790702,0.0
2018-06-11,2782.0,0.001068707668436586,7.412698533799913e-05,0.0,30.0,0.051466719457074366,0.0
2018-06-12,2786.85009765625,0.0017433852107295866,7.492063537476556e-05,0.0,30.0,0.05604070293070416,0.0
2018-06-13,2775.6298828125,-0.004026127868587581,7.519841194152831e-05,0.0,30.0,0.029210153358392013,0.0
2018-06-14,2782.489990234375,0.002471549778432225,7.472222286557397e-05,0.0,30.0,0.03723129954250718,0.0
2018-06-15,2779.659912109375,-0.001017102715529128,7.492063537476556e-05,0.0,30.0,0.027692035204722278,0.0
2018-06-18,2773.75,-0.0021261277624751163,7.472222286557397e-05,0.0,30.0,0.03379538759935314,0.0
2018-06-19,2762.590087890625,-0.004023402292699374,7.531746039314877e-05,0.0,30.0,0.05530928184618865,0.0
2018-06-20,2767.320068359375,0.0017121542893689945,7.492063537476556e-05,0.0,30.0,0.03923032885134022,0.0
2018-06-21,2749.760009765625,-0.006345510515579966,7.499999943233671e-05,0.0,30.0,0.07793280694475214,0.0
2018-06-22,2754.8798828125,0.0018619345065358228,7.420634939557031e-05,0.0,30.0,0.056538128001567524,0.0
2018-06-25,2717.070068359375,-0.013724668973416176,7.353174781042433e-05,0.0,30.0,0.22528889886376283,0.0
2018-06-26,2723.06005859375,0.0022045770199778936,7.511904788395715e-05,0.0,30.0,0.17238684067869042,0.0
2018-06-27,2699.6298828125,-0.008604355128821406,7.46031744139535e-05,0.0,30.0,0.31525060246119524,0.0
2018-06-28,2716.31005859375,0.00617868985946779,7.46031744139535e-05,0.0,30.0,0.18111773467729977,0.0
2018-06-29,2718.3701171875,0.0007584033300001014,7.46031744139535e-05,0.0,30.0,0.180032703674656,0.0
2018-07-02,2726.7099609375,0.003067957412152822,7.519841194152831e-05,0.0,30.0,0.115417570918196,0.0
2018-07-03,2713.219970703125,-0.00494735062681062,7.670634795749e-05,0.0,30.0,0.19372154657355303,0.0
2018-07-05,2736.610107421875,0.008620803683929923,7.579364946910313e-05,0.0,30.0,0.07229973376386178,0.0
2018-07-06,2759.820068359375,0.008481281595267509,7.559523695991153e-05,0.0,30.0,0.04249013235573048,0.0
2018-07-09,2784.169921875,0.008822985887663393,7.599206197829476e-05,0.0,30.0,0.06015358052307705,0.0
2018-07-10,2793.840087890625,0.003473267180873929,7.678571201506115e-05,0.0,30.0,0.06900279461693232,0.0
2018-07-11,2774.02001953125,-0.007094202866256172,7.619047448748634e-05,0.0,30.0,0.034783185808270896,0.0
2018-07-12,2798.2900390625,0.008749042674663476,7.650793544829838e-05,0.0,30.0,0.057690365932548435,0.0
2018-07-13,2801.31005859375,0.0010792374947172778,7.650793544829838e-05,0.0,30.0,0.058680057741361126,0.0
2018-07-16,2798.429931640625,-0.001028135726814483,7.690476046668159e-05,0.0,30.0,0.045437252961761106,0.0
2018-07-17,2809.550048828125,0.00397369863071062,7.837301681912135e-05,0.0,30.0,0.05826877636301827,0.0
2018-07-18,2815.6201171875,0.0021605126279586884,7.777777929154655e-05,0.0,30.0,0.06752840027474732,0.0
2018-07-19,2804.489990234375,-0.003952993120479142,7.730158548506479e-05,0.0,30.0,0.04236685497518745,0.0
2018-07-20,2801.830078125,-0.0009484477101494582,7.670634795749e-05,0.0,30.0,0.03600282779819744,0.0
2018-07-23,2806.97998046875,0.0018380494891383492,7.619047448748634e-05,0.0,30.0,0.04210236144517166,0.0
2018-07-24,2820.39990234375,0.004780911145920941,7.777777929154655e-05,0.0,30.0,0.04982523270857371,0.0
2018-07-25,2846.070068359375,0.009101605057599604,7.749999799425638e-05,0.0,30.0,0.08121122224218942,0.0
2018-07-26,2837.43994140625,-0.0030322960242857855,7.718254176397175e-05,0.0,30.0,0.05214284760799283,0.0
2018-07-27,2818.820068359375,-0.00656220869212365,7.718254176397175e-05,0.0,30.0,0.031000952287429395,0.0
2018-07-30,2802.60009765625,-0.005754170294581917,7.718254176397175e-05,0.0,30.0,0.05038132056186585,0.0
2018-07-31,2816.2900390625,0.004884728797982518,7.876984183750455e-05,0.0,30.0,0.03397870023782798,0.0
2018-08-01,2813.360107421875,-0.0010403515262938923,7.849206527074178e-05,0.0,30.0,0.04444437624691981,0.0
2018-08-02,2827.219970703125,0.004926444803381669,7.797619180073813e-05,0.0,30.0,0.03350266930947491,0.0
2018-08-03,2840.35009765625,0.004644183009877123,7.777777929154655e-05,0.0,30.0,0.04205589473046508,0.0
2018-08-06,2850.39990234375,0.003538227451535869,7.809524025235857e-05,0.0,30.0,0.054102611527776595,0.0
2018-08-07,2858.449951171875,0.0028241822564987196,7.968253559536404e-05,0.0,30.0,0.0606323816555244,0.0
2018-08-08,2857.699951171875,-0.0002623799656497061,7.968253559536404e-05,0.0,30.0,0.05397143571134629,0.0
2018-08-09,2853.580078125,-0.0014416744645237012,7.956349660479834e-05,0.0,30.0,0.0518687216305387,0.0
2018-08-10,2833.280029296875,-0.007113887913551609,7.936507936507937e-05,0.0,30.0,0.052565734155178276,0.0
2018-08-13,2821.929931640625,-0.004005992185342366,7.916666685588778e-05,0.0,30.0,0.086618099805322,0.0
2018-08-14,2839.9599609375,0.006389254777276809,8.06746028718494e-05,0.0,30.0,0.048205816953965724,0.0
2018-08-15,2818.3701171875,-0.007602164835758152,8.015872940184578e-05,0.0,30.0,0.08189136729640713,0.0
2018-08-16,2840.68994140625,0.007919408484583057,7.996032162318154e-05,0.0,30.0,0.04125341401087606,0.0
2018-08-17,2850.1298828125,0.0033231157222237684,7.916666685588778e-05,0.0,30.0,0.03777833213580948,0.0
2018-08-20,2857.050048828125,0.0024280177746833775,7.908730279831658e-05,0.0,30.0,0.04150261948695492,0.0
2018-08-21,2862.9599609375,0.0020685364303643095,8.075397165994795e-05,0.0,30.0,0.05062034509382836,0.0
2018-08-22,2861.820068359375,-0.0003981517707819515,8.075397165994795e-05,0.0,30.0,0.05097853831033896,0.0
2018-08-23,2856.97998046875,-0.0016912621251551352,8.06746028718494e-05,0.0,30.0,0.06178363438513274,0.0
2018-08-24,2874.68994140625,0.006198839704363079,8.12698451299516e-05,0.0,30.0,0.057499901662980336,0.0
2018-08-27,2896.739990234375,0.007670409427647185,8.174602947537861e-05,0.0,30.0,0.0739672798035709,0.0
2018-08-28,2897.52001953125,0.00026927832649970007,8.246032018510122e-05,0.0,30.0,0.07244586759911896,0.0
2018-08-29,2914.0400390625,0.005701434129840033,8.253967951214503e-05,0.0,30.0,0.0885037068219309,0.0
2018-08-30,2901.1298828125,-0.004430329054144866,8.16666701483348e-05,0.0,30.0,0.06277117637286259,0.0
2018-08-31,2901.52001953125,0.00013447750859452157,8.154762169671437e-05,0.0,30.0,0.06303030621103461,0.0
2018-09-04,2896.719970703125,-0.0016543221469484948,8.206349516671802e-05,0.0,30.0,0.05810434267124995,0.0
2018-09-05,2888.60009765625,-0.002803126684318036,8.293650453052823e-05,0.0,30.0,0.0588918245024386,0.0
2018-09-06,2878.050048828125,-0.0036523050860121087,8.253967951214503e-05,0.0,30.0,0.06905944609861571,0.0
2018-09-07,2871.679931640625,-0.002213344827027508,8.285714520348445e-05,0.0,30.0,0.08585314366691423,0.0
2018-09-10,2877.1298828125,0.0018978268127400888,8.265872796376547e-05,0.0,30.0,0.08073912731024759,0.0
2018-09-11,2887.889892578125,0.003739841510076891,8.365079524025083e-05,0.0,30.0,0.06656470770232292,0.0
2018-09-12,2888.919921875,0.00035667194221011833,8.353174678863042e-05,0.0,30.0,0.06779218755800986,0.0
2018-09-13,2904.179931640625,0.005282254329749936,8.305555298214868e-05,0.0,30.0,0.06580709320915638,0.0
2018-09-14,2904.97998046875,0.00027548183892078804,8.345237800053192e-05,0.0,30.0,0.07057279187789837,0.0
2018-09-17,2888.800048828125,-0.005569722252617426,8.365079524025083e-05,0.0,30.0,0.06819425963108493,0.0
2018-09-18,2904.31005859375,0.005369014643958003,8.432539682539683e-05,0.0,30.0,0.061500832746165364,0.0
2018-09-19,2907.949951171875,0.0012532727238796504,8.412697958567786e-05,0.0,30.0,0.06746373970635848,0.0
2018-09-20,2930.75,0.007840591898404803,8.404762025863405e-05,0.0,30.0,0.07704210628978943,0.0
2018-09-21,2929.669921875,-0.00036853301202766087,8.42460280372983e-05,0.0,30.0,0.06711741054469508,0.0
2018-09-24,2919.3701171875,-0.0035156877607932513,8.42460280372983e-05,0.0,30.0,0.05840572963674042,0.0
2018-09-25,2915.56005859375,-0.0013050961134796202,8.603174535055008e-05,0.0,30.0,0.07023031490185183,0.0
2018-09-26,2905.969970703125,-0.003289278113945082,8.571428912026542e-05,0.0,30.0,0.0929867705813796,0.0
2018-09-27,2914.0,0.0027632870875580196,8.4920639083499e-05,0.0,30.0,0.08998366096878026,0.0
2018-09-28,2913.97998046875,-6.870120538793323e-06,8.531746410188223e-05,0.0,30.0,0.09821266949944413,0.0
2018-10-01,2924.590087890625,0.003641105118425747,8.551587188054645e-05,0.0,30.0,0.09296676337617042,0.0
2018-10-02,2923.429931640625,-0.0003966902079042267,8.630952191731287e-05,0.0,30.0,0.10583711889731934,0.0
2018-10-03,2925.510009765625,0.0007115197468861023,8.611111413864862e-05,0.0,30.0,0.110991229086153,0.0
2018-10-04,2901.610107421875,-0.008169482334351885,8.611111413864862e-05,0.0,30.0,0.1310025885377108,0.0
2018-10-05,2885.570068359375,-0.005527978766503461,8.591269689892968e-05,0.0,30.0,0.17623055945097071,0.0
2018-10-08,2884.429931640625,-0.00039511662920677093,8.591269689892968e-05,0.0,30.0,0.17223340559130698,0.0
2018-10-09,2880.340087890625,-0.0014179036575431292,8.670634693569607e-05,0.0,30.0,0.19632322949434425,0.0
2018-10-10,2785.679931640625,-0.0328642290012785,8.809523923056466e-05,0.0,30.0,0.5231488971402989,0.0
2018-10-11,2728.3701171875,-0.02057300761734404,8.78968219908457e-05,0.0,30.0,0.5960499258531237,0.0
2018-10-12,2767.1298828125,0.014206197825152422,8.801587044246613e-05,0.0,30.0,0.5654217534674304,0.0
2018-10-15,2750.7900390625,-0.005904978964482943,8.849206424894787e-05,0.0,30.0,0.5934988558373642,0.0
2018-10-16,2809.919921875,0.02149560016316343,8.96825393040975e-05,0.0,30.0,0.3657045123571636,0.0
2018-10-17,2809.2099609375,-0.00025266233815879335,8.96825393040975e-05,0.0,30.0,0.3537177842945825,0.0
2018-10-18,2768.780029296875,-0.014391922356395415,8.948413152543324e-05,0.0,30.0,0.5465167675522984,0.0
2018-10-19,2767.780029296875,-0.00036116989772350117,8.96825393040975e-05,0.0,30.0,0.5422519784673309,0.0
2018-10-22,2755.8798828125,-0.004299527548581317,8.960317051599896e-05,0.0,30.0,0.5737843739850962,0.0
2018-10-23,2740.68994140625,-0.005511829997012829,9.087301435924713e-05,0.0,30.0,0.6049242564587451,0.0
2018-10-24,2656.10009765625,-0.030864433977743855,9.067460658058289e-05,0.0,30.0,0.6785979618908434,0.0
2018-10-25,2705.570068359375,0.018625040052811848,9.047618934086392e-05,0.0,30.0,0.6911458958216482,0.0
2018-10-26,2658.68994140625,-0.017327264039978307,9.019841277410113e-05,0.0,30.0,0.7136605279150967,0.0
2018-10-29,2641.25,-0.0065595995737004476,8.96825393040975e-05,0.0,30.0,0.7176361532235788,0.0
2018-10-30,2682.6298828125,0.015666780052058682,9.059523779248432e-05,0.0,30.0,0.7333501303299704,0.0
2018-10-31,2711.739990234375,0.010851331974038647,9.03968300138201e-05,0.0,30.0,0.6581179406955543,0.0
2018-11-01,2740.3701171875,0.010557843693063784,9.00793643224807e-05,0.0,30.0,0.4743810817347483,0.0
2018-11-02,2723.06005859375,-0.0063166863793988615,9.019841277410113e-05,0.0,30.0,0.5826754221244289,0.0
2018-11-05,2738.31005859375,0.005600317169601965,8.999999553438216e-05,0.0,30.0,0.4622380669994696,0.0
2018-11-06,2755.449951171875,0.006259295774170726,9.166666439601353e-05,0.0,30.0,0.3360592486952402,0.0
2018-11-07,2813.889892578125,0.021208856064105275,9.166666439601353e-05,0.0,30.0,0.21339562917937477,0.0
2018-11-08,2806.830078125,-0.0025089163835961825,9.138888782925076e-05,0.0,30.0,0.19603230343604036,0.0
2018-11-09,2781.010009765625,-0.00919901370610332,9.126983937763033e-05,0.0,30.0,0.2410677654234538,0.0
2018-11-12,2726.219970703125,-0.01970148934024063,9.126983937763033e-05,0.0,30.0,0.5839873805772294,0.0
2018-11-13,2722.179931640625,-0.0014819196931705747,9.107143159896609e-05,0.0,30.0,0.6024013005552691,0.0
2018-11-14,2701.580078125,-0.007567410690302756,9.226190665411572e-05,0.0,30.0,0.6793900233366148,0.0
2018-11-15,2730.199951171875,0.010593753366266334,9.166666439601353e-05,0.0,30.0,0.5198066426348188,0.0
2018-11-16,2736.27001953125,0.0022233054237545957,9.126983937763033e-05,0.0,30.0,0.45045947221805926,0.0
2018-11-19,2690.72998046875,-0.01664310858849427,9.126983937763033e-05,0.0,30.0,0.6999556837789417,0.0
2018-11-20,2641.889892578125,-0.01815124083246611,9.265873167249892e-05,0.0,30.0,0.7516090263856657,0.0
2018-11-21,2649.929931640625,0.0030432907461763747,9.325396446954637e-05,0.0,30.0,0.7596523904037743,0.0
2018-11-23,2632.56005859375,-0.006554842390161242,9.317460514250255e-05,0.0,30.0,0.7584026390744397,0.0
2018-11-26,2673.449951171875,0.0155323683669224,9.297618790278358e-05,0.0,30.0,0.7107246469945825,0.0
2018-11-27,2682.169921875,0.003261692144003847,9.337301292116682e-05,0.0,30.0,0.6457516420452316,0.0
2018-11-28,2743.7900390625,0.022973979644221654,9.265873167249892e-05,0.0,30.0,0.295078886019042,0.0
2018-11-29,2737.800048828125,-0.0021831080910337253,9.166666439601353e-05,0.0,30.0,0.3165203751348832,0.0
2018-11-30,2760.169921875,0.008170747552017188,9.158730506896972e-05,0.0,30.0,0.2332465900904041,0.0
2018-12-03,2790.3701171875,0.010941426132194287,9.07936550322033e-05,0.0,30.0,0.20285142560665334,0.0
2018-12-04,2700.06005859375,-0.03236490314939877,9.384920672764854e-05,0.0,30.0,0.5979045199679834,0.0
2018-12-06,2695.949951171875,-0.0015222281477752508,9.337301292116682e-05,0.0,30.0,0.6079787073857368,0.0
2018-12-07,2633.080078125,-0.023320118765389863,9.285713945116316e-05,0.0,30.0,0.7714463355118351,0.0
2018-12-10,2637.719970703125,0.0017621539947350051,9.246031443277995e-05,0.0,30.0,0.7731821779309552,0.0
2018-12-11,2636.780029296875,-0.00035634616892232795,9.404761450631278e-05,0.0,30.0,0.7814241400130483,0.0
2018-12-12,2651.070068359375,0.005419503676349802,9.424603174603175e-05,0.0,30.0,0.7596203507763664,0.0
2018-12-13,2650.5400390625,-0.00019993032368359476,9.376983793955e-05,0.0,30.0,0.7529903210085326,0.0
2018-12-14,2599.949951171875,-0.019086709555430348,9.396825517926897e-05,0.0,30.0,0.7949125992617799,0.0
2018-12-17,2545.93994140625,-0.020773480559224233,9.285713945116316e-05,0.0,30.0,0.7558304072419348,0.0
2018-12-18,2546.159912109375,8.640058610476231e-05,9.238095510573614e-05,0.0,30.0,0.7781204942431315,0.0
2018-12-19,2506.9599609375,-0.01539571453679811,9.277778012411937e-05,0.0,30.0,0.7481654842011601,0.0
2018-12-20,2467.419921875,-0.01577210632742365,9.265873167249892e-05,0.0,30.0,0.7234551068475411,0.0
2018-12-21,2416.6201171875,-0.020588228309714296,9.246031443277995e-05,0.0,30.0,0.6939103184077297,0.0
2018-12-24,2351.10009765625,-0.027112254452099527,9.257936288440038e-05,0.0,30.0,0.6630397932296181,0.0
2018-12-26,2467.699951171875,0.04959374278953943,9.444444898575071e-05,0.0,30.0,0.8296103174793099,0.0
2018-12-27,2488.830078125,0.008562680784222065,9.317460514250255e-05,0.0,30.0,0.8806011643471559,0.0
2018-12-28,2485.739990234375,-0.0012415825080966947,9.238095510573614e-05,0.0,30.0,0.8779709316140234,0.0
2018-12-31,2506.85009765625,0.00849248413140935,9.126983937763033e-05,0.0,30.0,0.8982590791542707,0.0
2019-01-02,2510.030029296875,0.0012684969251244294,9.384920672764854e-05,0.0,30.0,0.8982144100298456,0.0
2019-01-03,2447.889892578125,-0.02475673039503723,9.345238170926534e-05,0.0,30.0,0.8477357388842339,0.0
2019-01-04,2531.93994140625,0.03433571464262353,9.357143016088577e-05,0.0,30.0,0.8182379493829106,1.0
2019-01-07,2549.68994140625,0.007010434848680358,9.337301292116682e-05,1.0,30.0,0.7376622807981059,1.0
2019-01-08,2574.409912109375,0.009695285023358924,9.523809902251714e-05,1.0,30.0,0.60666244173335,1.0
2019-01-09,2584.9599609375,0.004098045450532162,9.484127400413391e-05,1.0,30.0,0.5590186775372178,1.0
2019-01-10,2596.639892578125,0.004518418782931244,9.424603174603175e-05,1.0,30.0,0.49629039356384447,1.0
2019-01-11,2596.260009765625,-0.00014629784190933748,9.404761450631278e-05,1.0,30.0,0.4998267622649274,1.0
2019-01-14,2582.610107421875,-0.005257525167898014,9.365078948792958e-05,1.0,30.0,0.5867834015779674,1.0
2019-01-15,2610.300048828125,0.010721688622945758,9.456348797631641e-05,1.0,30.0,0.4342309371162231,1.0
2019-01-16,2616.10009765625,0.0022219854881162515,9.376983793955e-05,1.0,30.0,0.4107102459797378,1.0
2019-01-17,2635.9599609375,0.0075914003822110665,9.345238170926534e-05,1.0,30.0,0.3437018196979293,1.0
2019-01-18,2670.7099609375,0.01318305304897005,9.317460514250255e-05,1.0,30.0,0.29616759458736247,0.0
2019-01-22,2632.89990234375,-0.014157306164566674,9.305555669088211e-05,1.0,30.0,0.34807403008128207,0.0
2019-01-23,2638.699951171875,0.0022029127742235755,9.337301292116682e-05,0.0,30.0,0.3192904327240977,0.0
2019-01-24,2642.330078125,0.0013757255543636049,9.14682566173493e-05,0.0,30.0,0.2993930887508764,0.0
2019-01-25,2664.760009765625,0.008488694060713842,9.238095510573614e-05,0.0,30.0,0.25116153748192704,0.0
2019-01-28,2643.85009765625,-0.007846827493937836,9.257936288440038e-05,0.0,30.0,0.2846959731073392,0.0
2019-01-29,2640.0,-0.0014562465775435074,9.384920672764854e-05,0.0,30.0,0.2974368228437208,0.0
2019-01-30,2681.050048828125,0.01554926091974429,9.384920672764854e-05,0.0,30.0,0.2120445343304286,0.0
2019-01-31,2704.10009765625,0.008597395948725328,9.285713945116316e-05,0.0,30.0,0.20753570515559375,0.0
2019-02-01,2706.530029296875,0.0008986100931438479,9.285713945116316e-05,0.0,30.0,0.19062139640858686,0.0
2019-02-04,2724.8701171875,0.006776236617404008,9.265873167249892e-05,0.0,30.0,0.1941296393192623,0.0
2019-02-05,2737.699951171875,0.00470842037697472,9.384920672764854e-05,0.0,30.0,0.19393359631332002,0.0
2019-02-06,2731.610107421875,-0.0022244379802809355,9.384920672764854e-05,0.0,30.0,0.15849963523751964,0.0
2019-02-07,2706.050048828125,-0.009357140143940179,9.345238170926534e-05,0.0,30.0,0.12775652833987078,0.0
2019-02-08,2707.8798828125,0.0006762010869560964,9.384920672764854e-05,0.0,30.0,0.1331939009443026,0.0
2019-02-11,2709.800048828125,0.0007091030986317026,9.424603174603175e-05,0.0,30.0,0.12189559694458316,0.0
2019-02-12,2744.72998046875,0.0128902247439735,9.436508019765218e-05,0.0,30.0,0.14324331999148493,0.0
2019-02-13,2753.030029296875,0.003023994668760688,9.416666295793321e-05,0.0,30.0,0.13718772639426843,0.0
2019-02-14,2745.72998046875,-0.002651641555101225,9.416666295793321e-05,0.0,30.0,0.1040820102139169,0.0
2019-02-15,2775.60009765625,0.01087875260858695,9.404761450631278e-05,0.0,30.0,0.14392076956297456,0.0
2019-02-19,2779.760009765625,0.0014987433214488366,9.416666295793321e-05,0.0,30.0,0.1369922419454108,0.0
2019-02-20,2784.699951171875,0.0017771107537685182,9.456348797631641e-05,0.0,30.0,0.13476147186646692,0.0
2019-02-21,2774.8798828125,-0.003526436790880272,9.503968178279817e-05,0.0,30.0,0.0994039308728801,0.0
2019-02-22,2792.669921875,0.006411102394986878,9.496031299469963e-05,0.0,30.0,0.12225984762980704,0.0
2019-02-25,2796.110107421875,0.0012318625699112573,9.496031299469963e-05,0.0,30.0,0.11183137387089548,0.0
2019-02-26,2793.89990234375,-0.0007904570968998437,9.523809902251714e-05,0.0,30.0,0.08753754487297086,0.0
2019-02-27,2792.3798828125,-0.0005440493877303387,9.496031299469963e-05,0.0,30.0,0.07585032612443367,0.0
2019-02-28,2784.489990234375,-0.0028255083152146643,9.456348797631641e-05,0.0,30.0,0.06039142388573085,0.0
2019-03-01,2803.68994140625,0.00689532059343434,9.436508019765218e-05,0.0,30.0,0.07623863884480839,0.0
2019-03-04,2792.81005859375,-0.003880558492514008,9.424603174603175e-05,0.0,30.0,0.057497734329409175,0.0
2019-03-05,2789.64990234375,-0.001131532823106185,9.523809902251714e-05,0.0,30.0,0.0596029902545553,0.0
2019-03-06,2771.449951171875,-0.006524098653592381,9.543650680118137e-05,0.0,30.0,0.07850331864500432,0.0
2019-03-07,2748.929931640625,-0.00812571755868352,9.503968178279817e-05,0.0,30.0,0.1613744991366653,0.0
2019-03-08,2743.070068359375,-0.0021316888487414865,9.496031299469963e-05,0.0,30.0,0.1843814841480554,0.0
2019-03-11,2783.300048828125,0.014666041867757107,9.444444898575071e-05,0.0,30.0,0.061818713403379924,0.0
2019-03-12,2791.52001953125,0.0029533182046204143,9.503968178279817e-05,0.0,30.0,0.048688303644506215,0.0
2019-03-13,2810.919921875,0.006949583813841809,9.476190521603539e-05,0.0,30.0,0.06028134029550786,0.0
2019-03-14,2808.47998046875,-0.0008680223820187738,9.476190521603539e-05,0.0,30.0,0.054919011423565686,0.0
2019-03-15,2822.47998046875,0.00498490290027398,9.476190521603539e-05,0.0,30.0,0.0622546712705729,0.0
2019-03-18,2832.93994140625,0.0037059469012648005,9.464285676441495e-05,0.0,30.0,0.07270375995459788,0.0
2019-03-19,2832.570068359375,-0.0001305615560248663,9.543650680118137e-05,0.0,30.0,0.06224724729884825,0.0
2019-03-20,2824.22998046875,-0.0029443536044478913,9.555555525280179e-05,0.0,30.0,0.04897100910905298,0.0
2019-03-21,2854.8798828125,0.010852481049954399,9.555555525280179e-05,0.0,30.0,0.0862002796640595,0.0
2019-03-22,2800.7099609375,-0.018974501239482744,9.51587302344186e-05,0.0,30.0,0.058024189329087664,0.0
2019-03-25,2798.360107421875,-0.000839020658475631,9.484127400413391e-05,0.0,30.0,0.06935569236383707,0.0
2019-03-26,2818.4599609375,0.007182725862306283,9.543650680118137e-05,0.0,30.0,0.03679271959854561,0.0
2019-03-27,2805.3701171875,-0.0046443248906916645,9.436508019765218e-05,0.0,30.0,0.05542074531709721,0.0
2019-03-28,2815.43994140625,0.003589481529391092,9.404761450631278e-05,0.0,30.0,0.032517739773287764,0.0
2019-03-29,2834.39990234375,0.0067342800173637585,9.238095510573614e-05,0.0,30.0,0.03475940065186394,0.0
2019-04-01,2867.18994140625,0.011568600124275408,9.218253786601717e-05,0.0,30.0,0.08412942268275586,0.0
2019-04-02,2867.239990234375,1.745570720723677e-05,9.404761450631278e-05,0.0,30.0,0.07314695185475946,0.0
2019-04-03,2873.39990234375,0.002148376881724312,9.416666295793321e-05,0.0,30.0,0.07448850906725529,0.0
2019-04-04,2879.389892578125,0.0020846350796801527,9.404761450631278e-05,0.0,30.0,0.0796584901536705,0.0
2019-04-05,2892.739990234375,0.004636432770241061,9.404761450631278e-05,0.0,30.0,0.09860458264195555,0.0
2019-04-08,2895.77001953125,0.0010474599539205265,9.384920672764854e-05,0.0,30.0,0.10202203294210409,0.0
2019-04-09,2878.199951171875,-0.006067494393846573,9.384920672764854e-05,0.0,30.0,0.05819897244548233,0.0
2019-04-10,2888.2099609375,0.0034778715639784963,9.376983793955e-05,0.0,30.0,0.07312787587976667,0.0
2019-04-11,2888.320068359375,3.8123067008344336e-05,9.384920672764854e-05,0.0,30.0,0.07049571392392248,0.0
2019-04-12,2907.409912109375,0.006609324208602496,9.424603174603175e-05,0.0,30.0,0.09300740536266858,0.0
2019-04-15,2905.580078125,-0.0006293691084816588,9.365078948792958e-05,0.0,30.0,0.0775279093915851,0.0
2019-04-16,2907.06005859375,0.0005093580038946222,9.436508019765218e-05,0.0,30.0,0.07410992379791145,0.0
2019-04-17,2900.449951171875,-0.0022738117853239315,9.444444898575071e-05,0.0,30.0,0.05158154538599332,0.0
2019-04-18,2905.030029296875,0.0015790922795098083,9.384920672764854e-05,0.0,30.0,0.05993865568115469,0.0
2019-04-22,2907.969970703125,0.001012017561471401,9.424603174603175e-05,0.0,30.0,0.06926985071006864,0.0
2019-04-23,2933.679931640625,0.008841205788409079,9.484127400413391e-05,0.0,30.0,0.09827437647678498,0.0
2019-04-24,2927.25,-0.002191763174733685,9.424603174603175e-05,0.0,30.0,0.06920725833663575,0.0
2019-04-25,2926.169921875,-0.0003689736527457965,9.384920672764854e-05,0.0,30.0,0.06258023502215375,0.0
2019-04-26,2939.8798828125,0.0046852921407636305,9.365078948792958e-05,0.0,30.0,0.08180070532033182,0.0
2019-04-29,2943.030029296875,0.001071522174355355,9.365078948792958e-05,0.0,30.0,0.08007685040567024,0.0
2019-04-30,2945.830078125,0.0009514170090862972,9.396825517926897e-05,0.0,30.0,0.0877687621464404,0.0
2019-05-01,2923.72998046875,-0.007502163081421376,9.376983793955e-05,0.0,30.0,0.04687245436316611,0.0
2019-05-02,2917.52001953125,-0.0021239857917741967,9.416666295793321e-05,0.0,30.0,0.04478794276540372,0.0
2019-05-03,2945.639892578125,0.009638279380647763,9.396825517926897e-05,0.0,30.0,0.05650679549221949,0.0
2019-05-06,2932.469970703125,-0.004470988428756373,9.376983793955e-05,0.0,30.0,0.047589269228764795,0.0
2019-05-07,2884.050048828125,-0.016511651392423388,9.396825517926897e-05,0.0,30.0,0.11200468308416835,0.0
2019-05-08,2879.419921875,-0.0016054253132695706,9.404761450631278e-05,0.0,30.0,0.1197426951869435,0.0
2019-05-09,2870.719970703125,-0.0030214249424966866,9.404761450631278e-05,0.0,30.0,0.15176665533905803,0.0
2019-05-10,2881.39990234375,0.0037202972597878414,9.404761450631278e-05,0.0,30.0,0.09448253331874386,0.0
2019-05-13,2811.8701171875,-0.02413055719884427,9.325396446954637e-05,0.0,30.0,0.4052297158961908,0.0
2019-05-14,2834.409912109375,0.008015944543135589,9.337301292116682e-05,0.0,30.0,0.2610119148508299,0.0
2019-05-15,2850.9599609375,0.00583897507464215,9.325396446954637e-05,0.0,30.0,0.14797142568470892,0.0
2019-05-16,2876.320068359375,0.008895287120600504,9.277778012411937e-05,0.0,30.0,0.04990990087818319,0.0
2019-05-17,2859.530029296875,-0.005837333350761975,9.246031443277995e-05,0.0,30.0,0.09781445774496891,0.0
2019-05-20,2840.22998046875,-0.0067493779153879885,9.206348941439675e-05,0.0,30.0,0.19116639002680444,0.0
2019-05-21,2864.360107421875,0.008495835590448308,9.246031443277995e-05,0.0,30.0,0.06672989886288637,0.0
2019-05-22,2856.27001953125,-0.0028243962306494508,9.206348941439675e-05,0.0,30.0,0.10061059662296051,0.0
2019-05-23,2822.239990234375,-0.01191414994527018,9.138888782925076e-05,0.0,30.0,0.28471288168644326,0.0
2019-05-24,2826.06005859375,0.0013535590072402126,9.07936550322033e-05,0.0,30.0,0.2381989593616052,0.0
2019-05-28,2802.389892578125,-0.008375676922946718,9.119048005058652e-05,0.0,30.0,0.38419717338769066,0.0
2019-05-29,2783.02001953125,-0.0069119122568113145,9.119048005058652e-05,0.0,30.0,0.4657743255433924,0.0
2019-05-30,2788.860107421875,0.0020984713906617714,9.166666439601353e-05,0.0,30.0,0.4061887950137753,0.0
2019-05-31,2752.06005859375,-0.01319537280847849,9.099206281086755e-05,0.0,30.0,0.5639934915792042,0.0
2019-06-03,2744.449951171875,-0.0027652403144732274,9.047618934086392e-05,0.0,30.0,0.5768534300060987,0.0
2019-06-04,2803.27001953125,0.021432370568193138,9.107143159896609e-05,0.0,30.0,0.25901438031429264,0.0
2019-06-05,2826.14990234375,0.008161854781411959,9.067460658058289e-05,0.0,30.0,0.12314075996657939,0.0
2019-06-06,2843.489990234375,0.006135586748687638,8.948413152543324e-05,0.0,30.0,0.07959866301923045,0.0
2019-06-07,2873.340087890625,0.01049769746289475,8.78968219908457e-05,0.0,30.0,0.0832961361789035,0.0
2019-06-10,2886.72998046875,0.0046600444669098184,8.809523923056466e-05,0.0,30.0,0.08967043819965867,0.0
2019-06-11,2885.719970703125,-0.00034988023558091275,8.78174626638019e-05,0.0,30.0,0.07686491280572248,0.0
2019-06-12,2879.840087890625,-0.0020375791387226005,8.591269689892968e-05,0.0,30.0,0.06727646665373799,0.0
2019-06-13,2891.639892578125,0.004097381912668174,8.4920639083499e-05,0.0,30.0,0.061256968183051166,0.0
2019-06-14,2886.97998046875,-0.001611511904139773,8.432539682539683e-05,0.0,30.0,0.05350003052728857,0.0
2019-06-17,2889.669921875,0.0009317492412306283,8.484127029540047e-05,0.0,30.0,0.05492574354041516,0.0
2019-06-18,2917.75,0.009717399870633026,8.603174535055008e-05,0.0,30.0,0.080999626170931,0.0
2019-06-19,2926.4599609375,0.002985163546397107,8.432539682539683e-05,0.0,30.0,0.07853271519313192,0.0
2019-06-20,2954.179931640625,0.009472185190685156,8.246032018510122e-05,0.0,30.0,0.11308567773237563,0.0
2019-06-21,2950.4599609375,-0.0012592227925193322,8.154762169671437e-05,0.0,30.0,0.08780133598105434,0.0
2019-06-24,2945.35009765625,-0.0017318870104667816,8.16666701483348e-05,0.0,30.0,0.07592677914277665,0.0
2019-06-25,2917.3798828125,-0.009496397343734198,8.265872796376547e-05,0.0,30.0,0.06580496278705233,0.0
2019-06-26,2913.780029296875,-0.0012339337557076835,8.305555298214868e-05,0.0,30.0,0.09897491215524541,0.0
2019-06-27,2924.919921875,0.003823175554131808,8.2738096751864e-05,0.0,30.0,0.07551956748342978,0.0
2019-06-28,2941.760009765625,0.0057574526279098315,8.075397165994795e-05,0.0,30.0,0.05627503899975645,0.0
2019-07-01,2964.330078125,0.007672301032188189,8.194444671509758e-05,0.0,30.0,0.08090193030668794,0.0
2019-07-02,2973.010009765625,0.002928125887423194,8.523809531378367e-05,0.0,30.0,0.07596022554133233,0.0
2019-07-03,2995.820068359375,0.007672378673070135,8.531746410188223e-05,0.0,30.0,0.10194538715951418,0.0
2019-07-05,2990.409912109375,-0.00180590159841032,8.583333757188585e-05,0.0,30.0,0.07808076419226562,0.0
2019-07-08,2975.949951171875,-0.004835444424841517,8.64285703689333e-05,0.0,30.0,0.047275346433684716,0.0
2019-07-09,2979.6298828125,0.0012365569653400854,8.710317195407928e-05,0.0,30.0,0.04980598188348505,0.0
2019-07-10,2993.070068359375,0.0045106896075925995,8.452381406511579e-05,0.0,30.0,0.06259164905588688,0.0
2019-07-11,2999.909912109375,0.002285226738359958,8.325397022186763e-05,0.0,30.0,0.06980872967948708,0.0
2019-07-12,3013.77001953125,0.004620174547884881,8.293650453052823e-05,0.0,30.0,0.08847316521803998,0.0
2019-07-15,3014.300048828125,0.00017586919155743175,8.2738096751864e-05,0.0,30.0,0.0845461751467408,0.0
2019-07-16,3004.0400390625,-0.003403778522185874,8.345237800053192e-05,0.0,30.0,0.05635990942780154,0.0
2019-07-17,2984.419921875,-0.006531243569450895,8.226190294538226e-05,0.0,30.0,0.03983405128661486,0.0
2019-07-18,2995.110107421875,0.003581997784064761,7.9880952835083e-05,0.0,30.0,0.041838615526936906,0.0
2019-07-19,2976.610107421875,-0.00617673452276668,7.9880952835083e-05,0.0,30.0,0.04770894644708968,0.0
2019-07-22,2985.030029296875,0.002828694915066654,8.035714664156477e-05,0.0,30.0,0.043363681470693895,0.0
2019-07-23,3005.469970703125,0.006847482673755456,8.06746028718494e-05,0.0,30.0,0.044824155670035726,0.0
2019-07-24,3019.56005859375,0.004688147952890187,8.095237943861221e-05,0.0,30.0,0.06038163440060358,0.0
2019-07-25,3003.669921875,-0.005262401280453521,8.174602947537861e-05,0.0,30.0,0.037467663482318385,0.0
2019-07-26,3025.860107421875,0.007387691099234761,8.186507792699906e-05,0.0,30.0,0.05576884292083819,0.0
2019-07-29,3020.969970703125,-0.0016161146071345112,8.13492044569954e-05,0.0,30.0,0.04611016992483698,0.0
2019-07-30,3013.179931640625,-0.0025786549148275606,8.095237943861221e-05,0.0,30.0,0.043949990925991875,0.0
2019-07-31,2980.3798828125,-0.010885526112695776,8.055555442022898e-05,0.0,30.0,0.07079718948811124,0.0
2019-08-01,2953.56005859375,-0.00899879386967306,8.055555442022898e-05,0.0,30.0,0.16299329545808608,0.0
2019-08-02,2932.050048828125,-0.007282739927037873,7.936507936507937e-05,0.0,30.0,0.25242305691372924,0.0
2019-08-05,2844.739990234375,-0.0297778200029859,7.749999799425638e-05,0.0,30.0,0.5532276280841025,0.0
2019-08-06,2881.77001953125,0.013017017169932643,7.916666685588778e-05,0.0,30.0,0.43475736998659004,0.0
2019-08-07,2883.97998046875,0.0007668762331907164,7.809524025235857e-05,0.0,30.0,0.3861980811454232,0.0
2019-08-08,2938.090087890625,0.018762303409984193,7.817460430992973e-05,0.0,30.0,0.09193217337506018,0.0
2019-08-09,2918.64990234375,-0.00661660635492356,7.738095427316333e-05,0.0,30.0,0.17193156982066793,0.0
2019-08-12,2882.699951171875,-0.012317322177972212,7.650793544829838e-05,0.0,30.0,0.3752616747266006,0.0
2019-08-13,2926.320068359375,0.015131688322181258,7.757936678235492e-05,0.0,30.0,0.11251680300222637,0.0
2019-08-14,2840.60009765625,-0.029292752911742603,7.571428541153195e-05,0.0,30.0,0.5669122292864318,0.0
2019-08-15,2847.60009765625,0.0024642680276520945,7.313492279204111e-05,0.0,30.0,0.5181337519038932,0.0
2019-08-16,2888.679931640625,0.014426124657807904,7.234126802474734e-05,0.0,30.0,0.2518718157551694,0.0
2019-08-19,2923.64990234375,0.012105865492430645,7.353174781042433e-05,0.0,30.0,0.09969982741146725,0.0
2019-08-20,2900.510009765625,-0.007914727601131322,7.539682445071991e-05,0.0,30.0,0.18769264200794977,0.0
2019-08-21,2924.429931640625,0.00824679859557964,7.650793544829838e-05,0.0,30.0,0.0948335384194258,0.0
2019-08-22,2922.949951171875,-0.0005060748601761755,7.690476046668159e-05,0.0,30.0,0.09736438252904929,0.0
2019-08-23,2847.110107421875,-0.025946336754618105,7.579364946910313e-05,0.0,30.0,0.5246325802991688,0.0
2019-08-26,2878.3798828125,0.010982987735216332,7.670634795749e-05,0.0,30.0,0.3056849589531265,0.0
2019-08-27,2869.159912109375,-0.003203180635808267,7.710317297587319e-05,0.0,30.0,0.3664718724819755,0.0
2019-08-28,2887.93994140625,0.006545480165679685,7.698412925478012e-05,0.0,30.0,0.21766834682849562,0.0
2019-08-29,2924.580078125,0.012687291793508804,7.698412925478012e-05,0.0,30.0,0.09659702565936698,0.0
2019-08-30,2926.4599609375,0.0006427872591217021,7.670634795749e-05,0.0,30.0,0.08819668440232135,0.0
2019-09-03,2906.27001953125,-0.00689910050906084,7.579364946910313e-05,0.0,30.0,0.13341240074526964,0.0
2019-09-04,2937.780029296875,0.010842079212828093,7.559523695991153e-05,0.0,30.0,0.07936098337673665,0.0
2019-09-05,2976.0,0.013009813642266721,7.619047448748634e-05,0.0,30.0,0.10673997268623707,0.0
2019-09-06,2978.7099609375,0.0009106051537297599,7.579364946910313e-05,0.0,30.0,0.0936916684690996,0.0
2019-09-09,2978.429931640625,-9.401025965849463e-05,7.571428541153195e-05,0.0,30.0,0.07186754638842717,0.0
2019-09-10,2979.389892578125,0.0003223043548219451,7.591269792072356e-05,0.0,30.0,0.06499714793881603,0.0
2019-09-11,3000.929931640625,0.007229681189480308,7.591269792072356e-05,0.0,30.0,0.09419273464513672,0.0
2019-09-12,3009.570068359375,0.002879153101061016,7.519841194152831e-05,0.0,30.0,0.09301682072552507,0.0
2019-09-13,3007.389892578125,-0.0007244143620946941,7.539682445071991e-05,0.0,30.0,0.06376495043973553,0.0
2019-09-16,2997.9599609375,-0.0031355866640028207,7.718254176397175e-05,0.0,30.0,0.03732352392820334,0.0
2019-09-17,3005.699951171875,0.0025817523700197853,7.690476046668159e-05,0.0,30.0,0.04740057252558223,0.0
2019-09-18,3006.72998046875,0.00034269198975556137,7.46031744139535e-05,0.0,30.0,0.0542943614712063,0.0
2019-09-19,3006.7900390625,1.997472142156731e-05,7.472222286557397e-05,0.0,30.0,0.04334552117063315,0.0
2019-09-20,2992.070068359375,-0.0048955765157830955,7.341269935880388e-05,0.0,30.0,0.019847808479779596,0.0
2019-09-23,2991.780029296875,-9.693591923765066e-05,7.321428684961227e-05,0.0,30.0,0.0237944434093312,0.0
2019-09-24,2966.60009765625,-0.008416371322106486,7.46031744139535e-05,0.0,30.0,0.0797068101741754,0.0
2019-09-25,2984.8701171875,0.006158571742003405,7.321428684961227e-05,0.0,30.0,0.02830304641892896,0.0
2019-09-26,2977.6201171875,-0.002428916406865711,7.023809448121085e-05,0.0,30.0,0.04899550188070424,0.0
2019-09-27,2961.7900390625,-0.005316352490240539,6.865079440767803e-05,0.0,30.0,0.10511744843065995,0.0
2019-09-30,2976.739990234375,0.005047606675254723,7.023809448121085e-05,0.0,30.0,0.04848637139622225,0.0
2019-10-01,2940.25,-0.012258373372913245,6.956349289606488e-05,0.0,30.0,0.2094481610841179,0.0
2019-10-02,2887.610107421875,-0.017903202985502964,6.884920691686963e-05,0.0,30.0,0.4822817603628273,0.0
2019-10-03,2910.6298828125,0.00797191259701524,6.607142705765981e-05,0.0,30.0,0.32884586536405863,0.0
2019-10-04,2952.010009765625,0.014216897585460186,6.567460203927661e-05,0.0,30.0,0.08679410325394998,0.0
2019-10-07,2938.7900390625,-0.004478294673592398,6.638888801847186e-05,0.0,30.0,0.15150901076307102,0.0
2019-10-08,2893.06005859375,-0.015560819201407838,6.567460203927661e-05,0.0,30.0,0.4328051470345267,0.0
2019-10-09,2919.39990234375,0.0091044925499415,6.460317543574742e-05,0.0,30.0,0.24800916939511403,0.0
2019-10-10,2938.1298828125,0.006415695380997066,6.480158794493902e-05,0.0,30.0,0.12973007722378074,0.0
2019-10-11,2970.27001953125,0.010938977513132997,6.440476292655581e-05,0.0,30.0,0.07128690077076602,0.0
2019-10-14,2966.14990234375,-0.0013871187334510982,6.420635041736421e-05,0.0,30.0,0.08099697843446772,0.0
2019-10-15,2995.679931640625,0.009955676641137279,6.420635041736421e-05,0.0,30.0,0.07189482507751446,0.0
2019-10-16,2989.68994140625,-0.0019995427986508885,6.408730196574378e-05,0.0,30.0,0.06520031528162658,0.0
2019-10-17,2997.949951171875,0.0027628315736780706,6.448412698412699e-05,0.0,30.0,0.06545610627409432,0.0
2019-10-18,2986.199951171875,-0.003919344949506964,6.448412698412699e-05,0.0,30.0,0.06547046688298973,0.0
2019-10-21,3006.719970703125,0.006871616056117524,6.448412698412699e-05,0.0,30.0,0.05236949575108143,0.0
2019-10-22,2995.989990234375,-0.003568666378412577,6.408730196574378e-05,0.0,30.0,0.061227512530301176,0.0
2019-10-23,3004.52001953125,0.0028471487971184484,6.408730196574378e-05,0.0,30.0,0.04168485717853586,0.0
2019-10-24,3010.2900390625,0.0019204463587332299,6.440476292655581e-05,0.0,30.0,0.03953090127958921,0.0
2019-10-25,3022.550048828125,0.004072700506109195,6.448412698412699e-05,0.0,30.0,0.04611996349444771,0.0
2019-10-28,3039.419921875,0.005581337868471481,6.369047694736057e-05,0.0,30.0,0.06324489944257702,0.0
2019-10-29,3036.889892578125,-0.0008324053147991117,6.329365192897736e-05,0.0,30.0,0.05008392852948542,0.0
2019-10-30,3046.77001953125,0.00325337015914573,6.329365192897736e-05,0.0,30.0,0.0553361958870921,0.0
2019-10-31,3037.56005859375,-0.0030228605633046968,5.944444546623834e-05,0.0,30.0,0.03478187932611968,0.0
2019-11-01,3066.909912109375,0.009662312168146059,5.8928571996234715e-05,0.0,30.0,0.06839517875955621,0.0
2019-11-04,3078.27001953125,0.003704089049704651,5.9642857975429956e-05,0.0,30.0,0.07800233684475995,0.0
2019-11-05,3074.6201171875,-0.001185699214361291,6.023809550300477e-05,0.0,30.0,0.05884987567615291,0.0
2019-11-06,3076.780029296875,0.0007024972279667807,6.011904705138434e-05,0.0,30.0,0.055713241412020345,0.0
2019-11-07,3085.179931640625,0.0027300951851503275,6.023809550300477e-05,0.0,30.0,0.06684275749921922,0.0
2019-11-08,3093.080078125,0.0025606760900243053,5.992063454219273e-05,0.0,30.0,0.07420414762398965,0.0
2019-11-11,3087.010009765625,-0.0019624672514313435,6.0039682993813164e-05,0.0,30.0,0.05572503216065545,0.0
2019-11-12,3091.840087890625,0.0015646460846321375,6.0833333030579586e-05,0.0,30.0,0.06048911942125294,0.0
2019-11-13,3094.0400390625,0.0007115345908383919,6.0912697088150755e-05,0.0,30.0,0.06668797762997461,0.0
2019-11-14,3096.6298828125,0.0008370427393644686,6.063492052138797e-05,0.0,30.0,0.07536513241094848,0.0
2019-11-15,3120.4599609375,0.007695488006902673,6.063492052138797e-05,0.0,30.0,0.1006062758919206,0.0
2019-11-18,3122.030029296875,0.0005031528617669423,6.043650801219637e-05,0.0,30.0,0.10389039635804229,0.0
2019-11-19,3120.179931640625,-0.0005925944462060739,6.051587206976755e-05,0.0,30.0,0.08411442945120876,0.0
2019-11-20,3108.4599609375,-0.003756184245747196,6.031745956057594e-05,0.0,30.0,0.05887503597440493,0.0
2019-11-21,3103.5400390625,-0.0015827522106851566,6.071428457895915e-05,0.0,30.0,0.05443643304422849,0.0
2019-11-22,3110.2900390625,0.0021749356911917594,6.123015804896279e-05,0.0,30.0,0.06241531335621201,0.0
2019-11-25,3133.639892578125,0.007507291353015866,6.130952210653396e-05,0.0,30.0,0.0829550851665811,0.0
2019-11-26,3140.52001953125,0.0021955703874654287,6.210317687382774e-05,0.0,30.0,0.0933591451738002,0.0
2019-11-27,3153.6298828125,0.004174424362754614,6.210317687382774e-05,0.0,30.0,0.11002479856794545,0.0
2019-11-29,3140.97998046875,-0.004011219709926239,6.111110959734234e-05,0.0,30.0,0.0735052681213201,0.0
2019-12-02,3113.8701171875,-0.008631020716408422,6.1031745539771194e-05,0.0,30.0,0.044162464438234336,0.0
2019-12-03,3093.199951171875,-0.00663809511563529,6.1031745539771194e-05,0.0,30.0,0.07166139550664284,0.0
2019-12-04,3112.760009765625,0.00632356747139462,5.944444546623834e-05,0.0,30.0,0.04340346592987909,0.0
2019-12-05,3117.429931640625,0.0015002511791302187,5.924603295704674e-05,0.0,30.0,0.05205519196618736,0.0
2019-12-06,3145.909912109375,0.009135724328457329,5.873015948704311e-05,0.0,30.0,0.06336918049205814,0.0
2019-12-09,3135.9599609375,-0.00316282139344648,5.944444546623834e-05,0.0,30.0,0.03891064053903667,0.0
2019-12-10,3132.52001953125,-0.0010969340964486207,6.011904705138434e-05,0.0,30.0,0.03600409618797984,0.0
2019-12-11,3141.6298828125,0.002908158040315856,6.031745956057594e-05,0.0,30.0,0.042385562687833334,0.0
2019-12-12,3168.570068359375,0.008575225775086182,6.071428457895915e-05,0.0,30.0,0.06700118368980484,0.0
2019-12-13,3168.800048828125,7.258178414493166e-05,6.043650801219637e-05,0.0,30.0,0.06526791749890284,0.0
2019-12-16,3191.449951171875,0.007147785279833618,6.051587206976755e-05,0.0,30.0,0.09060629350850471,0.0
2019-12-17,3192.52001953125,0.00033529222633799094,6.071428457895915e-05,0.0,30.0,0.08906057077368956,0.0
2019-12-18,3191.139892578125,-0.00043230017186479675,6.023809550300477e-05,0.0,30.0,0.0756848070579654,0.0
2019-12-19,3205.3701171875,0.004459292004863613,6.0833333030579586e-05,0.0,30.0,0.08795558588416236,0.0
2019-12-20,3221.219970703125,0.004944781081796634,6.063492052138797e-05,0.0,30.0,0.10984699925037024,0.0
2019-12-23,3224.010009765625,0.0008661436002121992,6.031745956057594e-05,0.0,30.0,0.11031055535391412,0.0
2019-12-24,3223.3798828125,-0.00019544819997963092,6.1031745539771194e-05,0.0,30.0,0.09812512519983921,0.0
2019-12-26,3239.909912109375,0.005128166675301138,6.0912697088150755e-05,0.0,30.0,0.11094367262262882,0.0
2019-12-27,3240.02001953125,3.398471712534601e-05,6.023809550300477e-05,0.0,30.0,0.10840066447479552,0.0
2019-12-30,3221.2900390625,-0.005780822450430323,5.9126984505426316e-05,0.0,30.0,0.07370490986040391,0.0
2019-12-31,3230.780029296875,0.0029460216619106028,5.972222203300113e-05,0.0,30.0,0.08096040351701274,0.0
2020-01-02,3257.85009765625,0.008378802677341701,5.932539701461792e-05,0.0,10.0,0.09507190176470631,0.0
2020-01-03,3234.85009765625,-0.007059870562045378,5.845238292028033e-05,0.0,10.0,0.05814480126977387,0.0
2020-01-06,3246.280029296875,0.0035333728907271933,5.904762044785515e-05,0.0,10.0,0.07198165117787549,0.0
2020-01-07,3237.179931640625,-0.0028032386528962228,5.9523809523809524e-05,0.0,10.0,0.05588953830449027,0.0
2020-01-08,3253.050048828125,0.004902451368978156,5.924603295704674e-05,0.0,10.0,0.06640834912063291,0.0
2020-01-09,3274.699951171875,0.006655262605488987,5.9523809523809524e-05,0.0,10.0,0.08827007111009655,0.0
2020-01-10,3265.35009765625,-0.002855178689662563,5.944444546623834e-05,0.0,10.0,0.06618489941266693,0.0
2020-01-13,3288.1298828125,0.006976215252569862,5.992063454219273e-05,0.0,10.0,0.08957076031922905,0.0
2020-01-14,3283.14990234375,-0.001514532772802224,6.071428457895915e-05,0.0,10.0,0.0732517295029179,0.0
2020-01-15,3289.2900390625,0.0018701968845122874,5.984127048462156e-05,0.0,10.0,0.07766444840913239,0.0
2020-01-16,3316.81005859375,0.00836655302646827,6.023809550300477e-05,0.0,10.0,0.1057700843336856,0.0
2020-01-17,3329.6201171875,0.003862162248501333,6.043650801219637e-05,0.0,10.0,0.1191017103561731,0.0
2020-01-21,3320.7900390625,-0.0026519776473655776,5.9642857975429956e-05,0.0,10.0,0.09291897673273342,0.0
2020-01-22,3321.75,0.0002890760711180551,6.0039682993813164e-05,0.0,10.0,0.09014498674052945,0.0
2020-01-23,3325.5400390625,0.0011409766124783616,6.011904705138434e-05,0.0,10.0,0.0955056358140542,0.0
2020-01-24,3295.469970703125,-0.009042160974207403,5.9126984505426316e-05,0.0,10.0,0.061398036452417086,0.0
2020-01-27,3243.6298828125,-0.015730711659182384,5.972222203300113e-05,0.0,10.0,0.1145273870367565,0.0
2020-01-28,3276.239990234375,0.010053584595046017,6.071428457895915e-05,0.0,10.0,0.05237534628726757,0.0
2020-01-29,3273.39990234375,-0.0008668741908683941,6.031745956057594e-05,0.0,10.0,0.05275646802943272,0.0
2020-01-30,3283.659912109375,0.003134358792605374,6.063492052138797e-05,0.0,10.0,0.04559793802999907,0.0
2020-01-31,3225.52001953125,-0.01770582037552626,5.992063454219273e-05,0.0,10.0,0.16027426456759125,0.0
2020-02-03,3248.919921875,0.007254613892351713,6.023809550300477e-05,0.0,10.0,0.07710250082905905,0.0
2020-02-04,3297.590087890625,0.014980414164082134,6.1031745539771194e-05,0.0,10.0,0.0468671372555705,0.0
2020-02-05,3334.68994140625,0.01125059589785371,6.031745956057594e-05,0.0,10.0,0.08408588317907646,0.0
2020-02-06,3345.780029296875,0.003325672876785646,6.071428457895915e-05,0.0,10.0,0.09307772980196263,0.0
2020-02-07,3327.7099609375,-0.005400853672730133,6.023809550300477e-05,0.0,10.0,0.05658194247352831,0.0
2020-02-10,3352.090087890625,0.007326397804890528,6.031745956057594e-05,0.0,10.0,0.08272540003696137,0.0
2020-02-11,3357.75,0.0016884725532351208,6.1031745539771194e-05,0.0,10.0,0.08470920008855223,0.0
2020-02-12,3379.449951171875,0.006462646466197652,6.0912697088150755e-05,0.0,10.0,0.10712502832564472,0.0
2020-02-13,3373.93994140625,-0.0016304457368023773,6.130952210653396e-05,0.0,10.0,0.08369299441414181,0.0
2020-02-14,3380.159912109375,0.0018435333204338544,6.0912697088150755e-05,0.0,10.0,0.08938522042880384,0.0
2020-02-18,3370.2900390625,-0.002919942636890105,6.0912697088150755e-05,0.0,10.0,0.06904786714356283,0.0
2020-02-19,3386.14990234375,0.004705785881164548,6.123015804896279e-05,0.0,10.0,0.08152633322147115,0.0
2020-02-20,3373.22998046875,-0.00381551976362815,6.1031745539771194e-05,0.0,10.0,0.06119127658481684,0.0
2020-02-21,3337.75,-0.01051810302712286,6.023809550300477e-05,0.0,10.0,0.05171571228757529,0.0
2020-02-24,3225.889892578125,-0.03351362667122315,5.9642857975429956e-05,0.0,10.0,0.3998984269178332,0.0
2020-02-25,3128.2099609375,-0.030279995565056117,5.9126984505426316e-05,0.0,10.0,0.5923961860270278,0.0
2020-02-26,3116.389892578125,-0.0037785406053220116,5.865079542947194e-05,0.0,10.0,0.6087441022699911,0.0
2020-02-27,2978.760009765625,-0.04416324258407911,5.535714210025848e-05,0.0,10.0,0.6352753495187659,0.0
2020-02-28,2954.219970703125,-0.008238340444361891,4.880952456640819e-05,0.0,10.0,0.6455740899028204,0.0
2020-03-02,3090.22998046875,0.046039229006110016,4.503968216124035e-05,0.0,10.0,0.6994898506363298,0.0
2020-03-03,3003.3701171875,-0.028107896121075893,3.642857074737549e-05,0.0,10.0,0.7185314490380519,0.0
2020-03-04,3130.1201171875,0.04220259077449118,2.6785714758767023e-05,0.0,10.0,0.5511200285648422,0.0
2020-03-05,3023.93994140625,-0.033922077046888544,2.3611112246437678e-05,0.0,10.0,0.7591139512786481,0.0
2020-03-06,2972.3701171875,-0.01705385200037013,1.6468253637117052e-05,0.0,10.0,0.7432796961390912,0.0
2020-03-09,2746.56005859375,-0.07596969747745097,1.3095238615596102e-05,0.0,10.0,0.6377039570252019,1.0
2020-03-10,2882.22998046875,0.04939630628156144,1.547618990852719e-05,1.0,10.0,0.7515252733741513,1.0
2020-03-11,2741.3798828125,-0.048868445131273974,1.4603174631557765e-05,1.0,10.0,0.6689959395689676,1.0
2020-03-12,2480.639892578125,-0.09511268097833658,1.0833333409021768e-05,1.0,10.0,0.5971909488633234,1.0
2020-03-13,2711.02001953125,0.09287124972971839,9.642857171240305e-06,1.0,10.0,0.7263803329945627,1.0
2020-03-16,2386.1298828125,-0.11984055240393443,7.3412699358803885e-06,1.0,10.0,0.6001329222386508,1.0
2020-03-17,2529.18994140625,0.05995484974402432,6.547619307798051e-06,1.0,10.0,0.6697887590595979,1.0
2020-03-18,2398.10009765625,-0.051830762729157875,1.1904762008242064e-07,1.0,10.0,0.6266092853025044,1.0
2020-03-19,2409.389892578125,0.0047078080405855705,-1.1111111454074327e-06,1.0,10.0,0.6442454168654616,1.0
2020-03-20,2304.919921875,-0.04335951230846191,-1.309523802428016e-06,1.0,10.0,0.6189226883525183,1.0
2020-03-23,2237.39990234375,-0.02929386782180443,-1.5873015518226308e-06,1.0,10.0,0.6101382422023643,1.0
2020-03-24,2447.330078125,0.09382773976227554,-1.309523802428016e-06,1.0,10.0,0.7230472924884092,1.0
2020-03-25,2475.56005859375,0.011535011448221999,-2.777777789604095e-06,1.0,10.0,0.7449022643167243,1.0
2020-03-26,2630.070068359375,0.062414163303876835,-4.166666536577163e-06,1.0,10.0,0.6680361181886167,1.0
2020-03-27,2541.469970703125,-0.033687352562252526,-2.3015872353599167e-06,1.0,10.0,0.7701433277065183,1.0
2020-03-30,2626.64990234375,0.03351600948370015,5.158730265167024e-07,1.0,10.0,0.6892718140506736,1.0
2020-03-31,2584.590087890625,-0.016012721914555605,1.1904761638669722e-06,1.0,10.0,0.7674186596949861,1.0
2020-04-01,2470.5,-0.04414243033166543,2.5000000402094805e-06,1.0,10.0,0.7655892022093774,1.0
2020-04-02,2526.89990234375,0.02282934723487151,2.5793649847545313e-06,1.0,10.0,0.7946637749289664,1.0
2020-04-03,2488.64990234375,-0.015137125124949469,2.3015872353599167e-06,1.0,10.0,0.7893717149666931,1.0
2020-04-06,2663.679931640625,0.07033131865275055,2.3809523277339444e-06,1.0,10.0,0.5988192093436401,1.0
2020-04-07,2659.409912109375,-0.0016030527844311804,5.0793653206219725e-06,1.0,10.0,0.6330508071140721,1.0
2020-04-08,2749.97998046875,0.03405645287963033,7.3412699358803885e-06,1.0,10.0,0.49861382953226696,1.0
2020-04-09,2789.820068359375,0.014487410153376512,8.333333073154326e-06,1.0,10.0,0.46820270237034783,1.0
2020-04-13,2761.6298828125,-0.010104660822607414,7.93650805477112e-06,1.0,10.0,0.5041159530836619,1.0
2020-04-14,2846.06005859375,0.030572589146256046,6.547619307798051e-06,1.0,10.0,0.4337595076736231,1.0
2020-04-15,2783.360107421875,-0.022030438529415775,4.563492146276289e-06,1.0,10.0,0.49260361205883285,1.0
2020-04-16,2799.550048828125,0.005816689462164515,4.365079341426725e-06,1.0,10.0,0.4702899560636867,1.0
2020-04-17,2874.56005859375,0.026793594848223412,4.0873015920321115e-06,1.0,10.0,0.4079361480654751,1.0
2020-04-20,2823.159912109375,-0.01788104803401469,2.777777789604095e-06,1.0,10.0,0.45087273915031406,1.0
2020-04-21,2736.56005859375,-0.030674795694063395,3.888888787182548e-06,1.0,10.0,0.7257490123821921,1.0
2020-04-22,2799.31005859375,0.022930247703843776,3.6904762779909446e-06,1.0,10.0,0.5044707211248453,1.0
2020-04-23,2797.800048828125,-0.0005394221197431159,3.6904762779909446e-06,1.0,10.0,0.5277088699559416,1.0
2020-04-24,2836.739990234375,0.013918057304545428,3.96825402738556e-06,1.0,10.0,0.4357763361560905,1.0
2020-04-27,2878.47998046875,0.014714069804799612,3.6904762779909446e-06,1.0,10.0,0.38593156487998237,1.0
2020-04-28,2863.389892578125,-0.005242380698498916,3.3730159084948255e-06,1.0,10.0,0.40554513271115644,1.0
2020-04-29,2939.510009765625,0.026583916282167053,3.571428713344389e-06,1.0,10.0,0.3601616487960288,1.0
2020-04-30,2912.429931640625,-0.009212446303987654,3.571428713344389e-06,1.0,10.0,0.36202812036512777,1.0
2020-05-01,2830.7099609375,-0.028059034078492195,3.6904762779909446e-06,1.0,10.0,0.5360288755870566,1.0
2020-05-04,2842.739990234375,0.004249827591976452,3.571428713344389e-06,1.0,10.0,0.4824484562586862,1.0
2020-05-05,2868.43994140625,0.009040556385797371,4.365079341426725e-06,1.0,10.0,0.41280904676278135,1.0
2020-05-06,2848.419921875,-0.006979410390386298,4.285714396881679e-06,1.0,10.0,0.48692224837672415,1.0
2020-05-07,2881.18994140625,0.011504630788313985,3.7698412225359962e-06,1.0,10.0,0.3994984719553684,1.0
2020-05-08,2929.800048828125,0.016871538638701944,3.7698412225359962e-06,1.0,10.0,0.33568851603074656,1.0
2020-05-11,2930.18994140625,0.00013307822091168653,4.166666536577163e-06,1.0,10.0,0.32783430579485356,1.0
2020-05-12,2870.1201171875,-0.020500317528877154,4.880952515772409e-06,1.0,10.0,0.4522855137440263,1.0
2020-05-13,2820.0,-0.01746272460422804,4.563492146276289e-06,1.0,10.0,0.662216160961982,1.0
2020-05-14,2852.5,0.01152482269503552,4.166666536577163e-06,1.0,10.0,0.5077016860993182,1.0
2020-05-15,2863.699951171875,0.0039263632504382695,4.0873015920321115e-06,1.0,10.0,0.4495197719926078,1.0
2020-05-18,2953.909912109375,0.03150119163168075,4.166666536577163e-06,1.0,10.0,0.3143184065468764,1.0
2020-05-19,2922.93994140625,-0.010484399194493177,4.682539710922846e-06,1.0,10.0,0.33185214155925846,1.0
2020-05-20,2971.610107421875,0.01665110025908012,4.682539710922846e-06,1.0,10.0,0.3013787175304503,1.0
2020-05-21,2948.510009765625,-0.007773596407737116,4.365079341426725e-06,1.0,10.0,0.29875214329234795,0.0
2020-05-22,2955.449951171875,0.002353711326488428,4.365079341426725e-06,1.0,10.0,0.2783287756503343,0.0
2020-05-26,2991.77001953125,0.012289184036080147,4.682539710922846e-06,0.0,10.0,0.2770440778754657,0.0
2020-05-27,3036.1298828125,0.014827297215913804,5.357143070016588e-06,0.0,10.0,0.28369190740521083,0.0
2020-05-28,3029.72998046875,-0.0021079145460738413,5.476190339005182e-06,0.0,10.0,0.26972317609859175,0.0
2020-05-29,3044.31005859375,0.004812335824971425,5.0793653206219725e-06,0.0,10.0,0.2668358883972222,0.0
2020-06-01,3055.72998046875,0.003751234813537785,5.0793653206219725e-06,0.0,10.0,0.26167731582014614,0.0
2020-06-02,3080.820068359375,0.008210832780053412,5.753968088399794e-06,0.0,10.0,0.2658836195798071,0.0
2020-06-03,3122.8701171875,0.013648979133831007,5.87301594870431e-06,0.0,10.0,0.2823459345739331,0.0
2020-06-04,3112.35009765625,-0.0033687022311144066,5.55555557920819e-06,0.0,10.0,0.2598413468814604,0.0
2020-06-05,3193.929931640625,0.026211650818398713,5.753968088399794e-06,0.0,10.0,0.3049457754309118,0.0
2020-06-08,3232.389892578125,0.012041579421169235,6.071428457895913e-06,0.0,10.0,0.31485696215024717,0.0
2020-06-09,3207.179931640625,-0.007799170822611612,6.547619307798051e-06,0.0,10.0,0.2865349415870371,0.0
2020-06-10,3190.139892578125,-0.0053130910724373814,6.547619307798051e-06,0.0,10.0,0.26451812195448493,0.0
2020-06-11,3002.10009765625,-0.05894405927443824,6.071428457895913e-06,0.0,10.0,0.4357568043128126,0.0
2020-06-12,3041.31005859375,0.013060843963234703,5.952381188907317e-06,0.0,10.0,0.32233637313197533,0.0
2020-06-15,3066.590087890625,0.008312217041285264,6.150793698098924e-06,0.0,10.0,0.27251114005840166,0.0
2020-06-16,3124.739990234375,0.01896239819380252,6.3492062072905275e-06,0.0,10.0,0.2504884012198484,0.0
2020-06-17,3113.489990234375,-0.0036002995561740248,6.547619307798051e-06,0.0,10.0,0.2429774556041315,0.0
2020-06-18,3115.340087890625,0.0005942198825281686,5.55555557920819e-06,0.0,10.0,0.23658647264020657,0.0
2020-06-19,3097.739990234375,-0.005649494809462974,5.674603439512706e-06,0.0,10.0,0.2444984425002453,0.0
2020-06-22,3117.860107421875,0.006495095537691675,5.55555557920819e-06,0.0,10.0,0.22853164715048604,0.0
2020-06-23,3131.2900390625,0.004307419569164139,5.55555557920819e-06,0.0,10.0,0.2271893347328469,0.0
2020-06-24,3050.330078125,-0.025855145939064572,5.357143070016588e-06,0.0,10.0,0.3343617626336858,0.0
2020-06-25,3083.760009765625,0.010959447267809841,5.158729969509063e-06,0.0,10.0,0.24893756804628753,0.0
2020-06-26,3009.050048828125,-0.024226905044785974,5.277777829813576e-06,0.0,10.0,0.4631701436629313,0.0
2020-06-29,3053.239990234375,0.014685678433118632,4.96031746031746e-06,0.0,10.0,0.29825382683189783,0.0
2020-06-30,3100.2900390625,0.015409875731554612,5.357143070016588e-06,0.0,10.0,0.22450500336916315,0.0
2020-07-01,3115.860107421875,0.005022132820864389,5.158729969509063e-06,0.0,10.0,0.21715021787661418,0.0
2020-07-02,3130.010009765625,0.004541250844364075,5.277777829813576e-06,0.0,10.0,0.21720553781413907,0.0
2020-07-06,3179.719970703125,0.01588172586745884,5.0793653206219725e-06,0.0,10.0,0.23440119985070834,0.0
2020-07-07,3145.320068359375,-0.010818532028197159,5.55555557920819e-06,0.0,10.0,0.21106779258467445,0.0
2020-07-08,3169.93994140625,0.007827461915415501,5.357143070016588e-06,0.0,10.0,0.2129565925157659,0.0
2020-07-09,3152.050048828125,-0.005643606159361103,4.880952515772409e-06,0.0,10.0,0.19709841241358442,0.0
2020-07-10,3185.0400390625,0.01046620127324438,4.761904655467893e-06,0.0,10.0,0.20552467372763575,0.0
2020-07-13,3155.219970703125,-0.009362541127788226,4.96031746031746e-06,0.0,10.0,0.19081273919606784,0.0
2020-07-14,3197.52001953125,0.013406370782667931,5.277777829813576e-06,0.0,10.0,0.20180837908826496,0.0
2020-07-15,3226.56005859375,0.009082050740923053,4.96031746031746e-06,0.0,10.0,0.2155828636449631,0.0
2020-07-16,3215.570068359375,-0.0034061012455366413,4.0873015920321115e-06,0.0,10.0,0.19577077349271474,0.0
2020-07-17,3224.72998046875,0.002848612194617406,4.166666536577163e-06,0.0,10.0,0.19476632037834354,0.0
2020-07-20,3251.840087890625,0.0084069387471426,4.166666536577163e-06,0.0,10.0,0.20860725008033296,0.0
2020-07-21,3257.300048828125,0.0016790373419135474,4.365079341426725e-06,0.0,10.0,0.20480240912930073,0.0
2020-07-22,3276.02001953125,0.005747082068739751,3.96825402738556e-06,0.0,10.0,0.21231047050117532,0.0
2020-07-23,3235.659912109375,-0.012319859824193036,4.0873015920321115e-06,0.0,10.0,0.17637027072054254,0.0
2020-07-24,3215.6298828125,-0.006190400054688405,3.888888787182548e-06,0.0,10.0,0.1664790850922997,0.0
2020-07-27,3239.409912109375,0.007395138795039502,3.6904762779909446e-06,0.0,10.0,0.16857400318623905,0.0
2020-07-28,3218.43994140625,-0.006473392152297919,4.0873015920321115e-06,0.0,10.0,0.16078877595725033,0.0
2020-07-29,3258.43994140625,0.01242838167815008,3.571428713344389e-06,0.0,10.0,0.17036041642020397,0.0
2020-07-30,3246.219970703125,-0.003750251937389204,3.3730159084948255e-06,0.0,10.0,0.15868163280930242,0.0
2020-07-31,3271.1201171875,0.007670504990141325,3.2936506682918174e-06,0.0,10.0,0.1703417321969391,0.0
2020-08-03,3294.610107421875,0.00718102343932614,3.0952381591002142e-06,0.0,10.0,0.18201730401420047,0.0
2020-08-04,3306.510009765625,0.0036119303819721615,3.571428713344389e-06,0.0,10.0,0.18766129728419154,0.0
2020-08-05,3327.77001953125,0.006429743053199433,3.7698412225359962e-06,0.0,10.0,0.1992815984294314,0.0
2020-08-06,3349.159912109375,0.00642769555966427,3.492063473141381e-06,0.0,10.0,0.21101718300603692,0.0
2020-08-07,3351.280029296875,0.0006330295486443038,3.492063473141381e-06,0.0,10.0,0.20761082723283067,0.0
2020-08-10,3360.469970703125,0.002742218294476073,3.492063473141381e-06,0.0,10.0,0.2099168328907304,0.0
2020-08-11,3333.68994140625,-0.007969132154236114,3.96825402738556e-06,0.0,10.0,0.17521669504512988,0.0
2020-08-12,3380.35009765625,0.013996549490237653,3.96825402738556e-06,0.0,10.0,0.20462692533851004,0.0
2020-08-13,3373.429931640625,-0.002047174350497949,3.571428713344389e-06,0.0,10.0,0.18657182206921824,0.0
2020-08-14,3372.85009765625,-0.00017188262276812694,3.492063473141381e-06,0.0,10.0,0.17760672760343774,0.0
2020-08-17,3381.989990234375,0.0027098425110787527,3.3730159084948255e-06,0.0,10.0,0.17696736675581687,0.0
2020-08-18,3389.780029296875,0.002303389154016955,3.96825402738556e-06,0.0,10.0,0.17844991460421425,0.0
2020-08-19,3374.85009765625,-0.0044043954214108005,3.7698412225359962e-06,0.0,10.0,0.15961438972127176,0.0
2020-08-20,3385.510009765625,0.0031586327691348615,3.492063473141381e-06,0.0,10.0,0.1633125623254286,0.0
2020-08-21,3397.159912109375,0.0034411070444764214,3.492063473141381e-06,0.0,10.0,0.1686314295464006,0.0
2020-08-24,3431.280029296875,0.010043718303008653,3.3730159084948255e-06,0.0,10.0,0.19113404417715243,0.0
2020-08-25,3443.6201171875,0.0035963511532906,3.7698412225359962e-06,0.0,10.0,0.1967378687187154,0.0
2020-08-26,3478.72998046875,0.010195626139483993,3.6904762779909446e-06,0.0,10.0,0.21826332097987983,0.0
2020-08-27,3484.550048828125,0.0016730440109038458,3.7698412225359962e-06,0.0,10.0,0.2135013700210639,0.0
2020-08-28,3508.010009765625,0.00673256535528588,3.7698412225359962e-06,0.0,10.0,0.2247354660032317,0.0
2020-08-31,3500.31005859375,-0.0021949627140287475,3.7698412225359962e-06,0.0,10.0,0.20493265013492568,0.0
2020-09-01,3526.64990234375,0.007525003016613407,3.96825402738556e-06,0.0,10.0,0.21914484093005232,0.0
2020-09-02,3580.840087890625,0.015365910154807594,3.96825402738556e-06,0.0,10.0,0.2499590140198862,0.0
2020-09-03,3455.06005859375,-0.03512584371534122,3.96825402738556e-06,0.0,10.0,0.184794057446684,0.0
2020-09-04,3426.9599609375,-0.008133027264274895,4.0873015920321115e-06,0.0,10.0,0.18637925870309136,0.0
2020-09-08,3331.840087890625,-0.027756342102360998,4.285714396881679e-06,0.0,10.0,0.3395183614842726,0.0
2020-09-09,3398.9599609375,0.02014498633677464,4.166666536577163e-06,0.0,10.0,0.1928398250785275,0.0
2020-09-10,3339.18994140625,-0.01758479659017942,4.0873015920321115e-06,0.0,10.0,0.29919866517848137,0.0
2020-09-11,3340.969970703125,0.0005330721905940639,4.0873015920321115e-06,0.0,10.0,0.27176296453728843,0.0
2020-09-14,3383.5400390625,0.012741829089357504,3.96825402738556e-06,0.0,10.0,0.17691689006392902,0.0
2020-09-15,3401.199951171875,0.005219359577689042,3.96825402738556e-06,0.0,10.0,0.1591591111915285,0.0
2020-09-16,3385.489990234375,-0.004618946596211537,3.96825402738556e-06,0.0,10.0,0.17007657121231645,0.0
2020-09-17,3357.010009765625,-0.008412365876402483,3.3730159084948255e-06,0.0,10.0,0.21023652913426524,0.0
2020-09-18,3319.469970703125,-0.011182581807410497,3.2936506682918174e-06,0.0,10.0,0.31390283590815826,0.0
2020-09-21,3281.06005859375,-0.011571097930805796,3.1746031036452616e-06,0.0,10.0,0.4224899213388097,0.0
2020-09-22,3315.570068359375,0.010517945160813724,3.492063473141381e-06,0.0,10.0,0.26823238129770716,0.0
2020-09-23,3236.919921875,-0.023721455093028143,3.492063473141381e-06,0.0,10.0,0.5294958729411501,0.0
2020-09-24,3246.590087890625,0.0029874591429570607,3.6904762779909446e-06,0.0,10.0,0.47966959467955134,0.0
2020-09-25,3298.4599609375,0.0159767237756141,3.571428713344389e-06,0.0,10.0,0.24970802446170987,0.0
2020-09-28,3351.60009765625,0.016110590199083896,3.492063473141381e-06,0.0,10.0,0.13717793228633154,0.0
2020-09-29,3335.469970703125,-0.0048126645432444715,3.3730159084948255e-06,0.0,10.0,0.15320952612867675,0.0
2020-09-30,3363.0,0.008253718228220741,3.3730159084948255e-06,0.0,10.0,0.1288625908424039,0.0
2020-10-01,3380.800048828125,0.005292907769290922,3.2936506682918174e-06,0.0,10.0,0.12761151211999006,0.0
2020-10-02,3348.419921875,-0.009577652178616392,3.3730159084948255e-06,0.0,10.0,0.13613732912901297,0.0
2020-10-05,3408.60009765625,0.01797270867614209,3.3730159084948255e-06,0.0,10.0,0.1389785241554724,0.0
2020-10-06,3360.969970703125,-0.013973515692226712,3.492063473141381e-06,0.0,10.0,0.1355513887105385,0.0
2020-10-07,3419.43994140625,0.01739675486921799,3.492063473141381e-06,0.0,10.0,0.14237814341365884,0.0
2020-10-08,3446.830078125,0.008010123642494982,3.492063473141381e-06,0.0,10.0,0.158282180754071,0.0
2020-10-09,3477.139892578125,0.00879353312061526,3.6904762779909446e-06,0.0,10.0,0.17828153971418617,0.0
2020-10-12,3534.219970703125,0.01641581296364758,3.571428713344389e-06,0.0,10.0,0.22218977871431494,0.0
2020-10-13,3511.929931640625,-0.006306918994084421,3.6904762779909446e-06,0.0,10.0,0.18274059037727822,0.0
2020-10-14,3488.669921875,-0.006623141753502759,3.96825402738556e-06,0.0,10.0,0.1477823938062426,0.0
2020-10-15,3483.340087890625,-0.0015277553060997207,3.7698412225359962e-06,0.0,10.0,0.13512436767299874,0.0
2020-10-16,3483.81005859375,0.00013491955745537076,3.571428713344389e-06,0.0,10.0,0.12779080491893952,0.0
2020-10-19,3426.919921875,-0.016329861778318078,3.571428713344389e-06,0.0,10.0,0.14140305928580155,0.0
2020-10-20,3443.1201171875,0.004727334073110212,3.7698412225359962e-06,0.0,10.0,0.12838029436950982,0.0
2020-10-21,3435.56005859375,-0.0021956999281005363,3.571428713344389e-06,0.0,10.0,0.14406187149891975,0.0
2020-10-22,3453.489990234375,0.005218925396392127,3.3730159084948255e-06,0.0,10.0,0.11719985808453531,0.0
2020-10-23,3465.389892578125,0.003445761353703114,3.2936506682918174e-06,0.0,10.0,0.10665881514675882,0.0
2020-10-26,3400.969970703125,-0.018589516294535646,3.1746031036452616e-06,0.0,10.0,0.19372351540502525,0.0
2020-10-27,3390.679931640625,-0.0030256189119989285,3.571428713344389e-06,0.0,10.0,0.2258788256103367,0.0
2020-10-28,3271.030029296875,-0.035287878760604796,3.571428713344389e-06,0.0,10.0,0.5932411574359256,0.0
2020-10-29,3310.110107421875,0.011947330894238384,3.2936506682918174e-06,0.0,10.0,0.4912239060473944,0.0
2020-10-30,3269.9599609375,-0.012129550130175693,3.2936506682918174e-06,0.0,10.0,0.5915455149271528,0.0
2020-11-02,3310.239990234375,0.01231820260127181,3.2936506682918174e-06,0.0,10.0,0.4424943305770562,0.0
2020-11-03,3369.159912109375,0.01779929009643455,3.571428713344389e-06,0.0,10.0,0.1885250534816321,0.0
2020-11-04,3443.43994140625,0.02204704770168342,3.2936506682918174e-06,0.0,10.0,0.15794915703309403,0.0
2020-11-05,3510.449951171875,0.01946019413896294,3.3730159084948255e-06,0.0,10.0,0.20939406660783352,0.0
2020-11-06,3509.43994140625,-0.00028771518741854685,3.2936506682918174e-06,0.0,10.0,0.18758016043573636,0.0
2020-11-09,3550.5,0.01169988923568721,3.492063473141381e-06,0.0,10.0,0.21926678482354248,0.0
2020-11-10,3545.530029296875,-0.0013997945931910616,3.571428713344389e-06,0.0,10.0,0.19316928523426122,0.0
2020-11-11,3572.659912109375,0.007651855318760337,3.571428713344389e-06,0.0,10.0,0.2036650615112651,0.0
2020-11-12,3537.010009765625,-0.009978532303877019,3.3730159084948255e-06,0.0,10.0,0.1556940491720114,0.0
2020-11-13,3585.14990234375,0.013610335409063534,3.2936506682918174e-06,0.0,10.0,0.19110863382031407,0.0
2020-11-16,3626.909912109375,0.011648051240012336,2.9761905944536585e-06,0.0,10.0,0.21670221212181723,0.0
2020-11-17,3609.530029296875,-0.004791925698091615,3.1746031036452616e-06,0.0,10.0,0.1834702074354611,0.0
2020-11-18,3567.7900390625,-0.011563829610944043,2.9761905944536585e-06,0.0,10.0,0.14086577349627816,0.0
2020-11-19,3581.8701171875,0.003946442467421596,2.3809523277339444e-06,0.0,10.0,0.14018616431709516,0.0
2020-11-20,3557.5400390625,-0.006792562915180156,2.3015872353599167e-06,0.0,10.0,0.12578979255681502,0.0
2020-11-23,3577.590087890625,0.005635930617216234,2.777777789604095e-06,0.0,10.0,0.12845624917067083,0.0
2020-11-24,3635.409912109375,0.016161668273416252,3.1746031036452616e-06,0.0,10.0,0.17496922403323867,0.0
2020-11-25,3629.64990234375,-0.001584418237524976,3.1746031036452616e-06,0.0,10.0,0.15683934388276735,0.0
2020-11-27,3638.35009765625,0.002396979198154181,2.896825354250651e-06,0.0,10.0,0.15470467850410224,0.0
2020-11-30,3621.6298828125,-0.004595548640170977,2.9761905944536585e-06,0.0,10.0,0.13337384963183155,0.0
2020-12-01,3662.449951171875,0.011271187194776155,3.1746031036452616e-06,0.0,10.0,0.16292870363365672,0.0
2020-12-02,3669.010009765625,0.0017911667548251575,2.9761905944536585e-06,0.0,10.0,0.15973358098204823,0.0
2020-12-03,3666.719970703125,-0.000624157213091503,2.9761905944536585e-06,0.0,10.0,0.1481271580268622,0.0
2020-12-04,3699.1201171875,0.008836275129611826,2.9761905944536585e-06,0.0,10.0,0.17053990750223563,0.0
2020-12-07,3691.9599609375,-0.0019356376714373402,2.777777789604095e-06,0.0,10.0,0.15480953644559375,0.0
2020-12-08,3702.25,0.002787148065356293,2.698412845059044e-06,0.0,10.0,0.1562521955967243,0.0
2020-12-09,3672.820068359375,-0.007949201604598555,2.777777789604095e-06,0.0,10.0,0.12710245552362298,0.0
2020-12-10,3668.10009765625,-0.0012851080682624305,2.777777789604095e-06,0.0,10.0,0.12359201440686547,0.0
2020-12-11,3663.4599609375,-0.0012649972997506032,2.5793649847545313e-06,0.0,10.0,0.12472938718531151,0.0
2020-12-14,3647.489990234375,-0.004359258971957769,2.3809523277339444e-06,0.0,10.0,0.12511473503232962,0.0
2020-12-15,3694.6201171875,0.012921249154708825,2.777777789604095e-06,0.0,10.0,0.13239265593522292,0.0
2020-12-16,3701.169921875,0.0017727951669590514,2.9761905944536585e-06,0.0,10.0,0.127924038287161,0.0
2020-12-17,3722.47998046875,0.005757654753379748,3.1746031036452616e-06,0.0,10.0,0.13876584284512133,0.0
2020-12-18,3709.409912109375,-0.0035111185091528663,3.1746031036452616e-06,0.0,10.0,0.12715196447644672,0.0
2020-12-21,3694.919921875,-0.0039062790518439305,3.0952381591002142e-06,0.0,10.0,0.12342444704234058,0.0
2020-12-22,3687.260009765625,-0.002073092860288006,3.0952381591002142e-06,0.0,10.0,0.12326986041871342,0.0
2020-12-23,3690.010009765625,0.000745811250824957,2.9761905944536585e-06,0.0,10.0,0.11128690426385038,0.0
2020-12-24,3703.06005859375,0.0035365890047962534,2.9761905944536585e-06,0.0,10.0,0.11074638657670444,0.0
2020-12-28,3735.360107421875,0.008722529021144565,3.1746031036452616e-06,0.0,10.0,0.12519466207084312,0.0
2020-12-29,3727.0400390625,-0.00222738052560012,3.571428713344389e-06,0.0,10.0,0.11675249577431922,0.0
2020-12-30,3732.0400390625,0.0013415471654707467,2.777777789604095e-06,0.0,10.0,0.11679015024963212,0.0
2020-12-31,3756.070068359375,0.006438845522919845,2.5793649847545313e-06,0.0,10.0,0.12715157158262438,0.0
2021-01-04,3700.64990234375,-0.014754827521051062,2.698412845059044e-06,0.0,5.0,0.08493692898098316,0.0
2021-01-05,3726.860107421875,0.007082595157549276,3.0952381591002142e-06,0.0,5.0,0.08024513712890062,0.0
2021-01-06,3748.139892578125,0.005709842747752214,3.0952381591002142e-06,0.0,5.0,0.0867089408595617,0.0
2021-01-07,3803.7900390625,0.014847403800101189,3.1746031036452616e-06,0.0,5.0,0.12590228330021558,0.0
2021-01-08,3824.679931640625,0.005491862685268911,3.1746031036452616e-06,0.0,5.0,0.137111496410926,0.0
2021-01-11,3799.610107421875,-0.006554750898592476,3.1746031036452616e-06,0.0,5.0,0.10638052358243394,0.0
2021-01-12,3801.18994140625,0.0004157884466327033,3.1746031036452616e-06,0.0,5.0,0.10427796283151618,0.0
2021-01-13,3809.840087890625,0.0022756417379066196,3.1746031036452616e-06,0.0,5.0,0.10752619902352993,0.0
2021-01-14,3795.5400390625,-0.0037534511943366766,2.9761905944536585e-06,0.0,5.0,0.09054172180082112,0.0
2021-01-15,3768.25,-0.007190027975370938,2.9761905944536585e-06,0.0,5.0,0.08022278142189099,0.0
2021-01-19,3798.909912109375,0.008136379515524483,2.896825354250651e-06,0.0,5.0,0.0865349583028404,0.0
2021-01-20,3851.85009765625,0.013935625421946263,2.9761905944536585e-06,0.0,5.0,0.1212322506465686,0.0
2021-01-21,3853.070068359375,0.0003167233075522802,2.896825354250651e-06,0.0,5.0,0.11662296844365891,0.0
2021-01-22,3841.469970703125,-0.0030106116552376383,2.777777789604095e-06,0.0,5.0,0.10021797823709146,0.0
2021-01-25,3855.360107421875,0.0036158389430824833,2.777777789604095e-06,0.0,5.0,0.10881828683558199,0.0
2021-01-26,3849.6201171875,-0.0014888337468982327,2.698412845059044e-06,0.0,5.0,0.09781208768992994,0.0
2021-01-27,3750.77001953125,-0.025677883699462,2.3809523277339444e-06,0.0,5.0,0.1426767937693362,0.0
2021-01-28,3787.3798828125,0.009760625975629766,2.182539670713361e-06,0.0,5.0,0.0954287068856515,0.0
2021-01-29,3714.239990234375,-0.019311475173124593,1.90476192131875e-06,0.0,5.0,0.2133500055089127,0.0
2021-02-01,3773.860107421875,0.016051767614439383,1.90476192131875e-06,0.0,5.0,0.09609304289074388,0.0
2021-02-02,3826.31005859375,0.013898223484416938,1.984127013692778e-06,0.0,5.0,0.09485527030985781,0.0
2021-02-03,3830.169921875,0.0010087690809532646,1.5873015518226308e-06,0.0,5.0,0.0940560667045859,0.0
2021-02-04,3871.739990234375,0.010853322230420792,1.1904761638669722e-06,0.0,5.0,0.11643812477493835,0.0
2021-02-05,3886.830078125,0.003897495164625342,9.126984144723571e-07,0.0,5.0,0.12248854541889084,0.0
2021-02-08,3915.590087890625,0.007399348360373592,7.936507759113135e-07,0.0,5.0,0.13915042291042323,0.0
2021-02-09,3911.22998046875,-0.0011135249921484514,1.309523802428016e-06,0.0,5.0,0.12176732773793583,0.0
2021-02-10,3909.8798828125,-0.00034518493235935477,1.3888888948020476e-06,0.0,5.0,0.11073072629110957,0.0
2021-02-11,3916.3798828125,0.0016624551635393559,1.3888888948020476e-06,0.0,5.0,0.11056108545334574,0.0
2021-02-12,3934.830078125,0.0047110331133788375,1.3888888948020476e-06,0.0,5.0,0.12050042631653055,0.0
2021-02-16,3932.590087890625,-0.0005692724183511411,1.3888888948020476e-06,0.0,5.0,0.10846830865295258,0.0
2021-02-17,3931.330078125,-0.0003204020092266724,1.3888888948020476e-06,0.0,5.0,0.10431837634385002,0.0
2021-02-18,3913.969970703125,-0.004415835627354592,9.126984144723571e-07,0.0,5.0,0.09524352406354701,0.0
2021-02-19,3906.7099609375,-0.0018548966445751658,9.126984144723571e-07,0.0,5.0,0.09041112076581652,0.0
2021-02-22,3876.5,-0.0077328394581538396,9.92063506846389e-07,0.0,5.0,0.09822260280661406,0.0
2021-02-23,3881.3701171875,0.0012563181187927874,9.126984144723571e-07,0.0,5.0,0.08309119103640027,0.0
2021-02-24,3925.429931640625,0.01135161376597904,1.1111111454074327e-06,0.0,5.0,0.0866646084142103,0.0
2021-02-25,3829.340087890625,-0.02447880752512621,1.309523802428016e-06,0.0,5.0,0.1446416729006574,0.0
2021-02-26,3811.14990234375,-0.004750214169902844,1.3888888948020476e-06,0.0,5.0,0.17961838963720017,0.0
2021-03-01,3901.820068359375,0.023790763506800205,1.1111111454074327e-06,0.0,5.0,0.0881669965951712,0.0
2021-03-02,3870.2900390625,-0.008080851690870694,1.3888888948020476e-06,0.0,5.0,0.09810717471128744,0.0
2021-03-03,3819.719970703125,-0.01306622187199813,1.3888888948020476e-06,0.0,5.0,0.18054079648792506,0.0
2021-03-04,3768.469970703125,-0.013417213930100202,1.1111111454074327e-06,0.0,5.0,0.3207377465590773,0.0
2021-03-05,3841.93994140625,0.01949596819778221,1.1111111454074327e-06,0.0,5.0,0.11520240535317404,0.0
2021-03-08,3821.35009765625,-0.005359231030161227,1.3888888948020476e-06,0.0,5.0,0.16000797254959148,0.0
2021-03-09,3875.43994140625,0.01415464230382213,1.3888888948020476e-06,0.0,5.0,0.09961354561488481,0.0
2021-03-10,3898.81005859375,0.006030313342701321,1.1904761638669722e-06,0.0,5.0,0.0952858470473907,0.0
2021-03-11,3939.340087890625,0.010395487004435822,1.1111111454074327e-06,0.0,5.0,0.11176270800454664,0.0
2021-03-12,3943.340087890625,0.0010153984958789497,9.92063506846389e-07,0.0,5.0,0.10007432602697901,0.0
2021-03-15,3968.93994140625,0.006491921301497117,5.952380819334841e-07,0.0,5.0,0.11115824104724242,0.0
2021-03-16,3962.7099609375,-0.0015696837343783798,3.17460332538873e-07,0.0,5.0,0.09621807428013539,0.0
2021-03-17,3974.1201171875,0.00287938213053085,3.17460332538873e-07,0.0,5.0,0.09720866899970239,0.0
2021-03-18,3915.4599609375,-0.014760539319459198,1.1904762008242064e-07,0.0,5.0,0.07372950069335535,0.0
2021-03-19,3913.10009765625,-0.0006027039747036333,1.9841269397782539e-07,0.0,5.0,0.07869122724787246,0.0
2021-03-22,3940.590087890625,0.007025118077311765,1.9841269397782539e-07,0.0,5.0,0.07201250891241366,0.0
2021-03-23,3910.52001953125,-0.007630854183940605,3.9682538795565474e-07,0.0,5.0,0.07472833563827042,0.0
2021-03-24,3889.139892578125,-0.00546733601831495,5.952380819334841e-07,0.0,5.0,0.10860013392250467,0.0
2021-03-25,3909.52001953125,0.005240265846959469,5.952380819334841e-07,0.0,5.0,0.06914720679660419,0.0
2021-03-26,3974.5400390625,0.016631202604519668,5.952380819334841e-07,0.0,5.0,0.08017791516083381,0.0
2021-03-29,3971.090087890625,-0.0008680126852336212,3.17460332538873e-07,0.0,5.0,0.07318270075441716,0.0
2021-03-30,3958.550048828125,-0.0031578329337678124,5.158730265167024e-07,0.0,5.0,0.06646768909936933,0.0
2021-03-31,3972.889892578125,0.0036224990395776757,5.158730265167024e-07,0.0,5.0,0.06710144996502386,0.0
2021-04-01,4019.8701171875,0.011825201774944727,3.17460332538873e-07,0.0,5.0,0.09401457616905043,0.0
2021-04-05,4077.909912109375,0.014438226417743616,5.952380819334841e-07,0.0,5.0,0.13854656173103821,0.0
2021-04-06,4073.93994140625,-0.0009735307519511682,5.952380819334841e-07,0.0,5.0,0.12139348316503218,0.0
2021-04-07,4079.949951171875,0.001475232784985625,3.9682538795565474e-07,0.0,5.0,0.11518609741301819,0.0
2021-04-08,4097.169921875,0.0042206328286402695,1.9841269397782539e-07,0.0,5.0,0.12079960610434078,0.0
2021-04-09,4128.7998046875,0.007719934348738189,1.1904762008242064e-07,0.0,5.0,0.13985679849383695,0.0
2021-04-12,4127.990234375,-0.00019607884876882142,3.9682538795565474e-07,0.0,5.0,0.12882737285531085,0.0
2021-04-13,4141.58984375,0.0032944868090414303,5.952380819334841e-07,0.0,5.0,0.131021645637617,0.0
2021-04-14,4124.66015625,-0.004087726727828533,5.952380819334841e-07,0.0,5.0,0.10594741781106896,0.0
2021-04-15,4170.419921875,0.01109419052516647,3.9682538795565474e-07,0.0,5.0,0.1363092806181244,0.0
2021-04-16,4185.47021484375,0.0036088195555097347,3.17460332538873e-07,0.0,5.0,0.13940477980645913,0.0
2021-04-19,4163.259765625,-0.005306560094486046,5.952380819334841e-07,0.0,5.0,0.11259041674368142,0.0
2021-04-20,4134.93994140625,-0.006802319771775922,5.952380819334841e-07,0.0,5.0,0.08958404727801937,0.0
2021-04-21,4173.419921875,0.009306055472153574,5.158730265167024e-07,0.0,5.0,0.11033415401108347,0.0
2021-04-22,4134.97998046875,-0.009210657476561801,5.952380819334841e-07,0.0,5.0,0.08393251650043693,0.0
2021-04-23,4180.169921875,0.010928696540176919,5.952380819334841e-07,0.0,5.0,0.1054651362175575,0.0
2021-04-26,4187.6201171875,0.001782270924804541,3.17460332538873e-07,0.0,5.0,0.10423391871304971,0.0
2021-04-27,4186.72021484375,-0.00021489588801437698,3.9682538795565474e-07,0.0,5.0,0.09941739124581533,0.0
2021-04-28,4183.18017578125,-0.0008455399168898481,3.17460332538873e-07,0.0,5.0,0.0957246372867091,0.0
2021-04-29,4211.47021484375,0.006762806734045723,3.17460332538873e-07,0.0,5.0,0.1062014262463316,0.0
2021-04-30,4181.169921875,-0.007194706699326425,1.1904762008242064e-07,0.0,5.0,0.08794291851457157,0.0
2021-05-03,4192.66015625,0.002748090747253684,1.9841269397782539e-07,0.0,5.0,0.09011391667460271,0.0
2021-05-04,4164.66015625,-0.006678337608227225,3.9682538795565474e-07,0.0,5.0,0.08040558833976846,0.0
2021-05-05,4167.58984375,0.0007034637617677753,3.17460332538873e-07,0.0,5.0,0.07842028544961617,0.0
2021-05-06,4201.6201171875,0.008165456466051824,3.17460332538873e-07,0.0,5.0,0.08292687334762111,0.0
2021-05-07,4232.60009765625,0.007373341616968343,3.17460332538873e-07,0.0,5.0,0.09775857961201781,0.0
2021-05-10,4188.43017578125,-0.010435647322188157,1.9841269397782539e-07,0.0,5.0,0.07490851616078686,0.0
2021-05-11,4152.10009765625,-0.00867391280271812,3.9682538795565474e-07,0.0,5.0,0.07790746661612616,0.0
2021-05-12,4063.0400390625,-0.021449400664502738,3.9682538795565474e-07,0.0,5.0,0.22177296865809468,0.0
2021-05-13,4112.5,0.012173141406923493,3.17460332538873e-07,0.0,5.0,0.09695554962410713,0.0
2021-05-14,4173.85009765625,0.014917956876899785,1.9841269397782539e-07,0.0,5.0,0.06533021178924417,0.0
2021-05-17,4163.2900390625,-0.0025300521932207776,1.9841269397782539e-07,0.0,5.0,0.06311728483320012,0.0
2021-05-18,4127.830078125,-0.008517292959364653,3.9682538795565474e-07,0.0,5.0,0.08414956907330746,0.0
2021-05-19,4115.68017578125,-0.002943411456817757,1.9841269397782539e-07,0.0,5.0,0.09389411913122818,0.0
2021-05-20,4159.1201171875,0.010554741756143349,1.1904762008242064e-07,0.0,5.0,0.05912510989605643,0.0
2021-05-21,4155.85986328125,-0.0007838806801412357,1.1904762008242064e-07,0.0,5.0,0.06468304318396208,0.0
2021-05-24,4197.0498046875,0.009911292190138532,1.1904762008242064e-07,0.0,5.0,0.0672610350302176,0.0
2021-05-25,4188.1298828125,-0.0021252837802967495,3.9682538795565474e-07,0.0,5.0,0.06816138142656335,0.0
2021-05-26,4195.990234375,0.0018768165702687245,1.9841269397782539e-07,0.0,5.0,0.06099045095583391,0.0
2021-05-27,4200.8798828125,0.0011653145418315525,1.9841269397782539e-07,0.0,5.0,0.059838504947537695,0.0
2021-05-28,4204.10986328125,0.0007688818911402162,3.17460332538873e-07,0.0,5.0,0.06756700261249708,0.0
2021-06-01,4202.0400390625,-0.0004923335226864056,3.9682538795565474e-07,0.0,5.0,0.07389719130643585,0.0
2021-06-02,4208.1201171875,0.0014469348384307246,5.952380819334841e-07,0.0,5.0,0.07064563374612852,0.0
2021-06-03,4192.85009765625,-0.0036287033416374515,5.952380819334841e-07,0.0,5.0,0.062462797549697725,0.0
2021-06-04,4229.89013671875,0.008834095710505974,5.952380819334841e-07,0.0,5.0,0.062353639799680886,0.0
2021-06-07,4226.52001953125,-0.0007967387044511831,7.142856835372857e-07,0.0,5.0,0.058299390145267256,0.0
2021-06-08,4227.259765625,0.00017502486450582388,7.936507759113135e-07,0.0,5.0,0.053959281576404734,0.0
2021-06-09,4219.5498046875,-0.0018238673194856947,7.936507759113135e-07,0.0,5.0,0.060288220355012266,0.0
2021-06-10,4239.18017578125,0.004652243012262192,7.936507759113135e-07,0.0,5.0,0.06031229096398424,0.0
2021-06-11,4247.43994140625,0.0019484346695590737,7.142856835372857e-07,0.0,5.0,0.05795797240926858,0.0
2021-06-14,4255.14990234375,0.0018152018730952513,5.952380819334841e-07,0.0,5.0,0.059875670069054,0.0
2021-06-15,4246.58984375,-0.0020116937805257917,7.936507759113135e-07,0.0,5.0,0.05434102764437813,0.0
2021-06-16,4223.7001953125,-0.005390124612855707,1.1111111454074327e-06,0.0,5.0,0.05305915009516416,0.0
2021-06-17,4221.85986328125,-0.00043571559205179966,1.1111111454074327e-06,0.0,5.0,0.05925195172072061,0.0
2021-06-18,4166.4501953125,-0.013124468779900589,1.1111111454074327e-06,0.0,5.0,0.12976176202870188,0.0
2021-06-21,4224.7900390625,0.014002289962720793,1.1904761638669722e-06,0.0,5.0,0.048814396964350165,0.0
2021-06-22,4246.43994140625,0.005124491902218642,1.5079364594485992e-06,0.0,5.0,0.04514659395744455,0.0
2021-06-23,4241.83984375,-0.0010832833431588806,1.5873015518226308e-06,0.0,5.0,0.05056026758858835,0.0
2021-06-24,4266.490234375,0.005811249724885448,1.7063492642981665e-06,0.0,5.0,0.051550744430267456,0.0
2021-06-25,4280.7001953125,0.0033305973193167304,1.7063492642981665e-06,0.0,5.0,0.052457472339826665,0.0
2021-06-28,4290.60986328125,0.0023149642620619026,1.5873015518226308e-06,0.0,5.0,0.05538335419651573,0.0
2021-06-29,4291.7998046875,0.00027733619326086867,1.5873015518226308e-06,0.0,5.0,0.054814559246872376,0.0
2021-06-30,4297.5,0.0013281596467464851,1.5873015518226308e-06,0.0,5.0,0.05754172777198281,0.0
2021-07-01,4319.93994140625,0.0052216268542757405,1.5873015518226308e-06,0.0,5.0,0.06986288950493208,0.0
2021-07-02,4352.33984375,0.007500081663913916,1.5079364594485992e-06,0.0,5.0,0.08998982973702685,0.0
2021-07-06,4343.5400390625,-0.0020218560598241897,1.5873015518226308e-06,0.0,5.0,0.07370060391799514,0.0
2021-07-07,4358.1298828125,0.003358975310182588,1.7063492642981665e-06,0.0,5.0,0.0828974624260517,0.0
2021-07-08,4320.81982421875,-0.008561024934316985,1.7063492642981665e-06,0.0,5.0,0.05721970121017821,0.0
2021-07-09,4369.5498046875,0.011277947808795874,1.7063492642981665e-06,0.0,5.0,0.08370689156239092,0.0
2021-07-12,4384.6298828125,0.0034511743312370946,1.7063492642981665e-06,0.0,5.0,0.0929317670240754,0.0
2021-07-13,4369.2099609375,-0.0035168126585656267,1.7857143566721944e-06,0.0,5.0,0.06840817406390377,0.0
2021-07-14,4374.2998046875,0.0011649345752446916,1.7857143566721944e-06,0.0,5.0,0.06695318235269769,0.0
2021-07-15,4360.02978515625,-0.0032622408541723713,1.5079364594485992e-06,0.0,5.0,0.057882630090819474,0.0
2021-07-16,4327.16015625,-0.007538854211077806,1.5079364594485992e-06,0.0,5.0,0.052672210006523314,0.0
2021-07-19,4258.490234375,-0.015869512427409305,1.5873015518226308e-06,0.0,5.0,0.13235601635366748,0.0
2021-07-20,4323.06005859375,0.015162609437855634,1.7857143566721944e-06,0.0,5.0,0.04571692868366418,0.0
2021-07-21,4358.68994140625,0.008241819990835397,1.7857143566721944e-06,0.0,5.0,0.05057571220689626,0.0
2021-07-22,4367.47998046875,0.0020166699583279435,1.7063492642981665e-06,0.0,5.0,0.05517898575062247,0.0
2021-07-23,4411.7900390625,0.010145452020822843,1.7857143566721944e-06,0.0,5.0,0.08217825959464745,0.0
2021-07-26,4422.2998046875,0.0023821998626283314,1.5873015518226308e-06,0.0,5.0,0.08907799321877552,0.0
2021-07-27,4401.4599609375,-0.0047124448070912095,1.7857143566721944e-06,0.0,5.0,0.0694031036035035,0.0
2021-07-28,4400.64013671875,-0.0001862618826539153,1.7857143566721944e-06,0.0,5.0,0.06264527880273887,0.0
2021-07-29,4419.14990234375,0.004206152980007483,1.5873015518226308e-06,0.0,5.0,0.0676795652036171,0.0
2021-07-30,4395.259765625,-0.0054060480514769305,1.5873015518226308e-06,0.0,5.0,0.05158594448254529,0.0
2021-08-02,4387.16015625,-0.001842805614891363,1.5079364594485992e-06,0.0,5.0,0.04987007719136519,0.0
2021-08-03,4423.14990234375,0.0082034265474622,1.7857143566721944e-06,0.0,5.0,0.05836969323910907,0.0
2021-08-04,4402.66015625,-0.004632387901412294,1.7857143566721944e-06,0.0,5.0,0.0506258539610669,0.0
2021-08-05,4429.10009765625,0.006005446813494242,1.7063492642981665e-06,0.0,5.0,0.05691224209122709,0.0
2021-08-06,4436.52001953125,0.001675266241764728,1.7063492642981665e-06,0.0,5.0,0.05823571313974589,0.0
2021-08-09,4432.35009765625,-0.0009399082741974318,1.7857143566721944e-06,0.0,5.0,0.05608333418564822,0.0
2021-08-10,4436.75,0.0009926793341701323,1.984127013692778e-06,0.0,5.0,0.05510450907853224,0.0
2021-08-11,4442.41015625,0.0012757437876824707,1.7857143566721944e-06,0.0,5.0,0.05666458582610046,0.0
2021-08-12,4460.830078125,0.004146380281677686,1.7063492642981665e-06,0.0,5.0,0.06538474489481401,0.0
2021-08-13,4468.0,0.001607306655808216,1.7857143566721944e-06,0.0,5.0,0.07174897179140288,0.0
2021-08-16,4479.7099609375,0.002620850702215849,2.3015872353599167e-06,0.0,5.0,0.08127077245639142,0.0
2021-08-17,4448.080078125,-0.00706069881494753,2.5000000402094805e-06,0.0,5.0,0.06705243353009267,0.0
2021-08-18,4400.27001953125,-0.010748470745585936,2.182539670713361e-06,0.0,5.0,0.07484263264894128,0.0
2021-08-19,4405.7998046875,0.0012566922329095842,1.7063492642981665e-06,0.0,5.0,0.06892387914058701,0.0
2021-08-20,4441.669921875,0.008141567655737925,1.7063492642981665e-06,0.0,5.0,0.057898247202071,0.0
2021-08-23,4479.52978515625,0.00852379036424833,1.5873015518226308e-06,0.0,5.0,0.06832555108535518,0.0
2021-08-24,4486.22998046875,0.0014957363013194946,1.90476192131875e-06,0.0,5.0,0.06740763373543371,0.0
2021-08-25,4496.18994140625,0.002220118224179668,1.7857143566721944e-06,0.0,5.0,0.07209866348224975,0.0
2021-08-26,4470.0,-0.005824918819612557,1.7063492642981665e-06,0.0,5.0,0.0545194628559895,0.0
2021-08-27,4509.3701171875,0.008807632480425154,1.7063492642981665e-06,0.0,5.0,0.06892652555763377,0.0
2021-08-30,4528.7900390625,0.004306570844779589,1.5079364594485992e-06,0.0,5.0,0.07815463414495703,0.0
2021-08-31,4522.68017578125,-0.0013491160395050494,1.5873015518226308e-06,0.0,5.0,0.06669517355155125,0.0
2021-09-01,4524.08984375,0.0003116886257619189,1.5873015518226308e-06,0.0,5.0,0.06609235184709447,0.0
2021-09-02,4536.9501953125,0.002842638410522902,1.5873015518226308e-06,0.0,5.0,0.07179252641772352,0.0
2021-09-03,4535.43017578125,-0.0003350311257153127,1.5873015518226308e-06,0.0,5.0,0.0670273636059456,0.0
2021-09-07,4520.02978515625,-0.003395574405981705,1.3888888948020476e-06,0.0,5.0,0.06036485301580105,0.0
2021-09-08,4514.06982421875,-0.001318566739775151,1.5873015518226308e-06,0.0,5.0,0.06112146703576371,0.0
2021-09-09,4493.27978515625,-0.004605608657393345,1.5079364594485992e-06,0.0,5.0,0.06930810635888078,0.0
2021-09-10,4458.580078125,-0.007722578759925436,1.5079364594485992e-06,0.0,5.0,0.10466151325797826,0.0
2021-09-13,4468.72998046875,0.0022764876184568905,1.5079364594485992e-06,0.0,5.0,0.08459778117255708,0.0
2021-09-14,4443.0498046875,-0.00574663850657553,1.3888888948020476e-06,0.0,5.0,0.1227888819143385,0.0
2021-09-15,4480.7001953125,0.008473996979569742,1.3888888948020476e-06,0.0,5.0,0.06114201970330446,0.0
2021-09-16,4473.75,-0.0015511404489350067,1.1904761638669722e-06,0.0,5.0,0.0659590945935612,0.0
2021-09-17,4432.990234375,-0.009110872450405094,1.1111111454074327e-06,0.0,5.0,0.1266457051557431,0.0
2021-09-20,4357.72998046875,-0.01697731100841482,9.92063506846389e-07,0.0,5.0,0.3074938189224185,0.0
2021-09-21,4354.18994140625,-0.0008123585165593639,7.936507759113135e-07,0.0,5.0,0.3054210381822804,0.0
2021-09-22,4395.64013671875,0.009519611195260236,9.92063506846389e-07,0.0,5.0,0.1563382523915138,0.0
2021-09-23,4448.97998046875,0.012134715784494876,9.92063506846389e-07,0.0,5.0,0.056018469468627985,0.0
2021-09-24,4455.47998046875,0.001461009046688222,9.92063506846389e-07,0.0,5.0,0.04309524477376424,0.0
2021-09-27,4443.10986328125,-0.0027763826213396126,9.92063506846389e-07,0.0,5.0,0.06082702074655607,0.0
2021-09-28,4352.6298828125,-0.020364110556098214,1.1904761638669722e-06,0.0,5.0,0.28084308924294654,0.0
2021-09-29,4359.4599609375,0.0015691842194003325,1.1904761638669722e-06,0.0,5.0,0.23917963824558905,0.0
2021-09-30,4307.5400390625,-0.011909714125195148,1.1111111454074327e-06,0.0,5.0,0.406940767756351,0.0
2021-10-01,4357.0400390625,0.01149147763018199,1.1111111454074327e-06,0.0,5.0,0.2055285565265873,0.0
2021-10-04,4300.4599609375,-0.012985898136748442,1.1111111454074327e-06,0.0,5.0,0.394501756908573,0.0
2021-10-05,4345.72021484375,0.010524514660609219,1.3888888948020476e-06,0.0,5.0,0.20625016073638555,0.0
2021-10-06,4363.5498046875,0.004102792854185466,1.5873015518226308e-06,0.0,5.0,0.12436223936689535,0.0
2021-10-07,4399.759765625,0.008298280656405366,1.5873015518226308e-06,0.0,5.0,0.06752267996338293,0.0
2021-10-08,4391.33984375,-0.0019137230947889883,1.5873015518226308e-06,0.0,5.0,0.09039822631332824,0.0
2021-10-11,4361.18994140625,-0.006865763848056816,1.5873015518226308e-06,0.0,5.0,0.17305855674715423,0.0
2021-10-12,4350.64990234375,-0.0024167805585421087,1.5873015518226308e-06,0.0,5.0,0.2094972426409933,0.0
2021-10-13,4363.7998046875,0.00302251448379387,1.7857143566721944e-06,0.0,5.0,0.14710799361310928,0.0
2021-10-14,4438.259765625,0.01706310194558336,1.5873015518226308e-06,0.0,5.0,0.06112385291472545,0.0
2021-10-15,4471.3701171875,0.007460210377712606,1.5079364594485992e-06,0.0,5.0,0.06254729204642744,0.0
2021-10-18,4486.4599609375,0.00337476955709759,1.7063492642981665e-06,0.0,5.0,0.0603701410535216,0.0
2021-10-19,4519.6298828125,0.007393339551406308,1.984127013692778e-06,0.0,5.0,0.07744729005455005,0.0
2021-10-20,4536.18994140625,0.0036640298040166996,1.984127013692778e-06,0.0,5.0,0.08055938688253918,0.0
2021-10-21,4549.77978515625,0.002995871849622578,1.984127013692778e-06,0.0,5.0,0.08314972874915617,0.0
2021-10-22,4544.89990234375,-0.0010725536274130976,1.984127013692778e-06,0.0,5.0,0.06469461168395622,0.0
2021-10-25,4566.47998046875,0.004748196569493546,1.984127013692778e-06,0.0,5.0,0.07543384977037827,0.0
2021-10-26,4574.7900390625,0.0018197952535197182,1.984127013692778e-06,0.0,5.0,0.07111109949537579,0.0
2021-10-27,4551.68017578125,-0.005051568068462853,1.984127013692778e-06,0.0,5.0,0.04449653434363054,0.0
2021-10-28,4596.419921875,0.009829281576461124,1.90476192131875e-06,0.0,5.0,0.07103460793611749,0.0
2021-10-29,4605.3798828125,0.001949334719149265,1.90476192131875e-06,0.0,5.0,0.0724189833885074,0.0
2021-11-01,4613.669921875,0.0018000771431341267,1.5873015518226308e-06,0.0,5.0,0.07421815301834496,0.0
2021-11-02,4630.64990234375,0.0036803630854131963,1.7857143566721944e-06,0.0,5.0,0.0831911939073211,0.0
2021-11-03,4660.56982421875,0.006461279195357994,1.7857143566721944e-06,0.0,5.0,0.10182880851738753,0.0
2021-11-04,4680.06005859375,0.004181942361150437,1.3888888948020476e-06,0.0,5.0,0.1109919912675321,0.0
2021-11-05,4697.52978515625,0.003732799652949259,1.5873015518226308e-06,0.0,5.0,0.11420477053900654,0.0
2021-11-08,4701.7001953125,0.0008877879113036169,1.3888888948020476e-06,0.0,5.0,0.10918643230642654,0.0
2021-11-09,4685.25,-0.003498775895770745,1.5873015518226308e-06,0.0,5.0,0.08150711644358298,0.0
2021-11-10,4646.7099609375,-0.008225823395229703,1.7857143566721944e-06,0.0,5.0,0.04984157683829373,0.0
2021-11-11,4649.27001953125,0.0005509400447352153,1.5873015518226308e-06,0.0,5.0,0.05582425296448758,0.0
2021-11-12,4682.85009765625,0.007222656026415475,1.7063492642981665e-06,0.0,5.0,0.06686098715399647,0.0
2021-11-15,4682.7998046875,-1.0739820344718431e-05,1.5079364594485992e-06,0.0,5.0,0.06080256950356231,0.0
2021-11-16,4700.89990234375,0.003865229864862485,1.5873015518226308e-06,0.0,5.0,0.06942522165159128,0.0
2021-11-17,4688.669921875,-0.002601625374463401,1.7857143566721944e-06,0.0,5.0,0.06005170461670395,0.0
2021-11-18,4704.5400390625,0.0033847802152713324,1.7857143566721944e-06,0.0,5.0,0.06459334746629868,0.0
2021-11-19,4697.9599609375,-0.001398665559303236,1.7857143566721944e-06,0.0,5.0,0.06086278216160803,0.0
2021-11-22,4682.93994140625,-0.0031971365563219223,1.5873015518226308e-06,0.0,5.0,0.06475816433982585,0.0
2021-11-23,4690.7001953125,0.001657132912945114,1.7857143566721944e-06,0.0,5.0,0.05974122165762208,0.0
2021-11-24,4701.4599609375,0.0022938506357221833,1.984127013692778e-06,0.0,5.0,0.059317878684507684,0.0
2021-11-26,4594.6201171875,-0.022724822637582465,1.7063492642981665e-06,0.0,5.0,0.13989756454504232,0.0
2021-11-29,4655.27001953125,0.013200199537034996,1.5079364594485992e-06,0.0,5.0,0.05168681074074094,0.0
2021-11-30,4567.0,-0.01896131033450521,1.90476192131875e-06,0.0,5.0,0.18944794683796753,0.0
2021-12-01,4513.0400390625,-0.011815187417889228,1.984127013692778e-06,0.0,5.0,0.33496281855347054,0.0
2021-12-02,4577.10009765625,0.01419443613158311,1.7063492642981665e-06,0.0,5.0,0.12260248327855276,0.0
2021-12-03,4538.43017578125,-0.008448563730297565,1.7063492642981665e-06,0.0,5.0,0.2152878137462284,0.0
2021-12-06,4591.669921875,0.011730872577451423,1.7063492642981665e-06,0.0,5.0,0.07197305093873516,0.0
2021-12-07,4686.75,0.020707080374404274,2.3015872353599167e-06,0.0,5.0,0.05813651591908605,0.0
2021-12-08,4701.2099609375,0.0030852853123166657,2.3809523277339444e-06,0.0,5.0,0.05902565763146192,0.0
2021-12-09,4667.4501953125,-0.007181080169894716,2.103174578339333e-06,0.0,5.0,0.04084394569410949,0.0
2021-12-10,4712.02001953125,0.009549073338481762,1.984127013692778e-06,0.0,5.0,0.05577206074939344,0.0
2021-12-13,4668.97021484375,-0.009136167611567658,1.7063492642981665e-06,0.0,5.0,0.04070328140810269,0.0
2021-12-14,4634.08984375,-0.0074706775774360246,1.90476192131875e-06,0.0,5.0,0.05862489267545044,0.0
2021-12-15,4709.85009765625,0.016348464630746795,1.7857143566721944e-06,0.0,5.0,0.04804273905128158,0.0
2021-12-16,4668.669921875,-0.008743415379980468,1.3888888948020476e-06,0.0,5.0,0.04230920135220679,0.0
2021-12-17,4620.64013671875,-0.010287680637092622,1.1904761638669722e-06,0.0,5.0,0.10184334291668627,0.0
2021-12-20,4568.02001953125,-0.01138805785140995,1.5079364594485992e-06,0.0,5.0,0.224875938476813,0.0
2021-12-21,4649.22998046875,0.017777934551572505,2.5793649847545313e-06,0.0,5.0,0.05068966599896532,0.0
2021-12-22,4696.56005859375,0.010180197220578835,2.5793649847545313e-06,0.0,5.0,0.04460364157667987,0.0
2021-12-23,4725.7900390625,0.006223699921661829,2.3015872353599167e-06,0.0,5.0,0.053398122191604655,0.0
2021-12-27,4791.18994140625,0.01383893524747526,1.7063492642981665e-06,0.0,5.0,0.09955778656851452,0.0
2021-12-28,4786.35009765625,-0.0010101548486260992,1.984127013692778e-06,0.0,5.0,0.08279531310718344,0.0
2021-12-29,4793.06005859375,0.0014018951394270118,1.7857143566721944e-06,0.0,5.0,0.07683805406164758,0.0
2021-12-30,4778.72998046875,-0.0029897555945093135,9.92063506846389e-07,0.0,5.0,0.06143259763374215,0.0
2021-12-31,4766.18017578125,-0.0026261799136575448,1.309523802428016e-06,0.0,5.0,0.05971284497868147,0.0
2022-01-03,4796.56005859375,0.006374052530970564,2.103174578339333e-06,0.0,5.0,0.06126126929995738,0.0
2022-01-04,4793.5400390625,-0.000629621957060511,3.1746031036452616e-06,0.0,5.0,0.057989613204534135,0.0
2022-01-05,4700.580078125,-0.019392757790687165,3.3730159084948255e-06,0.0,5.0,0.10092507697732592,0.0
2022-01-06,4696.0498046875,-0.0009637690162076495,3.571428713344389e-06,0.0,5.0,0.1107232086906451,0.0
2022-01-07,4677.02978515625,-0.004050216740091761,3.492063473141381e-06,0.0,5.0,0.15015507066692077,0.0
2022-01-10,4670.2900390625,-0.0014410312534549607,3.571428713344389e-06,0.0,5.0,0.15234680370019904,0.0
2022-01-11,4713.06982421875,0.009159984668711818,4.682539710922846e-06,0.0,5.0,0.06411976280776555,0.0
2022-01-12,4726.35009765625,0.002817754443029452,4.563492146276289e-06,0.0,5.0,0.04437846679287984,0.0
2022-01-13,4659.02978515625,-0.0142436152864307,4.365079341426725e-06,0.0,5.0,0.1538775738143911,0.0
2022-01-14,4662.85009765625,0.0008199802697488323,4.682539710922846e-06,0.0,5.0,0.11368989761273075,0.0
2022-01-18,4577.10986328125,-0.018387945694007368,5.158729969509063e-06,0.0,5.0,0.37849431882593076,0.0
2022-01-19,4532.759765625,-0.009689541868338813,6.547619307798051e-06,0.0,5.0,0.49951934893979716,0.0
2022-01-20,4482.72998046875,-0.01103737849414832,6.666666576786647e-06,0.0,5.0,0.5990181377661871,0.0
2022-01-21,4397.93994140625,-0.018914821867908604,6.2698415584034366e-06,0.0,5.0,0.6878492881702322,0.0
2022-01-24,4410.1298828125,0.002771738943381896,6.150793698098924e-06,0.0,5.0,0.6856516352151343,0.0
2022-01-25,4356.4501953125,-0.012171906253646725,7.3412699358803885e-06,0.0,5.0,0.7224439459515655,0.0
2022-01-26,4349.93017578125,-0.0014966358477518371,7.063492186485774e-06,0.0,5.0,0.7316100023701685,0.0
2022-01-27,4326.509765625,-0.00538408875771057,7.3412699358803885e-06,0.0,5.0,0.7437309439790144,1.0
2022-01-28,4431.85009765625,0.024347646888076113,6.86507908597825e-06,1.0,5.0,0.5950523444145284,1.0
2022-01-31,4515.5498046875,0.018885951732779516,6.86507908597825e-06,1.0,5.0,0.23770959878403636,0.0
2022-02-01,4546.5400390625,0.00686300355780145,8.055555323759714e-06,1.0,5.0,0.14822721845023842,0.0
2022-02-02,4589.3798828125,0.00942251544733641,7.3412699358803885e-06,0.0,5.0,0.10493627788690404,0.0
2022-02-03,4477.43994140625,-0.024391082077444004,7.658730305376503e-06,0.0,5.0,0.3879706011355215,0.0
2022-02-04,4500.52978515625,0.0051569298644233985,8.849206543157968e-06,0.0,5.0,0.2668283514858934,0.0
2022-02-07,4483.8701171875,-0.0037017126347429485,8.055555323759714e-06,0.0,5.0,0.34140946343463485,0.0
2022-02-08,4521.5400390625,0.008401207191663262,1.0912698649224782e-05,0.0,5.0,0.18063801721034703,0.0
2022-02-09,4587.18017578125,0.014517207887505545,1.0714286140033176e-05,0.0,5.0,0.09338412470103193,0.0
2022-02-10,4504.080078125,-0.01811572566845976,1.4682539871760777e-05,0.0,5.0,0.2582910201552015,0.0
2022-02-11,4418.64013671875,-0.01896945434456343,1.34126983937763e-05,0.0,5.0,0.6337434275819098,0.0
2022-02-14,4401.669921875,-0.0038405967262932217,1.4285714853377567e-05,0.0,5.0,0.6693969134819189,0.0
2022-02-15,4471.06982421875,0.01576672117072042,1.5873016109542244e-05,0.0,5.0,0.340630848039599,0.0
2022-02-16,4475.009765625,0.0008812077558950637,1.480158714074937e-05,0.0,5.0,0.29713071830572924,0.0
2022-02-17,4380.259765625,-0.021173138152195015,1.3690476143170916e-05,0.0,5.0,0.7011556885827949,0.0
2022-02-18,4348.8701171875,-0.0071661613961429005,1.2619047174378047e-05,0.0,5.0,0.762148011318064,0.0
2022-02-22,4304.759765625,-0.010142945264832837,1.3095238615596102e-05,0.0,5.0,0.8075121391701561,0.0
2022-02-23,4225.5,-0.018412122845487655,1.3492063633979314e-05,0.0,5.0,0.8149658781837924,0.0
2022-02-24,4288.7001953125,0.014956856067329216,1.1230158427404976e-05,0.0,5.0,0.8387260976913574,0.0
2022-02-25,4384.64990234375,0.022372677655603468,1.1825397137611633e-05,0.0,5.0,0.5043664190448395,0.0
2022-02-28,4373.93994140625,-0.002442603440647617,1.1428570936596582e-05,0.0,5.0,0.5485513321017107,0.0
2022-03-01,4306.259765625,-0.015473503680411893,1.2420634665186441e-05,0.0,5.0,0.7999259077389348,1.0
2022-03-02,4386.5400390625,0.018642691757321028,1.2896824923772657e-05,0.0,5.0,0.4504273715628921,0.0
2022-03-03,4363.490234375,-0.005254666430088317,1.3293651124787706e-05,0.0,5.0,0.5666792797555448,1.0
2022-03-04,4328.8701171875,-0.007934042550334475,1.2103174887006245e-05,1.0,5.0,0.7006070546483815,1.0
2022-03-07,4201.08984375,-0.029518158313449172,1.2103174887006245e-05,1.0,5.0,0.8614837676019913,1.0
2022-03-08,4170.7001953125,-0.00723375351819977,1.4285714853377567e-05,1.0,5.0,0.8573787071505591,1.0
2022-03-09,4277.8798828125,0.02569824789143582,1.4682539871760777e-05,1.0,5.0,0.8012795633525197,1.0
2022-03-10,4259.52001953125,-0.004291813651667864,1.4285714853377567e-05,1.0,5.0,0.8259293815911223,1.0
2022-03-11,4204.31005859375,-0.012961545123475138,1.4484127362569171e-05,1.0,5.0,0.8878265504361008,1.0
2022-03-14,4173.10986328125,-0.007421002465963666,1.4999999649940975e-05,1.0,5.0,0.8863053452226864,1.0
2022-03-15,4262.4501953125,0.021408574170870942,1.777777832651895e-05,1.0,5.0,0.7533424706117163,1.0
2022-03-16,4357.85986328125,0.02238376135718223,1.7182539616312296e-05,1.0,5.0,0.3679458256951743,1.0
2022-03-17,4411.669921875,0.01234781757145198,1.4285714853377567e-05,1.0,5.0,0.25777299891620953,1.0
2022-03-18,4463.1201171875,0.011662294827948783,1.5198412159132579e-05,1.0,5.0,0.21743286296917547,1.0
2022-03-21,4461.18017578125,-0.00043466036210393355,1.8055556075913563e-05,1.0,5.0,0.20158506213085994,1.0
2022-03-22,4511.60986328125,0.0113041136006502,2.0634919878036257e-05,1.0,5.0,0.18885268608166386,1.0
2022-03-23,4456.240234375,-0.012272698789159042,1.9047618621871583e-05,1.0,5.0,0.17429724273351485,0.0
2022-03-24,4520.16015625,0.01434391292056647,1.916666707349202e-05,1.0,5.0,0.15953737248665484,0.0
2022-03-25,4543.06005859375,0.005066170567449069,2.0634919878036257e-05,0.0,5.0,0.14956588503432203,0.0
2022-03-28,4575.52001953125,0.007144955276586762,2.015873080208188e-05,0.0,5.0,0.1515367456743521,0.0
2022-03-29,4631.60009765625,0.012256547427530462,2.2023809807641167e-05,0.0,5.0,0.17327102412982143,0.0
2022-03-30,4602.4501953125,-0.0062937001746978805,2.083333238722786e-05,0.0,5.0,0.12493503214209212,0.0
2022-03-31,4530.41015625,-0.015652540713177343,1.9563492091875226e-05,0.0,5.0,0.0780374585260716,0.0
2022-04-01,4545.85986328125,0.0034102225843584133,1.984126984126984e-05,0.0,5.0,0.07012020943239852,0.0
2022-04-04,4582.64013671875,0.008090938687879357,2.1349205857231504e-05,0.0,5.0,0.08036274494861878,0.0
2022-04-05,4525.1201171875,-0.012551720801807331,2.650793582674057e-05,0.0,5.0,0.07095889459426853,0.0
2022-04-06,4481.14990234375,-0.009716916613271898,2.6309523317548965e-05,0.0,5.0,0.17196766990581236,0.0
2022-04-07,4500.2099609375,0.004253385628492534,2.619047723119221e-05,0.0,5.0,0.10625609208678742,0.0
2022-04-08,4488.27978515625,-0.002651026482054286,2.650793582674057e-05,0.0,5.0,0.13879917675985362,0.0
2022-04-11,4412.52978515625,-0.01687729010355421,2.6984127267958627e-05,0.0,5.0,0.4700650414386638,0.0
2022-04-12,4397.4501953125,-0.003417447717741773,2.9285713320686706e-05,0.0,5.0,0.5244727938892374,0.0
2022-04-13,4446.58984375,0.011174577597236057,2.9365079743521554e-05,0.0,5.0,0.2536478153430602,0.0
2022-04-14,4392.58984375,-0.01214413784439794,2.9682540704333593e-05,0.0,5.0,0.5126055725645653,0.0
2022-04-18,4391.68994140625,-0.0002048682840329885,2.9960317271096366e-05,0.0,5.0,0.4932474695545484,0.0
2022-04-19,4462.2099609375,0.016057604355527166,3.3055555725854536e-05,0.0,5.0,0.17097782990311355,0.0
2022-04-20,4459.4501953125,-0.0006184750715809706,3.154761970989288e-05,0.0,5.0,0.1963885366072195,0.0
2022-04-21,4393.66015625,-0.014752948498371943,3.174603221908449e-05,0.0,5.0,0.48678782412244925,0.0
2022-04-22,4271.77978515625,-0.027740054250753654,3.0952379817054386e-05,0.0,5.0,0.7856923087886212,0.0
2022-04-25,4296.1201171875,0.005697936985382235,3.166666579624963e-05,0.0,5.0,0.7677036922363963,0.0
2022-04-26,4175.2001953125,-0.028146308431003852,3.3055555725854536e-05,0.0,5.0,0.808408752907201,0.0
2022-04-27,4183.9599609375,0.0020980468517017847,3.206349317989652e-05,0.0,5.0,0.836740520980266,0.0
2022-04-28,4287.5,0.02474690007293945,3.115079469150967e-05,0.0,5.0,0.7364185851149758,0.0
2022-04-29,4131.93017578125,-0.036284507106413955,3.206349317989652e-05,0.0,5.0,0.8489125249503806,1.0
2022-05-02,4155.3798828125,0.005675242812353654,3.0357142289479574e-05,1.0,5.0,0.8887462060740647,1.0
2022-05-03,4175.47998046875,0.004837126381486367,3.551587225898864e-05,1.0,5.0,0.8989097467888947,1.0
2022-05-04,4300.169921875,0.02986242108440229,3.3055555725854536e-05,1.0,5.0,0.47637836830259295,1.0
2022-05-05,4146.8701171875,-0.035649708609806985,3.186507830544124e-05,1.0,5.0,0.9099532422406473,1.0
2022-05-06,4123.33984375,-0.0056742248424840325,3.2341269746659296e-05,1.0,5.0,0.9176300729353495,1.0
2022-05-09,3991.239990234375,-0.03203710063235676,3.174603221908449e-05,1.0,5.0,0.8252532361401507,1.0
2022-05-10,4001.050048828125,0.0024578974498534745,3.4841270673842654e-05,1.0,5.0,0.8641098231561424,1.0
2022-05-11,3935.179931640625,-0.01646320750393837,3.503968318303426e-05,1.0,5.0,0.8249115915296485,1.0
2022-05-12,3930.080078125,-0.0012959645058717717,3.5912697277371846e-05,1.0,5.0,0.8468113312887394,1.0
2022-05-13,4023.889892578125,0.02386969542307149,3.742063565859719e-05,1.0,5.0,0.9633182234006928,1.0
2022-05-16,4008.010009765625,-0.003946400929555671,3.8888889645773273e-05,1.0,5.0,0.9583557679047136,1.0
2022-05-17,4088.85009765625,0.020169632234863677,4.119047569850135e-05,1.0,5.0,0.8735503704465089,1.0
2022-05-18,3923.679931640625,-0.04039526078745259,3.980158813416012e-05,1.0,5.0,0.8973402984336537,1.0
2022-05-19,3900.7900390625,-0.005833781800992588,3.968253968253968e-05,1.0,5.0,0.8907309580229779,1.0
2022-05-20,3901.360107421875,0.00014614176965843662,3.880952322293841e-05,1.0,5.0,0.9125370906913433,1.0
2022-05-23,3973.75,0.018555039930923556,3.940476075051322e-05,1.0,5.0,0.9617898760587529,1.0
2022-05-24,3941.47998046875,-0.008120797617175213,4.1388888207692946e-05,1.0,5.0,0.9575571584680436,1.0
2022-05-25,3978.72998046875,0.009450764734207695,4.1468252265264115e-05,1.0,5.0,0.9385812432998013,1.0
2022-05-26,4057.840087890625,0.019883256167224195,4.079365068011814e-05,1.0,5.0,0.6952554443372803,1.0
2022-05-27,4158.240234375,0.02474226295510973,4.06746022284977e-05,1.0,5.0,0.39870232632652247,1.0
2022-05-31,4132.14990234375,-0.006274368617659065,4.0873014737689306e-05,1.0,5.0,0.46983580665927716,1.0
2022-06-01,4101.22998046875,-0.007482768681131846,4.376984304851956e-05,1.0,5.0,0.5987267095293719,1.0
2022-06-02,4176.81982421875,0.018431018038486124,4.4166668066902766e-05,1.0,5.0,0.36751530710265135,1.0
2022-06-03,4108.5400390625,-0.016347313992415624,4.503968216124035e-05,1.0,5.0,0.5983680454721555,1.0
2022-06-06,4121.43017578125,0.003137400778913113,4.6031744707198374e-05,1.0,5.0,0.5459617148704337,1.0
2022-06-07,4160.68017578125,0.009523393173235029,4.861111205721658e-05,1.0,5.0,0.3931753722416498,1.0
2022-06-08,4115.77001953125,-0.010793945785935621,4.892857301802862e-05,1.0,5.0,0.5902398682513205,1.0
2022-06-09,4017.820068359375,-0.02379869397635359,4.9126985527220226e-05,1.0,5.0,0.9400228549484422,1.0
2022-06-10,3900.860107421875,-0.029110303335524668,5.111111061913627e-05,1.0,5.0,0.8901722665340269,1.0
2022-06-13,3749.6298828125,-0.038768430665237275,5.944444546623834e-05,1.0,5.0,0.7720857568600925,1.0
2022-06-14,3735.47998046875,-0.0037736797459957394,6.916666787768166e-05,1.0,5.0,0.7871908079389495,1.0
2022-06-15,3789.989990234375,0.014592504858983224,6.72619068433368e-05,1.0,5.0,0.8709227179083847,1.0
2022-06-16,3666.77001953125,-0.03251195148816344,5.884920793866354e-05,1.0,5.0,0.7769109049322948,1.0
2022-06-17,3674.840087890625,0.002200865698254617,5.992063454219273e-05,1.0,5.0,0.8098752192129082,1.0
2022-06-21,3764.7900390625,0.024477242280086964,5.904762044785515e-05,1.0,5.0,0.9257303870000416,1.0
2022-06-22,3759.889892578125,-0.0013015723144006452,6.130952210653396e-05,1.0,5.0,0.9337464730512163,1.0
2022-06-23,3795.72998046875,0.009532217409177868,6.190475963410877e-05,1.0,5.0,0.9571323284482657,1.0
2022-06-24,3911.739990234375,0.03056329358583576,6.341270038059779e-05,1.0,5.0,0.7085064113504012,1.0
2022-06-27,3900.110107421875,-0.0029730715337762392,6.480158794493902e-05,1.0,5.0,0.7740966216492661,1.0
2022-06-28,3821.550048828125,-0.020143036075892073,6.896825536849007e-05,1.0,5.0,0.9620001049592964,1.0
2022-06-29,3818.830078125,-0.0007117454091590814,6.765873186172e-05,1.0,5.0,0.9622585805396769,1.0
2022-06-30,3785.3798828125,-0.008759278267998716,6.349206443816897e-05,1.0,5.0,0.9684617358520792,1.0
2022-07-01,3825.330078125,0.010553814029047315,6.36111128897894e-05,1.0,5.0,0.9350864430550404,1.0
2022-07-05,3831.389892578125,0.0015841285142366157,6.468253949331859e-05,1.0,5.0,0.9068225643417284,1.0
2022-07-06,3845.080078125,0.0035731642904301975,7.301587434042068e-05,1.0,5.0,0.861970160649131,1.0
2022-07-07,3902.6201171875,0.014964587965241805,7.353174781042433e-05,1.0,5.0,0.6397237111692913,1.0
2022-07-08,3899.3798828125,-0.000830271529819071,7.313492279204111e-05,1.0,5.0,0.6660715364751901,1.0
2022-07-11,3854.429931640625,-0.011527461422777274,7.749999799425638e-05,1.0,5.0,0.8558844440447941,1.0
2022-07-12,3818.800048828125,-0.009243878717321574,8.384920301891509e-05,1.0,5.0,0.9405098744531568,1.0
2022-07-13,3801.780029296875,-0.0044569025122100925,9.218253786601717e-05,1.0,5.0,0.949781597085154,1.0
2022-07-14,3790.3798828125,-0.00299863390215227,9.019841277410113e-05,1.0,5.0,0.9402993621670044,1.0
2022-07-15,3863.159912109375,0.01920124935943668,8.888888926733108e-05,1.0,5.0,0.7369573092941767,1.0
2022-07-18,3830.85009765625,-0.008363571580831342,8.96825393040975e-05,1.0,5.0,0.8626156831686227,1.0
2022-07-19,3936.68994140625,0.02762829164595959,9.722222411443316e-05,1.0,5.0,0.4633395272121161,1.0
2022-07-20,3959.89990234375,0.005895806193263242,9.436508019765218e-05,1.0,5.0,0.40437647672821936,1.0
2022-07-21,3998.949951171875,0.00986137270919718,9.365078948792958e-05,1.0,5.0,0.3307328932078027,1.0
2022-07-22,3961.6298828125,-0.00933246697634671,9.345238170926534e-05,1.0,5.0,0.4024359408981873,1.0
2022-07-25,3966.840087890625,0.0013151670479691902,9.496031299469963e-05,1.0,5.0,0.3838160993361832,1.0
2022-07-26,3921.050048828125,-0.01154320266205866,9.821428192986383e-05,1.0,5.0,0.5776427680619579,1.0
2022-07-27,4023.610107421875,0.026156273782937722,9.456348797631641e-05,1.0,5.0,0.28772938684267385,1.0
2022-07-28,4072.429931640625,0.012133338697180918,9.158730506896972e-05,1.0,5.0,0.25172677776924524,1.0
2022-07-29,4130.2900390625,0.014207760082581844,9.119048005058652e-05,1.0,5.0,0.2429010850430376,1.0
2022-08-01,4118.6298828125,-0.0028230841271976725,8.988095654381647e-05,1.0,5.0,0.22066623327924947,0.0
2022-08-02,4091.18994140625,-0.006662395550704803,9.773809758443683e-05,1.0,5.0,0.20884224548815278,0.0
2022-08-03,4155.169921875,0.015638477163140152,9.634920528956822e-05,0.0,5.0,0.20433250486959678,0.0
2022-08-04,4151.93994140625,-0.0007773401640558397,9.436508019765218e-05,0.0,5.0,0.18627416377994657,0.0
2022-08-05,4145.18994140625,-0.0016257460597355333,9.563492404090033e-05,0.0,5.0,0.17492739080350533,0.0
2022-08-08,4140.06005859375,-0.0012375507238541195,9.761904913281637e-05,0.0,5.0,0.16877015510947385,0.0
2022-08-09,4122.47021484375,-0.004248692893594086,0.00010198412433503166,0.0,5.0,0.17591095246434343,0.0
2022-08-10,4210.240234375,0.021290637641290244,0.0001005952415012178,0.0,5.0,0.17776443899933256,0.0
2022-08-11,4207.27001953125,-0.0007054739583503,9.880952418796599e-05,0.0,5.0,0.1669995555184082,0.0
2022-08-12,4280.14990234375,0.017322368774566943,9.92063492063492e-05,0.0,5.0,0.19442393027704394,0.0
2022-08-15,4297.14013671875,0.0039695418998517695,9.972222267635285e-05,0.0,5.0,0.18503545234385343,0.0
2022-08-16,4305.2001953125,0.0018756797165810912,0.00010309524006313749,0.0,5.0,0.1700471983252438,0.0
2022-08-17,4274.0400390625,-0.007237794954094601,0.00010190476500798786,0.0,5.0,0.13325949946949503,0.0
2022-08-18,4283.740234375,0.002269561170191503,0.00010178571655636741,0.0,5.0,0.12603985765403666,0.0
2022-08-19,4228.47998046875,-0.012900001139847905,0.00010238094935341486,0.0,5.0,0.10445172710801183,0.0
2022-08-22,4137.990234375,-0.0214000649197158,0.00010507936515505352,0.0,5.0,0.29913164052950497,0.0
2022-08-23,4128.72998046875,-0.0022378626777133093,0.00010726190748668851,0.0,5.0,0.33461054922183375,0.0
2022-08-24,4140.77001953125,0.0029161604463010526,0.00010765873250507174,0.0,5.0,0.2634108717008253,0.0
2022-08-25,4199.1201171875,0.014091605518061545,0.00010833333409021771,0.0,5.0,0.11981196320883314,0.0
2022-08-26,4057.659912109375,-0.03368805871951874,0.0001093254013667031,0.0,5.0,0.5960089664973535,0.0
2022-08-29,4030.610107421875,-0.006666355799502699,0.00011103174989185636,0.0,5.0,0.6632214652804581,0.0
2022-08-30,3986.159912109375,-0.011028155571448206,0.00011400793279920305,0.0,5.0,0.7418857228291265,0.0
2022-08-31,3955.0,-0.007817025105971265,0.00011349205932919941,0.0,5.0,0.7752381433458404,0.0
2022-09-01,3966.85009765625,0.0029962320243361873,0.00011361110778081984,0.0,5.0,0.7713970545028879,0.0
2022-09-02,3924.260009765625,-0.010736500458081055,0.00011190475925566658,0.0,5.0,0.8093365974358052,0.0
2022-09-06,3908.18994140625,-0.004095056983834944,0.00011289682653215195,0.0,5.0,0.8221565727321465,1.0
2022-09-07,3979.8701171875,0.018341016392734,0.00011638889237055703,1.0,5.0,0.7016303862344432,1.0
2022-09-08,4006.179931640625,0.006610721877456038,0.00011706349395570301,1.0,5.0,0.5493586694986288,1.0
2022-09-09,4067.360107421875,0.015271449816332883,0.00011777777520437089,1.0,5.0,0.2733441358143825,1.0
2022-09-12,4110.41015625,0.0105842727693497,0.00011884920180790008,1.0,5.0,0.19053350681233625,0.0
2022-09-13,3932.68994140625,-0.0432366134006168,0.00012511905223604232,1.0,5.0,0.8121572360875974,1.0
2022-09-14,3946.010009765625,0.0033870120853238816,0.00012412698495955693,1.0,5.0,0.7663810519918456,1.0
2022-09-15,3901.35009765625,-0.011317739184353415,0.00012281746145278687,1.0,5.0,0.8520998505667254,1.0
2022-09-16,3873.330078125,-0.007182134089448455,0.00012182539417630151,1.0,5.0,0.8758582588996928,1.0
2022-09-19,3899.889892578125,0.006857100716286535,0.00012043651134248764,1.0,5.0,0.8399116980156823,1.0
2022-09-20,3855.929931640625,-0.011272103097361819,0.00012869047740149119,1.0,5.0,0.877436553772136,1.0
2022-09-21,3789.929931640625,-0.017116493600784488,0.00012658730385795472,1.0,5.0,0.8708242336555402,1.0
2022-09-22,3757.989990234375,-0.00842758097968943,0.00012420635374765549,1.0,5.0,0.863864102815263,1.0
2022-09-23,3693.22998046875,-0.017232619015461026,0.00012333333492279053,1.0,5.0,0.8245024041694153,1.0
2022-09-26,3655.0400390625,-0.010340526208282075,0.00012559523658146936,1.0,5.0,0.8131990750771818,1.0
2022-09-27,3647.2900390625,-0.0021203598092424114,0.00012896825396825398,1.0,5.0,0.8277141731629154,1.0
2022-09-28,3719.0400390625,0.019672139926234733,0.00012817460393148755,1.0,5.0,0.9278723561685431,1.0
2022-09-29,3640.469970703125,-0.021126437880238824,0.00012769841012500582,1.0,5.0,0.8660013567077297,1.0
2022-09-30,3585.6201171875,-0.015066695771983274,0.00012619047883957152,1.0,5.0,0.8286993111209555,1.0
2022-10-03,3678.429931640625,0.025883894952576147,0.00012500000378442192,1.0,5.0,0.9395963456098667,1.0
2022-10-04,3790.929931640625,0.030583700679551518,0.00013154762131827217,1.0,5.0,0.7324592195312363,1.0
2022-10-05,3783.280029296875,-0.002017948757084831,0.00013067460249340722,1.0,5.0,0.7623453687989036,1.0
2022-10-06,3744.52001953125,-0.010245080846639998,0.000130476194714743,1.0,5.0,0.8833061557201918,1.0
2022-10-07,3639.659912109375,-0.028003617786773516,0.00013067460249340722,1.0,5.0,0.9178916682939459,1.0
2022-10-10,3612.389892578125,-0.00749246363390188,0.00013035714626312257,1.0,5.0,0.9012505312594898,1.0
2022-10-11,3588.840087890625,-0.006519175777754405,0.00013253967913370285,1.0,5.0,0.8882208174197396,1.0
2022-10-12,3577.030029296875,-0.0032907731480149582,0.00014019841239565892,1.0,5.0,0.8844331301444149,1.0
2022-10-13,3669.909912109375,0.02596564246086497,0.00014218253748757498,1.0,5.0,0.9023611391904093,1.0
2022-10-14,3583.070068359375,-0.02366266361565439,0.0001439682548008268,1.0,5.0,0.9107428645485316,1.0
2022-10-17,3677.949951171875,0.026480052302171098,0.00014634920491112604,1.0,5.0,0.8581854462871756,1.0
2022-10-18,3719.97998046875,0.011427569666488724,0.00015210317240820992,1.0,5.0,0.7320297646711365,1.0
2022-10-19,3695.159912109375,-0.0066720972934503076,0.00015448412251850918,1.0,5.0,0.8200171552964566,1.0
2022-10-20,3665.780029296875,-0.007950909706564868,0.00015436508352794344,1.0,5.0,0.8855864735808305,1.0
2022-10-21,3752.75,0.02372481982226482,0.00015416666628822448,1.0,5.0,0.6072685250659443,1.0
2022-10-24,3797.340087890625,0.011881976654619875,0.0001552777820163303,1.0,5.0,0.47312227731617207,1.0
2022-10-25,3859.110107421875,0.016266654579669915,0.00015734126643529017,1.0,5.0,0.3614451154151935,1.0
2022-10-26,3830.60009765625,-0.007387716072364547,0.00015595238360147627,1.0,5.0,0.41546181190417075,1.0
2022-10-27,3807.300048828125,-0.006082610618211248,0.00015595238360147627,1.0,5.0,0.4985418990133728,1.0
2022-10-28,3901.06005859375,0.024626377895927698,0.0001575396836750091,1.0,5.0,0.321502777088933,1.0
2022-10-31,3871.97998046875,-0.00745440410765752,0.00015773809145367334,1.0,5.0,0.35726816260059246,1.0
2022-11-01,3856.10009765625,-0.004101230608784645,0.0001607142932831295,1.0,5.0,0.4035242903720296,1.0
2022-11-02,3759.68994140625,-0.02500198485734284,0.0001597222260066441,1.0,5.0,0.7760150391360526,1.0
2022-11-03,3719.889892578125,-0.010585992315429671,0.0001597222260066441,1.0,5.0,0.8653354170100342,1.0
2022-11-04,3770.550048828125,0.013618724670070526,0.0001592460322001624,1.0,5.0,0.7071193384498097,1.0
2022-11-07,3806.800048828125,0.009613981920559844,0.00015805555714501273,1.0,5.0,0.5352585490380465,1.0
2022-11-08,3828.110107421875,0.005597892802462701,0.00016230159335666234,1.0,5.0,0.44591292143132516,1.0
2022-11-09,3748.570068359375,-0.02077788695478977,0.00016242063234722803,1.0,5.0,0.7994715384947338,1.0
2022-11-10,3956.3701171875,0.05543448436034493,0.000160912691600739,1.0,5.0,0.29284774948410086,1.0
2022-11-11,3992.929931640625,0.009240746788147902,0.00016123016675313314,1.0,5.0,0.2748434998417013,1.0
2022-11-14,3957.25,-0.008935777048800997,0.00016142856507074264,1.0,5.0,0.26833135837056327,1.0
2022-11-15,3991.72998046875,0.008713116550319144,0.00016388889343019517,1.0,5.0,0.25118934988565594,0.0
2022-11-16,3958.7900390625,-0.008252046497990273,0.0001636904761904762,1.0,5.0,0.25419207148157646,0.0
2022-11-17,3946.56005859375,-0.0030893228355314273,0.00016321428238399446,0.0,5.0,0.2540325238174883,0.0
2022-11-18,3965.340087890625,0.00475858190881473,0.00016408731066991413,0.0,5.0,0.22594076236477134,0.0
2022-11-21,3949.93994140625,-0.003883688698329779,0.00016261904958694698,0.0,5.0,0.23971465239656933,0.0
2022-11-22,4003.580078125,0.013579987927526016,0.00016658729977077908,0.0,5.0,0.1983957838815969,0.0
2022-11-23,4027.260009765625,0.0059146891478476515,0.0001666666590978229,0.0,5.0,0.18556533403871375,0.0
2022-11-25,4026.1201171875,-0.0002830441976333642,0.00016567461074344696,0.0,5.0,0.17712013305321447,0.0
2022-11-28,3963.93994140625,-0.015444192913123267,0.00016599206697373163,0.0,5.0,0.22623357596101423,0.0
2022-11-29,3957.6298828125,-0.0015918653377758885,0.00016876983264135935,0.0,5.0,0.24534310937667805,0.0
2022-11-30,4080.110107421875,0.030947872397389053,0.00016876983264135935,0.0,5.0,0.19126104980357037,0.0
2022-12-01,4076.570068359375,-0.0008676332180498347,0.00016638888253106012,0.0,5.0,0.1797230294684214,0.0
2022-12-02,4071.699951171875,-0.001194660488065602,0.00016698413425021702,0.0,5.0,0.17009138557486714,0.0
2022-12-05,3998.840087890625,-0.017894212283564803,0.00016499999969724625,0.0,5.0,0.22092173350931404,0.0
2022-12-06,3941.260009765625,-0.014399194981406072,0.0001674603091345893,0.0,5.0,0.40035438140186175,0.0
2022-12-07,3933.919921875,-0.0018623708845491027,0.00016599206697373163,0.0,5.0,0.42635863268356744,0.0
2022-12-08,3963.510009765625,0.00752178195750397,0.00016468254346696157,0.0,5.0,0.2947304950521833,0.0
2022-12-09,3934.3798828125,-0.007349578247904498,0.0001655952324942937,0.0,5.0,0.40923478655655376,0.0
2022-12-12,3990.56005859375,0.014279296218109305,0.0001653968341766842,0.0,5.0,0.21675497540559446,0.0
2022-12-13,4019.64990234375,0.0072896644387934195,0.00016857143432374985,0.0,5.0,0.17411388241508824,0.0
2022-12-14,3995.320068359375,-0.006052724634100337,0.0001674603091345893,0.0,5.0,0.21790597201094045,0.0
2022-12-15,3895.75,-0.024921675023714007,0.00016718253256782652,0.0,5.0,0.5836917056347785,0.0
2022-12-16,3852.360107421875,-0.011137750774080746,0.00016519841693696523,0.0,5.0,0.7091937763221081,0.0
2022-12-19,3817.659912109375,-0.009007516001852345,0.00016519841693696523,0.0,5.0,0.7631387695358678,0.0
2022-12-20,3821.6201171875,0.0010373383615349674,0.00016785714361402723,0.0,5.0,0.7587157913934442,0.0
2022-12-21,3878.43994140625,0.014867993802734736,0.00016686507633754187,0.0,5.0,0.5451805215040026,0.0
2022-12-22,3822.389892578125,-0.01445169956861636,0.00016698413425021702,0.0,5.0,0.744861108106952,0.0
2022-12-23,3844.820068359375,0.005868102525282026,0.00016638888253106012,0.0,5.0,0.6376534569237483,0.0
2022-12-27,3829.25,-0.004049622110409712,0.00016646826078021336,0.0,5.0,0.682482663530342,0.0
2022-12-28,3783.219970703125,-0.012020638322615351,0.00017214285002814398,0.0,5.0,0.7980899880531585,0.0
2022-12-29,3849.280029296875,0.01746133164481911,0.00017043651096404543,0.0,5.0,0.5514716901561406,0.0
2022-12-30,3839.5,-0.0025407424823445934,0.00016904762813023158,0.0,5.0,0.574159881195734,0.0
2023-01-03,3824.139892578125,-0.004000548879248611,0.00016884921089051262,0.0,5.0,0.657992143956246,1.0
2023-01-04,3852.969970703125,0.007538970575044379,0.0001746031783875965,1.0,5.0,0.5031092626947148,1.0
2023-01-05,3808.10009765625,-0.011645528874622113,0.00017849206924438476,1.0,5.0,0.7111205130151841,1.0
2023-01-06,3895.080078125,0.02284078102943865,0.00017829365200466577,1.0,5.0,0.32619865263229075,1.0
2023-01-09,3892.090087890625,-0.0007676325452631305,0.00017789681752522789,1.0,5.0,0.35644354798934474,0.0
2023-01-10,3919.25,0.006978233159061986,0.0001811507959214468,1.0,5.0,0.26636832534150945,0.0
2023-01-11,3969.610107421875,0.012849424614881588,0.00018075396144200885,0.0,5.0,0.20180462525943693,0.0
2023-01-12,3983.169921875,0.0034159058663651987,0.00017757936129494318,0.0,5.0,0.18306634274478134,0.0
2023-01-13,3999.090087890625,0.003996858363534361,0.00017809523476494682,0.0,5.0,0.1699375191870945,0.0
2023-01-17,3990.969970703125,-0.0020304911890052235,0.00017829365200466577,0.0,5.0,0.1621909863096922,0.0
2023-01-18,3928.860107421875,-0.015562598500411085,0.00017976191308763294,0.0,5.0,0.27529268365908627,0.0
2023-01-19,3898.85009765625,-0.007638350296294338,0.00017956349584791396,0.0,5.0,0.40755849399728017,0.0
2023-01-20,3972.610107421875,0.018918401045981525,0.0001800793693179176,0.0,5.0,0.18356395395845784,0.0
2023-01-23,4019.81005859375,0.01188134498366522,0.00017996031140524242,0.0,5.0,0.15834536767808458,0.0
2023-01-24,4016.949951171875,-0.0007115031258156934,0.00018146825215173144,0.0,5.0,0.15236286537614302,0.0
2023-01-25,4016.219970703125,-0.0001817250594663422,0.00018035714588468036,0.0,5.0,0.15278962564990528,0.0
2023-01-26,4060.429931640625,0.011007853469181317,0.00018027778655763655,0.0,5.0,0.15075111289407017,0.0
2023-01-27,4070.56005859375,0.002494840970949097,0.00018047618487524608,0.0,5.0,0.13783639527821287,0.0
2023-01-30,4017.77001953125,-0.012968740984683369,0.00017996031140524242,0.0,5.0,0.1373572346924032,0.0
2023-01-31,4076.60009765625,0.014642470285510134,0.00018134921316116578,0.0,5.0,0.1280027123691321,0.0
2023-02-01,4119.2099609375,0.010452303944590291,0.000179365078608195,0.0,5.0,0.14242445886879462,0.0
2023-02-02,4179.759765625,0.014699373244309921,0.0001789682630508665,0.0,5.0,0.17611412146200764,0.0
2023-02-03,4136.47998046875,-0.010354610691310495,0.0001794841175987607,0.0,5.0,0.12407985028776577,0.0
2023-02-06,4111.080078125,-0.006140463017754394,0.0001798809520781986,0.0,5.0,0.10196603918964203,0.0
2023-02-07,4164.0,0.01287251059802652,0.00018134921316116578,0.0,5.0,0.1272425328641475,0.0
2023-02-08,4117.85986328125,-0.011080724476164705,0.0001819444459582132,0.0,5.0,0.09601790784845951,0.0
2023-02-09,4081.5,-0.00882979617773516,0.00018305555222526427,0.0,5.0,0.12205834435978564,0.0
2023-02-10,4090.4599609375,0.0021952617756952897,0.00018392858051118397,0.0,5.0,0.0988695308068879,0.0
2023-02-13,4137.2900390625,0.011448609342766147,0.00018432539606851245,0.0,5.0,0.09110540677254747,0.0
2023-02-14,4136.1298828125,-0.0002804145319874607,0.0001849206288655599,0.0,5.0,0.08987763961867998,0.0
2023-02-15,4147.60009765625,0.002773175690496066,0.00018424603674146864,0.0,5.0,0.08723719465490111,0.0
2023-02-16,4090.409912109375,-0.013788741489130674,0.00018511904610527886,0.0,5.0,0.11602052170602468,0.0
2023-02-17,4079.090087890625,-0.002767405825327751,0.00018571427890232633,0.0,5.0,0.14327166287089912,0.0
2023-02-21,3997.340087890625,-0.020041234255327334,0.00018603175405472046,0.0,5.0,0.4395371537202705,0.0
2023-02-22,3991.050048828125,-0.0015735561458868341,0.0001863095306214832,0.0,5.0,0.4506817975722342,0.0
2023-02-23,4012.320068359375,0.005329429416074394,0.00018611111338176424,0.0,5.0,0.32278956946440107,0.0
2023-02-24,3970.0400390625,-0.010537551485558128,0.00018662698685176788,0.0,5.0,0.49004451168168595,0.0
2023-02-27,3982.239990234375,0.0030730045671669703,0.00018511904610527886,0.0,5.0,0.4114114938628587,0.0
2023-02-28,3970.14990234375,-0.0030360018281855305,0.00018690476341853067,0.0,5.0,0.467153735648468,0.0
2023-03-01,3951.389892578125,-0.004725264845680033,0.0001874999962155781,0.0,5.0,0.5352682751801165,0.0
2023-03-02,3981.35009765625,0.0075821940867943916,0.0001874206368885343,0.0,5.0,0.3624795154605388,0.0
2023-03-03,4045.639892578125,0.0161477371607488,0.00018722221964881535,0.0,5.0,0.13566378782266875,0.0
2023-03-06,4048.419921875,0.0006871667698291617,0.0001876190541282533,0.0,5.0,0.13019087791127482,0.0
2023-03-07,3986.3701171875,-0.015326919115337678,0.00019226189643617659,0.0,5.0,0.3580045953355417,0.0
2023-03-08,3992.010009765625,0.0014147940136839399,0.0001937698371826656,0.0,5.0,0.30313981692174896,0.0
2023-03-09,3918.320068359375,-0.01845935787384867,0.00019238095434885176,0.0,5.0,0.6476112080943681,0.0
2023-03-10,3861.590087890625,-0.01447813845705137,0.00019059523703559997,0.0,5.0,0.7701911403962864,0.0
2023-03-13,3855.760009765625,-0.001509761003189447,0.0001848412695385161,0.0,5.0,0.7797548488421874,0.0
2023-03-14,3919.2900390625,0.016476655480623936,0.00018571427890232633,0.0,5.0,0.581923236997603,0.0
2023-03-15,3891.929931640625,-0.00698088356543769,0.00018087301935468402,0.0,5.0,0.6867067778404475,0.0
2023-03-16,3960.280029296875,0.017562006217166637,0.00017976191308763294,0.0,5.0,0.3203040945672997,0.0
2023-03-17,3916.639892578125,-0.011019457310067593,0.00017035715163700164,0.0,5.0,0.566831215040304,0.0
2023-03-20,3951.570068359375,0.008918403718310097,0.0001771825457376147,0.0,5.0,0.35288863617641686,0.0
2023-03-21,4002.8701171875,0.012982193897784988,0.00018273809599497962,0.0,5.0,0.18174091902484932,0.0
2023-03-22,3936.969970703125,-0.01646322377571363,0.00018107143659440298,0.0,5.0,0.4453365999957929,0.0
2023-03-23,3948.719970703125,0.0029845287333754023,0.0001786904675619943,0.0,5.0,0.3649356376370633,0.0
2023-03-24,3970.989990234375,0.005639807253104534,0.0001786904675619943,0.0,5.0,0.24290606871236886,0.0
2023-03-27,3977.530029296875,0.0016469543057482383,0.00018186508663116938,0.0,5.0,0.22091139935857346,0.0
2023-03-28,3971.27001953125,-0.0015738434957162095,0.00018365078502231174,0.0,5.0,0.2416790867367306,0.0
2023-03-29,4027.81005859375,0.014237268879836451,0.000183730163271465,0.0,5.0,0.12922251642756774,0.0
2023-03-30,4050.830078125,0.005715269388667954,0.00018511904610527886,0.0,5.0,0.11576290390070845,0.0
2023-03-31,4109.31005859375,0.014436542471763847,0.0001819444459582132,0.0,5.0,0.1381166111350139,0.0
2023-04-03,4124.509765625,0.0036988464765423945,0.00018134921316116578,0.0,5.0,0.13347461243586645,0.0
2023-04-04,4100.60009765625,-0.005796972083329965,0.0001876190541282533,0.0,5.0,0.09452348049242226,0.0
2023-04-05,4090.3798828125,-0.002492370531228194,0.0001867063461788117,0.0,5.0,0.08141527762507107,0.0
2023-04-06,4105.02001953125,0.0035791630944272956,0.00018690476341853067,0.0,5.0,0.08192587244804236,0.0
2023-04-10,4109.10986328125,0.0009963029974375814,0.00019198411986941384,0.0,5.0,0.08261148844734291,0.0
2023-04-11,4108.93994140625,-4.1352477946232646e-05,0.00019365079819209992,0.0,5.0,0.07000028658590804,0.0
2023-04-12,4091.949951171875,-0.004134884052006904,0.0001928571481553335,0.0,5.0,0.06822714986440345,0.0
2023-04-13,4146.22021484375,0.01326268999363811,0.00019265873091561453,0.0,5.0,0.08089020766927033,0.0
2023-04-14,4137.64013671875,-0.0020693734728036706,0.00019456348721943206,0.0,5.0,0.07072780891850203,0.0
2023-04-17,4151.31982421875,0.00330615690296554,0.00019535713725619844,0.0,5.0,0.07271204722209638,0.0
2023-04-18,4154.8701171875,0.0008552202959737354,0.00019960318292890276,0.0,5.0,0.0654455017646512,0.0
2023-04-19,4154.52001953125,-8.42619976980652e-05,0.00019821428117297945,0.0,5.0,0.0649689866909727,0.0
2023-04-20,4129.7900390625,-0.00595254815297297,0.00019623016554211814,0.0,5.0,0.06604560724905242,0.0
2023-04-21,4133.52001953125,0.0009031888869577287,0.00019642856385972766,0.0,5.0,0.06310038255770856,0.0
2023-04-24,4137.0400390625,0.0008515791660903549,0.00019337302162533715,0.0,5.0,0.06398743157835496,0.0
2023-04-25,4071.6298828125,-0.015810858882773227,0.0001965476217724028,0.0,5.0,0.1888945991270407,0.0
2023-04-26,4055.989990234375,-0.003841187197329843,0.00019781746561565097,0.0,5.0,0.24956285077550439,0.0
2023-04-27,4135.35009765625,0.01956614972249704,0.0001984126984126984,0.0,5.0,0.06572997542053133,0.0
2023-04-28,4169.47998046875,0.008253202753460531,0.00019535713725619844,0.0,5.0,0.06694708219033292,0.0
2023-05-01,4167.8701171875,-0.0003861064902076494,0.00019305554647294302,0.0,5.0,0.06210421953405639,0.0
2023-05-02,4119.580078125,-0.011586262936400304,0.00019999999848623124,0.0,5.0,0.09825139181432016,0.0
2023-05-03,4090.75,-0.006998305064656485,0.00020218253135681152,0.0,5.0,0.18717673291036596,0.0
2023-05-04,4061.219970703125,-0.007218732334382416,0.0002005952312832787,0.0,5.0,0.30443777179440573,0.0
2023-05-05,4136.25,0.018474751389515376,0.00020158729855976408,0.0,5.0,0.08934486718344811,0.0
2023-05-08,4138.1201171875,0.0004521286642489297,0.00020170635647243925,0.0,5.0,0.07448978476664835,0.0
2023-05-09,4119.169921875,-0.004579421277258522,0.00020329365654597208,0.0,5.0,0.1124094114239657,0.0
2023-05-10,4137.64013671875,0.004483965263404999,0.00020099206576271663,0.0,5.0,0.07448691469770743,0.0
2023-05-11,4130.6201171875,-0.0016966239932159066,0.00019900793120974586,0.0,5.0,0.08867587281272267,0.0
2023-05-12,4124.080078125,-0.0015833068345566526,0.00019952380467974954,0.0,5.0,0.10955736202952338,0.0
2023-05-15,4136.27978515625,0.0029581644391338813,0.0001984126984126984,0.0,5.0,0.08271519227816346,0.0
2023-05-16,4109.89990234375,-0.006377683373153031,0.00020071428919595384,0.0,5.0,0.14444469265578902,0.0
2023-05-17,4158.77001953125,0.011890829058788244,0.00020190475479004875,0.0,5.0,0.06766917036264443,0.0
2023-05-18,4198.0498046875,0.009445048649426635,0.00020337301587301587,0.0,5.0,0.06939014980633873,0.0
2023-05-19,4191.97998046875,-0.0014458676054706077,0.00020178571579948303,0.0,5.0,0.0653814914815595,0.0
2023-05-22,4192.6298828125,0.0001550346964389604,0.00020218253135681152,0.0,5.0,0.05711931531900322,0.0
2023-05-23,4145.580078125,-0.011222026747550129,0.000204484122140067,0.0,5.0,0.10163633753852103,0.0
2023-05-24,4115.240234375,-0.007318600335353365,0.00020575396598331513,0.0,5.0,0.18830135795669153,0.0
2023-05-25,4151.27978515625,0.008757581265902425,0.00020488095661950491,0.0,5.0,0.09058267996546568,0.0
2023-05-26,4205.4501953125,0.01304908677799732,0.00020297618139357795,0.0,5.0,0.06488696952202042,0.0
2023-05-30,4205.52001953125,1.660326849850513e-05,0.00020408730658273848,0.0,5.0,0.05993906019837818,0.0
2023-05-31,4179.830078125,-0.006108624209833935,0.0002082539740062895,0.0,5.0,0.06324996482737957,0.0
2023-06-01,4221.02001953125,0.009854453563032717,0.00020646825669303775,0.0,5.0,0.05472769981806211,0.0
2023-06-02,4282.3701171875,0.014534424705965554,0.00020694445049951947,0.0,5.0,0.09589625439715786,0.0
2023-06-05,4273.7900390625,-0.0020035816359177394,0.00020408730658273848,0.0,5.0,0.0770481338117192,0.0
2023-06-06,4283.85009765625,0.0023538963079141606,0.00020468253937978596,0.0,5.0,0.07356857038806364,0.0
2023-06-07,4267.52001953125,-0.0038120096998572883,0.000204484122140067,0.0,5.0,0.05753497846816023,0.0
2023-06-08,4293.93017578125,0.0061886426142414575,0.00020238094859653048,0.0,5.0,0.06649340149663202,0.0
2023-06-09,4298.85986328125,0.001148059539441082,0.00020218253135681152,0.0,5.0,0.06487625506517467,0.0
2023-06-12,4338.93017578125,0.009321148810237156,0.00020218253135681152,0.0,5.0,0.09017745594781279,0.0
2023-06-13,4369.009765625,0.006932489951473775,0.00020238094859653048,0.0,5.0,0.1075990332734915,0.0
2023-06-14,4372.58984375,0.0008194255259321714,0.00020158729855976408,0.0,5.0,0.09987902364543422,0.0
2023-06-15,4425.83984375,0.01217813742034668,0.0002005952312832787,0.0,5.0,0.13816900135332164,0.0
2023-06-16,4409.58984375,-0.0036716195284263176,0.00020099206576271663,0.0,5.0,0.10344125143175378,0.0
2023-06-20,4388.7099609375,-0.0047351076976228645,0.00020138888132004512,0.0,5.0,0.0735056441501016,0.0
2023-06-21,4365.68994140625,-0.005245281583003636,0.0002037698503524538,0.0,5.0,0.055211874754947744,0.0
2023-06-22,4381.89013671875,0.003710798414438443,0.0002037698503524538,0.0,5.0,0.0581589687503557,0.0
2023-06-23,4348.330078125,-0.007658808766684566,0.0002038888893430195,0.0,5.0,0.04643261367010857,0.0
2023-06-26,4328.81982421875,-0.004486838293256468,0.00020456350038922024,0.0,5.0,0.0657682365169885,0.0
2023-06-27,4378.41015625,0.011455854954693034,0.00020555554874359614,0.0,5.0,0.054139448785203874,0.0
2023-06-28,4376.85986328125,-0.00035407668843834283,0.00020515873318626766,0.0,5.0,0.05656477199717375,0.0
2023-06-29,4396.43994140625,0.004473544672805918,0.00020535715042598664,0.0,5.0,0.05688554642925298,0.0
2023-06-30,4450.3798828125,0.012269004495714109,0.000204484122140067,0.0,5.0,0.09180193922674941,0.0
2023-07-03,4455.58984375,0.0011706778016009611,0.0002041666659097823,0.0,5.0,0.08972780645494555,0.0
2023-07-05,4446.81982421875,-0.0019683184132291975,0.0002060714222135998,0.0,5.0,0.07767758225146049,0.0
2023-07-06,4411.58984375,-0.007922511336500904,0.0002068650722503662,0.0,5.0,0.059931016990270376,0.0
2023-07-07,4398.9501953125,-0.0028651005386203243,0.0002068650722503662,0.0,5.0,0.061130977662234805,0.0
2023-07-10,4409.52978515625,0.002405026057131332,0.00020734126605684796,0.0,5.0,0.055281134654225045,0.0
2023-07-11,4439.259765625,0.0067422110558885695,0.00020805555676657055,0.0,5.0,0.061556690950004184,0.0
2023-07-12,4472.16015625,0.007411233485312474,0.00020753968329656692,0.0,5.0,0.0746196199322327,0.0
2023-07-13,4510.0400390625,0.008470153458069118,0.00020726190672980415,0.0,5.0,0.0980480029439898,0.0
2023-07-14,4505.419921875,-0.0010244071333035398,0.00020694445049951947,0.0,5.0,0.0862227318203734,0.0
2023-07-17,4522.7900390625,0.0038553825145495324,0.00020765872228713263,0.0,5.0,0.09229330796971301,0.0
2023-07-18,4554.97998046875,0.007117275205842377,0.0002082539740062895,0.0,5.0,0.1102888541523032,0.0
2023-07-19,4565.72021484375,0.002357910335732072,0.00020813491609361436,0.0,5.0,0.1098718796925358,0.0
2023-07-20,4534.8701171875,-0.006756896218903741,0.00020805555676657055,0.0,5.0,0.07720792960569489,0.0
2023-07-21,4536.33984375,0.0003240945218980773,0.0002082539740062895,0.0,5.0,0.07944612162947469,0.0
2023-07-24,4554.64013671875,0.004034153877153557,0.00020833333333333332,0.0,5.0,0.08610451300192941,0.0
2023-07-25,4567.4599609375,0.002814673351556163,0.0002089285661303808,0.0,5.0,0.09078887567114008,0.0
2023-07-26,4566.75,-0.00015543889679858758,0.00020904762404305594,0.0,5.0,0.08324961980756757,0.0
2023-07-27,4537.41015625,-0.006424666064487883,0.00020904762404305594,0.0,5.0,0.07135953085616938,0.0
2023-07-28,4582.22998046875,0.009877842794752345,0.0002085317505730523,0.0,5.0,0.08402622863412407,0.0
2023-07-31,4588.9599609375,0.0014687129405193122,0.0002082539740062895,0.0,5.0,0.08167362733598381,0.0
2023-08-01,4576.72998046875,-0.002665087639215691,0.00020873016781277126,0.0,5.0,0.07049950218246251,0.0
2023-08-02,4513.39013671875,-0.013839541336347905,0.00020873016781277126,0.0,5.0,0.07536543122349046,0.0
2023-08-03,4501.89013671875,-0.0025479738404268204,0.00020865078956361802,0.0,5.0,0.08678423423016733,0.0
2023-08-04,4478.02978515625,-0.005300074155050516,0.00020845237232389904,0.0,5.0,0.130613088382628,0.0
2023-08-07,4518.43994140625,0.00902409277936278,0.00020873016781277126,0.0,5.0,0.06400379474093877,0.0
2023-08-08,4499.3798828125,-0.004218283044793103,0.00020932540060981873,0.0,5.0,0.0762981511666525,0.0
2023-08-09,4467.7099609375,-0.007038730380597102,0.0002095238178495377,0.0,5.0,0.12990961218009783,0.0
2023-08-10,4468.830078125,0.00025071394456976925,0.00020904762404305594,0.0,5.0,0.11672560152988205,0.0
2023-08-11,4464.0498046875,-0.0010696923700230787,0.0002089285661303808,0.0,5.0,0.12294421467300047,0.0
2023-08-14,4489.72021484375,0.005750475751703066,0.00020912698337009975,0.0,5.0,0.06474323088301699,0.0
2023-08-15,4437.85986328125,-0.011550909428841738,0.0002095238178495377,0.0,5.0,0.16733903311983034,0.0
2023-08-16,4404.330078125,-0.007555395210577687,0.0002097222161671472,0.0,5.0,0.27051741092683346,0.0
2023-08-17,4370.35986328125,-0.007712913029036983,0.00020944443960038448,0.0,5.0,0.37398209855344505,0.0
2023-08-18,4369.7099609375,-0.00014870682600087726,0.00020944443960038448,0.0,5.0,0.35126512579977415,0.0
2023-08-21,4399.77001953125,0.006879188518795987,0.0002095238178495377,0.0,5.0,0.2124650432200837,0.0
2023-08-22,4387.5498046875,-0.002777466728829614,0.00021011905064658514,0.0,5.0,0.2581652382636138,0.0
2023-08-23,4436.009765625,0.011044879965972587,0.00021011905064658514,0.0,5.0,0.10575655273880057,0.0
2023-08-24,4376.31005859375,-0.013457974663146133,0.0002104365068768698,0.0,5.0,0.2865098759039735,0.0
2023-08-25,4405.7099609375,0.006717966037625089,0.00021091270068335157,0.0,5.0,0.16401155008707716,0.0
2023-08-28,4433.31005859375,0.006264619755036449,0.00021123015691363621,0.0,5.0,0.09456041457755826,0.0
2023-08-29,4497.6298828125,0.01450830719454621,0.00021111111792307052,0.0,5.0,0.0628617055382322,0.0
2023-08-30,4514.8701171875,0.003833182103508026,0.00021091270068335157,0.0,5.0,0.06329216674626019,0.0
2023-08-31,4507.66015625,-0.0015969365120942491,0.00021023808963715085,0.0,5.0,0.06373107605289868,0.0
2023-09-01,4515.77001953125,0.0017991292600010311,0.00020904762404305594,0.0,5.0,0.06387799237886607,0.0
2023-09-05,4496.830078125,-0.004194177587506065,0.00020944443960038448,0.0,5.0,0.07954755346005161,0.0
2023-09-06,4465.47998046875,-0.006971599351452862,0.0002103174678863041,0.0,5.0,0.11262892561094232,0.0
2023-09-07,4451.14013671875,-0.0032112659361860363,0.00020964285684010338,0.0,5.0,0.1350261778944456,0.0
2023-09-08,4457.490234375,0.0014266227216406246,0.00021003969131954133,0.0,5.0,0.1189916568190069,0.0
2023-09-11,4487.4599609375,0.006723453106275201,0.00021003969131954133,0.0,5.0,0.07170055415040515,0.0
2023-09-12,4461.89990234375,-0.005695885604828921,0.00021051586620391362,0.0,5.0,0.11684800371962778,0.0
2023-09-13,4467.43994140625,0.0012416323054647016,0.00021051586620391362,0.0,5.0,0.1019891788747093,0.0
2023-09-14,4505.10009765625,0.00842991886716793,0.00021011905064658514,0.0,5.0,0.06410955860700716,0.0
2023-09-15,4450.31982421875,-0.012159612938677844,0.00021023808963715085,0.0,5.0,0.14512906874793025,0.0
2023-09-18,4453.52978515625,0.0007212876971294246,0.0002103174678863041,0.0,5.0,0.13152595501199774,0.0
2023-09-19,4443.9501953125,-0.002151010615372817,0.00021071428344363258,0.0,5.0,0.1476325556045354,0.0
2023-09-20,4402.2001953125,-0.0093947947580596,0.00021091270068335157,0.0,5.0,0.2894597010408467,0.0
2023-09-21,4330.0,-0.01640093410321941,0.00021051586620391362,0.0,5.0,0.5321477571675475,0.0
2023-09-22,4320.06005859375,-0.002295598477193961,0.00021051586620391362,0.0,5.0,0.5448477109144569,0.0
2023-09-25,4337.43994140625,0.0040230650909416354,0.00021083334135630776,0.0,5.0,0.45652704756373913,0.0
2023-09-26,4273.52978515625,-0.014734533990868215,0.00021130951624068002,0.0,5.0,0.626916833503097,0.0
2023-09-27,4274.509765625,0.00022931406074522265,0.00021150793348039898,0.0,5.0,0.6027395833368903,0.0
2023-09-28,4299.7001953125,0.005893173970516585,0.00021063492411658877,0.0,5.0,0.5014665857700162,0.0
2023-09-29,4288.0498046875,-0.002709582086142026,0.0002103174678863041,0.0,5.0,0.5315260912102809,0.0
2023-10-02,4288.39013671875,7.936755559079245e-05,0.00021091270068335157,0.0,5.0,0.4983187167390232,0.0
2023-10-03,4229.4501953125,-0.013744071674259506,0.00021190476795983693,0.0,5.0,0.6633783591141851,0.0
2023-10-04,4263.75,0.008109754957160709,0.00021170635072011797,0.0,5.0,0.5486564829163383,0.0
2023-10-05,4258.18994140625,-0.001304030159777203,0.00021130951624068002,0.0,5.0,0.5473310440651512,0.0
2023-10-06,4308.5,0.011814893014644445,0.0002122222241901216,0.0,5.0,0.3193477809189272,0.0
2023-10-09,4335.66015625,0.00630385429964031,0.0002122222241901216,0.0,5.0,0.21436780582557444,0.0
2023-10-10,4358.240234375,0.005207990781392224,0.00021123015691363621,0.0,5.0,0.16229180669086266,0.0
2023-10-11,4376.9501953125,0.00429300817103373,0.00021170635072011797,0.0,5.0,0.13051289091077403,0.0
2023-10-12,4349.60986328125,-0.00624643434611849,0.00021170635072011797,0.0,5.0,0.18051652681785754,0.0
2023-10-13,4327.77978515625,-0.005018858888767519,0.00021142857415335517,0.0,5.0,0.2564726415115898,0.0
2023-10-16,4373.6298828125,0.01059436938392988,0.00021142857415335517,0.0,5.0,0.13546343904420055,0.0
2023-10-17,4373.2001953125,-9.824505308242415e-05,0.00021190476795983693,0.0,5.0,0.13973541549714646,0.0
2023-10-18,4314.60009765625,-0.013399820506516447,0.00021150793348039898,0.0,5.0,0.33274993332516667,0.0
2023-10-19,4278.0,-0.008482848196321058,0.00021071428344363258,0.0,5.0,0.4912197189992025,0.0
2023-10-20,4224.16015625,-0.012585283719027562,0.0002103174678863041,0.0,5.0,0.6632624905275261,0.0
2023-10-23,4217.0400390625,-0.0016855698941634634,0.00021003969131954133,0.0,5.0,0.6639282301118195,0.0
2023-10-24,4247.68017578125,0.007265792222727274,0.00021063492411658877,0.0,5.0,0.5467670845212635,0.0
2023-10-25,4186.77001953125,-0.014339628627712542,0.00021091270068335157,0.0,5.0,0.7161089856782334,0.0
2023-10-26,4137.22998046875,-0.011832519778109618,0.0002103174678863041,0.0,5.0,0.7688475185706751,0.0
2023-10-27,4117.3701171875,-0.004800280229768528,0.00021051586620391362,0.0,5.0,0.7761605189493,0.0
2023-10-30,4166.81982421875,0.012010022325859904,0.00021083334135630776,0.0,5.0,0.721944151001367,0.0
2023-10-31,4193.7998046875,0.006474957307233353,0.00021111111792307052,0.0,5.0,0.6147995765965916,0.0
2023-11-01,4237.85986328125,0.010505999486313922,0.0002103174678863041,0.0,5.0,0.4020960527321615,0.0
2023-11-02,4317.77978515625,0.01885855702012762,0.00020912698337009975,0.0,5.0,0.18804979313523043,0.0
2023-11-03,4358.33984375,0.009393730253031363,0.00020845237232389904,0.0,5.0,0.15831164857447838,0.0
2023-11-06,4365.97998046875,0.0017529924220356374,0.00020873016781277126,0.0,5.0,0.14132196728927002,0.0
2023-11-07,4378.3798828125,0.0028401189192852616,0.00020924602236066547,0.0,5.0,0.1283613914844662,0.0
2023-11-08,4382.77978515625,0.0010049156221052513,0.00020904762404305594,0.0,5.0,0.11669545892605733,0.0
2023-11-09,4347.35009765625,-0.008083839306732843,0.00020884920680333698,0.0,5.0,0.12255536407570668,0.0
2023-11-10,4415.240234375,0.015616441094852496,0.00020833333333333332,0.0,5.0,0.10953526093616953,0.0
2023-11-13,4411.5498046875,-0.0008358389332403515,0.00020873016781277126,0.0,5.0,0.09362030495209102,0.0
2023-11-14,4495.7001953125,0.019075017703661823,0.00020845237232389904,0.0,5.0,0.141993921271638,0.0
2023-11-15,4502.8798828125,0.0015970120755575135,0.0002085317505730523,0.0,5.0,0.12760780010613335,0.0
2023-11-16,4508.240234375,0.0011904273935798848,0.00020805555676657055,0.0,5.0,0.11374085988880045,0.0
2023-11-17,4514.02001953125,0.0012820490603360213,0.00020765872228713263,0.0,5.0,0.1035563253908443,0.0
2023-11-20,4547.3798828125,0.007390278097329839,0.00020785713952685162,0.0,5.0,0.11881251260563024,0.0
2023-11-21,4538.18994140625,-0.0020209310950652926,0.0002085317505730523,0.0,5.0,0.0912529977891572,0.0
2023-11-22,4556.6201171875,0.00406112922094648,0.0002089285661303808,0.0,5.0,0.09479315369517795,0.0
2023-11-24,4559.33984375,0.0005968736678840791,0.00020845237232389904,0.0,5.0,0.08859990916660587,0.0
2023-11-27,4550.43017578125,-0.001954157460090089,0.00020865078956361802,0.0,5.0,0.06720301174269515,0.0
2023-11-28,4554.89013671875,0.0009801185306033133,0.00020873016781277126,0.0,5.0,0.06459360991455275,0.0
2023-11-29,4550.580078125,-0.0009462486392383118,0.00020793649885389538,0.0,5.0,0.055581753087296036,0.0
2023-11-30,4567.7998046875,0.0037840728581564065,0.00020785713952685162,0.0,5.0,0.05903900989224901,0.0
2023-12-01,4594.6298828125,0.005873742123607695,0.00020694445049951947,0.0,5.0,0.07435029316268629,0.0
2023-12-04,4569.77978515625,-0.005408509126972105,0.00020726190672980415,0.0,5.0,0.048259629070727166,0.0
2023-12-05,4567.18017578125,-0.0005688697261614362,0.00020805555676657055,0.0,5.0,0.04510180780305099,0.0
2023-12-06,4549.33984375,-0.003906202808869552,0.00020805555676657055,0.0,5.0,0.04177966616459114,0.0
2023-12-07,4585.58984375,0.007968189065892917,0.00020765872228713263,0.0,5.0,0.04566697003808016,0.0
2023-12-08,4604.3701171875,0.00409549786994079,0.00020765872228713263,0.0,5.0,0.054051901557389516,0.0
2023-12-11,4622.43994140625,0.003924494286698943,0.00020765872228713263,0.0,5.0,0.06532933387988347,0.0
2023-12-12,4643.7001953125,0.00459935752021523,0.0002082539740062895,0.0,5.0,0.08029366412682189,0.0
2023-12-13,4707.08984375,0.013650676351045998,0.00020726190672980415,0.0,5.0,0.12494181477093248,0.0
2023-12-14,4719.5498046875,0.0026470624846992585,0.00020694445049951947,0.0,5.0,0.12367394881037636,0.0
2023-12-15,4719.18994140625,-7.62494933082003e-05,0.00020734126605684796,0.0,5.0,0.10573633792262707,0.0
2023-12-18,4740.56005859375,0.004528344366900416,0.00020734126605684796,0.0,5.0,0.11284476357689195,0.0
2023-12-19,4768.3701171875,0.005866407818910568,0.00020785713952685162,0.0,5.0,0.12874407937179042,0.0
2023-12-20,4698.35009765625,-0.014684266911006771,0.00020753968329656692,0.0,5.0,0.05428501574129789,0.0
2023-12-21,4746.75,0.010301467821202559,0.0002067460332598005,0.0,5.0,0.08664348374991102,0.0
2023-12-22,4754.6298828125,0.0016600585268868873,0.00020666667393275668,0.0,5.0,0.08435883481430362,0.0
2023-12-26,4774.75,0.0042316894655107795,0.00020646825669303775,0.0,5.0,0.0929473953973332,0.0
2023-12-27,4781.580078125,0.0014304577464787638,0.0002077381005362859,0.0,5.0,0.09346495124619808,0.0
2023-12-28,4783.35009765625,0.0003701746080437829,0.0002070634894900852,0.0,5.0,0.0863594478220772,0.0
2023-12-29,4769.830078125,-0.0028264750133749628,0.00020555554874359614,0.0,5.0,0.06944925484876845,0.0
2024-01-02,4742.830078125,-0.005660579005492328,0.0002068650722503662,0.0,30.0,0.0680244036368121,0.0
2024-01-03,4704.81005859375,-0.008016314922730805,0.0002077381005362859,0.0,30.0,0.06363194439015821,0.0
2024-01-04,4688.68017578125,-0.0034283812973570083,0.0002074603239695231,0.0,30.0,0.07760243109931993,0.0
2024-01-05,4697.240234375,0.0018256861788026324,0.00020714284881712897,0.0,30.0,0.06747146570628364,0.0
2024-01-08,4763.5400390625,0.014114629309846638,0.00020714284881712897,0.0,30.0,0.06748975705205058,0.0
2024-01-09,4756.5,-0.0014779006799081618,0.00020753968329656692,0.0,30.0,0.06018127622496374,0.0
2024-01-10,4783.4501953125,0.00566597189372442,0.00020734126605684796,0.0,30.0,0.07420603564557321,0.0
2024-01-11,4780.240234375,-0.0006710555783868699,0.0002070634894900852,0.0,30.0,0.06963699754473546,0.0
2024-01-12,4783.830078125,0.0007509755941104146,0.0002062698394533188,0.0,30.0,0.06728147058769487,0.0
2024-01-16,4765.97998046875,-0.0037313402367431525,0.00020646825669303775,0.0,30.0,0.05782685268706412,0.0
2024-01-17,4739.2099609375,-0.005616897183990499,0.00020694445049951947,0.0,30.0,0.0615504275187329,0.0
2024-01-18,4780.93994140625,0.008805260963896,0.00020634919878036254,0.0,30.0,0.0630679881765721,0.0
2024-01-19,4839.81005859375,0.012313502764936146,0.0002062698394533188,0.0,30.0,0.10239592476772302,0.0
2024-01-22,4850.43017578125,0.0021943252026270788,0.00020634919878036254,0.0,30.0,0.09879370254472272,0.0
2024-01-23,4864.60009765625,0.002921374261968035,0.0002067460332598005,0.0,30.0,0.10714391172111865,0.0
2024-01-24,4868.5498046875,0.0008119284117831249,0.0002067460332598005,0.0,30.0,0.10062569166265324,0.0
2024-01-25,4894.16015625,0.005260365527706368,0.00020615080046275307,0.0,30.0,0.1174146487093632,0.0
2024-01-26,4890.97021484375,-0.0006517852510764532,0.00020634919878036254,0.0,30.0,0.10254407679719406,0.0
2024-01-29,4927.93017578125,0.007556774896180896,0.00020634919878036254,0.0,30.0,0.12808865173157874,0.0
2024-01-30,4924.97021484375,-0.0006006499345398986,0.00020646825669303775,0.0,30.0,0.11507148646186531,0.0
2024-01-31,4845.64990234375,-0.016105744611597972,0.00020587302389599027,0.0,30.0,0.05896021015342257,0.0
2024-02-01,4906.18994140625,0.012493688211609788,0.00020634919878036254,0.0,30.0,0.08497253164681622,0.0
2024-02-02,4958.60986328125,0.01068444607751462,0.0002067460332598005,0.0,30.0,0.12234827408680392,0.0
2024-02-05,4942.81005859375,-0.0031863375266721894,0.0002074603239695231,0.0,30.0,0.09963634718551272,0.0
2024-02-06,4954.22998046875,0.0023104108269635937,0.00020726190672980415,0.0,30.0,0.10411230562273305,0.0
2024-02-07,4995.06005859375,0.008241457963390042,0.00020726190672980415,0.0,30.0,0.13180018505137395,0.0
2024-02-08,4997.91015625,0.0005705832608251526,0.0002070634894900852,0.0,30.0,0.12906637947353367,0.0
2024-02-09,5026.60986328125,0.0057423415255595245,0.00020714284881712897,0.0,30.0,0.1460239434925165,0.0
2024-02-12,5021.83984375,-0.0009489536011326738,0.0002074603239695231,0.0,30.0,0.1242591997788353,0.0
2024-02-13,4953.169921875,-0.013674255653625456,0.00020765872228713263,0.0,30.0,0.07871224587390678,0.0
2024-02-14,5000.6201171875,0.009579763275017639,0.0002070634894900852,0.0,30.0,0.10392421643659114,0.0
2024-02-15,5029.72998046875,0.005821250684729495,0.0002070634894900852,0.0,30.0,0.12263226066559821,0.0
2024-02-16,5005.56982421875,-0.0048034698371121065,0.00020726190672980415,0.0,30.0,0.09241331697599121,0.0
2024-02-20,4975.509765625,-0.006005322001165325,0.0002068650722503662,0.0,30.0,0.07595984964196145,0.0
2024-02-21,4981.7998046875,0.001264199922982101,0.0002077381005362859,0.0,30.0,0.08111092934084463,0.0
2024-02-22,5087.02978515625,0.02112288421741404,0.00020765872228713263,0.0,30.0,0.1455665755428582,0.0
2024-02-23,5088.7998046875,0.0003479475462115911,0.00020793649885389538,0.0,30.0,0.13415445128582132,0.0
2024-02-26,5069.52978515625,-0.003786751350190576,0.00020833333333333332,0.0,30.0,0.10724421962906062,0.0
2024-02-27,5078.18017578125,0.0017063496993998672,0.00020813491609361436,0.0,30.0,0.1093930179585683,0.0
2024-02-28,5069.759765625,-0.001658155060430544,0.00020793649885389538,0.0,30.0,0.09727603282740793,0.0
2024-02-29,5096.27001953125,0.005229094697149161,0.00020726190672980415,0.0,30.0,0.1112691935689332,0.0
2024-03-01,5137.080078125,0.00800782894888763,0.00020694445049951947,0.0,30.0,0.13738894322760348,0.0
2024-03-04,5130.9501953125,-0.0011932620709189656,0.00020726190672980415,0.0,30.0,0.11881448585489376,0.0
2024-03-05,5078.64990234375,-0.010193100883444606,0.00020734126605684796,0.0,30.0,0.08183557240280341,0.0
2024-03-06,5104.759765625,0.005141103203274655,0.00020753968329656692,0.0,30.0,0.08990329708922626,0.0
2024-03-07,5157.35986328125,0.010304127925951478,0.0002074603239695231,0.0,30.0,0.12113884474431573,0.0
2024-03-08,5123.68994140625,-0.0065285190034379825,0.0002074603239695231,0.0,30.0,0.09156564828919896,0.0
2024-03-11,5117.93994140625,-0.001122238087346461,0.00020793649885389538,0.0,30.0,0.08507002795049973,0.0
2024-03-12,5175.27001953125,0.011201787981366396,0.00020793649885389538,0.0,30.0,0.11686016427349802,0.0
2024-03-13,5165.31005859375,-0.0019245297153407392,0.00020785713952685162,0.0,30.0,0.10411063831816596,0.0
2024-03-14,5150.47998046875,-0.0028710915621273925,0.00020785713952685162,0.0,30.0,0.09372150503109061,0.0
2024-03-15,5117.08984375,-0.006482917484461503,0.00020785713952685162,0.0,30.0,0.0885727695335066,0.0
2024-03-18,5149.419921875,0.006318059504952345,0.00020785713952685162,0.0,30.0,0.08831727998305487,0.0
2024-03-19,5178.509765625,0.0056491496501236416,0.00020785713952685162,0.0,30.0,0.09480651438443174,0.0
2024-03-20,5224.6201171875,0.008904173912846591,0.0002074603239695231,0.0,30.0,0.1207002453982679,0.0
2024-03-21,5241.52978515625,0.0032365354015160275,0.0002074603239695231,0.0,30.0,0.12423926442482455,0.0
2024-03-22,5234.18017578125,-0.0014021878490156903,0.00020714284881712897,0.0,30.0,0.11301278443067192,0.0
2024-03-25,5218.18994140625,-0.0030549644525015296,0.0002070634894900852,0.0,30.0,0.10230745450616419,0.0
2024-03-26,5203.580078125,-0.002799795225030266,0.0002070634894900852,0.0,30.0,0.10291437499719991,0.0
2024-03-27,5248.490234375,0.008630626525532925,0.00020694445049951947,0.0,30.0,0.11151799412778655,0.0
2024-03-28,5254.35009765625,0.0011164855071790214,0.00020646825669303775,0.0,30.0,0.10944131771632098,0.0
2024-04-01,5243.77001953125,-0.0020135845401164643,0.0002070634894900852,0.0,30.0,0.10176302875873253,0.0
2024-04-02,5205.81005859375,-0.0072390590731691296,0.0002068650722503662,0.0,30.0,0.08278287076824928,0.0
2024-04-03,5211.490234375,0.001091122364688113,0.0002067460332598005,0.0,30.0,0.07959407146334482,0.0
2024-04-04,5147.2099609375,-0.012334336350379616,0.00020646825669303775,0.0,30.0,0.10291322754041426,0.0
2024-04-05,5204.33984375,0.011099194174331695,0.00020694445049951947,0.0,30.0,0.07357020241739606,0.0
2024-04-08,5202.39013671875,-0.00037463099831791524,0.00020726190672980415,0.0,30.0,0.07996582165927398,0.0
2024-04-09,5209.91015625,0.0014454931932483817,0.00020714284881712897,0.0,30.0,0.07210835973292892,0.0
2024-04-10,5160.64013671875,-0.009456980649108493,0.00020805555676657055,0.0,30.0,0.08344633780233626,0.0
2024-04-11,5199.06005859375,0.007444797710585593,0.00020785713952685162,0.0,30.0,0.06324502778220085,0.0
2024-04-12,5123.41015625,-0.01455068829580164,0.00020753968329656692,0.0,30.0,0.11592471126862935,0.0
2024-04-15,5061.81982421875,-0.01202135494776202,0.00020785713952685162,0.0,30.0,0.22894348444106835,0.0
2024-04-16,5051.41015625,-0.0020565070133361507,0.00020765872228713263,0.0,30.0,0.24020945564939253,0.0
2024-04-17,5022.2099609375,-0.005780602724641426,0.00020793649885389538,0.0,30.0,0.2955081495486434,0.0
2024-04-18,5011.1201171875,-0.002208160119998248,0.00020805555676657055,0.0,30.0,0.3109281562890207,0.0
2024-04-19,4967.22998046875,-0.00875854812743615,0.00020813491609361436,0.0,30.0,0.39400390120774453,0.0
2024-04-22,5010.60009765625,0.008731248071466746,0.00020813491609361436,0.0,30.0,0.26171833158630786,0.0
2024-04-23,5070.5498046875,0.011964576270872662,0.00020813491609361436,0.0,30.0,0.105698092953205,0.0
2024-04-24,5071.6298828125,0.0002130100613548791,0.0002085317505730523,0.0,30.0,0.08970745007632366,0.0
2024-04-25,5048.419921875,-0.004576430353515626,0.00020813491609361436,0.0,30.0,0.11948116596111666,0.0
2024-04-26,5099.9599609375,0.01020914263474304,0.00020785713952685162,0.0,30.0,0.053117673905359784,0.0
2024-04-29,5116.169921875,0.0031784486665891176,0.00020805555676657055,0.0,30.0,0.04396764672857537,0.0
2024-04-30,5035.68994140625,-0.01573051358686217,0.00020813491609361436,0.0,30.0,0.15135714904574685,0.0
2024-05-01,5018.39013671875,-0.0034354388154940185,0.00020833333333333332,0.0,30.0,0.20647973651758098,0.0
2024-05-02,5064.2001953125,0.009128437077573048,0.00020785713952685162,0.0,30.0,0.0852816724327803,0.0
2024-05-03,5127.7900390625,0.012556739721478527,0.0002077381005362859,0.0,30.0,0.0530262566286049,0.0
2024-05-06,5180.740234375,0.01032612390701182,0.00020793649885389538,0.0,30.0,0.07632905288489628,0.0
2024-05-07,5187.7001953125,0.0013434298232750663,0.00020805555676657055,0.0,30.0,0.07236191652883814,0.0
2024-05-08,5187.669921875,-5.835618166138978e-06,0.00020813491609361436,0.0,30.0,0.060936435465964306,0.0
2024-05-09,5214.080078125,0.005090947698625836,0.00020793649885389538,0.0,30.0,0.07487079698724158,0.0
2024-05-10,5222.68017578125,0.001649398844549843,0.00020805555676657055,0.0,30.0,0.07266048982086633,0.0
2024-05-13,5221.419921875,-0.00024130405535727206,0.00020793649885389538,0.0,30.0,0.06176978004810453,0.0
2024-05-14,5246.68017578125,0.004837813139759728,0.0002077381005362859,0.0,30.0,0.07482921087884412,0.0
2024-05-15,5308.14990234375,0.011715927882596233,0.00020793649885389538,0.0,30.0,0.12155328198224419,0.0
2024-05-16,5297.10009765625,-0.0020816677921287052,0.00020805555676657055,0.0,30.0,0.09483608423375099,0.0
2024-05-17,5303.27001953125,0.0011647735102702228,0.00020793649885389538,0.0,30.0,0.09117289309544559,0.0
2024-05-20,5308.1298828125,0.0009163899374069473,0.00020793649885389538,0.0,30.0,0.08776749626283578,0.0
2024-05-21,5321.41015625,0.002501874243978186,0.00020793649885389538,0.0,30.0,0.09258683744570957,0.0
2024-05-22,5307.009765625,-0.002706123039226127,0.00020813491609361436,0.0,30.0,0.07172841308261037,0.0
2024-05-23,5267.83984375,-0.0073807894850155265,0.00020813491609361436,0.0,30.0,0.04826182343404828,0.0
2024-05-24,5304.72021484375,0.0070010425881694704,0.00020813491609361436,0.0,30.0,0.06149920150557104,0.0
2024-05-28,5306.0400390625,0.0002488018529340774,0.0002082539740062895,0.0,30.0,0.061025723883080876,0.0
2024-05-29,5266.9501953125,-0.007367046509680453,0.00020833333333333332,0.0,30.0,0.048837919574877466,0.0
2024-05-30,5235.47998046875,-0.005975035585443322,0.0002082539740062895,0.0,30.0,0.0650680887824169,0.0
2024-05-31,5277.509765625,0.00802787620486467,0.00020813491609361436,0.0,30.0,0.0428918044418488,0.0
2024-06-03,5283.39990234375,0.0011160825806737495,0.00020805555676657055,0.0,30.0,0.04556046506728789,0.0
2024-06-04,5291.33984375,0.0015028090913065117,0.00020793649885389538,0.0,30.0,0.05148080134585439,0.0
2024-06-05,5354.02978515625,0.011847649793331305,0.00020793649885389538,0.0,30.0,0.08489318746496285,0.0
2024-06-06,5352.9599609375,-0.00019981663563317653,0.00020765872228713263,0.0,30.0,0.07511317732576846,0.0
2024-06-07,5346.990234375,-0.0011152197300303701,0.00020785713952685162,0.0,30.0,0.06392290763905273,0.0
2024-06-10,5360.7900390625,0.0025808546645145203,0.00020765872228713263,0.0,30.0,0.07185932121442956,0.0
2024-06-11,5375.31982421875,0.0027103813151374556,0.00020813491609361436,0.0,30.0,0.08345631508694075,0.0
2024-06-12,5421.02978515625,0.008503672791998707,0.00020805555676657055,0.0,30.0,0.10450873216643906,0.0
2024-06-13,5433.740234375,0.0023446558536817097,0.00020793649885389538,0.0,30.0,0.10959942482574452,0.0
2024-06-14,5431.60009765625,-0.000393860697500914,0.00020793649885389538,0.0,30.0,0.10324803551941242,0.0
2024-06-17,5473.22998046875,0.007664386564552705,0.00020805555676657055,0.0,30.0,0.12637095072886528,0.0
2024-06-18,5487.02978515625,0.0025213273947457537,0.0002077381005362859,0.0,30.0,0.1311707720542421,0.0
2024-06-20,5473.169921875,-0.0025259318472709014,0.00020734126605684796,0.0,30.0,0.10747214911309838,0.0
2024-06-21,5464.6201171875,-0.001562130321101196,0.00020694445049951947,0.0,30.0,0.09415848087703853,0.0
2024-06-24,5447.8701171875,-0.003065171894990004,0.0002067460332598005,0.0,30.0,0.08019574779833313,0.0
2024-06-25,5469.2998046875,0.003933590015736899,0.00020726190672980415,0.0,30.0,0.08705293911888545,0.0
2024-06-26,5477.89990234375,0.0015724312002203256,0.00020753968329656692,0.0,30.0,0.09095456825810586,0.0
2024-06-27,5482.8701171875,0.0009073212238914774,0.00020726190672980415,0.0,30.0,0.09292996407743236,0.0
2024-06-28,5460.47998046875,-0.004083652583445674,0.0002068650722503662,0.0,30.0,0.07544174953290354,0.0
2024-07-01,5475.08984375,0.0026755639309195,0.0002070634894900852,0.0,30.0,0.08014811056364123,0.0
2024-07-02,5509.009765625,0.006195317856513505,0.0002074603239695231,0.0,30.0,0.09533223835641337,0.0
2024-07-03,5537.02001953125,0.005084444409779065,0.00020753968329656692,0.0,30.0,0.11132806746989365,0.0
2024-07-05,5567.18994140625,0.005448765178485582,0.00020734126605684796,0.0,30.0,0.1277982825829792,0.0
2024-07-08,5572.85009765625,0.0010166989647510949,0.0002070634894900852,0.0,30.0,0.12475491673658806,0.0
2024-07-09,5576.97998046875,0.0007410719362856977,0.00020734126605684796,0.0,30.0,0.119359540149977,0.0
2024-07-10,5633.91015625,0.010208065293514812,0.00020734126605684796,0.0,30.0,0.14902449151106467,0.0
2024-07-11,5584.5400390625,-0.008763028841120457,0.0002062698394533188,0.0,30.0,0.0984968968447353,0.0
2024-07-12,5615.35009765625,0.0055170270744306915,0.0002062698394533188,0.0,30.0,0.11198579121059446,0.0
2024-07-15,5631.22021484375,0.0028262026252154904,0.0002060714222135998,0.0,30.0,0.11772454822757276,0.0
2024-07-16,5667.2001953125,0.006389375498743188,0.0002060714222135998,0.0,30.0,0.13498350915479987,0.0
2024-07-17,5588.27001953125,-0.013927543241993745,0.00020615080046275307,0.0,30.0,0.08368312623548657,0.0
2024-07-18,5544.58984375,-0.007816403936922511,0.0002060714222135998,0.0,30.0,0.07944073899558018,0.0
2024-07-19,5505.0,-0.007140265531926926,0.0002060714222135998,0.0,30.0,0.10201720091427981,0.0
2024-07-22,5564.41015625,0.01079203564940956,0.00020595238322303409,0.0,30.0,0.06987065259532806,0.0
2024-07-23,5555.740234375,-0.001558102589770738,0.00020527777217683337,0.0,30.0,0.07460196287989788,0.0
2024-07-24,5427.1298828125,-0.02314909375473495,0.00020515873318626766,0.0,30.0,0.215937908295539,0.0
2024-07-25,5399.22021484375,-0.005142620237842288,0.0002047618987068297,0.0,30.0,0.2622519449922518,0.0
2024-07-26,5459.10009765625,0.011090468702846357,0.00020456350038922024,0.0,30.0,0.1317431518849346,0.0
2024-07-29,5463.5400390625,0.0008133101292933098,0.0002042460252368261,0.0,30.0,0.11381786811084102,0.0
2024-07-30,5436.43994140625,-0.004960171878030217,0.0002037698503524538,0.0,30.0,0.14882489589930153,0.0
2024-07-31,5522.2998046875,0.0157933986591674,0.0002037698503524538,0.0,30.0,0.07138818536791408,0.0
2024-08-01,5446.68017578125,-0.013693502993456064,0.00020297618139357795,0.0,30.0,0.13551346000303768,0.0
2024-08-02,5346.56005859375,-0.018381860868696753,0.00019960318292890276,0.0,30.0,0.335569866694791,0.0
2024-08-05,5186.330078125,-0.02996879838863975,0.00020079364852299765,0.0,30.0,0.5705671453310273,0.0
2024-08-06,5240.02978515625,0.010354085880061037,0.00020158729855976408,0.0,30.0,0.5017888192967586,0.0
2024-08-07,5199.5,-0.007734647858502863,0.00020158729855976408,0.0,30.0,0.5532590562747168,0.0
2024-08-08,5319.31005859375,0.023042611519136447,0.00020170635647243925,0.0,30.0,0.26483270112375984,0.0
2024-08-09,5344.16015625,0.004671676849538509,0.00020138888132004512,0.0,30.0,0.1710302813363924,0.0
2024-08-12,5344.39013671875,4.303397765514916e-05,0.0002013095219930013,0.0,30.0,0.16076658056060195,0.0
2024-08-13,5434.43017578125,0.016847579753558328,0.00020051587195623488,0.0,30.0,0.07195760000765097,0.0
2024-08-14,5455.2099609375,0.0038237284285767004,0.00020091270643567282,0.0,30.0,0.06891625247319225,0.0
2024-08-15,5543.22021484375,0.016133247764330783,0.00020158729855976408,0.0,30.0,0.12621582415207386,0.0
2024-08-16,5554.25,0.001989779357261412,0.00020138888132004512,0.0,30.0,0.11889386761602384,0.0
2024-08-19,5608.25,0.009722284736913167,0.00020091270643567282,0.0,30.0,0.15034133767267216,0.0
2024-08-20,5597.1201171875,-0.0019845553982971165,0.00019972222191946848,0.0,30.0,0.11750681234895125,0.0
2024-08-21,5620.85009765625,0.004239676828782013,0.0001986111156524174,0.0,30.0,0.12339358233952703,0.0
2024-08-22,5570.64013671875,-0.008932805548120926,0.0001994047656891838,0.0,30.0,0.06779956834739256,0.0
2024-08-23,5634.60986328125,0.01148337085011919,0.0001984126984126984,0.0,30.0,0.11162092198391557,0.0
2024-08-26,5616.83984375,-0.0031537266931381813,0.0001983333390856546,0.0,30.0,0.08365288968597238,0.0
2024-08-27,5625.7998046875,0.0015951960865450143,0.00019714285456945026,0.0,30.0,0.08259286137500957,0.0
2024-08-28,5592.18017578125,-0.00597597320797616,0.00019662698109944662,0.0,30.0,0.05513606787829946,0.0
2024-08-29,5591.9599609375,-3.937906806072977e-05,0.00019702381557888457,0.0,30.0,0.055278366819019584,0.0
2024-08-30,5648.39990234375,0.010093051774424433,0.00019714285456945026,0.0,30.0,0.08056560396816267,0.0
2024-09-03,5528.93017578125,-0.02115107439771169,0.00019722221389649407,0.0,30.0,0.07989616041751356,0.0
2024-09-04,5520.06982421875,-0.0016025435809103872,0.00019634920453268385,0.0,30.0,0.09163924366678435,0.0
2024-09-05,5503.41015625,-0.003018017615584734,0.00019571429207211448,0.0,30.0,0.11776432427268577,0.0
2024-09-06,5408.419921875,-0.01726024985928465,0.00019476190445915102,0.0,30.0,0.33010638983429946,0.0
2024-09-09,5471.0498046875,0.0115800702824842,0.00019424603098914736,0.0,30.0,0.14918096115013302,0.0
2024-09-10,5495.52001953125,0.004472672652839682,0.00019186508087884813,0.0,30.0,0.08223854362830102,0.0
2024-09-11,5554.1298828125,0.010665025888896507,0.00019345238095238096,0.0,30.0,0.04411085430542151,0.0
2024-09-12,5595.759765625,0.007495302358939249,0.00019206349811856709,0.0,30.0,0.05803778774273994,0.0
2024-09-13,5626.02001953125,0.005407711405364557,0.00018900793696206714,0.0,30.0,0.07277735883296868,0.0
2024-09-16,5633.08984375,0.0012566297656613212,0.00018829364625234452,0.0,30.0,0.07488293624203578,0.0
2024-09-17,5634.580078125,0.00026455008109871336,0.00018789683069501603,0.0,30.0,0.06796624826438799,0.0
2024-09-18,5618.259765625,-0.002896455862498093,0.00018313491155230808,0.0,30.0,0.046843003962888236,0.0
2024-09-19,5713.64013671875,0.01697685316676334,0.00018226190218849787,0.0,30.0,0.11210476487337212,0.0
2024-09-20,5702.5498046875,-0.0019410273951238066,0.00018035714588468036,0.0,30.0,0.08409745811547964,0.0
2024-09-23,5718.56982421875,0.0028092730585327352,0.0001786904675619943,0.0,30.0,0.08654897170116178,0.0
2024-09-24,5732.93017578125,0.0025111788443470395,0.00017837301133170959,0.0,30.0,0.09014030751047589,0.0
2024-09-25,5722.259765625,-0.0018612489301417234,0.00017805555510142494,0.0,30.0,0.070483878301165,0.0
2024-09-26,5745.3701171875,0.00403867571712313,0.00017730158472818041,0.0,30.0,0.08060310823526355,0.0
2024-09-27,5738.169921875,-0.0012532169669905446,0.00017785713786170598,0.0,30.0,0.06763995721354081,0.0
2024-09-30,5762.47998046875,0.004236552581176722,0.00017849206924438476,0.0,30.0,0.07868702407494055,0.0
2024-10-01,5708.75,-0.009324107094664358,0.00017785713786170598,0.0,30.0,0.04310141588516743,0.0
2024-10-02,5709.5400390625,0.00013839090212397487,0.00017750000196789937,0.0,30.0,0.04292648420346673,0.0
2024-10-03,5699.93994140625,-0.001681413492255035,0.0001771825457376147,0.0,30.0,0.04140367908139714,0.0
2024-10-04,5751.06982421875,0.008970249395274354,0.00017876984581114753,0.0,30.0,0.059298526726095147,0.0
2024-10-07,5695.93994140625,-0.009586022165882668,0.00017956349584791396,0.0,30.0,0.042022033248125513,0.0
2024-10-08,5751.1298828125,0.009689347495581924,0.0001796825348384797,0.0,30.0,0.05333156179920283,0.0
2024-10-09,5792.0400390625,0.007113411987488272,0.00017996031140524242,0.0,30.0,0.07707272950301489,0.0
2024-10-10,5780.0498046875,-0.002070122839989974,0.00017976191308763294,0.0,30.0,0.06284309135989148,0.0
2024-10-11,5815.02978515625,0.006051847587953629,0.00017916666136847602,0.0,30.0,0.0827374806861166,0.0
2024-10-14,5859.85009765625,0.0077076668832223305,0.0001792857192811512,0.0,30.0,0.10868371460354549,0.0
2024-10-15,5815.259765625,-0.007609466332438197,0.00017916666136847602,0.0,30.0,0.06620898004252201,0.0
2024-10-16,5842.47021484375,0.004679145956573816,0.0001786904675619943,0.0,30.0,0.08075198031010469,0.0
2024-10-17,5841.47021484375,-0.00017116047891174713,0.00017916666136847602,0.0,30.0,0.07222395417604177,0.0
2024-10-18,5864.669921875,0.00397155273894878,0.0001790873020414322,0.0,30.0,0.08182161677010268,0.0
2024-10-21,5853.97998046875,-0.0018227694906369774,0.0001792857192811512,0.0,30.0,0.07232355461657898,0.0
2024-10-22,5851.2001953125,-0.0004748538883844189,0.00017857142857142857,0.0,30.0,0.07197087913841252,0.0
2024-10-23,5797.419921875,-0.009191323428069387,0.00017876984581114753,0.0,30.0,0.06523694840693942,0.0
2024-10-24,5809.85986328125,0.002145772011323821,0.00017805555510142494,0.0,30.0,0.05929325753931392,0.0
2024-10-25,5808.1201171875,-0.00029944716993013376,0.0001789682630508665,0.0,30.0,0.06224845635126486,0.0
2024-10-28,5823.52001953125,0.0026514435020339455,0.00017785713786170598,0.0,30.0,0.06130023954588533,0.0
2024-10-29,5832.919921875,0.001614127248163344,0.00017777777853466217,0.0,30.0,0.05862548146395097,0.0
2024-10-30,5813.669921875,-0.003300233889343751,0.00017710316748846146,0.0,30.0,0.06863247068533908,0.0
2024-10-31,5705.4501953125,-0.018614700871699585,0.00017587302223084464,0.0,30.0,0.19388246219198205,0.0
2024-11-01,5728.7998046875,0.004092509543626166,0.0001746031783875965,0.0,30.0,0.14745212634493451,0.0
2024-11-04,5712.68994140625,-0.002812083478299976,0.0001753174690973191,0.0,30.0,0.17037631294675432,0.0
2024-11-05,5782.759765625,0.012265644545291332,0.00017551586741492862,0.0,30.0,0.06035428351248068,0.0
2024-11-06,5929.0400390625,0.025295927786425976,0.0001757936439816914,0.0,30.0,0.12052255206242658,0.0
2024-11-07,5973.10009765625,0.007431229727488331,0.0001753968284243629,0.0,30.0,0.13979716802015854,0.0
2024-11-08,5995.5400390625,0.0037568333092317108,0.00017551586741492862,0.0,30.0,0.1430368582813429,0.0
2024-11-11,6001.35009765625,0.0009690634297987444,0.00017519841118464392,0.0,30.0,0.1353351165952573,0.0
2024-11-12,5983.990234375,-0.00289265965137242,0.00017551586741492862,0.0,30.0,0.10560646599702231,0.0
2024-11-13,5985.3798828125,0.00023222772482434095,0.00017420634390815856,0.0,30.0,0.10011070353584434,0.0
2024-11-14,5949.169921875,-0.006049734794859041,0.0001739285673413958,0.0,30.0,0.07344391662479259,0.0
2024-11-15,5870.6201171875,-0.013203489851361216,0.0001743254018208337,0.0,30.0,0.07433108186031923,0.0
2024-11-18,5893.6201171875,0.003917814394541086,0.00017472221737816225,0.0,30.0,0.057794148968644134,0.0
2024-11-19,5916.97998046875,0.003963584828470035,0.00017492063461788118,0.0,30.0,0.05036910526674742,0.0
2024-11-20,5917.10986328125,2.195086225209586e-05,0.00017499999394492496,0.0,30.0,0.04882108326126266,0.0
2024-11-21,5948.7099609375,0.0053404615405816536,0.00017511905185760014,0.0,30.0,0.06016966304626934,0.0
2024-11-22,5969.33984375,0.003467959094991535,0.00017519841118464392,0.0,30.0,0.07200963495735807,0.0
2024-11-25,5987.3701171875,0.003020480305938378,0.00017480159562731546,0.0,30.0,0.08302255757594447,0.0
2024-11-26,6021.6298828125,0.005722005647630368,0.00017440476114787752,0.0,30.0,0.10107830377702921,0.0
2024-11-27,5998.740234375,-0.003801238017440034,0.00017400794559054903,0.0,30.0,0.07226853572591171,0.0
2024-11-29,6032.3798828125,0.005607785488815242,0.0001735317517840673,0.0,30.0,0.08821311488971731,0.0
2024-12-02,6047.14990234375,0.0024484564662998753,0.00017380952835083008,0.0,30.0,0.09569530199082288,0.0
2024-12-03,6049.8798828125,0.0004514491145146682,0.0001728968204013885,0.0,30.0,0.09848839812888868,0.0
2024-12-04,6086.490234375,0.006051417924264779,0.00017242062659490677,0.0,30.0,0.11772192984803706,0.0
2024-12-05,6075.10986328125,-0.0018697756269248078,0.0001718253937978593,0.0,30.0,0.09115956617312436,0.0
2024-12-06,6090.27001953125,0.0024954538421815275,0.00017043651096404543,0.0,30.0,0.09828165713262653,0.0
2024-12-09,6052.85009765625,-0.006144213927296471,0.00017035715163700164,0.0,30.0,0.0686906298445977,0.0
2024-12-10,6034.91015625,-0.002963883313944371,0.00017003967648460754,0.0,30.0,0.06388513237028615,0.0
2024-12-11,6084.18994140625,0.008165786048233592,0.00016884921089051262,0.0,30.0,0.07547261055042911,0.0
2024-12-12,6051.25,-0.005414022527810203,0.00016757936704726447,0.0,30.0,0.06714631265229536,0.0
2024-12-13,6051.08984375,-2.6466639124200775e-05,0.00016738094980754548,0.0,30.0,0.07012400848924984,0.0
2024-12-16,6074.080078125,0.0037993543260221863,0.00016777778428698342,0.0,30.0,0.07122900642178966,0.0
2024-12-17,6050.60986328125,-0.003863994965801476,0.00016825395917135572,0.0,30.0,0.062433883102004234,0.0
2024-12-18,5872.16015625,-0.02949284635160343,0.00016793650294107105,0.0,30.0,0.28577212095066357,0.0
2024-12-19,5867.080078125,-0.0008651123249070469,0.0001674603091345893,0.0,30.0,0.2892465120966322,0.0
2024-12-20,5930.85009765625,0.010869123768910471,0.0001672619108169798,0.0,30.0,0.13124580783042292,0.0
2024-12-23,5974.06982421875,0.007287273468533639,0.0001672619108169798,0.0,30.0,0.05992280421238066,0.0
2024-12-24,6040.0400390625,0.01104275925539211,0.0001666666590978229,0.0,30.0,0.04736687152707753,0.0
2024-12-26,6037.58984375,-0.00040565878647391695,0.0001672619108169798,0.0,30.0,0.04223977011968977,0.0
2024-12-27,5970.83984375,-0.011055736101235558,0.00016579364973401265,0.0,30.0,0.06059153192707376,0.0
2024-12-30,5906.93994140625,-0.010701995701766776,0.00016595238731020973,0.0,30.0,0.1528323277048275,0.0
2024-12-31,5881.6298828125,-0.004284800394927402,0.00016698413425021702,0.0,30.0,0.20071711800227324,0.0
2025-01-02,5868.5498046875,-0.0022238866412221947,0.00016698413425021702,0.0,30.0,0.2232444046956196,0.0
2025-01-03,5942.47021484375,0.01259602672149196,0.00016638888253106012,0.0,30.0,0.06447256951936345,0.0
2025-01-06,5975.3798828125,0.005538045085450305,0.0001662698435404944,0.0,30.0,0.03906128679811676,0.0
2025-01-07,5909.02978515625,-0.01110391288210788,0.00016678571701049806,0.0,30.0,0.12347241701822581,0.0
2025-01-08,5918.25,0.001560360190925314,0.00016686507633754187,0.0,30.0,0.08350802697785335,0.0
2025-01-10,5827.0400390625,-0.01541164380306681,0.00016718253256782652,0.0,30.0,0.29621790230086265,0.0
2025-01-13,5836.22021484375,0.0015754440882007614,0.00016738094980754548,0.0,30.0,0.23073426022151575,0.0
2025-01-14,5842.91015625,0.0011462798112440442,0.00016718253256782652,0.0,30.0,0.19142018660629764,0.0
2025-01-15,5949.91015625,0.018312792279639112,0.00016686507633754187,0.0,30.0,0.036911574170861015,0.0
2025-01-16,5937.33984375,-0.0021126894641922966,0.00016646826078021336,0.0,30.0,0.03983565496118037,0.0
2025-01-17,5996.66015625,0.009991058969353706,0.00016638888253106012,0.0,30.0,0.04467106257405222,0.0
2025-01-21,6049.240234375,0.008768227105582893,0.00016654762010725717,0.0,30.0,0.07041144328066265,0.0
2025-01-22,6086.3701171875,0.006137941522227575,0.0001672619108169798,0.0,30.0,0.09164238432608147,0.0
2025-01-23,6118.7099609375,0.00531348622041139,0.00016718253256782652,0.0,30.0,0.10559734058225687,0.0
2025-01-24,6101.240234375,-0.002855132319398823,0.00016686507633754187,0.0,30.0,0.06969044533434766,0.0
2025-01-27,6012.27978515625,-0.014580715690809543,0.0001661904842134506,0.0,30.0,0.02503382351464442,0.0
2025-01-28,6067.7001953125,0.009217869449967608,0.0001662698435404944,0.0,30.0,0.0399652824908882,0.0
2025-01-29,6039.31005859375,-0.004678895760321544,0.0001661904842134506,0.0,30.0,0.023927438283613583,0.0
2025-01-30,6071.169921875,0.005275414405311762,0.00016595238731020973,0.0,30.0,0.033325099549170116,0.0
2025-01-31,6040.52978515625,-0.005046825754019935,0.0001661904842134506,0.0,30.0,0.0189408704645767,0.0
2025-02-03,5994.56982421875,-0.007608597684666707,0.0001662698435404944,0.0,30.0,0.051640898956313214,0.0
2025-02-04,6037.8798828125,0.007224881828679752,0.00016718253256782652,0.0,30.0,0.021921345024364047,0.0
2025-02-05,6061.47998046875,0.003908672930614365,0.00016706349357726083,0.0,30.0,0.029689783270117242,0.0
2025-02-06,6083.56982421875,0.003644298722618622,0.00016718253256782652,0.0,30.0,0.046641382723022436,0.0
2025-02-07,6025.990234375,-0.009464770111542897,0.00016777778428698342,0.0,30.0,0.032310188625052014,0.0
2025-02-10,6066.43994140625,0.006712541085862833,0.00016777778428698342,0.0,30.0,0.02657911046677252,0.0
2025-02-11,6068.5,0.00033958278885926063,0.00016765872637430828,0.0,30.0,0.03475829018623523,0.0
2025-02-12,6051.97021484375,-0.0027238667143857365,0.00016777778428698342,0.0,30.0,0.03539961331317821,0.0
2025-02-13,6115.06982421875,0.010426292122230674,0.00016718253256782652,0.0,30.0,0.054050249010801896,0.0
2025-02-14,6114.6298828125,-7.194380749464546e-05,0.00016718253256782652,0.0,30.0,0.03732102981080943,0.0
2025-02-18,6129.580078125,0.0024449877750611915,0.00016718253256782652,0.0,30.0,0.05261132057332394,0.0
2025-02-19,6144.14990234375,0.0023769693899173827,0.00016738094980754548,0.0,30.0,0.06655411873884413,0.0
2025-02-20,6117.52001953125,-0.0043341850761716705,0.00016686507633754187,0.0,30.0,0.05038993478710257,0.0
2025-02-21,6013.1298828125,-0.01706412670256352,0.00016654762010725717,0.0,30.0,0.1138572893084781,0.0
2025-02-24,5983.25,-0.00496910650440241,0.0001662698435404944,0.0,30.0,0.1647053107538282,0.0
2025-02-25,5955.25,-0.004679730915472358,0.00016595238731020973,0.0,30.0,0.22526343476995508,0.0
2025-02-26,5956.06005859375,0.00013602428004699796,0.00016638888253106012,0.0,30.0,0.19280714319732656,0.0
2025-02-27,5861.56982421875,-0.015864553655509872,0.00016646826078021336,0.0,30.0,0.4259026452879425,0.0
2025-02-28,5954.5,0.01585414463498891,0.00016638888253106012,0.0,30.0,0.1463663570597145,0.0
2025-03-03,5849.72021484375,-0.0175967394669998,0.00016638888253106012,0.0,30.0,0.43776391552570854,0.0
2025-03-04,5778.14990234375,-0.012234826602200433,0.00016646826078021336,0.0,30.0,0.5628917050923635,0.0
2025-03-05,5842.6298828125,0.011159277893187936,0.00016686507633754187,0.0,30.0,0.40089594267447676,0.0
2025-03-06,5738.52001953125,-0.017819007085749905,0.00016654762010725717,0.0,30.0,0.6038031263126565,0.0
2025-03-07,5770.2001953125,0.00552061780274804,0.00016654762010725717,0.0,30.0,0.5312578224448271,0.0
2025-03-10,5614.56005859375,-0.0269730913054258,0.00016607142630077544,0.0,30.0,0.6748516165183862,0.0
2025-03-11,5572.06982421875,-0.007567865323653167,0.00016646826078021336,0.0,30.0,0.6896031388719616,0.0
2025-03-12,5599.2998046875,0.004886869929446425,0.00016654762010725717,0.0,30.0,0.7000562538480548,0.0
2025-03-13,5521.52001953125,-0.013890984206835322,0.0001661904842134506,0.0,30.0,0.7123200337324226,0.0
2025-03-14,5638.93994140625,0.021265869083087807,0.0001661904842134506,0.0,30.0,0.7027387331388391,0.0
2025-03-17,5675.1201171875,0.006416130719105961,0.0001661904842134506,0.0,30.0,0.6163670244910137,0.0
2025-03-18,5614.66015625,-0.010653512117636543,0.00016646826078021336,0.0,30.0,0.7216867931419993,0.0
2025-03-19,5675.2900390625,0.010798495567894584,0.0001662698435404944,0.0,30.0,0.5843810508722983,0.0
2025-03-20,5662.89013671875,-0.0021848931523151816,0.00016595238731020973,0.0,30.0,0.6151918623074488,0.0
2025-03-21,5667.56005859375,0.0008246534476661349,0.00016607142630077544,0.0,30.0,0.562850774522104,0.0
2025-03-24,5767.56982421875,0.017646000146633645,0.00016595238731020973,0.0,30.0,0.2579096777931021,0.0
2025-03-25,5776.64990234375,0.0015743334544251475,0.00016595238731020973,0.0,30.0,0.23326435567846052,0.0
2025-03-26,5712.2001953125,-0.011156934922627149,0.0001662698435404944,0.0,30.0,0.4107869196738847,0.0
2025-03-27,5693.31005859375,-0.003306980860763864,0.0001661904842134506,0.0,30.0,0.47789723588712535,0.0
2025-03-28,5580.93994140625,-0.01973722070834405,0.0001661904842134506,0.0,30.0,0.7409428654282196,0.0
2025-03-31,5611.85009765625,0.005538521570653376,0.00016638888253106012,0.0,30.0,0.6793191878459532,0.0
2025-04-01,5633.06982421875,0.0037812354559083605,0.0001666666590978229,0.0,30.0,0.5935843937816403,0.0
2025-04-02,5670.97021484375,0.006728194715792668,0.00016678571701049806,0.0,30.0,0.4413530375522683,0.0
2025-04-03,5396.52001953125,-0.04839563335990149,0.00016607142630077544,0.0,30.0,0.7421309168230565,0.0
2025-04-04,5074.080078125,-0.05974960534553109,0.00016488096070668053,0.0,30.0,0.6524397819335714,0.0
2025-04-07,5062.25,-0.0023314724921273955,0.00016468254346696157,0.0,30.0,0.66917783934631,0.0
2025-04-08,4982.77001953125,-0.015700524562941354,0.00016579364973401265,0.0,30.0,0.6639200495437984,0.0
2025-04-09,5456.89990234375,0.09515387644904849,0.00016777778428698342,0.0,30.0,0.7382664366244056,0.0
2025-04-10,5268.0498046875,-0.03460757958472693,0.00016654762010725717,0.0,30.0,0.8535760075776169,0.0
2025-04-11,5363.35986328125,0.018092095201708958,0.00016718253256782652,0.0,30.0,0.8562325558428892,0.0
2025-04-14,5405.97021484375,0.007944712390868913,0.00016646826078021336,0.0,30.0,0.8020255099385617,0.0
2025-04-15,5396.6298828125,-0.0017277808903947145,0.0001666666590978229,0.0,30.0,0.8330112656190265,0.0
2025-04-16,5275.7001953125,-0.0224083715440897,0.00016698413425021702,0.0,30.0,0.8880341312387886,0.0
2025-04-17,5282.7001953125,0.0013268380955802073,0.00016686507633754187,0.0,30.0,0.9019398228166019,0.0
2025-04-21,5158.2001953125,-0.023567493023827546,0.00016706349357726083,0.0,30.0,0.8298337569755537,0.0
2025-04-22,5287.759765625,0.025117204723895226,0.00016718253256782652,0.0,30.0,0.9066267036143342,0.0
2025-04-23,5375.85986328125,0.01666113847096007,0.00016698413425021702,0.0,30.0,0.778541254745796,0.0
2025-04-24,5484.77001953125,0.020259113708281262,0.00016654762010725717,0.0,30.0,0.5117604485365874,0.0
2025-04-25,5525.2099609375,0.007373133469998461,0.00016638888253106012,0.0,30.0,0.4418187503005809,0.0
2025-04-28,5528.75,0.0006407067039131409,0.00016638888253106012,0.0,30.0,0.4326610056563047,0.0
2025-04-29,5560.830078125,0.005802410694099036,0.0001662698435404944,0.0,30.0,0.38631242272610977,0.0
2025-04-30,5569.06005859375,0.00147999135976562,0.0001662698435404944,0.0,30.0,0.37072848201880726,0.0
2025-05-01,5604.14013671875,0.006299102138585644,0.00016607142630077544,0.0,30.0,0.3377953273066572,0.0
2025-05-02,5686.669921875,0.01472657412963474,0.00016698413425021702,0.0,30.0,0.30216381144552495,0.0
2025-05-05,5650.3798828125,-0.006381597588933863,0.00016698413425021702,0.0,30.0,0.2883876191579757,0.0
2025-05-06,5606.91015625,-0.007693239651855532,0.00016706349357726083,0.0,30.0,0.31373579703639787,0.0
2025-05-07,5631.27978515625,0.00434635623313584,0.0001672619108169798,0.0,30.0,0.2788881766069521,0.0
2025-05-08,5663.93994140625,0.005799775094835535,0.0001672619108169798,0.0,30.0,0.2560484819626226,0.0
2025-05-09,5659.91015625,-0.0007114809122162891,0.0001672619108169798,0.0,30.0,0.24482351073616912,0.0
2025-05-12,5844.18994140625,0.032558782749008364,0.000169841278166998,0.0,30.0,0.2685311943612321,0.0
2025-05-13,5886.5498046875,0.0072482009835321826,0.00017003967648460754,0.0,30.0,0.2649660356410641,0.0
2025-05-14,5892.580078125,0.001024415597859818,0.00017003967648460754,0.0,30.0,0.24752954966183138,0.0
2025-05-15,5916.93017578125,0.004132332074135769,0.0001689682498810783,0.0,30.0,0.23980835128245767,0.0
2025-05-16,5958.3798828125,0.007005272294898557,0.00016813492018079,0.0,30.0,0.24225262563860925,0.0
2025-05-19,5963.60009765625,0.0008761131291423752,0.00016825395917135572,0.0,30.0,0.2278217135418487,0.0
2025-05-20,5940.4599609375,-0.0038802294486252054,0.00016857143432374985,0.0,30.0,0.18998547148658423,0.0
2025-05-21,5844.60986328125,-0.01613513066101424,0.0001680555608537462,0.0,30.0,0.12724498494567138,0.0
2025-05-22,5842.009765625,-0.00044487103794299543,0.00016793650294107105,0.0,30.0,0.1124834403534276,0.0
2025-05-23,5802.81982421875,-0.006708297825321674,0.00016785714361402723,0.0,30.0,0.12516274009019213,0.0
2025-05-27,5921.5400390625,0.0204590558452733,0.00016678571701049806,0.0,30.0,0.14119876998572126,0.0
2025-05-28,5888.5498046875,-0.005571225417268844,0.00016765872637430828,0.0,30.0,0.11265543212742705,0.0
2025-05-29,5912.169921875,0.004011194261904327,0.00016785714361402723,0.0,30.0,0.11311915886735853,0.0
2025-05-30,5911.68994140625,-8.118516130162234e-05,0.00016793650294107105,0.0,30.0,0.10704288563536891,0.0
2025-06-02,5935.93994140625,0.0041020419271569075,0.00016793650294107105,0.0,30.0,0.11142204462400564,0.0
2025-06-03,5970.3701171875,0.005800290454605506,0.0001680555608537462,0.0,30.0,0.12512483915220043,0.0
2025-06-04,5970.81005859375,7.36874595066439e-05,0.00016825395917135572,0.0,30.0,0.11329633257194816,0.0
2025-06-05,5939.2998046875,-0.005277383403094138,0.00016793650294107105,0.0,30.0,0.08489317106235843,0.0
2025-06-06,6000.35986328125,0.010280683010067904,0.00016793650294107105,0.0,30.0,0.11380086778455371,0.0
2025-06-09,6005.8798828125,0.0009199480792858594,0.00016825395917135572,0.0,30.0,0.1108547496980421,0.0
2025-06-10,6038.81005859375,0.00548298940767844,0.00016865079365079366,0.0,30.0,0.12635684478053966,0.0
2025-06-11,6022.240234375,-0.002743888954607865,0.00016865079365079366,0.0,30.0,0.09861492057799968,0.0
2025-06-12,6045.259765625,0.0038224199557175265,0.0001689682498810783,0.0,30.0,0.10916971171110892,0.0
2025-06-13,5976.97021484375,-0.011296379879250695,0.00016825395917135572,0.0,30.0,0.0708547219589009,0.0
2025-06-16,6033.10986328125,0.009392659896159117,0.00016857143432374985,0.0,30.0,0.0889003765474954,0.0
2025-06-17,5982.72021484375,-0.008352184790166306,0.00016738094980754548,0.0,30.0,0.07016144186789627,0.0
2025-06-18,5980.8701171875,-0.0003092402101070313,0.00016757936704726447,0.0,30.0,0.07506290924309282,0.0
2025-06-20,5967.83984375,-0.002178658486505891,0.00016646826078021336,0.0,30.0,0.09958809879343614,0.0
2025-06-23,6025.169921875,0.009606504133156335,0.00016499999969724625,0.0,30.0,0.07369333339882572,0.0
2025-06-24,6092.18017578125,0.01112172017970181,0.00016595238731020973,0.0,30.0,0.10511529531496266,0.0
2025-06-25,6092.16015625,-3.2861029504172024e-06,0.0001661904842134506,0.0,30.0,0.09699822565895312,0.0
2025-06-26,6141.02001953125,0.008020121275230219,0.00016638888253106012,0.0,30.0,0.12028922227914535,0.0
2025-06-27,6173.06982421875,0.005218970885222163,0.00016654762010725717,0.0,30.0,0.13656901640542835,0.0
2025-06-30,6204.9501953125,0.005164427424532603,0.0001662698435404944,0.0,30.0,0.15028447942987164,0.0
2025-07-01,6198.009765625,-0.001118531087121899,0.00016765872637430828,0.0,30.0,0.12807556055463812,0.0
2025-07-02,6227.419921875,0.004745096791088033,0.00016757936704726447,0.0,30.0,0.14206167561683497,0.0
2025-07-03,6279.35009765625,0.008338955206607324,0.00016825395917135572,0.0,30.0,0.1657920044692883,0.0
2025-07-07,6229.97998046875,-0.007862297279128794,0.0001684523764110747,0.0,30.0,0.11527346334491814,0.0
2025-07-08,6225.52001953125,-0.0007158868810946961,0.00016865079365079366,0.0,30.0,0.10115628202596494,0.0
2025-07-09,6263.259765625,0.0060621034026635545,0.0001684523764110747,0.0,30.0,0.11892969332756852,0.0
2025-07-10,6280.4599609375,0.0027462050044453346,0.00016825395917135572,0.0,30.0,0.1241758734280443,0.0
2025-07-11,6259.75,-0.0032975229626984737,0.00016813492018079,0.0,30.0,0.10176766011674482,0.0
2025-07-14,6268.56005859375,0.001407413809457303,0.00016777778428698342,0.0,30.0,0.10520232868284199,0.0
2025-07-15,6243.759765625,-0.003956298214731202,0.00016793650294107105,0.0,30.0,0.07904672342141604,0.0
2025-07-16,6263.7001953125,0.003193657417327689,0.00016765872637430828,0.0,30.0,0.08869891082079703,0.0
2025-07-17,6297.35986328125,0.00537376740890938,0.0001680555608537462,0.0,30.0,0.10667193884280037,0.0
2025-07-18,6296.7900390625,-9.048620868445933e-05,0.00016785714361402723,0.0,30.0,0.09445195702916576,0.0
2025-07-21,6305.60009765625,0.001399134882868358,0.00016757936704726447,0.0,30.0,0.09397063000631715,0.0
2025-07-22,6309.6201171875,0.0006375316336257875,0.00016785714361402723,0.0,30.0,0.09775016796598558,0.0
2025-07-23,6358.91015625,0.007811886951519131,0.00016825395917135572,0.0,30.0,0.12419139379865855,0.0
2025-07-24,6363.35009765625,0.0006982236416543941,0.0001684523764110747,0.0,30.0,0.12335482002667389,0.0
2025-07-25,6388.64013671875,0.00397432777929585,0.0001684523764110747,0.0,30.0,0.1336019914710031,0.0
2025-07-28,6389.77001953125,0.00017685810881817865,0.0001680555608537462,0.0,30.0,0.13211474386275174,0.0
2025-07-29,6370.85986328125,-0.002959442388724254,0.00016785714361402723,0.0,30.0,0.105245482457815,0.0
2025-07-30,6362.89990234375,-0.0012494327466496813,0.00016793650294107105,0.0,30.0,0.09179166936341124,0.0
2025-07-31,6339.39013671875,-0.0036948193411530106,0.0001680555608537462,0.0,30.0,0.08225857470801935,0.0
2025-08-01,6238.009765625,-0.015992133140148468,0.00016595238731020973,0.0,30.0,0.12703503635888214,0.0
2025-08-04,6329.93994140625,0.01473710033091602,0.00016480158245752731,0.0,30.0,0.060130702960543826,0.0
2025-08-05,6299.18994140625,-0.004857865996303334,0.00016468254346696157,0.0,30.0,0.06534393109229585,0.0
2025-08-06,6345.06005859375,0.007281907295092482,0.00016400793242076086,0.0,30.0,0.05793664676689158,0.0
2025-08-07,6340.0,-0.0007974800154801898,0.00016420634966047982,0.0,30.0,0.0574566035251225,0.0
2025-08-08,6389.4501953125,0.007799715348974834,0.00016400793242076086,0.0,30.0,0.06960571353909781,0.0
2025-08-11,6373.4501953125,-0.0025041278217863283,0.0001644047669001988,0.0,30.0,0.061121144372423955,0.0
2025-08-12,6445.759765625,0.01134543584661274,0.00016388889343019517,0.0,30.0,0.09453002899802404,0.0
2025-08-13,6466.580078125,0.0032300788824048965,0.00016309524339342874,0.0,30.0,0.10070728259747956,0.0
2025-08-14,6468.5400390625,0.00030309080129242716,0.00016317460272047255,0.0,30.0,0.09579137320064972,0.0
2025-08-15,6449.7998046875,-0.0028971350972291088,0.00016317460272047255,0.0,30.0,0.07338493710812698,0.0
2025-08-18,6449.14990234375,-0.00010076318078544588,0.0001636111168634324,0.0,30.0,0.06791716675950939,0.0
2025-08-19,6411.3701171875,-0.005858103118756786,0.00016309524339342874,0.0,30.0,0.05483124633833857,0.0
2025-08-20,6395.77978515625,-0.0024316693228262354,0.00016329364171103827,0.0,30.0,0.056240528938123896,0.0
2025-08-21,6370.169921875,-0.004004181529308926,0.00016380951518104187,0.0,30.0,0.06776281176263886,0.0
2025-08-22,6466.91015625,0.015186444876893468,0.00016222221510750907,0.0,30.0,0.06975391823532978,0.0
2025-08-25,6439.31982421875,-0.004266385548063467,0.00016242063234722803,0.0,30.0,0.05992543834054711,0.0
2025-08-26,6465.93994140625,0.004133995191134998,0.00016222221510750907,0.0,30.0,0.0581243817944997,0.0
2025-08-27,6481.39990234375,0.0023909843081744153,0.00016111110884045796,0.0,30.0,0.06031954133379936,0.0
2025-08-28,6501.85986328125,0.0031567194195349924,0.00016158730264693972,0.0,30.0,0.06913009909050721,0.0
2025-08-29,6460.259765625,-0.00639818429357164,0.00016043651671636674,0.0,30.0,0.04353063884447297,0.0
2025-09-02,6415.5400390625,-0.006922279936861564,0.0001600000025734069,0.0,30.0,0.05144227696857606,0.0
2025-09-03,6448.259765625,0.0051000736279842585,0.00015944444943988135,0.0,30.0,0.045872673560907275,0.0
2025-09-04,6502.080078125,0.008346486409699372,0.00015865078994206018,0.0,30.0,0.06756351218030676,0.0
2025-09-05,6481.5,-0.003165152978388819,0.00015515873356470987,0.0,30.0,0.051800432080430975,0.0
2025-09-08,6495.14990234375,0.0021059789159529885,0.00015587301481337774,0.0,30.0,0.05005839483389734,0.0
2025-09-09,6512.60986328125,0.0026881536531127015,0.00015646825707147993,0.0,30.0,0.06063217270988841,0.0
2025-09-10,6532.0400390625,0.002983469943562689,0.00015595238360147627,0.0,30.0,0.06642289649712185,0.0
2025-09-11,6587.47021484375,0.008485890387959882,0.00015587301481337774,0.0,30.0,0.09948895822905941,0.0
2025-09-12,6584.2900390625,-0.00048276131466740146,0.00015587301481337774,0.0,30.0,0.07993785614331365,0.0
2025-09-15,6615.27978515625,0.004706619226962694,0.00015476190854632666,0.0,30.0,0.09704150758921978,0.0
2025-09-16,6606.759765625,-0.0012879303382402618,0.00015436508352794344,0.0,30.0,0.07853380846180198,0.0
2025-09-17,6600.35009765625,-0.0009701681605103207,0.00015349206470307848,0.0,30.0,0.07141782196466359,0.0
2025-09-18,6631.9599609375,0.004789119185128365,0.00015396825850956023,0.0,30.0,0.08354770737098917,0.0
2025-09-19,6664.35986328125,0.004885418870829605,0.00015388888972146168,0.0,30.0,0.10488201808503618,0.0
2025-09-22,6693.75,0.004410046474333074,0.00015269841466631208,0.0,30.0,0.12118367991413567,0.0
2025-09-23,6656.919921875,-0.005502159197012135,0.00015257936621469165,0.0,30.0,0.08095885398771675,0.0
2025-09-24,6637.97021484375,-0.002846617843333288,0.00015309523968469525,0.0,30.0,0.06579280388734131,0.0
2025-09-25,6604.72021484375,-0.0050090613431266195,0.00015408729750012595,0.0,30.0,0.05826071301912865,0.0
2025-09-26,6643.7001953125,0.005901836747171263,0.0001531745990117391,0.0,30.0,0.06366622684103287,0.0
2025-09-29,6661.2099609375,0.00263554421636214,0.00015329364746335952,0.0,30.0,0.06916134821505127,0.0
2025-09-30,6688.4599609375,0.0040908483833717035,0.00015257936621469165,0.0,30.0,0.08620993085728422,0.0
2025-10-01,6711.2001953125,0.003399920834961989,0.00015257936621469165,0.0,30.0,0.10209524107504289,0.0
2025-10-02,6715.35009765625,0.0006183547238911569,0.00015269841466631208,0.0,30.0,0.104927943030136,0.0
2025-10-03,6715.7900390625,6.551280273581206e-05,0.00015309523968469525,0.0,30.0,0.10563985388158822,0.0
2025-10-06,6740.27978515625,0.0036465919796933033,0.0001531745990117391,0.0,30.0,0.1180753160343,0.0
2025-10-07,6714.58984375,-0.0038114057910215715,0.00015249999742659312,0.0,30.0,0.08873348413669968,0.0
2025-10-08,6753.72021484375,0.0058276636405680815,0.00015249999742659312,0.0,30.0,0.10591917712244542,0.0
2025-10-09,6735.10986328125,-0.002755570407195318,0.00015289682244497632,0.0,30.0,0.08392903679551524,0.0
2025-10-10,6552.509765625,-0.02711167321141361,0.00015289682244497632,0.0,30.0,0.17670420582482937,0.0
2025-10-13,6654.72021484375,0.015598671787557583,0.00015289682244497632,0.0,30.0,0.06311825571209395,0.0
2025-10-14,6644.31005859375,-0.0015643266604626893,0.00015289682244497632,0.0,30.0,0.05757007198498795,0.0
2025-10-15,6671.06005859375,0.004026001159503689,0.00015309523968469525,0.0,30.0,0.05244820935000032,0.0
2025-10-16,6629.06982421875,-0.006294387099829435,0.00015289682244497632,0.0,30.0,0.06126018342592991,0.0
2025-10-17,6664.009765625,0.0052707155502571545,0.000152063492744688,0.0,30.0,0.04641507291901498,0.0
2025-10-20,6735.1298828125,0.010672270853256949,0.00015071428957439602,0.0,30.0,0.06495298163670432,0.0
2025-10-21,6735.35009765625,3.2696450934288634e-05,0.00015019841610439244,0.0,30.0,0.06515155980989874,0.0
2025-10-22,6699.39990234375,-0.005337539220865439,0.00015031746455601282,0.0,30.0,0.044239587166838706,0.0
2025-10-23,6738.43994140625,0.0058273934429324825,0.00015031746455601282,0.0,30.0,0.05817317576356503,0.0
2025-10-24,6791.68994140625,0.00790242258787388,0.00014932539727952746,0.0,30.0,0.0836809130756235,0.0
2025-10-27,6875.16015625,0.012290050865671143,0.00014753967996627567,0.0,30.0,0.13293709516983138,0.0
2025-10-28,6890.89013671875,0.0022879438603986557,0.00014761904875437417,0.0,30.0,0.13490282348747903,0.0
2025-10-29,6890.58984375,-4.3578255173426506e-05,0.0001480158737727574,0.0,30.0,0.1143919770447658,0.0
2025-10-30,6822.33984375,-0.00990481243951924,0.0001490873003762866,0.0,30.0,0.06441212186689205,0.0
2025-10-31,6840.2001953125,0.0026179217059763005,0.00014753967996627567,0.0,30.0,0.07453686026681373,0.0
2025-11-03,6851.97021484375,0.0017207127269924793,0.00015011904731629386,0.0,30.0,0.08297406969451739,0.0
2025-11-04,6771.5498046875,-0.011736830084583816,0.0001505158723346771,0.0,30.0,0.06822051906405928,0.0
2025-11-05,6796.2900390625,0.0036535556982648654,0.00015031746455601282,0.0,30.0,0.06964968752857079,0.0
2025-11-06,6720.31982421875,-0.011178189042419073,0.00014932539727952746,0.0,30.0,0.10572072617387403,0.0
2025-11-07,6728.7998046875,0.0012618418007710464,0.0001490873003762866,0.0,30.0,0.08498566500688783,0.0
2025-11-10,6832.43017578125,0.01540101862170995,0.00015011904731629386,0.0,30.0,0.06944259851019284,0.0
2025-11-11,6846.60986328125,0.002075350517340535,0.00015011904731629386,0.0,30.0,0.07636428743713154,0.0
2025-11-12,6850.919921875,0.0006295171887717999,0.00014992063953762962,0.0,30.0,0.08166911688967977,0.0
2025-11-13,6737.490234375,-0.01655685496159698,0.0001505158723346771,0.0,30.0,0.0952372167170737,0.0
2025-11-14,6734.10986328125,-0.0005017255648851471,0.00015031746455601282,0.0,30.0,0.07945668517725114,0.0
2025-11-17,6672.41015625,-0.00916226617680782,0.00014968254263438875,0.0,30.0,0.15784329176100806,0.0
2025-11-18,6617.31982421875,-0.008256436690967983,0.00014968254263438875,0.0,30.0,0.25327490299460925,0.0
2025-11-19,6642.16015625,0.0037538357962292324,0.00014968254263438875,0.0,30.0,0.17331311195846422,0.0
2025-11-20,6538.759765625,-0.015567283563270418,0.0001498015910860092,0.0,30.0,0.3945647689484898,0.0
2025-11-21,6602.990234375,0.009823035415319481,0.0001484126987911406,0.0,30.0,0.21848664599402662,0.0
2025-11-24,6705.1201171875,0.015467217001293498,0.0001480158737727574,0.0,30.0,0.051935350435470075,0.0
2025-11-25,6765.8798828125,0.009061696817220577,0.00014809524256085592,0.0,30.0,0.04939403810493089,0.0
2025-11-26,6812.60986328125,0.006906711511012631,0.00014892857226114425,0.0,30.0,0.06911694873837956,0.0
2025-11-28,6849.08984375,0.005354773163420257,0.00014670635026598736,0.0,30.0,0.0821378687770533,0.0
2025-12-01,6812.6298828125,-0.005323329342915684,0.000146547622150845,0.0,30.0,0.04345179304595265,0.0
2025-12-02,6829.3701171875,0.002457235261999813,0.00014571428298950194,0.0,30.0,0.05094776971740848,0.0
2025-12-03,6849.72021484375,0.0029797912994984355,0.00014424603136758957,0.0,30.0,0.06127826668556044,0.0
2025-12-04,6857.1201171875,0.0010803218396737702,0.0001433333328792027,0.0,30.0,0.06679795253904089,0.0
2025-12-05,6870.39990234375,0.001936641757662061,0.0001429761875243414,0.0,30.0,0.07414500359926561,0.0
2025-12-08,6846.509765625,-0.003477255626794018,0.0001435714297824436,0.0,30.0,0.04725438133839053,0.0
2025-12-09,6840.509765625,-0.0008763589340257116,0.0001441269829159691,0.0,30.0,0.04054602321528227,0.0
2025-12-10,6886.68017578125,0.00674955693920154,0.00014257936250595819,0.0,30.0,0.055594565481098514,0.0
2025-12-11,6901.0,0.002079350841514227,0.00014158730469052754,0.0,30.0,0.06350783039181582,0.0
2025-12-12,6827.41015625,-0.010663649289958,0.0001398809561653743,0.0,30.0,0.04067420614792032,0.0
2025-12-15,6816.509765625,-0.0015965630269072495,0.00014039682963537794,0.0,30.0,0.04278888153642354,0.0
2025-12-16,6800.259765625,-0.0023839179519623555,0.00014067460620214068,0.0,30.0,0.05044086307724868,0.0
2025-12-17,6721.43017578125,-0.011592143912241393,0.00014059523741404215,0.0,30.0,0.172367864653122,0.0
2025-12-18,6774.759765625,0.007934262269941872,0.00013976190771375384,0.0,30.0,0.07761301684206967,0.0
2025-12-19,6834.5,0.008818059450332205,0.00013976190771375384,0.0,30.0,0.03592183528619132,0.0
2025-12-22,6878.490234375,0.006436496360377575,0.0001400000046169947,0.0,30.0,0.041832058709289965,0.0
2025-12-23,6909.7900390625,0.004550388765703239,0.0001407539655291845,0.0,30.0,0.05426029556557175,0.0
2025-12-24,6932.0498046875,0.0032214822012188726,0.0001410714312205239,0.0,30.0,0.0613284914289122,0.0
2025-12-26,6929.93994140625,-0.00030436354912266594,0.00014059523741404215,0.0,30.0,0.0482344450610143,0.0
2025-12-29,6905.740234375,-0.00349205148036813,0.00014039682963537794,0.0,30.0,0.03246503690217954,0.0
2025-12-30,6896.240234375,-0.0013756671519022934,0.00014047618896242175,0.0,30.0,0.03251304119697105,0.0
2025-12-31,6845.5,-0.007357666300846111,0.0001407539655291845,0.0,30.0,0.059945516563599845,0.0
2026-01-02,6858.47021484375,0.0018947067188299638,0.00014019841239565892,0.0,5.0,0.04821747611131721,0.0
2026-01-05,6902.0498046875,0.006354126864826393,0.00013948413114699108,0.0,5.0,0.03809803365622625,0.0
2026-01-06,6944.81982421875,0.006196712678341321,0.0001396825389256553,0.0,5.0,0.03724956299071301,0.0
2026-01-07,6920.93017578125,-0.003439923431013958,0.00013948413114699108,0.0,5.0,0.03747574711529252,0.0
2026-01-08,6921.4599609375,7.65482590914246e-05,0.00013916666545565166,0.0,5.0,0.037335907233755614,0.0
2026-01-09,6966.27978515625,0.006475487031883276,0.00013940476235889252,0.0,5.0,0.04113537698178223,0.0
2026-01-12,6977.27001953125,0.001577633215136931,0.00014019841239565892,0.0,5.0,0.04625621384856222,0.0
2026-01-13,6963.740234375,-0.0019391230550597216,0.00014126983899918815,0.0,5.0,0.033644200396690825,0.0
2026-01-14,6926.60009765625,-0.005333360445499591,0.00014126983899918815,0.0,5.0,0.03055099755304908,0.0
2026-01-15,6944.47021484375,0.0025799262171273263,0.0001414682562389071,0.0,5.0,0.03447353084363233,0.0
2026-01-16,6940.009765625,-0.0006423023039563436,0.00014115079054756772,0.0,5.0,0.03838390178128355,0.0
2026-01-20,6796.85986328125,-0.02062675805627745,0.00014174603280566988,0.0,5.0,0.22972159381733698,0.0
2026-01-21,6875.6201171875,0.011587741323274559,0.00014238095472729397,0.0,5.0,0.06627855804702715,0.0
2026-01-22,6913.35009765625,0.005487502192628835,0.00014238095472729397,0.0,5.0,0.039767532005248823,0.0
2026-01-23,6915.60986328125,0.0003268698377891788,0.00014214285782405308,0.0,5.0,0.043113339829082116,0.0
2026-01-26,6950.22998046875,0.005006083031276365,0.0001418650812572903,0.0,5.0,0.03792369527262346,0.0
2026-01-27,6978.60009765625,0.004081896177137168,0.00014166666401757135,0.0,5.0,0.04402759704738481,0.0
2026-01-28,6978.02978515625,-8.172305219089626e-05,0.00014214285782405308,0.0,5.0,0.03320525829328569,0.0
2026-01-29,6969.009765625,-0.001292631274007694,0.00014206348903595455,0.0,5.0,0.024307447334090564,0.0
2026-01-30,6939.02978515625,-0.004301899620894223,0.00014174603280566988,0.0,5.0,0.03632641406301928,0.0
2026-02-02,6976.43994140625,0.00539126612916796,0.00014198412970891077,0.0,5.0,0.022527300499930136,0.0
2026-02-03,6917.81005859375,-0.008403983020698336,0.00014246031405433778,0.0,5.0,0.05593270472655078,0.0
2026-02-04,6882.72021484375,-0.005072391906223106,0.0001426587312940567,0.0,5.0,0.11249329743070076,0.0
2026-02-05,6798.39990234375,-0.012251015567674717,0.00014198412970891077,0.0,5.0,0.29319117155865015,0.0
2026-02-06,6932.2998046875,0.0196957966973359,0.00014246031405433778,0.0,5.0,0.043006507358921336,0.0
2026-02-09,6964.81982421875,0.004691086716887227,0.00014257936250595819,0.0,5.0,0.023580451095715795,0.0
2026-02-10,6941.81005859375,-0.003303712975458173,0.00014246031405433778,0.0,5.0,0.039154134691432474,0.0
2026-02-11,6941.47021484375,-4.895607156218951e-05,0.00014285713907272098,0.0,5.0,0.056040698444703996,0.0
2026-02-12,6832.759765625,-0.01566101212770199,0.00014277777974567717,0.0,5.0,0.2503879808460776,0.0
2026-02-13,6836.169921875,0.0004990891480125548,0.00014257936250595819,0.0,5.0,0.20467586544354402,0.0
2026-02-17,6843.22021484375,0.0010313220779065713,0.00014257936250595819,0.0,5.0,0.15319792485779174,0.0
2026-02-18,6881.31005859375,0.005566070147410729,0.0001429761875243414,0.0,5.0,0.07524847443437958,0.0
2026-02-19,6861.89013671875,-0.0028221256867719813,0.0001426587312940567,0.0,5.0,0.1035363969431506,0.0
2026-02-20,6909.509765625,0.006939724763506794,0.0001426587312940567,0.0,5.0,0.03446714371068984,0.0
2026-02-23,6837.75,-0.010385652247284827,0.00014238095472729397,0.0,5.0,0.14883638221122553,0.0
2026-02-24,6890.06982421875,0.0076516140863223114,0.00014238095472729397,0.0,5.0,0.04878622043510254,0.0
2026-02-25,6946.1298828125,0.008136355657339944,0.00014238095472729397,0.0,5.0,0.020926512792940135,0.0
2026-02-26,6908.85986328125,-0.005365580569328343,0.00014238095472729397,0.0,5.0,0.036845061912815294,0.0
2026-02-27,6878.8798828125,-0.00433935281103115,0.00014198412970891077,0.0,5.0,0.0820993248710973,0.0
2026-03-02,6881.6201171875,0.0003983547353176853,0.00014246031405433778,0.0,5.0,0.0704484037504003,0.0
2026-03-03,6816.6298828125,-0.009444031095625416,0.0001426587312940567,0.0,5.0,0.2009424705507227,0.0
2026-03-04,6869.5,0.007756049264286302,0.0001426587312940567,0.0,5.0,0.08536314153366481,0.0
2026-03-05,6830.7099609375,-0.005646704863891072,0.00014238095472729397,0.0,5.0,0.15768815925021845,0.0
2026-03-06,6740.02001953125,-0.013276795812569242,0.00014166666401757135,0.0,5.0,0.3878456936876971,0.0
2026-03-09,6795.990234375,0.008304161513105202,0.00014257936250595819,0.0,5.0,0.20438622418626987,0.0
2026-03-10,6781.47998046875,-0.0021351198877325173,0.0001426587312940567,0.0,5.0,0.23753990534300015,0.0
2026-03-11,6775.7998046875,-0.0008376012017449197,0.00014285713907272098,0.0,5.0,0.25213040432366884,0.0
2026-03-12,6672.6201171875,-0.015227676506708532,0.00014305555631243994,0.0,5.0,0.537016619523346,0.0
2026-03-13,6632.18994140625,-0.006059115470564369,0.0001429761875243414,0.0,5.0,0.6103845302556743,0.0
2026-03-16,6699.3798828125,0.010130883162251969,0.00014305555631243994,0.0,5.0,0.4194684723321725,0.0
2026-03-17,6716.08984375,0.0024942548757938,0.00014305555631243994,0.0,5.0,0.3459322448147935,0.0
2026-03-18,6624.7001953125,-0.013607567880073446,0.00014325396409110418,0.0,5.0,0.604232418360305,0.0
2026-03-19,6606.490234375,-0.002748797741878972,0.0001433333328792027,0.0,5.0,0.6244826272570866,0.0
2026-03-20,6506.47998046875,-0.015138182356779217,0.0001435714297824436,0.0,5.0,0.7511201354230406,0.0
2026-03-23,6581.0,0.011453200463990454,0.0001433333328792027,0.0,5.0,0.6574139491017654,0.0
2026-03-24,6556.3701171875,-0.0037425745042546366,0.00014365078910948738,0.0,5.0,0.688483018493875,0.0
2026-03-25,6591.89990234375,0.005419124381509377,0.00014365078910948738,0.0,5.0,0.5849001941006574,0.0
2026-03-26,6477.16015625,-0.017406172392416708,0.00014365078910948738,0.0,5.0,0.7789501426464289,0.0
2026-03-27,6368.85009765625,-0.01672184352107431,0.00014313492510053847,0.0,5.0,0.8115625322932392,0.0
2026-03-30,6343.72021484375,-0.003945748828622642,0.00014277777974567717,0.0,5.0,0.8150922170555555,1.0
2026-03-31,6528.52001953125,0.02913114047102594,0.00014285713907272098,1.0,5.0,0.6519874169203396,1.0
2026-04-01,6575.31982421875,0.007168516684867399,0.00014305555631243994,1.0,5.0,0.4934474688892539,1.0
2026-04-02,6582.68994140625,0.0011208758485563575,0.00014313492510053847,1.0,5.0,0.4404079245703484,1.0
2026-04-06,6611.830078125,0.0044267825126402816,0.00014376983756110782,1.0,5.0,0.3298339379637362,1.0
2026-04-07,6616.85009765625,0.0007592481161695641,0.00014345238133082314,1.0,5.0,0.2903681905391541,1.0
2026-04-08,6782.81005859375,0.025081414644149813,0.00014285713907272098,1.0,5.0,0.15547755366338695,0.0
2026-04-09,6824.66015625,0.006170023529293189,0.00014238095472729397,1.0,5.0,0.14481915467370884,0.0
2026-04-10,6816.89013671875,-0.0011385210916523558,0.00014257936250595819,0.0,5.0,0.11948280781243883,0.0
2026-04-13,6886.240234375,0.010173274948748201,0.0001429761875243414,0.0,5.0,0.12802424042966148,0.0
2026-04-14,6967.3798828125,0.011782866364792755,0.0001433333328792027,0.0,5.0,0.15136102262512433,0.0
2026-04-15,7022.9501953125,0.007975783355387733,0.0001433333328792027,0.0,5.0,0.160226238090485,0.0
2026-04-16,7041.27978515625,0.0026099558353673835,0.00014325396409110418,0.0,5.0,0.1483688828677305,0.0
2026-04-17,7126.06005859375,0.012040463669150903,0.00014285713907272098,0.0,5.0,0.17518593684302522,0.0
2026-04-20,7109.14013671875,-0.002374372617670484,0.00014277777974567717,0.0,5.0,0.13767307607422166,0.0
2026-04-21,7064.009765625,-0.006348217959672997,0.00014277777974567717,0.0,5.0,0.08226004704896503,0.0
2026-04-22,7137.89990234375,0.010460084168953943,0.0001426587312940567,0.0,5.0,0.11751664801038732,0.0
2026-04-23,7108.39990234375,-0.004132868267081369,0.0001426587312940567,0.0,5.0,0.07864749244063117,0.0
2026-04-24,7165.080078125,0.007973689797975636,0.00014257936250595819,0.0,5.0,0.10384384186734495,0.0
2026-04-27,7173.91015625,0.0012323767534654362,0.00014246031405433778,0.0,5.0,0.09724686928253923,0.0
2026-04-28,7138.7998046875,-0.004894172187521972,0.00014246031405433778,0.0,5.0,0.061203254620364696,0.0
2026-04-29,7135.9501953125,-0.0003991720531409948,0.00014246031405433778,0.0,5.0,0.05369585436660071,0.0
2026-04-30,7209.009765625,0.010238239941821936,0.0001422619062756735,0.0,5.0,0.08849014098687495,0.0
2026-05-01,7230.1201171875,0.002928328889657106,0.0001418650812572903,0.0,5.0,0.0816046632621183,0.0
2026-05-04,7200.75,-0.004062189384334225,0.00014246031405433778,0.0,5.0,0.05133868473287756,0.0
2026-05-05,7259.22021484375,0.008120017337603702,0.00014285713907272098,0.0,5.0,0.07769226319648925,0.0
2026-05-06,7365.1201171875,0.014588330317794274,0.00014285713907272098,0.0,5.0,0.13264899759741644,0.0
2026-05-07,7337.10986328125,-0.003803095327784889,0.00014277777974567717,0.0,5.0,0.09859197785345564,0.0
2026-05-08,7398.93017578125,0.008425703533400997,0.0001426587312940567,0.0,5.0,0.12368139008386123,0.0
2026-05-11,7412.83984375,0.0018799566475542484,0.00014285713907272098,0.0,5.0,0.11981126074688596,0.0
2026-05-12,7400.9599609375,-0.0016026088601545085,0.0001429761875243414,0.0,5.0,0.101647360349405,0.0
2026-05-13,7444.25,0.005849246488426552,0.00014285713907272098,0.0,5.0,0.11680846413683367,0.0
2026-05-14,7501.240234375,0.007655604577358366,0.00014238095472729397,0.0,5.0,0.1365071479714381,0.0
2026-05-15,7408.5,-0.012363320128051747,0.00014238095472729397,0.0,5.0,0.07337228446060334,0.0
2026-05-18,7403.0498046875,-0.0007356678561787344,0.00014158730469052754,0.0,5.0,0.06509480032447515,0.0
2026-05-19,7353.60986328125,-0.006678320788135905,0.0001418650812572903,0.0,5.0,0.047794924782163954,0.0
2026-05-20,7432.97021484375,0.010792026370445518,0.00014115079054756772,0.0,5.0,0.07053410801800739,0.0
2026-05-21,7445.72021484375,0.0017153304306989359,0.00014214285782405308,0.0,5.0,0.07143720747700961,0.0
2026-05-22,7473.47021484375,0.0037269732409066503,0.0001422619062756735,0.0,5.0,0.07612339165827782,0.0
2026-05-26,7519.1201171875,0.006108260424063872,0.00014214285782405308,0.0,5.0,0.09290040059209144,0.0
2026-05-27,7520.35986328125,0.00016487914469087706,0.0001422619062756735,0.0,5.0,0.08955820243575158,0.0
2026-05-28,7563.6298828125,0.005753716619668614,0.00014246031405433778,0.0,5.0,0.10656711554750467,0.0
2026-05-29,7580.06005859375,0.002172260678511728,0.00014238095472729397,0.0,5.0,0.11225635414932607,0.0
2026-06-01,7599.9599609375,0.0026252961308912415,0.00014365078910948738,0.0,5.0,0.11885063098590061,0.0
2026-06-02,7609.77978515625,0.0012920889411551784,0.0001435714297824436,0.0,5.0,0.12076511292305678,0.0
2026-06-03,7553.68017578125,-0.007372041104846239,0.00014376983756110782,0.0,5.0,0.08266729139030242,0.0
2026-06-04,7584.31005859375,0.004054961568363158,0.00014365078910948738,0.0,5.0,0.09266334765991881,0.0
2026-06-05,7383.740234375,-0.026445361894386843,0.00014384920634920634,0.0,5.0,0.12131047852660075,0.0
2026-06-08,7405.72998046875,0.0029781310549599205,0.0001439682548008268,0.0,5.0,0.10004627768836985,0.0
2026-06-09,7386.64990234375,-0.0025763939780845124,0.00014424603136758957,0.0,5.0,0.09369156463783038,0.0
2026-06-10,7266.990234375,-0.016199450298948426,0.00014424603136758957,0.0,5.0,0.24860602966699438,0.0
2026-06-11,7394.2998046875,0.017518885564244746,0.00014376983756110782,0.0,5.0,0.06216377276513161,0.0
2026-06-12,7431.4599609375,0.0050255138730570525,0.0001435714297824436,0.0,5.0,0.04649312992671589,0.0
2026-06-15,7554.2900390625,0.016528391294663436,0.0001435714297824436,0.0,5.0,0.07623819117560748,0.0
2026-06-16,7511.35009765625,-0.005684179609759754,0.0001440476235889253,0.0,5.0,0.05323423572789082,0.0
2026-06-17,7420.10009765625,-0.012148282108228825,0.0001447222251740713,0.0,5.0,0.06562044437895732,0.0
2026-06-18,7500.580078125,0.010846212235623431,0.00014515872985597643,0.0,5.0,0.05277258139807659,0.0
2026-06-22,7472.7900390625,-0.003705051979052687,0.00014603174868084136,0.0,5.0,0.050749494454201675,0.0
2026-06-23,7365.4599609375,-0.014362785193208105,0.00014642857369922456,0.0,5.0,0.12857006253142644,0.0
2026-06-24,7358.22021484375,-0.0009829319733113406,0.00014642857369922456,0.0,5.0,0.13964907260033807,0.0
2026-06-25,7357.490234375,-9.92061187945481e-05,0.00014603174868084136,0.0,5.0,0.14020689552448992,0.0
2026-06-26,7354.02001953125,-0.00047165741757115853,0.00014535714709569536,0.0,5.0,0.15015426257127337,0.0
2026-06-29,7440.43017578125,0.011750057250389023,0.00014603174868084136,0.0,5.0,0.04823035833851897,0.0
2026-06-30,7499.35986328125,0.007920198981480553,0.00014809524256085592,0.0,5.0,0.03575683938564827,0.0
2026-07-01,7483.22998046875,-0.0021508346187620875,0.00014682539871760776,0.0,5.0,0.036194897314796574,0.0
2026-07-02,7483.240234375,1.3702513856905796e-06,0.00014555555487435963,0.0,5.0,0.026596082848586316,0.0
2026-07-06,7537.43017578125,0.00724150765029874,0.00014642857369922456,0.0,5.0,0.033686283208245946,0.0
2026-07-07,7503.85009765625,-0.0044551096782159405,0.0001478174565330384,0.0,5.0,0.024378663900797046,0.0
2026-07-08,7482.7099609375,-0.002817238676629863,0.00014773809720599465,0.0,5.0,0.026109767022766756,0.0
2026-07-09,7543.64013671875,0.008142795337428232,0.00014611110800788514,0.0,5.0,0.027952095056438316,0.0
2026-07-10,7575.39013671875,0.004208843399813977,0.0001466269814778888,0.0,5.0,0.03714179743373199,0.0
2026-07-13,7515.33984375,-0.007927023147980106,0.00014793650498465887,0.0,5.0,0.019301357452638758,0.0
2026-07-14,7543.58984375,0.0037589783811964317,0.00014682539871760776,0.0,5.0,0.01844435940607681,0.0
2026-07-15,7572.39990234375,0.003819144358387927,0.00014634920491112604,0.0,5.0,0.026054700059817165,0.0
2026-07-16,7533.77001953125,-0.005101405539945647,0.00014670635026598736,0.0,5.0,0.017825289647467372,0.0
2026-07-17,7457.68994140625,-0.010098540030789804,0.00014710317528437056,0.0,5.0,0.05742355567039534,0.0
2026-07-20,7443.27978515625,-0.0019322546744660052,0.00014702380649627203,0.0,5.0,0.08110292728426753,0.0
2026-07-21,7509.2001953125,0.008856366018608064,0.0001480158737727574,0.0,5.0,0.0187577886324997,0.0
2026-07-22,7498.9599609375,-0.0013636917526039793,0.00014861110656980484,0.0,5.0,0.031665205725060715,0.0
2026-07-23,7408.2998046875,-0.012089697334330851,0.00015079364890143983,0.0,5.0,0.13629599593781774,0.0
2026-07-24,7411.97998046875,0.0004967638835191579,0.00015099206614115881,0.0,5.0,0.11253718311488563,0.0
2026-07-27,7413.18017578125,0.0001619264104413265,0.00015067460044981942,0.0,5.0,0.10099429064859655,0.0
2026-07-28,7428.77978515625,0.002104307328987254,0.000149206348827907,0.0,5.0,0.06800014786183467,0.0
2026-07-29,7316.14990234375,-0.015161289750108109,0.00014515872985597643,0.0,5.0,0.2919967610713113,0.0
2026-07-30,7437.6298828125,0.016604359135647728,0.0001458333314411224,0.0,5.0,0.04650905325581803,0.0
2026-07-31,7489.72021484375,0.00700361981598796,0.00014611110800788514,0.0,5.0,0.018443603501524946,0.0
2026-08-03,7600.5,0.01479091100582064,0.00014682539871760776,0.0,5.0,0.05024752850086888,0.0
2026-08-04,7736.52001953125,0.01789619360979544,0.0001480158737727574,0.0,5.0,0.12120143952060859,0.0
2026-08-05,7723.5498046875,-0.0016764921193257454,0.0001478174565330384,0.0,5.0,0.09380403990140707,0.0
