Date,close,ret,rf,state,lam,p_bear,raw_state,vm_alarm
2010-01-04,28.705007553100582,-0.0059169959978256,2.182539670713361e-06,0.0,,,0.0,0.0
2010-01-05,29.35429000854492,0.0226191355025162,2.3809523277339444e-06,0.0,,,0.0,0.0
2010-01-06,29.422632217407227,0.0023281846994906,1.7857143566721944e-06,0.0,,,0.0,0.0
2010-01-07,28.294937133789062,-0.0383274710190949,1.7857143566721944e-06,0.0,,,0.0,0.0
2010-01-08,28.68792152404785,0.0138888589290944,1.5873015518226308e-06,0.0,,,0.0,0.0
2010-01-11,29.18342018127441,0.0172720305586169,9.92063506846389e-07,0.0,,,0.0,0.0
2010-01-12,28.807523727416992,-0.0128804797903232,1.5873015518226308e-06,0.0,,,0.0,0.0
2010-01-13,29.200511932373047,0.0136418599763934,1.984127013692778e-06,0.0,,,0.0,0.0
2010-01-14,29.45680427551269,0.0087769811616045,1.7857143566721944e-06,0.0,,,0.0,0.0
2010-01-15,30.1573429107666,0.0237818953034312,2.182539670713361e-06,0.0,,,0.0,0.0
2010-01-18,28.995471954345703,-0.0385269670427792,2.182539670713361e-06,0.0,,,0.0,0.155553073776829
2010-01-19,27.54313850402832,-0.0500882845640218,1.984127013692778e-06,0.0,,,0.0,0.48435384649558677
2010-01-20,26.55213165283203,-0.0359801716515113,1.984127013692778e-06,0.0,,,0.0,0.51847709563516
2010-01-21,26.14205741882324,-0.0154441172321113,1.5873015518226308e-06,0.0,,,0.0,0.41349457659603783
2010-01-22,25.71490478515625,-0.0163396716189377,1.7857143566721944e-06,0.0,,,0.0,0.3533934140343126
2010-01-25,25.49277877807617,-0.0086380256483897,1.7857143566721944e-06,0.0,,,0.0,0.29913355950523807
2010-01-26,24.45051383972168,-0.0408847127819128,2.5793649847545317e-06,0.0,,,0.0,0.40121567757163135
2010-01-27,24.160045623779297,-0.0118798409655708,2.777777789604095e-06,0.0,,,0.0,0.3158891644835246
2010-01-28,25.03144836425781,0.0360679261143797,2.777777789604095e-06,0.0,,,0.0,0.3158891644835246
2010-01-29,24.809324264526367,-0.0088738013277973,2.777777789604095e-06,0.0,,,0.0,0.23712972138335306
2010-02-01,24.091699600219727,-0.0289256029972866,3.373015908494825e-06,0.0,,,0.0,0.17895862459701717
2010-02-02,24.2454833984375,0.0063832689585907,3.571428713344389e-06,0.0,,,0.0,0.010883580885796698
2010-02-03,25.697813034057617,0.0599010385461611,3.571428713344389e-06,0.0,,,0.0,0.0
2010-02-04,24.980188369750977,-0.0279255150372353,3.373015908494825e-06,0.0,,,0.0,0.002847160220163095
2010-02-05,23.64746284484864,-0.0533513000452855,3.373015908494825e-06,0.0,,,0.0,0.3528198879007543
2010-02-08,23.47659683227539,-0.0072255536965764,3.571428713344389e-06,0.0,,,0.0,0.3599378676918521
2010-02-09,23.066526412963867,-0.0174672003034001,3.96825402738556e-06,0.0,,,0.0,0.21276996875542123
2010-02-10,23.715803146362305,0.0281480064130301,3.96825402738556e-06,0.0,,,0.0,0.2646998808943986
2010-02-11,24.77515411376953,0.0446685680796654,3.769841222535996e-06,0.0,,,0.0,0.2568830016755765
2010-02-12,25.321916580200195,0.0220689834630245,3.571428713344389e-06,0.0,,,0.0,0.3012480393576963
2010-02-17,25.86868095397949,0.0215925351482604,3.571428713344389e-06,0.0,,,0.0,0.27167329914213634
2010-02-18,25.47569465637207,-0.0151915862392265,3.373015908494825e-06,0.0,,,0.0,0.23996231023719758
2010-02-19,24.382169723510746,-0.0429242439749453,3.769841222535996e-06,0.0,,,0.0,0.4159156237115041
2010-02-22,25.526948928833008,0.0469514903022922,3.373015908494825e-06,0.0,,,0.0,0.4291477221156026
2010-02-23,25.902847290039062,0.0147255499375984,4.563492146276289e-06,0.0,,,0.0,0.0
2010-02-24,25.62946891784668,-0.0105539892634702,4.365079341426725e-06,0.0,,,0.0,0.0
2010-02-25,25.526948928833008,-0.0040000824575137,4.563492146276289e-06,0.0,,,0.0,0.0
2010-02-26,26.00537109375,0.0187418467538285,4.563492146276289e-06,0.0,,,0.0,0.0
2010-03-01,26.483787536621094,0.0183968319908371,4.761904655467893e-06,0.0,,,0.0,0.0
2010-03-02,26.97928810119629,0.018709580866786,4.96031746031746e-06,0.0,,,0.0,0.0
2010-03-03,27.167240142822266,0.006966530803963,5.357143070016588e-06,0.0,,,0.0,0.0
2010-03-04,26.17623710632324,-0.0364778693488618,5.357143070016588e-06,0.0,,,0.0,0.18360319128571725
2010-03-05,27.04763412475586,0.0332896212275721,5.753968088399794e-06,0.0,,,0.0,0.0
2010-03-08,27.47479057312012,0.0157927472101264,5.753968088399794e-06,0.0,,,0.0,0.0
2010-03-09,27.28684425354004,-0.006840682518758,5.952381188907317e-06,0.0,,,0.0,0.0
2010-03-10,27.93612289428711,0.0237945668877717,5.753968088399794e-06,0.0,,,0.0,0.0
2010-03-11,27.88486289978028,-0.0018349000933595,5.753968088399794e-06,0.0,,,0.0,0.0
2010-03-12,27.54313850402832,-0.012254835068766,5.55555557920819e-06,0.0,,,0.0,0.0
2010-03-15,28.61957359313965,0.039081787609422,5.753968088399794e-06,0.0,,,0.0,0.0
2010-03-16,28.312021255493164,-0.0107462236167,6.150793698098924e-06,0.0,,,0.0,0.0
2010-03-17,28.329111099243164,0.0006036249971621,5.952381188907317e-06,0.0,,,0.0,0.0
2010-03-18,26.77425575256348,-0.0548854265576028,5.753968088399794e-06,0.0,,,0.0,0.22601982770286347
2010-03-19,26.65464782714844,-0.0044672735825191,5.753968088399794e-06,0.0,,,0.0,0.21055395846397626
2010-03-22,26.62047576904297,-0.0012820299981853,5.55555557920819e-06,0.0,,,0.0,0.20481409034887776
2010-03-23,27.030548095703125,0.0154043951061546,5.158729969509063e-06,0.0,,,0.0,0.2243564284504531
2010-03-24,27.04763412475586,0.0006321007251588,5.357143070016588e-06,0.0,,,0.0,0.2243564284504531
2010-03-25,26.97928810119629,-0.0025268762230488,5.158729969509063e-06,0.0,,,0.0,0.22205766856318557
2010-03-26,27.01346206665039,0.0012666740992541,5.158729969509063e-06,0.0,,,0.0,0.2339474803255969
2010-03-29,27.252668380737305,0.0088550780161653,4.96031746031746e-06,0.0,,,0.0,0.2339474803255969
2010-03-30,26.91094398498535,-0.0125391169399576,5.952381188907317e-06,0.0,,,0.0,0.23778407750344238
2010-03-31,26.62047576904297,-0.0107936836442618,5.952381188907317e-06,0.0,,,0.0,0.2226660653037904
2010-04-01,26.33001136779785,-0.0109113151757752,5.952381188907317e-06,0.0,,,0.0,0.0
2010-04-07,26.65464782714844,0.0123295221872796,6.349206207290528e-06,0.0,,,0.0,0.0
2010-04-08,26.962202072143555,0.0115384846571433,6.150793698098924e-06,0.0,,,0.0,0.0
2010-04-09,27.57731437683105,0.0228138748846116,5.952381188907317e-06,0.0,,,0.0,0.0
2010-04-12,27.61148452758789,0.0012390673830642,5.357143070016588e-06,0.0,,,0.0,0.0
2010-04-13,27.40644645690918,-0.0074258256731487,5.952381188907317e-06,0.0,,,0.0,0.0
2010-04-14,27.49188041687012,0.0031172943232633,6.150793698098924e-06,0.0,,,0.0,0.0
2010-04-15,27.23558616638184,-0.0093225434783649,5.952381188907317e-06,0.0,,,0.0,0.0
2010-04-16,27.0818099975586,-0.0056461486778298,5.952381188907317e-06,0.0,,,0.0,0.0
2010-04-19,26.5863037109375,-0.018296645854386,5.952381188907317e-06,0.0,,,0.0,0.0
2010-04-20,26.77425575256348,0.0070695063017975,5.753968088399794e-06,0.0,,,0.0,0.0
2010-04-21,26.85968399047852,0.0031906858104491,5.753968088399794e-06,0.0,,,0.0,0.0
2010-04-22,26.97928810119629,0.0044529232272489,5.952381188907317e-06,0.0,,,0.0,0.0
2010-04-23,27.66274070739746,0.0253324922302478,6.150793698098924e-06,0.0,,,0.0,0.0
2010-04-26,28.089900970458984,0.015441718793514,5.952381188907317e-06,0.0,,,0.0,0.0
2010-04-27,27.457704544067383,-0.0225061820992696,5.753968088399794e-06,0.0,,,0.0,0.0
2010-04-28,27.18432235717773,-0.0099564836693065,6.150793698098924e-06,0.0,,,0.0,0.0
2010-04-29,27.33810234069824,0.0056569364319616,6.349206207290528e-06,0.0,,,0.0,0.0
2010-04-30,27.91903686523437,0.0212499945057011,6.150793698098924e-06,0.0,,,0.0,0.0
2010-05-03,28.089900970458984,0.0061199856588669,6.349206207290528e-06,0.0,,,0.0,0.0
2010-05-04,28.27784919738769,0.0066909537034809,6.150793698098924e-06,0.0,,,0.0,0.0
2010-05-05,27.530845642089844,-0.0264165619557393,5.753968088399794e-06,0.0,,,0.0,0.0
2010-05-06,26.588010787963867,-0.0342464908772924,3.96825402738556e-06,0.0,,,0.0,0.0
2010-05-07,26.05659294128418,-0.0199871231781,4.761904655467893e-06,0.0,,,0.0,0.0
2010-05-10,26.433725357055664,0.0144735889539093,5.753968088399794e-06,0.0,,,0.0,0.0
2010-05-11,26.433725357055664,0.0,5.952381188907317e-06,0.0,,,0.0,0.0
2010-05-12,25.93659210205078,-0.018806779910505,5.952381188907317e-06,0.0,,,0.0,0.0
2010-05-13,27.239421844482425,0.0502313386934372,6.150793698098924e-06,0.0,,,0.0,0.0
2010-05-14,27.66798973083496,0.0157333694084753,5.753968088399794e-06,0.0,,,0.0,0.0
2010-05-17,26.433725357055664,-0.0446098320039404,5.952381188907317e-06,0.0,,,0.0,0.21546850172322607
2010-05-18,26.553720474243164,0.0045394705273908,6.547619307798051e-06,0.0,,,0.0,0.21546850172322607
2010-05-19,25.988019943237305,-0.0213040026370159,6.547619307798051e-06,0.0,,,0.0,0.1892968070336458
2010-05-20,25.576601028442383,-0.015831098933029,6.150793698098924e-06,0.0,,,0.0,0.06287535870103335
2010-05-24,25.336605072021484,-0.0093834187018835,5.952381188907317e-06,0.0,,,0.0,0.043241624671619426
2010-05-25,24.41090965270996,-0.0365358901352471,6.349206207290528e-06,0.0,,,0.0,0.15876573408190373
2010-05-26,25.47374725341797,0.0435394508368931,6.349206207290528e-06,0.0,,,0.0,0.14389629766504383
2010-05-27,25.81659507751465,0.0134588688772783,6.349206207290528e-06,0.0,,,0.0,0.18878766501017974
2010-05-28,25.74802589416504,-0.0026560118847481,5.952381188907317e-06,0.0,,,0.0,0.18585371651046578
2010-05-31,25.74802589416504,0.0,5.952381188907317e-06,0.0,,,0.0,0.18585371651046578
2010-06-01,25.645170211791992,-0.0039947016829883,5.753968088399794e-06,0.0,,,0.0,0.0
2010-06-02,26.02230262756348,0.0147057871972351,5.753968088399794e-06,0.0,,,0.0,0.0
2010-06-03,26.02230262756348,0.0,5.158729969509063e-06,0.0,,,0.0,0.0
2010-06-04,25.86802291870117,-0.0059287493144013,4.761904655467893e-06,0.0,,,0.0,0.0
2010-06-07,25.18232536315918,-0.0265075362619331,4.166666536577163e-06,0.0,,,0.0,0.0
2010-06-08,24.63376235961914,-0.0217836516536541,4.365079341426725e-06,0.0,,,0.0,0.0
2010-06-09,23.553783416748047,-0.043841412736913,3.769841222535996e-06,0.0,,,0.0,0.08437349339331814
2010-06-10,21.83953666687012,-0.0727801015890721,3.373015908494825e-06,0.0,,,0.0,0.8058381454813637
2010-06-11,22.782377243041992,0.0431712719254768,2.777777789604095e-06,1.0,,,1.0,0.821398539656239
2010-06-14,22.54237937927246,-0.0105343643996953,2.182539670713361e-06,1.0,,,1.0,0.7726955882952075
2010-06-15,21.83953666687012,-0.0311787278785928,3.1746031036452616e-06,1.0,,,1.0,0.74948009704757
2010-06-17,21.428117752075195,-0.0188382620506338,3.571428713344389e-06,1.0,,,1.0,0.6576436296315157
2010-06-18,22.233810424804688,0.0375997874405682,3.769841222535996e-06,1.0,,,1.0,0.6576436296315157
2010-06-21,22.66237449645996,0.019275331734283,4.166666536577163e-06,1.0,,,1.0,0.7031874117026296
2010-06-22,21.59954071044922,-0.0468986065946781,4.96031746031746e-06,1.0,,,1.0,0.8026767159203592
2010-06-23,21.41097450256348,-0.0087301026634568,4.761904655467893e-06,1.0,,,1.0,0.8432142054273739
2010-06-24,21.65096664428711,0.0112088378646613,4.96031746031746e-06,1.0,,,1.0,0.8302407509725223
2010-06-25,22.233810424804688,0.0269199888436098,4.96031746031746e-06,1.0,,,1.0,0.16525426216011083
2010-06-28,22.31952476501465,0.0038551349756197,5.357143070016588e-06,1.0,,,1.0,0.16911804047677279
2010-06-29,21.92524719238281,-0.0176651419231765,6.349206207290528e-06,0.0,,,0.0,0.17728977960395081
2010-06-30,22.37095069885254,0.0203283229857758,6.746031816989654e-06,0.0,,,0.0,0.0938522139078919
2010-07-02,22.2166748046875,-0.0068962600759274,6.349206207290528e-06,0.0,,,0.0,0.08819123153088304
2010-07-05,22.35381126403809,0.0061726815806681,6.349206207290528e-06,0.0,,,0.0,0.1252743958166347
2010-07-06,23.07379531860352,0.0322085592501941,6.349206207290528e-06,0.0,,,0.0,0.16010002806276624
2010-07-07,23.31379127502441,0.010401234521977,6.150793698098924e-06,0.0,,,0.0,0.19895815583095278
2010-07-08,23.53664207458496,0.0095587541696526,5.753968088399794e-06,0.0,,,0.0,0.24112730650529102
2010-07-09,23.828065872192383,0.0123817066463403,5.753968088399794e-06,0.0,,,0.0,0.27286992277484384
2010-07-12,23.79378128051757,-0.0014388323357298,5.55555557920819e-06,0.0,,,0.0,0.16991205247394492
2010-07-13,23.9309196472168,0.0057636222289527,5.753968088399794e-06,0.0,,,0.0,0.20148496029245128
2010-07-14,23.72521209716797,-0.0085958898814302,5.753968088399794e-06,0.0,,,0.0,0.29885714400731556
2010-07-15,23.27950668334961,-0.0187861508673957,5.753968088399794e-06,0.0,,,0.0,0.4177871674878711
2010-07-16,23.72521209716797,0.0191458272669129,5.753968088399794e-06,0.0,,,0.0,0.3544879270612883
2010-07-19,23.9309196472168,0.0086704198557359,5.753968088399794e-06,0.0,,,0.0,0.3965851652462177
2010-07-20,23.588069915771484,-0.0143266425402581,5.952381188907317e-06,0.0,,,0.0,0.3580655903715072
2010-07-21,23.77663803100586,0.0079942155465757,5.952381188907317e-06,0.0,,,0.0,0.374631822816212
2010-07-22,23.502361297607425,-0.0115355557434471,5.753968088399794e-06,0.0,,,0.0,0.5340989747699851
2010-07-23,23.65664291381836,0.0065645155504709,5.753968088399794e-06,0.0,,,0.0,0.5899571502114159
2010-07-26,23.70806884765625,0.0021738474907548,5.753968088399794e-06,0.0,,,0.0,0.6096865307423424
2010-07-27,24.513765335083008,0.0339840622449689,5.952381188907317e-06,0.0,,,0.0,0.5840469864984589
2010-07-28,25.113750457763672,0.0244754371464097,5.753968088399794e-06,0.0,,,0.0,0.4702503446840508
2010-07-29,25.49088859558105,0.0150171969914112,5.753968088399794e-06,0.0,,,0.0,0.4511563912401846
2010-07-30,25.662315368652344,0.0067250214690832,5.55555557920819e-06,0.0,,,0.0,0.3234299367289891
2010-08-02,25.93659210205078,0.0106879184305199,5.55555557920819e-06,0.0,,,0.0,0.1956544836051258
2010-08-03,25.885168075561523,-0.0019826824698836,5.952381188907317e-06,0.0,,,0.0,0.34099234564626113
2010-08-04,26.279443740844727,0.0152317212749892,5.753968088399794e-06,0.0,,,0.0,0.3400437079691177
2010-08-05,26.21087074279785,-0.0026093778362703,5.55555557920819e-06,0.0,,,0.0,0.32588962492412626
2010-08-06,26.1937313079834,-0.0006539055868322,5.55555557920819e-06,0.0,,,0.0,0.4045993794277871
2010-08-09,26.348012924194336,0.0058900205700711,5.55555557920819e-06,0.0,,,0.0,0.298155307778115
2010-08-10,26.57086753845215,0.0084581184508671,5.753968088399794e-06,0.0,,,0.0,0.2952404270382865
2010-08-11,25.49088859558105,-0.0406452270069165,5.753968088399794e-06,0.0,,,0.0,0.7423765050746978
2010-08-12,24.565195083618164,-0.0363146819496656,5.952381188907317e-06,1.0,,,1.0,0.7529114990534724
2010-08-13,24.82233238220215,0.0104675455541349,5.753968088399794e-06,1.0,,,1.0,0.7629741653144739
2010-08-16,24.99375915527344,0.0069061508979795,5.952381188907317e-06,1.0,,,1.0,0.7714002023489508
2010-08-17,25.18232536315918,0.0075445316854609,6.150793698098924e-06,1.0,,,1.0,0.7779215870448075
2010-08-18,25.1994686126709,0.0006807651503382,5.952381188907317e-06,1.0,,,1.0,0.7798415963533989
2010-08-19,25.52517509460449,0.0129251329438675,5.753968088399794e-06,1.0,,,1.0,0.7775087160326422
2010-08-20,25.47374725341797,-0.002014788967986,5.753968088399794e-06,1.0,,,1.0,0.7644590086747938
2010-08-23,25.38803482055664,-0.0033647359380872,5.952381188907317e-06,1.0,,,1.0,0.7345005543041561
2010-08-24,24.25662612915039,-0.0445646423365604,6.150793698098924e-06,1.0,,,1.0,0.7227428268673086
2010-08-25,23.74235343933105,-0.021201328127052,5.952381188907317e-06,1.0,,,1.0,0.7116790940309503
2010-08-26,24.08520698547364,0.0144405880831772,5.753968088399794e-06,1.0,,,1.0,0.692785753706
2010-08-27,24.170913696289062,0.0035584793133442,5.55555557920819e-06,1.0,,,1.0,0.6694514993921619
2010-08-30,24.59947967529297,0.0177306486791892,5.158729969509063e-06,1.0,,,1.0,0.650331809740119
2010-08-31,24.393768310546875,-0.008362427476574,5.357143070016588e-06,1.0,,,1.0,0.6349211423302159
2010-09-01,24.42805290222168,0.0014054651679207,5.158729969509063e-06,1.0,,,1.0,0.607891661655191
2010-09-02,24.32520294189453,-0.0042103216633281,4.96031746031746e-06,1.0,,,1.0,0.5808385302319463
2010-09-03,24.890899658203125,0.0232555805458178,4.96031746031746e-06,1.0,,,1.0,0.551691864586088
2010-09-06,25.90231132507324,0.0406337931034481,4.96031746031746e-06,0.0,,,0.0,0.5211825325530328
2010-09-07,25.85088348388672,-0.0019854537512541,4.761904655467893e-06,0.0,,,0.0,0.49171645292825694
2010-09-08,25.576601028442383,-0.0106101772349599,5.158729969509063e-06,0.0,,,0.0,0.46174368669511523
2010-09-09,25.79945373535156,0.0087131478753315,5.357143070016588e-06,0.0,,,0.0,0.434634923862649
2010-09-10,25.6794548034668,-0.0046512198713855,5.357143070016588e-06,0.0,,,0.0,0.4072261638849225
2010-09-13,26.22801971435547,0.0213620154745111,5.357143070016588e-06,0.0,,,0.0,0.376676250645267
2010-09-14,26.399438858032227,0.0065357257445912,5.753968088399794e-06,0.0,,,0.0,0.33832469241411356
2010-09-15,26.33087158203125,-0.0025973005096703,5.952381188907317e-06,0.0,,,0.0,0.3294609091619627
2010-09-16,26.50229454040528,0.0065103412106954,5.952381188907317e-06,0.0,,,0.0,0.2972321608172033
2010-09-17,26.622291564941406,0.0045277975593085,5.753968088399794e-06,0.0,,,0.0,0.2785672867565815
2010-09-20,27.03371238708496,0.0154539973067289,5.952381188907317e-06,0.0,,,0.0,0.2112845857363584
2010-09-21,27.393705368041992,0.0133164463615811,6.150793698098924e-06,0.0,,,0.0,0.19174834864174353
2010-09-22,26.999431610107425,-0.0143928596966854,6.150793698098924e-06,0.0,,,0.0,0.22214372500900748
2010-09-24,27.530845642089844,0.0196824155284616,5.55555557920819e-06,0.0,,,0.0,0.15549513711719648
2010-09-27,28.91938209533692,0.0504356630122631,5.158729969509063e-06,0.0,,,0.0,0.0755354903425556
2010-09-28,29.09080696105957,0.0059276807906034,5.952381188907317e-06,0.0,,,0.0,0.05376128007719047
2010-09-29,28.88510131835937,-0.0070711562926237,6.150793698098924e-06,0.0,,,0.0,0.046734619629938516
2010-09-30,29.07366752624512,0.0065281477051941,6.150793698098924e-06,0.0,,,0.0,0.028287062824002947
2010-10-04,29.553661346435547,0.0165095724423873,5.753968088399794e-06,0.0,,,0.0,0.008140420670423289
2010-10-05,28.850818634033203,-0.0237819167027544,4.563492146276289e-06,0.0,,,0.0,0.0
2010-10-06,29.19366455078125,0.0118834034173165,4.563492146276289e-06,0.0,,,0.0,0.0
2010-10-07,28.765108108520508,-0.0146797755216815,4.563492146276289e-06,0.0,,,0.0,0.0
2010-10-08,29.553661346435547,0.0274135329142553,4.563492146276289e-06,0.0,,,0.0,0.0
2010-10-11,30.18793296813965,0.0214616935028457,4.563492146276289e-06,0.0,,,0.0,0.0
2010-10-12,31.25076675415039,0.0352072394997184,4.563492146276289e-06,0.0,,,0.0,0.0
2010-10-13,32.15932083129883,0.0290730171293405,5.158729969509063e-06,0.0,,,0.0,0.0
2010-10-14,31.33647918701172,-0.0255864123687054,5.357143070016588e-06,0.0,,,0.0,0.0
2010-10-15,31.54218864440918,0.0065645363721245,5.357143070016588e-06,0.0,,,0.0,0.0
2010-10-18,31.86789894104004,0.0103261793372284,5.357143070016588e-06,0.0,,,0.0,0.0
2010-10-19,31.5936222076416,-0.0086066776446694,5.357143070016588e-06,0.0,,,0.0,0.0
2010-10-20,31.147912979125977,-0.0141075697362684,5.357143070016588e-06,0.0,,,0.0,0.0
2010-10-21,31.90218544006348,0.0242158266411938,4.761904655467893e-06,0.0,,,0.0,0.0
2010-10-22,31.69647216796875,-0.0064482501514266,4.761904655467893e-06,0.0,,,0.0,0.0
2010-10-25,31.79931831359864,0.0032447190048432,4.563492146276289e-06,0.0,,,0.0,0.0
2010-10-26,31.19933319091797,-0.0188678611523598,5.158729969509063e-06,0.0,,,0.0,0.0
2010-10-27,30.633634567260746,-0.0181317536562575,5.158729969509063e-06,0.0,,,0.0,0.0
2010-10-28,30.256500244140625,-0.0123111190835701,4.96031746031746e-06,0.0,,,0.0,0.0
2010-10-29,30.42792510986328,0.0056657202366243,4.365079341426725e-06,0.0,,,0.0,0.0
2010-11-01,31.71361541748047,0.0422536306033047,4.166666536577163e-06,0.0,,,0.0,0.0
2010-11-02,31.765045166015625,0.0016216930128631,4.96031746031746e-06,0.0,,,0.0,0.0
2010-11-03,32.073604583740234,0.0097138038404154,4.761904655467893e-06,0.0,,,0.0,0.0
2010-11-04,31.07933807373047,-0.0309995250896686,4.563492146276289e-06,0.0,,,0.0,0.0
2010-11-05,31.33647918701172,0.0082736998024612,4.761904655467893e-06,0.0,,,0.0,0.0
2010-11-08,30.66792106628418,-0.0213348192928017,4.365079341426725e-06,0.0,,,0.0,0.0
2010-11-09,31.11362266540528,0.0145331533284496,4.96031746031746e-06,0.0,,,0.0,0.0
2010-11-10,30.51363945007324,-0.0192836180403753,4.96031746031746e-06,0.0,,,0.0,0.0
2010-11-11,30.35936164855957,-0.0050560275435547,4.96031746031746e-06,0.0,,,0.0,0.0
2010-11-12,30.05078887939453,-0.0101640071598698,4.96031746031746e-06,0.0,,,0.0,0.0
2010-11-15,30.736495971679688,0.0228182725930146,5.158729969509063e-06,0.0,,,0.0,0.0
2010-11-16,29.74222755432129,-0.0323481381311164,5.357143070016588e-06,0.0,,,0.0,0.0
2010-11-17,28.57654190063477,-0.0391929505467439,5.357143070016588e-06,0.0,,,0.0,0.06392770550052498
2010-11-18,29.98221778869629,0.0491898527452789,5.357143070016588e-06,0.0,,,0.0,0.03957939025420705
2010-11-19,30.205081939697266,0.0074332109976533,5.158729969509063e-06,0.0,,,0.0,0.03956748662375312
2010-11-22,30.05078887939453,-0.0051081821466589,4.96031746031746e-06,0.0,,,0.0,0.027324248144362073
2010-11-23,29.0222396850586,-0.0342270280645176,5.55555557920819e-06,0.0,,,0.0,0.11228596266543196
2010-11-24,28.816530227661133,-0.0070879938843373,5.952381188907317e-06,0.0,,,0.0,0.11752870697482333
2010-11-25,28.47368431091309,-0.0118975433211228,5.952381188907317e-06,0.0,,,0.0,0.09698485000679896
2010-11-26,28.47368431091309,0.0,6.150793698098924e-06,0.0,,,0.0,0.1464714710102367
2010-11-29,29.467947006225582,0.0349186527621725,6.150793698098924e-06,0.0,,,0.0,0.13950199607167774
2010-11-30,29.605085372924805,0.0046538147591432,6.349206207290528e-06,0.0,,,0.0,0.05398806883931969
2010-12-01,29.827939987182617,0.0075275788416278,6.150793698098924e-06,0.0,,,0.0,0.0
2010-12-02,30.34221649169922,0.0172414355378747,5.753968088399794e-06,0.0,,,0.0,0.0
2010-12-03,29.416519165039062,-0.0305085598118186,5.158729969509063e-06,0.0,,,0.0,0.0
2010-12-06,30.05078887939453,0.0215616848069939,4.96031746031746e-06,0.0,,,0.0,0.0
2010-12-07,30.702205657958984,0.0216771939391955,5.55555557920819e-06,0.0,,,0.0,0.0
2010-12-08,30.033653259277344,-0.0217753866327948,5.357143070016588e-06,0.0,,,0.0,0.0
2010-12-09,30.39364242553711,0.011986193059899,5.357143070016588e-06,0.0,,,0.0,0.0
2010-12-10,31.21648597717285,0.0270728838654883,4.563492146276289e-06,0.0,,,0.0,0.0
2010-12-13,30.82219886779785,-0.0126307333139074,4.761904655467893e-06,0.0,,,0.0,0.0
2010-12-14,31.19933319091797,0.0122358020184645,5.357143070016588e-06,0.0,,,0.0,0.0
2010-12-15,30.54792213439941,-0.0208790057317052,5.357143070016588e-06,0.0,,,0.0,0.0
2010-12-16,29.793657302856445,-0.0246911992319635,4.96031746031746e-06,0.0,,,0.0,0.0
2010-12-17,29.74222755432129,-0.0017261978954905,4.166666536577163e-06,0.0,,,0.0,0.0
2010-12-20,29.347949981689453,-0.0132564910248139,3.96825402738556e-06,0.0,,,0.0,0.0
2010-12-21,29.74222755432129,0.0134345865001757,5.158729969509063e-06,0.0,,,0.0,0.0
2010-12-22,29.827939987182617,0.0028818430867285,5.158729969509063e-06,0.0,,,0.0,0.0
2010-12-23,29.62222671508789,-0.0068966637381973,5.158729969509063e-06,0.0,,,0.0,0.0
2010-12-24,29.77651023864746,0.0052083702229241,5.158729969509063e-06,0.0,,,0.0,0.0
2010-12-28,29.553661346435547,-0.0074840500255357,5.55555557920819e-06,0.0,,,0.0,0.0
2010-12-29,29.605085372924805,0.0017400221883323,4.96031746031746e-06,0.0,,,0.0,0.0
2010-12-30,29.43366241455078,-0.005790321365896,4.365079341426725e-06,0.0,,,0.0,0.0
2010-12-31,28.953670501708984,-0.0163075836802595,4.563492146276289e-06,0.0,,,0.0,0.0
2011-01-03,29.8965072631836,0.032563635115588,4.761904655467893e-06,0.0,,,0.0,0.0
2011-01-04,30.496490478515625,0.0200686725726948,5.357143070016588e-06,0.0,,,0.0,0.0
2011-01-05,30.702205657958984,0.0067455361654904,5.357143070016588e-06,0.0,,,0.0,0.0
2011-01-06,30.85648727416992,0.0050250987805151,5.55555557920819e-06,0.0,,,0.0,0.0
2011-01-07,30.85648727416992,0.0,5.357143070016588e-06,0.0,,,0.0,0.0
2011-01-10,30.61649703979492,-0.007777626540656,5.357143070016588e-06,0.0,,,0.0,0.0
2011-01-11,30.8050594329834,0.0061588493596569,5.753968088399794e-06,0.0,,,0.0,0.0
2011-01-12,31.970752716064453,0.0378409684817206,5.753968088399794e-06,0.0,,,0.0,0.0
2011-01-13,33.27358627319336,0.0407507939740896,5.55555557920819e-06,0.0,,,0.0,0.0
2011-01-14,34.45641326904297,0.0355485274757576,5.753968088399794e-06,0.0,,,0.0,0.0
2011-01-17,34.52498245239258,0.0019900267278025,5.753968088399794e-06,0.0,,,0.0,0.0
2011-01-18,34.45641326904297,-0.0019860743866897,5.753968088399794e-06,0.0,,,0.0,0.0
2011-01-19,34.422122955322266,-0.0009951794301095,6.150793698098924e-06,0.0,,,0.0,0.0
2011-01-20,33.51357650756836,-0.0263942595560751,6.150793698098924e-06,0.0,,,0.0,0.0
2011-01-21,32.5878791809082,-0.0276215618601943,5.952381188907317e-06,0.0,,,0.0,0.0
2011-01-24,32.5878791809082,0.0,5.952381188907317e-06,0.0,,,0.0,0.0
2011-01-25,34.13070297241211,0.0473434856849408,5.952381188907317e-06,0.0,,,0.0,0.0
2011-01-26,34.76497268676758,0.018583552611505,6.150793698098924e-06,0.0,,,0.0,0.0
2011-01-27,34.267845153808594,-0.0142996670078847,5.55555557920819e-06,0.0,,,0.0,0.0
2011-01-28,34.86783981323242,0.0175089696107473,5.357143070016588e-06,0.0,,,0.0,0.0
2011-01-31,34.627838134765625,-0.0068831817443337,5.753968088399794e-06,0.0,,,0.0,0.0
2011-02-01,34.35355758666992,-0.00792081062145,5.952381188907317e-06,0.0,,,0.0,0.0
2011-02-02,35.79352188110352,0.0419160167269647,5.952381188907317e-06,0.0,,,0.0,0.0
2011-02-07,34.83354187011719,-0.0268199372549907,5.55555557920819e-06,0.0,,,0.0,0.0
2011-02-08,33.22214889526367,-0.0462598084588087,5.753968088399794e-06,0.0,,,0.0,0.12219342050860614
2011-02-09,32.7078742980957,-0.0154798715395946,5.158729969509063e-06,0.0,,,0.0,0.09372255637836238
2011-02-10,32.12503433227539,-0.0178195611401822,4.365079341426725e-06,0.0,,,0.0,0.06366245135299277
2011-02-11,33.8221435546875,0.0528282461851583,4.365079341426725e-06,0.0,,,0.0,0.05356457252413007
2011-02-14,34.730690002441406,0.0268624738785365,4.365079341426725e-06,0.0,,,0.0,0.09724249020158848
2011-02-15,34.69641876220703,-0.0009867710728455,4.96031746031746e-06,0.0,,,0.0,0.0899669247552528
2011-02-16,34.66212463378906,-0.000988405421695,4.365079341426725e-06,0.0,,,0.0,0.11513914577331763
2011-02-17,34.90211486816406,0.0069237023670802,3.571428713344389e-06,0.0,,,0.0,0.14734010443327974
2011-02-18,35.69068145751953,0.0225936620842068,3.571428713344389e-06,0.0,,,0.0,0.1573933730911345
2011-02-21,35.03926086425781,-0.018251839602364,3.571428713344389e-06,0.0,,,0.0,0.09761230018788922
2011-02-22,33.633575439453125,-0.0401174394131861,3.96825402738556e-06,0.0,,,0.0,0.0
2011-02-23,33.15357971191406,-0.0142713262347961,4.563492146276289e-06,0.0,,,0.0,0.0
2011-02-24,33.51357650756836,0.0108584592910467,4.761904655467893e-06,0.0,,,0.0,0.0
2011-02-25,34.2164192199707,0.0209718802242315,4.96031746031746e-06,0.0,,,0.0,0.0
2011-02-28,35.31354141235352,0.0320642024324531,5.357143070016588e-06,0.0,,,0.0,0.0
2011-03-01,36.2049446105957,0.0252425319747269,5.158729969509063e-06,0.0,,,0.0,0.0
2011-03-02,35.93067169189453,-0.0075755652066624,4.761904655467893e-06,0.0,,,0.0,0.0
2011-03-03,36.27351379394531,0.0095417671283923,4.96031746031746e-06,0.0,,,0.0,0.0
2011-03-04,37.88491439819336,0.0444236148006431,4.365079341426725e-06,0.0,,,0.0,0.0
2011-03-07,37.13064193725586,-0.0199095727922106,3.96825402738556e-06,0.0,,,0.0,0.0
2011-03-08,38.09061813354492,0.0258540156109137,4.166666536577163e-06,0.0,,,0.0,0.0
2011-03-09,38.43347930908203,0.0090011974690209,3.769841222535996e-06,0.0,,,0.0,0.0
2011-03-10,37.4049186706543,-0.0267621005674778,2.5793649847545317e-06,0.0,,,0.0,0.0
2011-03-11,37.13064193725586,-0.0073326381434861,2.777777789604095e-06,0.0,,,0.0,0.0
2011-03-14,38.39918518066406,0.0341643229748576,2.9761905944536585e-06,0.0,,,0.0,0.0
2011-03-15,36.68493270874024,-0.0446429387461855,3.769841222535996e-06,0.0,,,0.0,0.11723668773385562
2011-03-16,37.164920806884766,0.0130840664737041,3.373015908494825e-06,0.0,,,0.0,0.1491347407393119
2011-03-17,33.11929702758789,-0.1088559773964976,2.777777789604095e-06,0.0,,,0.0,1.0
2011-03-18,32.87931060791016,-0.0072461205767085,2.5793649847545317e-06,1.0,,,1.0,1.0
2011-03-21,32.9478645324707,0.0020850170910835,2.777777789604095e-06,1.0,,,1.0,1.0
2011-03-22,32.72502517700195,-0.0067633929734395,3.571428713344389e-06,1.0,,,1.0,1.0
2011-03-23,32.39930725097656,-0.0099531757199164,3.373015908494825e-06,1.0,,,1.0,1.0
2011-03-24,33.32501602172852,0.0285718692557557,3.1746031036452616e-06,1.0,,,1.0,1.0
2011-03-25,33.71928024291992,0.0118308786688754,3.1746031036452616e-06,1.0,,,1.0,1.0
2011-03-28,32.99930191040039,-0.021352126360132,3.1746031036452616e-06,1.0,,,1.0,1.0
2011-03-29,32.60502243041992,-0.011948115782904,3.769841222535996e-06,1.0,,,1.0,1.0
2011-03-30,33.46214294433594,0.0262879903163733,3.769841222535996e-06,1.0,,,1.0,1.0
2011-03-31,32.48501968383789,-0.0292008572829147,3.571428713344389e-06,1.0,,,1.0,0.0
2011-04-01,33.067867279052734,0.0179420422363119,2.182539670713361e-06,1.0,,,1.0,0.0
2011-04-04,33.6678581237793,0.0181442256213069,1.3888888948020476e-06,0.0,,,0.0,0.0
2011-04-06,35.10782241821289,0.042769703054456,1.984127013692778e-06,0.0,,,0.0,0.0
2011-04-07,35.1764030456543,0.0019534286867597,1.3888888948020476e-06,0.0,,,0.0,0.0
2011-04-08,35.27924728393555,0.0029236712505189,1.3888888948020476e-06,0.0,,,0.0,0.0
2011-04-11,34.31926727294922,-0.0272108983295529,1.3888888948020476e-06,0.0,,,0.0,0.0
2011-04-12,33.1878662109375,-0.0329669352499113,1.7857143566721944e-06,0.0,,,0.0,0.03147146767222067
2011-04-13,34.18212890625,0.0299586206896551,1.984127013692778e-06,0.0,,,0.0,0.05738596094911099
2011-04-14,34.38783645629883,0.0060179853224768,2.5793649847545317e-06,0.0,,,0.0,0.058309177293006755
2011-04-15,34.422122955322266,0.0009970531023959,2.3809523277339444e-06,0.0,,,0.0,0.0
2011-04-18,34.28499221801758,-0.0039837966264507,2.182539670713361e-06,0.0,,,0.0,0.0
2011-04-19,34.35355758666992,0.0019998653701402,2.182539670713361e-06,0.0,,,0.0,0.0
2011-04-20,36.78778839111328,0.0708581869083597,2.182539670713361e-06,0.0,,,0.0,0.0
2011-04-21,37.6449089050293,0.0232990498043386,1.7857143566721944e-06,0.0,,,0.0,0.0
2011-04-26,38.57061004638672,0.0245903408530694,2.182539670713361e-06,0.0,,,0.0,0.0
2011-04-27,37.47349166870117,-0.0284444134113021,1.984127013692778e-06,0.0,,,0.0,0.0
2011-04-28,38.124908447265625,0.017383402227995,1.3888888948020476e-06,0.0,,,0.0,0.0
2011-04-29,37.88491439819336,-0.0062949409938708,1.5873015518226308e-06,0.0,,,0.0,0.0
2011-05-03,37.47179412841797,-0.0109046114089963,9.92063506846389e-07,0.0,,,0.0,0.0
2011-05-04,36.19982147216797,-0.0339448026398436,7.936507759113135e-07,0.0,,,0.0,0.0
2011-05-05,36.40608978271485,0.0056980477294747,3.9682538795565474e-07,0.0,,,0.0,0.0
2011-05-06,36.371707916259766,-0.0009443987712025,1.9841269397782539e-07,0.0,,,0.0,0.0
2011-05-09,36.06230163574219,-0.0085067844828716,1.9841269397782539e-07,0.0,,,0.0,0.0
2011-05-11,36.06230163574219,0.0,7.936507759113135e-07,0.0,,,0.0,0.0
2011-05-12,37.574928283691406,0.0419448171452823,7.936507759113135e-07,0.0,,,0.0,0.0
2011-05-13,37.6436767578125,0.0018296368685535,7.936507759113135e-07,0.0,,,0.0,0.0
2011-05-16,37.67805862426758,0.0009133503795679,7.936507759113135e-07,0.0,,,0.0,0.0
2011-05-17,36.646728515625,-0.0273721668870253,1.3888888948020476e-06,0.0,,,0.0,0.0
2011-05-18,37.540557861328125,0.024390426701309,1.5873015518226308e-06,0.0,,,0.0,0.0
2011-05-19,37.91870880126953,0.0100731305415935,1.5873015518226308e-06,0.0,,,0.0,0.0
2011-05-20,37.84994888305664,-0.0018133507280867,1.5873015518226308e-06,0.0,,,0.0,0.0
2011-05-23,37.23115539550781,-0.0163485950657605,1.7857143566721944e-06,0.0,,,0.0,0.0
2011-05-24,36.61234664916992,-0.0166207236859631,1.984127013692778e-06,0.0,,,0.0,0.0
2011-05-25,36.85299682617188,0.006572924136984,1.7857143566721944e-06,0.0,,,0.0,0.0
2011-05-26,37.43741607666016,0.0158581201210004,1.7857143566721944e-06,0.0,,,0.0,0.0
2011-05-27,36.99050521850586,-0.0119375455089948,1.3888888948020476e-06,0.0,,,0.0,0.0
2011-05-30,37.50617218017578,0.0139405222671016,1.3888888948020476e-06,0.0,,,0.0,0.0
2011-05-31,38.468746185302734,0.025664415992729,1.5873015518226308e-06,0.0,,,0.0,0.0
2011-06-01,38.60626602172852,0.0035748458180404,1.5873015518226308e-06,0.0,,,0.0,0.0
2011-06-02,37.91870880126953,-0.017809472174077,1.3888888948020476e-06,0.0,,,0.0,0.0
2011-06-03,37.98746490478516,0.0018132501261047,1.1904761638669722e-06,0.0,,,0.0,0.0
2011-06-07,37.29990768432617,-0.0180995815904625,1.5873015518226308e-06,0.0,,,0.0,0.0
2011-06-08,37.33428955078125,0.0009217681380355,1.3888888948020476e-06,0.0,,,0.0,0.0
2011-06-09,36.23419570922852,-0.0294660446144664,1.5873015518226308e-06,0.0,,,0.0,0.0
2011-06-10,35.202857971191406,-0.0284631055788674,1.3888888948020476e-06,0.0,,,0.0,0.0
2011-06-13,35.51226043701172,0.0087891291688166,1.5873015518226308e-06,0.0,,,0.0,0.0
2011-06-14,34.618438720703125,-0.0251693839059884,1.984127013692778e-06,0.0,,,0.0,0.0
2011-06-15,34.92784118652344,0.0089375049035727,1.7857143566721944e-06,0.0,,,0.0,0.0
2011-06-16,33.87931823730469,-0.0300196895542261,1.3888888948020476e-06,0.0,,,0.0,0.0
2011-06-17,32.45265197753906,-0.0421102411144365,9.92063506846389e-07,0.0,,,0.0,0.18640466810477152
2011-06-20,33.844940185546875,0.0429021396763331,5.952380819334841e-07,0.0,,,0.0,0.18640466810477152
2011-06-21,34.92784118652344,0.0319959496172785,7.936507759113135e-07,0.0,,,0.0,0.259763073652238
2011-06-22,35.856040954589844,0.0265747820802777,3.9682538795565474e-07,0.0,,,0.0,0.259763073652238
2011-06-23,35.34037780761719,-0.0143814858875724,1.9841269397782539e-07,0.0,,,0.0,0.20078790027251134
2011-06-24,36.06230163574219,0.0204277337399998,3.9682538795565474e-07,0.0,,,0.0,0.1744433478202705
2011-06-27,35.61540603637695,-0.012392320486896,5.952380819334841e-07,0.0,,,0.0,0.1309228008339645
2011-06-28,35.61540603637695,0.0,9.92063506846389e-07,0.0,,,0.0,0.1090483827485252
2011-06-29,35.13410568237305,-0.0135138247058678,7.936507759113135e-07,0.0,,,0.0,0.07663146697193442
2011-06-30,36.30295181274414,0.0332681338451574,5.952380819334841e-07,0.0,,,0.0,0.0
2011-07-04,37.16239929199219,0.0236743139698722,5.952380819334841e-07,0.0,,,0.0,0.0
2011-07-05,36.95613479614258,-0.0055503546536096,3.9682538795565474e-07,0.0,,,0.0,0.0
2011-07-06,36.88737487792969,-0.0018605819735257,1.9841269397782539e-07,0.0,,,0.0,0.0
2011-07-07,36.921756744384766,0.0009320768032112,7.936507759113135e-07,0.0,,,0.0,0.0
2011-07-08,36.54359436035156,-0.0102422641114094,7.936507759113135e-07,0.0,,,0.0,0.0
2011-07-11,35.581024169921875,-0.0263403260483331,5.952380819334841e-07,0.0,,,0.0,0.0
2011-07-12,34.44655227661133,-0.031884183206552,1.1904761638669722e-06,0.0,,,0.0,0.0
2011-07-13,35.61540603637695,0.0339323874964188,1.9841269397782539e-07,0.0,,,0.0,0.0
2011-07-14,35.95917510986328,0.0096522575970412,1.9841269397782539e-07,0.0,,,0.0,0.0
2011-07-15,36.47484588623047,0.0143404506580504,1.9841269397782539e-07,0.0,,,0.0,0.0
2011-07-18,36.16544342041016,-0.0084826257192524,1.9841269397782539e-07,0.0,,,0.0,0.0
2011-07-19,35.64977264404297,-0.0142586604116174,9.92063506846389e-07,0.0,,,0.0,0.0
2011-07-20,35.68415069580078,0.000964327377374,7.936507759113135e-07,0.0,,,0.0,0.0
2011-07-21,34.9965934753418,-0.0192678600177499,1.3888888948020476e-06,0.0,,,0.0,0.0
2011-07-22,35.44350814819336,0.0127702335704888,1.1904761638669722e-06,0.0,,,0.0,0.0
2011-07-25,35.09972381591797,-0.0096995007051218,1.3888888948020476e-06,0.0,,,0.0,0.0
2011-07-26,35.75291061401367,0.0186094569154267,2.5793649847545317e-06,0.0,,,0.0,0.0
2011-07-27,35.40913009643555,-0.0096154554041644,2.777777789604095e-06,0.0,,,0.0,0.0
2011-07-28,35.23723602294922,-0.0048545127490616,2.5793649847545317e-06,0.0,,,0.0,0.0
2011-07-29,34.85908508300781,-0.010731572127142,3.571428713344389e-06,0.0,,,0.0,0.0
2011-08-01,35.787296295166016,0.0266275265098872,2.9761905944536585e-06,0.0,,,0.0,0.0
2011-08-02,35.54664611816406,-0.0067244581713332,1.984127013692778e-06,0.0,,,0.0,0.0
2011-08-03,35.27162170410156,-0.0077370003670181,3.9682538795565474e-07,0.0,,,0.0,0.0
2011-08-04,34.96221923828125,-0.0087719943362948,3.9682538795565474e-07,0.0,,,0.0,0.0
2011-08-05,33.94806671142578,-0.0290070982034527,3.9682538795565474e-07,0.0,,,0.0,0.0
2011-08-08,33.05425262451172,-0.0263288656320813,5.952380819334841e-07,0.0,,,0.0,0.0
2011-08-09,31.644760131835938,-0.0426417898080248,1.1904761638669722e-06,0.0,,,0.0,0.0
2011-08-10,32.76203536987305,0.0353068006640722,5.952380819334841e-07,0.0,,,0.0,0.034267100558920065
2011-08-11,31.21503639221192,-0.047219257295708,3.9682538795565474e-07,0.0,,,0.0,0.28444144624133244
2011-08-12,31.558818817138672,0.0110133597349424,1.9841269397782539e-07,0.0,,,0.0,0.35060711414788076
2011-08-15,32.487022399902344,0.0294118606954829,1.9841269397782539e-07,0.0,,,0.0,0.35060711414788076
2011-08-16,31.14628791809082,-0.041269848166065,7.936507759113135e-07,0.0,,,0.0,0.4418185258833085
2011-08-17,30.905637741088867,-0.0077264480966341,1.9841269397782539e-07,0.0,,,0.0,0.44188114932417955
2011-08-18,30.940019607543945,0.0011124787892458,3.9682538795565474e-07,0.0,,,0.0,0.5047147002435245
2011-08-19,29.564903259277344,-0.0444445855467821,3.9682538795565474e-07,0.0,,,0.0,0.6167340510768391
2011-08-22,29.0836181640625,-0.0162789335379888,1.9841269397782539e-07,1.0,,,1.0,0.6131309707823654
2011-08-23,30.09775924682617,0.0348698389946819,1.9841269397782539e-07,1.0,,,1.0,0.5485023592409713
2011-08-24,30.04619407653809,-0.001713256121999,3.9682538795565474e-07,1.0,,,1.0,0.537161340789567
2011-08-25,30.114953994750977,0.0022884734764654,3.9682538795565474e-07,0.0,,,0.0,0.3090550279782916
2011-08-26,30.149328231811523,0.0011414341548234,3.9682538795565474e-07,0.0,,,0.0,0.3090550279782916
2011-08-29,30.87125587463379,0.0239450656171018,1.9841269397782539e-07,0.0,,,0.0,0.3090550279782916
2011-08-30,31.23223114013672,0.0116929245434274,5.952380819334841e-07,0.0,,,0.0,0.03692269756577683
2011-08-31,31.79945945739746,0.0181616329206719,5.952380819334841e-07,0.0,,,0.0,0.050479353387412725
2011-09-01,32.24637985229492,0.0140543393668755,3.9682538795565474e-07,0.0,,,0.0,0.050479353387412725
2011-09-02,32.19480514526367,-0.0015993952582425,5.952380819334841e-07,0.0,,,0.0,0.0
2011-09-05,31.318178176879883,-0.0272288328638247,5.952380819334841e-07,0.0,,,0.0,0.025049242693970797
2011-09-06,31.438491821289062,0.0038416552754017,5.952380819334841e-07,0.0,,,0.0,0.051671274516431664
2011-09-07,32.26356506347656,0.0262440465298907,5.952380819334841e-07,0.0,,,0.0,0.05192154812632106
2011-09-08,32.022911071777344,-0.0074590018562966,3.9682538795565474e-07,0.0,,,0.0,0.08530729754411148
2011-09-09,31.71352195739746,-0.009661492476009,1.9841269397782539e-07,0.0,,,0.0,0.09340922315111162
2011-09-12,30.32121658325196,-0.0439025780869075,1.9841269397782539e-07,0.0,,,0.0,0.17154485285044263
2011-09-14,30.68218421936035,0.0119047873662092,1.9841269397782539e-07,0.0,,,0.0,0.21246044860680824
2011-09-15,30.01181411743164,-0.0218488389593107,1.9841269397782539e-07,0.0,,,0.0,0.2567130938076012
2011-09-16,30.64780235290528,0.0211912626469401,1.9841269397782539e-07,0.0,,,0.0,0.2990594417613046
2011-09-19,29.8055477142334,-0.0274817303039687,1.9841269397782539e-07,0.0,,,0.0,0.34337083243152877
2011-09-20,29.54771423339844,-0.0086505198061443,1.9841269397782539e-07,0.0,,,0.0,0.3816562357419562
2011-09-21,28.946102142333984,-0.0203606981681324,1.9841269397782539e-07,0.0,,,0.0,0.41568485370543806
2011-09-22,26.91781044006348,-0.0700713240178927,1.9841269397782539e-07,0.0,,,0.0,0.6663831764128273
2011-09-23,27.33034896850586,0.0153258575529744,1.9841269397782539e-07,1.0,,,1.0,0.7175147399747276
2011-09-26,26.797496795654297,-0.019496720421155,1.9841269397782539e-07,1.0,,,1.0,0.693233042279674
2011-09-27,27.50223731994629,0.0262987446053646,3.9682538795565474e-07,1.0,,,1.0,0.6394852508250947
2011-09-28,28.430435180664062,0.0337499036867299,3.9682538795565474e-07,1.0,,,1.0,0.6761362604554488
2011-09-30,28.224170684814453,-0.0072550593945847,3.9682538795565474e-07,1.0,,,1.0,0.72370015713622
2011-10-03,25.6114559173584,-0.0925701164662309,7.936507759113135e-07,1.0,,,1.0,1.0
2011-10-04,25.027034759521484,-0.0228187401654436,1.9841269397782539e-07,1.0,,,1.0,1.0
2011-10-06,28.017906188964844,0.1195056249444608,1.9841269397782539e-07,1.0,,,1.0,0.9288953312454797
2011-10-07,29.375822067260746,0.0484660013184972,1.9841269397782539e-07,1.0,,,1.0,0.9370948037477607
2011-10-10,28.9804801940918,-0.0134580701184717,1.9841269397782539e-07,1.0,,,1.0,0.9722597254934384
2011-10-11,29.238317489624023,0.0088969297197769,1.9841269397782539e-07,1.0,,,1.0,1.0
2011-10-12,29.788360595703125,0.0188124062294041,5.952380819334841e-07,1.0,,,1.0,1.0
2011-10-13,29.702417373657227,-0.0028851276245895,5.952380819334841e-07,1.0,,,1.0,1.0
2011-10-14,29.668041229248047,-0.0011573517393121,5.952380819334841e-07,1.0,,,1.0,1.0
2011-10-17,30.57904624938965,0.0307066116398508,7.936507759113135e-07,1.0,,,1.0,1.0
2011-10-18,28.774213790893555,-0.0590218688894562,9.92063506846389e-07,1.0,,,1.0,1.0
2011-10-19,28.877349853515625,0.0035843225247291,7.936507759113135e-07,1.0,,,1.0,1.0
2011-10-20,28.017906188964844,-0.0297618607285788,5.952380819334841e-07,1.0,,,1.0,1.0
2011-10-21,28.069469451904297,0.001840368177111,5.952380819334841e-07,1.0,,,1.0,1.0
2011-10-24,29.650848388671875,0.0563380415678036,1.9841269397782539e-07,1.0,,,1.0,1.0
2011-10-25,30.40716552734375,0.0255074367100007,5.952380819334841e-07,1.0,,,1.0,1.0
2011-10-26,30.44154167175293,0.0011305277493973,5.952380819334841e-07,1.0,,,1.0,1.0
2011-10-27,31.79945945739746,0.0446073921053926,3.9682538795565474e-07,1.0,,,1.0,1.0
2011-10-28,32.14324188232422,0.0108109518461259,3.9682538795565474e-07,1.0,,,1.0,1.0
2011-10-31,31.472877502441406,-0.0208555310735925,1.9841269397782539e-07,1.0,,,1.0,1.0
2011-11-01,30.51029396057129,-0.030584541937592,1.9841269397782539e-07,1.0,,,1.0,1.0
2011-11-02,31.61038017272949,0.0360562311716776,1.9841269397782539e-07,1.0,,,1.0,1.0
2011-11-03,30.836885452270508,-0.0244696430802904,1.9841269397782539e-07,1.0,,,1.0,0.8177764788077535
2011-11-04,31.28378868103028,0.01449248917993,1.9841269397782539e-07,1.0,,,1.0,0.8098137385007544
2011-11-07,29.977434158325195,-0.0417581941888396,1.9841269397782539e-07,1.0,,,1.0,1.0
2011-11-08,28.3444938659668,-0.0544723168678832,1.9841269397782539e-07,1.0,,,1.0,1.0
2011-11-09,28.61951446533203,0.0097027874502091,1.9841269397782539e-07,1.0,,,1.0,1.0
2011-11-10,27.399099349975582,-0.0426427610026294,1.9841269397782539e-07,1.0,,,1.0,1.0
2011-11-11,27.106895446777344,-0.0106647265833758,1.9841269397782539e-07,1.0,,,1.0,1.0
2011-11-14,27.50223731994629,0.0145845500435553,1.9841269397782539e-07,1.0,,,1.0,1.0
2011-11-15,27.03813743591309,-0.0168749865196096,3.9682538795565474e-07,1.0,,,1.0,1.0
2011-11-16,26.81467628479004,-0.0082646651106315,1.9841269397782539e-07,1.0,,,1.0,1.0
2011-11-17,26.453712463378903,-0.0134614275248917,1.9841269397782539e-07,1.0,,,1.0,1.0
2011-11-18,25.81772232055664,-0.0240416215191986,1.9841269397782539e-07,1.0,,,1.0,1.0
2011-11-21,26.402145385742188,0.0226365075094256,1.9841269397782539e-07,1.0,,,1.0,1.0
2011-11-22,27.295970916748047,0.0338542765349874,5.952380819334841e-07,1.0,,,1.0,1.0
2011-11-23,26.53965950012207,-0.0277078041639443,5.952380819334841e-07,1.0,,,1.0,1.0
2011-11-24,26.95219039916992,0.0155439409102422,5.952380819334841e-07,1.0,,,1.0,1.0
2011-11-25,25.955236434936523,-0.0369897195540774,1.9841269397782539e-07,1.0,,,1.0,1.0
2011-11-28,25.18173217773437,-0.0298014722054695,3.9682538795565474e-07,1.0,,,1.0,1.0
2011-11-29,25.233301162719727,0.0020478728238937,5.952380819334841e-07,1.0,,,1.0,1.0
2011-11-30,24.95827865600586,-0.010899188534245,5.952380819334841e-07,1.0,,,1.0,1.0
2011-12-01,26.84905815124512,0.0757576081788105,5.952380819334841e-07,1.0,,,1.0,1.0
2011-12-02,26.12712478637696,-0.0268885918009261,5.952380819334841e-07,1.0,,,1.0,1.0
2011-12-05,26.299015045166016,0.0065789963570228,5.952380819334841e-07,1.0,,,1.0,1.0
2011-12-06,26.453712463378903,0.0058822514055074,1.9841269397782539e-07,1.0,,,1.0,1.0
2011-12-07,26.69435691833496,0.0090968122258527,1.9841269397782539e-07,1.0,,,1.0,1.0
2011-12-08,26.52246856689453,-0.0064391268898621,1.9841269397782539e-07,1.0,,,1.0,1.0
2011-12-09,25.57708168029785,-0.0356447547185225,1.9841269397782539e-07,1.0,,,1.0,1.0
2011-12-12,25.06141662597656,-0.0201612154493181,1.9841269397782539e-07,1.0,,,1.0,1.0
2011-12-13,25.594268798828125,0.0212618536615067,1.9841269397782539e-07,1.0,,,1.0,1.0
2011-12-14,25.74896812438965,0.0060442955716948,1.9841269397782539e-07,1.0,,,1.0,1.0
2011-12-15,25.81772232055664,0.0026701728719711,1.9841269397782539e-07,1.0,,,1.0,1.0
2011-12-16,26.24744415283203,0.0166444517041395,1.9841269397782539e-07,1.0,,,1.0,0.7213503445836452
2011-12-19,26.4365234375,0.0072037217630414,1.9841269397782539e-07,1.0,,,1.0,0.7847266013774198
2011-12-20,26.299015045166016,-0.0052014552011377,1.9841269397782539e-07,1.0,,,1.0,0.7034854184357424
2011-12-21,26.84905815124512,0.0209149698243245,1.9841269397782539e-07,1.0,,,1.0,0.7100722880161655
2011-12-22,26.83186721801757,-0.0006402806806372,1.9841269397782539e-07,1.0,,,1.0,0.8502472573892619
2011-12-23,27.33034896850586,0.0185779747058958,1.9841269397782539e-07,1.0,,,1.0,0.8876009604768236
2011-12-28,27.07251739501953,-0.0094338924754835,1.9841269397782539e-07,1.0,,,1.0,0.8271488161084721
2011-12-29,26.81467628479004,-0.009524090666091,1.9841269397782539e-07,1.0,,,1.0,0.6901649170562537
2011-12-30,26.83186721801757,0.0006411016506391,1.9841269397782539e-07,1.0,,,1.0,0.5280439439083318
2012-01-03,27.33034896850586,0.0185779747058958,1.9841269397782539e-07,1.0,,,1.0,0.5527472932874304
2012-01-04,27.295970916748047,-0.0012578709403757,3.9682538795565474e-07,1.0,,,1.0,0.7643568818628892
2012-01-05,27.055328369140625,-0.008816046453939,3.9682538795565474e-07,1.0,,,1.0,1.0
2012-01-06,26.55685043334961,-0.0184243905300214,5.952380819334841e-07,1.0,,,1.0,1.0
2012-01-09,26.67717170715332,0.0045307057064498,1.9841269397782539e-07,1.0,,,1.0,1.0
2012-01-10,27.7085018157959,0.0386596495297151,3.9682538795565474e-07,1.0,,,1.0,1.0
2012-01-11,28.73983383178711,0.037220778764851,5.952380819334841e-07,1.0,,,1.0,0.982658288750379
2012-01-12,28.825782775878903,0.002990585978849,7.936507759113135e-07,1.0,,,1.0,0.7538618488476125
2012-01-13,29.238317489624023,0.0143113100155018,7.936507759113135e-07,1.0,,,1.0,0.710490117700129
2012-01-16,29.238317489624023,0.0,7.936507759113135e-07,1.0,,,1.0,0.7369744887596571
2012-01-17,30.49310111999512,0.0429157262833741,7.936507759113135e-07,1.0,,,1.0,0.6032144073896186
2012-01-18,31.111909866333008,0.0202934015764018,9.92063506846389e-07,1.0,,,1.0,0.5336348462372744
2012-01-19,30.85407447814941,-0.0082873532769714,1.5873015518226308e-06,1.0,,,1.0,0.7626483878352283
2012-01-20,31.23223114013672,0.0122562957529357,1.5873015518226308e-06,1.0,,,1.0,0.6435183939791097
2012-01-26,31.438491821289062,0.0066040969095952,1.7857143566721944e-06,1.0,,,1.0,0.5034134966626937
2012-01-27,31.16346740722656,-0.0087480155099637,1.984127013692778e-06,1.0,,,1.0,0.4741430083225717
2012-01-30,31.696325302124023,0.0170987999484903,1.7857143566721944e-06,0.0,,0.56,0.0,0.4485507684173292
2012-01-31,32.60733413696289,0.0287417808264927,2.182539670713361e-06,0.0,,0.56,0.0,0.4282152883190401
2012-02-01,31.57600784301757,-0.0316286602766533,2.182539670713361e-06,0.0,,1.0,0.0,0.6767681501145031
2012-02-02,32.21199417114258,0.0201414419228314,2.9761905944536585e-06,1.0,,,1.0,0.6928713758728071
2012-02-03,31.95416641235352,-0.0080040918118642,2.777777789604095e-06,1.0,,,1.0,0.8353347618827338
2012-02-06,31.93697166442871,-0.0005381066025292,2.5793649847545317e-06,1.0,,,1.0,0.8565025650997993
2012-02-07,31.558818817138672,-0.011840598140093,3.1746031036452616e-06,1.0,,,1.0,1.0
2012-02-08,31.971349716186523,0.0130718104957661,2.9761905944536585e-06,1.0,,,1.0,1.0
2012-02-09,32.590145111083984,0.0193546847533989,3.373015908494825e-06,1.0,,,1.0,0.9387594331655926
2012-02-10,31.971349716186523,-0.0189871936067878,3.1746031036452616e-06,1.0,,,1.0,1.0
2012-02-13,32.24637985229492,0.0086023936602575,3.769841222535996e-06,1.0,,,1.0,1.0
2012-02-14,32.0057258605957,-0.0074629770163825,4.365079341426725e-06,1.0,,,1.0,1.0
2012-02-15,33.294898986816406,0.0402794528652725,4.166666536577163e-06,1.0,,,1.0,1.0
2012-02-16,34.27466583251953,0.0294269355221974,3.769841222535996e-06,1.0,,,1.0,0.9609839204579784
2012-02-17,34.034027099609375,-0.0070208921681692,2.9761905944536585e-06,1.0,,,1.0,0.8989130771237597
2012-02-20,33.432403564453125,-0.017677118649387,2.9761905944536585e-06,1.0,,,1.0,0.8374090764159825
2012-02-21,33.2777099609375,-0.0046270560002482,2.777777789604095e-06,1.0,,,1.0,0.7775441778236125
2012-02-22,33.89651107788086,0.0185950631119067,3.1746031036452616e-06,1.0,,,1.0,0.7163274371937156
2012-02-23,34.36060333251953,0.0136914461070158,3.373015908494825e-06,1.0,,,1.0,0.6011544861074073
2012-02-24,34.36060333251953,0.0,3.571428713344389e-06,1.0,,,1.0,0.5964091230670521
2012-02-27,33.89651107788086,-0.0135065222850567,3.96825402738556e-06,1.0,,,1.0,0.533331716918799
2012-02-28,34.51530456542969,0.0182553740155464,3.769841222535996e-06,0.0,,0.56,0.0,0.4641503798704738
2012-02-29,34.72157669067383,0.0059762510527212,2.9761905944536585e-06,0.0,,0.56,0.0,0.3989225449286593
2012-03-01,34.257476806640625,-0.013366325157632,2.777777789604095e-06,0.0,,0.56,0.0,0.33791016470683166
2012-03-02,34.37779235839844,0.0035120961312156,2.3809523277339444e-06,0.0,,0.30434782608695654,0.0,0.27495844839426464
2012-03-05,34.034027099609375,-0.0099996315995283,2.3809523277339444e-06,0.0,,0.30434782608695654,0.0,0.21716439787121455
2012-03-06,33.67304992675781,-0.0106063608574756,2.777777789604095e-06,0.0,,0.30434782608695654,0.0,0.1629238687360668
2012-03-07,33.50116729736328,-0.0051044568213569,2.9761905944536585e-06,0.0,,0.30434782608695654,0.0,0.11079348843114456
2012-03-08,33.93088150024414,0.0128268426907822,2.9761905944536585e-06,0.0,,0.30434782608695654,0.0,0.05917588562301512
2012-03-09,34.17152786254883,0.0070922520036196,3.1746031036452616e-06,0.0,,0.1645021645021645,0.0,0.006160892350917102
2012-03-12,34.34341049194336,0.0050299954419923,2.9761905944536585e-06,0.0,,0.1645021645021645,0.0,0.0
2012-03-13,34.44655227661133,0.0030032481687327,3.1746031036452616e-06,0.0,,0.1645021645021645,0.0,0.0
2012-03-14,34.48092269897461,0.0009977899119564,3.1746031036452616e-06,0.0,,0.1645021645021645,0.0,0.0
2012-03-15,35.890419006347656,0.0408775693063157,2.9761905944536585e-06,0.0,,0.1645021645021645,0.0,0.0
2012-03-16,37.29990768432617,0.0392720039776974,3.1746031036452616e-06,0.0,,0.1645021645021645,0.0,0.0
2012-03-20,37.26552963256836,-0.0009216658670782,3.769841222535996e-06,0.0,,0.1645021645021645,0.0,0.0
2012-03-21,37.26552963256836,0.0,3.373015908494825e-06,0.0,,0.1645021645021645,0.0,0.0
2012-03-22,38.399993896484375,0.0304427248210783,2.777777789604095e-06,0.0,,0.1645021645021645,0.0,0.0
2012-03-23,38.15935134887695,-0.0062667340066805,2.777777789604095e-06,0.0,,0.1645021645021645,0.0,0.0
2012-03-26,37.78120040893555,-0.0099097842750027,2.777777789604095e-06,0.0,,0.1645021645021645,0.0,0.0
2012-03-27,38.12497329711914,0.0090990462045321,3.1746031036452616e-06,0.0,,0.1645021645021645,0.0,0.0
2012-03-28,37.88432312011719,-0.0063121402112598,2.9761905944536585e-06,0.0,,0.1645021645021645,0.0,0.0
2012-03-29,37.128028869628906,-0.0199632509756173,2.182539670713361e-06,0.0,,0.1645021645021645,0.0,0.0
2012-03-30,37.23115539550781,0.0027775922670449,2.5793649847545317e-06,0.0,,0.1645021645021645,0.0,0.0
2012-04-02,37.23115539550781,0.0,2.3809523277339444e-06,0.0,,0.1645021645021645,0.0,0.0
2012-04-03,38.29685974121094,0.028623993383555,2.9761905944536585e-06,0.0,,0.1645021645021645,0.0,0.0
2012-04-05,38.29685974121094,0.0,2.777777789604095e-06,0.0,,0.1645021645021645,0.0,0.0
2012-04-10,37.98746490478516,-0.0080788565568167,3.373015908494825e-06,0.0,,0.1645021645021645,0.0,0.0
2012-04-11,37.71244812011719,-0.0072396719643519,3.373015908494825e-06,0.0,,0.1645021645021645,0.0,0.0
2012-04-12,38.26248550415039,0.0145850352191745,3.373015908494825e-06,0.0,,0.1645021645021645,0.0,0.0
2012-04-13,38.88128662109375,0.01617252796806,3.1746031036452616e-06,0.0,,0.1645021645021645,0.0,0.0
2012-04-16,39.43133163452149,0.014146780140998,2.9761905944536585e-06,0.0,,0.1645021645021645,0.0,0.0
2012-04-17,39.36258316040039,-0.001743498666449,2.9761905944536585e-06,0.0,,0.1645021645021645,0.0,0.0
2012-04-18,40.70331573486328,0.0340610922052415,2.5793649847545317e-06,0.0,,0.1645021645021645,0.0,0.0
2012-04-19,40.77206802368164,0.0016891078178054,2.5793649847545317e-06,0.0,,0.1645021645021645,0.0,0.0
2012-04-20,40.222015380859375,-0.0134909184028334,2.5793649847545317e-06,0.0,,0.1645021645021645,0.0,0.0
2012-04-23,40.66893768310547,0.0111113850963016,2.777777789604095e-06,0.0,,0.1645021645021645,0.0,0.0
2012-04-24,41.04708099365234,0.0092980867485004,3.1746031036452616e-06,0.0,,0.1645021645021645,0.0,0.0
2012-04-25,39.1219367980957,-0.0469008794036863,3.373015908494825e-06,0.0,,0.30434782608695654,0.0,0.10749498225324909
2012-04-26,40.11888885498047,0.0254831978802565,3.373015908494825e-06,0.0,,0.30434782608695654,0.0,0.10749498225324909
2012-04-27,40.222015380859375,0.002570522983617,3.373015908494825e-06,0.0,,0.30434782608695654,0.0,0.10749498225324909
2012-04-30,41.90652084350586,0.0418801854331769,3.571428713344389e-06,0.0,,0.30434782608695654,0.0,0.10500266563022648
2012-05-02,41.87214660644531,-0.0008202598633495,3.1746031036452616e-06,0.0,,0.30434782608695654,0.0,0.10776292782016515
2012-05-03,42.42220306396485,0.0131365717332214,2.9761905944536585e-06,0.0,,0.30434782608695654,0.0,0.11019382143583131
2012-05-04,41.70026779174805,-0.0170178637617725,2.777777789604095e-06,0.0,,0.30434782608695654,0.0,0.12572471732378848
2012-05-07,39.67197799682617,-0.048639730685932,2.9761905944536585e-06,0.0,,0.56,0.0,0.510424874233724
2012-05-08,39.7407341003418,0.001733115084938,3.571428713344389e-06,0.0,,0.56,0.0,0.510424874233724
2012-05-09,38.64064407348633,-0.0276816735211241,3.571428713344389e-06,0.0,,0.6643794365380663,0.0,0.5242466483727646
2012-05-10,38.36561965942383,-0.007117490421212,3.571428713344389e-06,0.0,,0.30434782608695654,0.0,0.23508080594794745
2012-05-11,38.43437194824219,0.0017920286295043,3.571428713344389e-06,0.0,,0.30434782608695654,0.0,0.23508080594794745
2012-05-14,38.70940017700195,0.0071557882910155,3.373015908494825e-06,0.0,,0.30434782608695654,0.0,0.23508080594794745
2012-05-15,39.53446578979492,0.0213143476525154,3.571428713344389e-06,0.0,,0.30434782608695654,0.0,0.23508080594794745
2012-05-16,37.74681854248047,-0.0452174377875596,3.769841222535996e-06,0.0,,0.56,0.0,0.4706150443092502
2012-05-17,38.675025939941406,0.0245903478306741,3.571428713344389e-06,0.0,,0.56,0.0,0.4706150443092502
2012-05-18,38.64285659790039,-0.0008317859202207,2.9761905944536585e-06,0.0,,0.56,0.0,0.5061671912234357
2012-05-21,37.33176803588867,-0.033928355133118,2.3809523277339444e-06,0.0,,0.56,0.0,0.30076009564114375
2012-05-22,36.33119201660156,-0.0268022671287685,3.373015908494825e-06,0.0,,0.56,0.0,0.3088008509540444
2012-05-23,36.22768783569336,-0.0028489068253225,3.1746031036452616e-06,0.0,,0.30434782608695654,0.0,0.2785607717980786
2012-05-24,36.98674392700195,0.0209523747347941,3.571428713344389e-06,0.0,,0.56,0.0,0.30720970164500694
2012-05-25,37.43526840209961,0.0121266277448719,3.1746031036452616e-06,0.0,,0.56,0.0,0.30720970164500694
2012-05-28,36.84872817993164,-0.0156681185204237,3.1746031036452616e-06,0.0,,0.30434782608695654,0.0,0.2753779877960936
2012-05-29,37.22825622558594,0.0102996240141877,2.9761905944536585e-06,0.0,,0.30434782608695654,0.0,0.2753779877960936
2012-05-30,37.15924072265625,-0.0018538473172496,2.5793649847545317e-06,0.0,,0.1645021645021645,0.0,0.0
2012-05-31,36.81422805786133,-0.0092847070630419,2.3809523277339444e-06,0.0,,0.1645021645021645,0.0,0.0
2012-06-01,36.9177360534668,0.002811630205658,2.5793649847545317e-06,0.0,,0.1645021645021645,0.0,0.0
2012-06-04,35.98615646362305,-0.0252339306097907,2.5793649847545317e-06,0.0,,0.1645021645021645,0.0,0.0
2012-06-05,35.951663970947266,-0.0009584933781591,3.1746031036452616e-06,0.0,,0.1645021645021645,0.0,0.0
2012-06-06,37.29726409912109,0.0374280347430151,3.1746031036452616e-06,0.0,,0.1645021645021645,0.0,0.0
2012-06-07,37.84930419921875,0.014801088321936,3.1746031036452616e-06,0.0,,0.1645021645021645,0.0,0.0
2012-06-08,38.05631256103516,0.0054692778690681,3.1746031036452616e-06,0.0,,0.1645021645021645,0.0,0.0
2012-06-11,39.91945266723633,0.0489574522810909,2.9761905944536585e-06,0.0,,0.1645021645021645,0.0,0.0
2012-06-12,38.95338821411133,-0.0242003431554533,3.571428713344389e-06,0.0,,0.1645021645021645,0.0,0.0
2012-06-13,39.16039657592773,0.0053142581764276,3.571428713344389e-06,0.0,,0.1645021645021645,0.0,0.0
2012-06-14,38.81538009643555,-0.0088103418162078,3.769841222535996e-06,0.0,,0.1645021645021645,0.0,0.0
2012-06-15,39.71243667602539,0.0231108539285493,3.373015908494825e-06,0.0,,0.1645021645021645,0.0,0.0
2012-06-18,40.57501220703125,0.0217205390352337,2.9761905944536585e-06,0.0,,0.1645021645021645,0.0,0.0
2012-06-19,41.12704849243164,0.0136053264157669,3.571428713344389e-06,0.0,,0.1645021645021645,0.0,0.0
2012-06-20,41.29955673217773,0.0041945202991611,3.1746031036452616e-06,0.0,,0.1645021645021645,0.0,0.0
2012-06-21,39.47092056274414,-0.0442773800525767,2.9761905944536585e-06,0.0,,0.30434782608695654,0.0,0.1138526337625293
2012-06-22,38.43584442138672,-0.0262237649033808,2.9761905944536585e-06,0.0,,0.30434782608695654,0.0,0.17718158751278437
2012-06-25,38.19431686401367,-0.0062839144295905,2.9761905944536585e-06,0.0,,0.30434782608695654,0.0,0.15067576159749638
2012-06-26,37.71128845214844,-0.012646604299404,3.769841222535996e-06,0.0,,0.30434782608695654,0.0,0.09588099907383509
2012-06-27,38.91887664794922,0.0320219288538252,3.1746031036452616e-06,0.0,,0.30434782608695654,0.0,0.09588099907383509
2012-06-28,37.81480026245117,-0.0283686601616294,2.9761905944536585e-06,0.0,,0.30434782608695654,0.0,0.18468520446042927
2012-06-29,38.987884521484375,0.031021828778454,3.1746031036452616e-06,0.0,,0.30434782608695654,0.0,0.18468520446042927
2012-07-03,40.02296447753906,0.0265487591532262,2.9761905944536585e-06,0.0,,0.30434782608695654,0.0,0.18468520446042927
2012-07-04,40.33348846435547,0.0077586453394944,2.9761905944536585e-06,0.0,,0.30434782608695654,0.0,0.18468520446042927
2012-07-05,40.78201675415039,0.011120493338713,2.9761905944536585e-06,0.0,,0.30434782608695654,0.0,0.18468520446042927
2012-07-06,40.64401245117188,-0.0033839499358369,2.777777789604095e-06,0.0,,0.1645021645021645,0.0,0.0
2012-07-09,39.50542449951172,-0.0280136699846753,2.777777789604095e-06,0.0,,0.1645021645021645,0.0,0.0
2012-07-10,39.74694442749024,0.0061135889827359,3.571428713344389e-06,0.0,,0.1645021645021645,0.0,0.0
2012-07-11,39.19490432739258,-0.0138888688941798,3.571428713344389e-06,0.0,,0.1645021645021645,0.0,0.0
2012-07-12,38.02181625366211,-0.0299296067655054,3.769841222535996e-06,0.0,,0.1645021645021645,0.0,0.0
2012-07-13,38.5738525390625,0.0145189351744137,3.571428713344389e-06,0.0,,0.1645021645021645,0.0,0.0
2012-07-16,38.84988021850586,0.0071558234730075,3.373015908494825e-06,0.0,,0.1645021645021645,0.0,0.0
2012-07-17,39.40191650390625,0.0142094720059762,3.769841222535996e-06,0.0,,0.1645021645021645,0.0,0.0
2012-07-18,38.29783248901367,-0.0280210739186537,3.373015908494825e-06,0.0,,0.1645021645021645,0.0,0.0
2012-07-19,39.2639045715332,0.0252252417365046,3.1746031036452616e-06,0.0,,0.1645021645021645,0.0,0.0
2012-07-20,40.02296447753906,0.0193322573057643,3.373015908494825e-06,0.0,,0.1645021645021645,0.0,0.0018715722528605656
2012-07-23,39.229400634765625,-0.0198277127427376,3.571428713344389e-06,0.0,,0.1645021645021645,0.0,0.0
2012-07-24,39.12589645385742,-0.0026384339101137,3.769841222535996e-06,0.0,,0.1645021645021645,0.0,0.0
2012-07-25,38.7808723449707,-0.0088183055254368,3.769841222535996e-06,0.0,,0.1645021645021645,0.0,0.0
2012-07-26,38.43584442138672,-0.0088968582376082,3.96825402738556e-06,0.0,,0.1645021645021645,0.0,0.0
2012-07-27,39.50542449951172,0.0278276721697274,3.96825402738556e-06,0.0,,0.1645021645021645,0.0,0.0
2012-07-30,39.74694442749024,0.0061135889827359,3.571428713344389e-06,0.0,,0.1645021645021645,0.0,0.0
2012-07-31,39.98845672607422,0.0060762481761225,3.96825402738556e-06,0.0,,0.1645021645021645,0.0,0.0
2012-08-01,39.71243667602539,-0.0069024931854609,3.571428713344389e-06,0.0,,0.1645021645021645,0.0,0.0
2012-08-02,39.67793273925781,-0.0008688446153295,3.373015908494825e-06,0.0,,0.1645021645021645,0.0,0.0
2012-08-03,39.74694442749024,0.0017392964670295,2.9761905944536585e-06,0.0,,0.1645021645021645,0.0,0.0
2012-08-06,40.29898452758789,0.0138888688941793,2.9761905944536585e-06,0.0,,0.1645021645021645,0.0,0.0
2012-08-07,40.50599670410156,0.0051369080124576,3.96825402738556e-06,0.0,,0.1645021645021645,0.0,0.0
2012-08-08,40.64401245117188,0.0034072917172864,4.166666536577163e-06,0.0,,0.1645021645021645,0.0,0.0
2012-08-09,41.33406829833984,0.0169780443797709,4.365079341426725e-06,0.0,,0.1645021645021645,0.0,0.0
2012-08-10,40.16097640991211,-0.0283807507153812,3.769841222535996e-06,0.0,,0.1645021645021645,0.0,0.0
2012-08-13,39.40191650390625,-0.0189004345476649,3.769841222535996e-06,0.0,,0.1645021645021645,0.0,0.0
2012-08-14,39.74694442749024,0.0087566279561499,4.166666536577163e-06,0.0,,0.1645021645021645,0.0,0.0
2012-08-15,39.67793273925781,-0.0017362765673302,3.1746031036452616e-06,0.0,,0.1645021645021645,0.0,0.0
2012-08-16,42.19663238525391,0.0634786006253815,2.9761905944536585e-06,0.0,,0.1645021645021645,0.0,0.0
2012-08-17,42.81767272949219,0.0147177703321961,3.1746031036452616e-06,0.0,,0.1645021645021645,0.0,0.0
2012-08-20,43.128196716308594,0.0072522387841627,3.373015908494825e-06,0.0,,0.1645021645021645,0.0,0.0
2012-08-21,42.8521728515625,-0.0064000789683311,4.166666536577163e-06,0.0,,0.1645021645021645,0.0,0.0
2012-08-22,42.33463668823242,-0.0120772443703798,3.96825402738556e-06,0.0,,0.1645021645021645,0.0,0.0
2012-08-23,42.78316879272461,0.0105949203673423,3.769841222535996e-06,0.0,,0.1645021645021645,0.0,0.0
2012-08-24,42.265625,-0.0120969018267907,3.571428713344389e-06,0.0,,0.1645021645021645,0.0,0.0
2012-08-27,42.265625,0.0,3.769841222535996e-06,0.0,,0.1645021645021645,0.0,0.0
2012-08-28,41.851600646972656,-0.0097957702749538,3.96825402738556e-06,0.0,,0.1645021645021645,0.0,0.0
2012-08-29,41.851600646972656,0.0,3.769841222535996e-06,0.0,,0.1645021645021645,0.0,0.0
2012-08-30,41.05803680419922,-0.0189613737707984,3.571428713344389e-06,0.0,,0.1645021645021645,0.0,0.0
2012-08-31,40.88552474975586,-0.0042016634956524,3.373015908494825e-06,0.0,,0.1645021645021645,0.0,0.0
2012-09-03,41.57556915283203,0.0168774745414095,3.373015908494825e-06,0.0,,0.1645021645021645,0.0,0.0
2012-09-04,40.989036560058594,-0.014107626298929,3.571428713344389e-06,0.0,,0.1645021645021645,0.0,0.0
2012-09-05,40.40248489379883,-0.0143099646999589,3.96825402738556e-06,0.0,,0.1645021645021645,0.0,0.0
2012-09-06,41.26505661010742,0.0213494719093623,3.96825402738556e-06,0.0,,0.1645021645021645,0.0,0.0
2012-09-07,41.95511245727539,0.0167225227312288,3.96825402738556e-06,0.0,,0.1645021645021645,0.0,0.0
2012-09-10,42.33463668823242,0.0090459590912435,3.769841222535996e-06,0.0,,0.1645021645021645,0.0,0.0
2012-09-11,42.64515686035156,0.0073348963499066,3.96825402738556e-06,0.0,,0.1645021645021645,0.0,0.0
2012-09-12,43.19719696044922,0.0129449658704599,3.769841222535996e-06,0.0,,0.1645021645021645,0.0,0.0
2012-09-13,42.92116928100586,-0.0063899442293926,3.769841222535996e-06,0.0,,0.1645021645021645,0.0,0.0
2012-09-14,44.0942611694336,0.0273313124520788,3.769841222535996e-06,0.0,,0.1645021645021645,0.0,0.0
2012-09-17,44.0252571105957,-0.001564921534182,3.571428713344389e-06,0.0,,0.1645021645021645,0.0,0.0
2012-09-18,43.990753173828125,-0.0007837304999923,3.96825402738556e-06,0.0,,0.1645021645021645,0.0,0.0
2012-09-19,44.0942611694336,0.0023529489298914,4.166666536577163e-06,0.0,,0.1645021645021645,0.0,0.0
2012-09-20,43.43871307373047,-0.0148669708555534,4.166666536577163e-06,0.0,,0.1645021645021645,0.0,0.0
2012-09-21,43.81824493408203,0.0087371801210447,3.96825402738556e-06,0.0,,0.1645021645021645,0.0,0.0
2012-09-24,44.0252571105957,0.0047243374723267,3.769841222535996e-06,0.0,,0.1645021645021645,0.0,0.0
2012-09-25,44.19776153564453,0.0039183059082534,4.166666536577163e-06,0.0,,0.1645021645021645,0.0,0.0
2012-09-26,44.16327667236328,-0.0007802400411939,3.96825402738556e-06,0.0,,0.1645021645021645,0.0,0.0
2012-09-27,45.23284530639648,0.0242185071992748,3.373015908494825e-06,0.0,,0.1645021645021645,0.0,0.0
2012-09-28,45.5778694152832,0.0076277339298382,3.571428713344389e-06,0.0,,0.1645021645021645,0.0,0.0
2012-10-03,45.50886917114258,-0.0015138979734206,3.373015908494825e-06,0.0,,0.1645021645021645,0.0,0.0
2012-10-04,45.64687347412109,0.0030324704940376,3.769841222535996e-06,0.0,,0.1645021645021645,0.0,0.0
2012-10-05,45.54337310791016,-0.00226741413669,3.96825402738556e-06,0.0,,0.1645021645021645,0.0,0.0
2012-10-08,44.95682907104492,-0.0128788009503707,3.769841222535996e-06,0.0,,0.1645021645021645,0.0,0.0
2012-10-09,44.78432083129883,-0.0038371976696461,3.769841222535996e-06,0.0,,0.1645021645021645,0.0,0.0
2012-10-10,44.818824768066406,0.000770446802075,3.769841222535996e-06,0.0,,0.1645021645021645,0.0,0.0
2012-10-11,44.40479278564453,-0.0092379035944037,3.769841222535996e-06,0.0,,0.1645021645021645,0.0,0.0
2012-10-12,44.64630508422852,0.0054388790811352,3.96825402738556e-06,0.0,,0.1645021645021645,0.0,0.0
2012-10-15,44.61179733276367,-0.0007729139376652,3.769841222535996e-06,0.0,,0.1645021645021645,0.0,0.0
2012-10-16,44.85331344604492,0.0054137274828842,3.96825402738556e-06,0.0,,0.1645021645021645,0.0,0.0
2012-10-17,45.30186462402344,0.0100004022783755,4.166666536577163e-06,0.0,,0.1645021645021645,0.0,0.0
2012-10-18,44.85331344604492,-0.009901384450755,3.769841222535996e-06,0.0,,0.1645021645021645,0.0,0.0
2012-10-19,45.163841247558594,0.006923185326926,3.571428713344389e-06,0.0,,0.1645021645021645,0.0,0.0
2012-10-22,45.81938934326172,0.0145148879633563,3.571428713344389e-06,0.0,,0.1645021645021645,0.0,0.0
2012-10-24,46.64745330810547,0.0180723483379536,4.166666536577163e-06,0.0,,0.1645021645021645,0.0,0.0
2012-10-25,46.888973236083984,0.0051775587057942,4.365079341426725e-06,0.0,,0.1645021645021645,0.0,0.0
2012-10-26,46.026405334472656,-0.0183959648096437,4.166666536577163e-06,0.0,,0.1645021645021645,0.0,0.0
2012-10-29,46.57844924926758,0.0119940697254812,4.166666536577163e-06,0.0,,0.1645021645021645,0.0,0.0
2012-10-30,46.854469299316406,0.0059259175540964,4.166666536577163e-06,0.0,,0.1645021645021645,0.0,0.0
2012-10-31,47.268497467041016,0.0088364711822837,4.166666536577163e-06,0.0,,0.1645021645021645,0.0,0.0
2012-11-01,47.57902526855469,0.0065694451517142,3.571428713344389e-06,0.0,,0.1645021645021645,0.0,0.0
2012-11-02,47.993045806884766,0.0087017448548638,3.571428713344389e-06,0.0,,0.1645021645021645,0.0,0.0
2012-11-05,47.544525146484375,-0.0093455343969031,3.571428713344389e-06,0.0,,0.1645021645021645,0.0,0.0
2012-11-06,47.57902526855469,0.0007256381668345,3.96825402738556e-06,0.0,,0.1645021645021645,0.0,0.0
2012-11-07,47.544525146484375,-0.0007251119978936,3.571428713344389e-06,0.0,,0.1645021645021645,0.0,0.0
2012-11-08,46.68195724487305,-0.0181423181523795,3.373015908494825e-06,0.0,,0.1645021645021645,0.0,0.0
2012-11-09,46.0609130859375,-0.0133037300830772,3.571428713344389e-06,0.0,,0.1645021645021645,0.0,0.0
2012-11-12,46.81997299194336,0.0164794802176337,3.452380853039877e-06,0.0,,0.1645021645021645,0.0,0.0
2012-11-13,46.61294555664063,-0.0044217760513948,3.373015908494825e-06,0.0,,0.1645021645021645,0.0,0.0
2012-11-14,46.198917388916016,-0.0088822571236464,3.769841222535996e-06,0.0,,0.1645021645021645,0.0,0.0
2012-11-15,42.99018096923828,-0.069454796801095,2.9761905944536585e-06,0.0,,1.0,0.0,0.5980338015314021
2012-11-16,42.81767272949219,-0.0040127358354116,2.9761905944536585e-06,0.0,,1.0,0.0,0.5798242610427397
2012-11-19,42.43813705444336,-0.0088639958889547,2.9761905944536585e-06,0.0,,1.0,0.0,0.5805894218382924
2012-11-20,43.40420913696289,0.0227642434275607,3.373015908494825e-06,0.0,,1.0,0.0,0.5805894218382924
2012-11-21,44.50829315185547,0.0254372568201535,3.571428713344389e-06,0.0,,1.0,0.0,0.5844398859672875
2012-11-22,44.78432083129883,0.0062017134312832,3.571428713344389e-06,0.0,,1.0,0.0,0.6055229489144925
2012-11-23,44.23227691650391,-0.0123267229366823,3.571428713344389e-06,1.0,,,1.0,0.6047084541073953
2012-11-26,43.54222869873047,-0.0156005583677284,3.571428713344389e-06,1.0,,,1.0,0.5795897834350231
2012-11-27,43.40420913696289,-0.0031697863405784,3.769841222535996e-06,1.0,,,1.0,0.5841543711144633
2012-11-28,43.74924850463867,0.007949444870358,3.650793657889441e-06,1.0,,,1.0,0.611879884786643
2012-11-29,44.05976486206055,0.0070976386574721,3.1746031036452616e-06,1.0,,,1.0,0.0
2012-11-30,43.68023300170898,-0.0086140237366173,2.9761905944536585e-06,1.0,,,1.0,0.0
2012-12-03,42.33463668823242,-0.0308056120814169,3.0555555389987068e-06,0.0,,0.1645021645021645,0.0,0.0
2012-12-04,42.23112106323242,-0.0024451757024001,3.571428713344389e-06,0.0,,0.1645021645021645,0.0,0.0
2012-12-05,43.162696838378906,0.0220589875829164,3.571428713344389e-06,0.0,,0.1645021645021645,0.0,0.0
2012-12-06,43.61122512817383,0.0103915724143563,3.571428713344389e-06,0.0,,0.1645021645021645,0.0,0.0
2012-12-07,43.30070495605469,-0.007120189153286,3.1746031036452616e-06,0.0,,0.1645021645021645,0.0,0.0
2012-12-10,43.7147331237793,0.0095616957771196,2.9761905944536585e-06,0.0,,0.1645021645021645,0.0,0.0
2012-12-11,43.57672500610352,-0.0031570161319526,2.9761905944536585e-06,0.0,,0.1645021645021645,0.0,0.0
2012-12-12,43.64573669433594,0.0015836823034027,2.3809523277339444e-06,0.0,,0.1645021645021645,0.0,0.0
2012-12-13,43.61122512817383,-0.000790720211777,2.063492106066809e-06,0.0,,0.1645021645021645,0.0,0.0
2012-12-14,43.40420913696289,-0.0047468510825484,9.92063506846389e-07,0.0,,0.1645021645021645,0.0,0.0
2012-12-17,43.024688720703125,-0.0087438620310343,8.730158682853453e-07,0.0,,0.1645021645021645,0.0,0.0
2012-12-18,43.162696838378906,0.003207649416633,2.182539670713361e-06,0.0,,0.1645021645021645,0.0,0.0
2012-12-19,43.024688720703125,-0.0031973932998798,1.7857143566721944e-06,0.0,,0.1645021645021645,0.0,0.0
2012-12-20,42.95568084716797,-0.0016039133713,1.984127013692778e-06,0.0,,0.1645021645021645,0.0,0.0
2012-12-21,42.748661041259766,-0.0048193813210587,1.984127013692778e-06,0.0,,0.1645021645021645,0.0,0.0
2012-12-24,42.50714492797852,-0.0056496766775487,1.984127013692778e-06,0.0,,0.1645021645021645,0.0,0.0
2012-12-27,42.71416473388672,0.004870235492385,2.777777789604095e-06,0.0,,0.1645021645021645,0.0,0.0
2012-12-28,43.128196716308594,0.0096930838985458,3.9682538795565474e-07,0.0,,0.1645021645021645,0.0,0.0
2012-12-31,42.95568084716797,-0.0040000714677548,1.3888888948020476e-06,0.0,,0.1645021645021645,0.0,0.0
2013-01-02,44.40479278564453,0.0337350476094735,2.182539670713361e-06,0.0,,0.14441416893732967,0.0,0.0
2013-01-03,44.78432083129883,0.0085470063442565,2.5793649847545317e-06,0.0,,0.14441416893732967,0.0,0.0
2013-01-04,44.715309143066406,-0.0015409787834538,2.5793649847545317e-06,0.0,,0.14441416893732967,0.0,0.0
2013-01-07,44.0942611694336,-0.0138889339140151,2.3015872353599167e-06,0.0,,0.14441416893732967,0.0,0.0
2013-01-08,44.0942611694336,0.0,2.3809523277339444e-06,0.0,,0.14441416893732967,0.0,0.0
2013-01-09,43.68023300170898,-0.009389615717422,2.182539670713361e-06,0.0,,0.14441416893732967,0.0,0.0
2013-01-10,43.7147331237793,0.0007898337462846,2.182539670713361e-06,0.0,,0.14441416893732967,0.0,0.0
2013-01-11,44.0252571105957,0.0071034171920287,2.5000000402094805e-06,0.0,,0.14441416893732967,0.0,0.0
2013-01-14,43.95625686645508,-0.0015672877041306,2.3809523277339444e-06,0.0,,0.14441416893732967,0.0,0.0
2013-01-15,44.54280090332031,0.0133438122051028,3.1746031036452616e-06,0.0,,0.14441416893732967,0.0,0.0
2013-01-16,46.09540939331055,0.0348565527650619,2.857142734149143e-06,0.0,,0.14441416893732967,0.0,0.0
2013-01-17,46.12991714477539,0.0007486157931781,2.777777789604095e-06,0.0,,0.14441416893732967,0.0,0.0
2013-01-18,46.64745330810547,0.0112191002144188,2.777777789604095e-06,0.0,,0.14441416893732967,0.0,0.0
2013-01-21,46.30242919921875,-0.0073964189772127,2.777777789604095e-06,0.0,,0.14441416893732967,0.0,0.0
2013-01-22,46.40592956542969,0.0022353117968307,2.3809523277339444e-06,0.0,,0.14441416893732967,0.0,0.0
2013-01-23,46.40592956542969,0.0,2.777777789604095e-06,0.0,,0.14441416893732967,0.0,0.0
2013-01-24,46.71646118164063,0.0066916365886628,2.9761905944536585e-06,0.0,,0.14441416893732967,0.0,0.0
2013-01-25,46.09540939331055,-0.0132940675004329,2.777777789604095e-06,0.0,,0.14441416893732967,0.0,0.0
2013-01-28,46.198917388916016,0.0022455163533159,2.3809523277339444e-06,0.0,,0.14441416893732967,0.0,0.0
2013-01-29,46.09540939331055,-0.0022404853069197,2.5000000402094805e-06,0.0,,0.14441416893732967,0.0,0.0
2013-01-30,46.71646118164063,0.0134731808764501,2.3809523277339444e-06,0.0,,0.14441416893732967,0.0,0.0
2013-01-31,46.81997299194336,0.0022157459637248,2.5793649847545317e-06,0.0,,0.14441416893732967,0.0,0.0
2013-02-01,46.3369369506836,-0.0103168799636615,2.3809523277339444e-06,0.0,,0.14441416893732967,0.0,0.0
2013-02-04,46.37143325805664,0.0007444667179825,2.182539670713361e-06,0.0,,0.14441416893732967,0.0,0.0
2013-02-05,45.784889221191406,-0.0126488226835932,2.777777789604095e-06,0.0,,0.14441416893732967,0.0,0.0
2013-02-06,46.0609130859375,0.0060287109883043,2.5793649847545317e-06,0.0,,0.14441416893732967,0.0,0.0
2013-02-07,46.92347717285156,0.0187265954824809,2.5793649847545317e-06,0.0,,0.14441416893732967,0.0,0.0
2013-02-08,46.68195724487305,-0.0051471021017651,2.5793649847545317e-06,0.0,,0.14441416893732967,0.0,0.0
2013-02-14,46.888973236083984,0.0044346039332716,3.769841222535996e-06,0.0,,0.14441416893732967,0.0,0.0
2013-02-15,47.33750534057617,0.0095658333620112,3.769841222535996e-06,0.0,,0.14441416893732967,0.0,0.0
2013-02-18,47.441009521484375,0.0021865153257132,3.769841222535996e-06,0.0,,0.14441416893732967,0.0,0.0
2013-02-19,47.441009521484375,0.0,3.96825402738556e-06,0.0,,0.14441416893732967,0.0,0.0
2013-02-20,47.7170295715332,0.0058181740404117,4.563492146276289e-06,0.0,,0.14441416893732967,0.0,0.0
2013-02-21,46.888973236083984,-0.0173534761674104,4.761904655467893e-06,0.0,,0.14441416893732967,0.0,0.0
2013-02-22,45.61238479614258,-0.0272257708334502,4.761904655467893e-06,0.0,,0.14441416893732967,0.0,0.0
2013-02-25,45.68138122558594,0.0015126687576572,4.563492146276289e-06,0.0,,0.14441416893732967,0.0,0.0
2013-02-26,46.0609130859375,0.008308239597164,4.365079341426725e-06,0.0,,0.14441416893732967,0.0,0.0
2013-02-27,45.5778694152832,-0.0104870624199973,3.96825402738556e-06,0.0,,0.14441416893732967,0.0,0.0
2013-02-28,46.26792907714844,0.0151402351781244,3.96825402738556e-06,0.0,,0.14441416893732967,0.0,0.0
2013-03-01,46.3369369506836,0.0014914839482029,3.96825402738556e-06,0.0,,0.14441416893732967,0.0,0.0
2013-03-04,47.30300521850586,0.0208487727371891,3.373015908494825e-06,0.0,,0.14441416893732967,0.0,0.0
2013-03-05,47.51002502441406,0.0043764620229078,3.373015908494825e-06,0.0,,0.14441416893732967,0.0,0.0
2013-03-06,48.0965576171875,0.012345449038851,3.650793657889441e-06,0.0,,0.14441416893732967,0.0,0.0
2013-03-07,48.23457336425781,0.0028695556170321,3.571428713344389e-06,0.0,,0.14441416893732967,0.0,0.0
2013-03-08,49.06262969970703,0.0171672781097471,3.452380853039877e-06,0.0,,0.14441416893732967,0.0,0.0
2013-03-11,48.5796012878418,-0.0098451390563787,3.452380853039877e-06,0.0,,0.14441416893732967,0.0,0.0
2013-03-12,48.02755737304688,-0.0113636979341178,3.650793657889441e-06,0.0,,0.14441416893732967,0.0,0.0
2013-03-13,47.993045806884766,-0.0007185784172626,3.373015908494825e-06,0.0,,0.14441416893732967,0.0,0.0
2013-03-14,47.57902526855469,-0.0086266777065164,3.571428713344389e-06,0.0,,0.14441416893732967,0.0,0.0
2013-03-15,47.30300521850586,-0.0058012968632893,3.2936506682918174e-06,0.0,,0.14441416893732967,0.0,0.0
2013-03-18,45.40536117553711,-0.0401167755452956,2.857142734149143e-06,0.0,,0.14441416893732967,0.0,0.0
2013-03-19,44.715309143066406,-0.0151975893287791,2.777777789604095e-06,0.0,,0.14441416893732967,0.0,0.0
2013-03-20,45.33635711669922,0.0138889339140153,2.5000000402094805e-06,0.0,,0.14441416893732967,0.0,0.0
2013-03-21,43.54222869873047,-0.0395737225501053,2.3809523277339444e-06,0.0,,0.232,0.0,0.16841934231898267
2013-03-22,42.33463668823242,-0.0277338125903797,2.5793649847545317e-06,0.0,,0.232,0.0,0.15685849344648423
2013-03-25,41.54107284545898,-0.0187450254650237,2.3015872353599167e-06,0.0,,0.232,0.0,0.1449571375840527
2013-03-26,42.8521728515625,0.0315615345559581,2.857142734149143e-06,0.0,,0.232,0.0,0.22124578944198475
2013-03-27,43.23170471191406,0.0088567704995086,3.1746031036452616e-06,0.0,,0.232,0.0,0.22801615469580247
2013-03-28,42.57615280151367,-0.0151636840316344,2.5793649847545317e-06,0.0,,0.232,0.0,0.2117658188307635
2013-04-02,41.88610076904297,-0.016207477356812,2.698412845059044e-06,0.0,,0.232,0.0,0.17393198105570573
2013-04-03,41.88610076904297,0.0,2.182539670713361e-06,0.0,,0.232,0.0,0.04419683384626757
2013-04-05,40.92003631591797,-0.0230640817690768,2.3809523277339444e-06,0.0,,0.232,0.0,0.07448758641128579
2013-04-08,41.61008071899414,0.0168632402412542,2.182539670713361e-06,0.0,,0.232,0.0,0.07448758641128579
2013-04-09,42.71416473388672,0.0265340512638945,2.5000000402094805e-06,0.0,,0.14441416893732967,0.0,0.0
2013-04-10,43.024688720703125,0.0072698129239094,2.5793649847545317e-06,0.0,,0.14441416893732967,0.0,0.0
2013-04-11,43.19719696044922,0.0040095174392995,2.5000000402094805e-06,0.0,,0.14441416893732967,0.0,0.0
2013-04-12,43.128196716308594,-0.0015973315167602,2.182539670713361e-06,0.0,,0.14441416893732967,0.0,0.0
2013-04-15,42.43813705444336,-0.0160001974208278,2.182539670713361e-06,0.0,,0.14441416893732967,0.0,0.0
2013-04-16,42.19663238525391,-0.0056907462474052,2.063492106066809e-06,0.0,,0.14441416893732967,0.0,0.0
2013-04-17,43.128196716308594,0.0220767459011783,1.984127013692778e-06,0.0,,0.14441416893732967,0.0,0.0
2013-04-18,42.64515686035156,-0.0112000939694836,1.984127013692778e-06,0.0,,0.14441416893732967,0.0,0.0
2013-04-19,43.64573669433594,0.0234629183628267,1.7857143566721944e-06,0.0,,0.14441416893732967,0.0,0.0
2013-04-22,43.990753173828125,0.0079049296821003,1.7857143566721944e-06,0.0,,0.14441416893732967,0.0,0.0
2013-04-23,43.40420913696289,-0.0133333483640873,1.7857143566721944e-06,0.0,,0.14441416893732967,0.0,0.0
2013-04-24,43.88724899291992,0.0111288712675949,1.90476192131875e-06,0.0,,0.14441416893732967,0.0,0.0
2013-04-25,44.0942611694336,0.0047169093817449,1.984127013692778e-06,0.0,,0.14441416893732967,0.0,0.0
2013-04-26,44.68080520629883,0.0133020493213711,1.7857143566721944e-06,0.0,,0.14441416893732967,0.0,0.0
2013-04-29,45.19834899902344,0.0115831348682062,1.7857143566721944e-06,0.0,,0.14441416893732967,0.0,0.0
2013-04-30,45.92289733886719,0.0160304160636355,1.7857143566721944e-06,0.0,,0.14441416893732967,0.0,0.0
2013-05-02,47.16498947143555,0.0270473381372891,1.984127013692778e-06,0.0,,0.14441416893732967,0.0,0.0
2013-05-03,46.7509651184082,-0.0087782136213152,1.7857143566721944e-06,0.0,,0.14441416893732967,0.0,0.0
2013-05-06,47.40651321411133,0.0140221296831581,1.1904761638669722e-06,0.0,,0.14441416893732967,0.0,0.0
2013-05-07,47.47551345825195,0.0014555013533474,1.3888888948020476e-06,0.0,,0.14441416893732967,0.0,0.0
2013-05-08,47.37200546264648,-0.0021802396238747,1.3888888948020476e-06,0.0,,0.14441416893732967,0.0,0.0
2013-05-09,47.23400115966797,-0.0029132037293064,1.3888888948020476e-06,0.0,,0.14441416893732967,0.0,0.0
2013-05-10,47.75154495239258,0.0109570178265254,1.3888888948020476e-06,0.0,,0.14441416893732967,0.0,0.0
2013-05-13,46.37143325805664,-0.0289019275860473,1.3888888948020476e-06,0.0,,0.14441416893732967,0.0,0.0
2013-05-14,46.543941497802734,0.0037201403455893,1.5873015518226308e-06,0.0,,0.14441416893732967,0.0,0.0
2013-05-15,47.33750534057617,0.0170497774197078,1.4682539871760755e-06,0.0,,0.14441416893732967,0.0,0.0
2013-05-16,50.40823745727539,0.0648689045737922,9.92063506846389e-07,0.0,,0.14441416893732967,0.0,0.0
2013-05-20,53.5743522644043,0.0628094725552033,1.3888888948020476e-06,0.0,,0.14441416893732967,0.0,0.0
2013-05-21,52.63929748535156,-0.0174534033456528,1.5873015518226308e-06,0.0,,0.14441416893732967,0.0,0.0
2013-05-22,52.46614456176758,-0.0032894231468831,1.3888888948020476e-06,0.0,,0.14441416893732967,0.0,0.0
2013-05-23,50.69995880126953,-0.0336633418607449,1.5873015518226308e-06,0.0,,0.14441416893732967,0.0,0.004826661644016016
2013-05-24,51.84278869628906,0.0225410418872158,1.4682539871760755e-06,0.0,,0.1712522309650975,0.0,0.015224224865073768
2013-05-27,52.01594161987305,0.0033399616019571,1.4682539871760755e-06,0.0,,0.1703976470357555,0.0,0.015086009051135808
2013-05-28,52.67393493652344,0.0126498395714709,1.3888888948020476e-06,0.0,,0.14441416893732967,0.0,0.0
2013-05-29,52.57004165649414,-0.0019723850165076,1.5873015518226308e-06,0.0,,0.14441416893732967,0.0,0.0
2013-05-30,53.29729080200195,0.0138339084884093,9.92063506846389e-07,0.0,,0.14441416893732967,0.0,0.0
2013-05-31,53.29729080200195,0.0,1.1904761638669722e-06,0.0,,0.14441416893732967,0.0,0.0
2013-06-03,52.500770568847656,-0.0149448540660978,1.1904761638669722e-06,0.0,,0.14441416893732967,0.0,0.0
2013-06-04,52.5354118347168,0.0006598239510353,1.5873015518226308e-06,0.0,,0.14441416893732967,0.0,0.0
2013-06-05,52.01594161987305,-0.0098880011919972,1.7857143566721944e-06,0.0,,0.14441416893732967,0.0,0.0
2013-06-06,51.9813117980957,-0.0006657540111532,1.7857143566721944e-06,0.0,,0.14441416893732967,0.0,0.0
2013-06-07,51.912052154541016,-0.0013323950696685,1.5873015518226308e-06,0.0,,0.14441416893732967,0.0,0.0
2013-06-10,52.84709167480469,0.0180119930046318,1.5873015518226308e-06,0.0,,0.14441416893732967,0.0,0.0
2013-06-11,52.7778205871582,-0.001310783345898,1.7857143566721944e-06,0.0,,0.14441416893732967,0.0,0.0
2013-06-13,51.56573867797852,-0.0229657438616288,1.7063492642981665e-06,0.0,,0.14441416893732967,0.0,0.0
2013-06-14,52.08520126342773,0.0100737931573748,1.5873015518226308e-06,0.0,,0.14441416893732967,0.0,0.0
2013-06-17,52.11982727050781,0.0006647954935405,1.5873015518226308e-06,0.0,,0.14441416893732967,0.0,0.0
2013-06-18,52.050575256347656,-0.001328707668211,1.7857143566721944e-06,0.0,,0.14441416893732967,0.0,0.0
2013-06-19,51.87740707397461,-0.0033269215857884,1.5873015518226308e-06,0.0,,0.14441416893732967,0.0,0.0
2013-06-20,50.249755859375,-0.0313749531135714,1.5873015518226308e-06,0.0,,0.14441416893732967,0.0,0.0
2013-06-21,49.48787307739258,-0.0151619200721008,1.5873015518226308e-06,0.0,,0.14441416893732967,0.0,0.0
2013-06-24,48.241153717041016,-0.0251924215534956,1.5873015518226308e-06,0.0,,0.14441416893732967,0.0,0.0
2013-06-25,49.072303771972656,0.0172290666970105,2.3015872353599167e-06,0.0,,0.14441416893732967,0.0,0.0
2013-06-26,50.28438568115234,0.0246999186101377,2.182539670713361e-06,0.0,,0.14441416893732967,0.0,0.0
2013-06-27,51.56573867797852,0.0254821249075429,1.7857143566721944e-06,0.0,,0.14441416893732967,0.0,0.0
2013-06-28,52.67393493652344,0.021490941213224,1.1904761638669722e-06,0.0,,0.14441416893732967,0.0,0.0
2013-07-02,52.25835800170898,-0.0078896124869969,1.3888888948020476e-06,0.0,,0.14441416893732967,0.0,0.0
2013-07-03,51.7388916015625,-0.0099403505967311,1.3888888948020476e-06,0.0,,0.14441416893732967,0.0,0.0
2013-07-04,53.05487823486328,0.0254351531809977,1.3888888948020476e-06,0.0,,0.14441416893732967,0.0,0.0
2013-07-05,53.40118408203125,0.0065273139565968,1.3888888948020476e-06,0.0,,0.14441416893732967,0.0,0.0
2013-07-08,52.362266540527344,-0.0194549532817098,1.3888888948020476e-06,0.0,,0.14441416893732967,0.0,0.0
2013-07-09,52.1890983581543,-0.0033071177741899,1.3888888948020476e-06,0.0,,0.14441416893732967,0.0,0.0
2013-07-10,52.70856857299805,0.0099536154328403,1.1904761638669722e-06,0.0,,0.14441416893732967,0.0,0.0
2013-07-11,53.81675720214844,0.0210248287736294,1.1904761638669722e-06,0.0,,0.14441416893732967,0.0,0.0
2013-07-12,53.64360427856445,-0.0032174536814543,1.1904761638669722e-06,0.0,,0.14441416893732967,0.0,0.0
2013-07-15,55.65221405029297,0.0374436020610782,7.936507759113135e-07,0.0,,0.14441416893732967,0.0,0.0
2013-07-16,57.106719970703125,0.0261356344079271,1.3888888948020476e-06,0.0,,0.14441416893732967,0.0,0.0
2013-07-17,57.14134979248047,0.0006064053721717,9.92063506846389e-07,0.0,,0.14441416893732967,0.0,0.0
2013-07-18,56.76041030883789,-0.0066666168199741,8.730158682853453e-07,0.0,,0.14441416893732967,0.0,0.0
2013-07-19,57.79933547973633,0.0183036938113301,7.936507759113135e-07,0.0,,0.14441416893732967,0.0,0.0
2013-07-22,56.72577667236328,-0.0185738953304994,1.9841269397782539e-07,0.0,,0.14441416893732967,0.0,0.0
2013-07-23,57.591556549072266,0.0152625477780508,7.936507759113135e-07,0.0,,0.14441416893732967,0.0,0.0
2013-07-24,57.27986526489258,-0.0054121003642974,7.936507759113135e-07,0.0,,0.14441416893732967,0.0,0.0
2013-07-25,57.90323257446289,0.0108828347742706,5.952380819334841e-07,0.0,,0.14441416893732967,0.0,0.0
2013-07-26,60.154258728027344,0.0388756560468306,5.952380819334841e-07,0.0,,0.14441416893732967,0.0,0.0
2013-07-29,60.53519821166992,0.0063327101305479,7.936507759113135e-07,0.0,,0.14441416893732967,0.0,0.0
2013-07-30,62.95936584472656,0.0400455884290689,1.1904761638669722e-06,0.0,,0.14441416893732967,0.0,0.0
2013-07-31,60.9161376953125,-0.0324531246781165,1.1904761638669722e-06,0.0,,0.14441416893732967,0.0,0.0
2013-08-01,62.439903259277344,0.0250141525975653,1.3888888948020476e-06,0.0,,0.14441416893732967,0.0,0.0
2013-08-02,62.37063980102539,-0.0011092819597163,1.1904761638669722e-06,0.0,,0.14441416893732967,0.0,0.0
2013-08-05,64.24072265625,0.0299833841883061,1.3888888948020476e-06,0.0,,0.14441416893732967,0.0,0.0
2013-08-06,65.03724670410156,0.0123990517994907,1.5873015518226308e-06,0.0,,0.14441416893732967,0.0,0.0
2013-08-07,62.37063980102539,-0.0410012268078993,1.5873015518226308e-06,0.0,,0.232,0.0,0.21687404743094887
2013-08-08,61.71266555786133,-0.010549422697332,1.7857143566721944e-06,0.0,,0.232,0.0,0.1931410090123789
2013-08-09,61.88581085205078,0.0028056687006512,1.90476192131875e-06,0.0,,0.232,0.0,0.20144908101509681
2013-08-12,63.61736679077149,0.0279798537803812,1.90476192131875e-06,0.0,,0.232,0.0,0.20051464423550172
2013-08-13,64.06757354736328,0.0070767901801478,2.063492106066809e-06,0.0,,0.232,0.0,0.20144908101509681
2013-08-14,64.06757354736328,0.0,1.984127013692778e-06,0.0,,0.14441416893732967,0.0,0.0
2013-08-15,63.72126770019531,-0.0054053217250682,1.7857143566721944e-06,0.0,,0.14441416893732967,0.0,0.0
2013-08-16,63.47883987426758,-0.0038045041267593,1.5873015518226308e-06,0.0,,0.14441416893732967,0.0,0.0
2013-08-19,64.10221099853516,0.0098201404673161,1.5873015518226308e-06,0.0,,0.14441416893732967,0.0,0.0
2013-08-20,63.02862548828125,-0.0167480262151712,1.7857143566721944e-06,0.0,,0.14441416893732967,0.0,0.0
2013-08-21,62.33602142333984,-0.0109887223396643,1.309523802428016e-06,0.0,,0.14441416893732967,0.0,0.0
2013-08-22,62.33602142333984,0.0,7.936507759113135e-07,0.0,,0.14441416893732967,0.0,0.0
2013-08-23,61.6087532043457,-0.0116669014542181,8.730158682853453e-07,0.0,,0.14441416893732967,0.0,0.0
2013-08-26,61.78191375732422,0.0028106485519057,5.158730265167024e-07,0.0,,0.14441416893732967,0.0,0.0
2013-08-27,62.68233108520508,0.0145741249035704,1.309523802428016e-06,0.0,,0.14441416893732967,0.0,0.0
2013-08-28,61.678016662597656,-0.0160222889803227,1.1904761638669722e-06,0.0,,0.14441416893732967,0.0,0.0
2013-08-29,62.64768981933594,0.0157215359573372,7.936507759113135e-07,0.0,,0.14441416893732967,0.0,0.0
2013-08-30,62.95936584472656,0.0049750601544835,7.936507759113135e-07,0.0,,0.14441416893732967,0.0,0.0
2013-09-02,65.1757583618164,0.0352035394155021,7.936507759113135e-07,0.0,,0.14441416893732967,0.0,0.0
2013-09-03,65.7645034790039,0.0090331916649,5.952380819334841e-07,0.0,,0.14441416893732967,0.0,0.0
2013-09-04,65.6259765625,-0.0021064086121798,5.952380819334841e-07,0.0,,0.14441416893732967,0.0,0.0
2013-09-05,67.1151123046875,0.0226912545944257,5.952380819334841e-07,0.0,,0.14441416893732967,0.0,0.0
2013-09-06,67.0112075805664,-0.0015481568986935,5.952380819334841e-07,0.0,,0.14441416893732967,0.0,0.0
2013-09-09,67.59994506835938,0.0087856570422961,3.9682538795565474e-07,0.0,,0.14441416893732967,0.0,0.0
2013-09-10,69.08907318115234,0.022028540278947,5.952380819334841e-07,0.0,,0.14441416893732967,0.0,0.0
2013-09-11,69.6431884765625,0.0080203029205103,5.952380819334841e-07,0.0,,0.14441416893732967,0.0,0.0
2013-09-12,71.47863006591797,0.0263549333323984,3.9682538795565474e-07,0.0,,0.14441416893732967,0.0,0.0
2013-09-13,71.13231658935547,-0.0048449931992698,3.9682538795565474e-07,0.0,,0.14441416893732967,0.0,0.0
2013-09-16,72.93314361572266,0.0253165806023625,1.1904762008242065e-07,0.0,,0.14441416893732967,0.0,0.0
2013-09-17,72.51757049560547,-0.0056980009295471,1.9841269397782539e-07,0.0,,0.14441416893732967,0.0,0.0
2013-09-18,69.67781829833984,-0.0391595054530641,1.9841269397782539e-07,0.0,,0.14441416893732967,0.0,0.0
2013-09-19,71.02842712402344,0.0193836267935469,1.9841269397782539e-07,0.0,,0.14441416893732967,0.0,0.0
2013-09-23,70.85527801513672,-0.0024377438146614,1.9841269397782539e-07,0.0,,0.14441416893732967,0.0,0.0
2013-09-24,69.71243286132812,-0.0161292875537719,5.952380819334841e-07,0.0,,0.14441416893732967,0.0,0.0
2013-09-25,70.92452239990234,0.0173869923745926,5.952380819334841e-07,0.0,,0.14441416893732967,0.0,0.0
2013-09-26,70.82064056396484,-0.0014646815011565,1.1904762008242065e-07,0.0,,0.14441416893732967,0.0,0.0
2013-09-27,72.34440612792969,0.0215158398996488,1.9841269397782539e-07,0.0,,0.14441416893732967,0.0,0.0
2013-09-30,70.439697265625,-0.0263283502381166,1.9841269397782539e-07,0.0,,0.232,0.0,0.05973953773691528
2013-10-02,71.85956573486328,0.0201572199250661,3.9682538795565474e-07,0.0,,0.232,0.0,0.05973953773691528
2013-10-03,72.69071197509766,0.0115662574875696,7.936507759113135e-07,0.0,,0.232,0.0,0.08348923510038062
2013-10-04,72.58683013916016,-0.0014290936643059,7.142856835372857e-07,0.0,,0.14441416893732967,0.0,0.0
2013-10-07,72.24051666259766,-0.0047710235575594,7.142856835372857e-07,0.0,,0.14441416893732967,0.0,0.0
2013-10-08,73.7642822265625,0.0210929494189757,1.7857143566721944e-06,0.0,,0.14441416893732967,0.0,0.0
2013-10-09,71.65177917480469,-0.0286385631093025,1.4682539871760755e-06,0.0,,0.14441416893732967,0.0,0.0
2013-10-10,70.95915985107422,-0.0096664637180986,1.5873015518226308e-06,0.0,,0.14441416893732967,0.0,0.0
2013-10-11,72.55220794677734,0.0224502107838726,2.5000000402094805e-06,0.0,,0.14441416893732967,0.0,0.0
2013-10-15,73.03701782226562,0.0066822208339121,3.650793657889441e-06,0.0,,0.14441416893732967,0.0,0.0
2013-10-16,72.9677734375,-0.0009480724546302,3.650793657889441e-06,0.0,,0.14441416893732967,0.0,0.0
2013-10-17,72.7599868774414,-0.0028476483558398,1.4682539871760755e-06,0.0,,0.14441416893732967,0.0,0.0
2013-10-18,74.42228698730469,0.0228463497755064,9.92063506846389e-07,0.0,,0.14441416893732967,0.0,0.0
2013-10-21,77.5390853881836,0.0418799062357568,9.92063506846389e-07,0.0,,0.14441416893732967,0.0,0.0
2013-10-22,76.04993438720703,-0.019205165930465,1.309523802428016e-06,0.0,,0.14441416893732967,0.0,0.0
2013-10-23,74.49153137207031,-0.0204918390488298,1.1904761638669722e-06,0.0,,0.14441416893732967,0.0,0.0
2013-10-24,74.24913024902344,-0.0032540762497703,1.1904761638669722e-06,0.0,,0.14441416893732967,0.0,0.0
2013-10-25,73.79891967773438,-0.0060635130644507,1.1904761638669722e-06,0.0,,0.14441416893732967,0.0,0.0
2013-10-28,74.97637939453125,0.0159549722670551,7.936507759113135e-07,0.0,,0.14441416893732967,0.0,0.0
2013-10-29,72.44830322265625,-0.0337183015809829,1.5873015518226308e-06,0.0,,0.14441416893732967,0.0,0.0
2013-10-30,74.21448516845703,0.0243785136053877,1.3888888948020476e-06,0.0,,0.14441416893732967,0.0,0.0
2013-10-31,73.27944946289062,-0.0125990998043575,1.309523802428016e-06,0.0,,0.14441416893732967,0.0,0.0
2013-11-01,73.1755599975586,-0.0014177162368644,1.309523802428016e-06,0.0,,0.14441416893732967,0.0,0.0
2013-11-04,72.17125701904297,-0.0137245684016512,1.309523802428016e-06,0.0,,0.14441416893732967,0.0,0.0
2013-11-05,71.30548095703125,-0.011996133887252,1.7857143566721944e-06,0.0,,0.14441416893732967,0.0,0.0
2013-11-06,71.34011840820312,0.0004857614128253,1.7857143566721944e-06,0.0,,0.14441416893732967,0.0,0.0
2013-11-07,70.54358673095703,-0.0111652699072967,1.90476192131875e-06,0.0,,0.14441416893732967,0.0,0.0
2013-11-08,69.5046615600586,-0.0147274219960029,2.063492106066809e-06,0.0,,0.14441416893732967,0.0,0.0
2013-11-11,71.20157623291016,0.024414400915905,2.063492106066809e-06,0.0,,0.14441416893732967,0.0,0.0
2013-11-12,70.82064056396484,-0.0053501016283574,2.3015872353599167e-06,0.0,,0.14441416893732967,0.0,0.0
2013-11-13,67.98090362548828,-0.0400975890060147,2.777777789604095e-06,0.0,,0.14441416893732967,0.0,0.0
2013-11-14,71.13231658935547,0.0463573267755978,2.698412845059044e-06,0.0,,0.14441416893732967,0.0,0.0
2013-11-15,72.65608215332031,0.0214215652888334,2.777777789604095e-06,0.0,,0.14441416893732967,0.0,0.0
2013-11-18,73.7642822265625,0.015252681405304,2.5793649847545317e-06,0.0,,0.14441416893732967,0.0,0.0
2013-11-19,72.55220794677734,-0.0164317233652778,3.1746031036452616e-06,0.0,,0.14441416893732967,0.0,0.0
2013-11-20,72.55220794677734,0.0,3.0555555389987068e-06,0.0,,0.14441416893732967,0.0,0.0
2013-11-21,73.03701782226562,0.0066822208339121,2.777777789604095e-06,0.0,,0.14441416893732967,0.0,0.002320189270570382
2013-11-22,73.52188110351562,0.0066385963680761,2.5793649847545317e-06,0.0,,0.14441416893732967,0.0,0.0
2013-11-25,75.8421630859375,0.0315590671456706,2.3809523277339444e-06,0.0,,0.14441416893732967,0.0,0.0
2013-11-26,75.66899871826172,-0.0022832203174316,2.698412845059044e-06,0.0,,0.14441416893732967,0.0,0.002509447136303715
2013-11-27,76.4308853149414,0.0100686755419669,2.5000000402094805e-06,0.0,,0.14441416893732967,0.0,0.0
2013-11-28,76.53477478027344,0.0013592602637526,2.5000000402094805e-06,0.0,,0.14441416893732967,0.0,0.0
2013-11-29,77.6429672241211,0.0144795937144808,2.182539670713361e-06,0.0,,0.14441416893732967,0.0,0.0
2013-12-02,78.64727783203125,0.0129349848906619,1.984127013692778e-06,0.0,,0.14441416893732967,0.0,0.0
2013-12-03,77.5390853881836,-0.0140906649841644,1.3888888948020476e-06,0.0,,0.14441416893732967,0.0,0.0
2013-12-04,76.81183624267578,-0.0093791297881189,2.063492106066809e-06,0.0,,0.14441416893732967,0.0,0.0
2013-12-05,77.8853759765625,0.0139762279669375,1.90476192131875e-06,0.0,,0.14441416893732967,0.0,0.0
2013-12-06,79.65157318115234,0.022676878456892,2.063492106066809e-06,0.0,,0.14441416893732967,0.0,0.0
2013-12-09,80.06715393066406,0.0052174832575693,2.063492106066809e-06,0.0,,0.14441416893732967,0.0,0.0
2013-12-10,80.72515106201172,0.0082180656991688,2.777777789604095e-06,0.0,,0.14441416893732967,0.0,0.0
2013-12-11,82.17964935302734,0.0180179073297528,2.698412845059044e-06,0.0,,0.14441416893732967,0.0,0.0
2013-12-12,80.93292236328125,-0.0151707509044045,2.5000000402094805e-06,0.0,,0.14441416893732967,0.0,0.0
2013-12-13,80.72515106201172,-0.0025672037435756,2.3809523277339444e-06,0.0,,0.14441416893732967,0.0,0.0
2013-12-16,81.90259552001953,0.0145858439720145,2.3015872353599167e-06,0.0,,0.14441416893732967,0.0,0.0
2013-12-17,80.6558609008789,-0.0152221625117592,2.5000000402094805e-06,0.0,,0.14441416893732967,0.0,0.0
2013-12-18,80.89830017089844,0.0030058481468255,2.3809523277339444e-06,0.0,,0.14441416893732967,0.0,0.0
2013-12-19,80.30955505371094,-0.0072775956471738,2.3015872353599167e-06,0.0,,0.14441416893732967,0.0,0.0
2013-12-20,80.2749252319336,-0.0004312042540166,2.182539670713361e-06,0.0,,0.14441416893732967,0.0,0.0
2013-12-23,80.89830017089844,0.0077655000881504,2.3015872353599167e-06,0.0,,0.14441416893732967,0.0,0.0
2013-12-24,81.2446060180664,0.0042807555466108,2.698412845059044e-06,0.0,,0.14441416893732967,0.0,0.0
2013-12-27,83.66876220703125,0.0298377493322545,2.3015872353599167e-06,0.0,,0.14441416893732967,0.0,0.0
2013-12-30,85.85054016113281,0.026076374223189,2.182539670713361e-06,0.0,,0.14441416893732967,0.0,0.0
2013-12-31,85.64276885986328,-0.0024201513569928,2.5000000402094805e-06,0.0,,0.14441416893732967,0.0,0.0
2014-01-02,87.35699462890625,0.0200160012557271,2.3015872353599167e-06,0.0,,0.08952702702702703,0.0,0.0
2014-01-03,85.53886413574219,-0.0208126493005798,2.3015872353599167e-06,0.0,,0.08952702702702703,0.0,0.0
2014-01-06,85.81591796875,0.003238923450844,1.7857143566721944e-06,0.0,,0.08952702702702703,0.0,0.0
2014-01-07,85.53886413574219,-0.0032284666943573,1.7063492642981665e-06,0.0,,0.08952702702702703,0.0,0.0
2014-01-08,86.83753967285156,0.0151822864405646,1.5873015518226308e-06,0.0,,0.08952702702702703,0.0,0.0
2014-01-09,85.36570739746094,-0.0169492627374698,1.309523802428016e-06,0.0,,0.08952702702702703,0.0,0.0
2014-01-10,86.12759399414062,0.0089249725669391,1.309523802428016e-06,0.0,,0.08952702702702703,0.0,0.0
2014-01-13,85.98906707763672,-0.001608391806618,1.1904761638669722e-06,0.0,,0.08952702702702703,0.0,0.0
2014-01-14,85.36570739746094,-0.0072492899546516,1.309523802428016e-06,0.0,,0.08952702702702703,0.0,0.0
2014-01-15,88.04961395263672,0.0314401020854846,1.3888888948020476e-06,0.0,,0.08952702702702703,0.0,0.0
2014-01-16,88.74224090576172,0.007866325836449,1.1904761638669722e-06,0.0,,0.08952702702702703,0.0,0.0
2014-01-17,91.59931182861328,0.0321951631341559,1.1904761638669722e-06,0.0,,0.08952702702702703,0.0,0.0
2014-01-20,90.12751007080078,-0.01606782549378,1.1904761638669722e-06,0.0,,0.08952702702702703,0.0,0.0
2014-01-21,90.04090881347656,-0.0009608748456069,1.1111111454074327e-06,0.0,,0.08952702702702703,0.0,0.0
2014-01-22,91.25299835205078,0.0134615426981652,1.1904761638669722e-06,0.0,,0.08952702702702703,0.0,0.0
2014-01-23,90.38723754882812,-0.0094874778786181,1.1904761638669722e-06,0.0,,0.08952702702702703,0.0,0.0
2014-01-24,86.7509536743164,-0.0402300587242459,1.309523802428016e-06,0.0,,0.20279720279720279,0.0,0.04233562901147976
2014-01-27,84.74235534667969,-0.0231536166758173,1.90476192131875e-06,0.0,,0.20279720279720279,0.0,0.10466528550101707
2014-01-28,87.0972671508789,0.02778907660243,1.7857143566721944e-06,0.0,,0.20279720279720279,0.0,0.13376503100196094
2014-01-29,92.11876678466795,0.0576539287402702,1.5873015518226308e-06,0.0,,0.20279720279720279,0.0,0.11148829903361371
2014-01-30,94.11007690429688,0.0216167691897537,5.952380819334841e-07,0.0,,0.20279720279720279,0.0,0.11144715409378791
2014-02-04,88.39593505859375,-0.0607176408060318,2.182539670713361e-06,0.0,,1.0,0.0,0.7765969421598082
2014-02-05,88.39593505859375,0.0,2.182539670713361e-06,1.0,,,1.0,0.8237629767353872
2014-02-06,88.04961395263672,-0.0039178397256329,2.3809523277339444e-06,1.0,,,1.0,0.8083247104530972
2014-02-07,90.82009887695312,0.0314650433993577,2.857142734149143e-06,1.0,,,1.0,0.8083247104530972
2014-02-10,92.3785171508789,0.0171593985604132,2.182539670713361e-06,1.0,,,1.0,0.845966406469179
2014-02-11,91.77246856689452,-0.0065604926629699,1.7857143566721944e-06,1.0,,,1.0,0.6436764280843482
2014-02-12,93.15771484375,0.0150943556219778,1.7063492642981665e-06,1.0,,,1.0,0.6055672857902287
2014-02-13,93.5040283203125,0.0037174964751267,9.92063506846389e-07,1.0,,,1.0,0.6055672857902287
2014-02-14,94.97584533691406,0.015740680300528,3.9682538795565474e-07,1.0,,,1.0,0.6055672857902287
2014-02-17,100.43024444580078,0.0574293294209486,3.9682538795565474e-07,1.0,,,1.0,0.6055672857902287
2014-02-18,101.20944213867188,0.0077585960003472,5.952380819334841e-07,1.0,,,1.0,0.0
2014-02-19,100.86314392089844,-0.0034215999066465,1.7857143566721944e-06,1.0,,,1.0,0.0
2014-02-20,97.746337890625,-0.0309013372884527,1.5873015518226308e-06,0.0,,0.08952702702702703,0.0,0.0
2014-02-21,100.5168228149414,0.0283436186368075,1.3888888948020476e-06,0.0,,0.08952702702702703,0.0,0.0
2014-02-24,100.0839385986328,-0.0043065847505504,1.309523802428016e-06,0.0,,0.08952702702702703,0.0,0.0
2014-02-25,99.65103912353516,-0.0043253641009642,1.5873015518226308e-06,0.0,,0.08952702702702703,0.0,0.0
2014-02-26,101.4691925048828,0.0182452024317951,1.5873015518226308e-06,0.0,,0.08952702702702703,0.0,0.0
2014-02-27,106.75041961669922,0.0520475918004599,1.3888888948020476e-06,0.0,,0.08952702702702703,0.0,0.0
2014-02-28,107.78936004638672,0.0097324247850074,1.7063492642981665e-06,0.0,,0.08952702702702703,0.0,0.0
2014-03-03,104.23965454101562,-0.0329318729032577,1.7063492642981665e-06,0.0,,0.20279720279720279,0.0,0.057536263958870446
2014-03-04,106.05780792236328,0.0174420511018891,1.90476192131875e-06,0.0,,0.20279720279720279,0.0,0.057476119320858346
2014-03-05,107.78936004638672,0.0163264936164904,1.984127013692778e-06,0.0,,0.20279720279720279,0.0,0.07214845938519207
2014-03-06,109.95379638671876,0.0200802411239902,1.7857143566721944e-06,0.0,,0.08952702702702703,0.0,0.0
2014-03-07,109.17459869384766,-0.0070865919911541,1.7857143566721944e-06,0.0,,0.08952702702702703,0.0,0.0
2014-03-10,106.75041961669922,-0.0222046071719157,1.5873015518226308e-06,0.0,,0.08952702702702703,0.0,0.0
2014-03-11,106.92357635498048,0.0016220707975014,1.7857143566721944e-06,0.0,,0.08952702702702703,0.0,0.0
2014-03-12,104.23965454101562,-0.0251013097902222,1.5873015518226308e-06,0.0,,0.20279720279720279,0.0,0.05310503873360465
2014-03-13,101.81549835205078,-0.0232556045934611,1.5873015518226308e-06,0.0,,0.20279720279720279,0.0,0.09098215415141862
2014-03-14,97.65974426269533,-0.0408165176875721,1.5873015518226308e-06,0.0,,0.4166666666666667,0.0,0.29773089542043063
2014-03-17,94.62953186035156,-0.0310282647699013,1.7063492642981665e-06,0.0,,0.20279720279720279,0.0,0.2768910250791242
2014-03-18,100.0839385986328,0.0576395828136455,1.984127013692778e-06,0.0,,0.20279720279720279,0.0,0.25073539597465283
2014-03-19,98.26580047607422,-0.0181661328282639,1.984127013692778e-06,0.0,,0.20279720279720279,0.0,0.16964520337987382
2014-03-20,96.62083435058594,-0.0167399656596579,2.063492106066809e-06,0.0,,0.20279720279720279,0.0,0.06902507480141126
2014-03-21,99.13157653808594,0.0259855154882004,1.7857143566721944e-06,0.0,,0.20279720279720279,0.0,0.1336981835162764
2014-03-24,101.642333984375,0.0253275246290918,1.7063492642981665e-06,0.0,,0.20279720279720279,0.0,0.21036980928824553
2014-03-25,96.70740509033205,-0.0485519045125585,1.7857143566721944e-06,0.0,,0.4716981132075472,0.0,0.40446073706945673
2014-03-26,95.92821502685548,-0.0080571913055544,1.4682539871760755e-06,0.0,,0.4716981132075472,0.0,0.4357405786713336
2014-03-27,90.30064392089844,-0.058664399252937,1.309523802428016e-06,0.0,,1.0,0.0,0.8357104127021714
2014-03-28,92.63825988769533,0.0258870354107838,1.309523802428016e-06,1.0,,,1.0,0.8310443922353697
2014-03-31,93.41744232177734,0.0084110219149908,1.1111111454074327e-06,1.0,,,1.0,0.8461788528774102
2014-04-01,97.57317352294922,0.0444856024516002,1.1904761638669722e-06,1.0,,,1.0,0.8461788528774102
2014-04-02,97.22686004638672,-0.0035492693745483,7.142856835372857e-07,1.0,,,1.0,0.8691234017659736
2014-04-03,94.62953186035156,-0.0267141012760874,5.952380819334841e-07,1.0,,,1.0,0.9036419283758516
2014-04-04,90.90670013427734,-0.0393411195520669,7.936507759113135e-07,1.0,,,1.0,0.9583104190011412
2014-04-07,86.83753967285156,-0.044761942248649,7.936507759113135e-07,1.0,,,1.0,0.9903101048040777
2014-04-08,88.22277069091797,0.0159519837075654,9.92063506846389e-07,1.0,,,1.0,0.9109800718178472
2014-04-09,90.64695739746094,0.0274780160219172,1.1111111454074327e-06,1.0,,,1.0,0.9594953501713945
2014-04-10,97.4865951538086,0.0754535833603085,1.1111111454074327e-06,1.0,,,1.0,0.4515688635187649
2014-04-11,90.90670013427734,-0.0674953824077031,1.1904761638669722e-06,1.0,,,1.0,0.9878255677371444
2014-04-14,91.0798568725586,0.001904774213842,1.1904761638669722e-06,1.0,,,1.0,0.9813540636144269
2014-04-15,89.3482894897461,-0.0190115294673262,1.1904761638669722e-06,1.0,,,1.0,0.9957842575522821
2014-04-16,90.30064392089844,0.0106588994214784,9.92063506846389e-07,1.0,,,1.0,1.0
2014-04-17,90.9932632446289,0.0076701482254897,9.92063506846389e-07,1.0,,,1.0,1.0
2014-04-22,90.82009887695312,-0.0019030460223219,9.92063506846389e-07,1.0,,,1.0,1.0
2014-04-23,91.59931182861328,0.0085797412829935,5.952380819334841e-07,1.0,,,1.0,0.798396168342015
2014-04-24,92.20535278320312,0.0066162173327652,2.777777863518571e-07,1.0,,,1.0,0.7959688792820675
2014-04-25,90.64695739746094,-0.0169013548422329,2.777777863518571e-07,1.0,,,1.0,0.7875320634189099
2014-04-28,88.04961395263672,-0.0286533990703693,1.1904762008242065e-07,1.0,,,1.0,0.8494322494963246
2014-04-29,88.22277069091797,0.0019665814591123,5.952380819334841e-07,1.0,,,1.0,0.0
2014-04-30,83.66876220703125,-0.05161942260736,7.936507759113135e-07,1.0,,,1.0,0.46972677447932504
2014-05-02,85.78128814697266,0.0252486816371699,5.952380819334841e-07,0.0,,0.4716981132075472,0.0,0.48434416618270887
2014-05-05,85.29646301269531,-0.0056518751903873,5.952380819334841e-07,0.0,,0.4716981132075472,0.0,0.460614431289047
2014-05-07,82.0411148071289,-0.0381651019349054,7.936507759113135e-07,0.0,,1.0,0.0,0.601191388376632
2014-05-08,82.00650024414062,-0.0004219172675755,8.730158682853453e-07,1.0,,,1.0,0.611347270754209
2014-05-09,82.90689849853516,0.0109795961504755,8.730158682853453e-07,1.0,,,1.0,0.611347270754209
2014-05-12,87.27041625976562,0.0526315402005728,7.936507759113135e-07,1.0,,,1.0,0.611347270754209
2014-05-13,87.87648010253906,0.0069446654289977,7.936507759113135e-07,1.0,,,1.0,0.6537150623688158
2014-05-14,89.0019760131836,0.0128077036009093,7.936507759113135e-07,1.0,,,1.0,0.6045803253735405
2014-05-15,94.19664001464844,0.0583657153937275,7.142856835372857e-07,1.0,,,1.0,0.559568639471046
2014-05-16,94.4225845336914,0.0023986473297543,5.952380819334841e-07,1.0,,,1.0,0.0
2014-05-19,93.38116455078124,-0.011029352649615,7.142856835372857e-07,0.0,,0.08952702702702703,0.0,0.0
2014-05-20,97.11294555664062,0.0399628878458677,9.92063506846389e-07,0.0,,0.08952702702702703,0.0,0.0
2014-05-21,96.93936920166016,-0.0017873657727663,9.92063506846389e-07,0.0,,0.08952702702702703,0.0,0.0
2014-05-22,97.46007537841795,0.0053714624001173,1.1111111454074327e-06,0.0,,0.08952702702702703,0.0,0.0
2014-05-23,96.41864776611328,-0.0106856844534648,1.1111111454074327e-06,0.0,,0.08952702702702703,0.0,0.0
2014-05-26,96.67901611328124,0.0027003940959589,1.1111111454074327e-06,0.0,,0.08952702702702703,0.0,0.0
2014-05-27,96.67901611328124,0.0,1.1111111454074327e-06,0.0,,0.08952702702702703,0.0,0.0
2014-05-28,98.32793426513672,0.0170555950830468,1.1111111454074327e-06,0.0,,0.08952702702702703,0.0,0.0
2014-05-29,95.29045104980467,-0.0308913559308753,1.1904761638669722e-06,0.0,,0.08952702702702703,0.0,0.0
2014-05-30,94.85651397705078,-0.004553835856303,1.1904761638669722e-06,0.0,,0.08952702702702703,0.0,0.0
2014-06-03,97.1997299194336,0.0247027414790903,1.1904761638669722e-06,0.0,,0.08952702702702703,0.0,0.0
2014-06-04,94.76973724365234,-0.0249999941131051,1.1904761638669722e-06,0.0,,0.08952702702702703,0.0,0.0
2014-06-05,94.0754623413086,-0.0073259135514829,1.1904761638669722e-06,0.0,,0.08952702702702703,0.0,0.0
2014-06-06,93.90187072753906,-0.0018452379552463,1.1111111454074327e-06,0.0,,0.08952702702702703,0.0,0.0
2014-06-09,95.98472595214844,0.0221811898790906,1.1904761638669722e-06,0.0,,0.08952702702702703,0.0,0.0
2014-06-10,98.50150299072266,0.0262205993048196,1.3888888948020476e-06,0.0,,0.08952702702702703,0.0,0.0
2014-06-11,101.0182876586914,0.0255507235072929,1.309523802428016e-06,0.0,,0.08952702702702703,0.0,0.0
2014-06-12,100.3239974975586,-0.0068729155603844,1.309523802428016e-06,0.0,,0.08952702702702703,0.0,0.0
2014-06-13,100.75792694091795,0.0043252806325817,1.1904761638669722e-06,0.0,,0.08952702702702703,0.0,0.0
2014-06-16,101.19184112548828,0.0043065017090393,9.92063506846389e-07,0.0,,0.08952702702702703,0.0,0.0
2014-06-17,100.3239974975586,-0.008576221346279,1.309523802428016e-06,0.0,,0.08952702702702703,0.0,0.0
2014-06-18,100.84471893310548,0.0051903975971407,7.142856835372857e-07,0.0,,0.08952702702702703,0.0,0.0
2014-06-19,100.49756622314452,-0.0034424480888408,3.9682538795565474e-07,0.0,,0.08952702702702703,0.0,0.0
2014-06-20,100.49756622314452,0.0,3.9682538795565474e-07,0.0,,0.08952702702702703,0.0,0.0
2014-06-23,99.10900115966795,-0.0138169023953614,1.9841269397782539e-07,0.0,,0.08952702702702703,0.0,0.0
2014-06-24,99.71649932861328,0.0061295963215957,8.730158682853453e-07,0.0,,0.08952702702702703,0.0,0.0
2014-06-25,99.89006805419922,0.0017406219307192,7.936507759113135e-07,0.0,,0.08952702702702703,0.0,0.0
2014-06-26,102.7540054321289,0.0286708922490246,9.92063506846389e-07,0.0,,0.08952702702702703,0.0,0.0
2014-06-27,102.7540054321289,0.0,7.142856835372857e-07,0.0,,0.08952702702702703,0.0,0.0
2014-06-30,102.58042907714844,-0.0016892417405093,7.936507759113135e-07,0.0,,0.08952702702702703,0.0,0.0
2014-07-02,106.57254791259766,0.0389169637070521,2.777777863518571e-07,0.0,,0.08952702702702703,0.0,0.0
2014-07-03,108.22147369384766,0.0154723314169265,1.1904762008242065e-07,0.0,,0.08952702702702703,0.0,0.0
2014-07-04,108.56861877441406,0.0032077282697928,1.1904762008242065e-07,0.0,,0.08952702702702703,0.0,0.0
2014-07-07,108.8289794921875,0.0023981213053323,2.777777863518571e-07,0.0,,0.08952702702702703,0.0,0.0
2014-07-08,108.74220275878906,-0.0007973678867829,9.92063506846389e-07,0.0,,0.08952702702702703,0.0,0.0
2014-07-09,105.18399047851562,-0.0327215394759496,5.952380819334841e-07,0.0,,0.08952702702702703,0.0,0.0
2014-07-10,106.05184936523438,0.0082508648204977,5.952380819334841e-07,0.0,,0.08952702702702703,0.0,0.0
2014-07-11,105.53112030029295,-0.0049101365799673,5.952380819334841e-07,0.0,,0.08952702702702703,0.0,0.0
2014-07-14,106.57254791259766,0.0098684407911266,5.952380819334841e-07,0.0,,0.08952702702702703,0.0,0.0
2014-07-15,107.44041442871094,0.0081434340560671,7.936507759113135e-07,0.0,,0.08952702702702703,0.0,0.0
2014-07-16,107.87433624267578,0.0040387205901253,7.142856835372857e-07,0.0,,0.08952702702702703,0.0,0.0
2014-07-17,107.18003845214844,-0.0064361720749357,2.777777863518571e-07,0.0,,0.08952702702702703,0.0,0.0
2014-07-18,106.65933990478516,-0.0048581672005627,3.9682538795565474e-07,0.0,,0.08952702702702703,0.0,0.0
2014-07-21,105.44434356689452,-0.0113913731228345,5.158730265167024e-07,0.0,,0.08952702702702703,0.0,0.0
2014-07-22,107.70076751708984,0.021399193867273,7.936507759113135e-07,0.0,,0.08952702702702703,0.0,0.0
2014-07-23,107.87433624267578,0.001611582995993,7.936507759113135e-07,0.0,,0.08952702702702703,0.0,0.0
2014-07-24,108.04790496826172,0.0016089899751083,7.936507759113135e-07,0.0,,0.08952702702702703,0.0,0.0
2014-07-25,108.3950424194336,0.0032128105702173,7.936507759113135e-07,0.0,,0.08952702702702703,0.0,0.0
2014-07-28,111.86646270751952,0.0320256370642237,9.92063506846389e-07,0.0,,0.08952702702702703,0.0,0.0
2014-07-29,113.16824340820312,0.0116369166341405,1.1111111454074327e-06,0.0,,0.08952702702702703,0.0,0.0
2014-07-30,111.51932525634766,-0.0145705023087416,1.1111111454074327e-06,0.0,,0.08952702702702703,0.0,0.0
2014-07-31,111.43254852294922,-0.000778131800914,7.142856835372857e-07,0.0,,0.08952702702702703,0.0,0.0
2014-08-01,111.25897216796876,-0.0015576809225062,7.142856835372857e-07,0.0,,0.08952702702702703,0.0,0.0
2014-08-04,112.12683868408205,0.0078004182422524,5.952380819334841e-07,0.0,,0.08952702702702703,0.0,0.0
2014-08-05,115.8585968017578,0.0332815779118682,9.92063506846389e-07,0.0,,0.08952702702702703,0.0,0.0
2014-08-06,115.33789825439452,-0.0044942590514386,7.936507759113135e-07,0.0,,0.08952702702702703,0.0,0.0
2014-08-07,111.34576416015624,-0.0346125094583659,7.936507759113135e-07,0.0,,0.08952702702702703,0.0,0.0
2014-08-08,112.64753723144533,0.0116912671183131,7.936507759113135e-07,0.0,,0.08952702702702703,0.0,0.0
2014-08-11,114.81717681884766,0.0192604262882782,9.92063506846389e-07,0.0,,0.08952702702702703,0.0,0.0
2014-08-12,115.68502807617188,0.0075585490025893,9.92063506846389e-07,0.0,,0.08952702702702703,0.0,0.0
2014-08-13,115.5982437133789,-0.0007501779982784,1.1904761638669722e-06,0.0,,0.08952702702702703,0.0,0.0
2014-08-14,112.90789031982422,-0.0232733068179246,1.1111111454074327e-06,0.0,,0.08952702702702703,0.0,0.00033467631008459104
2014-08-15,113.08146667480467,0.0015373270591521,8.730158682853453e-07,0.0,,0.08952702702702703,0.0,0.007441507082196137
2014-08-18,111.7796859741211,-0.0115118837680731,8.730158682853453e-07,0.0,,0.08952702702702703,0.0,0.0
2014-08-19,112.64753723144533,0.0077639443138635,9.92063506846389e-07,0.0,,0.08952702702702703,0.0,0.0
2014-08-20,114.47003936767578,0.0161788014280857,9.92063506846389e-07,0.0,,0.08952702702702703,0.0,0.01503090497857108
2014-08-21,113.42860412597656,-0.0090978848915579,5.952380819334841e-07,0.0,,0.08952702702702703,0.0,0.0
2014-08-22,113.42860412597656,0.0,5.952380819334841e-07,0.0,,0.08952702702702703,0.0,0.0
2014-08-25,112.64753723144533,-0.0068859781935054,5.952380819334841e-07,0.0,,0.08952702702702703,0.0,0.0
2014-08-26,112.3003921508789,-0.0030816925882114,9.92063506846389e-07,0.0,,0.08952702702702703,0.0,0.0
2014-08-27,111.43254852294922,-0.0077278770920382,9.92063506846389e-07,0.0,,0.08952702702702703,0.0,0.0
2014-08-28,110.91183471679688,-0.004672905834556,8.730158682853453e-07,0.0,,0.08952702702702703,0.0,0.0
2014-08-29,109.78360748291016,-0.0101722889786066,7.142856835372857e-07,0.0,,0.08952702702702703,0.0,0.0
2014-09-01,109.87039947509766,0.0007905733303672,7.142856835372857e-07,0.0,,0.08952702702702703,0.0,0.0
2014-09-02,109.0893325805664,-0.007108983841533,7.936507759113135e-07,0.0,,0.08952702702702703,0.0,0.0
2014-09-03,112.21359252929688,0.02863946340879,7.936507759113135e-07,0.0,,0.08952702702702703,0.0,0.0
2014-09-04,112.3003921508789,0.0007735214569426,7.936507759113135e-07,0.0,,0.08952702702702703,0.0,0.0
2014-09-05,111.34576416015624,-0.0085006648012422,7.936507759113135e-07,0.0,,0.08952702702702703,0.0,0.0
2014-09-08,109.43647003173828,-0.0171474338769788,7.936507759113135e-07,0.0,,0.08952702702702703,0.0,0.0
2014-09-10,105.87828063964844,-0.0325137441938497,5.952380819334841e-07,0.0,,0.08952702702702703,0.0,0.0
2014-09-11,106.05184936523438,0.0016393232354865,3.9682538795565474e-07,0.0,,0.08952702702702703,0.0,0.0
2014-09-12,106.65933990478516,0.0057282408858201,3.9682538795565474e-07,0.0,,0.08952702702702703,0.0,0.0
2014-09-15,107.09326934814452,0.0040683679811512,3.9682538795565474e-07,0.0,,0.08952702702702703,0.0,0.0
2014-09-16,105.01042175292967,-0.0194489122228943,5.952380819334841e-07,0.0,,0.08952702702702703,0.0,0.0
2014-09-17,107.61398315429688,0.0247933620102289,5.158730265167024e-07,0.0,,0.08952702702702703,0.0,0.0
2014-09-18,106.65933990478516,-0.0088709963290082,3.9682538795565474e-07,0.0,,0.08952702702702703,0.0,0.0
2014-09-19,108.65541076660156,0.0187144497950042,2.777777863518571e-07,0.0,,0.08952702702702703,0.0,0.0
2014-09-22,105.09720611572266,-0.0327476066380361,1.1904762008242065e-07,0.0,,0.20279720279720279,0.0,0.12021887173544527
2014-09-23,103.18791961669922,-0.0181668625607527,2.777777863518571e-07,0.0,,0.20279720279720279,0.0,0.1251058012140815
2014-09-24,102.8407745361328,-0.0033642027269851,2.777777863518571e-07,0.0,,0.08952702702702703,0.0,0.0
2014-09-25,102.320068359375,-0.0050632269069,1.9841269397782539e-07,0.0,,0.08952702702702703,0.0,0.0
2014-09-26,101.10507202148438,-0.0118744676129733,1.9841269397782539e-07,0.0,,0.08952702702702703,0.0,0.0
2014-09-29,100.3239974975586,-0.0077253742894303,1.9841269397782539e-07,0.0,,0.08952702702702703,0.0,0.0
2014-09-30,100.23722076416016,-0.0008649648694525,5.158730265167024e-07,0.0,,0.08952702702702703,0.0,0.0
2014-10-03,100.67113494873048,0.0043288728604242,3.9682538795565474e-07,0.0,,0.08952702702702703,0.0,0.0
2014-10-06,103.8822021484375,0.0318966027485667,3.9682538795565474e-07,0.0,,0.08952702702702703,0.0,0.0
2014-10-07,103.79542541503906,-0.0008353378307714,3.9682538795565474e-07,0.0,,0.08952702702702703,0.0,0.0
2014-10-08,102.8407745361328,-0.0091974272959426,1.9841269397782539e-07,0.0,,0.08952702702702703,0.0,0.0
2014-10-09,102.320068359375,-0.0050632269069,1.9841269397782539e-07,0.0,,0.08952702702702703,0.0,0.0
2014-10-10,100.4107894897461,-0.0186598670255283,1.9841269397782539e-07,0.0,,0.08952702702702703,0.0,0.0
2014-10-13,99.28257751464844,-0.0112359635934629,1.9841269397782539e-07,0.0,,0.08952702702702703,0.0,0.0
2014-10-14,98.41471099853516,-0.0087413777707899,1.9841269397782539e-07,0.0,,0.08952702702702703,0.0,0.0
2014-10-15,99.28257751464844,0.0088184632897636,3.9682538795565474e-07,0.0,,0.08952702702702703,0.0,0.0
2014-10-16,98.0675811767578,-0.0122377598195552,7.936507759113135e-07,0.0,,0.08952702702702703,0.0,0.0
2014-10-17,97.80721282958984,-0.0026549889784541,8.730158682853453e-07,0.0,,0.08952702702702703,0.0,0.0
2014-10-20,99.19580078125,0.0141971937599274,7.936507759113135e-07,0.0,,0.08952702702702703,0.0,0.0
2014-10-21,100.15042114257812,0.0096235965011592,7.142856835372857e-07,0.0,,0.08952702702702703,0.0,0.0
2014-10-22,103.53506469726562,0.0337955998194854,5.952380819334841e-07,0.0,,0.08952702702702703,0.0,0.0
2014-10-23,103.79542541503906,0.0025147105334286,5.952380819334841e-07,0.0,,0.08952702702702703,0.0,0.0
2014-10-24,103.70863342285156,-0.0008361832117402,1.9841269397782539e-07,0.0,,0.08952702702702703,0.0,0.0
2014-10-27,102.49363708496094,-0.0117154792015888,1.9841269397782539e-07,0.0,,0.08952702702702703,0.0,0.0
2014-10-28,104.22933959960938,0.0169347343309678,5.952380819334841e-07,0.0,,0.08952702702702703,0.0,0.0
2014-10-29,105.61791229248048,0.0133222823650731,5.952380819334841e-07,0.0,,0.08952702702702703,0.0,0.0
2014-10-30,105.79147338867188,0.001643292244887,1.1904762008242065e-07,0.0,,0.08952702702702703,0.0,0.0
2014-10-31,107.26683807373048,0.0139459697251611,1.1904762008242065e-07,0.0,,0.08952702702702703,0.0,0.0
2014-11-03,107.44041442871094,0.0016181735016851,1.1904762008242065e-07,0.0,,0.08952702702702703,0.0,0.0
2014-11-04,106.48577117919922,-0.0088853273192197,8.730158682853453e-07,0.0,,0.08952702702702703,0.0,0.0
2014-11-05,107.61398315429688,0.0105949552001558,7.936507759113135e-07,0.0,,0.08952702702702703,0.0,0.0
2014-11-06,107.26683807373048,-0.0032258361821684,7.142856835372857e-07,0.0,,0.08952702702702703,0.0,0.0
2014-11-07,106.83291625976562,-0.0040452559407652,7.142856835372857e-07,0.0,,0.08952702702702703,0.0,0.0
2014-11-10,109.0893325805664,0.0211209840543364,5.952380819334841e-07,0.0,,0.08952702702702703,0.0,0.0
2014-11-11,110.73826599121094,0.0151154413693632,5.952380819334841e-07,0.0,,0.08952702702702703,0.0,0.0
2014-11-12,112.12683868408205,0.0125392309554612,5.158730265167024e-07,0.0,,0.08952702702702703,0.0,0.0
2014-11-13,112.3871841430664,0.0023218835208391,1.9841269397782539e-07,0.0,,0.08952702702702703,0.0,0.0
2014-11-14,114.47003936767578,0.0185328535499025,1.1904762008242065e-07,0.0,,0.08952702702702703,0.0,0.0
2014-11-17,112.04003143310548,-0.0212283314305952,3.9682538795565474e-07,0.0,,0.08952702702702703,0.0,0.0
2014-11-18,109.17611694335938,-0.0255615287956789,5.952380819334841e-07,0.0,,0.08952702702702703,0.0,0.0
2014-11-19,107.96112823486328,-0.0111287041755334,5.952380819334841e-07,0.0,,0.08952702702702703,0.0,0.0
2014-11-20,109.0893325805664,0.0104500977726795,5.952380819334841e-07,0.0,,0.08952702702702703,0.0,0.0
2014-11-21,107.78755950927734,-0.0119330922693807,1.1904762008242065e-07,0.0,,0.08952702702702703,0.0,0.0
2014-11-24,108.91576385498048,0.0104669254117961,1.9841269397782539e-07,0.0,,0.08952702702702703,0.0,0.0
2014-11-25,108.22147369384766,-0.0063745608216755,7.142856835372857e-07,0.0,,0.08952702702702703,0.0,0.0
2014-11-26,109.0893325805664,0.0080192854254959,3.9682538795565474e-07,0.0,,0.08952702702702703,0.0,0.0
2014-11-27,108.56861877441406,-0.0047732788700286,3.9682538795565474e-07,0.0,,0.08952702702702703,0.0,0.0
2014-11-28,107.61398315429688,-0.0087929240593983,1.9841269397782539e-07,0.0,,0.08952702702702703,0.0,0.0
2014-12-01,104.40291595458984,-0.0298387542732527,2.777777863518571e-07,0.0,,0.08952702702702703,0.0,0.0
2014-12-02,103.79542541503906,-0.0058187123797864,5.952380819334841e-07,0.0,,0.08952702702702703,0.0,0.0
2014-12-03,102.146484375,-0.0158864519649644,1.9841269397782539e-07,0.0,,0.08952702702702703,0.0,0.0
2014-12-04,102.58042907714844,0.0042482588099199,5.158730265167024e-07,0.0,,0.08952702702702703,0.0,0.0
2014-12-05,103.18791961669922,0.0059220900615837,3.9682538795565474e-07,0.0,,0.08952702702702703,0.0,0.0
2014-12-08,102.92757415771484,-0.0025230226556698,1.9841269397782539e-07,0.0,,0.08952702702702703,0.0,0.0
2014-12-09,100.49756622314452,-0.0236089109692496,1.1111111454074327e-06,0.0,,0.08952702702702703,0.0,0.0
2014-12-10,100.23722076416016,-0.0025905648143388,9.92063506846389e-07,0.0,,0.08952702702702703,0.0,0.0
2014-12-11,98.41471099853516,-0.0181819662569558,8.730158682853453e-07,0.0,,0.08952702702702703,0.0,0.0
2014-12-12,98.67507934570312,0.0026456242621273,5.952380819334841e-07,0.0,,0.08952702702702703,0.0,0.0
2014-12-15,97.11294555664062,-0.0158310872352039,3.9682538795565474e-07,0.0,,0.08952702702702703,0.0,0.0
2014-12-16,93.72830963134766,-0.0348525719809301,1.1904761638669722e-06,0.0,,0.08952702702702703,0.0,0.0
2014-12-17,91.38511657714844,-0.0249998433068457,7.936507759113135e-07,0.0,,0.20279720279720279,0.0,0.05763069305725712
2014-12-18,97.11294555664062,0.0626779194909346,1.309523802428016e-06,0.0,,0.20279720279720279,0.0,0.04564359527492412
2014-12-19,100.4107894897461,0.0339588498135092,9.92063506846389e-07,0.0,,0.20279720279720279,0.0,0.043327720374625796
2014-12-22,98.0675811767578,-0.02333622038922,5.952380819334841e-07,0.0,,0.20279720279720279,0.0,0.03870460237837001
2014-12-23,97.8939971923828,-0.0017700445171797,7.936507759113135e-07,0.0,,0.20279720279720279,0.0,0.04603483157962757
2014-12-24,97.80721282958984,-0.0008865136298643,7.936507759113135e-07,0.0,,0.20279720279720279,0.0,0.05663179744195237
2014-12-29,98.41471099853516,0.0062111796397241,1.1904762008242065e-07,0.0,,0.20279720279720279,0.0,0.07894937131823383
2014-12-30,98.32793426513672,-0.0008817455491967,7.936507759113135e-07,0.0,,0.20279720279720279,0.0,0.07343976761936044
2014-12-31,97.6336441040039,-0.0070609655976366,1.4682539871760755e-06,0.0,,0.20279720279720279,0.0,0.06479105373523363
2015-01-02,97.8939971923828,0.002666632908852,5.952380819334841e-07,0.0,,0.09573091849935317,0.0,0.0
2015-01-05,98.50150299072266,0.0062057512795803,1.1904762008242065e-07,0.0,,0.09573091849935317,0.0,0.0
2015-01-06,104.1425552368164,0.0572686920992977,7.936507759113135e-07,0.0,,0.09573091849935317,0.0,0.0
2015-01-07,107.96112823486328,0.0366667880326498,7.936507759113135e-07,0.0,,0.09573091849935317,0.0,0.0
2015-01-08,110.47789001464844,0.023311740261829,7.142856835372857e-07,0.0,,0.09573091849935317,0.0,0.0
2015-01-09,110.39109802246094,-0.0007856050851079,5.952380819334841e-07,0.0,,0.09573091849935317,0.0,0.0
2015-01-12,110.3043441772461,-0.0007858771836583,5.158730265167024e-07,0.0,,0.09573091849935317,0.0,0.0
2015-01-13,110.91183471679688,0.0055074035758249,9.126984144723572e-07,0.0,,0.09573091849935317,0.0,0.0
2015-01-14,109.34970092773438,-0.0140844644131193,9.92063506846389e-07,0.0,,0.09573091849935317,0.0,0.0
2015-01-15,110.13076782226562,0.0071428352149534,9.126984144723572e-07,0.0,,0.09573091849935317,0.0,0.0
2015-01-16,105.79147338867188,-0.0394012910233833,7.142856835372857e-07,0.0,,0.2792207792207792,0.0,0.054364239383248324
2015-01-19,106.7461166381836,0.0090238203414032,7.142856835372857e-07,0.0,,0.2792207792207792,0.0,0.0545310917952795
2015-01-20,107.70076751708984,0.0089431907124268,3.17460332538873e-07,0.0,,0.2792207792207792,0.0,0.06903494028923061
2015-01-21,111.6928939819336,0.0370668339407171,7.936507759113135e-07,0.0,,0.2792207792207792,0.0,0.06903494028923061
2015-01-22,114.20968627929688,0.0225331460904789,5.952380819334841e-07,0.0,,0.2792207792207792,0.0,0.06903494028923061
2015-01-23,115.16431427001952,0.0083585554064837,5.158730265167024e-07,0.0,,0.2792207792207792,0.0,0.0723163266646312
2015-01-26,118.89608001708984,0.0324038376881283,1.9841269397782539e-07,0.0,,0.2792207792207792,0.0,0.0747315624482845
2015-01-27,118.02823638916016,-0.0072991778013619,7.142856835372857e-07,0.0,,0.2792207792207792,0.0,0.06101550011325932
2015-01-28,118.8093032836914,0.0066176274290494,5.952380819334841e-07,0.0,,0.24643296255410077,0.0,0.024822066864819598
2015-01-29,116.81324005126952,-0.0168005634007946,3.9682538795565474e-07,0.0,,0.2792207792207792,0.0,0.08155837778255622
2015-01-30,114.55681610107422,-0.0193165085499293,1.9841269397782539e-07,0.0,,0.09573091849935317,0.0,0.0
2015-02-02,117.85466766357422,0.0287879121883964,1.9841269397782539e-07,0.0,,0.09573091849935317,0.0,0.0
2015-02-03,117.24716186523438,-0.0051547029098076,5.952380819334841e-07,0.0,,0.09573091849935317,0.0,0.0
2015-02-04,116.20572662353516,-0.0088823919072451,1.9841269397782539e-07,0.0,,0.09573091849935317,0.0,0.0
2015-02-05,117.3339614868164,0.0097089437505633,3.17460332538873e-07,0.0,,0.09573091849935317,0.0,0.0
2015-02-06,116.4660873413086,-0.0073966150508378,5.952380819334841e-07,0.0,,0.09573091849935317,0.0,0.0
2015-02-09,115.07752990722656,-0.0119224184977796,1.1904762008242065e-07,0.0,,0.09573091849935317,0.0,0.0
2015-02-10,115.4246826171875,0.0030166854488518,1.9841269397782539e-07,0.0,,0.09573091849935317,0.0,0.0
2015-02-11,114.20968627929688,-0.0105263130063804,1.9841269397782539e-07,0.0,,0.09573091849935317,0.0,0.0
2015-02-12,112.47396087646484,-0.0151977074745425,3.17460332538873e-07,0.0,,0.09573091849935317,0.0,0.0
2015-02-13,112.9946746826172,0.0046296387367763,1.9841269397782539e-07,0.0,,0.09573091849935317,0.0,0.0
2015-02-16,113.25503540039062,0.0023041857371131,1.9841269397782539e-07,0.0,,0.09573091849935317,0.0,0.0
2015-02-17,113.515380859375,0.0022987539411734,3.17460332538873e-07,0.0,,0.09573091849935317,0.0,0.0
2015-02-18,112.73431396484376,-0.0068807142135112,5.158730265167024e-07,0.0,,0.09573091849935317,0.0,0.0
2015-02-23,116.98682403564452,0.0377215234762229,5.952380819334841e-07,0.0,,0.09573091849935317,0.0,0.0
2015-02-24,117.24716186523438,0.0022253602637383,7.142856835372857e-07,0.0,,0.09573091849935317,0.0,0.0
2015-02-25,117.85466766357422,0.0051814115469859,5.952380819334841e-07,0.0,,0.09573091849935317,0.0,0.0
2015-02-26,117.68109130859376,-0.0014728000037804,5.158730265167024e-07,0.0,,0.09573091849935317,0.0,0.0
2015-02-27,117.9414520263672,0.0022124260990297,3.17460332538873e-07,0.0,,0.09573091849935317,0.0,0.0
2015-03-02,118.6357421875,0.0058867357422187,1.9841269397782539e-07,0.0,,0.09573091849935317,0.0,0.0
2015-03-03,117.42072296142578,-0.0102415950174098,5.158730265167024e-07,0.0,,0.09573091849935317,0.0,0.0
2015-03-04,115.68502807617188,-0.0147818446478489,3.9682538795565474e-07,0.0,,0.09573091849935317,0.0,0.0
2015-03-05,114.6436004638672,-0.0090022678787695,1.1904762008242065e-07,0.0,,0.09573091849935317,0.0,0.0
2015-03-06,114.29645538330078,-0.0030280371443482,1.9841269397782539e-07,0.0,,0.09573091849935317,0.0,0.0
2015-03-09,114.73038482666016,0.0037965258144196,1.9841269397782539e-07,0.0,,0.09573091849935317,0.0,0.0
2015-03-10,113.77574920654295,-0.0083206869876668,3.9682538795565474e-07,0.0,,0.09573091849935317,0.0,0.0
2015-03-11,114.29645538330078,0.0045766007289704,5.158730265167024e-07,0.0,,0.09573091849935317,0.0,0.0
2015-03-12,114.38324737548828,0.0007593585636267,7.142856835372857e-07,0.0,,0.09573091849935317,0.0,0.0
2015-03-13,115.94538879394533,0.0136570822589865,9.126984144723572e-07,0.0,,0.09573091849935317,0.0,0.0
2015-03-16,117.68109130859376,0.0149700003829653,1.1904761638669722e-06,0.0,,0.09573091849935317,0.0,0.0
2015-03-17,116.11895751953124,-0.0132742972697811,1.90476192131875e-06,0.0,,0.09573091849935317,0.0,0.0
2015-03-18,117.9414520263672,0.0156950643182394,1.5079364594485992e-06,0.0,,0.09573091849935317,0.0,0.0
2015-03-19,125.83892822265624,0.0669609883599149,3.9682538795565474e-07,0.0,,0.09573091849935317,0.0,0.0
2015-03-20,123.75606536865234,-0.0165518165437529,1.1904762008242065e-07,0.0,,0.09573091849935317,0.0,0.0
2015-03-23,126.01251220703124,0.0182330201890084,1.1904762008242065e-07,0.0,,0.09573091849935317,0.0,0.0
2015-03-24,124.10323333740234,-0.0151515023086918,5.952380819334841e-07,0.0,,0.09573091849935317,0.0,0.0
2015-03-25,123.84284973144533,-0.0020981210477337,7.142856835372857e-07,0.0,,0.09573091849935317,0.0,0.0
2015-03-26,122.1939468383789,-0.013314477958494,1.1111111454074327e-06,0.0,,0.09573091849935317,0.0,0.0
2015-03-27,123.14857482910156,0.0078124000036212,1.1904761638669722e-06,0.0,,0.09573091849935317,0.0,0.0
2015-03-30,125.5785675048828,0.0197322029845123,9.126984144723572e-07,0.0,,0.09573091849935317,0.0,0.0
2015-03-31,127.74822235107422,0.0172772702324945,9.92063506846389e-07,0.0,,0.09573091849935317,0.0,0.0
2015-04-01,128.44248962402344,0.005434653102579,1.309523802428016e-06,0.0,,0.09573091849935317,0.0,0.0
2015-04-02,130.00462341308594,0.0121621263620408,3.9682538795565474e-07,0.0,,0.09573091849935317,0.0,0.0
2015-04-08,134.08355712890625,0.0313752973450769,7.142856835372857e-07,0.0,,0.09573091849935317,0.0,0.0
2015-04-09,138.7699737548828,0.0349514640447008,7.936507759113135e-07,0.0,,0.09573091849935317,0.0,0.0
2015-04-10,140.41888427734375,0.0118823292809258,5.952380819334841e-07,0.0,,0.09573091849935317,0.0,0.0
2015-04-13,148.4031524658203,0.0568603591288099,1.9841269397782539e-07,0.0,,0.09573091849935317,0.0,0.0
2015-04-14,139.89817810058594,-0.0573099305770692,3.9682538795565474e-07,0.0,,1.0,0.0,0.5806577326200636
2015-04-15,136.77392578125,-0.0223323302830263,5.952380819334841e-07,0.0,,1.0,0.0,0.635442330992347
2015-04-16,138.8567657470703,0.0152283408838576,3.9682538795565474e-07,1.0,,,1.0,0.635442330992347
2015-04-17,137.81533813476562,-0.0075000134613654,5.158730265167024e-07,1.0,,,1.0,0.6116150321987827
2015-04-20,132.86856079101562,-0.0358942437808532,5.158730265167024e-07,1.0,,,1.0,0.7610199176431242
2015-04-21,138.07569885253906,0.0391901442336954,7.936507759113135e-07,1.0,,,1.0,0.7536120629813988
2015-04-22,141.199951171875,0.0226270976377425,7.936507759113135e-07,1.0,,,1.0,0.7610199176431242
2015-04-23,139.63784790039062,-0.0110630581563226,7.936507759113135e-07,1.0,,,1.0,0.7142872217729158
2015-04-24,140.2453155517578,0.0043503080325366,5.952380819334841e-07,1.0,,,1.0,0.7096819968814405
2015-04-27,141.11317443847656,0.0061881488397983,5.158730265167024e-07,1.0,,,1.0,0.7182328755431187
2015-04-28,141.98101806640625,0.0061499830287501,5.158730265167024e-07,1.0,,,1.0,0.03781912190779264
2015-04-29,142.50177001953125,0.0036677575651797,1.1904762008242065e-07,1.0,,,1.0,0.0
2015-04-30,139.63784790039062,-0.0200974494474566,1.9841269397782539e-07,0.0,,0.09573091849935317,0.0,0.012160836487306542
2015-05-04,137.1210479736328,-0.0180237662252797,1.1904762008242065e-07,0.0,,0.2792207792207792,0.0,0.05463776249317157
2015-05-05,136.77392578125,-0.0025315018920331,3.17460332538873e-07,0.0,,0.09573091849935317,0.0,0.0
2015-05-06,135.38531494140625,-0.0101525991296369,3.9682538795565474e-07,0.0,,0.09573091849935317,0.0,0.0
2015-05-07,132.78176879882812,-0.0192306391849435,1.9841269397782539e-07,0.0,,0.09573091849935317,0.0,0.0
2015-05-08,133.64962768554688,0.0065359792580681,1.1904762008242065e-07,0.0,,0.09573091849935317,0.0,0.0
2015-05-11,137.64178466796875,0.0298703187697213,1.9841269397782539e-07,0.0,,0.09573091849935317,0.0,0.0
2015-05-12,136.25318908691406,-0.0100884741098379,5.158730265167024e-07,0.0,,0.09573091849935317,0.0,0.0
2015-05-13,136.07958984375,-0.0012740930640039,3.9682538795565474e-07,0.0,,0.09573091849935317,0.0,0.0
2015-05-14,139.9849853515625,0.028699348023438,3.9682538795565474e-07,0.0,,0.09573091849935317,0.0,0.0
2015-05-15,141.1946563720703,0.0086414340614446,3.9682538795565474e-07,0.0,,0.09573091849935317,0.0,0.0
2015-05-18,140.15069580078125,-0.0073937682778735,3.17460332538873e-07,0.0,,0.09573091849935317,0.0,0.0
2015-05-19,140.4116973876953,0.0018622924804103,3.9682538795565474e-07,0.0,,0.09573091849935317,0.0,0.0
2015-05-20,137.975830078125,-0.0173480369149342,5.158730265167024e-07,0.0,,0.09573091849935317,0.0,0.0
2015-05-21,136.4098663330078,-0.0113495511803082,5.158730265167024e-07,0.0,,0.09573091849935317,0.0,0.0
2015-05-22,138.14979553222656,0.0127551565439643,3.9682538795565474e-07,0.0,,0.09573091849935317,0.0,0.0
2015-05-26,138.14979553222656,0.0,3.9682538795565474e-07,0.0,,0.09573091849935317,0.0,0.0
2015-05-27,137.36680603027344,-0.0056676848412017,5.158730265167024e-07,0.0,,0.09573091849935317,0.0,0.0
2015-05-28,135.0179443359375,-0.0170991942101229,1.1904762008242065e-07,0.0,,0.09573091849935317,0.0,0.0
2015-05-29,135.4529266357422,0.0032216628829899,1.1904762008242065e-07,0.0,,0.09573091849935317,0.0,0.0
2015-06-01,135.80091857910156,0.0025690987415516,3.17460332538873e-07,0.0,,0.09573091849935317,0.0,0.0
2015-06-02,136.7578582763672,0.0070466364092245,3.9682538795565474e-07,0.0,,0.09573091849935317,0.0,0.0
2015-06-03,137.5408477783203,0.0057253711912541,3.9682538795565474e-07,0.0,,0.09573091849935317,0.0,0.0
2015-06-04,137.2798309326172,-0.0018977405615807,1.9841269397782539e-07,0.0,,0.09573091849935317,0.0,0.0
2015-06-05,134.58297729492188,-0.0196449370557503,3.9682538795565474e-07,0.0,,0.09573091849935317,0.0,0.0
2015-06-08,134.93093872070312,0.0025854787341992,3.9682538795565474e-07,0.0,,0.09573091849935317,0.0,0.0
2015-06-09,134.84396362304688,-0.0006445897322057,5.158730265167024e-07,0.0,,0.09573091849935317,0.0,0.0
2015-06-10,133.27801513671875,-0.0116130410605972,5.158730265167024e-07,0.0,,0.09573091849935317,0.0,0.0
2015-06-11,134.23497009277344,0.0071801411138441,3.17460332538873e-07,0.0,,0.09573091849935317,0.0,0.0
2015-06-12,136.7578582763672,0.0187945673310769,1.9841269397782539e-07,0.0,,0.09573091849935317,0.0,0.0
2015-06-15,135.0179443359375,-0.0127225883935209,1.1904762008242065e-07,0.0,,0.09573091849935317,0.0,0.0
2015-06-16,134.06097412109375,-0.0070877261504049,3.17460332538873e-07,0.0,,0.09573091849935317,0.0,0.0
2015-06-17,134.23497009277344,0.0012978868221749,1.1904762008242065e-07,0.0,,0.09573091849935317,0.0,0.0
2015-06-18,134.23497009277344,0.0,1.1904762008242065e-07,0.0,,0.09573091849935317,0.0,0.0
2015-06-19,134.14797973632812,-0.0006480454116032,1.1904762008242065e-07,0.0,,0.09573091849935317,0.0,0.0
2015-06-22,136.5838623046875,0.0181581755695998,1.1904762008242065e-07,0.0,,0.09573091849935317,0.0,0.0
2015-06-23,137.5408477783203,0.0070065779183927,3.17460332538873e-07,0.0,,0.09573091849935317,0.0,0.0
2015-06-24,142.41259765625,0.0354203857008477,1.9841269397782539e-07,0.0,,0.09573091849935317,0.0,0.0
2015-06-25,140.93368530273438,-0.0103847017599199,1.9841269397782539e-07,0.0,,0.09573091849935317,0.0,0.0
2015-06-26,139.1067657470703,-0.0129629729878966,1.9841269397782539e-07,0.0,,0.09573091849935317,0.0,0.0
2015-06-29,133.19100952148438,-0.0425267325698752,1.9841269397782539e-07,0.0,,0.2792207792207792,0.0,0.12709295135176046
2015-06-30,134.58297729492188,0.0104509139050632,3.9682538795565474e-07,0.0,,0.2792207792207792,0.0,0.14624171527870766
2015-07-02,136.14886474609375,0.0116351078170935,1.1904762008242065e-07,0.0,,0.2792207792207792,0.0,0.14624171527870766
2015-07-03,134.93093872070312,-0.0089455466827575,1.1904762008242065e-07,0.0,,0.2792207792207792,0.0,0.12791458260247168
2015-07-06,127.4492645263672,-0.0554481741939291,1.9841269397782539e-07,0.0,,1.0,0.0,0.7421176042571873
2015-07-07,125.88333892822266,-0.0122866585693053,3.9682538795565474e-07,1.0,,,1.0,0.6928951490291667
2015-07-08,117.2707290649414,-0.0684173929338819,3.9682538795565474e-07,1.0,,,1.0,1.0
2015-07-09,127.01429748535156,0.0830861076596056,3.17460332538873e-07,1.0,,,1.0,0.9819058287081726
2015-07-10,129.5371856689453,0.0198630251360851,3.17460332538873e-07,1.0,,,1.0,0.9983384239022403
2015-07-13,130.92913818359375,0.010745582494017,3.17460332538873e-07,1.0,,,1.0,1.0
2015-07-14,131.9730682373047,0.0079732446741311,3.9682538795565474e-07,1.0,,,1.0,1.0
2015-07-15,130.49417114257812,-0.0112060522232256,5.158730265167024e-07,1.0,,,1.0,0.992768580281209
2015-07-16,130.49417114257812,0.0,3.9682538795565474e-07,1.0,,,1.0,0.9859532131236715
2015-07-17,133.62600708007812,0.0239998147815978,5.158730265167024e-07,1.0,,,1.0,0.9970134465695526
2015-07-20,135.27894592285156,0.0123698887581282,9.126984144723572e-07,1.0,,,1.0,0.8144449194991141
2015-07-21,136.2358856201172,0.0070738257955629,1.1904761638669722e-06,1.0,,,1.0,0.8381851678031997
2015-07-22,134.40895080566406,-0.0134100850604618,1.1904761638669722e-06,1.0,,,1.0,0.0
2015-07-23,134.40895080566406,0.0,1.1904761638669722e-06,1.0,,,1.0,0.0
2015-07-24,131.79908752441406,-0.0194173324440534,1.1904761638669722e-06,0.0,,0.09573091849935317,0.0,0.0
2015-07-27,126.66629791259766,-0.0389440451237238,1.1111111454074327e-06,0.0,,0.2792207792207792,0.0,0.09416650071690387
2015-07-28,127.4492645263672,0.0061813333670635,1.7063492642981665e-06,0.0,,0.2792207792207792,0.0,0.09416650071690387
2015-07-29,125.62235260009766,-0.0143344250204879,1.7857143566721944e-06,0.0,,0.2792207792207792,0.0,0.10501989419931794
2015-07-30,124.2304229736328,-0.0110802703313149,2.3809523277339444e-06,0.0,,0.2792207792207792,0.0,0.07244973695624732
2015-07-31,125.88333892822266,0.0133052429109146,2.3015872353599167e-06,0.0,,0.2792207792207792,0.0,0.07244973695624732
2015-08-03,125.27438354492188,-0.0048374581456566,2.5000000402094805e-06,0.0,,0.2792207792207792,0.0,0.042074404382377674
2015-08-04,124.4044189453125,-0.0069444732034735,2.9761905944536585e-06,0.0,,0.09573091849935317,0.0,0.0
2015-08-05,123.88243865966795,-0.0041958339588724,2.9761905944536585e-06,0.0,,0.09573091849935317,0.0,0.01295023156069927
2015-08-06,122.57748413085938,-0.0105338136940746,1.1111111454074327e-06,0.0,,0.09573091849935317,0.0,0.0
2015-08-07,123.62145233154295,0.0085168023155792,2.182539670713361e-06,0.0,,0.09573091849935317,0.0,0.0
2015-08-10,124.2304229736328,0.0049260919573783,2.5793649847545317e-06,0.0,,0.09573091849935317,0.0,0.0
2015-08-11,122.49050903320312,-0.0140055382472533,3.888888787182548e-06,0.0,,0.09573091849935317,0.0,0.0
2015-08-12,117.35773468017578,-0.0419034453651916,3.571428713344389e-06,0.0,,0.2792207792207792,0.0,0.04901598368060348
2015-08-13,125.3613510131836,0.0681984562399686,3.2936506682918174e-06,0.0,,0.2792207792207792,0.0,0.05947374626890243
2015-08-14,124.75240325927734,-0.0048575398157779,3.1746031036452616e-06,0.0,,0.2792207792207792,0.0,0.04045069968727365
2015-08-17,123.53445434570312,-0.0097629294647166,2.3809523277339444e-06,0.0,,0.2792207792207792,0.0,0.035206948753372116
2015-08-18,121.2725601196289,-0.0183098248828983,3.373015908494825e-06,0.0,,0.2792207792207792,0.0,0.05575937753995555
2015-08-19,121.446533203125,0.0014345626358054,1.5873015518226308e-06,0.0,,0.2792207792207792,0.0,0.0774882188382527
2015-08-20,118.4886703491211,-0.0243552679190663,5.952380819334841e-07,0.0,,0.2792207792207792,0.0,0.13814944508314422
2015-08-21,114.31287384033205,-0.0352421585665977,7.936507759113135e-07,0.0,,0.2792207792207792,0.0,0.2404598691261905
2015-08-24,108.74512481689452,-0.0487062291095432,5.952380819334841e-07,0.0,,0.5106382978723404,0.0,0.4590593241586652
2015-08-25,113.8778839111328,0.0471999007116947,2.103174578339333e-06,0.0,,0.5106382978723404,0.0,0.5221935992363272
2015-08-26,111.87696838378906,-0.017570712228067,2.182539670713361e-06,0.0,,0.5106382978723404,0.0,0.34171984913796055
2015-08-27,115.00882720947266,0.0279937762966537,1.984127013692778e-06,0.0,,0.5106382978723404,0.0,0.42730879063970095
2015-08-28,113.70388793945312,-0.0113464270672264,1.984127013692778e-06,0.0,,0.5106382978723404,0.0,0.39017290033936497
2015-08-31,114.66085815429688,0.0084163367865954,1.1904762008242065e-07,0.0,,0.5106382978723404,0.0,0.4626564164941012
2015-09-01,110.65901947021484,-0.0349015239245534,1.5079364594485992e-06,0.0,,1.0,0.0,0.5645591772755644
2015-09-02,110.8330307006836,0.0015724992983114,9.92063506846389e-07,0.0,,1.0,0.0,0.5645591772755644
2015-09-04,110.8330307006836,0.0,9.92063506846389e-07,0.0,,1.0,0.0,0.6178827175837701
2015-09-07,109.96305084228516,-0.0078494637645334,9.92063506846389e-07,0.0,,0.5106382978723404,0.0,0.4870452616572242
2015-09-08,112.57294464111328,0.0237342796406347,9.92063506846389e-07,0.0,,0.09573091849935317,0.0,0.0
2015-09-09,116.22679138183594,0.0324575922960108,1.3888888948020476e-06,0.0,,0.09573091849935317,0.0,0.0
2015-09-10,111.87696838378906,-0.0374253039796698,5.952380819334841e-07,0.0,,0.2792207792207792,0.0,0.267874191700022
2015-09-11,110.8330307006836,-0.0093311223765403,9.126984144723572e-07,0.0,,0.2792207792207792,0.0,0.2348169863955571
2015-09-14,111.18099975585938,0.0031395789953223,9.92063506846389e-07,0.0,,0.2792207792207792,0.0,0.26603954035566657
2015-09-15,114.13887786865234,0.0266041690512599,2.3015872353599167e-06,0.0,,0.2792207792207792,0.0,0.26603954035566657
2015-09-16,117.792724609375,0.0320122889671947,2.103174578339333e-06,0.0,,0.2217842914777577,0.0,0.023252253714783608
2015-09-17,116.83575439453124,-0.0081241877884842,1.1904762008242065e-07,0.0,,0.25,0.0,0.02761601740395747
2015-09-18,117.70570373535156,0.0074459170938605,3.9682538795565474e-07,0.0,,0.2792207792207792,0.0,0.04649967255249787
2015-09-21,116.40077209472656,-0.0110863925809321,5.158730265167024e-07,0.0,,0.2792207792207792,0.0,0.07155476695161589
2015-09-22,114.8348388671875,-0.0134529453659011,1.1904762008242065e-07,0.0,,0.2792207792207792,0.0,0.10136982674833428
2015-09-23,113.8778839111328,-0.0083333156165392,1.1904762008242065e-07,0.0,,0.2792207792207792,0.0,0.13564473433148816
2015-09-24,113.70388793945312,-0.0015279171486489,1.9841269397782539e-07,0.0,,0.2792207792207792,0.0,0.16809741478918117
2015-09-25,113.96487426757812,0.0022953157790344,7.936507759113135e-07,0.0,,0.2792207792207792,0.0,0.2010846538745681
2015-09-29,110.74600982666016,-0.0282443556543606,1.1904762008242065e-07,0.0,,0.2792207792207792,0.0,0.24361503856195954
2015-09-30,112.4859390258789,0.0157109877091019,1.9841269397782539e-07,0.0,,0.46153846153846156,0.0,0.28679848589885815
2015-10-02,117.87969207763672,0.0479504647289019,3.17460332538873e-07,0.0,,0.5,0.0,0.32496591830367016
2015-10-05,121.53353118896484,0.030996340819432,3.17460332538873e-07,0.0,,0.5106382978723404,0.0,0.35633788622577267
2015-10-06,121.446533203125,-0.0007158352512984,1.9841269397782539e-07,0.0,,0.5106382978723404,0.0,0.3880733492630384
2015-10-07,123.53445434570312,0.0171921016393772,1.9841269397782539e-07,0.0,,0.5106382978723404,0.0,0.41330043815764217
2015-10-08,123.62145233154295,0.0007042406614463,1.1904762008242065e-07,0.0,,0.5106382978723404,0.0,0.4292732798156118
2015-10-09,123.44745635986328,-0.0014074901111259,1.1904762008242065e-07,0.0,,0.5106382978723404,0.0,0.44755063537069706
2015-10-12,125.27438354492188,0.0147992290722693,3.9682538795565474e-07,0.0,,0.5106382978723404,0.0,0.4502975494384301
2015-10-13,124.3174285888672,-0.0076388718026421,1.9841269397782539e-07,0.0,,0.5106382978723404,0.0,0.4393531382496833
2015-10-14,124.05641174316406,-0.0020995997799018,3.9682538795565474e-07,0.0,,0.5106382978723404,0.0,0.4368227767288238
2015-10-15,126.1443328857422,0.0168304170114221,1.9841269397782539e-07,0.0,,0.5106382978723404,0.0,0.4500669406556567
2015-10-16,127.5362548828125,0.0110343601272286,1.9841269397782539e-07,0.0,,0.5,0.0,0.3290168856462043
2015-10-19,127.97126007080078,0.00341083551801,1.9841269397782539e-07,0.0,,0.5106382978723404,0.0,0.35428134759982816
2015-10-20,127.79727172851562,-0.0013595891936118,3.9682538795565474e-07,0.0,,0.5106382978723404,0.0,0.45701067360904607
2015-10-22,127.2752914428711,-0.0040844399773525,1.9841269397782539e-07,0.0,,0.5106382978723404,0.0,0.5210129257543983
2015-10-23,129.79818725585938,0.019822353454368,1.1904762008242065e-07,0.0,,0.5106382978723404,0.0,0.448094264590458
2015-10-26,129.62417602539062,-0.0013406291270134,3.17460332538873e-07,0.0,,0.5601862535736339,0.0,0.5252441980987888
2015-10-27,129.711181640625,0.0006712144130993,3.9682538795565474e-07,0.0,,0.5106382978723404,0.0,0.5167250395965839
2015-10-28,130.32012939453125,0.0046946434856587,1.3888888948020476e-06,0.0,,0.5106382978723404,0.0,0.479966056122217
2015-10-29,128.7541961669922,-0.0120160502818282,2.103174578339333e-06,0.0,,0.5290791608359325,0.0,0.5246179185399513
2015-10-30,127.5362548828125,-0.0094594298317084,2.698412845059044e-06,0.0,,0.5861255717007701,0.0,0.5257664347748481
2015-11-02,128.31922912597656,0.0061392287540786,2.103174578339333e-06,0.0,,0.5106382978723404,0.0,0.5022947816686131
2015-11-03,130.92913818359375,0.0203391890318709,2.3015872353599167e-06,0.0,,0.5106382978723404,0.0,0.47277056368937403
2015-11-04,133.10401916503906,0.0166111303535474,2.182539670713361e-06,0.0,,0.5106382978723404,0.0,0.4276649684267663
2015-11-05,132.4950714111328,-0.0045749764562045,1.5873015518226308e-06,0.0,,0.5106382978723404,0.0,0.47361062080766514
2015-11-06,134.40895080566406,0.0144449100947496,2.896825354250651e-06,0.0,,0.5106382978723404,0.0,0.40368904507000264
2015-11-09,132.23403930664062,-0.016181299578538,2.9761905944536585e-06,0.0,,0.5106382978723404,0.0,0.3883020104060265
2015-11-10,130.8421173095703,-0.0105262003971802,4.96031746031746e-06,0.0,,0.5106382978723404,0.0,0.3944223142030978
2015-11-11,131.79908752441406,0.0073139309766714,4.880952515772409e-06,0.0,,0.5,0.0,0.3359275860101893
2015-11-12,134.84396362304688,0.0231024065175624,4.880952515772409e-06,0.0,,0.46153846153846156,0.0,0.29911061783706194
2015-11-13,132.40806579589844,-0.0180645670870216,4.484126906073282e-06,0.0,,0.5,0.0,0.32949770607833884
2015-11-16,129.711181640625,-0.0203679748591039,3.888888787182548e-06,0.0,,0.46153846153846156,0.0,0.30369638453113135
2015-11-17,131.5380859375,0.0140844010035818,5.357143070016588e-06,0.0,,0.2792207792207792,0.0,0.23542975465271362
2015-11-18,131.7120819091797,0.0013227801700137,4.880952515772409e-06,0.0,,0.2792207792207792,0.0,0.21142563550101148
2015-11-19,133.19100952148438,0.0112284886159832,3.492063473141381e-06,0.0,,0.2792207792207792,0.0,0.19221106360443416
2015-11-20,134.93093872070312,0.013063413254917,3.690476277990945e-06,0.0,,0.2792207792207792,0.0,0.18009410103104748
2015-11-23,135.27894592285156,0.0025791505302485,4.166666536577163e-06,0.0,,0.2792207792207792,0.0,0.12353502999854468
2015-11-24,135.80091857910156,0.0038584914503079,6.071428457895913e-06,0.0,,0.2792207792207792,0.0,0.100788939357939
2015-11-25,136.0618896484375,0.0019217179976873,6.944444326181258e-06,0.0,,0.2792207792207792,0.0,0.05602714189576434
2015-11-26,135.4529266357422,-0.0044756324806951,6.944444326181258e-06,0.0,,0.2792207792207792,0.0,0.03761488315265033
2015-11-27,133.27801513671875,-0.0160565855093863,6.349206207290528e-06,0.0,,0.2792207792207792,0.0,0.03503408495627733
2015-11-30,134.23497009277344,0.0071801411138441,6.746031816989654e-06,0.0,,0.12849253374060748,0.0,0.017310731446416438
2015-12-01,134.23497009277344,0.0,8.055555323759714e-06,0.0,,0.09573091849935317,0.0,0.0007122998551263046
2015-12-02,133.71298217773438,-0.003888613486324,7.93650805477112e-06,0.0,,0.09573091849935317,0.0,0.0
2015-12-03,134.3219757080078,0.0045544831949373,7.85714281456811e-06,0.0,,0.09573091849935317,0.0,0.0
2015-12-04,131.3640899658203,-0.0220208623838099,8.134920563962722e-06,0.0,,0.09573091849935317,0.0,0.0
2015-12-07,131.277099609375,-0.0006622080392589,9.325396801744186e-06,0.0,,0.09573091849935317,0.0,0.0
2015-12-08,130.23313903808594,-0.007952343359165,1.0634920899830168e-05,0.0,,0.09573091849935317,0.0,0.0
2015-12-09,131.1031036376953,0.006680055522235,9.722222411443312e-06,0.0,,0.09573091849935317,0.0,0.0
2015-12-10,130.8421173095703,-0.0019906952687118,9.126984292552583e-06,0.0,,0.09573091849935317,0.0,0.0
2015-12-11,128.40623474121094,-0.0186169607955526,8.452380933458842e-06,0.0,,0.09573091849935317,0.0,0.0
2015-12-14,127.4492645263672,-0.0074526771754689,7.85714281456811e-06,0.0,,0.09573091849935317,0.0,0.0
2015-12-15,128.31922912597656,0.0068259679868876,9.92063492063492e-06,0.0,,0.09573091849935317,0.0,0.0
2015-12-16,132.06007385253906,0.0291526433882325,9.325396801744186e-06,0.0,,0.09573091849935317,0.0,0.0
2015-12-17,131.88607788085938,-0.0013175516763225,8.452380933458842e-06,0.0,,0.09573091849935317,0.0,0.0
2015-12-18,131.62509155273438,-0.0019788770150611,6.944444326181258e-06,0.0,,0.09573091849935317,0.0,0.0
2015-12-21,130.75511169433594,-0.0066095289897663,6.071428457895913e-06,0.0,,0.09573091849935317,0.0,0.0
2015-12-22,131.1900634765625,0.0033264610200733,7.658730305376503e-06,0.0,,0.09573091849935317,0.0,0.0
2015-12-23,132.40806579589844,0.0092842574129368,7.539682445071992e-06,0.0,,0.09573091849935317,0.0,0.0
2015-12-24,132.06007385253906,-0.0026281778324274,7.261904695677376e-06,0.0,,0.09573091849935317,0.0,0.0
2015-12-28,131.277099609375,-0.0059289247713002,7.539682445071992e-06,0.0,,0.09573091849935317,0.0,0.0
2015-12-29,131.1900634765625,-0.0006629955496539,8.531746173661852e-06,0.0,,0.09573091849935317,0.0,0.0
2015-12-30,131.1031036376953,-0.0006628538516008,7.738094954263595e-06,0.0,,0.09573091849935317,0.0,0.0
2015-12-31,132.6690673828125,0.0119445207753794,5.87301594870431e-06,0.0,,0.09573091849935317,0.0,0.0
2016-01-04,129.711181640625,-0.0222952177213442,6.150793698098924e-06,0.0,,0.12192393736017897,0.0,0.0
2016-01-05,128.2322235107422,-0.0114019324408005,8.134920563962722e-06,0.0,,0.12192393736017897,0.0,0.0
2016-01-06,127.01429748535156,-0.0094978156975387,8.134920563962722e-06,0.0,,0.12192393736017897,0.0,0.0
2016-01-07,121.96853637695312,-0.0397259301377497,7.539682445071992e-06,0.0,,0.2288135593220339,0.0,0.1183417482551133
2016-01-08,124.05641174316406,0.0171181472552741,7.539682445071992e-06,0.0,,0.2288135593220339,0.0,0.1183417482551133
2016-01-11,120.05460357666016,-0.0322579712751075,6.944444326181258e-06,0.0,,0.2288135593220339,0.0,0.2701028619177996
2016-01-12,118.40169525146484,-0.0137679712060342,8.333333073154326e-06,0.0,,0.2288135593220339,0.0,0.2541993121054266
2016-01-13,119.53262329101562,0.0095516203306793,8.531746173661852e-06,0.0,,0.2288135593220339,0.0,0.2603330576153445
2016-01-14,119.27164459228516,-0.0021833261208957,9.523809310935788e-06,0.0,,0.2288135593220339,0.0,0.24739856293062798
2016-01-15,119.18463897705078,-0.0007294744323497,8.849206543157968e-06,0.0,,0.2288135593220339,0.0,0.24051647656431796
2016-01-18,118.31468963623048,-0.0072991733522623,8.849206543157968e-06,0.0,,0.2288135593220339,0.0,0.21405724693457567
2016-01-19,121.62054443359376,0.0279412033072767,9.126984292552583e-06,0.0,,0.2288135593220339,0.0,0.25986200483644845
2016-01-20,117.792724609375,-0.0314734639780271,1.0039682189623516e-05,0.0,,0.32142857142857145,0.0,0.3947686097473661
2016-01-21,115.7917938232422,-0.0169868792216861,1.0833333409021768e-05,0.0,,0.2288135593220339,0.0,0.11611872186721589
2016-01-22,120.9245834350586,0.0443277493364655,1.1428570936596582e-05,0.0,,0.2222222222222222,0.0,0.10491499025572233
2016-01-25,125.53536224365234,0.0381293751660507,1.0912698649224782e-05,0.0,,0.12192393736017897,0.0,0.0
2016-01-26,123.3604507446289,-0.0173250903980516,1.190476237781464e-05,0.0,,0.12192393736017897,0.0,0.006573101037681273
2016-01-27,122.22949981689452,-0.0091678566421226,1.190476237781464e-05,0.0,,0.12192393736017897,0.0,0.011790254187178384
2016-01-28,123.18646240234376,0.0078292276977556,1.2619047174378049e-05,0.0,,0.12192393736017897,0.0,0.018108223119335243
2016-01-29,126.05734252929688,0.0233051592761583,1.190476237781464e-05,0.0,,0.12192393736017897,0.0,0.01823073033617284
2016-02-01,127.88426208496094,0.0144927659032592,1.1706348685991194e-05,0.0,,0.12192393736017897,0.0,0.02184207865208787
2016-02-02,126.66629791259766,-0.0095239566816605,1.3095238615596102e-05,0.0,,0.2,0.0,0.030840572588812787
2016-02-03,123.18646240234376,-0.0274724655855581,1.3214285884584698e-05,0.0,,0.21428571428571427,0.0,0.04370370219354491
2016-02-04,123.44745635986328,0.0021186902556473,1.1230158427404976e-05,0.0,,0.21428571428571427,0.0,0.05753854471063802
2016-02-05,125.18736267089844,0.0140943066980914,1.1031745918213372e-05,0.0,,0.21428571428571427,0.0,0.07171352143100496
2016-02-11,118.22769165039062,-0.0555940381842207,1.0833333409021768e-05,0.0,,0.9230769230769231,0.0,0.6019137936355627
2016-02-12,115.96578979492188,-0.0191317433664981,1.0714286140033176e-05,1.0,,,1.0,0.6084446554614633
2016-02-15,120.22859954833984,0.0367592008035859,1.0714286140033176e-05,1.0,,,1.0,0.6454548514523143
2016-02-16,121.18556213378906,0.0079595253462505,1.0833333409021768e-05,1.0,,,1.0,0.6454548514523143
2016-02-17,120.22859954833984,-0.0078966715885901,1.1626984628420029e-05,1.0,,,1.0,0.611014390366065
2016-02-18,123.79542541503906,0.0296670333023809,1.1428570936596582e-05,1.0,,,1.0,0.611014390366065
2016-02-19,122.83847045898438,-0.0077301318109807,1.1230158427404976e-05,1.0,,,1.0,0.6143772910314335
2016-02-22,123.27345275878906,0.0035410917946094,1.1626984628420029e-05,1.0,,,1.0,0.5607769801705512
2016-02-23,123.44745635986328,0.0014115253299078,1.2619047174378049e-05,1.0,,,1.0,0.5607769801705512
2016-02-24,122.14251708984376,-0.0105708072770286,1.2499999905389453e-05,0.0,,0.33262296543705894,0.0,0.5336017645817999
2016-02-25,120.9245834350586,-0.0099714144083775,1.2301587396197849e-05,0.0,,0.2288135593220339,0.0,0.19742607700908188
2016-02-26,124.1434097290039,0.0266184608828854,1.2023809646803232e-05,0.0,,0.2288135593220339,0.0,0.20093770332959338
2016-02-29,123.44745635986328,-0.0056060436124627,1.2222222155994836e-05,0.0,,0.2288135593220339,0.0,0.20339822613823166
2016-03-01,125.70933532714844,0.0183226048877955,1.2698412414581057e-05,0.0,,0.2288135593220339,0.0,0.19509801345840516
2016-03-02,129.0151824951172,0.0262975471102886,1.2023809646803232e-05,0.0,,0.2288135593220339,0.0,0.19412178668888141
2016-03-03,128.40623474121094,-0.0047199697130939,1.0436508390638564e-05,0.0,,0.2288135593220339,0.0,0.2075963061812347
2016-03-04,128.05824279785156,-0.0027100860332889,1.0515872448209727e-05,0.0,,0.2288135593220339,0.0,0.20865744162989586
2016-03-07,127.4492645263672,-0.0047554788991261,1.0515872448209727e-05,0.0,,0.2288135593220339,0.0,0.20855835666872435
2016-03-08,127.2752914428711,-0.0013650379556338,1.2103174887006245e-05,0.0,,0.2288135593220339,0.0,0.20981146925802774
2016-03-09,126.7533187866211,-0.0041011311019805,1.1428570936596582e-05,0.0,,0.2288135593220339,0.0,0.21361632878367676
2016-03-10,126.1443328857422,-0.0048044966925407,1.2023809646803232e-05,0.0,,0.2288135593220339,0.0,0.2185961144131987
2016-03-11,128.84121704101562,0.0213793524732988,1.2222222155994836e-05,0.0,,0.2288135593220339,0.0,0.219560353283339
2016-03-14,133.36502075195312,0.0351114636669209,1.2222222155994836e-05,0.0,,0.2288135593220339,0.0,0.21403998283501702
2016-03-15,131.62509155273438,-0.0130463684511012,1.2896824923772656e-05,0.0,,0.2288135593220339,0.0,0.21054560829007585
2016-03-16,131.277099609375,-0.0026438115959065,1.190476237781464e-05,0.0,,0.2288135593220339,0.0,0.2103822598969507
2016-03-17,132.4950714111328,0.0092778695247075,1.0912698649224782e-05,0.0,,0.2288135593220339,0.0,0.20477599159196336
2016-03-18,137.36680603027344,0.0367691761456063,1.1111111158416386e-05,0.0,,0.2288135593220339,0.0,0.1905227049919178
2016-03-21,137.5408477783203,0.0012669854754321,1.1428570936596582e-05,0.0,,0.2288135593220339,0.0,0.17396211050676014
2016-03-22,138.75877380371094,0.0088550132201714,1.1706348685991194e-05,0.0,,0.2288135593220339,0.0,0.12682043361643858
2016-03-23,138.93275451660156,0.0012538357620306,1.1626984628420029e-05,0.0,,0.2222222222222222,0.0,0.08744201822668533
2016-03-24,138.14979553222656,-0.0056355248055017,1.0912698649224782e-05,0.0,,0.21428571428571427,0.0,0.07199197813393045
2016-03-29,136.84487915039062,-0.0094456627808148,8.92857119204506e-06,0.0,,0.21428571428571427,0.0,0.051491456149350794
2016-03-30,137.62782287597656,0.0057213958640387,7.341269935880387e-06,0.0,,0.12192393736017897,0.0,0.024728293134879772
2016-03-31,137.80181884765625,0.0012642499753592,7.658730305376503e-06,0.0,,0.12192393736017897,0.0,0.006469213392191742
2016-04-01,137.88882446289062,0.0006313821977237,8.650793442650444e-06,0.0,,0.12192393736017897,0.0,0.0
2016-04-05,136.2358856201172,-0.0119874750489172,8.650793442650444e-06,0.0,,0.12192393736017897,0.0,0.0
2016-04-06,138.3237762451172,0.015325555491465,8.730158682853456e-06,0.0,,0.12192393736017897,0.0,0.0
2016-04-07,140.7596893310547,0.0176102269043099,8.730158682853456e-06,0.0,,0.12192393736017897,0.0,0.0
2016-04-08,139.19375610351562,-0.0111248698756084,8.650793442650444e-06,0.0,,0.12192393736017897,0.0,0.0
2016-04-11,138.75877380371094,-0.0031250130176901,8.333333073154326e-06,0.0,,0.12192393736017897,0.0,0.0
2016-04-12,139.19375610351562,0.0031348093376784,9.126984292552583e-06,0.0,,0.12192393736017897,0.0,0.0
2016-04-13,143.1085968017578,0.0281251171592122,8.849206543157968e-06,0.0,,0.12192393736017897,0.0,0.0
2016-04-14,143.54354858398438,0.0030393127453347,8.531746173661852e-06,0.0,,0.12192393736017897,0.0,0.0
2016-04-15,143.80455017089844,0.0018182745897588,8.333333073154326e-06,0.0,,0.12192393736017897,0.0,0.0
2016-04-18,144.1525421142578,0.0024198952185157,7.85714281456811e-06,0.0,,0.12192393736017897,0.0,0.0
2016-04-19,144.1525421142578,0.0,8.531746173661852e-06,0.0,,0.12192393736017897,0.0,0.0
2016-04-20,140.8466796875,-0.0229330844830855,8.650793442650444e-06,0.0,,0.12192393736017897,0.0,0.0
2016-04-21,142.2386016845703,0.0098825332635359,8.92857119204506e-06,0.0,,0.12192393736017897,0.0,0.0
2016-04-22,141.629638671875,-0.0042812781163706,8.92857119204506e-06,0.0,,0.12192393736017897,0.0,0.0
2016-04-25,139.1067657470703,-0.0178131706644372,9.4444446620487e-06,0.0,,0.12192393736017897,0.0,0.0
2016-04-26,140.7596893310547,0.0118824097096024,9.722222411443312e-06,0.0,,0.12192393736017897,0.0,0.0
2016-04-27,138.75877380371094,-0.0142151175301173,9.722222411443312e-06,0.0,,0.12192393736017897,0.0,0.0
2016-04-28,140.06370544433594,0.0094043180467344,8.333333073154326e-06,0.0,,0.12192393736017897,0.0,0.0
2016-04-29,138.2367706298828,-0.0130435990441448,7.658730305376503e-06,0.0,,0.12192393736017897,0.0,0.0
2016-05-03,135.10491943359375,-0.0226557028352053,8.055555323759714e-06,0.0,,0.12192393736017897,0.0,0.0
2016-05-04,134.40895080566406,-0.0051513196621368,7.85714281456811e-06,0.0,,0.12192393736017897,0.0,0.0
2016-05-05,133.27801513671875,-0.0084141395507244,7.261904695677376e-06,0.0,,0.12192393736017897,0.0,0.0
2016-05-06,133.88697814941406,0.004569118260582,7.142857426688782e-06,0.0,,0.12192393736017897,0.0,0.0
2016-05-09,134.93093872070312,0.0077973271614513,8.055555323759714e-06,0.0,,0.12192393736017897,0.0,0.0
2016-05-10,136.0618896484375,0.0083817020651977,9.642857171240303e-06,0.0,,0.12192393736017897,0.0,0.0
2016-05-11,136.14886474609375,0.0006392318810284,9.841269680431907e-06,0.0,,0.12192393736017897,0.0,0.0
2016-05-12,134.14797973632812,-0.0146963032963741,1.0238094698815115e-05,0.0,,0.12192393736017897,0.0,0.0
2016-05-13,134.93093872070312,0.0058365320589541,1.0238094698815115e-05,0.0,,0.12192393736017897,0.0,0.0
2016-05-16,139.1067657470703,0.0309478839023777,1.0238094698815115e-05,0.0,,0.12192393736017897,0.0,0.0
2016-05-17,141.7166290283203,0.0187615840770487,1.0634920899830168e-05,0.0,,0.12192393736017897,0.0,0.0
2016-05-18,140.15069580078125,-0.0110497493362343,1.0714286140033176e-05,0.0,,0.12192393736017897,0.0,0.0
2016-05-19,136.7578582763672,-0.024208495755432,1.150793617679959e-05,0.0,,0.12192393736017897,0.0,0.0
2016-05-20,138.33750915527344,0.0115507137857775,1.1825397137611633e-05,0.0,,0.12192393736017897,0.0,0.0
2016-05-23,138.86114501953125,0.0037852052379379,1.242063466518644e-05,0.0,,0.12192393736017897,0.0,0.0
2016-05-24,140.0830535888672,0.0087994994507936,1.3611110902967905e-05,0.0,,0.12192393736017897,0.0,0.0
2016-05-25,143.57424926757812,0.0249223270714624,1.2499999905389453e-05,0.0,,0.12192393736017897,0.0,0.0
2016-05-26,142.9632568359375,-0.0042555850701466,1.0912698649224782e-05,0.0,,0.12192393736017897,0.0,0.0
2016-05-27,149.4219207763672,0.0451770901375139,1.1825397137611633e-05,0.0,,0.12192393736017897,0.0,0.0
2016-05-30,148.2873077392578,-0.0075933506356641,1.1825397137611633e-05,0.0,,0.12192393736017897,0.0,0.0
2016-05-31,151.25477600097656,0.0200116133131003,1.1230158427404976e-05,0.0,,0.12192393736017897,0.0,0.0
2016-06-01,148.7236785888672,-0.0167339999372517,1.1706348685991194e-05,0.0,,0.12192393736017897,0.0,0.0
2016-06-02,148.54913330078125,-0.0011736213744985,1.0714286140033176e-05,0.0,,0.12192393736017897,0.0,0.0
2016-06-03,149.0728302001953,0.003525412015388,1.0714286140033176e-05,0.0,,0.12192393736017897,0.0,0.0
2016-06-06,151.69119262695312,0.0175643168727763,9.92063492063492e-06,0.0,,0.12192393736017897,0.0,0.0
2016-06-07,154.13502502441406,0.0161105754074393,1.0515872448209727e-05,0.0,,0.12192393736017897,0.0,0.0
2016-06-08,153.52403259277344,-0.0039640077363587,9.325396801744186e-06,0.0,,0.12192393736017897,0.0,0.0
2016-06-10,152.8258056640625,-0.0045479975800466,9.523809310935788e-06,0.0,,0.12192393736017897,0.0,0.0
2016-06-13,147.93817138671875,-0.031981734080222,9.722222411443312e-06,0.0,,0.12192393736017897,0.0,0.0
2016-06-14,146.89080810546875,-0.0070797365644876,1.0436508390638564e-05,0.0,,0.12192393736017897,0.0,0.0
2016-06-15,150.99293518066406,0.0279263701255558,1.0119047429826525e-05,0.0,,0.12192393736017897,0.0,0.0
2016-06-16,147.32720947265625,-0.0242774650590223,9.722222411443312e-06,0.0,,0.12192393736017897,0.0,0.0
2016-06-17,147.41452026367188,0.000592631811382,9.841269680431907e-06,0.0,,0.12192393736017897,0.0,0.0
2016-06-20,148.9855499267578,0.0106572246768901,9.841269680431907e-06,0.0,,0.12192393736017897,0.0,0.0
2016-06-21,150.90567016601562,0.0128879628943998,1.0515872448209727e-05,0.0,,0.12192393736017897,0.0,0.0
2016-06-22,154.5714111328125,0.02429160523103,1.0634920899830168e-05,0.0,,0.12192393736017897,0.0,0.0
2016-06-23,153.69857788085938,-0.0056467961672624,1.0912698649224782e-05,0.0,,0.12192393736017897,0.0,0.0
2016-06-24,151.69119262695312,-0.0130605323847712,9.4444446620487e-06,0.0,,0.12192393736017897,0.0,0.0
2016-06-27,149.16009521484375,-0.0166858561019688,9.325396801744186e-06,0.0,,0.12192393736017897,0.0,0.0
2016-06-28,148.81097412109375,-0.0023405797190404,1.0317459939018123e-05,0.0,,0.12192393736017897,0.0,0.0
2016-06-29,150.46929931640625,0.0111438367036227,1.0119047429826525e-05,0.0,,0.12192393736017897,0.0,0.0
2016-06-30,153.69857788085938,0.0214613783617254,9.841269680431907e-06,0.0,,0.12192393736017897,0.0,0.0
2016-07-04,156.14242553710938,0.0159002619929533,9.841269680431907e-06,0.0,,0.12192393736017897,0.0,0.0
2016-07-05,153.96041870117188,-0.0139744648415168,9.4444446620487e-06,0.0,,0.12192393736017897,0.0,0.0
2016-07-06,152.12759399414062,-0.0119045188529179,1.0436508390638564e-05,0.0,,0.12192393736017897,0.0,0.0
2016-07-07,153.87313842773438,0.0114742131112715,1.0714286140033176e-05,0.0,,0.12192393736017897,0.0,0.0
2016-07-08,154.484130859375,0.0039707543362259,1.0833333409021768e-05,0.0,,0.12192393736017897,0.0,0.0
2016-07-11,157.1024932861328,0.0169490705109462,1.0912698649224782e-05,0.0,,0.12192393736017897,0.0,0.0
2016-07-12,157.88800048828125,0.004999966491415,1.1706348685991194e-05,0.0,,0.12192393736017897,0.0,0.0
2016-07-13,158.14984130859375,0.0016583959484111,1.1825397137611633e-05,0.0,,0.12192393736017897,0.0,0.0
2016-07-14,160.1572723388672,0.0126932219069153,1.2023809646803232e-05,0.0,,0.12192393736017897,0.0,0.0
2016-07-15,161.2918701171875,0.0070842726137323,1.1825397137611633e-05,0.0,,0.12192393736017897,0.0,0.0
2016-07-18,161.4664764404297,0.0010825488173415,1.1428570936596582e-05,0.0,,0.12192393736017897,0.0,0.0
2016-07-19,159.98272705078125,-0.0091892101837983,1.2301587396197849e-05,0.0,,0.12192393736017897,0.0,0.0
2016-07-20,161.9901123046875,0.0125475124153189,1.2499999905389453e-05,0.0,,0.12192393736017897,0.0,0.0
2016-07-21,161.11732482910156,-0.0053879058614658,1.2023809646803232e-05,0.0,,0.12192393736017897,0.0,0.0
2016-07-22,161.64102172851562,0.0032504071177295,1.2023809646803232e-05,0.0,,0.12192393736017897,0.0,0.0
2016-07-25,164.0848388671875,0.0151187929433926,1.1825397137611633e-05,0.0,,0.12192393736017897,0.0,0.0
2016-07-26,162.60107421875,-0.0090426675534507,1.2222222155994836e-05,0.0,,0.12192393736017897,0.0,0.0
2016-07-27,164.95761108398438,0.014492750903134,1.1230158427404976e-05,0.0,,0.12192393736017897,0.0,0.0
2016-07-28,164.95761108398438,0.0,8.730158682853456e-06,0.0,,0.12192393736017897,0.0,0.0
2016-07-29,162.775634765625,-0.0132274970764972,9.523809310935788e-06,0.0,,0.12192393736017897,0.0,0.0
2016-08-01,161.03005981445312,-0.0107238098237815,9.4444446620487e-06,0.0,,0.12192393736017897,0.0,0.0
2016-08-02,161.03005981445312,0.0,1.1111111158416386e-05,0.0,,0.12192393736017897,0.0,0.0
2016-08-03,158.4116668701172,-0.0162602743074987,1.0634920899830168e-05,0.0,,0.12192393736017897,0.0,0.0
2016-08-04,159.3717498779297,0.0060606837033012,9.841269680431907e-06,0.0,,0.12192393736017897,0.0,0.0
2016-08-05,161.11732482910156,0.0109528505052425,9.92063492063492e-06,0.0,,0.12192393736017897,0.0,0.0
2016-08-08,164.7830352783203,0.0227518080573085,9.92063492063492e-06,0.0,,0.12192393736017897,0.0,0.0
2016-08-09,164.25936889648438,-0.0031779144069743,1.1626984628420029e-05,0.0,,0.12192393736017897,0.0,0.0
2016-08-10,164.0848388671875,-0.0010625270903534,1.0833333409021768e-05,0.0,,0.12192393736017897,0.0,0.0
2016-08-11,164.69577026367188,0.0037232653589578,1.0912698649224782e-05,0.0,,0.12192393736017897,0.0,0.0
2016-08-12,163.91024780273438,-0.0047695363376965,1.0436508390638564e-05,0.0,,0.12192393736017897,0.0,0.0
2016-08-15,166.7904510498047,0.0175718314484927,1.0912698649224782e-05,0.0,,0.12192393736017897,0.0,0.0
2016-08-16,170.54348754882812,0.0225015069831711,1.1428570936596582e-05,0.0,,0.12192393736017897,0.0,0.0
2016-08-17,168.4487762451172,-0.0122825640182314,1.1428570936596582e-05,0.0,,0.12192393736017897,0.0,0.0
2016-08-18,177.17669677734375,0.0518134991941181,1.130952366760799e-05,0.0,,0.12192393736017897,0.0,0.0
2016-08-19,176.1293487548828,-0.0059113192734208,1.1626984628420029e-05,0.0,,0.12192393736017897,0.0,0.0
2016-08-22,178.74774169921875,0.0148663068525842,1.1111111158416386e-05,0.0,,0.12192393736017897,0.0,0.0
2016-08-23,177.7003631591797,-0.0058595343923365,1.2103174887006245e-05,0.0,,0.12192393736017897,0.0,0.0
2016-08-24,175.4311065673828,-0.0127701291739292,1.2103174887006245e-05,0.0,,0.12192393736017897,0.0,0.0
2016-08-25,174.1219024658203,-0.007462781984218,1.2103174887006245e-05,0.0,,0.12192393736017897,0.0,0.0
2016-08-26,174.9074249267578,0.0045113363098687,1.2103174887006245e-05,0.0,,0.12192393736017897,0.0,0.0
2016-08-29,175.7801971435547,0.0049899094744683,1.2103174887006245e-05,0.0,,0.12192393736017897,0.0,0.0
2016-08-30,178.74774169921875,0.0168821323669385,1.2896824923772656e-05,0.0,,0.12192393736017897,0.0,0.0
2016-08-31,176.1293487548828,-0.0146485372035745,1.2698412414581057e-05,0.0,,0.12192393736017897,0.0,0.0
2016-09-01,176.8275909423828,0.003964371596421,1.2499999905389453e-05,0.0,,0.12192393736017897,0.0,0.0
2016-09-02,176.1293487548828,-0.0039487174132656,1.2023809646803232e-05,0.0,,0.12192393736017897,0.0,0.0
2016-09-05,183.46080017089844,0.0416253819584533,1.2023809646803232e-05,0.0,,0.12192393736017897,0.0,0.0
2016-09-06,187.6501922607422,0.0228353527616864,1.2023809646803232e-05,0.0,,0.12192393736017897,0.0,0.0
2016-09-07,186.0791778564453,-0.0083720372751546,1.3095238615596102e-05,0.0,,0.12192393736017897,0.0,0.0
2016-09-08,187.6501922607422,0.0084427200420504,1.3214285884584698e-05,0.0,,0.12192393736017897,0.0,0.0
2016-09-09,186.60284423828125,-0.0055813852884607,1.3214285884584698e-05,0.0,,0.12192393736017897,0.0,0.0
2016-09-12,180.6678771972656,-0.0318053407237299,1.388888865236252e-05,0.0,,0.12192393736017897,0.0,0.0
2016-09-13,181.54063415527344,0.0048307257025823,1.3690476143170916e-05,0.0,,0.12192393736017897,0.0,0.0
2016-09-14,182.06434631347656,0.0028848205837772,1.2499999905389453e-05,0.0,,0.12192393736017897,0.0,0.0
2016-09-15,183.11167907714844,0.0057525418066675,1.1031745918213372e-05,0.0,,0.12192393736017897,0.0,0.0
2016-09-19,182.76255798339844,-0.0019066020010821,9.4444446620487e-06,0.0,,0.12192393736017897,0.0,0.0
2016-09-20,182.41343688964844,-0.0019102440762605,1.1428570936596582e-05,0.0,,0.12192393736017897,0.0,0.0
2016-09-21,184.3335876464844,0.0105263668596824,8.849206543157968e-06,0.0,,0.12192393736017897,0.0,0.0
2016-09-22,187.3011016845703,0.0160986072911304,6.349206207290528e-06,0.0,,0.12192393736017897,0.0,0.0
2016-09-23,190.443115234375,0.01677520058102,6.547619307798051e-06,0.0,,0.12192393736017897,0.0,0.0
2016-09-26,185.9046173095703,-0.0238312522834928,6.86507908597825e-06,0.0,,0.12192393736017897,0.0,0.014523534010164195
2016-09-27,188.3484039306641,0.0131453788316853,1.0119047429826525e-05,0.0,,0.12192393736017897,0.0,0.0
2016-09-28,189.04666137695312,0.003707265003138,1.0436508390638564e-05,0.0,,0.12192393736017897,0.0,0.0
2016-09-29,189.91946411132807,0.0046168640483663,9.325396801744186e-06,0.0,,0.12192393736017897,0.0,0.0
2016-09-30,185.9046173095703,-0.0211397332050405,1.0317459939018123e-05,0.0,,0.12192393736017897,0.0,0.0
2016-10-03,189.22125244140625,0.0178405204767617,1.1428570936596582e-05,0.0,,0.12192393736017897,0.0,0.0
2016-10-04,189.7449188232422,0.0027674818503704,1.2499999905389453e-05,0.0,,0.12192393736017897,0.0,0.0
2016-10-05,189.7449188232422,0.0,1.242063466518644e-05,0.0,,0.12192393736017897,0.0,0.0
2016-10-06,189.7449188232422,0.0,1.2301587396197849e-05,0.0,,0.12192393736017897,0.0,0.0
2016-10-07,188.6975555419922,-0.0055198488989613,1.2301587396197849e-05,0.0,,0.12192393736017897,0.0,0.0
2016-10-11,188.3484039306641,-0.0018503239765095,1.2698412414581057e-05,0.0,,0.12192393736017897,0.0,0.0
2016-10-12,186.2537384033203,-0.0111212279139614,1.3492063633979314e-05,0.0,,0.12192393736017897,0.0,0.0
2016-10-13,183.28623962402344,-0.0159325595541656,1.0912698649224782e-05,0.0,,0.12192393736017897,0.0,0.0
2016-10-14,182.41343688964844,-0.0047619654163094,1.150793617679959e-05,0.0,,0.12192393736017897,0.0,0.0
2016-10-17,182.2389068603516,-0.0009567827473281,1.1706348685991194e-05,0.0,,0.12192393736017897,0.0,0.0
2016-10-18,185.3809356689453,0.0172412623776405,1.3214285884584698e-05,0.0,,0.12192393736017897,0.0,0.0
2016-10-19,185.73004150390625,0.0018831808875123,1.2817460866201492e-05,0.0,,0.12192393736017897,0.0,0.0
2016-10-20,186.95196533203125,0.0065790316861544,1.2698412414581057e-05,0.0,,0.12192393736017897,0.0,0.0
2016-10-21,186.95196533203125,0.0,1.2499999905389453e-05,0.0,,0.12192393736017897,0.0,0.0
2016-10-24,187.9993438720703,0.0056023938458142,1.242063466518644e-05,0.0,,0.12192393736017897,0.0,0.0
2016-10-25,187.4756317138672,-0.0027857126914203,1.2896824923772656e-05,0.0,,0.12192393736017897,0.0,0.0
2016-10-26,185.2063751220703,-0.0121042749452382,1.242063466518644e-05,0.0,,0.12192393736017897,0.0,0.0
2016-10-27,183.80995178222656,-0.0075398232859066,1.0912698649224782e-05,0.0,,0.12192393736017897,0.0,0.0
2016-10-28,181.54063415527344,-0.0123459997946234,1.0833333409021768e-05,0.0,,0.12192393736017897,0.0,0.0
2016-10-31,179.6204833984375,-0.0105769750434694,1.1706348685991194e-05,0.0,,0.12192393736017897,0.0,0.0
2016-11-01,180.84239196777344,0.0068027239778967,1.3690476143170916e-05,0.0,,0.12192393736017897,0.0,0.0
2016-11-02,178.39862060546875,-0.0135132660860854,1.3690476143170916e-05,0.0,,0.12192393736017897,0.0,0.0
2016-11-03,176.30389404296875,-0.0117418316094075,1.420634961317456e-05,0.0,,0.12192393736017897,0.0,0.0
2016-11-04,174.55833435058594,-0.0099008572774766,1.420634961317456e-05,0.0,,0.12192393736017897,0.0,0.0
2016-11-07,178.22406005859375,0.0210000039336162,1.547618990852719e-05,0.0,,0.12192393736017897,0.0,0.0
2016-11-08,179.44595336914062,0.0068559391484244,1.6666666146308656e-05,0.0,,0.12192393736017897,0.0,0.0
2016-11-09,176.65301513671875,-0.0155642307891807,1.6587302088737487e-05,0.0,,0.12192393736017897,0.0,0.0
2016-11-10,181.7152404785156,0.028656320062689,1.817460334490216e-05,0.0,,0.12192393736017897,0.0,0.0
2016-11-11,174.55833435058594,-0.0393852827593502,1.817460334490216e-05,0.0,,0.21428571428571427,0.0,0.04825687692850597
2016-11-14,168.09967041015625,-0.0370000319059987,1.996031829289028e-05,0.0,,0.32142857142857145,0.0,0.3031093330939921
2016-11-15,168.62332153320312,0.0031151228421162,1.9365079582683625e-05,0.0,,0.32142857142857145,0.0,0.3031093330939921
2016-11-16,171.8526611328125,0.0191512038207211,1.7976190835710555e-05,0.0,,0.32142857142857145,0.0,0.352618684791346
2016-11-17,170.019775390625,-0.010665448705336,1.6666666146308656e-05,0.0,,0.32142857142857145,0.0,0.352693406325931
2016-11-18,170.54348754882812,0.0030803014355234,1.6587302088737487e-05,0.0,,0.32142857142857145,0.0,0.3913860051804008
2016-11-21,168.9724578857422,-0.0092119006457876,1.6666666146308656e-05,0.0,,0.32142857142857145,0.0,0.35347369176912996
2016-11-22,170.89260864257812,0.0113636907509171,1.884920611267998e-05,0.0,,0.32142857142857145,0.0,0.35347369176912996
2016-11-23,169.58343505859375,-0.0076607970021834,1.9246032313695023e-05,0.0,,0.32142857142857145,0.0,0.34902146231794096
2016-11-24,167.75054931640625,-0.0108081649693804,1.9246032313695023e-05,0.0,,0.32142857142857145,0.0,0.3075567341570167
2016-11-25,168.4487762451172,0.0041622929495983,1.9047618621871583e-05,0.0,,0.12192393736017897,0.0,0.0
2016-11-28,170.45619201660156,0.0119170694868289,1.785714238409012e-05,0.0,,0.12192393736017897,0.0,0.0
2016-11-29,168.4487762451172,-0.011776725431534,1.8571428363285367e-05,0.0,,0.12192393736017897,0.0,0.0
2016-11-30,169.05975341796875,0.0036270799139703,1.8571428363285367e-05,0.0,,0.12192393736017897,0.0,0.0
2016-12-01,169.7579803466797,0.0041300600207589,1.817460334490216e-05,0.0,,0.12192393736017897,0.0,0.0
2016-12-02,166.7032012939453,-0.0179949069050886,1.8055556075913563e-05,0.0,,0.12192393736017897,0.0,0.0
2016-12-05,165.83041381835938,-0.0052355771743517,1.7976190835710555e-05,0.0,,0.12192393736017897,0.0,0.0
2016-12-06,165.74313354492188,-0.0005263224726261,1.9246032313695023e-05,0.0,,0.12192393736017897,0.0,0.0
2016-12-07,166.00497436523438,0.0015797989015426,1.9365079582683625e-05,0.0,,0.12192393736017897,0.0,0.0
2016-12-08,166.61590576171875,0.0036801993363178,1.944444482288663e-05,0.0,,0.12192393736017897,0.0,0.0
2016-12-09,164.25936889648438,-0.014143528821339,2.0634919878036257e-05,0.0,,0.12192393736017897,0.0,0.0
2016-12-12,161.55372619628906,-0.0164717709459872,1.984126984126984e-05,0.0,,0.12192393736017897,0.0,0.0
2016-12-13,162.60107421875,0.0064829703846533,2.075396832965669e-05,0.0,,0.12192393736017897,0.0,0.0
2016-12-14,163.03749084472656,0.0026839713579593,2.075396832965669e-05,0.0,,0.12192393736017897,0.0,0.0
2016-12-15,160.59364318847656,-0.0149894827477287,1.9365079582683625e-05,0.0,,0.12192393736017897,0.0,0.0
2016-12-16,160.50637817382812,-0.0005433902171707,1.9246032313695023e-05,0.0,,0.12192393736017897,0.0,0.0
2016-12-19,159.02264404296875,-0.009244082059172,1.896825338166857e-05,0.0,,0.12192393736017897,0.0,0.0
2016-12-20,158.58624267578125,-0.0027442718602362,2.0357143311273484e-05,0.0,,0.12192393736017897,0.0,0.0
2016-12-21,159.02264404296875,0.00275182361234,1.996031829289028e-05,0.0,,0.12192393736017897,0.0,0.0
2016-12-22,158.4116668701172,-0.0038420765578924,1.9563492091875222e-05,0.0,,0.12192393736017897,0.0,0.0
2016-12-23,156.84066772460938,-0.0099171934526507,1.984126984126984e-05,0.0,,0.12192393736017897,0.0,0.0
2016-12-28,160.2445526123047,0.0217028206846967,1.964285733207824e-05,0.0,,0.12192393736017897,0.0,0.0
2016-12-29,163.73570251464844,0.0217863874024486,1.746031736570691e-05,0.0,,0.12192393736017897,0.0,0.0
2016-12-30,165.56857299804688,0.0111940795761049,1.9047618621871583e-05,0.0,,0.12192393736017897,0.0,0.0
2017-01-03,165.30674743652344,-0.0015813723388587,1.884920611267998e-05,0.0,,0.10328638497652583,0.0,0.0
2017-01-04,164.95761108398438,-0.0021120514313738,2.055555582046509e-05,0.0,,0.10328638497652583,0.0,0.0
2017-01-05,168.71063232421875,0.0227514281734089,2.015873080208188e-05,0.0,,0.10328638497652583,0.0,0.0
2017-01-06,170.2816162109375,0.0093117064708745,1.996031829289028e-05,0.0,,0.10328638497652583,0.0,0.0
2017-01-09,170.7180633544922,0.0025630902105957,1.9246032313695023e-05,0.0,,0.10328638497652583,0.0,0.0
2017-01-10,172.81271362304688,0.0122696463830263,1.996031829289028e-05,0.0,,0.10328638497652583,0.0,0.0
2017-01-11,175.25657653808594,0.0141416847395257,1.976190460106683e-05,0.0,,0.10328638497652583,0.0,0.0
2017-01-12,173.510986328125,-0.0099601980390253,1.996031829289028e-05,0.0,,0.10328638497652583,0.0,0.0
2017-01-13,174.29649353027344,0.0045271323664943,2.0357143311273484e-05,0.0,,0.10328638497652583,0.0,0.0
2017-01-16,171.67811584472656,-0.0150225494071232,2.0357143311273484e-05,0.0,,0.10328638497652583,0.0,0.0
2017-01-17,172.55088806152344,0.0050837709425133,2.0357143311273484e-05,0.0,,0.10328638497652583,0.0,0.0
2017-01-18,174.29649353027344,0.0101164676018798,2.0436507368844653e-05,0.0,,0.10328638497652583,0.0,0.0
2017-01-19,174.1219024658203,-0.0010016900565059,1.996031829289028e-05,0.0,,0.10328638497652583,0.0,0.0
2017-01-20,172.55088806152344,-0.0090224973541468,1.9047618621871583e-05,0.0,,0.10328638497652583,0.0,0.0
2017-01-23,172.63818359375,0.0005059118107548,1.876984087247697e-05,0.0,,0.10328638497652583,0.0,0.0
2017-01-24,172.63818359375,0.0,1.9563492091875222e-05,0.0,,0.10328638497652583,0.0,0.0
2017-01-25,175.25657653808594,0.0151669398381617,1.916666707349202e-05,0.0,,0.10328638497652583,0.0,0.0
2017-01-26,178.92230224609375,0.0209163375230669,1.9365079582683625e-05,0.0,,0.10328638497652583,0.0,0.0
2017-01-27,178.39862060546875,-0.0029268662098071,1.976190460106683e-05,0.0,,0.10328638497652583,0.0,0.0
2017-02-01,180.3187255859375,0.0107630035139962,1.984126984126984e-05,0.0,,0.10328638497652583,0.0,0.0
2017-02-02,179.09683227539062,-0.0067762973954944,1.9365079582683625e-05,0.0,,0.10328638497652583,0.0,0.0
2017-02-03,178.92230224609375,-0.0009745009282381,1.9365079582683625e-05,0.0,,0.10328638497652583,0.0,0.0
2017-02-06,181.0169677734375,0.0117071237126309,1.996031829289028e-05,0.0,,0.10328638497652583,0.0,0.0
2017-02-07,179.27142333984375,-0.009642987920218,2.083333238722786e-05,0.0,,0.10328638497652583,0.0,0.0
2017-02-08,178.0494842529297,-0.0068161398183225,2.083333238722786e-05,0.0,,0.10328638497652583,0.0,0.0
2017-02-09,178.22406005859375,0.0009804903754513,2.0952380838848296e-05,0.0,,0.10328638497652583,0.0,0.0
2017-02-10,176.8275909423828,-0.0078354691041817,2.075396832965669e-05,0.0,,0.10328638497652583,0.0,0.0
2017-02-13,177.7003631591797,0.0049357241827789,2.075396832965669e-05,0.0,,0.10328638497652583,0.0,0.0
2017-02-14,177.0021514892578,-0.0039291516207901,2.123015977087475e-05,0.0,,0.10328638497652583,0.0,0.0
2017-02-15,180.3187255859375,0.018737479001101,2.0634919878036257e-05,0.0,,0.10328638497652583,0.0,0.0
2017-02-16,185.0318298339844,0.0261376306466889,2.015873080208188e-05,0.0,,0.10328638497652583,0.0,0.0
2017-02-17,185.2063751220703,0.0009433257415361,2.015873080208188e-05,0.0,,0.10328638497652583,0.0,0.0
2017-02-20,186.7774353027344,0.0084827543308301,2.015873080208188e-05,0.0,,0.10328638497652583,0.0,0.0
2017-02-21,184.15904235839844,-0.0140187862634049,2.0039682350461445e-05,0.0,,0.10328638497652583,0.0,0.0
2017-02-22,187.6501922607422,0.0189572548685907,2.023809485965305e-05,0.0,,0.10328638497652583,0.0,0.0
2017-02-23,187.4756317138672,-0.0009302444339223,1.976190460106683e-05,0.0,,0.10328638497652583,0.0,0.0
2017-02-24,184.3335876464844,-0.0167597465263021,1.976190460106683e-05,0.0,,0.10328638497652583,0.0,0.0
2017-02-27,183.46080017089844,-0.0047348260657726,1.944444482288663e-05,0.0,,0.10328638497652583,0.0,0.0
2017-02-28,180.6678771972656,-0.015223540783814,2.075396832965669e-05,0.0,,0.10328638497652583,0.0,0.0
2017-03-01,180.49331665039065,-0.0009661958151218,2.4404762283204094e-05,0.0,,0.10328638497652583,0.0,0.0
2017-03-02,180.14419555664065,-0.0019342605046492,2.5595237338353717e-05,0.0,,0.10328638497652583,0.0,0.0
2017-03-03,180.84239196777344,0.0038757641287046,2.710317571957906e-05,0.0,,0.10328638497652583,0.0,0.0
2017-03-06,182.5880279541016,0.0096528030144571,2.7976189813916644e-05,0.0,,0.10328638497652583,0.0,0.0
2017-03-07,184.8572692871093,0.0124282044032926,2.916666723432995e-05,0.0,,0.10328638497652583,0.0,0.0
2017-03-08,185.2063751220703,0.0018885155899324,2.809523826553708e-05,0.0,,0.10328638497652583,0.0,0.0
2017-03-09,183.11167907714844,-0.0113100644809944,2.8293650774728687e-05,0.0,,0.10328638497652583,0.0,0.0
2017-03-10,185.3809356689453,0.0123927463460198,2.8769842215946745e-05,0.0,,0.10328638497652583,0.0,0.0
2017-03-13,187.9993438720703,0.0141244739847519,2.88888883023035e-05,0.0,,0.10328638497652583,0.0,0.0
2017-03-14,187.3011016845703,-0.0037140671510808,2.98809532135252e-05,0.0,,0.10328638497652583,0.0,0.0
2017-03-15,187.3011016845703,0.0,2.837301483229985e-05,0.0,,0.10328638497652583,0.0,0.0
2017-03-16,192.71240234375,0.028890917407911,2.809523826553708e-05,0.0,,0.10328638497652583,0.0,0.0
2017-03-17,193.7597503662109,0.0054347722809906,2.809523826553708e-05,0.0,,0.10328638497652583,0.0,0.0
2017-03-20,199.1710357666016,0.0279278095175248,2.8174602323108248e-05,0.0,,0.10328638497652583,0.0,0.0
2017-03-21,199.6947326660156,0.0026293828186327,2.98809532135252e-05,0.0,,0.10328638497652583,0.0,0.0
2017-03-22,196.5526733398437,-0.0157343124889874,2.9682540704333597e-05,0.0,,0.10328638497652583,0.0,0.0
2017-03-23,194.632553100586,-0.0097689856191259,2.9682540704333597e-05,0.0,,0.10328638497652583,0.0,0.0
2017-03-24,196.5526733398437,0.0098653601808602,2.9682540704333597e-05,0.0,,0.10328638497652583,0.0,0.0
2017-03-27,196.2035369873047,-0.0017762991802983,3.00793657227168e-05,0.0,,0.10328638497652583,0.0,0.0
2017-03-28,197.2509307861328,0.0053383023308897,3.0674603250291616e-05,0.0,,0.10328638497652583,0.0,0.0
2017-03-29,198.9964904785156,0.0088494370364993,2.996031727109637e-05,0.0,,0.10328638497652583,0.0,0.0
2017-03-30,196.5526733398437,-0.0122807047139142,3.00793657227168e-05,0.0,,0.10328638497652583,0.0,0.0
2017-03-31,194.4579620361328,-0.0106572516573665,2.9285713320686703e-05,0.0,,0.10328638497652583,0.0,0.0
2017-04-03,196.5526733398437,0.0107720521277583,2.9365079743521557e-05,0.0,,0.10328638497652583,0.0,0.0
2017-04-05,199.6947326660156,0.01598583867002,3.0952379817054386e-05,0.0,,0.10328638497652583,0.0,0.0
2017-04-06,198.9964904785156,-0.0034965478466965,3.1269840777866425e-05,0.0,,0.10328638497652583,0.0,0.0
2017-04-07,198.2982635498047,-0.0035087399131106,3.166666579624963e-05,0.0,,0.10328638497652583,0.0,0.0
2017-04-10,197.6000061035156,-0.0035212484153382,3.1269840777866425e-05,0.0,,0.10328638497652583,0.0,0.0
2017-04-11,196.3780975341797,-0.0061837476295207,3.174603221908449e-05,0.0,,0.10328638497652583,0.0,0.0
2017-04-12,201.6148834228516,0.0266668531492439,3.146825328705803e-05,0.0,,0.10328638497652583,0.0,0.0
2017-04-13,201.26573181152344,-0.0017317749830793,3.134920720070128e-05,0.0,,0.10328638497652583,0.0,0.0
2017-04-18,198.9964904785156,-0.0112748519709896,3.194444472827609e-05,0.0,,0.10328638497652583,0.0,0.0
2017-04-19,200.9166259765625,0.009649092270068,3.115079469150967e-05,0.0,,0.10328638497652583,0.0,0.0
2017-04-20,206.50247192382807,0.0278018104281583,3.055555479867118e-05,0.0,,0.10328638497652583,0.0,0.0
2017-04-21,206.3279724121093,-0.000845023839633,3.0277778231908405e-05,0.0,,0.10328638497652583,0.0,0.0
2017-04-24,207.7244110107422,0.0067680527381122,3.055555479867118e-05,0.0,,0.10328638497652583,0.0,0.0
2017-04-25,211.9138336181641,0.0201681766097545,3.206349317989652e-05,0.0,,0.10328638497652583,0.0,0.0
2017-04-26,210.866455078125,-0.0049424736561857,3.186507830544124e-05,0.0,,0.10328638497652583,0.0,0.0
2017-04-27,213.4848480224609,0.0124173043235624,3.115079469150967e-05,0.0,,0.10328638497652583,0.0,0.0
2017-04-28,212.4374847412109,-0.0049060309944798,3.0952379817054386e-05,0.0,,0.10328638497652583,0.0,0.0
2017-05-02,216.8014373779297,0.0205422910275694,3.3452380744237744e-05,0.0,,0.10328638497652583,0.0,0.0
2017-05-04,212.7865753173828,-0.0185186136637468,3.3928572185455806e-05,0.0,,0.10328638497652583,0.0,0.0
2017-05-05,212.7865753173828,0.0,3.444444329019577e-05,0.0,,0.10328638497652583,0.0,0.0
2017-05-08,213.659408569336,0.0041019187918753,3.4523809713030615e-05,0.0,,0.10328638497652583,0.0,0.0
2017-05-09,218.8961334228516,0.02450968524429,3.531745974979704e-05,0.0,,0.10328638497652583,0.0,0.0
2017-05-10,218.54702758789065,-0.0015948469692087,3.472222222222222e-05,0.0,,0.10328638497652583,0.0,0.0
2017-05-11,222.2127380371093,0.0167730968006163,3.412698469464741e-05,0.0,,0.10328638497652583,0.0,0.0
2017-05-12,225.35479736328125,0.0141398704409432,3.3928572185455806e-05,0.0,,0.10328638497652583,0.0,0.0
2017-05-15,226.05303955078125,0.0030984127947115,3.424603078100416e-05,0.0,,0.10328638497652583,0.0,0.0
2017-05-16,225.8784637451172,-0.0007722780724868,3.531745974979704e-05,0.0,,0.10328638497652583,0.0,0.0
2017-05-17,226.75125122070312,0.003863969415742,3.472222222222222e-05,0.0,,0.10328638497652583,0.0,0.0
2017-05-18,230.4169769287109,0.0161662865729452,3.543650820141747e-05,0.0,,0.10328638497652583,0.0,0.0
2017-05-19,234.84591674804688,0.0192214127551297,3.523809569222586e-05,0.0,,0.10328638497652583,0.0,0.0
2017-05-22,240.97080993652344,0.0260804755445147,3.4841270673842654e-05,0.0,,0.10328638497652583,0.0,0.0
2017-05-23,240.7958221435547,-0.0007261783824141,3.6230158238183885e-05,0.0,,0.10328638497652583,0.0,0.0
2017-05-24,239.3958282470703,-0.0058140290143811,3.5912697277371846e-05,0.0,,0.10328638497652583,0.0,0.0
2017-05-25,242.5457763671875,0.013157907316857,3.6031745728992285e-05,0.0,,0.10328638497652583,0.0,0.0
2017-05-26,243.24578857421875,0.0028861034709237,3.6111112151827125e-05,0.0,,0.10328638497652583,0.0,0.0
2017-05-29,240.44581604003903,-0.0115108777446537,3.6111112151827125e-05,0.0,,0.10328638497652583,0.0,0.0
2017-05-31,234.1459197998047,-0.0262008977489768,3.769841222535996e-05,0.0,,0.10328638497652583,0.0,0.0
2017-06-01,237.2958526611328,0.0134528624885768,3.76190481677888e-05,0.0,,0.10328638497652583,0.0,0.0
2017-06-02,236.24588012695312,-0.0044247403500941,3.78174606769804e-05,0.0,,0.10328638497652583,0.0,0.0
2017-06-05,237.64585876464844,0.0059259388436445,3.76190481677888e-05,0.0,,0.10328638497652583,0.0,0.0
2017-06-06,239.3958282470703,0.0073637701558053,3.8015873186172e-05,0.0,,0.10328638497652583,0.0,0.0
2017-06-07,238.6958465576172,-0.0029239510754159,3.8611110713746805e-05,0.0,,0.10328638497652583,0.0,0.0
2017-06-08,239.2208404541016,0.0021994261905085,3.8611110713746805e-05,0.0,,0.10328638497652583,0.0,0.0
2017-06-09,242.72076416015625,0.014630513375887,3.8888889645773273e-05,0.0,,0.10328638497652583,0.0,0.0
2017-06-12,236.7708740234375,-0.0245133133018351,3.8611110713746805e-05,0.0,,0.10328638497652583,0.0,0.0
2017-06-13,238.3458404541016,0.0066518588367765,3.900793573213001e-05,0.0,,0.10328638497652583,0.0,0.0
2017-06-14,242.72076416015625,0.0183553600000716,3.900793573213001e-05,0.0,,0.10328638497652583,0.0,0.0
2017-06-15,238.870849609375,-0.0158614964982597,3.940476075051322e-05,0.0,,0.10328638497652583,0.0,0.0
2017-06-16,238.52085876464844,-0.0014651885958412,3.908730215496487e-05,0.0,,0.10328638497652583,0.0,0.0
2017-06-19,243.9457550048828,0.0227439070458286,3.908730215496487e-05,0.0,,0.10328638497652583,0.0,0.0
2017-06-20,244.9957427978516,0.0043041855471015,3.940476075051322e-05,0.0,,0.10328638497652583,0.0,0.0
2017-06-21,244.2957305908203,-0.002857242330161,3.84126982045552e-05,0.0,,0.10328638497652583,0.0,0.0
2017-06-22,246.395751953125,0.0085962262100358,3.702381064021399e-05,0.0,,0.10328638497652583,0.0,0.0
2017-06-23,245.17071533203125,-0.0049718252501642,3.702381064021399e-05,0.0,,0.10328638497652583,0.0,0.0
2017-06-26,248.4956817626953,0.0135618416994096,3.702381064021399e-05,0.0,,0.10328638497652583,0.0,0.0
2017-06-27,251.99560546875,0.0140844447727546,3.928571466415648e-05,0.0,,0.10328638497652583,0.0,0.0
2017-06-28,247.44566345214844,-0.0180556403280842,3.908730215496487e-05,0.0,,0.10328638497652583,0.0,0.0
2017-06-29,248.4956817626953,0.0042434298338387,3.980158813416012e-05,0.0,,0.10328638497652583,0.0,0.0
2017-06-30,244.2957305908203,-0.0169015056603109,3.940476075051322e-05,0.0,,0.10328638497652583,0.0,0.0
2017-07-03,245.69569396972656,0.0057306092722966,3.968253968253968e-05,0.0,,0.10328638497652583,0.0,0.0
2017-07-04,235.5458984375,-0.0413104331143758,3.968253968253968e-05,0.0,,0.23529411764705882,0.0,0.23008293954930034
2017-07-05,237.1208648681641,0.0066864523692056,4.04761897193061e-05,0.0,,0.3103448275862069,0.0,0.2449465679701036
2017-07-06,237.82086181640625,0.0029520681304504,4.000000064335172e-05,0.0,,0.3103448275862069,0.0,0.2449465679701036
2017-07-07,235.3709259033203,-0.010301602199126,4.000000064335172e-05,0.0,,0.3103448275862069,0.0,0.24190477471477648
2017-07-10,237.64585876464844,0.0096653095644556,4.019841315254333e-05,0.0,,0.3103448275862069,0.0,0.24190477471477648
2017-07-11,243.59576416015625,0.0250368570545984,4.099206318930975e-05,0.0,,0.3103448275862069,0.0,0.24190477471477648
2017-07-12,246.04571533203125,0.0100574457044508,4.059523817092654e-05,0.0,,0.23529411764705882,0.0,0.22434898633818956
2017-07-13,248.8456573486328,0.0113797633615488,4.019841315254333e-05,0.0,,0.23529411764705882,0.0,0.22434898633818956
2017-07-14,249.1956481933593,0.0014064575144911,4.000000064335172e-05,0.0,,0.23529411764705882,0.0,0.19217493711113337
2017-07-17,249.3706817626953,0.0007023941654078,4.04761897193061e-05,0.0,,0.23529411764705882,0.0,0.19217493711113337
2017-07-18,250.9456481933593,0.0063157642250932,4.12698397560725e-05,0.0,,0.10328638497652583,0.0,0.0
2017-07-19,260.74542236328125,0.0390513812073403,4.305555706932433e-05,0.0,,0.10328638497652583,0.0,0.0
2017-07-20,259.8704528808594,-0.0033556465708641,4.4166668066902766e-05,0.0,,0.10328638497652583,0.0,0.0
2017-07-21,259.8704528808594,0.0,4.515873061286078e-05,0.0,,0.10328638497652583,0.0,0.0
2017-07-24,264.42041015625,0.017508559457033,4.5634919688815166e-05,0.0,,0.10328638497652583,0.0,0.0
2017-07-25,263.8953857421875,-0.0019855668998934,4.535714312205238e-05,0.0,,0.10328638497652583,0.0,0.0
2017-07-26,263.37042236328125,-0.0019892859340068,4.345238208770752e-05,0.0,,0.10328638497652583,0.0,0.0
2017-07-27,269.8453063964844,0.0245847045962965,4.277777577203418e-05,0.0,,0.10328638497652583,0.0,0.0
2017-07-28,266.6954040527344,-0.0116729928929052,4.178571322607616e-05,0.0,,0.10328638497652583,0.0,0.0
2017-07-31,274.2201843261719,0.0282148854426813,4.178571322607616e-05,0.0,,0.10328638497652583,0.0,0.0
2017-08-01,275.0951843261719,0.0031908665007649,4.198412573526776e-05,0.0,,0.10328638497652583,0.0,0.0
2017-08-02,273.520263671875,-0.0057250026319237,4.166666477445572e-05,0.0,,0.10328638497652583,0.0,0.0
2017-08-03,270.0202941894531,-0.0127960153132221,4.198412573526776e-05,0.0,,0.10328638497652583,0.0,0.0
2017-08-04,272.47027587890625,0.009073324272931,4.178571322607616e-05,0.0,,0.10328638497652583,0.0,0.0
2017-08-07,280.5201416015625,0.0295440142844567,4.099206318930975e-05,0.0,,0.10328638497652583,0.0,0.0
2017-08-08,287.5199890136719,0.0249531009507746,4.0873014737689306e-05,0.0,,0.10328638497652583,0.0,0.0
2017-08-09,288.91998291015625,0.0048692054465047,4.06746022284977e-05,0.0,,0.10328638497652583,0.0,0.0
2017-08-10,285.77001953125,-0.010902545913156,4.039682566173493e-05,0.0,,0.10328638497652583,0.0,0.0
2017-08-11,271.770263671875,-0.0489895891890229,4.019841315254333e-05,0.0,,0.3103448275862069,0.0,0.3941010461676936
2017-08-14,283.4950561523437,0.0431422935020762,3.980158813416012e-05,0.0,,0.3103448275862069,0.0,0.3915451835911891
2017-08-15,278.9451904296875,-0.0160491889502694,4.000000064335172e-05,0.0,,0.3103448275862069,0.0,0.381177626685735
2017-08-16,282.7950744628906,0.0138015788236849,3.908730215496487e-05,0.0,,0.3103448275862069,0.0,0.41167205819106195
2017-08-17,288.219970703125,0.0191831355285725,3.880952322293841e-05,0.0,,0.3103448275862069,0.0,0.42729686622381274
2017-08-18,285.07000732421875,-0.0109290253941174,3.920634824132162e-05,0.0,,0.3103448275862069,0.0,0.407818953628374
2017-08-21,285.2450256347656,0.0006139485250997,3.829364975293477e-05,0.0,,0.3103448275862069,0.0,0.407818953628374
2017-08-22,283.4950561523437,-0.0061349693251535,3.948412717334808e-05,0.0,,0.3103448275862069,0.0,0.38323054863698314
2017-08-23,283.4950561523437,0.0,3.8888889645773273e-05,0.0,,0.3103448275862069,0.0,0.38323054863698314
2017-08-24,286.4700012207031,0.0104938163957284,3.9603175624968514e-05,0.0,,0.3103448275862069,0.0,0.40759484512462985
2017-08-25,287.344970703125,0.0030543145135388,3.948412717334808e-05,0.0,,0.10328638497652583,0.0,0.0
2017-08-28,282.6201171875,-0.0164431397705114,3.988095219173128e-05,0.0,,0.10328638497652583,0.0,0.0
2017-08-29,279.82012939453125,-0.0099072487154591,4.007936470092289e-05,0.0,,0.10328638497652583,0.0,0.0
2017-08-30,285.77001953125,0.021263267047989,3.9603175624968514e-05,0.0,,0.10328638497652583,0.0,0.0
2017-08-31,287.8700256347656,0.0073485878853221,3.880952322293841e-05,0.0,,0.10328638497652583,0.0,0.0
2017-09-01,285.4200134277344,-0.0085108277655128,3.908730215496487e-05,0.0,,0.10328638497652583,0.0,0.0
2017-09-04,281.7450561523437,-0.0128756117388423,3.908730215496487e-05,0.0,,0.10328638497652583,0.0,0.0
2017-09-05,281.57012939453125,-0.0006208689522412,3.900793573213001e-05,0.0,,0.10328638497652583,0.0,0.0
2017-09-06,283.67010498046875,0.0074580907799173,4.119047569850135e-05,0.0,,0.10328638497652583,0.0,0.0
2017-09-07,280.5201416015625,-0.011104319149609,4.059523817092654e-05,0.0,,0.10328638497652583,0.0,0.0
2017-09-08,281.57012939453125,0.0037430032188565,4.04761897193061e-05,0.0,,0.10328638497652583,0.0,0.0
2017-09-11,289.4449462890625,0.0279675152739558,4.04761897193061e-05,0.0,,0.10328638497652583,0.0,0.0
2017-09-12,291.3699035644531,0.0066505126452207,4.039682566173493e-05,0.0,,0.10328638497652583,0.0,0.0
2017-09-13,292.2449035644531,0.0030030555294,4.039682566173493e-05,0.0,,0.10328638497652583,0.0,0.0
2017-09-14,294.869873046875,0.0089820881404796,4.079365068011814e-05,0.0,,0.10328638497652583,0.0,0.0
2017-09-15,296.4447937011719,0.005341070072786,4.007936470092289e-05,0.0,,0.10328638497652583,0.0,0.0
2017-09-18,302.74468994140625,0.0212514990112624,3.968253968253968e-05,0.0,,0.10328638497652583,0.0,0.0
2017-09-19,301.1697082519531,-0.0052023429040422,4.039682566173493e-05,0.0,,0.10328638497652583,0.0,0.0
2017-09-20,303.0946960449219,0.006391704544729,4.04761897193061e-05,0.0,,0.10328638497652583,0.0,0.0
2017-09-21,303.79473876953125,0.0023096501975925,4.000000064335172e-05,0.0,,0.10328638497652583,0.0,0.0
2017-09-22,302.91973876953125,-0.0028802342119025,3.980158813416012e-05,0.0,,0.10328638497652583,0.0,0.0
2017-09-25,298.89483642578125,-0.0132870256659379,3.9603175624968514e-05,0.0,,0.10328638497652583,0.0,0.0
2017-09-26,295.3948669433594,-0.0117097020620192,4.138888820769295e-05,0.0,,0.10328638497652583,0.0,0.0
2017-09-27,296.0948181152344,0.002369544126199,4.119047569850135e-05,0.0,,0.10328638497652583,0.0,0.0
2017-09-28,291.3699035644531,-0.0159574374886304,4.0873014737689306e-05,0.0,,0.10328638497652583,0.0,0.0
2017-09-29,294.1698913574219,0.0096097357987743,4.079365068011814e-05,0.0,,0.10328638497652583,0.0,0.0
2017-10-03,303.4447021484375,0.0315287562170887,4.107142724688091e-05,0.0,,0.10328638497652583,0.0,0.0
2017-10-04,305.7196960449219,0.0074972272719775,4.138888820769295e-05,0.0,,0.10328638497652583,0.0,0.0
2017-10-06,307.9946594238281,0.0074413373045221,4.138888820769295e-05,0.0,,0.10328638497652583,0.0,0.0
2017-10-09,305.36968994140625,-0.0085227759706367,4.146825226526412e-05,0.0,,0.10328638497652583,0.0,0.0
2017-10-10,307.294677734375,0.0063037945689308,4.186507728364732e-05,0.0,,0.10328638497652583,0.0,0.0
2017-10-11,307.6446228027344,0.0011387931315292,4.238095075365097e-05,0.0,,0.10328638497652583,0.0,0.0
2017-10-12,306.4197082519531,-0.0039815893403951,4.178571322607616e-05,0.0,,0.10328638497652583,0.0,0.0
2017-10-13,305.5447082519531,-0.0028555604500495,4.166666477445572e-05,0.0,,0.10328638497652583,0.0,0.0
2017-10-16,311.14459228515625,0.0183275438322612,4.186507728364732e-05,0.0,,0.10328638497652583,0.0,0.0
2017-10-17,310.4446105957031,-0.0022496990364261,4.257936326284257e-05,0.0,,0.10328638497652583,0.0,0.0
2017-10-18,310.2696228027344,-0.0005636683227741,4.238095075365097e-05,0.0,,0.10328638497652583,0.0,0.0
2017-10-19,302.91973876953125,-0.0236887000629001,4.2261907032557895e-05,0.0,,0.10328638497652583,0.0,0.0
2017-10-20,305.8946838378906,0.009820902000126,4.26587320509411e-05,0.0,,0.10328638497652583,0.0,0.0
2017-10-23,305.01971435546875,-0.0028603618456003,4.24603195417495e-05,0.0,,0.10328638497652583,0.0,0.0
2017-10-24,303.9697570800781,-0.0034422603719541,4.357143053932795e-05,0.0,,0.10328638497652583,0.0,0.0
2017-10-25,307.9946594238281,0.0132411276122106,4.297618828122578e-05,0.0,,0.10328638497652583,0.0,0.0
2017-10-26,303.61968994140625,-0.0142046926742372,4.285714456013271e-05,0.0,,0.10328638497652583,0.0,0.0
2017-10-27,304.3196716308594,0.0023054555176846,4.257936326284257e-05,0.0,,0.10328638497652583,0.0,0.0
2017-10-30,305.8946838378906,0.0051755188831228,4.26587320509411e-05,0.0,,0.10328638497652583,0.0,0.0
2017-10-31,306.0696716308594,0.0005720524161232,4.456349308528596e-05,0.0,,0.10328638497652583,0.0,0.0
2017-11-01,314.9945678710937,0.0291596883568339,4.515873061286078e-05,0.0,,0.10328638497652583,0.0,0.0
2017-11-02,316.5694580078125,0.0049997374474193,4.515873061286078e-05,0.0,,0.10328638497652583,0.0,0.0
2017-11-03,321.9944152832031,0.0171367045624999,4.555555563124399e-05,0.0,,0.10328638497652583,0.0,0.0
2017-11-06,329.8692626953125,0.0244564720328557,4.595238064962721e-05,0.0,,0.10328638497652583,0.0,0.0
2017-11-07,342.1190795898437,0.0371353693109801,4.714285570477683e-05,0.0,,0.10328638497652583,0.0,0.0
2017-11-08,337.3941345214844,-0.0138108201215316,4.742063700206696e-05,0.0,,0.10328638497652583,0.0,0.0
2017-11-09,339.3190612792969,0.005705276295163,4.773809323235164e-05,0.0,,0.10328638497652583,0.0,0.0
2017-11-10,337.2191467285156,-0.0061886135805756,4.761904951125856e-05,0.0,,0.10328638497652583,0.0,0.0
2017-11-13,339.14410400390625,0.0057083273416274,4.702380725315639e-05,0.0,,0.10328638497652583,0.0,0.0
2017-11-14,339.4941101074219,0.0010320276819897,4.92063495847914e-05,0.0,,0.10328638497652583,0.0,0.0
2017-11-15,335.1191711425781,-0.0128866417254174,4.880952456640819e-05,0.0,,0.10328638497652583,0.0,0.0
2017-11-16,342.8189697265625,0.02297629991663,4.880952456640819e-05,0.0,,0.10328638497652583,0.0,0.0
2017-11-17,352.9688720703125,0.0296071782487583,4.92063495847914e-05,0.0,,0.10328638497652583,0.0,0.0
2017-11-20,367.49365234375,0.0411503150072227,4.92063495847914e-05,0.0,,0.10328638497652583,0.0,0.0
2017-11-21,376.243408203125,0.023809270727731,5.071428560075306e-05,0.0,,0.10328638497652583,0.0,0.0
2017-11-22,373.4434814453125,-0.0074417961797244,5.019841213074941e-05,0.0,,0.10328638497652583,0.0,0.0
2017-11-23,367.1435852050781,-0.0168697448295317,5.019841213074941e-05,0.0,,0.10328638497652583,0.0,0.0
2017-11-24,363.8186950683594,-0.009056103036259,4.92063495847914e-05,0.0,,0.10328638497652583,0.0,0.0
2017-11-27,359.96875,-0.0105820429806005,4.853174799964541e-05,0.0,,0.10328638497652583,0.0,0.0
2017-11-28,366.7936096191406,0.018959589184174,5.019841213074941e-05,0.0,,0.10328638497652583,0.0,0.0
2017-11-29,360.1437072753906,-0.0181298206112557,4.992063556398664e-05,0.0,,0.10328638497652583,0.0,0.0
2017-11-30,348.2439270019531,-0.0330417553688869,4.912698552722023e-05,0.0,,0.10328638497652583,0.0,0.0
2017-12-01,336.8691711425781,-0.0326631851337674,4.900793707559979e-05,0.0,,0.23529411764705882,0.0,0.11791800626609347
2017-12-04,339.84405517578125,0.0088309773883821,4.9404762093983e-05,0.0,,0.23529411764705882,0.0,0.12821024762326214
2017-12-05,328.9942932128906,-0.0319257076816561,5.091269810994467e-05,0.0,,0.23529411764705882,0.0,0.16968421162685096
2017-12-06,320.2444152832031,-0.0265958349740295,5.011904807317824e-05,0.0,,0.23529411764705882,0.0,0.1710706130815707
2017-12-07,330.7442321777344,0.0327868852459016,4.999999962155781e-05,0.0,,0.3103448275862069,0.0,0.2824875607679853
2017-12-08,344.7439880371094,0.0423280423280423,4.972222305479504e-05,0.0,,0.3103448275862069,0.0,0.344266031801042
2017-12-11,354.71881103515625,0.0289340013000405,5.011904807317824e-05,0.0,,0.3103448275862069,0.0,0.4132653823117678
2017-12-12,344.0440368652344,-0.0300936229989333,5.198412471347384e-05,0.0,,0.3103448275862069,0.0,0.393359614661956
2017-12-13,346.1439514160156,0.0061036214140337,5.051587309156145e-05,0.0,,0.3103448275862069,0.0,0.49507092868093905
2017-12-14,347.5439453125,0.0040445424244948,5.091269810994467e-05,0.0,,0.3103448275862069,0.0,0.4322161275373134
2017-12-15,340.3690795898437,-0.0206444848757324,5.099206216751583e-05,0.0,,0.3103448275862069,0.0,0.29481057523281384
2017-12-18,344.9189758300781,0.013367536927024,5.2182541953192816e-05,0.0,,0.3103448275862069,0.0,0.29524635435005225
2017-12-19,351.0439147949219,0.0177576166985407,5.369047796915448e-05,0.0,,0.23529411764705882,0.0,0.13517932215126557
2017-12-20,347.7189636230469,-0.0094716103363233,5.357142951753405e-05,0.0,,0.10328638497652583,0.0,0.0
2017-12-21,349.8188781738281,0.0060391142573912,5.238095446238442e-05,0.0,,0.10328638497652583,0.0,0.0
2017-12-22,355.0688171386719,0.0150075919065608,5.1507935637519474e-05,0.0,,0.10328638497652583,0.0,0.0
2017-12-27,351.0439147949219,-0.0113355556711083,5.587301557026213e-05,0.0,,0.10328638497652583,0.0,0.0
2017-12-28,357.16876220703125,0.0174475248080785,5.4365079554300456e-05,0.0,,0.10328638497652583,0.0,0.0
2017-12-29,355.2438049316406,-0.0053894894488976,5.376984202672565e-05,0.0,,0.10328638497652583,0.0,0.0
2018-01-02,365.568603515625,0.0290639792746594,5.46825405151125e-05,0.0,,0.08513931888544891,0.0,0.0
2018-01-03,369.4185791015625,0.0105314722022427,5.4365079554300456e-05,0.0,,0.08513931888544891,0.0,0.0
2018-01-04,377.8183898925781,0.0227379218756247,5.4365079554300456e-05,0.0,,0.08513931888544891,0.0,0.0
2018-01-05,379.0434265136719,0.0032423954308895,5.4365079554300456e-05,0.0,,0.08513931888544891,0.0,0.0
2018-01-08,383.768310546875,0.0124652841935848,5.4761904572683664e-05,0.0,,0.08513931888544891,0.0,0.0
2018-01-09,388.3182067871094,0.0118558414418081,5.615079213702489e-05,0.0,,0.08513931888544891,0.0,0.0
2018-01-10,385.3433227539063,-0.0076609439918278,5.535714210025848e-05,0.0,,0.08513931888544891,0.0,0.0
2018-01-11,375.7184448242188,-0.024977409394049,5.567460306107052e-05,0.0,,0.08513931888544891,0.0,0.0
2018-01-12,386.9183044433594,0.0298091823103878,5.595237962783329e-05,0.0,,0.08513931888544891,0.0,0.0
2018-01-15,379.0434265136719,-0.0203528182545322,5.595237962783329e-05,0.0,,0.08513931888544891,0.0,0.0
2018-01-16,388.6682434082031,0.0253923857301983,5.535714210025848e-05,0.0,,0.08513931888544891,0.0,0.0
2018-01-17,392.86810302734375,0.0108057699345651,5.615079213702489e-05,0.0,,0.08513931888544891,0.0,0.0
2018-01-18,391.8181457519531,-0.002672543958901,5.575396711864169e-05,0.0,,0.08513931888544891,0.0,0.0
2018-01-19,395.8431091308594,0.0102725292908061,5.567460306107052e-05,0.0,,0.08513931888544891,0.0,0.0
2018-01-22,402.4929504394531,0.0167991842101145,5.515872959106687e-05,0.0,,0.08513931888544891,0.0,0.0
2018-01-23,415.2677612304688,0.0317392162448255,5.607142807945373e-05,0.0,,0.08513931888544891,0.0,0.0
2018-01-24,410.3678588867188,-0.011799380547219,5.595237962783329e-05,0.0,,0.08513931888544891,0.0,0.0
2018-01-25,400.7430114746094,-0.0234541940936128,5.527777804268731e-05,0.0,,0.08513931888544891,0.0,0.0
2018-01-26,412.2928466796875,0.0288210520816778,5.507936553349571e-05,0.0,,0.08513931888544891,0.0,0.0
2018-01-29,412.642822265625,0.0008488519477258,5.4563492063492063e-05,0.0,,0.08513931888544891,0.0,0.0
2018-01-30,404.0679626464844,-0.0207803435718575,5.65476171554081e-05,0.0,,0.08513931888544891,0.0,0.0
2018-01-31,405.6429138183594,0.0038977382952107,5.67460296645997e-05,0.0,,0.08513931888544891,0.0,0.0
2018-02-01,402.4929504394531,-0.0077653602999133,5.765872815298656e-05,0.0,,0.08513931888544891,0.0,0.0
2018-02-02,395.8431091308594,-0.0165216342331792,5.753968443189349e-05,0.0,,0.08513931888544891,0.0,0.0
2018-02-05,385.8682556152344,-0.0251990076005781,5.785714066217816e-05,0.0,,0.08513931888544891,0.0,0.0
2018-02-06,358.7437744140625,-0.0702946687281237,5.904762044785515e-05,0.0,,1.0,0.0,0.9523262675709547
2018-02-07,362.9436950683594,0.0117072990636746,6.011904705138434e-05,1.0,,,1.0,1.0
2018-02-08,367.6685791015625,0.0130182287153748,6.011904705138434e-05,1.0,,,1.0,1.0
2018-02-09,356.46881103515625,-0.0304615860669249,6.051587206976755e-05,1.0,,,1.0,1.0
2018-02-12,358.393798828125,0.0054001576950835,6.091269708815076e-05,1.0,,,1.0,1.0
2018-02-13,369.5935668945313,0.0312498935612928,6.230158938301934e-05,1.0,,,1.0,1.0
2018-02-14,379.3934020996094,0.0265151671535306,6.150793461572556e-05,1.0,,,1.0,1.0
2018-02-15,391.11822509765625,0.0309041299431152,6.190475963410877e-05,1.0,,,1.0,1.0
2018-02-20,390.0682373046875,-0.0026845790494846,6.24206331041124e-05,1.0,,,1.0,1.0
2018-02-21,400.7430114746094,0.027366427586319,6.380952539898101e-05,1.0,,,1.0,1.0
2018-02-22,390.5932312011719,-0.0253274043035447,6.369047694736057e-05,1.0,,,1.0,0.10569269137833828
2018-02-23,396.7181396484375,0.0156810409346572,6.369047694736057e-05,1.0,,,1.0,0.10585103966758906
2018-02-26,396.36810302734375,-0.0008823307686508,6.380952539898101e-05,0.0,,0.22709163346613545,0.0,0.09075833461540102
2018-02-27,390.2431945800781,-0.0154525765329888,6.488095200251019e-05,0.0,,0.08513931888544891,0.0,0.0
2018-02-28,378.1683654785156,-0.0309418056977409,6.420635041736421e-05,0.0,,0.22709163346613545,0.0,0.11870784365586996
2018-03-01,391.11822509765625,0.0342436353785291,6.309523941978576e-05,0.0,,0.22709163346613545,0.0,0.11676945606133034
2018-03-02,381.4933776855469,-0.0246085372516358,6.369047694736057e-05,0.0,,0.22709163346613545,0.0,0.18839459823339783
2018-03-05,371.8684997558594,-0.0252294757725021,6.448412698412699e-05,0.0,,0.22709163346613545,0.0,0.22868359975723698
2018-03-06,383.768310546875,0.0320000505523543,6.519841296332222e-05,0.0,,0.22709163346613545,0.0,0.23856637406915712
2018-03-07,379.9184265136719,-0.0100317924315246,6.547618953008501e-05,0.0,,0.22709163346613545,0.0,0.18211837836758232
2018-03-08,387.6182556152344,0.0202670588321289,6.488095200251019e-05,0.0,,0.22709163346613545,0.0,0.16685104432952444
2018-03-09,391.11822509765625,0.0090294237480292,6.488095200251019e-05,0.0,,0.22709163346613545,0.0,0.16766555020615878
2018-03-12,402.4929504394531,0.0290825755791788,6.519841296332222e-05,0.0,,0.22709163346613545,0.0,0.17008356317814147
2018-03-13,404.9429321289063,0.0060870176403791,6.70634943341452e-05,0.0,,0.22709163346613545,0.0,0.1998113924997978
2018-03-14,405.6429138183594,0.001728593423703,6.817460533172366e-05,0.0,,0.08513931888544891,0.0,0.0
2018-03-15,410.0178527832031,0.0107851975612294,6.876984285929846e-05,0.0,,0.08513931888544891,0.0,0.0
2018-03-16,407.04290771484375,-0.0072556476459877,6.896825536849007e-05,0.0,,0.08513931888544891,0.0,0.0
2018-03-19,404.0679626464844,-0.0073086768298232,6.857143035010686e-05,0.0,,0.08513931888544891,0.0,0.0
2018-03-20,408.2678833007813,0.0103940946636529,6.976190540525649e-05,0.0,,0.08513931888544891,0.0,0.0
2018-03-21,404.7679443359375,-0.0085726531720971,6.785714437091161e-05,0.0,,0.08513931888544891,0.0,0.0
2018-03-22,384.4683227539063,-0.050151257939496,6.678571303685506e-05,0.0,,0.2894736842105263,0.0,0.45645199574618683
2018-03-23,367.49365234375,-0.0441510246892865,6.698412554604667e-05,0.0,,1.0,0.0,0.7812847377504406
2018-03-26,373.2684631347656,0.0157140422812362,6.765873186172e-05,1.0,,,1.0,0.7812847377504406
2018-03-27,378.1683654785156,0.0131270193645609,6.876984285929846e-05,1.0,,,1.0,0.7812847377504406
2018-03-28,360.668701171875,-0.0462747969003103,6.72619068433368e-05,1.0,,,1.0,0.9919736403705929
2018-03-29,358.393798828125,-0.0063074570550714,6.626983956685142e-05,1.0,,,1.0,0.9510564746411804
2018-04-03,358.21875,-0.0004884259401177,6.797619282253204e-05,1.0,,,1.0,0.9925453451664584
2018-04-04,347.8939514160156,-0.0288226079287707,6.619047550928025e-05,1.0,,,1.0,0.9993126003021295
2018-04-06,355.0688171386719,0.0206237150529715,6.666666458523462e-05,1.0,,,1.0,0.9993126003021295
2018-04-09,358.7437744140625,0.0103499859689322,6.646825207604302e-05,1.0,,,1.0,1.0
2018-04-10,365.0436401367188,0.0175609060615642,6.72619068433368e-05,1.0,,,1.0,0.8097465039202035
2018-04-11,367.1435852050781,0.0057525863690512,6.718253805523827e-05,1.0,,,1.0,0.515376962367035
2018-04-12,361.543701171875,-0.015252572178471,6.765873186172e-05,1.0,,,1.0,0.5026227308169486
2018-04-13,356.9937438964844,-0.0125848058219318,6.817460533172366e-05,0.0,,0.2894736842105263,0.0,0.46995501718629334
2018-04-16,352.6189270019531,-0.0122546038112079,6.797619282253204e-05,0.0,,0.08513931888544891,0.0,0.0
2018-04-17,347.5439453125,-0.0143922554940592,6.964285695363604e-05,0.0,,0.08513931888544891,0.0,0.0
2018-04-18,349.9939270019531,0.0070494155415372,7.023809448121085e-05,0.0,,0.08513931888544891,0.0,0.0
2018-04-19,355.0688171386719,0.014499937699463,7.075396795121451e-05,0.0,,0.08513931888544891,0.0,0.0
2018-04-20,350.1688842773437,-0.0137999526424605,7.003968197201925e-05,0.0,,0.08513931888544891,0.0,0.0
2018-04-23,344.7439880371094,-0.0154922281328047,7.075396795121451e-05,0.0,,0.08513931888544891,0.0,0.0
2018-04-24,347.0189514160156,0.0065989936238173,7.234126802474734e-05,0.0,,0.08513931888544891,0.0,0.0
2018-04-25,338.4441223144531,-0.0247099735232695,7.202381179446265e-05,0.0,,0.08513931888544891,0.0,0.0
2018-04-26,334.41912841796875,-0.0118926393785757,7.083333200878568e-05,0.0,,0.08513931888544891,0.0,0.0
2018-04-27,339.84405517578125,0.0162219391680018,7.023809448121085e-05,0.0,,0.08513931888544891,0.0,0.0
2018-04-30,342.1190795898437,0.0066943187012222,6.996031791444809e-05,0.0,,0.08513931888544891,0.0,0.0
2018-05-02,344.2190246582031,0.0061380530746106,7.083333200878568e-05,0.0,,0.08513931888544891,0.0,0.0
2018-05-03,336.8691711425781,-0.0213522582690574,7.095238046040612e-05,0.0,,0.08513931888544891,0.0,0.0
2018-05-04,334.94415283203125,-0.0057144389438121,7.115079296959771e-05,0.0,,0.08513931888544891,0.0,0.0
2018-05-07,332.4942321777344,-0.0073144153542679,7.115079296959771e-05,0.0,,0.08513931888544891,0.0,0.0
2018-05-08,341.76904296875,0.0278946516764169,7.281746183122908e-05,0.0,,0.08513931888544891,0.0,0.0
2018-05-09,345.2689819335937,0.0102406553105036,7.321428684961227e-05,0.0,,0.08513931888544891,0.0,0.0
2018-05-10,355.4188232421875,0.0293969103501627,7.321428684961227e-05,0.0,,0.08513931888544891,0.0,0.0
2018-05-11,357.6937866210937,0.0064007959909202,7.380952437718708e-05,0.0,,0.08513931888544891,0.0,0.0
2018-05-14,360.3187255859375,0.0073385086994099,7.361111186799548e-05,0.0,,0.08513931888544891,0.0,0.0
2018-05-15,348.2439270019531,-0.0335114378647647,7.44047619047619e-05,0.0,,0.22709163346613545,0.0,0.0915971226804263
2018-05-16,346.6689453125,-0.004522639355156,7.40079368863787e-05,0.0,,0.22709163346613545,0.0,0.08005106764774472
2018-05-17,359.6187744140625,0.0373550307192618,7.392857282880753e-05,0.0,,0.08513931888544891,0.0,0.0
2018-05-18,360.4559631347656,0.0023279894718155,7.361111186799548e-05,0.0,,0.08513931888544891,0.0,0.0013906668758355031
2018-05-21,357.8248291015625,-0.0072994604120876,7.392857282880753e-05,0.0,,0.08513931888544891,0.0,0.001342767680546828
2018-05-23,356.9478759765625,-0.0024507889159114,7.432539784719073e-05,0.0,,0.08513931888544891,0.0,0.0
2018-05-24,356.9478759765625,0.0,7.380952437718708e-05,0.0,,0.08513931888544891,0.0,0.0
2018-05-25,354.3168029785156,-0.0073710285874334,7.353174781042433e-05,0.0,,0.08513931888544891,0.0,0.0
2018-05-28,355.36920166015625,0.0029702195120122,7.353174781042433e-05,0.0,,0.08513931888544891,0.0,0.0
2018-05-29,352.562744140625,-0.0078973009096469,7.301587434042068e-05,0.0,,0.08513931888544891,0.0,0.0
2018-05-30,346.4236145019531,-0.0174128711575468,7.452381035638234e-05,0.0,,0.08513931888544891,0.0,0.0
2018-05-31,350.1070556640625,0.0106327658043894,7.420634939557031e-05,0.0,,0.08513931888544891,0.0,0.0
2018-06-01,354.3168029785156,0.0120241715965088,7.412698533799913e-05,0.0,,0.08513931888544891,0.0,0.0
2018-06-04,363.9640502929688,0.0272277443049693,7.40079368863787e-05,0.0,,0.08513931888544891,0.0,0.0
2018-06-05,368.3491821289063,0.0120482554043668,7.551587290234036e-05,0.0,,0.08513931888544891,0.0,0.0
2018-06-06,372.7342224121094,0.0119045745068833,7.539682445071991e-05,0.0,,0.08513931888544891,0.0,0.0
2018-06-07,376.4177551269531,0.0098824644836907,7.480158692314511e-05,0.0,,0.08513931888544891,0.0,0.0
2018-06-08,363.9640502929688,-0.0330847965175927,7.46031744139535e-05,0.0,,0.22709163346613545,0.0,0.05460665956612466
2018-06-11,367.47210693359375,0.0096384701670431,7.412698533799913e-05,0.0,,0.22709163346613545,0.0,0.04534164603727823
2018-06-12,366.0688781738281,-0.0038185993801679,7.492063537476556e-05,0.0,,0.22709163346613545,0.0,0.04299763223089326
2018-06-13,364.1394348144531,-0.0052707112634109,7.519841194152831e-05,0.0,,0.08513931888544891,0.0,0.0
2018-06-14,361.3329772949219,-0.0077070958298193,7.472222286557397e-05,0.0,,0.08513931888544891,0.0,0.0
2018-06-15,359.5789489746094,-0.0048543267028762,7.492063537476556e-05,0.0,,0.08513931888544891,0.0,0.0
2018-06-19,348.00225830078125,-0.0321951290720458,7.531746039314877e-05,0.0,,0.22709163346613545,0.0,0.22214036985119845
2018-06-20,350.98406982421875,0.0085683683146109,7.492063537476556e-05,0.0,,0.22709163346613545,0.0,0.22214036985119845
2018-06-21,348.00225830078125,-0.0084955750981258,7.499999943233671e-05,0.0,,0.22709163346613545,0.0,0.18922358734744688
2018-06-22,348.5284729003906,0.0015121011058341,7.420634939557031e-05,0.0,,0.22709163346613545,0.0,0.18922358734744688
2018-06-25,340.9860534667969,-0.0216407554046506,7.353174781042433e-05,0.0,,0.08513931888544891,0.0,0.004437880439966643
2018-06-26,338.5303955078125,-0.0072016375274523,7.511904788395715e-05,0.0,,0.08513931888544891,0.0,0.0
2018-06-27,330.9880065917969,-0.0222797982577064,7.46031744139535e-05,0.0,,0.22709163346613545,0.0,0.021971652637118488
2018-06-28,332.39129638671875,0.0042396998289202,7.46031744139535e-05,0.0,,0.22709163346613545,0.0,0.061358486875138486
2018-06-29,345.37115478515625,0.0390499346388906,7.46031744139535e-05,0.0,,0.22709163346613545,0.0,0.10143918310882556
2018-07-03,342.7401123046875,-0.0076180145446872,7.670634795749e-05,0.0,,0.22709163346613545,0.0,0.0926155110250799
2018-07-04,335.8993225097656,-0.0199591163955754,7.670634795749e-05,0.0,,0.22709163346613545,0.0,0.05315524982838937
2018-07-05,338.1795959472656,0.006788562181258,7.579364946910313e-05,0.0,,0.22709163346613545,0.0,0.0681126487823902
2018-07-06,339.056640625,0.0025934287232134,7.559523695991153e-05,0.0,,0.22709163346613545,0.0,0.07846360836721855
2018-07-09,347.30059814453125,0.0243143962741292,7.599206197829476e-05,0.0,,0.22709163346613545,0.0,0.08628497471455443
2018-07-10,339.2320251464844,-0.0232322461900543,7.678571201506115e-05,0.0,,0.22709163346613545,0.0,0.09253780442106452
2018-07-11,332.7420654296875,-0.0191313296968186,7.619047448748634e-05,0.0,,0.22709163346613545,0.0,0.09891031158995256
2018-07-12,333.2682800292969,0.0015814489788954,7.650793544829838e-05,0.0,,0.22709163346613545,0.0,0.10796186691250487
2018-07-13,334.145263671875,0.0026314644841118,7.650793544829838e-05,0.0,,0.22709163346613545,0.0,0.11705375316205302
2018-07-16,334.49609375,0.0010499328174511,7.690476046668159e-05,0.0,,0.22709163346613545,0.0,0.1237219795346714
2018-07-17,329.5847473144531,-0.0146828214957199,7.837301681912135e-05,0.0,,0.22709163346613545,0.0,0.13544995640261792
2018-07-18,331.51422119140625,0.0058542571908288,7.777777929154655e-05,0.0,,0.22709163346613545,0.0,0.14140362645795435
2018-07-19,329.40936279296875,-0.0063492250524668,7.730158548506479e-05,0.0,,0.22709163346613545,0.0,0.14698333185372947
2018-07-20,330.2864074707031,0.002662476470912,7.670634795749e-05,0.0,,0.22709163346613545,0.0,0.1554132038527295
2018-07-23,325.37506103515625,-0.0148699623249937,7.619047448748634e-05,0.0,,0.22709163346613545,0.0,0.17402985070292587
2018-07-24,329.0585632324219,0.0113207883405288,7.777777929154655e-05,0.0,,0.22709163346613545,0.0,0.19415852387502763
2018-07-25,333.0928649902344,0.012260133023686,7.749999799425638e-05,0.0,,0.22709163346613545,0.0,0.21457402269605463
2018-07-26,328.707763671875,-0.0131648011088076,7.718254176397175e-05,0.0,,0.22709163346613545,0.0,0.23814528676326718
2018-07-27,327.1291198730469,-0.0048025753368088,7.718254176397175e-05,0.0,,0.2894736842105263,0.0,0.25402638423607904
2018-07-30,322.0423583984375,-0.015549705500334,7.718254176397175e-05,0.0,,0.2894736842105263,0.0,0.2709661536071617
2018-07-31,311.51812744140625,-0.0326796481350147,7.876984183750455e-05,0.0,,0.2894736842105263,0.0,0.300086662828456
2018-08-01,311.3427124023437,-0.0005630973725455,7.849206527074178e-05,0.0,,0.2894736842105263,0.0,0.3303329632892682
2018-08-02,302.572509765625,-0.0281689671457127,7.797619180073813e-05,0.0,,0.2894736842105263,0.0,0.3629003136012354
2018-08-03,306.7821960449219,0.0139129833128519,7.777777929154655e-05,0.0,,0.2894736842105263,0.0,0.3931519363993319
2018-08-06,309.5886535644531,0.0091480456027517,7.809524025235857e-05,0.0,,0.2894736842105263,0.0,0.4224578628194764
2018-08-07,313.09674072265625,0.0113314461554476,7.968253559536404e-05,0.0,,0.2894736842105263,0.0,0.4488015411705093
2018-08-08,319.2359313964844,0.0196079673638833,7.968253559536404e-05,0.0,,0.2894736842105263,0.0,0.47221591377317074
2018-08-09,326.7783203125,0.0236263784061578,7.956349660479834e-05,0.0,,0.2894736842105263,0.0,0.49054153229125097
2018-08-10,324.498046875,-0.0069780438167359,7.936507936507937e-05,0.0,,0.2894736842105263,0.0,0.5062185086507331
2018-08-13,316.6048889160156,-0.0243242079112572,7.916666685588778e-05,0.0,,0.2894736842105263,0.0,0.5290602192370741
2018-08-14,305.72979736328125,-0.0343490954608068,8.06746028718494e-05,0.0,,0.3333333333333333,0.0,0.5593804596095353
2018-08-15,294.6793212890625,-0.036144583123797,8.015872940184578e-05,0.0,,0.9285714285714286,0.0,0.601415755597503
2018-08-16,285.733642578125,-0.0303573344468318,7.996032162318154e-05,1.0,,,1.0,0.6511108346222061
2018-08-17,295.55633544921875,0.0343770960341431,7.916666685588778e-05,1.0,,,1.0,0.6986722888242403
2018-08-20,307.6591796875,0.0409493649320222,7.908730279831658e-05,1.0,,,1.0,0.7437012855740499
2018-08-21,307.4838562011719,-0.0005698626854111,8.075397165994795e-05,1.0,,,1.0,0.7809466977678969
2018-08-22,315.20166015625,0.0250998671944218,8.075397165994795e-05,1.0,,,1.0,0.816613137082558
2018-08-23,314.8507995605469,-0.0011131305448366,8.06746028718494e-05,1.0,,,1.0,0.851730426443329
2018-08-24,310.4656982421875,-0.0139275533823636,8.12698451299516e-05,1.0,,,1.0,0.8866676656906924
2018-08-27,316.6048889160156,0.0197741351414579,8.174602947537861e-05,1.0,,,1.0,0.9165419318157775
2018-08-28,320.4637145996094,0.0121881430726022,8.246032018510122e-05,1.0,,,1.0,0.9425619500687699
2018-08-29,316.4294738769531,-0.0125887597842291,8.253967951214503e-05,1.0,,,1.0,0.9617764177959787
2018-08-30,313.4475402832031,-0.0094236910273078,8.16666701483348e-05,1.0,,,1.0,0.9827582739175167
2018-08-31,298.1873474121094,-0.0486849979977702,8.154762169671437e-05,1.0,,,1.0,1.0
2018-09-03,291.872802734375,-0.0211764339853339,8.154762169671437e-05,1.0,,,1.0,1.0
2018-09-04,296.9595947265625,0.0174281123302086,8.206349516671802e-05,1.0,,,1.0,1.0
2018-09-05,284.856689453125,-0.0407560674528187,8.293650453052823e-05,1.0,,,1.0,1.0
2018-09-06,275.9110717773437,-0.0314039234709753,8.253967951214503e-05,1.0,,,1.0,1.0
2018-09-07,277.84051513671875,0.0069929899766112,8.285714520348445e-05,1.0,,,1.0,1.0
2018-09-10,275.0340270996094,-0.0101010755603024,8.265872796376547e-05,1.0,,,1.0,1.0
2018-09-11,270.1227111816406,-0.0178571210615696,8.365079524025083e-05,1.0,,,1.0,1.0
2018-09-12,270.4735107421875,0.0012986674056849,8.353174678863042e-05,1.0,,,1.0,1.0
2018-09-13,283.9796142578125,0.0499350323754952,8.305555298214868e-05,1.0,,,1.0,1.0
2018-09-14,289.41717529296875,0.0191477161111279,8.345237800053192e-05,1.0,,,1.0,1.0
2018-09-17,279.9453430175781,-0.0327272639082409,8.365079524025083e-05,1.0,,,1.0,1.0
2018-09-18,278.8929138183594,-0.0037594095614323,8.432539682539683e-05,1.0,,,1.0,1.0
2018-09-19,282.0502014160156,0.0113207881635621,8.412697958567786e-05,1.0,,,1.0,1.0
2018-09-20,284.3305053710937,0.0080847449979823,8.404762025863405e-05,1.0,,,1.0,1.0
2018-09-21,293.27606201171875,0.0314618251353289,8.42460280372983e-05,1.0,,,1.0,1.0
2018-09-24,287.4877319335937,-0.0197367969223951,8.42460280372983e-05,1.0,,,1.0,0.947994377512944
2018-09-26,289.41717529296875,0.006711393722431,8.571428912026542e-05,1.0,,,1.0,1.0
2018-09-27,285.38287353515625,-0.0139393999465604,8.4920639083499e-05,1.0,,,1.0,0.9772863558732041
2018-09-28,283.45343017578125,-0.0067608940069674,8.531746410188223e-05,1.0,,,1.0,0.9015673349778008
2018-10-02,278.0158996582031,-0.0191831529934426,8.630952191731287e-05,1.0,,,1.0,1.0
2018-10-03,277.13885498046875,-0.003154656545948,8.611111413864862e-05,1.0,,,1.0,1.0
2018-10-04,270.4735107421875,-0.0240505584781715,8.611111413864862e-05,1.0,,,1.0,1.0
2018-10-05,267.4916687011719,-0.0110245252218353,8.591269689892968e-05,1.0,,,1.0,1.0
2018-10-08,262.2294921875,-0.0196723005962122,8.591269689892968e-05,1.0,,,1.0,1.0
2018-10-09,257.66900634765625,-0.0173912011261605,8.670634693569607e-05,1.0,,,1.0,1.0
2018-10-10,251.1790313720703,-0.025187255027597,8.809523923056466e-05,1.0,,,1.0,1.0
2018-10-11,234.164794921875,-0.0677374873103646,8.78968219908457e-05,1.0,,,1.0,1.0
2018-10-12,252.93307495117188,0.0801498792145871,8.801587044246613e-05,1.0,,,1.0,1.0
2018-10-15,248.021728515625,-0.0194175729548023,8.849206424894787e-05,1.0,,,1.0,1.0
2018-10-16,246.79391479492188,-0.0049504280453628,8.96825393040975e-05,1.0,,,1.0,1.0
2018-10-18,246.443099975586,-0.0014214889359301,8.948413152543324e-05,1.0,,,1.0,1.0
2018-10-19,247.3201446533203,0.0035588120658327,8.96825393040975e-05,1.0,,,1.0,1.0
2018-10-22,255.3887176513672,0.0326240024214645,8.960317051599896e-05,1.0,,,1.0,1.0
2018-10-23,243.6366577148437,-0.0460163629959813,9.087301435924712e-05,1.0,,,1.0,1.0
2018-10-24,241.88259887695312,-0.0071994865400901,9.067460658058287e-05,1.0,,,1.0,1.0
2018-10-25,235.9188690185547,-0.0246554728867958,9.047618934086392e-05,1.0,,,1.0,1.0
2018-10-26,228.02566528320312,-0.0334572803277162,9.019841277410112e-05,1.0,,,1.0,1.0
2018-10-29,228.02566528320312,0.0,8.96825393040975e-05,1.0,,,1.0,1.0
2018-10-30,221.18487548828125,-0.030000086992075,9.059523779248432e-05,1.0,,,1.0,1.0
2018-10-31,234.164794921875,0.0586835759223576,9.03968300138201e-05,1.0,,,1.0,1.0
2018-11-01,243.6366577148437,0.0404495594486302,9.00793643224807e-05,1.0,,,1.0,1.0
2018-11-02,266.2638244628906,0.0928725872382068,9.019841277410112e-05,1.0,,,1.0,1.0
2018-11-05,256.4411315917969,-0.0368908277003388,8.999999553438216e-05,1.0,,,1.0,1.0
2018-11-06,256.0903625488281,-0.0013678345622304,9.166666439601352e-05,1.0,,,1.0,1.0
2018-11-07,257.31817626953125,0.0047944550059708,9.166666439601352e-05,1.0,,,1.0,1.0
2018-11-08,257.4935913085937,0.0006817048123282,9.138888782925076e-05,1.0,,,1.0,1.0
2018-11-09,244.8644561767578,-0.0490464056509292,9.126983937763032e-05,1.0,,,1.0,1.0
2018-11-12,237.32208251953125,-0.0308022396349024,9.126983937763032e-05,1.0,,,1.0,1.0
2018-11-13,240.6547698974609,0.0140428878027201,9.107143159896608e-05,1.0,,,1.0,1.0
2018-11-14,238.725326538086,-0.0080174739947893,9.226190665411572e-05,1.0,,,1.0,1.0
2018-11-15,252.582260131836,0.0580455111097701,9.166666439601352e-05,1.0,,,1.0,1.0
2018-11-16,254.68711853027344,0.0083333580012261,9.126983937763032e-05,1.0,,,1.0,1.0
2018-11-19,255.3887176513672,0.0027547491413875,9.126983937763032e-05,1.0,,,1.0,1.0
2018-11-20,246.9693603515625,-0.0329668333716214,9.265873167249892e-05,1.0,,,1.0,1.0
2018-11-21,253.98553466796875,0.028409088100721,9.325396446954637e-05,1.0,,,1.0,1.0
2018-11-22,258.7214050292969,0.0186462208074931,9.325396446954637e-05,1.0,,,1.0,1.0
2018-11-23,255.3887176513672,-0.0128813747650771,9.317460514250255e-05,1.0,,,1.0,1.0
2018-11-26,261.3524475097656,0.0233515791662322,9.297618790278358e-05,1.0,,,1.0,0.9261790186961635
2018-11-27,266.439208984375,0.0194632249404105,9.337301292116682e-05,1.0,,,1.0,0.6792844435716563
2018-11-28,276.08642578125,0.0362079471473011,9.265873167249892e-05,1.0,,,1.0,0.4300059875315354
2018-11-29,273.6307983398437,-0.0088944157050008,9.166666439601352e-05,1.0,,,1.0,0.7431671117788929
2018-11-30,273.6307983398437,0.0,9.158730506896972e-05,1.0,,,1.0,0.7538973019596564
2018-12-03,284.856689453125,0.0410256856369617,9.07936550322033e-05,1.0,,,1.0,0.7823139365746514
2018-12-04,288.013916015625,0.0110835612411326,9.384920672764854e-05,1.0,,,1.0,0.7842041333549226
2018-12-05,281.5239562988281,-0.0225334935428772,9.384920672764854e-05,1.0,,,1.0,0.9827975033303717
2018-12-06,266.7900085449219,-0.0523363906489956,9.337301292116682e-05,1.0,,,1.0,1.0
2018-12-07,272.4029541015625,0.0210388147114419,9.285713945116316e-05,1.0,,,1.0,1.0
2018-12-10,270.1227111816406,-0.0083708450499098,9.246031443277996e-05,1.0,,,1.0,1.0
2018-12-11,272.9291381835937,0.010389452222201,9.404761450631278e-05,1.0,,,1.0,1.0
2018-12-12,277.84051513671875,0.0179950626958023,9.424603174603177e-05,1.0,,,1.0,1.0
2018-12-13,279.4191589355469,0.0056818344079563,9.376983793955e-05,1.0,,,1.0,1.0
2018-12-14,270.8243103027344,-0.0307596968853344,9.396825517926896e-05,1.0,,,1.0,1.0
2018-12-17,270.8243103027344,0.0,9.285713945116316e-05,1.0,,,1.0,1.0
2018-12-18,265.56219482421875,-0.0194299967851242,9.238095510573614e-05,1.0,,,1.0,1.0
2018-12-19,265.7375793457031,0.000660427293126,9.277778012411937e-05,1.0,,,1.0,1.0
2018-12-20,264.5097351074219,-0.0046205141226334,9.265873167249892e-05,1.0,,,1.0,1.0
2018-12-21,276.437255859375,0.045092936738639,9.246031443277996e-05,1.0,,,1.0,1.0
2018-12-24,272.4029541015625,-0.0145939147936874,9.257936288440038e-05,1.0,,,1.0,1.0
2018-12-27,271.52593994140625,-0.0032195471706568,9.317460514250255e-05,1.0,,,1.0,1.0
2018-12-28,271.876708984375,0.0012918435824011,9.238095510573614e-05,1.0,,,1.0,1.0
2018-12-31,275.38482666015625,0.0129033402268483,9.126983937763032e-05,1.0,,,1.0,1.0
2019-01-02,268.8948669433594,-0.0235668747458113,9.384920672764854e-05,1.0,,0.7463768115942029,1.0,1.0
2019-01-03,267.4916687011719,-0.0052183898418673,9.345238170926534e-05,1.0,,0.7463768115942029,1.0,1.0
2019-01-04,272.4029541015625,0.0183605172611087,9.357143016088576e-05,1.0,,0.7463768115942029,1.0,1.0
2019-01-07,278.5421447753906,0.0225371662876283,9.337301292116682e-05,1.0,,0.7463768115942029,1.0,1.0
2019-01-08,276.7880554199219,-0.0062973930098915,9.523809902251714e-05,1.0,,0.7463768115942029,1.0,1.0
2019-01-09,287.31231689453125,0.0380228166227865,9.484127400413393e-05,1.0,,0.7463768115942029,1.0,1.0
2019-01-10,288.5401916503906,0.0042736586065335,9.424603174603177e-05,1.0,,0.23188405797101452,1.0,0.8237829700074999
2019-01-11,290.4696044921875,0.0066868079305035,9.404761450631278e-05,1.0,,0.33333333333333337,1.0,0.9030664362127865
2019-01-14,282.2256164550781,-0.0283815859202269,9.365078948792958e-05,1.0,,0.3448275862068966,1.0,0.9339182769844014
2019-01-15,289.41717529296875,0.025481594931817,9.45634879763164e-05,1.0,,0.23188405797101452,1.0,0.7423610794721865
2019-01-16,290.294189453125,0.0030302768288319,9.376983793955e-05,1.0,,0.23188405797101452,1.0,0.7268260259674583
2019-01-17,290.4696044921875,0.000604266449125,9.345238170926534e-05,1.0,,0.23188405797101452,1.0,0.6875043051649365
2019-01-18,295.55633544921875,0.0175120937900683,9.317460514250255e-05,1.0,,0.023809523809523836,1.0,0.5272409179124586
2019-01-21,298.1873474121094,0.008901896685421,9.317460514250255e-05,1.0,,0.017039649528237444,1.0,0.3558264862028626
2019-01-22,294.50390625,-0.0123527748379567,9.305555669088212e-05,0.0,,0.5,0.0,0.5643531292246053
2019-01-23,292.2236633300781,-0.0077426576406297,9.337301292116682e-05,0.0,,1.0,0.0,0.7545770957037231
2019-01-24,289.59259033203125,-0.009003627454615,9.14682566173493e-05,1.0,,0.23188405797101452,1.0,0.7607050173897131
2019-01-25,301.5200500488281,0.041187033491159,9.238095510573614e-05,1.0,,0.23188405797101452,1.0,0.7617881698513018
2019-01-28,299.5906677246094,-0.0063988524939098,9.257936288440038e-05,1.0,,0.7463768115942029,1.0,1.0
2019-01-29,300.292236328125,0.0023417572010637,9.384920672764854e-05,1.0,,0.3448275862068966,1.0,0.96233929705976
2019-01-30,301.870849609375,0.0052569233908701,9.384920672764854e-05,1.0,,0.23188405797101452,1.0,0.7676653694163782
2019-01-31,303.4494934082031,0.0052295337587942,9.285713945116316e-05,1.0,,0.23188405797101452,1.0,0.7049140711554532
2019-02-01,305.2035522460937,0.0057803979772377,9.285713945116316e-05,1.0,,0.19999999999999996,1.0,0.6673549905821404
2019-02-04,304.852783203125,-0.0011492954141171,9.265873167249892e-05,1.0,,0.23188405797101452,1.0,0.7301061542030572
2019-02-08,303.0987548828125,-0.0057536897051839,9.384920672764854e-05,1.0,,0.23188405797101452,1.0,0.7211873531586654
2019-02-11,308.711669921875,0.0185184364786739,9.424603174603177e-05,1.0,,0.2189754624464737,1.0,0.6734298647757453
2019-02-12,308.1854248046875,-0.0017046492519077,9.436508019765218e-05,1.0,,0.023809523809523836,1.0,0.6299077200793568
2019-02-13,305.02813720703125,-0.0102447661165584,9.41666629579332e-05,1.0,,0.023809523809523836,1.0,0.5931174815853502
2019-02-14,299.7660217285156,-0.0172512461528887,9.41666629579332e-05,1.0,,0.023809523809523836,1.0,0.5676071531053295
2019-02-15,292.74981689453125,-0.0234056041226,9.404761450631278e-05,0.0,,0.5,0.0,0.5439242128025246
2019-02-18,298.0119934082031,0.0179749950640197,9.404761450631278e-05,0.0,,0.32558139534883723,0.0,0.5188508394574387
2019-02-19,295.3809509277344,-0.0088286462916439,9.41666629579332e-05,0.0,,0.32558139534883723,0.0,0.5042791582835293
2019-02-20,299.0644226074219,0.0124702411178461,9.45634879763164e-05,0.0,,0.32558139534883723,0.0,0.4890387217478853
2019-02-21,300.993896484375,0.0064516998047805,9.503968178279816e-05,0.0,,0.32558139534883723,0.0,0.46760569852888345
2019-02-22,301.69549560546875,0.0023309413555838,9.496031299469964e-05,0.0,,0.32558139534883723,0.0,0.4347589139317609
2019-02-25,301.5200500488281,-0.0005815319061642,9.496031299469964e-05,0.0,,0.32558139534883723,0.0,0.407502355747833
2019-02-26,300.8184509277344,-0.0023268738545915,9.523809902251714e-05,0.0,,0.32558139534883723,0.0,0.37943158772317576
2019-02-27,298.36279296875,-0.0081632557823865,9.496031299469964e-05,0.0,,0.32558139534883723,0.0,0.35524985044080415
2019-02-28,294.50390625,-0.0129335386639652,9.45634879763164e-05,0.0,,0.32558139534883723,0.0,0.33514788400234474
2019-03-01,294.854736328125,0.0011912578090804,9.436508019765218e-05,0.0,,0.32558139534883723,0.0,0.31542320006555213
2019-03-04,304.151123046875,0.0315287006561924,9.424603174603177e-05,0.0,,0.32558139534883723,0.0,0.282899302781745
2019-03-05,316.95562744140625,0.042099152113135,9.523809902251714e-05,0.0,,0.26946107784431145,0.0,0.2149619580518736
2019-03-06,317.4818725585937,0.0016603116386841,9.543650680118136e-05,0.0,,0.26946107784431145,0.0,0.16262600881610867
2019-03-07,311.51812744140625,-0.0187845216771763,9.503968178279816e-05,0.0,,0.26946107784431145,0.0,0.1406766960722139
2019-03-08,304.3265380859375,-0.0230856207776268,9.496031299469964e-05,0.0,,0.26946107784431145,0.0,0.1267153158426182
2019-03-11,311.1673278808594,0.0224784530391173,9.444444898575072e-05,0.0,,0.23076923076923078,0.0,0.09461382874151658
2019-03-12,316.6048889160156,0.0174747171310936,9.503968178279816e-05,0.0,,0.23076923076923078,0.0,0.056990264234868526
2019-03-13,314.3245544433594,-0.0072024613405801,9.47619052160354e-05,0.0,,0.23076923076923078,0.0,0.020599364746594073
2019-03-14,313.6229858398437,-0.002231987904216,9.47619052160354e-05,0.0,,0.09985422740524781,0.0,0.0
2019-03-15,314.8507995605469,0.0039149353718932,9.47619052160354e-05,0.0,,0.09985422740524781,0.0,0.0
2019-03-18,323.44561767578125,0.0272980666627831,9.464285676441495e-05,0.0,,0.09985422740524781,0.0,0.0
2019-03-19,324.498046875,0.0032538057147946,9.543650680118136e-05,0.0,,0.09985422740524781,0.0,0.0
2019-03-20,324.498046875,0.0,9.55555552528018e-05,0.0,,0.09985422740524781,0.0,0.0
2019-03-21,318.35888671875,-0.0189189433199111,9.55555552528018e-05,0.0,,0.09985422740524781,0.0,0.0
2019-03-22,320.1129150390625,0.0055095943398686,9.51587302344186e-05,0.0,,0.09985422740524781,0.0,0.0
2019-03-25,310.290283203125,-0.030684897029971,9.484127400413393e-05,0.0,,0.09985422740524781,0.0,0.0
2019-03-26,308.1854248046875,-0.0067835137365858,9.543650680118136e-05,0.0,,0.09985422740524781,0.0,0.0
2019-03-27,310.991943359375,0.0091065908015155,9.436508019765218e-05,0.0,,0.09985422740524781,0.0,0.0
2019-03-28,310.4656982421875,-0.0016921503222975,9.404761450631278e-05,0.0,,0.09985422740524781,0.0,0.0
2019-03-29,316.6048889160156,0.0197741351414579,9.238095510573614e-05,0.0,,0.09985422740524781,0.0,0.0
2019-04-01,320.1129150390625,0.0110801388287387,9.218253786601717e-05,0.0,,0.09985422740524781,0.0,0.0
2019-04-02,320.9899597167969,0.0027397978542269,9.404761450631278e-05,0.0,,0.09985422740524781,0.0,0.0
2019-04-03,331.51422119140625,0.0327868868044805,9.41666629579332e-05,0.0,,0.09985422740524781,0.0,0.0
2019-04-04,329.7601928710937,-0.0052909595069824,9.404761450631278e-05,0.0,,0.09985422740524781,0.0,0.0
2019-04-08,333.44366455078125,0.0111701526118632,9.384920672764854e-05,0.0,,0.09985422740524781,0.0,0.0
2019-04-09,336.4255676269531,0.0089427492352842,9.384920672764854e-05,0.0,,0.09985422740524781,0.0,0.0
2019-04-10,340.9860534667969,0.0135557052694064,9.376983793955e-05,0.0,,0.09985422740524781,0.0,0.0
2019-04-11,343.2663269042969,0.0066872923813643,9.384920672764854e-05,0.0,,0.09985422740524781,0.0,0.0
2019-04-12,345.37115478515625,0.0061317633449267,9.424603174603177e-05,0.0,,0.09985422740524781,0.0,0.0
2019-04-15,340.4598083496094,-0.0142204882124624,9.365078948792958e-05,0.0,,0.09985422740524781,0.0,0.0
2019-04-16,345.1957397460937,0.0139103978805659,9.436508019765218e-05,0.0,,0.09985422740524781,0.0,0.0
2019-04-17,346.94976806640625,0.0050812571487779,9.444444898575072e-05,0.0,,0.09985422740524781,0.0,0.0
2019-04-18,343.4417419433594,-0.0101110490506954,9.384920672764854e-05,0.0,,0.09985422740524781,0.0,0.0
2019-04-23,344.6695556640625,0.0035750276415311,9.484127400413393e-05,0.0,,0.09985422740524781,0.0,0.0
2019-04-24,344.6695556640625,0.0,9.424603174603177e-05,0.0,,0.09985422740524781,0.0,0.0
2019-04-25,335.7239074707031,-0.0259542743081097,9.384920672764854e-05,0.0,,0.09985422740524781,0.0,0.0
2019-04-26,336.7763671875,0.0031348965425963,9.365078948792958e-05,0.0,,0.09985422740524781,0.0,0.0
2019-04-29,342.564697265625,0.0171874592224647,9.365078948792958e-05,0.0,,0.09985422740524781,0.0,0.0
2019-04-30,340.2844543457031,-0.0066563861895955,9.396825517926896e-05,0.0,,0.09985422740524781,0.0,0.0
2019-05-02,343.2663269042969,0.0087628821138106,9.41666629579332e-05,0.0,,0.09985422740524781,0.0,0.0
2019-05-03,340.1090087890625,-0.0091978672761416,9.396825517926896e-05,0.0,,0.09985422740524781,0.0,0.0
2019-05-06,329.40936279296875,-0.0314594607011122,9.376983793955e-05,0.0,,0.23076923076923078,0.0,0.08742697985575333
2019-05-07,333.96990966796875,0.0138446182474365,9.396825517926896e-05,0.0,,0.26946107784431145,0.0,0.11222557864992568
2019-05-08,337.4779663085937,0.0105041099185032,9.404761450631278e-05,0.0,,0.26946107784431145,0.0,0.11222557864992568
2019-05-09,329.40936279296875,-0.0239085342485646,9.404761450631278e-05,0.0,,0.26946107784431145,0.0,0.18168063796433878
2019-05-10,335.0223388671875,0.0170395158978722,9.404761450631278e-05,0.0,,0.23076923076923078,0.0,0.08012294280307301
2019-05-14,325.0242614746094,-0.0298430171145741,9.337301292116682e-05,0.0,,0.26946107784431145,0.0,0.23777211473543303
2019-05-15,328.0061340332031,0.0091743076195764,9.325396446954637e-05,0.0,,0.26946107784431145,0.0,0.23777211473543303
2019-05-16,320.63922119140625,-0.0224596801017481,9.277778012411937e-05,0.0,,0.32558139534883723,0.0,0.2822968097729133
2019-05-17,312.9729309082031,-0.0239093965320814,9.246031443277996e-05,0.0,,0.32558139534883723,0.0,0.26541742340086516
2019-05-20,300.8340148925781,-0.0387858335875872,9.206348941439676e-05,0.0,,0.32558139534883723,0.0,0.44388614121952646
2019-05-21,300.13037109375,-0.0023389768576514,9.246031443277996e-05,0.0,,0.32558139534883723,0.0,0.41790535002323287
2019-05-22,298.19512939453125,-0.0064480035531434,9.206348941439676e-05,0.0,,0.32558139534883723,0.0,0.36758705107288603
2019-05-23,286.75994873046875,-0.0383479793492301,9.138888782925076e-05,0.0,,0.32558139534883723,0.0,0.4335343899241437
2019-05-24,285.704345703125,-0.003681138290117,9.07936550322033e-05,0.0,,0.32558139534883723,0.0,0.48449858833344583
2019-05-27,284.8247375488281,-0.0030787356493725,9.07936550322033e-05,0.0,,0.32558139534883723,0.0,0.45367678382100773
2019-05-28,286.4080505371094,0.0055589026497735,9.119048005058652e-05,0.0,,0.32558139534883723,0.0,0.46309713047683737
2019-05-29,283.24139404296875,-0.0110564507115009,9.119048005058652e-05,0.0,,0.32558139534883723,0.0,0.39624008716464637
2019-05-30,285.3525390625,0.0074535186732309,9.166666439601352e-05,0.0,,0.32558139534883723,0.0,0.4370388482171677
2019-05-31,286.75994873046875,0.0049321785346387,9.099206281086756e-05,0.0,,0.32558139534883723,0.0,0.43081575556649016
2019-06-03,293.44512939453125,0.0233128116170295,9.047618934086392e-05,0.0,,0.23076923076923078,0.0,0.10592534756938232
2019-06-04,287.81549072265625,-0.0191846383120779,9.107143159896608e-05,0.0,,0.26946107784431145,0.0,0.15546562278494647
2019-06-05,291.1580810546875,0.0116136568036646,9.067460658058287e-05,0.0,,0.26946107784431145,0.0,0.18029416881750063
2019-06-06,290.6302795410156,-0.001812766150127,8.948413152543324e-05,0.0,,0.09985422740524781,0.0,0.0
2019-06-10,301.7136535644531,0.0381356479474237,8.809523923056466e-05,0.0,,0.09985422740524781,0.0,0.0
2019-06-11,303.1210632324219,0.0046647198472511,8.78174626638019e-05,0.0,,0.09985422740524781,0.0,0.0
2019-06-12,296.7877197265625,-0.0208937757024268,8.591269689892968e-05,0.0,,0.09985422740524781,0.0,0.0
2019-06-13,293.972900390625,-0.0094842850591353,8.4920639083499e-05,0.0,,0.09985422740524781,0.0,0.0
2019-06-14,290.2784729003906,-0.0125672382907584,8.432539682539683e-05,0.0,,0.09985422740524781,0.0,0.0
2019-06-17,289.3988342285156,-0.0030303269239564,8.484127029540047e-05,0.0,,0.09985422740524781,0.0,0.0
2019-06-18,293.7969665527344,0.0151974776814265,8.603174535055008e-05,0.0,,0.09985422740524781,0.0,0.0
2019-06-19,305.4081420898437,0.0395210872098137,8.432539682539683e-05,0.0,,0.09985422740524781,0.0,0.0
2019-06-20,311.3896484375,0.0195852877618982,8.246032018510122e-05,0.0,,0.09985422740524781,0.0,0.0
2019-06-21,311.7414245605469,0.0011296975503585,8.154762169671437e-05,0.0,,0.09985422740524781,0.0,0.0
2019-06-24,312.9729309082031,0.0039504097005789,8.16666701483348e-05,0.0,,0.09985422740524781,0.0,0.0
2019-06-25,307.34332275390625,-0.0179875241541195,8.265872796376547e-05,0.0,,0.09985422740524781,0.0,0.0
2019-06-26,306.9914245605469,-0.0011449677520443,8.305555298214868e-05,0.0,,0.09985422740524781,0.0,0.0
2019-06-27,310.33404541015625,0.0108883199405138,8.2738096751864e-05,0.0,,0.09985422740524781,0.0,0.0
2019-06-28,310.1580810546875,-0.0005670159561004,8.075397165994795e-05,0.0,,0.09985422740524781,0.0,0.0
2019-07-02,318.77850341796875,0.0277936410167602,8.523809531378367e-05,0.0,,0.09985422740524781,0.0,0.0
2019-07-03,317.019287109375,-0.0055186164993288,8.531746410188223e-05,0.0,,0.09985422740524781,0.0,0.0
2019-07-04,316.6674194335937,-0.0011099251373305,8.531746410188223e-05,0.0,,0.09985422740524781,0.0,0.0
2019-07-05,316.49151611328125,-0.0005554828489368,8.583333757188585e-05,0.0,,0.09985422740524781,0.0,0.0
2019-07-08,308.750732421875,-0.0244581080291441,8.64285703689333e-05,0.0,,0.09985422740524781,0.0,0.0
2019-07-09,308.57476806640625,-0.000569923685973,8.710317195407928e-05,0.0,,0.09985422740524781,0.0,0.0
2019-07-10,313.8525390625,0.017103702383592,8.452381406511579e-05,0.0,,0.09985422740524781,0.0,0.0
2019-07-11,314.20440673828125,0.0011211241968356,8.325397022186763e-05,0.0,,0.09985422740524781,0.0,0.0
2019-07-12,312.26922607421875,-0.0061589863877192,8.293650453052823e-05,0.0,,0.09985422740524781,0.0,0.0
2019-07-15,317.3711242675781,0.016338139551884,8.2738096751864e-05,0.0,,0.09985422740524781,0.0,0.0
2019-07-16,318.9544372558594,0.0049888375696913,8.345237800053192e-05,0.0,,0.09985422740524781,0.0,0.0
2019-07-17,319.4822082519531,0.0016546908725725,8.226190294538226e-05,0.0,,0.09985422740524781,0.0,0.0
2019-07-18,313.6766967773437,-0.0181716268532582,7.9880952835083e-05,0.0,,0.09985422740524781,0.0,0.0
2019-07-19,318.2507019042969,0.0145819092522512,7.9880952835083e-05,0.0,,0.09985422740524781,0.0,0.0
2019-07-22,314.5562744140625,-0.0116085446728891,8.035714664156477e-05,0.0,,0.09985422740524781,0.0,0.0
2019-07-23,315.4359436035156,0.0027965399548672,8.06746028718494e-05,0.0,,0.09985422740524781,0.0,0.0
2019-07-24,321.5933837890625,0.0195204139236788,8.095237943861221e-05,0.0,,0.09985422740524781,0.0,0.0
2019-07-25,327.5748596191406,0.0185994990307432,8.174602947537861e-05,0.0,,0.09985422740524781,0.0,0.0
2019-07-26,325.6396484375,-0.0059076914018695,8.186507792699906e-05,0.0,,0.09985422740524781,0.0,0.0
2019-07-29,327.3988952636719,0.005402434361458,8.13492044569954e-05,0.0,,0.09985422740524781,0.0,0.0
2019-07-30,328.2785339355469,0.00268674905322,8.095237943861221e-05,0.0,,0.09985422740524781,0.0,0.0
2019-07-31,323.8804016113281,-0.0133975629520822,8.055555442022898e-05,0.0,,0.09985422740524781,0.0,0.0
2019-08-01,325.4637451171875,0.0048886672301939,8.055555442022898e-05,0.0,,0.09985422740524781,0.0,0.0
2019-08-02,312.9729309082031,-0.0383785118815211,7.936507936507937e-05,0.0,,0.26946107784431145,0.0,0.14936956236972687
2019-08-05,299.6025390625,-0.0427206014491545,7.749999799425638e-05,0.0,,0.5,0.0,0.564296866371065
2019-08-06,296.61181640625,-0.0099823007695742,7.916666685588778e-05,0.0,,0.5,0.0,0.5296647632932413
2019-08-07,297.8432922363281,0.0041518097458108,7.809524025235857e-05,0.0,,0.5,0.0,0.5296647632932413
2019-08-08,301.1858825683594,0.0112226476780246,7.817460430992973e-05,0.0,,0.5,0.0,0.5296647632932413
2019-08-09,297.66729736328125,-0.0116824373542127,7.738095427316333e-05,0.0,,0.32558139534883723,0.0,0.5203877568768656
2019-08-12,299.0747375488281,0.0047282324864501,7.650793544829838e-05,0.0,,0.32558139534883723,0.0,0.5203877568768656
2019-08-13,293.7969665527344,-0.0176469969993104,7.757936678235492e-05,0.0,,0.32558139534883723,0.0,0.47853730341631345
2019-08-14,299.0747375488281,0.017964007790892,7.571428541153195e-05,0.0,,0.5,0.0,0.5303428254328154
2019-08-15,290.6302795410156,-0.0282352768308751,7.313492279204111e-05,0.0,,0.5,0.0,0.542162635705691
2019-08-16,287.1117553710937,-0.0121065299027982,7.234126802474734e-05,0.0,,0.32558139534883723,0.0,0.3355017790492976
2019-08-19,296.2599792480469,0.0318629373608512,7.353174781042433e-05,0.0,,0.09985422740524781,0.0,0.0
2019-08-20,293.2691955566406,-0.0100951323192465,7.539682445071991e-05,0.0,,0.09985422740524781,0.0,0.0
2019-08-21,292.56549072265625,-0.0023995184105466,7.650793544829838e-05,0.0,,0.09985422740524781,0.0,0.0
2019-08-22,291.1580810546875,-0.0048105798961195,7.690476046668159e-05,0.0,,0.09985422740524781,0.0,0.0
2019-08-23,293.972900390625,0.0096676668761559,7.579364946910313e-05,0.0,,0.09985422740524781,0.0,0.0
2019-08-26,286.75994873046875,-0.02453611081352,7.670634795749e-05,0.0,,0.09985422740524781,0.0,0.0
2019-08-27,286.93585205078125,0.0006134166263149,7.710317297587319e-05,0.0,,0.09985422740524781,0.0,0.0
2019-08-28,280.6024780273437,-0.022072438763479,7.698412925478012e-05,0.0,,0.23076923076923078,0.0,0.03129588391824476
2019-08-29,281.6580505371094,0.0037618075121303,7.698412925478012e-05,0.0,,0.09985422740524781,0.0,0.0
2019-08-30,285.704345703125,0.0143659844208234,7.670634795749e-05,0.0,,0.09985422740524781,0.0,0.0
2019-09-02,291.3340148925781,0.0197045276843736,7.670634795749e-05,0.0,,0.09985422740524781,0.0,0.0
2019-09-03,289.5747375488281,-0.0060386952906913,7.579364946910313e-05,0.0,,0.09985422740524781,0.0,0.0
2019-09-04,300.13037109375,0.0364521906650852,7.559523695991153e-05,0.0,,0.09985422740524781,0.0,0.0
2019-09-05,300.3062744140625,0.0005860897038558,7.619047448748634e-05,0.0,,0.09985422740524781,0.0,0.0
2019-09-06,302.06549072265625,0.005858073768276,7.579364946910313e-05,0.0,,0.09985422740524781,0.0,0.0
2019-09-09,301.1858825683594,-0.0029119783004424,7.571428541153195e-05,0.0,,0.09985422740524781,0.0,0.0
2019-09-10,299.25067138671875,-0.0064253050811615,7.591269792072356e-05,0.0,,0.09985422740524781,0.0,0.0
2019-09-11,304.3525695800781,0.0170489114350766,7.591269792072356e-05,0.0,,0.09985422740524781,0.0,0.0
2019-09-12,307.34332275390625,0.0098266072731192,7.519841194152831e-05,0.0,,0.09985422740524781,0.0,0.0
2019-09-13,307.51922607421875,0.0005723349338984,7.539682445071991e-05,0.0,,0.09985422740524781,0.0,0.0
2019-09-16,304.8803100585937,-0.0085813041653147,7.718254176397175e-05,0.0,,0.09985422740524781,0.0,0.0
2019-09-17,302.241455078125,-0.0086553801390504,7.690476046668159e-05,0.0,,0.09985422740524781,0.0,0.0
2019-09-18,301.7136535644531,-0.0017462909366137,7.46031744139535e-05,0.0,,0.09985422740524781,0.0,0.0
2019-09-19,297.66729736328125,-0.0134112465689507,7.472222286557397e-05,0.0,,0.09985422740524781,0.0,0.0
2019-09-20,296.9636535644531,-0.0023638599371209,7.341269935880388e-05,0.0,,0.16666666666666666,0.0,0.01199568079099711
2019-09-23,295.3803100585937,-0.0053317754104065,7.321428684961227e-05,0.0,,0.23076923076923078,0.0,0.02971632245892364
2019-09-24,295.2044372558594,-0.0005954113959032,7.46031744139535e-05,0.0,,0.23076923076923078,0.0,0.049034159883101225
2019-09-25,288.8710327148437,-0.021454299941726,7.321428684961227e-05,0.0,,0.23076923076923078,0.0,0.07194092693948217
2019-09-26,292.3895874023437,0.0121803652461522,7.023809448121085e-05,0.0,,0.23076923076923078,0.0,0.08741675597854215
2019-09-27,289.75067138671875,-0.0090253419729124,6.865079440767803e-05,0.0,,0.23076923076923078,0.0,0.10681748144072412
2019-09-30,290.4543762207031,0.0024286564397471,7.023809448121085e-05,0.0,,0.26946107784431145,0.0,0.12452384481864476
2019-10-02,285.8802795410156,-0.0157480728615768,6.884920691686963e-05,0.0,,0.26946107784431145,0.0,0.14767205647307824
2019-10-03,286.0562438964844,0.0006155176416899,6.607142705765981e-05,0.0,,0.26946107784431145,0.0,0.1740712344737827
2019-10-04,283.9450988769531,-0.0073801745795669,6.567460203927661e-05,0.0,,0.26946107784431145,0.0,0.20616122218104715
2019-10-08,284.8247375488281,0.0030979181375347,6.567460203927661e-05,0.0,,0.26946107784431145,0.0,0.23617733542512953
2019-10-09,279.8988342285156,-0.0172945066594436,6.460317543574742e-05,0.0,,0.32558139534883723,0.0,0.26933002651794213
2019-10-10,280.4266357421875,0.0018856867165117,6.480158794493902e-05,0.0,,0.32558139534883723,0.0,0.30276343811744155
2019-10-11,285.704345703125,0.0188202876911791,6.440476292655581e-05,0.0,,0.32558139534883723,0.0,0.33198040540909357
2019-10-14,288.69512939453125,0.010468107105777,6.420635041736421e-05,0.0,,0.32558139534883723,0.0,0.3523334567854353
2019-10-15,289.2229309082031,0.001828231445327,6.420635041736421e-05,0.0,,0.32558139534883723,0.0,0.2918330692840248
2019-10-16,291.1580810546875,0.006690860024161,6.408730196574378e-05,0.0,,0.32558139534883723,0.0,0.2973693887174507
2019-10-17,291.1580810546875,0.0,6.448412698412699e-05,0.0,,0.32558139534883723,0.0,0.3019956625754622
2019-10-18,291.1580810546875,0.0,6.448412698412699e-05,0.0,,0.32558139534883723,0.0,0.3692494005550972
2019-10-21,285.704345703125,-0.0187311831833997,6.448412698412699e-05,0.0,,0.32558139534883723,0.0,0.3691054012101836
2019-10-22,288.1673583984375,0.0086208443531055,6.408730196574378e-05,0.0,,0.32558139534883723,0.0,0.3889073567105095
2019-10-23,281.48211669921875,-0.0231991636262124,6.408730196574378e-05,0.0,,0.32558139534883723,0.0,0.4294369773245646
2019-10-24,280.6024780273437,-0.0031250250715394,6.440476292655581e-05,0.0,,0.32558139534883723,0.0,0.45506692117243563
2019-10-25,278.4913635253906,-0.0075235062669237,6.448412698412699e-05,0.0,,0.32558139534883723,0.0,0.47147488804129223
2019-10-28,283.24139404296875,0.0170562938018903,6.369047694736057e-05,0.0,,0.32558139534883723,0.0,0.4794874946062122
2019-10-29,278.8432922363281,-0.0155277508836628,6.329365192897736e-05,0.0,,0.32558139534883723,0.0,0.48654347653234176
2019-10-30,278.1395568847656,-0.0025237664708321,6.329365192897736e-05,0.0,,0.32558139534883723,0.0,0.49953949195274516
2019-10-31,282.18585205078125,0.0145477155832676,5.944444546623834e-05,0.0,,0.32558139534883723,0.0,0.5084753747642767
2019-11-01,282.8895263671875,0.0024936555510925,5.892857199623472e-05,0.0,,0.32558139534883723,0.0,0.5147152093070395
2019-11-04,288.1673583984375,0.0186568661591219,5.964285797542996e-05,0.0,,0.32558139534883723,0.0,0.5168167227914688
2019-11-05,292.9173278808594,0.0164833710133618,6.023809550300477e-05,0.0,,0.32558139534883723,0.0,0.5180027778452656
2019-11-06,293.7969665527344,0.0030030270938179,6.011904705138434e-05,0.0,,0.32558139534883723,0.0,0.5148989460515141
2019-11-07,293.44512939453125,-0.0011975520453169,6.023809550300477e-05,0.0,,0.32558139534883723,0.0,0.510882189331614
2019-11-08,287.81549072265625,-0.0191846383120779,5.992063454219273e-05,0.0,,0.32558139534883723,0.0,0.5052417422636823
2019-11-11,284.1210632324219,-0.0128360967679616,6.003968299381317e-05,0.0,,0.32558139534883723,0.0,0.5023711135156916
2019-11-12,290.4543762207031,0.0222908957056111,6.083333303057959e-05,0.0,,0.32558139534883723,0.0,0.498065020356695
2019-11-13,287.99139404296875,-0.0084797557874041,6.091269708815076e-05,0.0,,0.32558139534883723,0.0,0.49872517435069597
2019-11-14,281.30621337890625,-0.0232131265112215,6.063492052138797e-05,0.0,,0.32558139534883723,0.0,0.5024274551348329
2019-11-15,281.48211669921875,0.0006253090473886,6.063492052138797e-05,0.0,,0.32558139534883723,0.0,0.5140689155099065
2019-11-18,290.2784729003906,0.0312501422979256,6.043650801219637e-05,0.0,,0.32558139534883723,0.0,0.5214549048540373
2019-11-19,296.0840148925781,0.0199999053811326,6.051587206976755e-05,0.0,,0.32558139534883723,0.0,0.5248577092467177
2019-11-20,295.2044372558594,-0.0029707028832267,6.031745956057594e-05,0.0,,0.4673880918999904,0.0,0.5284443640856229
2019-11-21,289.75067138671875,-0.0184745389325355,6.071428457895915e-05,0.0,,0.5,0.0,0.5335299118556924
2019-11-22,293.44512939453125,0.0127504726395668,6.123015804896279e-05,0.0,,0.5,0.0,0.5400123083464581
2019-11-25,298.0191650390625,0.0155873626322198,6.130952210653396e-05,0.0,,0.5,0.0,0.5458678076319301
2019-11-26,295.2044372558594,-0.0094447878304544,6.210317687382774e-05,0.0,,0.5,0.0,0.5531239651756592
2019-11-27,294.6766357421875,-0.0017879186321797,6.210317687382774e-05,0.0,,0.5,0.0,0.5588182208976189
2019-11-28,297.3155517578125,0.0089552943652233,6.210317687382774e-05,0.0,,0.5,0.0,0.5614192992106459
2019-11-29,291.8617858886719,-0.0183433588888857,6.111110959734234e-05,0.0,,0.532706467839492,0.0,0.5657113318247142
2019-12-02,292.9173278808594,0.0036165816945632,6.10317455397712e-05,0.0,,0.5563571268093064,0.0,0.5665444763408445
2019-12-03,291.1580810546875,-0.0060059500026827,6.10317455397712e-05,0.0,,0.608868806722867,0.0,0.5683943114007728
2019-12-04,289.0469665527344,-0.0072507501571168,5.944444546623834e-05,0.0,,0.687929156246057,0.0,0.5711793795349274
2019-12-05,290.2784729003906,0.0042605752357258,5.924603295704674e-05,0.0,,0.778365176649854,0.0,0.5743651797511595
2019-12-06,295.2044372558594,0.0169697887213258,5.873015948704311e-05,0.0,,0.6326305081480637,0.0,0.5692313676224026
2019-12-09,295.732177734375,0.001787711876628,5.944444546623834e-05,0.0,,0.5647911764007338,0.0,0.5668415835874052
2019-12-10,296.2599792480469,0.0017847280526435,6.011904705138434e-05,0.0,,0.5,0.0,0.5615862418150042
2019-12-11,299.0747375488281,0.0095009737998548,6.031745956057594e-05,0.0,,0.5,0.0,0.5549447515378936
2019-12-12,306.9914245605469,0.0264705975389387,6.071428457895915e-05,0.0,,0.32558139534883723,0.0,0.393200960167637
2019-12-13,317.5470886230469,0.034384231017561,6.043650801219637e-05,0.0,,0.32558139534883723,0.0,0.26093351847203783
2019-12-16,316.49151611328125,-0.0033241448200417,6.051587206976755e-05,0.0,,0.32558139534883723,0.0,0.3726096887174735
2019-12-17,326.5192565917969,0.0316840735627377,6.071428457895915e-05,0.0,,0.29161153017326413,0.0,0.24591436002651076
2019-12-18,332.1488952636719,0.0172413680302874,6.023809550300477e-05,0.0,,0.26946107784431145,0.0,0.2088985046614245
2019-12-19,330.3896484375,-0.0052965608233479,6.083333303057959e-05,0.0,,0.26946107784431145,0.0,0.21489868195900957
2019-12-20,330.0378112792969,-0.0010649158043148,6.063492052138797e-05,0.0,,0.26946107784431145,0.0,0.22967776253995312
2019-12-23,332.32489013671875,0.006929747984198,6.031745956057594e-05,0.0,,0.26946107784431145,0.0,0.21299338354013386
2019-12-24,331.4451599121094,-0.002647199324274,6.10317455397712e-05,0.0,,0.26946107784431145,0.0,0.22633578479929628
2019-12-27,337.7785949707031,0.019108545921362,6.023809550300477e-05,0.0,,0.26946107784431145,0.0,0.19943143912325237
2019-12-30,337.0748596191406,-0.0020834219871852,5.912698450542632e-05,0.0,,0.26946107784431145,0.0,0.2184956220218246
2019-12-31,330.3896484375,-0.0198330162895987,5.972222203300113e-05,0.0,,0.26946107784431145,0.0,0.22755796059565842
2020-01-02,336.37115478515625,0.018104399989359,5.932539701461792e-05,0.0,,0.24129353233830847,0.0,0.21590230706167796
2020-01-03,336.89892578125,0.001569013836608,5.845238292028033e-05,0.0,,0.24129353233830847,0.0,0.19236463512997792
2020-01-06,331.9729919433594,-0.014621399657086,5.904762044785515e-05,0.0,,0.24129353233830847,0.0,0.16126371455093214
2020-01-07,339.1859741210937,0.0217276174652334,5.952380952380952e-05,0.0,,0.23076923076923078,0.0,0.12594108456260633
2020-01-08,336.0193176269531,-0.0093360478785895,5.924603295704674e-05,0.0,,0.2112676056338028,0.0,0.08965624308468367
2020-01-09,343.05633544921875,0.0209423013889875,5.952380952380952e-05,0.0,,0.2112676056338028,0.0,0.053118532461009504
2020-01-10,350.62115478515625,0.0220512450995304,5.944444546623834e-05,0.0,,0.15384615384615385,0.0,0.008486547978064293
2020-01-13,357.4822998046875,0.0195685426446543,5.992063454219273e-05,0.0,,0.09338786639400136,0.0,0.0
2020-01-14,352.2045288085937,-0.0147637267606741,6.071428457895915e-05,0.0,,0.09338786639400136,0.0,0.0
2020-01-15,350.797119140625,-0.003996001052938,5.984127048462156e-05,0.0,,0.09338786639400136,0.0,0.0
2020-01-16,351.8526916503906,0.0030090683536727,6.023809550300477e-05,0.0,,0.09338786639400136,0.0,0.0
2020-01-17,350.9730224609375,-0.0025001064659387,6.043650801219637e-05,0.0,,0.09338786639400136,0.0,0.0
2020-01-20,348.3341064453125,-0.0075188571392796,6.043650801219637e-05,0.0,,0.09338786639400136,0.0,0.0
2020-01-21,339.01007080078125,-0.0267675070342131,5.964285797542996e-05,0.0,,0.09338786639400136,0.0,0.0
2020-01-22,343.9360046386719,0.0145303466243791,6.003968299381317e-05,0.0,,0.09338786639400136,0.0,0.0
2020-01-23,339.1859741210937,-0.0138107975132421,6.011904705138434e-05,0.0,,0.09338786639400136,0.0,0.0
2020-01-24,339.36187744140625,0.0005186043460916,5.912698450542632e-05,0.0,,0.09338786639400136,0.0,0.0
2020-01-29,337.0748596191406,-0.0067391712926284,6.031745956057594e-05,0.0,,0.09338786639400136,0.0,0.0
2020-01-30,329.86187744140625,-0.0213987545255801,6.063492052138797e-05,0.0,,0.09338786639400136,0.0,0.0
2020-01-31,328.10260009765625,-0.0053333757674453,5.992063454219273e-05,0.0,,0.09338786639400136,0.0,0.0
2020-02-03,334.2600402832031,0.018766813136239,6.023809550300477e-05,0.0,,0.09338786639400136,0.0,0.0
2020-02-04,345.6952514648437,0.0342105241534467,6.10317455397712e-05,0.0,,0.09338786639400136,0.0,0.0
2020-02-05,344.9915466308594,-0.0020356219271234,6.031745956057594e-05,0.0,,0.09338786639400136,0.0,0.0
2020-02-06,351.8526916503906,0.0198878641709812,6.071428457895915e-05,0.0,,0.09338786639400136,0.0,0.0
2020-02-07,353.9638366699219,0.0060000820503283,6.023809550300477e-05,0.0,,0.09338786639400136,0.0,0.0
2020-02-10,352.38043212890625,-0.0044733511646619,6.031745956057594e-05,0.0,,0.09338786639400136,0.0,0.0
2020-02-11,359.76934814453125,0.0209685764075628,6.10317455397712e-05,0.0,,0.09338786639400136,0.0,0.0
2020-02-12,361.5286254882813,0.0048900145407699,6.091269708815076e-05,0.0,,0.09338786639400136,0.0,0.0
2020-02-13,366.2786560058594,0.0131387397364806,6.130952210653396e-05,0.0,,0.09338786639400136,0.0,0.0
2020-02-14,365.0472106933594,-0.0033620449685178,6.091269708815076e-05,0.0,,0.09338786639400136,0.0,0.0
2020-02-17,366.45458984375,0.0038553346229313,6.091269708815076e-05,0.0,,0.09338786639400136,0.0,0.0
2020-02-18,359.0656433105469,-0.0201633346613386,6.091269708815076e-05,0.0,,0.09338786639400136,0.0,0.0
2020-02-19,361.8804626464844,0.0078392889667335,6.123015804896279e-05,0.0,,0.09338786639400136,0.0,0.0
2020-02-20,360.6490173339844,-0.0034029063174459,6.10317455397712e-05,0.0,,0.09338786639400136,0.0,0.0
2020-02-21,352.7322692871094,-0.0219513922577628,6.023809550300477e-05,0.0,,0.09338786639400136,0.0,0.0
2020-02-24,343.4082336425781,-0.0264337472252698,5.964285797542996e-05,0.0,,0.2112676056338028,0.0,0.052190290825736056
2020-02-25,353.26007080078125,0.028688412778294,5.912698450542632e-05,0.0,,0.2112676056338028,0.0,0.052190290825736056
2020-02-26,351.5007629394531,-0.0049802058221301,5.865079542947194e-05,0.0,,0.2112676056338028,0.0,0.026959600795030455
2020-02-27,351.1489562988281,-0.0010008702048979,5.535714210025848e-05,0.0,,0.2112676056338028,0.0,0.01957149842397606
2020-02-28,339.5378112792969,-0.0330661527287871,4.880952456640819e-05,0.0,,0.24129353233830847,0.0,0.24311446198162848
2020-03-02,342.7045288085937,0.0093265534031847,4.503968216124035e-05,0.0,,0.24129353233830847,0.0,0.24311446198162848
2020-03-03,346.5748596191406,0.0112934918718525,3.642857074737549e-05,0.0,,0.24129353233830847,0.0,0.24327457663181107
2020-03-04,346.5748596191406,0.0,2.6785714758767023e-05,0.0,,0.24129353233830847,0.0,0.24327457663181107
2020-03-05,357.306396484375,0.0309645566242962,2.361111224643768e-05,0.0,,0.24129353233830847,0.0,0.26255132354915023
2020-03-06,348.15826416015625,-0.0256030466127376,1.6468253637117052e-05,0.0,,0.24129353233830847,0.0,0.30408509765035613
2020-03-09,331.9729919433594,-0.0464882608943371,1.3095238615596102e-05,0.0,,1.0,0.0,0.6528594746730256
2020-03-10,336.89892578125,0.0148383572080799,1.547618990852719e-05,1.0,,0.15384615384615385,1.0,0.6528594746730256
2020-03-11,332.8526611328125,-0.0120103222028815,1.4603174631557764e-05,1.0,,0.15384615384615385,1.0,0.6405452556302308
2020-03-12,319.8340759277344,-0.0391121559934999,1.0833333409021768e-05,1.0,,0.23529411764705888,1.0,0.7775114196867189
2020-03-13,321.0655212402344,0.0038502630119319,9.642857171240303e-06,1.0,,0.23529411764705888,1.0,0.7307963210271273
2020-03-16,300.6580810546875,-0.0635616060756557,7.341269935880387e-06,1.0,,0.6956521739130435,1.0,1.0
2020-03-17,307.69512939453125,0.0234054854443235,6.547619307798051e-06,1.0,,0.6956521739130435,1.0,1.0
2020-03-18,293.7969665527344,-0.0451686150156002,1.1904762008242065e-07,1.0,,0.6956521739130435,1.0,1.0
2020-03-19,301.7136535644531,0.0269461155593577,-1.1111111454074327e-06,1.0,,0.6956521739130435,1.0,1.0
2020-03-20,316.3155822753906,0.0483966454233339,-1.309523802428016e-06,1.0,,0.6956521739130435,1.0,1.0
2020-03-23,306.11181640625,-0.0322581827798069,-1.5873015518226308e-06,1.0,,0.6956521739130435,1.0,1.0
2020-03-24,321.2414855957031,0.0494253027115232,-1.309523802428016e-06,1.0,,0.6956521739130435,1.0,1.0
2020-03-25,334.2600402832031,0.0405257579461091,-2.777777789604095e-06,1.0,,0.6956521739130435,1.0,1.0
2020-03-26,335.8433532714844,0.0047367701713305,-4.166666536577163e-06,1.0,,0.6956521739130435,1.0,1.0
2020-03-27,336.37115478515625,0.0015715705209899,-2.3015872353599167e-06,1.0,,0.6956521739130435,1.0,1.0
2020-03-30,331.269287109375,-0.0151673756896303,5.158730265167024e-07,1.0,,0.021739130434782594,1.0,0.5109197926103468
2020-03-31,334.4359436035156,0.0095591611337488,1.1904761638669722e-06,1.0,,0.021739130434782594,1.0,0.5085978076833462
2020-04-01,329.3341064453125,-0.0152550503490483,2.5000000402094805e-06,0.0,,0.2112676056338028,0.0,0.042614848871017734
2020-04-02,334.0841064453125,0.0144230430648966,2.5793649847545317e-06,0.0,,0.2112676056338028,0.0,0.04607161795934866
2020-04-03,331.0933532714844,-0.008952096541347,2.3015872353599167e-06,0.0,,0.2112676056338028,0.0,0.03202068950221582
2020-04-06,335.4915466308594,0.0132838467336087,2.3809523277339444e-06,0.0,,0.09338786639400136,0.0,0.0
2020-04-07,340.9452209472656,0.0162557726749725,5.0793653206219725e-06,0.0,,0.09338786639400136,0.0,0.0
2020-04-08,338.6582336425781,-0.0067077851929804,7.341269935880387e-06,0.0,,0.09338786639400136,0.0,0.0
2020-04-09,344.287841796875,0.0166232726538058,8.333333073154326e-06,0.0,,0.09338786639400136,0.0,0.0
2020-04-14,347.4545288085937,0.0091977892544545,6.547619307798051e-06,0.0,,0.09338786639400136,0.0,0.0
2020-04-15,347.4545288085937,0.0,4.563492146276289e-06,0.0,,0.09338786639400136,0.0,0.0
2020-04-16,357.8341369628906,0.0298732849731104,4.365079341426725e-06,0.0,,0.09338786639400136,0.0,0.0
2020-04-17,360.2971496582031,0.0068831127075166,4.087301592032112e-06,0.0,,0.09338786639400136,0.0,0.0
2020-04-20,359.41748046875,-0.0024415102653119,2.777777789604095e-06,0.0,,0.09338786639400136,0.0,0.0
2020-04-21,352.38043212890625,-0.0195790375322482,3.888888787182548e-06,0.0,,0.09338786639400136,0.0,0.0
2020-04-22,360.1212463378906,0.0219672078901154,3.690476277990945e-06,0.0,,0.09338786639400136,0.0,0.0
2020-04-23,362.0563659667969,0.0053735225249402,3.690476277990945e-06,0.0,,0.09338786639400136,0.0,0.0
2020-04-24,357.4822998046875,-0.0126335747471123,3.96825402738556e-06,0.0,,0.09338786639400136,0.0,0.0
2020-04-27,363.2879028320313,0.0162402530992884,3.690476277990945e-06,0.0,,0.09338786639400136,0.0,0.0
2020-04-28,366.9823303222656,0.0101694206204892,3.373015908494825e-06,0.0,,0.09338786639400136,0.0,0.0
2020-04-29,366.8064270019531,-0.0004793236779493,3.571428713344389e-06,0.0,,0.09338786639400136,0.0,0.0
2020-05-04,351.8526916503906,-0.0407673755167951,3.571428713344389e-06,0.0,,0.24129353233830847,0.0,0.30077437303613075
2020-05-05,357.1304626464844,0.0149999449239339,4.365079341426725e-06,0.0,,0.24129353233830847,0.0,0.30077437303613075
2020-05-06,360.6490173339844,0.0098522950448585,4.285714396881679e-06,0.0,,0.24129353233830847,0.0,0.31223729173647
2020-05-07,358.1860046386719,-0.0068293897305468,3.769841222535996e-06,0.0,,0.24129353233830847,0.0,0.2486605988173065
2020-05-08,367.8619689941406,0.0270137979434166,3.769841222535996e-06,0.0,,0.24129353233830847,0.0,0.2486605988173065
2020-05-11,382.6397705078125,0.0401721372668106,4.166666536577163e-06,0.0,,0.24129353233830847,0.0,0.24349811283206071
2020-05-12,379.1212158203125,-0.0091954756371258,4.880952515772409e-06,0.0,,0.24129353233830847,0.0,0.22874395128754
2020-05-13,377.8897705078125,-0.0032481572149305,4.563492146276289e-06,0.0,,0.24129353233830847,0.0,0.21371550155842395
2020-05-14,378.7693786621094,0.0023276844808866,4.166666536577163e-06,0.0,,0.24129353233830847,0.0,0.2119264191876257
2020-05-15,371.6242980957031,-0.0188639340161133,4.087301592032112e-06,0.0,,0.24129353233830847,0.0,0.25351833666122475
2020-05-18,373.2124328613281,0.00427349550006,4.166666536577163e-06,0.0,,0.09338786639400136,0.0,0.0
2020-05-19,379.3885498046875,0.0165485294688834,4.682539710922846e-06,0.0,,0.09338786639400136,0.0,0.0
2020-05-20,388.2115478515625,0.0232558364015391,4.682539710922846e-06,0.0,,0.09338786639400136,0.0,0.0
2020-05-21,382.3883361816406,-0.0150000990494709,4.365079341426725e-06,0.0,,0.09338786639400136,0.0,0.0
2020-05-22,363.8600158691406,-0.0484541984138835,4.365079341426725e-06,0.0,,0.24129353233830847,0.0,0.47390306273656946
2020-05-25,367.5657348632813,0.0101844633444787,4.365079341426725e-06,0.0,,0.24129353233830847,0.0,0.47390306273656946
2020-05-26,375.3299865722656,0.021123437177495,4.682539710922846e-06,0.0,,0.24129353233830847,0.0,0.500555402482166
2020-05-27,370.5655517578125,-0.0126939892492063,5.357143070016588e-06,0.0,,0.24129353233830847,0.0,0.49404708359488
2020-05-28,360.1544189453125,-0.0280952526836717,5.476190339005182e-06,0.0,,0.24129353233830847,0.0,0.5505499168803832
2020-05-29,362.0954895019531,0.0053895508552272,5.0793653206219725e-06,0.0,,0.6770584432504102,0.0,0.5733041649351739
2020-06-01,378.5061950683594,0.0453214857466974,5.0793653206219725e-06,0.0,,0.6770584432504102,0.0,0.5733041649351739
2020-06-02,379.7414245605469,0.003263432694845,5.753968088399794e-06,0.0,,0.6770584432504102,0.0,0.5733041649351739
2020-06-03,381.6824951171875,0.0051115586320005,5.87301594870431e-06,0.0,,0.6770584432504102,0.0,0.5733041649351739
2020-06-04,383.8000183105469,0.0055478656224703,5.55555557920819e-06,0.0,,0.9333333333333333,0.0,0.5933425544631877
2020-06-05,383.0941467285156,-0.0018391650556413,5.753968088399794e-06,0.0,,0.09338786639400136,0.0,0.0
2020-06-08,379.3885498046875,-0.0096728100793828,6.071428457895913e-06,0.0,,0.09338786639400136,0.0,0.0
2020-06-09,382.7412109375,0.0088370119091323,6.547619307798051e-06,0.0,,0.09338786639400136,0.0,0.0
2020-06-10,393.6817626953125,0.0285847236857883,6.547619307798051e-06,0.0,,0.09338786639400136,0.0,0.0
2020-06-11,390.3290100097656,-0.0085164033573527,6.071428457895913e-06,0.0,,0.09338786639400136,0.0,0.0
2020-06-12,389.09381103515625,-0.0031645072309087,5.952381188907317e-06,0.0,,0.09338786639400136,0.0,0.0
2020-06-15,382.5648193359375,-0.0167799937034435,6.150793698098924e-06,0.0,,0.09338786639400136,0.0,0.0
2020-06-16,395.9757690429688,0.0350553658601182,6.349206207290528e-06,0.0,,0.09338786639400136,0.0,0.0
2020-06-17,397.5638732910156,0.0040106096690843,6.547619307798051e-06,0.0,,0.09338786639400136,0.0,0.0
2020-06-18,404.0928955078125,0.0164225742212187,5.55555557920819e-06,0.0,,0.09338786639400136,0.0,0.0
2020-06-19,406.21038818359375,0.0052401135959598,5.674603439512706e-06,0.0,,0.09338786639400136,0.0,0.0
2020-06-22,418.3861083984375,0.0299739262437097,5.55555557920819e-06,0.0,,0.09338786639400136,0.0,0.0
2020-06-23,438.85546875,0.0489245697710143,5.55555557920819e-06,0.0,,0.09338786639400136,0.0,0.0
2020-06-24,433.0323181152344,-0.0132689485478028,5.357143070016588e-06,0.0,,0.09338786639400136,0.0,0.0
2020-06-26,427.9149475097656,-0.011817525832118,5.277777829813576e-06,0.0,,0.09338786639400136,0.0,0.0
2020-06-29,428.79730224609375,0.0020619862462458,4.96031746031746e-06,0.0,,0.09338786639400136,0.0,0.0
2020-06-30,439.9142150878906,0.0259257994011741,5.357143070016588e-06,0.0,,0.09338786639400136,0.0,0.0
2020-07-02,457.4719848632813,0.0399118036499066,5.277777829813576e-06,0.0,,0.09338786639400136,0.0,0.0
2020-07-03,462.7657775878906,0.0115718402432696,5.277777829813576e-06,0.0,,0.09338786639400136,0.0,0.0
2020-07-06,458.7954406738281,-0.0085795819534395,5.0793653206219725e-06,0.0,,0.09338786639400136,0.0,0.0
2020-07-07,455.2662048339844,-0.0076923951874072,5.55555557920819e-06,0.0,,0.09338786639400136,0.0,0.0
2020-07-08,479.08831787109375,0.0523256784364134,5.357143070016588e-06,0.0,,0.09338786639400136,0.0,0.0
2020-07-09,496.7342834472656,0.0368323854244339,4.880952515772409e-06,0.0,,0.09338786639400136,0.0,0.0
2020-07-10,482.1763305664063,-0.0293073245917901,4.761904655467893e-06,0.0,,0.09338786639400136,0.0,0.0
2020-07-13,477.3236999511719,-0.0100640166420739,4.96031746031746e-06,0.0,,0.09338786639400136,0.0,0.0
2020-07-14,463.2069091796875,-0.0295748792128454,5.277777829813576e-06,0.0,,0.2112676056338028,0.0,0.10398411914591556
2020-07-15,479.08831787109375,0.0342857767806858,4.96031746031746e-06,0.0,,0.2112676056338028,0.0,0.1021152944038062
2020-07-16,452.6193542480469,-0.0552486099862881,4.087301592032112e-06,0.0,,1.0,0.0,0.721184110151707
2020-07-17,459.67767333984375,0.0155943819581536,4.166666536577163e-06,1.0,,0.23529411764705888,1.0,0.7212345084678623
2020-07-20,461.0011901855469,0.0028792280383924,4.166666536577163e-06,1.0,,0.23529411764705888,1.0,0.7774068976306033
2020-07-21,497.6166076660156,0.0794258632298356,4.365079341426725e-06,1.0,,0.23529411764705888,1.0,0.6820887899882668
2020-07-22,475.55908203125,-0.0443263454132341,3.96825402738556e-06,1.0,,0.30000000000000004,1.0,0.8902173645430622
2020-07-23,491.4405212402344,0.0333953020961141,4.087301592032112e-06,1.0,,0.30000000000000004,1.0,0.8952773368850575
2020-07-24,465.8538208007813,-0.0520646941666117,3.888888787182548e-06,1.0,,0.34375,1.0,0.9522033447265069
2020-07-27,458.7954406738281,-0.0151514913300918,3.690476277990945e-06,1.0,,0.34375,1.0,0.9487725954656215
2020-07-28,479.5294799804688,0.0451923394796356,4.087301592032112e-06,1.0,,0.34375,1.0,0.945004071062483
2020-07-29,477.7648315429688,-0.0036799581906243,3.571428713344389e-06,1.0,,0.34375,1.0,0.9338150615550355
2020-07-30,472.0299072265625,-0.0120036552248624,3.373015908494825e-06,1.0,,0.23529411764705888,1.0,0.7195946156248558
2020-07-31,471.1475830078125,-0.0018692125334476,3.2936506682918174e-06,1.0,,0.23529411764705888,1.0,0.698576310126491
2020-08-03,475.55908203125,0.0093633060691395,3.0952381591002142e-06,1.0,,0.23529411764705888,1.0,0.7025951966597409
2020-08-04,485.2644348144531,0.0204083007767379,3.571428713344389e-06,1.0,,0.25,1.0,0.8463821703164114
2020-08-05,494.96966552734375,0.0199998805117493,3.769841222535996e-06,1.0,,0.021739130434782594,1.0,0.5547653628935534
2020-08-06,490.1170349121094,-0.0098038949721582,3.492063473141381e-06,1.0,,0.021739130434782594,1.0,0.5314438665637814
2020-08-07,465.4126586914063,-0.0504050552438627,3.492063473141381e-06,0.0,,0.24129353233830847,0.0,0.48656069375650723
2020-08-10,442.9140319824219,-0.048341243601417,3.492063473141381e-06,0.0,,1.0,0.0,0.8839215441635747
2020-08-11,453.06048583984375,0.022908404622016,3.96825402738556e-06,1.0,,0.30000000000000004,1.0,0.8839215441635747
2020-08-12,459.236572265625,0.0136319246961751,3.96825402738556e-06,1.0,,0.30000000000000004,1.0,0.9037897758034431
2020-08-13,449.972412109375,-0.0201729581565023,3.571428713344389e-06,1.0,,0.34375,1.0,0.9179795443814108
2020-08-14,446.8843994140625,-0.006862671159853,3.492063473141381e-06,1.0,,0.30000000000000004,1.0,0.8953633593932356
2020-08-17,445.1197509765625,-0.0039487805790797,3.373015908494825e-06,1.0,,0.30000000000000004,1.0,0.8715004338211372
2020-08-18,451.7370300292969,0.0148662894383286,3.96825402738556e-06,1.0,,0.30000000000000004,1.0,0.8715004338211372
2020-08-19,446.4432373046875,-0.0117187486805455,3.769841222535996e-06,1.0,,0.25,1.0,0.8181941475737667
2020-08-20,448.2078247070313,0.0039525459339404,3.492063473141381e-06,1.0,,0.30000000000000004,1.0,0.8682468683344673
2020-08-21,457.0307922363281,0.0196849921909862,3.492063473141381e-06,1.0,,0.021739130434782594,1.0,0.4703054078332642
2020-08-24,483.4997863769531,0.0579151221104989,3.373015908494825e-06,1.0,,0.0,1.0,0.0
2020-08-25,480.4117126464844,-0.006386918500231,3.769841222535996e-06,0.0,,0.09338786639400136,0.0,0.0
2020-08-26,486.5878601074219,0.0128559468854629,3.690476277990945e-06,0.0,,0.09338786639400136,0.0,0.0
2020-08-27,492.32275390625,0.0117859368656711,3.769841222535996e-06,0.0,,0.09338786639400136,0.0,0.0
2020-08-28,476.882568359375,-0.0313619174096007,3.769841222535996e-06,0.0,,0.09338786639400136,0.0,0.0
2020-08-31,468.0595397949219,-0.0185014700680025,3.769841222535996e-06,0.0,,0.2112676056338028,0.0,0.03918177719617042
2020-09-01,475.55908203125,0.0160226244712671,3.96825402738556e-06,0.0,,0.2112676056338028,0.0,0.03914901700394066
2020-09-02,480.8529357910156,0.0111318529280399,3.96825402738556e-06,0.0,,0.2112676056338028,0.0,0.03682116723124882
2020-09-03,471.1475830078125,-0.0201836196907846,3.96825402738556e-06,0.0,,0.2112676056338028,0.0,0.09471591352419147
2020-09-04,457.0307922363281,-0.0299625664666739,4.087301592032112e-06,0.0,,0.24129353233830847,0.0,0.22425328204725722
2020-09-07,450.8546752929688,-0.0135135685565923,4.087301592032112e-06,0.0,,0.24129353233830847,0.0,0.2153528673696415
2020-09-08,448.6489868164063,-0.0048922382253865,4.285714396881679e-06,0.0,,0.24129353233830847,0.0,0.22293776226541936
2020-09-09,444.6786804199219,-0.0088494714423797,4.166666536577163e-06,0.0,,0.24129353233830847,0.0,0.16546391174909672
2020-09-10,446.4432373046875,0.0039681616467408,4.087301592032112e-06,0.0,,0.24129353233830847,0.0,0.16546391174909655
2020-09-11,455.2662048339844,0.0197627980268304,4.087301592032112e-06,0.0,,0.2112676056338028,0.0,0.037774516379310404
2020-09-14,467.1772766113281,0.0261628727343976,3.96825402738556e-06,0.0,,0.2112676056338028,0.0,0.02732500182125186
2020-09-15,467.1772766113281,0.0,3.96825402738556e-06,0.0,,0.2112676056338028,0.0,0.02732500182125186
2020-09-16,471.5887451171875,0.0094428148086695,3.96825402738556e-06,0.0,,0.2112676056338028,0.0,0.02732500182125186
2020-09-17,464.9715576171875,-0.0140316908927834,3.373015908494825e-06,0.0,,0.09338786639400136,0.0,0.0
2020-09-18,463.2069091796875,-0.0037951750135926,3.2936506682918174e-06,0.0,,0.09338786639400136,0.0,0.0
2020-09-21,455.7073669433594,-0.0161904800807254,3.1746031036452616e-06,0.0,,0.09338786639400136,0.0,0.0
2020-09-22,451.2958984375,-0.0096804853857183,3.492063473141381e-06,0.0,,0.09338786639400136,0.0,0.0
2020-09-23,453.5016784667969,0.0048876580463812,3.492063473141381e-06,0.0,,0.09338786639400136,0.0,0.0
2020-09-24,445.5609436035156,-0.0175098246386372,3.690476277990945e-06,0.0,,0.09338786639400136,0.0,0.0
2020-09-25,444.2375183105469,-0.0029702452873571,3.571428713344389e-06,0.0,,0.09338786639400136,0.0,0.0
2020-09-28,446.4432373046875,0.0049651794439358,3.492063473141381e-06,0.0,,0.09338786639400136,0.0,0.0
2020-09-29,446.0020751953125,-0.0009881706620497,3.373015908494825e-06,0.0,,0.09338786639400136,0.0,0.0
2020-09-30,451.2958984375,0.0118695036113212,3.373015908494825e-06,0.0,,0.09338786639400136,0.0,0.0
2020-10-05,463.2069091796875,0.0263929071445727,3.373015908494825e-06,0.0,,0.09338786639400136,0.0,0.0
2020-10-06,465.4126586914063,0.0047619097815814,3.492063473141381e-06,0.0,,0.09338786639400136,0.0,0.0
2020-10-07,472.0299072265625,0.0142180243953007,3.492063473141381e-06,0.0,,0.09338786639400136,0.0,0.0
2020-10-08,472.0299072265625,0.0,3.492063473141381e-06,0.0,,0.09338786639400136,0.0,0.0
2020-10-09,476.0002136230469,0.0084111331415674,3.690476277990945e-06,0.0,,0.09338786639400136,0.0,0.0
2020-10-12,491.4405212402344,0.0324376064869058,3.571428713344389e-06,0.0,,0.09338786639400136,0.0,0.0
2020-10-14,505.9983825683594,0.0296228347051759,3.96825402738556e-06,0.0,,0.09338786639400136,0.0,0.0
2020-10-15,487.0289306640625,-0.0374891552182662,3.769841222535996e-06,0.0,,0.2112676056338028,0.0,0.10441735784349879
2020-10-16,491.4405212402344,0.0090581694400713,3.571428713344389e-06,0.0,,0.2112676056338028,0.0,0.08109017973462967
2020-10-19,495.4107666015625,0.008078791206123,3.571428713344389e-06,0.0,,0.2112676056338028,0.0,0.08124798401054813
2020-10-20,498.0577087402344,0.0053429241290605,3.769841222535996e-06,0.0,,0.2112676056338028,0.0,0.05566645579308555
2020-10-21,499.8222961425781,0.0035429376383051,3.571428713344389e-06,0.0,,0.2112676056338028,0.0,0.054996331542334985
2020-10-22,497.1755065917969,-0.0052954611493085,3.373015908494825e-06,0.0,,0.2112676056338028,0.0,0.0837026879837458
2020-10-23,495.4107666015625,-0.0035495312356231,3.2936506682918174e-06,0.0,,0.2112676056338028,0.0,0.095213954240543
2020-10-27,516.1448974609375,0.0418524026064426,3.571428713344389e-06,0.0,,0.2112676056338028,0.0,0.07430545193183888
2020-10-28,530.2615356445312,0.027350145769216,3.571428713344389e-06,0.0,,0.2112676056338028,0.0,0.056530874485699226
2020-10-29,533.7908325195312,0.0066557663299302,3.2936506682918174e-06,0.0,,0.2112676056338028,0.0,0.056885655473475606
2020-10-30,521.4385986328125,-0.0231405882870174,3.2936506682918174e-06,0.0,,0.09338786639400136,0.0,0.0
2020-11-02,530.7027587890625,0.0177665408363327,3.2936506682918174e-06,0.0,,0.09338786639400136,0.0,0.0
2020-11-03,527.61474609375,-0.0058187236530644,3.571428713344389e-06,0.0,,0.09338786639400136,0.0,0.0
2020-11-04,519.23291015625,-0.0158862806613268,3.2936506682918174e-06,0.0,,0.09338786639400136,0.0,0.0
2020-11-05,551.436767578125,0.0620219881905867,3.373015908494825e-06,0.0,,0.09338786639400136,0.0,0.0
2020-11-06,542.172607421875,-0.0168000407316646,3.2936506682918174e-06,0.0,,0.09338786639400136,0.0,0.0
2020-11-09,549.2310791015625,0.0130188644410711,3.492063473141381e-06,0.0,,0.09338786639400136,0.0,0.0
2020-11-10,524.9678344726562,-0.0441767510108792,3.571428713344389e-06,0.0,,0.24129353233830847,0.0,0.34884448115033023
2020-11-11,486.1466674804688,-0.0739496107055479,3.571428713344389e-06,0.0,,1.0,0.0,1.0
2020-11-12,509.0865783691406,0.0471872223408658,3.373015908494825e-06,1.0,,0.6956521739130435,1.0,1.0
2020-11-13,531.1439208984375,0.0433272914009197,3.2936506682918174e-06,1.0,,0.6956521739130435,1.0,1.0
2020-11-16,526.7324829101562,-0.0083055417085811,2.9761905944536585e-06,1.0,,0.34375,1.0,0.9980365256741578
2020-11-17,513.0567626953125,-0.025963312798342,3.1746031036452616e-06,1.0,,0.34375,1.0,0.9949797393472058
2020-11-18,519.6740112304688,0.0128976928408328,2.9761905944536585e-06,1.0,,0.6956521739130435,1.0,1.0
2020-11-19,505.5572509765625,-0.0271646454293164,2.3809523277339444e-06,1.0,,0.6956521739130435,1.0,1.0
2020-11-20,518.791748046875,0.0261780382829996,2.3015872353599167e-06,1.0,,0.6956521739130435,1.0,1.0
2020-11-23,517.0271606445312,-0.0034013405359414,2.777777789604095e-06,1.0,,0.6956521739130435,1.0,1.0
2020-11-24,515.2625732421875,-0.0034129491381922,3.1746031036452616e-06,1.0,,0.6956521739130435,1.0,1.0
2020-11-25,505.5572509765625,-0.0188356825619143,3.1746031036452616e-06,1.0,,0.0,1.0,0.058081856411911915
2020-11-26,517.0271606445312,0.0226876573242948,3.1746031036452616e-06,1.0,,0.0,1.0,0.06611550252591661
2020-11-27,514.3802490234375,-0.005119482732385,2.896825354250651e-06,0.0,,0.2112676056338028,0.0,0.048508622282568394
2020-11-30,496.7342834472656,-0.0343052938165358,2.9761905944536585e-06,0.0,,0.24129353233830847,0.0,0.28591065231493273
2020-12-01,509.9687805175781,0.0266430111859139,3.1746031036452616e-06,0.0,,0.24129353233830847,0.0,0.2360912879264406
2020-12-02,506.4396057128906,-0.0069203742258607,2.9761905944536585e-06,0.0,,0.24129353233830847,0.0,0.20190273537570158
2020-12-03,519.6740112304688,0.0261322482844694,2.9761905944536585e-06,0.0,,0.2112676056338028,0.0,0.07663742940506553
2020-12-04,519.23291015625,-0.00084880341269,2.9761905944536585e-06,0.0,,0.2112676056338028,0.0,0.07455936025538519
2020-12-07,514.8214111328125,-0.008496185309421,2.777777789604095e-06,0.0,,0.2112676056338028,0.0,0.06717524293104167
2020-12-08,514.3802490234375,-0.0008569226140076,2.698412845059044e-06,0.0,,0.2112676056338028,0.0,0.08005819546665983
2020-12-09,516.1448974609375,0.0034306302406639,2.777777789604095e-06,0.0,,0.2112676056338028,0.0,0.03189106649582497
2020-12-10,509.9687805175781,-0.0119658587612537,2.777777789604095e-06,0.0,,0.2112676056338028,0.0,0.030273641130871484
2020-12-11,518.791748046875,0.0173009954067036,2.5793649847545317e-06,0.0,,0.2112676056338028,0.0,0.04927673545698822
2020-12-14,503.7925720214844,-0.0289117475014952,2.3809523277339444e-06,0.0,,0.09338786639400136,0.0,0.0
2020-12-15,494.0873718261719,-0.019264278066606,2.777777789604095e-06,0.0,,0.09338786639400136,0.0,0.0
2020-12-16,504.2337951660156,0.020535686436069,2.9761905944536585e-06,0.0,,0.09338786639400136,0.0,0.0
2020-12-17,514.3802490234375,0.0201225184719744,3.1746031036452616e-06,0.0,,0.09338786639400136,0.0,0.0
2020-12-18,511.73333740234375,-0.0051458267033366,3.1746031036452616e-06,0.0,,0.09338786639400136,0.0,0.0
2020-12-21,504.6750183105469,-0.0137929632015499,3.0952381591002142e-06,0.0,,0.09338786639400136,0.0,0.0
2020-12-22,505.11614990234375,0.0008740904062849,3.0952381591002142e-06,0.0,,0.09338786639400136,0.0,0.00308051119556505
2020-12-23,503.7925720214844,-0.0026203436202054,2.9761905944536585e-06,0.0,,0.09338786639400136,0.0,0.0
2020-12-24,491.881591796875,-0.0236426277124653,2.9761905944536585e-06,0.0,,0.2112676056338028,0.0,0.08692993317379781
2020-12-28,457.9131164550781,-0.0690582365924853,3.1746031036452616e-06,0.0,,1.0,0.0,1.0
2020-12-29,468.0595397949219,0.0221579661626467,3.571428713344389e-06,1.0,,0.6956521739130435,1.0,1.0
2020-12-30,493.646240234375,0.0546654821962688,2.777777789604095e-06,1.0,,0.6956521739130435,1.0,1.0
2020-12-31,499.3811645507813,0.0116174779609046,2.5793649847545317e-06,1.0,,0.6956521739130435,1.0,1.0
2021-01-04,505.11614990234375,0.0114841843438795,2.698412845059044e-06,1.0,,0.6292134831460674,1.0,1.0
2021-01-05,514.8214111328125,0.0192139198723799,3.0952381591002142e-06,1.0,,0.6292134831460674,1.0,1.0
2021-01-06,526.2913208007812,0.0222793951843036,3.0952381591002142e-06,1.0,,0.6292134831460674,1.0,1.0
2021-01-07,501.5868835449219,-0.0469406130776965,3.1746031036452616e-06,1.0,,0.6292134831460674,1.0,1.0
2021-01-08,505.5572509765625,0.0079156125526655,3.1746031036452616e-06,1.0,,0.6292134831460674,1.0,1.0
2021-01-11,521.4385986328125,0.031413549356819,3.1746031036452616e-06,1.0,,0.6292134831460674,1.0,1.0
2021-01-12,520.5563354492188,-0.0016919790477862,3.1746031036452616e-06,1.0,,0.009623437363386111,1.0,0.39223343722173115
2021-01-13,525.8501586914062,0.0101695491567097,3.1746031036452616e-06,1.0,,0.009268770359974532,1.0,0.39089167712774
2021-01-14,555.4072265625,0.0562081562258103,2.9761905944536585e-06,0.0,,0.24390243902439024,0.0,0.3859819421717077
2021-01-15,569.0828247070312,0.0246226507155329,2.9761905944536585e-06,0.0,,0.24390243902439024,0.0,0.385521634153259
2021-01-18,579.6702880859375,0.0186044331672754,2.9761905944536585e-06,0.0,,0.24390243902439024,0.0,0.3876269538707925
2021-01-19,577.90576171875,-0.0030440172688752,2.896825354250651e-06,0.0,,0.24390243902439024,0.0,0.367377923033891
2021-01-20,599.5220336914062,0.0374044929200347,2.9761905944536585e-06,0.0,,0.24390243902439024,0.0,0.3553325400465626
2021-01-21,602.1690063476562,0.0044151382392936,2.896825354250651e-06,0.0,,0.11096938775510204,0.0,0.0
2021-01-22,609.6685180664062,0.0124541642623503,2.777777789604095e-06,0.0,,0.11096938775510204,0.0,0.0
2021-01-25,676.2821044921875,0.1092619750763079,2.777777789604095e-06,0.0,,0.11096938775510204,0.0,0.0
2021-01-26,633.9317016601562,-0.0626223916775554,2.698412845059044e-06,0.0,,0.9916271779169894,0.0,0.6342661428410153
2021-01-27,618.9326782226562,-0.0236603145074149,2.3809523277339444e-06,1.0,,0.1333333333333333,1.0,0.6727074585940772
2021-01-28,600.8455810546875,-0.0292230444511479,2.182539670713361e-06,1.0,,0.2033898305084746,1.0,0.7434977614035678
2021-01-29,601.2867431640625,0.0007342354230193,1.90476192131875e-06,1.0,,0.2033898305084746,1.0,0.7363128203841164
2021-02-01,628.19677734375,0.0447540786249216,1.90476192131875e-06,1.0,,0.2033898305084746,1.0,0.7230299043612836
2021-02-02,639.2255859375,0.0175562960389321,1.984127013692778e-06,1.0,,0.2033898305084746,1.0,0.7474190229305637
2021-02-03,649.3720703125,0.015873088621944,1.5873015518226308e-06,1.0,,0.2033898305084746,1.0,0.7521973530215922
2021-02-04,648.9308471679688,-0.00067946122832,1.1904761638669722e-06,1.0,,0.2033898305084746,1.0,0.7450126327496663
2021-02-05,646.72509765625,-0.0033990517192162,9.126984144723572e-07,1.0,,0.2033898305084746,1.0,0.7216138751075473
2021-02-08,649.8131713867188,0.0047749402979102,7.936507759113135e-07,1.0,,0.28205128205128205,1.0,0.9643356091687736
2021-02-09,653.3423461914062,0.0054310607418992,1.309523802428016e-06,1.0,,0.0,1.0,0.06377140634821027
2021-02-10,671.4295043945312,0.0276840439144381,1.3888888948020476e-06,1.0,,0.0,1.0,0.0
2021-02-11,667.9002685546875,-0.0052563013938838,1.3888888948020476e-06,0.0,,0.11096938775510204,0.0,0.0
2021-02-16,657.3126831054688,-0.0158520455039341,1.3888888948020476e-06,0.0,,0.11096938775510204,0.0,0.0
2021-02-17,668.3414306640625,0.0167785406277094,1.3888888948020476e-06,0.0,,0.11096938775510204,0.0,0.0
2021-02-18,659.5183715820312,-0.0132014247168018,9.126984144723572e-07,0.0,,0.11096938775510204,0.0,0.0
2021-02-19,653.7835693359375,-0.0086954397226832,9.126984144723572e-07,0.0,,0.11096938775510204,0.0,0.0
2021-02-22,629.520263671875,-0.0371121374137732,9.92063506846389e-07,0.0,,0.24390243902439024,0.0,0.12578143856179222
2021-02-23,623.7852783203125,-0.0091100885587246,9.126984144723572e-07,0.0,,0.24390243902439024,0.0,0.11390415516211877
2021-02-24,606.1393432617188,-0.0282884762944543,1.1111111454074327e-06,0.0,,0.24390243902439024,0.0,0.20452085380230456
2021-02-25,610.109619140625,0.0065501042343525,1.309523802428016e-06,0.0,,0.24390243902439024,0.0,0.20452085380230456
2021-02-26,584.5230102539062,-0.0419377241138386,1.3888888948020476e-06,0.0,,0.24390243902439024,0.0,0.4245055130518038
2021-03-01,614.96240234375,0.0520756096096566,1.1111111454074327e-06,0.0,,0.24390243902439024,0.0,0.4536041116526027
2021-03-02,615.8446044921875,0.0014345627392426,1.3888888948020476e-06,0.0,,0.24390243902439024,0.0,0.5329317488532826
2021-03-03,637.902099609375,0.0358166572480984,1.3888888948020476e-06,0.0,,0.24390243902439024,0.0,0.5003396651023271
2021-03-04,608.7862548828125,-0.0456431241477208,1.1111111454074327e-06,0.0,,1.0,0.0,0.798188879743719
2021-03-05,599.0809326171875,-0.015942085071374,1.1111111454074327e-06,1.0,,0.2033898305084746,1.0,0.7783688113188014
2021-03-08,566.8770751953125,-0.0537554371513493,1.3888888948020476e-06,1.0,,0.6292134831460674,1.0,1.0
2021-03-09,568.2005004882812,0.0023345895448545,1.3888888948020476e-06,1.0,,0.6292134831460674,1.0,1.0
2021-03-10,580.9937744140625,0.0225154217829575,1.1904761638669722e-06,1.0,,0.6292134831460674,1.0,1.0
2021-03-11,600.4043579101562,0.0334092796702847,1.1111111454074327e-06,1.0,,0.6292134831460674,1.0,1.0
2021-03-12,573.9354858398438,-0.0440850765348262,9.92063506846389e-07,1.0,,0.6292134831460674,1.0,1.0
2021-03-15,554.0836181640625,-0.0345890229225535,5.952380819334841e-07,1.0,,0.6292134831460674,1.0,1.0
2021-03-16,556.2894287109375,0.0039810066108503,3.17460332538873e-07,1.0,,0.6292134831460674,1.0,1.0
2021-03-17,550.9957275390625,-0.0095160916218411,3.17460332538873e-07,1.0,,0.6292134831460674,1.0,1.0
2021-03-18,565.1124877929688,0.0256204532056112,1.1904762008242065e-07,1.0,,0.28205128205128205,1.0,0.9556101389121531
2021-03-19,554.0836181640625,-0.019516237682128,1.9841269397782539e-07,1.0,,0.28205128205128205,1.0,0.9586718911038645
2021-03-22,558.9363403320312,0.0087581043887348,1.9841269397782539e-07,1.0,,0.019607843137254943,1.0,0.567812610056694
2021-03-23,554.5248413085938,-0.0078926681003007,3.9682538795565474e-07,1.0,,0.019607843137254943,1.0,0.5325060948217714
2021-03-24,550.1134033203125,-0.0079553478215167,5.952380819334841e-07,0.0,,0.24390243902439024,0.0,0.492137774078191
2021-03-25,534.673095703125,-0.028067499399205,5.952380819334841e-07,0.0,,0.24390243902439024,0.0,0.4971054712269241
2021-03-26,547.0252685546875,0.0231022898867179,5.952380819334841e-07,0.0,,0.24390243902439024,0.0,0.21114290427021903
2021-03-29,539.9668579101562,-0.0129032625187142,3.17460332538873e-07,0.0,,0.11096938775510204,0.0,0.0
2021-03-30,537.7611694335938,-0.0040848589950487,5.158730265167024e-07,0.0,,0.11096938775510204,0.0,0.0
2021-03-31,538.2023315429688,0.0008203681010283,5.158730265167024e-07,0.0,,0.11096938775510204,0.0,0.0
2021-04-01,577.0234985351562,0.0721311757994271,3.17460332538873e-07,0.0,,0.11096938775510204,0.0,0.0
2021-04-07,555.4072265625,-0.0374616840172571,3.9682538795565474e-07,0.0,,0.24390243902439024,0.0,0.1841219809041472
2021-04-08,547.0252685546875,-0.0150915537410085,1.9841269397782539e-07,0.0,,0.24390243902439024,0.0,0.1537407120659926
2021-04-09,547.4664306640625,0.0008064748280103,1.1904762008242065e-07,0.0,,0.24390243902439024,0.0,0.1890131386265318
2021-04-12,541.2904663085938,-0.0112809918737436,3.9682538795565474e-07,0.0,,0.24390243902439024,0.0,0.18667799281593986
2021-04-13,536.437744140625,-0.0089650981682026,5.952380819334841e-07,0.0,,0.24390243902439024,0.0,0.08294082512320701
2021-04-14,550.1134033203125,0.0254934693336985,5.952380819334841e-07,0.0,,0.24390243902439024,0.0,0.08254580076145075
2021-04-15,547.0252685546875,-0.0056136330200027,3.9682538795565474e-07,0.0,,0.24390243902439024,0.0,0.07961323958418427
2021-04-16,557.6128540039062,0.0193548379898291,3.17460332538873e-07,0.0,,0.24390243902439024,0.0,0.09525577066360327
2021-04-19,553.2013549804688,-0.0079114012379036,5.952380819334841e-07,0.0,,0.24390243902439024,0.0,0.07392617629714066
2021-04-20,549.2310791015625,-0.0071769091726943,5.952380819334841e-07,0.0,,0.24390243902439024,0.0,0.07689716794816857
2021-04-21,537.3200073242188,-0.0216868131294172,5.158730265167024e-07,0.0,,0.11096938775510204,0.0,0.0
2021-04-22,547.9075927734375,0.0197044318188401,5.952380819334841e-07,0.0,,0.11096938775510204,0.0,0.0
2021-04-23,557.6128540039062,0.017713317644207,5.952380819334841e-07,0.0,,0.11096938775510204,0.0,0.0
2021-04-26,554.5248413085938,-0.0055379151917664,3.17460332538873e-07,0.0,,0.11096938775510204,0.0,0.0
2021-04-27,551.436767578125,-0.0055688645492983,3.9682538795565474e-07,0.0,,0.11096938775510204,0.0,0.0
2021-04-28,554.0836181640625,0.0047999167657286,3.17460332538873e-07,0.0,,0.11096938775510204,0.0,0.0
2021-04-29,557.1718139648438,0.0055735194103263,3.17460332538873e-07,0.0,,0.11096938775510204,0.0,0.0
2021-04-30,549.6722412109375,-0.0134600720387113,1.1904762008242065e-07,0.0,,0.11096938775510204,0.0,0.0
2021-05-03,550.9957275390625,0.0024077736310812,1.9841269397782539e-07,0.0,,0.11096938775510204,0.0,0.0
2021-05-04,548.7899169921875,-0.0040033169707629,3.9682538795565474e-07,0.0,,0.11096938775510204,0.0,0.0
2021-05-05,538.6434326171875,-0.0184888316290702,3.17460332538873e-07,0.0,,0.11096938775510204,0.0,0.0
2021-05-06,538.6434326171875,0.0,3.17460332538873e-07,0.0,,0.11096938775510204,0.0,0.0
2021-05-07,529.3793334960938,-0.0171989456477374,3.17460332538873e-07,0.0,,0.11096938775510204,0.0,0.0
2021-05-10,524.9678344726562,-0.0083333419805101,1.9841269397782539e-07,0.0,,0.11096938775510204,0.0,0.0
2021-05-11,515.7036743164062,-0.0176471005419904,3.9682538795565474e-07,0.0,,0.11096938775510204,0.0,0.0
2021-05-12,528.055908203125,0.0239521929004913,3.9682538795565474e-07,0.0,,0.11096938775510204,0.0,0.0
2021-05-13,511.73333740234375,-0.0309106868178482,3.17460332538873e-07,0.0,,0.11096938775510204,0.0,0.006230471151881562
2021-05-14,514.3802490234375,0.0051724431996749,1.9841269397782539e-07,0.0,,0.24390243902439024,0.0,0.05251641596162193
2021-05-17,529.8203735351562,0.0300169466868764,1.9841269397782539e-07,0.0,,0.24390243902439024,0.0,0.05139234135027946
2021-05-18,535.9965209960938,0.011657059202401,3.9682538795565474e-07,0.0,,0.24390243902439024,0.0,0.07962764612572454
2021-05-20,537.3200073242188,0.0024692069375105,1.1904762008242065e-07,0.0,,0.24390243902439024,0.0,0.06422641802436665
2021-05-21,519.23291015625,-0.0336616856276021,1.1904762008242065e-07,0.0,,0.24390243902439024,0.0,0.2810628938573677
2021-05-24,518.1139526367188,-0.0021550204111571,1.1904762008242065e-07,0.0,,0.24390243902439024,0.0,0.28499672409965543
2021-05-25,539.7943725585938,0.0418448872328989,3.9682538795565474e-07,0.0,,0.24390243902439024,0.0,0.2983593449590157
2021-05-26,546.8736572265625,0.0131147804198352,1.9841269397782539e-07,0.0,,0.24390243902439024,0.0,0.2860719621794142
2021-05-27,535.8121948242188,-0.0202267237709735,1.9841269397782539e-07,0.0,,0.24390243902439024,0.0,0.326407174518754
2021-05-28,532.2725219726562,-0.0066061819528459,3.17460332538873e-07,0.0,,0.24390243902439024,0.0,0.10271266316457409
2021-05-31,547.7584838867188,0.0290940472686245,3.17460332538873e-07,0.0,,0.24390243902439024,0.0,0.09901633643979242
2021-06-01,555.72265625,0.0145395691669987,3.9682538795565474e-07,0.0,,0.24390243902439024,0.0,0.10352356882251627
2021-06-02,556.1651611328125,0.0007962692861913,5.952380819334841e-07,0.0,,0.24390243902439024,0.0,0.10204961237645431
2021-06-03,544.661376953125,-0.0206841150500263,5.952380819334841e-07,0.0,,0.24390243902439024,0.0,0.1525529831591866
2021-06-04,541.1216430664062,-0.006498962541681,5.952380819334841e-07,0.0,,0.11096938775510204,0.0,0.0
2021-06-07,531.3876342773438,-0.0179885778249456,7.142856835372857e-07,0.0,,0.11096938775510204,0.0,0.0
2021-06-08,531.830078125,0.0008326197659038,7.936507759113135e-07,0.0,,0.11096938775510204,0.0,0.0
2021-06-09,533.6000366210938,0.0033280526410499,7.936507759113135e-07,0.0,,0.11096938775510204,0.0,0.0
2021-06-10,531.3876342773438,-0.0041461810193259,7.936507759113135e-07,0.0,,0.11096938775510204,0.0,0.0
2021-06-11,527.405517578125,-0.0074938076130321,7.142856835372857e-07,0.0,,0.11096938775510204,0.0,0.0
2021-06-15,530.9452514648438,0.0067115981322558,7.936507759113135e-07,0.0,,0.11096938775510204,0.0,0.0
2021-06-16,527.8480224609375,-0.0058334244356855,1.1111111454074327e-06,0.0,,0.11096938775510204,0.0,0.0
2021-06-17,530.060302734375,0.0041911311197555,1.1111111454074327e-06,0.0,,0.11096938775510204,0.0,0.0
2021-06-18,533.6000366210938,0.0066779833699273,1.1111111454074327e-06,0.0,,0.11096938775510204,0.0,0.0
2021-06-21,522.5386352539062,-0.0207297612594471,1.1904761638669722e-06,0.0,,0.11096938775510204,0.0,0.0
2021-06-22,507.4951171875,-0.0287892933679372,1.5079364594485992e-06,0.0,,0.11096938775510204,0.0,0.0
2021-06-23,515.4593505859375,0.0156932217251166,1.5873015518226308e-06,0.0,,0.11096938775510204,0.0,0.0
2021-06-24,515.9017944335938,0.000858348669305,1.7063492642981665e-06,0.0,,0.11096938775510204,0.0,0.0
2021-06-25,529.6178588867188,0.026586580238946,1.7063492642981665e-06,0.0,,0.11096938775510204,0.0,0.003055769078005531
2021-06-28,526.963134765625,-0.0050125275735114,1.5873015518226308e-06,0.0,,0.11096938775510204,0.0,0.0028301650900404056
2021-06-29,522.5386352539062,-0.0083962220880718,1.5873015518226308e-06,0.0,,0.20438992741710793,0.0,0.017815883186249604
2021-06-30,516.7866821289062,-0.0110077087834952,1.5873015518226308e-06,0.0,,0.24,0.0,0.03704762045364296
2021-07-02,508.3800354003906,-0.0162671504882524,1.5079364594485992e-06,0.0,,0.24390243902439024,0.0,0.057794137166620185
2021-07-05,490.2394104003906,-0.0356831970903672,1.5079364594485992e-06,0.0,,0.24390243902439024,0.0,0.21264205487745613
2021-07-06,494.6639709472656,0.0090253057037199,1.5873015518226308e-06,0.0,,0.24390243902439024,0.0,0.232217077119099
2021-07-07,485.3724060058594,-0.0187835894407535,1.7063492642981665e-06,0.0,,0.24390243902439024,0.0,0.13553391943265325
2021-07-08,467.2317810058594,-0.0373746524844286,1.7063492642981665e-06,0.0,,0.24390243902439024,0.0,0.334357296443611
2021-07-09,476.5233154296875,0.0198863493485508,1.7063492642981665e-06,0.0,,0.24390243902439024,0.0,0.334357296443611
2021-07-12,472.9837036132813,-0.0074279929266724,1.7063492642981665e-06,0.0,,0.24390243902439024,0.0,0.27980415336208525
2021-07-13,491.5667724609375,0.0392890256169375,1.7857143566721944e-06,0.0,,0.24390243902439024,0.0,0.32176560162439005
2021-07-14,492.4516906738281,0.0018001994082319,1.7857143566721944e-06,0.0,,0.24390243902439024,0.0,0.3752127453190363
2021-07-15,499.9734191894531,0.0152740434403482,1.5079364594485992e-06,0.0,,0.24390243902439024,0.0,0.42529413059823135
2021-07-16,499.0885314941406,-0.0017698694797556,1.5079364594485992e-06,0.0,,0.24390243902439024,0.0,0.44293687622427724
2021-07-19,486.25732421875,-0.0257092809505706,1.5873015518226308e-06,0.0,,0.24390243902439024,0.0,0.3561572270063085
2021-07-20,480.06298828125,-0.0127388023356813,1.7857143566721944e-06,0.0,,0.24390243902439024,0.0,0.38209942554036536
2021-07-21,476.0808715820313,-0.0082949879420525,1.7857143566721944e-06,0.0,,0.24390243902439024,0.0,0.40641797413025316
2021-07-22,481.3902893066406,0.0111523441531393,1.7063492642981665e-06,0.0,,0.24390243902439024,0.0,0.4275555653286922
2021-07-23,469.8865051269531,-0.0238970009059732,1.7857143566721944e-06,0.0,,0.24390243902439024,0.0,0.4483431743109878
2021-07-26,433.6052551269531,-0.0772127941622787,1.5873015518226308e-06,0.0,,1.0,0.0,1.0
2021-07-27,394.6692810058594,-0.0897958999821021,1.7857143566721944e-06,1.0,,0.6292134831460674,1.0,1.0
2021-07-28,395.7311706542969,0.0026905809485124,1.7857143566721944e-06,1.0,,0.6292134831460674,1.0,1.0
2021-07-29,435.3750915527344,0.1001789190194211,1.5873015518226308e-06,1.0,,0.6292134831460674,1.0,1.0
2021-07-30,423.8712768554688,-0.0264227672194981,1.5873015518226308e-06,1.0,,0.6292134831460674,1.0,1.0
2021-08-02,420.3316040039063,-0.0083508202721871,1.5079364594485992e-06,1.0,,0.6292134831460674,1.0,1.0
2021-08-03,394.6692810058594,-0.0610525660064533,1.7857143566721944e-06,1.0,,0.6292134831460674,1.0,1.0
2021-08-04,404.2262878417969,0.0242152285366126,1.7857143566721944e-06,1.0,,0.6292134831460674,1.0,1.0
2021-08-05,388.4748840332031,-0.038966797267669,1.7063492642981665e-06,1.0,,0.6292134831460674,1.0,1.0
2021-08-06,401.39459228515625,0.0332575123462779,1.7063492642981665e-06,1.0,,0.6292134831460674,1.0,1.0
2021-08-09,408.4738159179688,0.0176365695225495,1.7857143566721944e-06,1.0,,0.6292134831460674,1.0,1.0
2021-08-10,430.24261474609375,0.0532930091962042,1.984127013692778e-06,1.0,,0.28205128205128205,1.0,0.9754808932987391
2021-08-11,428.29583740234375,-0.0045248361669122,1.7857143566721944e-06,1.0,,0.6292134831460674,1.0,1.0
2021-08-12,426.5259704589844,-0.0041323468238537,1.7063492642981665e-06,1.0,,0.6292134831460674,1.0,1.0
2021-08-13,416.0840759277344,-0.0244812631690715,1.7857143566721944e-06,1.0,,0.6292134831460674,1.0,1.0
2021-08-16,401.5715942382813,-0.034878724106648,2.3015872353599167e-06,1.0,,0.6292134831460674,1.0,1.0
2021-08-17,384.9352722167969,-0.0414280349013255,2.5000000402094805e-06,1.0,,0.6292134831460674,1.0,1.0
2021-08-18,385.9971618652344,0.0027586187213299,2.182539670713361e-06,1.0,,0.6292134831460674,1.0,1.0
2021-08-19,372.7235412597656,-0.0343878709919195,1.7063492642981665e-06,1.0,,0.6292134831460674,1.0,1.0
2021-08-20,376.4402160644531,0.0099716663780493,1.7063492642981665e-06,1.0,,0.6292134831460674,1.0,1.0
2021-08-23,383.8733520507813,0.0197458604822804,1.5873015518226308e-06,1.0,,0.6292134831460674,1.0,1.0
2021-08-24,417.6768798828125,0.0880590633641051,1.90476192131875e-06,1.0,,0.6292134831460674,1.0,1.0
2021-08-25,419.9776611328125,0.0055085195298469,1.7857143566721944e-06,1.0,,0.6292134831460674,1.0,1.0
2021-08-26,417.49993896484375,-0.0058996522845656,1.7063492642981665e-06,1.0,,0.6292134831460674,1.0,1.0
2021-08-27,412.7214660644531,-0.0114454457460244,1.7063492642981665e-06,1.0,,0.6292134831460674,1.0,1.0
2021-08-30,412.1904602050781,-0.0012865961745058,1.5079364594485992e-06,1.0,,0.6292134831460674,1.0,1.0
2021-08-31,425.8180541992188,0.0330614007596403,1.5873015518226308e-06,1.0,,0.6292134831460674,1.0,1.0
2021-09-01,432.18939208984375,0.0149625827928003,1.5873015518226308e-06,1.0,,0.21153846153846156,1.0,0.8432022963314131
2021-09-02,438.9146728515625,0.0155609574987456,1.5873015518226308e-06,1.0,,0.019607843137254943,1.0,0.6097575756853276
2021-09-03,431.8354187011719,-0.0161289986146915,1.5873015518226308e-06,1.0,,0.2033898305084746,1.0,0.7588309349299912
2021-09-06,446.8788757324219,0.0348360888889014,1.5873015518226308e-06,1.0,,0.019607843137254943,1.0,0.5038306245973053
2021-09-07,456.1704406738281,0.0207921328260989,1.3888888948020476e-06,1.0,,0.019607843137254943,1.0,0.5379347989732912
2021-09-08,464.1346130371094,0.0174587646483999,1.5873015518226308e-06,0.0,,0.24390243902439024,0.0,0.5539738502656019
2021-09-09,424.7561645507813,-0.0848427317856158,1.5079364594485992e-06,0.0,,1.0,0.0,1.0
2021-09-10,433.6052551269531,0.0208333423142441,1.5079364594485992e-06,1.0,,0.6292134831460674,1.0,1.0
2021-09-13,422.986328125,-0.0244898484886767,1.5079364594485992e-06,1.0,,0.6292134831460674,1.0,1.0
2021-09-14,418.3848571777344,-0.0108785335158771,1.3888888948020476e-06,1.0,,0.6292134831460674,1.0,1.0
2021-09-15,401.2175903320313,-0.0410322375468054,1.3888888948020476e-06,1.0,,0.6292134831460674,1.0,1.0
2021-09-16,399.0938415527344,-0.0052932593945829,1.1904761638669722e-06,1.0,,0.6292134831460674,1.0,1.0
2021-09-17,408.65081787109375,0.0239466895334103,1.1111111454074327e-06,1.0,,0.6292134831460674,1.0,1.0
2021-09-20,401.9255065917969,-0.0164573542623334,9.92063506846389e-07,1.0,,0.6292134831460674,1.0,1.0
2021-09-21,398.20892333984375,-0.0092469454936279,7.936507759113135e-07,1.0,,0.6292134831460674,1.0,1.0
2021-09-23,409.88970947265625,0.0293333108531166,9.92063506846389e-07,1.0,,0.6292134831460674,1.0,1.0
2021-09-24,407.2349853515625,-0.0064766791157289,9.92063506846389e-07,1.0,,0.6292134831460674,1.0,1.0
2021-09-27,411.1285705566406,0.0095610282641036,9.92063506846389e-07,1.0,,0.6292134831460674,1.0,1.0
2021-09-28,415.7300720214844,0.0111923660732544,1.1904761638669722e-06,1.0,,0.6292134831460674,1.0,1.0
2021-09-29,411.4825134277344,-0.0102171069153027,1.1904761638669722e-06,1.0,,0.6292134831460674,1.0,1.0
2021-09-30,408.2969055175781,-0.0077417819863582,1.1111111454074327e-06,1.0,,0.6292134831460674,1.0,1.0
2021-10-04,404.40325927734375,-0.0095363109237837,1.1111111454074327e-06,1.0,,0.6292134831460674,1.0,1.0
2021-10-05,398.20892333984375,-0.0153172255549302,1.3888888948020476e-06,1.0,,0.6292134831460674,1.0,1.0
2021-10-06,395.0232238769531,-0.0080000705061343,1.5873015518226308e-06,1.0,,0.6292134831460674,1.0,1.0
2021-10-07,417.1459655761719,0.056003648297169,1.5873015518226308e-06,1.0,,0.6292134831460674,1.0,1.0
2021-10-08,426.34906005859375,0.0220620484000375,1.5873015518226308e-06,1.0,,0.6292134831460674,1.0,1.0
2021-10-11,438.9146728515625,0.0294725941022171,1.5873015518226308e-06,1.0,,0.28205128205128205,1.0,0.9924566453304973
2021-10-12,427.58782958984375,-0.0258064812190714,1.5873015518226308e-06,1.0,,0.6292134831460674,1.0,1.0
2021-10-15,438.5607604980469,0.0256624023156335,1.5079364594485992e-06,1.0,,0.28205128205128205,1.0,0.9605664349588983
2021-10-18,439.7996520996094,0.0028249029852911,1.7063492642981665e-06,1.0,,0.28205128205128205,1.0,0.9489179832140889
2021-10-19,441.5694580078125,0.0040241184815723,1.984127013692778e-06,1.0,,0.28205128205128205,1.0,0.9724756111921492
2021-10-20,450.8609924316406,0.0210420676868094,1.984127013692778e-06,1.0,,0.2033898305084746,1.0,0.7203621782489444
2021-10-21,447.32135009765625,-0.0078508506910166,1.984127013692778e-06,1.0,,0.2033898305084746,1.0,0.7154448827864104
2021-10-22,450.8609924316406,0.0079129742705363,1.984127013692778e-06,1.0,,0.019607843137254943,1.0,0.5888182048491072
2021-10-25,446.8788757324219,-0.0088322493319767,1.984127013692778e-06,1.0,,0.019607843137254943,1.0,0.5918411418901282
2021-10-26,444.2241516113281,-0.0059405898673163,1.984127013692778e-06,1.0,,0.019607843137254943,1.0,0.6270173832257688
2021-10-27,430.9505310058594,-0.0298804568759296,1.984127013692778e-06,1.0,,0.21153846153846156,1.0,0.8064746050606957
2021-10-28,432.012451171875,0.002464134719911,1.90476192131875e-06,1.0,,0.21153846153846156,1.0,0.8630334703891467
2021-10-29,425.64111328125,-0.0147480422690182,1.90476192131875e-06,1.0,,0.6292134831460674,1.0,1.0
2021-11-01,415.5531311035156,-0.023700676139968,1.5873015518226308e-06,1.0,,0.6292134831460674,1.0,1.0
2021-11-02,410.59765625,-0.0119250090604688,1.7857143566721944e-06,1.0,,0.6292134831460674,1.0,1.0
2021-11-03,415.022216796875,0.0107759030757375,1.7857143566721944e-06,1.0,,0.6292134831460674,1.0,1.0
2021-11-04,425.464111328125,0.0251598447231093,1.3888888948020476e-06,1.0,,0.6292134831460674,1.0,1.0
2021-11-05,413.6063537597656,-0.0278701710735231,1.5873015518226308e-06,1.0,,0.6292134831460674,1.0,1.0
2021-11-08,410.420654296875,-0.0077022498178085,1.3888888948020476e-06,1.0,,0.6292134831460674,1.0,1.0
2021-11-09,410.59765625,0.0004312696041777,1.5873015518226308e-06,1.0,,0.6292134831460674,1.0,1.0
2021-11-10,427.9418640136719,0.0422413705964057,1.7857143566721944e-06,1.0,,0.6292134831460674,1.0,1.0
2021-11-11,422.6323852539063,-0.0124070094707909,1.5873015518226308e-06,1.0,,0.6292134831460674,1.0,1.0
2021-11-12,429.3577270507813,0.0159129826097794,1.7063492642981665e-06,1.0,,0.6292134831460674,1.0,1.0
2021-11-15,435.1980895996094,0.0136025560526067,1.5079364594485992e-06,1.0,,0.6292134831460674,1.0,1.0
2021-11-16,444.6666259765625,0.0217568426958498,1.5873015518226308e-06,1.0,,0.6292134831460674,1.0,1.0
2021-11-17,450.4185485839844,0.012935359371281,1.7857143566721944e-06,1.0,,0.28205128205128205,1.0,0.9793977685119484
2021-11-18,439.6226501464844,-0.0239685920383161,1.7857143566721944e-06,1.0,,0.21153846153846156,1.0,0.9025236381356119
2021-11-19,438.9146728515625,-0.0016104204246208,1.7857143566721944e-06,1.0,,0.6292134831460674,1.0,1.0
2021-11-22,437.4988708496094,-0.0032256884755181,1.5873015518226308e-06,1.0,,0.6292134831460674,1.0,1.0
2021-11-23,425.8180541992188,-0.0266990783946636,1.7857143566721944e-06,1.0,,0.6292134831460674,1.0,1.0
2021-11-24,417.8539123535156,-0.0187031568228837,1.984127013692778e-06,1.0,,0.6292134831460674,1.0,1.0
2021-11-25,422.8093872070313,0.0118593477457338,1.984127013692778e-06,1.0,,0.6292134831460674,1.0,1.0
2021-11-26,410.066650390625,-0.0301382542629469,1.7063492642981665e-06,1.0,,0.6292134831460674,1.0,1.0
2021-11-29,409.1817626953125,-0.0021579118771779,1.5079364594485992e-06,1.0,,0.6292134831460674,1.0,1.0
2021-11-30,406.5270385742188,-0.0064878847571475,1.90476192131875e-06,1.0,,0.6292134831460674,1.0,1.0
2021-12-01,414.8451843261719,0.0204614821713375,1.984127013692778e-06,1.0,,0.6292134831460674,1.0,1.0
2021-12-02,419.0927734375,0.0102389741325488,1.7063492642981665e-06,1.0,,0.6292134831460674,1.0,1.0
2021-12-03,409.3587646484375,-0.0232263818562696,1.7063492642981665e-06,1.0,,0.6292134831460674,1.0,1.0
2021-12-06,396.2621154785156,-0.0319930835758932,1.7063492642981665e-06,1.0,,0.6292134831460674,1.0,1.0
2021-12-07,410.420654296875,0.0357302357841144,2.3015872353599167e-06,1.0,,0.6292134831460674,1.0,1.0
2021-12-08,413.2523498535156,0.0068994957417332,2.3809523277339444e-06,1.0,,0.6292134831460674,1.0,1.0
2021-12-09,418.2078552246094,0.0119914753608789,2.103174578339333e-06,1.0,,0.6292134831460674,1.0,1.0
2021-12-10,410.066650390625,-0.0194668864591553,1.984127013692778e-06,1.0,,0.6292134831460674,1.0,1.0
2021-12-13,412.8984069824219,0.0069056008068428,1.7063492642981665e-06,1.0,,0.6292134831460674,1.0,1.0
2021-12-14,406.8810119628906,-0.0145735486448302,1.90476192131875e-06,1.0,,0.6292134831460674,1.0,1.0
2021-12-15,403.3414001464844,-0.0086993782268932,1.7857143566721944e-06,1.0,,0.6292134831460674,1.0,1.0
2021-12-16,400.50970458984375,-0.0070205923706622,1.3888888948020476e-06,1.0,,0.6292134831460674,1.0,1.0
2021-12-17,387.5900268554688,-0.0322580890957581,1.1904761638669722e-06,1.0,,0.6292134831460674,1.0,1.0
2021-12-20,380.5107421875,-0.0182648782926725,1.5079364594485992e-06,1.0,,0.6292134831460674,1.0,1.0
2021-12-21,390.0677490234375,0.0251162602690155,2.5793649847545317e-06,1.0,,0.6292134831460674,1.0,1.0
2021-12-22,392.0145568847656,0.0049909480242908,2.5793649847545317e-06,1.0,,0.6292134831460674,1.0,1.0
2021-12-23,408.65081787109375,0.0424378653653374,2.3015872353599167e-06,1.0,,0.6292134831460674,1.0,1.0
2021-12-24,407.2349853515625,-0.0034646511339612,2.3015872353599167e-06,1.0,,0.6292134831460674,1.0,1.0
2021-12-28,398.5628662109375,-0.021295123092478,1.984127013692778e-06,1.0,,0.6292134831460674,1.0,1.0
2021-12-29,393.6073913574219,-0.0124333581314948,1.7857143566721944e-06,1.0,,0.6292134831460674,1.0,1.0
2021-12-30,392.3685302734375,-0.0031474538110475,9.92063506846389e-07,1.0,,0.6292134831460674,1.0,1.0
2021-12-31,404.2262878417969,0.0302209699643747,1.309523802428016e-06,1.0,,0.6292134831460674,1.0,1.0
2022-01-03,401.5715942382813,-0.0065673452800144,2.103174578339333e-06,1.0,,0.6259541984732824,1.0,1.0
2022-01-04,398.20892333984375,-0.0083737767976741,3.1746031036452616e-06,1.0,,0.6259541984732824,1.0,1.0
2022-01-05,381.0416870117188,-0.0431111291634062,3.373015908494825e-06,1.0,,0.6259541984732824,1.0,1.0
2022-01-06,386.705078125,0.0148629173823362,3.571428713344389e-06,1.0,,0.6259541984732824,1.0,1.0
2022-01-07,392.0145568847656,0.0137300466430632,3.492063473141381e-06,1.0,,0.6259541984732824,1.0,1.0
2022-01-10,401.0406494140625,0.0230248912209403,3.571428713344389e-06,1.0,,0.6259541984732824,1.0,1.0
2022-01-11,407.0579833984375,0.0150042994224315,4.682539710922846e-06,1.0,,0.6259541984732824,1.0,1.0
2022-01-12,425.464111328125,0.0452174596258223,4.563492146276289e-06,1.0,,0.6259541984732824,1.0,1.0
2022-01-13,420.5086059570313,-0.0116472934829323,4.365079341426725e-06,1.0,,0.6259541984732824,1.0,1.0
2022-01-14,418.9157409667969,-0.0037879486119177,4.682539710922846e-06,1.0,,0.6259541984732824,1.0,1.0
2022-01-17,412.0134887695313,-0.0164764689465622,4.682539710922846e-06,1.0,,0.6259541984732824,1.0,1.0
2022-01-18,400.6866149902344,-0.0274915120209398,5.158729969509063e-06,1.0,,0.6259541984732824,1.0,1.0
2022-01-19,403.3414001464844,0.0066255898174054,6.547619307798051e-06,1.0,,0.6259541984732824,1.0,1.0
2022-01-20,429.9632568359375,0.0660032832726436,6.666666576786647e-06,1.0,,0.33333333333333337,1.0,0.9868474731295773
2022-01-21,432.8807067871094,0.006785347130918,6.2698415584034366e-06,1.0,,0.19999999999999996,1.0,0.6883293776440251
2022-01-24,428.1398315429688,-0.0109519208636668,6.150793698098924e-06,1.0,,0.24,1.0,0.8602783951003348
2022-01-25,425.5870361328125,-0.0059625272447936,7.341269935880387e-06,1.0,,0.6259541984732824,1.0,1.0
2022-01-26,431.78662109375,0.0145671377053007,7.063492186485774e-06,1.0,,0.6259541984732824,1.0,1.0
2022-01-27,422.1225280761719,-0.0223816407120216,7.341269935880387e-06,1.0,,0.6259541984732824,1.0,1.0
2022-01-28,419.3873901367188,-0.0064794881995957,6.86507908597825e-06,1.0,,0.6259541984732824,1.0,1.0
2022-01-31,429.5985412597656,0.0243477781239871,6.86507908597825e-06,1.0,,0.6259541984732824,1.0,1.0
2022-02-04,436.70989990234375,0.0165534981141337,8.849206543157968e-06,1.0,,0.6259541984732824,1.0,1.0
2022-02-07,435.7982177734375,-0.0020876149798988,8.055555323759714e-06,1.0,,0.6259541984732824,1.0,1.0
2022-02-08,428.5045166015625,-0.0167364180816059,1.0912698649224782e-05,1.0,,0.6259541984732824,1.0,1.0
2022-02-09,440.1744384765625,0.0272340697072537,1.0714286140033176e-05,1.0,,0.33333333333333337,1.0,0.9937490895966405
2022-02-10,441.6331481933594,0.0033139355430211,1.4682539871760775e-05,1.0,,0.33333333333333337,1.0,0.9652023425320944
2022-02-11,434.8864440917969,-0.0152767158198202,1.34126983937763e-05,1.0,,0.33333333333333337,1.0,0.9377534906393814
2022-02-14,430.327880859375,-0.01048219206267,1.4285714853377567e-05,1.0,,0.33333333333333337,1.0,0.9096499733831531
2022-02-15,428.5045166015625,-0.0042371511094544,1.5873016109542244e-05,1.0,,0.24,1.0,0.8871220083102527
2022-02-16,434.1571044921875,0.0131914312956493,1.480158714074937e-05,1.0,,0.24,1.0,0.8649434212910023
2022-02-17,436.70989990234375,0.0058798886019431,1.3690476143170916e-05,1.0,,0.24,1.0,0.8363318769159367
2022-02-18,428.5045166015625,-0.0187890938644077,1.2619047174378049e-05,1.0,,0.24,1.0,0.8038734289818295
2022-02-21,406.0763854980469,-0.0523404777186281,1.2619047174378049e-05,1.0,,0.24,1.0,0.7887764532735009
2022-02-22,405.5293884277344,-0.001347029992009,1.3095238615596102e-05,1.0,,0.19999999999999996,1.0,0.7752085224919147
2022-02-23,405.7117004394531,0.0004495654739735,1.3492063633979314e-05,1.0,,0.19999999999999996,1.0,0.764407114434662
2022-02-24,390.0302429199219,-0.0386517260965005,1.1230158427404976e-05,1.0,,0.19999999999999996,1.0,0.7568523521044135
2022-02-25,386.5657653808594,-0.0088825869325569,1.1825397137611633e-05,1.0,,0.19999999999999996,1.0,0.7521474147765761
2022-02-28,384.0129699707031,-0.0066037803622913,1.1428570936596582e-05,1.0,,0.19999999999999996,1.0,0.746436425419208
2022-03-01,392.9477233886719,0.0232668011672896,1.242063466518644e-05,1.0,,0.19999999999999996,1.0,0.7398648837867089
2022-03-02,386.0187377929688,-0.017633352182192,1.2896824923772656e-05,1.0,,0.19999999999999996,1.0,0.7276172233391498
2022-03-03,381.8248596191406,-0.0108644419641552,1.3293651124787706e-05,1.0,,0.19999999999999996,1.0,0.7128370547465201
2022-03-04,367.6021728515625,-0.0372492424452531,1.2103174887006245e-05,1.0,,0.19999999999999996,1.0,0.754463732333556
2022-03-07,353.7441101074219,-0.0376985332720992,1.2103174887006245e-05,1.0,,0.19999999999999996,1.0,0.7013983280923353
2022-03-08,349.367919921875,-0.0123710616247941,1.4285714853377567e-05,1.0,,0.19999999999999996,1.0,0.7016548295988523
2022-03-09,350.82666015625,0.0041753697211273,1.4682539871760775e-05,1.0,,0.19999999999999996,1.0,0.7092963959351839
2022-03-10,351.00897216796875,0.0005196640746674,1.4285714853377567e-05,1.0,,0.19999999999999996,1.0,0.715999285686344
2022-03-11,335.3275756835937,-0.0446752012848008,1.4484127362569171e-05,1.0,,0.19999999999999996,1.0,0.7267417904219653
2022-03-14,302.5059509277344,-0.0978792891963914,1.4999999649940977e-05,1.0,,0.6259541984732824,1.0,1.0
2022-03-15,271.6900634765625,-0.1018686983071399,1.777777832651895e-05,1.0,,0.6259541984732824,1.0,1.0
2022-03-16,334.5981750488281,0.23154365959244,1.7182539616312296e-05,1.0,,0.24,1.0,0.790674996337617
2022-03-17,355.5675354003906,0.062670277112248,1.4285714853377567e-05,1.0,,0.24,1.0,0.7929705126108066
2022-03-18,347.3621520996094,-0.0230768629974653,1.519841215913258e-05,1.0,,0.24,1.0,0.7973172952319674
2022-03-21,339.5214538574219,-0.0225721144194751,1.8055556075913563e-05,1.0,,0.24,1.0,0.793677721693673
2022-03-22,353.7441101074219,0.0418903020366208,2.0634919878036257e-05,1.0,,0.24,1.0,0.7861542061078475
2022-03-23,354.6558532714844,0.0025774087483341,1.9047618621871583e-05,1.0,,0.24,1.0,0.7810600553794411
2022-03-24,333.6864929199219,-0.0591259390142102,1.916666707349202e-05,1.0,,0.24,1.0,0.791135047017768
2022-03-25,324.9340515136719,-0.0262295345839796,2.0634919878036257e-05,1.0,,0.24,1.0,0.8087379446572562
2022-03-28,334.0511779785156,0.0280583903791324,2.015873080208188e-05,1.0,,0.24,1.0,0.8340434951381526
2022-03-29,343.89764404296875,0.0294759207976402,2.2023809807641167e-05,1.0,,0.24,1.0,0.8525395025650129
2022-03-30,346.9974670410156,0.0090137953886637,2.083333238722786e-05,1.0,,0.24,1.0,0.8687235053662734
2022-03-31,341.1625366210937,-0.0168154841868982,1.9563492091875222e-05,1.0,,0.24,1.0,0.8839584231894548
2022-04-01,345.3563842773437,0.0122928141459677,1.984126984126984e-05,1.0,,0.24,1.0,0.8915894872945573
2022-04-04,355.5675354003906,0.0295669968412881,2.1349205857231504e-05,1.0,,0.24,1.0,0.8958484919141352
2022-04-06,347.3621520996094,-0.0230768629974653,2.6309523317548965e-05,1.0,,0.33333333333333337,1.0,0.9192907589411914
2022-04-07,341.3448486328125,-0.0173228529084865,2.619047723119221e-05,1.0,,0.33333333333333337,1.0,0.9469879364327505
2022-04-08,336.9686279296875,-0.0128205265749667,2.650793582674057e-05,1.0,,0.33333333333333337,1.0,0.9736978065285129
2022-04-11,322.3812866210937,-0.0432899092067337,2.6984127267958627e-05,1.0,,0.6259541984732824,1.0,1.0
2022-04-12,334.0511779785156,0.036199034626777,2.9285713320686703e-05,1.0,,0.6259541984732824,1.0,1.0
2022-04-13,340.615478515625,0.0196505834130946,2.9365079743521557e-05,1.0,,0.6259541984732824,1.0,1.0
2022-04-14,341.3448486328125,0.0021413299253634,2.9682540704333597e-05,1.0,,0.6259541984732824,1.0,1.0
2022-04-19,331.8630676269531,-0.0277777181751437,3.3055555725854536e-05,1.0,,0.6259541984732824,1.0,1.0
2022-04-20,330.03961181640625,-0.0054946030107713,3.154761970989288e-05,1.0,,0.6259541984732824,1.0,1.0
2022-04-21,317.2756652832031,-0.0386739835953492,3.174603221908449e-05,1.0,,0.6259541984732824,1.0,1.0
2022-04-22,310.52899169921875,-0.0212643903148457,3.0952379817054386e-05,1.0,,0.6259541984732824,1.0,1.0
2022-04-25,298.49444580078125,-0.0387549833353217,3.166666579624963e-05,1.0,,0.6259541984732824,1.0,1.0
2022-04-26,306.1527709960937,0.02565650819655,3.3055555725854536e-05,1.0,,0.6259541984732824,1.0,1.0
2022-04-27,305.2410888671875,-0.0029778666576819,3.206349317989652e-05,1.0,,0.6259541984732824,1.0,1.0
2022-04-28,309.7996520996094,0.0149343040589313,3.115079469150967e-05,1.0,,0.6259541984732824,1.0,1.0
2022-04-29,344.0799865722656,0.1106532374724362,3.206349317989652e-05,1.0,,0.6259541984732824,1.0,1.0
2022-05-03,346.450439453125,0.0068892495157126,3.551587225898864e-05,1.0,,0.6259541984732824,1.0,1.0
2022-05-04,335.87457275390625,-0.0305263480569193,3.3055555725854536e-05,1.0,,0.6259541984732824,1.0,1.0
2022-05-05,334.0511779785156,-0.005428796709558,3.186507830544124e-05,1.0,,0.6259541984732824,1.0,1.0
2022-05-06,318.36968994140625,-0.0469433699710465,3.2341269746659296e-05,1.0,,0.6259541984732824,1.0,1.0
2022-05-10,311.0760192871094,-0.0229094379419071,3.4841270673842654e-05,1.0,,0.6259541984732824,1.0,1.0
2022-05-11,319.4637451171875,0.026963588672956,3.503968318303426e-05,1.0,,0.6259541984732824,1.0,1.0
2022-05-12,313.8111572265625,-0.0176939886826641,3.5912697277371846e-05,1.0,,0.6259541984732824,1.0,1.0
2022-05-13,323.1106262207031,0.0296339654597643,3.742063565859719e-05,1.0,,0.6259541984732824,1.0,1.0
2022-05-16,319.09912109375,-0.0124152683366501,3.8888889645773273e-05,1.0,,0.6259541984732824,1.0,1.0
2022-05-17,335.87457275390625,0.0525712875756485,4.119047569850135e-05,1.0,,0.6259541984732824,1.0,1.0
2022-05-18,333.3217468261719,-0.0076005334574844,3.980158813416012e-05,1.0,,0.6259541984732824,1.0,1.0
2022-05-19,311.623046875,-0.0650983626414504,3.968253968253968e-05,1.0,,0.6259541984732824,1.0,1.0
2022-05-20,322.6953125,0.0355309587530006,3.880952322293841e-05,1.0,,0.6259541984732824,1.0,1.0
2022-05-23,317.7476806640625,-0.0153322085703909,3.940476075051322e-05,1.0,,0.6259541984732824,1.0,1.0
2022-05-24,309.68487548828125,-0.0253748671239102,4.138888820769295e-05,1.0,,0.6259541984732824,1.0,1.0
2022-05-25,306.0199890136719,-0.0118342443066712,4.146825226526412e-05,1.0,,0.6259541984732824,1.0,1.0
2022-05-26,306.20318603515625,0.0005986439711824,4.079365068011814e-05,1.0,,0.6259541984732824,1.0,1.0
2022-05-27,313.1665344238281,0.022740940350217,4.06746022284977e-05,1.0,,0.6259541984732824,1.0,1.0
2022-05-30,320.6795959472656,0.0239906270229679,4.06746022284977e-05,1.0,,0.6259541984732824,1.0,1.0
2022-05-31,332.04083251953125,0.0354286231985085,4.0873014737689306e-05,1.0,,0.6259541984732824,1.0,1.0
2022-06-01,330.2083740234375,-0.0055187745500727,4.376984304851956e-05,1.0,,0.6259541984732824,1.0,1.0
2022-06-02,328.9256286621094,-0.0038846542433145,4.4166668066902766e-05,1.0,,0.6259541984732824,1.0,1.0
2022-06-06,336.80523681640625,0.0239555919869998,4.603174470719837e-05,1.0,,0.6259541984732824,1.0,1.0
2022-06-07,336.80523681640625,0.0,4.861111205721658e-05,1.0,,0.6259541984732824,1.0,1.0
2022-06-08,358.61138916015625,0.0647441012196512,4.892857301802862e-05,1.0,,0.33333333333333337,1.0,0.9754051515764708
2022-06-09,361.7265930175781,0.0086868514263238,4.912698552722023e-05,1.0,,0.24,1.0,0.790134847905708
2022-06-10,363.1925659179688,0.0040527097777394,5.111111061913627e-05,1.0,,0.15000000000000002,1.0,0.6296248310543855
2022-06-13,345.4177551269531,-0.0489404587511032,5.944444546623834e-05,1.0,,0.6259541984732824,1.0,1.0
2022-06-14,344.50152587890625,-0.0026525250495884,6.916666787768166e-05,1.0,,0.6259541984732824,1.0,1.0
2022-06-15,347.9831848144531,0.0101063672407961,6.72619068433368e-05,1.0,,0.6259541984732824,1.0,1.0
2022-06-16,336.80523681640625,-0.032122092347672,5.884920793866354e-05,1.0,,0.6259541984732824,1.0,1.0
2022-06-17,338.4544372558594,0.0048965997531449,5.992063454219273e-05,1.0,,0.6259541984732824,1.0,1.0
2022-06-20,339.73712158203125,0.0037898286592774,5.992063454219273e-05,1.0,,0.6259541984732824,1.0,1.0
2022-06-21,349.0826721191406,0.027508181895433,5.904762044785515e-05,1.0,,0.6259541984732824,1.0,1.0
2022-06-22,339.004150390625,-0.0288714466041324,6.130952210653396e-05,1.0,,0.6259541984732824,1.0,1.0
2022-06-23,343.5853271484375,0.0135136302978406,6.190475963410877e-05,1.0,,0.6259541984732824,1.0,1.0
2022-06-24,352.0145874023437,0.0245332369803572,6.341270038059779e-05,1.0,,0.6259541984732824,1.0,1.0
2022-06-27,346.5172424316406,-0.0156168101193481,6.480158794493902e-05,1.0,,0.6259541984732824,1.0,1.0
2022-06-28,335.156005859375,-0.0327869300025003,6.896825536849007e-05,1.0,,0.6259541984732824,1.0,1.0
2022-06-29,334.4229736328125,-0.0021871373740802,6.765873186172e-05,1.0,,0.6259541984732824,1.0,1.0
2022-06-30,324.71099853515625,-0.0290409925853949,6.349206443816897e-05,1.0,,0.6259541984732824,1.0,1.0
2022-07-04,317.9309387207031,-0.0208802899964568,6.349206443816897e-05,1.0,,0.6259541984732824,1.0,1.0
2022-07-05,319.58013916015625,0.0051872914479138,6.468253949331859e-05,1.0,,0.6259541984732824,1.0,1.0
2022-07-06,318.4806823730469,-0.0034403163788547,7.301587434042068e-05,1.0,,0.6259541984732824,1.0,1.0
2022-07-07,322.14556884765625,0.0115074058724746,7.353174781042433e-05,1.0,,0.6259541984732824,1.0,1.0
2022-07-08,323.0617980957031,0.0028441466735809,7.313492279204111e-05,1.0,,0.6259541984732824,1.0,1.0
2022-07-11,313.71630859375,-0.0289278693953923,7.749999799425638e-05,1.0,,0.6259541984732824,1.0,1.0
2022-07-12,309.50164794921875,-0.0134346239869508,8.384920301891509e-05,1.0,,0.6259541984732824,1.0,1.0
2022-07-13,307.3027038574219,-0.0071047896073163,9.218253786601717e-05,1.0,,0.6259541984732824,1.0,1.0
2022-07-14,306.93621826171875,-0.0011925882561487,9.019841277410112e-05,1.0,,0.6259541984732824,1.0,1.0
2022-07-15,297.7739562988281,-0.0298507032333281,8.888888926733108e-05,1.0,,0.6259541984732824,1.0,1.0
2022-07-18,304.7372741699219,0.0233845765346443,8.96825393040975e-05,1.0,,0.6259541984732824,1.0,1.0
2022-07-19,305.2869873046875,0.0018038920124325,9.722222411443316e-05,1.0,,0.6259541984732824,1.0,1.0
2022-07-20,310.2345886230469,0.0162063943898842,9.436508019765218e-05,1.0,,0.6259541984732824,1.0,1.0
2022-07-21,306.0199890136719,-0.0135852021790386,9.365078948792958e-05,1.0,,0.6259541984732824,1.0,1.0
2022-07-22,304.1875,-0.0059881350220883,9.345238170926534e-05,1.0,,0.6259541984732824,1.0,1.0
2022-07-25,299.056640625,-0.0168674234641462,9.496031299469964e-05,1.0,,0.6259541984732824,1.0,1.0
2022-07-26,301.8053283691406,0.0091911944787319,9.821428192986385e-05,1.0,,0.6259541984732824,1.0,1.0
2022-07-27,293.37603759765625,-0.0279295624667514,9.45634879763164e-05,1.0,,0.6259541984732824,1.0,1.0
2022-07-28,293.9257507324219,0.0018737492648241,9.158730506896972e-05,1.0,,0.6259541984732824,1.0,1.0
2022-07-29,281.0985717773437,-0.043640881831941,9.119048005058652e-05,1.0,,0.6259541984732824,1.0,1.0
2022-08-01,274.5017395019531,-0.0234680391069929,8.988095654381647e-05,1.0,,0.6259541984732824,1.0,1.0
2022-08-02,270.2870788574219,-0.015353857692043,9.773809758443683e-05,1.0,,0.6259541984732824,1.0,1.0
2022-08-03,277.2504272460937,0.0257627868047107,9.634920528956822e-05,1.0,,0.6259541984732824,1.0,1.0
2022-08-04,285.8629455566406,0.0310640398144537,9.436508019765218e-05,1.0,,0.6259541984732824,1.0,1.0
2022-08-05,281.83160400390625,-0.0141023578445412,9.563492404090031e-05,1.0,,0.6259541984732824,1.0,1.0
2022-08-08,274.3185119628906,-0.0266580892074527,9.761904913281636e-05,1.0,,0.6259541984732824,1.0,1.0
2022-08-09,273.0357666015625,-0.0046761166504929,0.000101984124335,1.0,,0.6259541984732824,1.0,1.0
2022-08-10,270.8368530273437,-0.0080535733526356,0.0001005952415012,1.0,,0.6259541984732824,1.0,1.0
2022-08-11,278.1666564941406,0.0270635380114128,9.8809524187966e-05,1.0,,0.6259541984732824,1.0,1.0
2022-08-12,278.7164001464844,0.0019763103862713,9.92063492063492e-05,1.0,,0.6259541984732824,1.0,1.0
2022-08-15,275.2347106933594,-0.0124918714912187,9.972222267635284e-05,1.0,,0.6259541984732824,1.0,1.0
2022-08-16,277.6169128417969,0.0086551661396063,0.0001030952400631,1.0,,0.6259541984732824,1.0,1.0
2022-08-17,277.8001708984375,0.0006601112834399,0.0001019047650079,1.0,,0.6259541984732824,1.0,1.0
2022-08-18,286.4126892089844,0.0310025666387929,0.0001017857165563,1.0,,0.24,1.0,0.8292830204572773
2022-08-19,288.61163330078125,0.0076775372553148,0.0001023809493534,1.0,,0.24,1.0,0.8452456598311997
2022-08-22,284.58026123046875,-0.0139681551440137,0.000105079365155,1.0,,0.6259541984732824,1.0,1.0
2022-08-23,286.5959167480469,0.0070829069762703,0.0001072619074866,1.0,,0.24,1.0,0.8574880323756506
2022-08-24,284.030517578125,-0.0089512760650291,0.000107658732505,1.0,,0.24,1.0,0.8414939690328394
2022-08-25,297.7739562988281,0.0483871903550747,0.0001083333340902,1.0,,0.15000000000000002,1.0,0.6517146491359213
2022-08-26,297.0409240722656,-0.0024617069795952,0.0001093254013667,1.0,,0.19999999999999996,1.0,0.679575221079702
2022-08-29,295.94146728515625,-0.0037013646875199,0.0001110317498918,1.0,,0.24,1.0,0.8343869013264316
2022-08-30,296.4911804199219,0.0018575062826053,0.0001140079327992,1.0,,0.24,1.0,0.822453992658803
2022-08-31,299.78961181640625,0.0111248887464807,0.0001134920593291,1.0,,0.15000000000000002,1.0,0.6429105643700358
2022-09-01,297.4074401855469,-0.0079461446860215,0.0001136111077808,1.0,,0.33333333333333337,1.0,0.9030058771936813
2022-09-02,301.07232666015625,0.0123227800633465,0.0001119047592556,1.0,,0.24,1.0,0.8729918452159737
2022-09-05,292.2765808105469,-0.0292147270630349,0.0001119047592556,1.0,,0.6259541984732824,1.0,1.0
2022-09-06,287.878662109375,-0.0150471128715666,0.0001128968265321,1.0,,0.6259541984732824,1.0,1.0
2022-09-07,285.4964599609375,-0.0082750216045273,0.0001163888923705,1.0,,0.6259541984732824,1.0,1.0
2022-09-08,276.5174255371094,-0.0314505981091908,0.0001170634939557,1.0,,0.6259541984732824,1.0,1.0
2022-09-09,281.28179931640625,0.0172299223820795,0.0001177777752043,1.0,,0.6259541984732824,1.0,1.0
2022-09-13,279.2661437988281,-0.007165964959257,0.000125119052236,1.0,,0.6259541984732824,1.0,1.0
2022-09-14,274.5017395019531,-0.017060443604317,0.0001241269849595,1.0,,0.6259541984732824,1.0,1.0
2022-09-15,274.86822509765625,0.0013350938918204,0.0001228174614527,1.0,,0.6259541984732824,1.0,1.0
2022-09-16,268.6379089355469,-0.0226665565286633,0.0001218253941763,1.0,,0.6259541984732824,1.0,1.0
2022-09-19,264.78973388671875,-0.014324765495965,0.0001204365113424,1.0,,0.6259541984732824,1.0,1.0
2022-09-20,268.8211364746094,0.0152249202743461,0.0001286904774014,1.0,,0.6259541984732824,1.0,1.0
2022-09-21,262.0410461425781,-0.0252215671020036,0.0001265873038579,1.0,,0.6259541984732824,1.0,1.0
2022-09-22,259.2923583984375,-0.0104895312570422,0.0001242063537476,1.0,,0.6259541984732824,1.0,1.0
2022-09-23,251.96255493164065,-0.0282684901015618,0.0001233333349227,1.0,,0.6259541984732824,1.0,1.0
2022-09-26,259.4756164550781,0.0298181669314943,0.0001255952365814,1.0,,0.6259541984732824,1.0,1.0
2022-09-27,257.27667236328125,-0.0084745692941732,0.0001289682539682,1.0,,0.6259541984732824,1.0,1.0
2022-09-28,251.0463104248047,-0.0242165831874532,0.0001281746039314,1.0,,0.6259541984732824,1.0,1.0
2022-09-29,247.9311370849609,-0.0124087597008395,0.000127698410125,1.0,,0.6259541984732824,1.0,1.0
2022-09-30,244.0829925537109,-0.015521021588875,0.0001261904788395,1.0,,0.6259541984732824,1.0,1.0
2022-10-03,241.7008056640625,-0.0097597414089561,0.0001250000037844,1.0,,0.6259541984732824,1.0,1.0
2022-10-05,255.62745666503903,0.0576193817919377,0.0001306746024934,1.0,,0.6259541984732824,1.0,1.0
2022-10-06,254.52798461914065,-0.0043010718028583,0.0001304761947147,1.0,,0.6259541984732824,1.0,1.0
2022-10-07,247.9311370849609,-0.0259179655394311,0.0001306746024934,1.0,,0.6259541984732824,1.0,1.0
2022-10-10,241.7008056640625,-0.0251292818407209,0.0001303571462631,1.0,,0.6259541984732824,1.0,1.0
2022-10-11,233.27149963378903,-0.0348749604169267,0.0001325396791337,1.0,,0.6259541984732824,1.0,1.0
2022-10-12,232.3552703857422,-0.0039277376339811,0.0001401984123956,1.0,,0.6259541984732824,1.0,1.0
2022-10-13,225.5751800537109,-0.0291798430944792,0.0001421825374875,1.0,,0.6259541984732824,1.0,1.0
2022-10-14,228.32388305664065,0.0121853078085774,0.0001439682548008,1.0,,0.6259541984732824,1.0,1.0
2022-10-17,226.491439819336,-0.0080256310149126,0.0001463492049111,1.0,,0.6259541984732824,1.0,1.0
2022-10-18,233.08827209472656,0.0291261880831019,0.0001521031724082,1.0,,0.6259541984732824,1.0,1.0
2022-10-19,223.5595092773437,-0.0408804901754576,0.0001544841225185,1.0,,0.6259541984732824,1.0,1.0
2022-10-20,212.93125915527344,-0.047541033510165,0.0001543650835279,1.0,,0.6259541984732824,1.0,1.0
2022-10-21,213.2977600097656,0.0017212167717699,0.0001541666662882,1.0,,0.6259541984732824,1.0,1.0
2022-10-24,188.9261169433593,-0.1142611299119619,0.0001552777820163,1.0,,0.6259541984732824,1.0,1.0
2022-10-25,189.10934448242188,0.0009698370030941,0.0001573412664352,1.0,,0.6259541984732824,1.0,1.0
2022-10-26,193.87371826171875,0.0251937512254436,0.0001559523836014,1.0,,0.6259541984732824,1.0,1.0
2022-10-27,195.3396759033203,0.0075614046852012,0.0001559523836014,1.0,,0.6259541984732824,1.0,1.0
2022-10-28,183.9784698486328,-0.0581612824028157,0.000157539683675,1.0,,0.6259541984732824,1.0,1.0
2022-10-31,188.3763732910156,0.023904446243091,0.0001577380914536,1.0,,0.6259541984732824,1.0,1.0
2022-11-01,208.35012817382807,0.1060311042932957,0.0001607142932831,1.0,,0.6259541984732824,1.0,1.0
2022-11-02,211.28204345703125,0.0140720589370459,0.0001597222260066,1.0,,0.6259541984732824,1.0,1.0
2022-11-03,202.85275268554688,-0.039895916536791,0.0001597222260066,1.0,,0.6259541984732824,1.0,1.0
2022-11-04,218.61187744140625,0.0776875075503089,0.0001592460322001,1.0,,0.6259541984732824,1.0,1.0
2022-11-07,224.8422241210937,0.0284995799524083,0.000158055557145,1.0,,0.6259541984732824,1.0,1.0
2022-11-08,225.20870971679688,0.001629967845834,0.0001623015933566,1.0,,0.6259541984732824,1.0,1.0
2022-11-09,216.9626617431641,-0.0366151379491597,0.0001624206323472,1.0,,0.6259541984732824,1.0,1.0
2022-11-10,212.0150451660156,-0.0228040001786361,0.0001609126916007,1.0,,0.6259541984732824,1.0,1.0
2022-11-11,236.753173828125,0.116681005551934,0.0001612301667531,1.0,,0.6259541984732824,1.0,1.0
2022-11-14,238.7688751220703,0.008513935679733,0.0001614285650707,1.0,,0.6259541984732824,1.0,1.0
2022-11-15,263.87353515625,0.1051420961854636,0.0001638888934301,1.0,,0.6259541984732824,1.0,1.0
2022-11-16,269.7373352050781,0.0222220089080018,0.0001636904761904,1.0,,0.6259541984732824,1.0,1.0
2022-11-17,267.53839111328125,-0.0081521680716725,0.0001632142823839,1.0,,0.6259541984732824,1.0,1.0
2022-11-18,263.6902770996094,-0.0143834086676648,0.0001640873106699,1.0,,0.6259541984732824,1.0,1.0
2022-11-21,259.4756164550781,-0.0159833752343442,0.0001626190495869,1.0,,0.6259541984732824,1.0,1.0
2022-11-22,254.16148376464844,-0.0204802777348819,0.0001665872997707,1.0,,0.6259541984732824,1.0,1.0
2022-11-23,258.37615966796875,0.0165826695724795,0.0001666666590978,1.0,,0.6259541984732824,1.0,1.0
2022-11-24,256.91015625,-0.0056739113231369,0.0001666666590978,1.0,,0.6259541984732824,1.0,1.0
2022-11-25,250.130111694336,-0.0263907221677384,0.0001656746107434,1.0,,0.6259541984732824,1.0,1.0
2022-11-28,247.3814239501953,-0.0109890317703916,0.0001659920669737,1.0,,0.6259541984732824,1.0,1.0
2022-11-29,261.8578186035156,0.0585185193866246,0.0001687698326413,1.0,,0.6259541984732824,1.0,1.0
2022-11-30,263.1405334472656,0.0048985164949082,0.0001687698326413,1.0,,0.6259541984732824,1.0,1.0
2022-12-01,269.7373352050781,0.0250695005873526,0.000166388882531,1.0,,0.6259541984732824,1.0,1.0
2022-12-02,271.2033386230469,0.0054349295652904,0.0001669841342502,1.0,,0.6259541984732824,1.0,1.0
2022-12-05,287.6954650878906,0.0608109271389414,0.0001649999996972,1.0,,0.6259541984732824,1.0,1.0
2022-12-06,285.6797180175781,-0.0070065305676496,0.0001674603091345,1.0,,0.6259541984732824,1.0,1.0
2022-12-07,275.0514831542969,-0.0372033231376519,0.0001659920669737,1.0,,0.6259541984732824,1.0,1.0
2022-12-08,290.8105773925781,0.0572950709356503,0.0001646825434669,1.0,,0.6259541984732824,1.0,1.0
2022-12-09,298.3236389160156,0.0258348977220841,0.0001655952324942,1.0,,0.24,1.0,0.8706871112471275
2022-12-12,290.9938049316406,-0.0245700743360753,0.0001653968341766,1.0,,0.6259541984732824,1.0,1.0
2022-12-13,291.726806640625,0.002518959842312,0.0001685714343237,1.0,,0.6259541984732824,1.0,1.0
2022-12-14,297.7739562988281,0.0207288103820111,0.0001674603091345,1.0,,0.6259541984732824,1.0,1.0
2022-12-15,290.9938049316406,-0.0227694572469036,0.0001671825325678,1.0,,0.6259541984732824,1.0,1.0
2022-12-16,290.2608947753906,-0.0025186452214065,0.0001651984169369,1.0,,0.6259541984732824,1.0,1.0
2022-12-19,293.55926513671875,0.0113634679031788,0.0001651984169369,1.0,,0.6259541984732824,1.0,1.0
2022-12-20,283.48077392578125,-0.0343320494628015,0.000167857143614,1.0,,0.6259541984732824,1.0,1.0
2022-12-21,284.9467468261719,0.0051713309516165,0.0001668650763375,1.0,,0.6259541984732824,1.0,1.0
2022-12-22,296.6744689941406,0.041157592773372,0.0001669841342502,1.0,,0.6259541984732824,1.0,1.0
2022-12-23,293.37603759765625,-0.0111180156744445,0.000166388882531,1.0,,0.6259541984732824,1.0,1.0
2022-12-28,298.8734130859375,0.0187383248246759,0.0001721428500281,1.0,,0.33333333333333337,1.0,0.9650833809555703
2022-12-29,307.11944580078125,0.02759038560741,0.000170436510964,1.0,,0.6259541984732824,1.0,1.0
2022-12-30,306.0199890136719,-0.0035798996193244,0.0001690476281302,1.0,,0.6259541984732824,1.0,1.0
2023-01-03,316.28173828125,0.0335329378340696,0.0001688492108905,1.0,,0.7827050997782705,1.0,1.0
2023-01-04,330.75811767578125,0.0457705192629815,0.0001746031783875,1.0,,0.47887323943661975,1.0,0.9591240534830061
2023-01-05,335.51385498046875,0.0143782935339751,0.0001784920692443,1.0,,0.34883720930232553,1.0,0.7528132190306122
2023-01-06,337.057373046875,0.0046004599914244,0.0001782936520046,1.0,,0.032258064516129004,1.0,0.5565445938906335
2023-01-09,349.2122802734375,0.0360618345674701,0.0001778968175252,1.0,,0.032258064516129004,1.0,0.5262128187393141
2023-01-10,349.59814453125,0.0011049561530607,0.0001811507959214,0.0,,0.28571428571428586,0.0,0.2809737026214384
2023-01-11,360.5954284667969,0.0314569287840251,0.000180753961442,0.0,,0.26980198019801976,0.0,0.22166340582600974
2023-01-12,351.1416320800781,-0.0262171831376648,0.0001775793612949,0.0,,0.28571428571428586,0.0,0.33039334980958596
2023-01-13,358.2802124023437,0.0203296324619166,0.0001780952347649,0.0,,0.26980198019801976,0.0,0.21137479408364185
2023-01-16,357.12261962890625,-0.0032309704342183,0.0001780952347649,0.0,,0.26980198019801976,0.0,0.21313712339204038
2023-01-17,360.5954284667969,0.0097244157804938,0.0001782936520046,0.0,,0.26980198019801976,0.0,0.1537043399811817
2023-01-18,366.5764465332031,0.0165865055245895,0.0001797619130876,0.0,,0.26980198019801976,0.0,0.06156065760883607
2023-01-19,369.2774963378906,0.0073683124767887,0.0001795634958479,0.0,,0.26980198019801976,0.0,0.02057720205157337
2023-01-20,377.9595947265625,0.0235110410863697,0.0001800793693179,0.0,,0.11724565756823821,0.0,0.0
2023-01-26,392.4296875,0.0382847610573453,0.0001802777865576,0.0,,0.11724565756823821,0.0,0.0
2023-01-27,400.3400573730469,0.0201574195964644,0.0001804761848752,0.0,,0.11724565756823821,0.0,0.0
2023-01-30,373.5220947265625,-0.0669879572442953,0.0001799603114052,0.0,,1.0,0.0,1.0
2023-01-31,368.69873046875,-0.0129131966379216,0.0001813492131611,1.0,,0.47887323943661975,1.0,0.957204772836829
2023-02-01,371.3997802734375,0.007325899390143,0.0001793650786081,1.0,,0.47887323943661975,1.0,0.957204772836829
2023-02-02,369.470458984375,-0.0051947292150847,0.0001789682630508,1.0,,0.47887323943661975,1.0,0.953181913399621
2023-02-03,371.3997802734375,0.0052218553395741,0.0001794841175987,1.0,,0.47887323943661975,1.0,0.953181913399621
2023-02-06,363.4894409179688,-0.0212987184581661,0.0001798809520781,1.0,,0.47887323943661975,1.0,0.9643311080141754
2023-02-07,366.5764465332031,0.0084926968096743,0.0001813492131611,1.0,,0.47887323943661975,1.0,0.9643311080141754
2023-02-08,368.69873046875,0.0057894716248623,0.0001819444459582,1.0,,0.47887323943661975,1.0,0.9643311080141754
2023-02-09,381.6253662109375,0.0350601579933651,0.0001830555522252,1.0,,0.47887323943661975,1.0,0.9643311080141754
2023-02-10,369.8563232421875,-0.0308392575829061,0.0001839285805111,1.0,,0.7827050997782705,1.0,1.0
2023-02-13,372.9433288574219,0.0083464994951916,0.0001843253960685,1.0,,0.0,1.0,0.04179715320507058
2023-02-14,365.2258911132813,-0.0206933256261327,0.0001849206288655,1.0,,0.0,1.0,0.10722286173012832
2023-02-15,363.6824035644531,-0.0042261175518617,0.0001842460367414,0.0,,0.26980198019801976,0.0,0.08534079205350353
2023-02-16,369.0845947265625,0.0148541450154378,0.0001851190461052,0.0,,0.26980198019801976,0.0,0.10946263932201554
2023-02-17,360.5954284667969,-0.0230005976436238,0.0001857142789023,0.0,,0.26980198019801976,0.0,0.16127494595266825
2023-02-20,363.6824035644531,0.0085607715848801,0.0001857142789023,0.0,,0.26980198019801976,0.0,0.1307558194255846
2023-02-21,349.0193176269531,-0.0403183816258004,0.0001860317540547,0.0,,0.28571428571428586,0.0,0.43972627897054134
2023-02-22,343.4242553710937,-0.0160308096809692,0.0001863095306214,0.0,,0.28571428571428586,0.0,0.3887621570794455
2023-02-23,343.4242553710937,0.0,0.0001861111133817,0.0,,0.28571428571428586,0.0,0.3887621570794455
2023-02-24,337.057373046875,-0.0185394078159646,0.0001866269868517,0.0,,0.28571428571428586,0.0,0.284731338233003
2023-02-27,337.057373046875,0.0,0.0001851190461052,0.0,,0.28571428571428586,0.0,0.284731338233003
2023-02-28,331.4622497558594,-0.0165999136599142,0.0001869047634185,0.0,,0.28571428571428586,0.0,0.2644871183889721
2023-03-01,355.7720642089844,0.0733411254857243,0.0001874999962155,0.0,,0.26980198019801976,0.0,0.2216521882828022
2023-03-02,349.9840393066406,-0.0162689133988435,0.0001874206368885,0.0,,0.26980198019801976,0.0,0.17831559225258323
2023-03-03,354.6144714355469,0.0132304094154684,0.0001872222196488,0.0,,0.26980198019801976,0.0,0.18526130460497733
2023-03-06,350.17694091796875,-0.0125136757662882,0.0001876190541282,0.0,,0.26980198019801976,0.0,0.14344923718481478
2023-03-07,344.388916015625,-0.0165288579172883,0.0001922618964361,0.0,,0.11724565756823821,0.0,0.0
2023-03-08,337.2503356933594,-0.0207282522470663,0.0001937698371826,0.0,,0.11724565756823821,0.0,0.0
2023-03-09,328.182373046875,-0.0268879277105577,0.0001923809543488,0.0,,0.11724565756823821,0.0,0.0
2023-03-10,319.8861999511719,-0.0252791550584533,0.0001905952370355,0.0,,0.11724565756823821,0.0,0.0
2023-03-13,332.619873046875,0.0398068847535368,0.0001848412695385,0.0,,0.11724565756823821,0.0,0.0
2023-03-14,329.53289794921875,-0.0092807897176402,0.0001857142789023,0.0,,0.11724565756823821,0.0,0.0
2023-03-15,332.42694091796875,0.0087822581197825,0.0001808730193546,0.0,,0.11724565756823821,0.0,0.0
2023-03-16,324.1307067871094,-0.0249565637127665,0.0001797619130876,0.0,,0.26980198019801976,0.0,0.02620446254833409
2023-03-17,327.4106140136719,0.0101190882501507,0.000170357151637,0.0,,0.26980198019801976,0.0,0.02637683241095955
2023-03-20,322.97314453125,-0.0135532242770741,0.0001771825457376,0.0,,0.26980198019801976,0.0,0.02579168823487546
2023-03-21,331.4622497558594,0.0262842448926523,0.0001827380959949,0.0,,0.26980198019801976,0.0,0.08872494811127322
2023-03-22,334.9350891113281,0.0104773299464018,0.0001810714365944,0.0,,0.26980198019801976,0.0,0.10163777704053681
2023-03-23,362.3318481445313,0.081797219592292,0.0001786904675619,0.0,,0.11724565756823821,0.0,0.0
2023-03-24,363.4894409179688,0.0031948413570748,0.0001786904675619,0.0,,0.11724565756823821,0.0,0.0
2023-03-27,349.9840393066406,-0.0371548663895743,0.0001818650866311,0.0,,0.26980198019801976,0.0,0.15817391448725943
2023-03-28,364.8400268554688,0.0424476144062444,0.0001836507850223,0.0,,0.26980198019801976,0.0,0.17296774213500798
2023-03-29,371.2068481445313,0.0174509944644443,0.0001837301632714,0.0,,0.26980198019801976,0.0,0.17388579142933036
2023-03-30,371.3997802734375,0.0005197429138781,0.0001851190461052,0.0,,0.26980198019801976,0.0,0.044346574014395373
2023-03-31,372.1715698242188,0.0020780560241933,0.0001819444459582,0.0,,0.26980198019801976,0.0,0.042626558656566664
2023-04-03,374.48675537109375,0.0062207479952551,0.0001813492131611,0.0,,0.26980198019801976,0.0,0.022387003042837132
2023-04-04,371.3997802734375,-0.0082432156902244,0.0001876190541282,0.0,,0.26980198019801976,0.0,0.03022024506247189
2023-04-06,371.78564453125,0.0010389458430168,0.0001869047634185,0.0,,0.26980198019801976,0.0,0.020148312974311747
2023-04-11,363.2965393066406,-0.0228333324577728,0.000193650798192,0.0,,0.26980198019801976,0.0,0.20789539634603055
2023-04-12,344.5818786621094,-0.0515134569689229,0.0001928571481553,0.0,,1.0,0.0,0.7556699243631173
2023-04-13,350.3699035644531,0.0167972411225356,0.0001926587309156,0.0,,0.38405336215028324,0.0,0.575276182681298
2023-04-14,352.4921875,0.0060572666600526,0.0001945634872194,0.0,,0.38405336215028324,0.0,0.575276182681298
2023-04-17,357.8943786621094,0.015325704664332,0.0001953571372561,0.0,,0.38405336215028324,0.0,0.575276182681298
2023-04-18,352.4921875,-0.0150943727652387,0.0001996031829289,0.0,,0.28571428571428586,0.0,0.5617776408504929
2023-04-19,344.5818786621094,-0.0224410898124958,0.0001982142811729,0.0,,0.28571428571428586,0.0,0.5663073160259459
2023-04-20,344.388916015625,-0.0005599906972286,0.0001962301655421,0.0,,0.28571428571428586,0.0,0.5622803525892944
2023-04-21,336.86444091796875,-0.0218487725583911,0.0001964285638597,0.0,,0.875,0.0,0.5812988060146191
2023-04-24,332.81280517578125,-0.0120274960786797,0.0001933730216253,0.0,,0.28571428571428586,0.0,0.5218511970896409
2023-04-25,326.4459533691406,-0.0191304292011176,0.0001965476217724,0.0,,0.28571428571428586,0.0,0.5065581797003141
2023-04-26,335.8998107910156,0.0289599467363734,0.0001978174656156,0.0,,0.11724565756823821,0.0,0.0
2023-04-27,332.81280517578125,-0.0091902570828031,0.0001984126984126,0.0,,0.11724565756823821,0.0,0.0
2023-04-28,332.2340087890625,-0.0017391049193946,0.0001953571372561,0.0,,0.11724565756823821,0.0,0.0
2023-05-02,333.58453369140625,0.00406498090688,0.0001999999984862,0.0,,0.11724565756823821,0.0,0.0
2023-05-03,327.4106140136719,-0.0185078115265552,0.0002021825313568,0.0,,0.11724565756823821,0.0,0.0
2023-05-04,325.8671569824219,-0.0047141325454572,0.0002005952312832,0.0,,0.11724565756823821,0.0,0.0
2023-05-05,330.6905517578125,0.0148017211064042,0.0002015872985597,0.0,,0.11724565756823821,0.0,0.0
2023-05-08,328.7611694335937,-0.005834404139952,0.0002017063564724,0.0,,0.11724565756823821,0.0,0.0
2023-05-09,316.7991943359375,-0.0363849998412674,0.0002032936565459,0.0,,0.26980198019801976,0.0,0.11285202069882068
2023-05-10,317.95684814453125,0.0036542195475604,0.0002009920657627,0.0,,0.26980198019801976,0.0,0.09666954905524881
2023-05-11,314.86981201171875,-0.009708978280629,0.0001990079312097,0.0,,0.26980198019801976,0.0,0.06846863089866222
2023-05-12,316.6063232421875,0.0055150133935486,0.0001995238046797,0.0,,0.26980198019801976,0.0,0.09748214699494262
2023-05-15,328.9541015625,0.0390004160178034,0.0001984126984126,0.0,,0.26980198019801976,0.0,0.10565054209800813
2023-05-16,332.619873046875,0.0111437172145383,0.0002007142891959,0.0,,0.26980198019801976,0.0,0.10549677578842923
2023-05-17,330.6905517578125,-0.0058003788871346,0.00020190475479,0.0,,0.26980198019801976,0.0,0.04552446842986856
2023-05-18,327.7964782714844,-0.0087516062099277,0.000203373015873,0.0,,0.26980198019801976,0.0,0.04656100238142021
2023-05-19,323.716064453125,-0.0124480099355428,0.0002017857157994,0.0,,0.26980198019801976,0.0,0.03504469828978551
2023-05-22,330.516845703125,0.021008476244418,0.0002021825313568,0.0,,0.26980198019801976,0.0,0.05799287968400175
2023-05-23,326.0477600097656,-0.0135215065478797,0.00020448412214,0.0,,0.11724565756823821,0.0,0.0
2023-05-24,322.9388122558594,-0.0095352526078177,0.0002057539659833,0.0,,0.11724565756823821,0.0,0.0
2023-05-25,313.2234191894531,-0.030084315349215,0.0002048809566195,0.0,,0.11724565756823821,0.0,0.0
2023-05-29,304.28533935546875,-0.0285357967712439,0.0002048809566195,0.0,,0.26980198019801976,0.0,0.026131439228383988
2023-05-30,307.1999206542969,0.0095784479955614,0.0002040873065827,0.0,,0.26980198019801976,0.0,0.028890902935567224
2023-05-31,301.7593078613281,-0.0177103326764568,0.0002082539740062,0.0,,0.11724565756823821,0.0,0.0
2023-06-01,306.42266845703125,0.0154539080459654,0.000206468256693,0.0,,0.26980198019801976,0.0,0.032143087477695176
2023-06-02,324.6875915527344,0.0596069578914471,0.0002069444504995,0.0,,0.26980198019801976,0.0,0.06825026472989343
2023-06-05,328.5737609863281,0.0119689496448236,0.0002040873065827,0.0,,0.26980198019801976,0.0,0.10779392002552095
2023-06-06,321.7729797363281,-0.0206978829641937,0.0002046825393797,0.0,,0.26980198019801976,0.0,0.09842527776217068
2023-06-07,326.0477600097656,0.013285081540844,0.00020448412214,0.0,,0.26980198019801976,0.0,0.14419856622966312
2023-06-08,325.2704772949219,-0.00238395354969,0.0002023809485965,0.0,,0.26980198019801976,0.0,0.16671486706325622
2023-06-09,326.43634033203125,0.0035842879034246,0.0002021825313568,0.0,,0.26980198019801976,0.0,0.023312895270977782
2023-06-12,328.7680358886719,0.0071428798468606,0.0002021825313568,0.0,,0.11724565756823821,0.0,0.0
2023-06-13,334.98583984375,0.0189124345323632,0.0002023809485965,0.0,,0.11724565756823821,0.0,0.0
2023-06-14,335.7630920410156,0.0023202538878304,0.0002015872985597,0.0,,0.11724565756823821,0.0,0.0
2023-06-15,344.8955383300781,0.0271990772825827,0.0002005952312832,0.0,,0.11724565756823821,0.0,0.0
2023-06-16,352.6678466796875,0.0225352533907556,0.0002009920657627,0.0,,0.11724565756823821,0.0,0.0
2023-06-19,347.0329284667969,-0.0159779754971781,0.0002009920657627,0.0,,0.11724565756823821,0.0,0.0
2023-06-20,340.0378723144531,-0.0201567504941048,0.00020138888132,0.0,,0.11724565756823821,0.0,0.0
2023-06-21,330.71112060546875,-0.0274285674283932,0.0002037698503524,0.0,,0.11724565756823821,0.0,0.0
2023-06-23,327.40789794921875,-0.0099882418535017,0.000203888889343,0.0,,0.11724565756823821,0.0,0.0
2023-06-26,323.327392578125,-0.0124630633428599,0.0002045635003892,0.0,,0.11724565756823821,0.0,0.0
2023-06-27,331.6826477050781,0.0258414700354665,0.0002055555487435,0.0,,0.11724565756823821,0.0,0.0
2023-06-28,326.6306457519531,-0.0152314327809427,0.0002051587331862,0.0,,0.11724565756823821,0.0,0.0
2023-06-29,324.10467529296875,-0.0077334153786127,0.0002053571504259,0.0,,0.11724565756823821,0.0,0.0
2023-06-30,322.1615905761719,-0.0059952381589079,0.00020448412214,0.0,,0.11724565756823821,0.0,0.0
2023-07-03,328.3794250488281,0.0193003593679057,0.0002041666659097,0.0,,0.11724565756823821,0.0,0.0
2023-07-04,329.5452880859375,0.0035503534879994,0.0002041666659097,0.0,,0.11724565756823821,0.0,0.0
2023-07-05,325.8534240722656,-0.0112029033554535,0.0002060714222135,0.0,,0.11724565756823821,0.0,0.0
2023-07-06,317.4981994628906,-0.0256410520563442,0.0002068650722503,0.0,,0.11724565756823821,0.0,0.0
2023-07-07,317.30389404296875,-0.0006119890451365,0.0002068650722503,0.0,,0.11724565756823821,0.0,0.0
2023-07-10,319.4412841796875,0.0067360980336073,0.0002073412660568,0.0,,0.11724565756823821,0.0,0.0
2023-07-11,324.2989501953125,0.015206757098098,0.0002080555567665,0.0,,0.11724565756823821,0.0,0.0
2023-07-12,330.3224792480469,0.0185740010848221,0.0002075396832965,0.0,,0.11724565756823821,0.0,0.0
2023-07-13,339.84356689453125,0.0288236140275961,0.0002072619067298,0.0,,0.11724565756823821,0.0,0.0
2023-07-14,342.5638732910156,0.008004584054194,0.0002069444504995,0.0,,0.11724565756823821,0.0,0.0
2023-07-18,326.824951171875,-0.0459444890318894,0.0002082539740062,0.0,,0.28571428571428586,0.0,0.4611455724555085
2023-07-19,323.521728515625,-0.010107008796011,0.0002081349160936,0.0,,0.28571428571428586,0.0,0.435810926830653
2023-07-20,323.327392578125,-0.0006006889812057,0.0002080555567665,0.0,,0.28571428571428586,0.0,0.4563027242867736
2023-07-21,323.521728515625,0.0006010500253332,0.0002082539740062,0.0,,0.28571428571428586,0.0,0.3547320451004778
2023-07-24,315.7494506835937,-0.0240239747348405,0.0002083333333333,0.0,,0.28571428571428586,0.0,0.44169103632361884
2023-07-25,335.1802062988281,0.0615385254769789,0.0002089285661303,0.0,,0.28571428571428586,0.0,0.38774124698287027
2023-07-26,331.29400634765625,-0.011594359923829,0.000209047624043,0.0,,0.28571428571428586,0.0,0.3607749412812755
2023-07-27,334.0143127441406,0.0082111548786358,0.000209047624043,0.0,,0.28571428571428586,0.0,0.36204402434355476
2023-07-28,340.42645263671875,0.019197200981893,0.000208531750573,0.0,,0.28571428571428586,0.0,0.3699368224681446
2023-07-31,344.3126525878906,0.0114156814814827,0.0002082539740062,0.0,,0.28571428571428586,0.0,0.3699824529836165
2023-08-01,343.92401123046875,-0.0011287455006395,0.0002087301678127,0.0,,0.11724565756823821,0.0,0.0
2023-08-02,333.6257019042969,-0.0299435601757703,0.0002087301678127,0.0,,0.26980198019801976,0.0,0.04861337534271232
2023-08-03,332.4598693847656,-0.0034944325718216,0.0002086507895636,0.0,,0.26980198019801976,0.0,0.03890254712455034
2023-08-04,333.6257019042969,0.0035066864511759,0.0002084523723238,0.0,,0.26980198019801976,0.0,0.039079447626691306
2023-08-07,331.48834228515625,-0.0064064597150064,0.0002087301678127,0.0,,0.11724565756823821,0.0,0.0
2023-08-08,325.2704772949219,-0.018757416768779,0.0002093254006098,0.0,,0.11724565756823821,0.0,0.0
2023-08-09,327.6022033691406,0.0071685758068493,0.0002095238178495,0.0,,0.11724565756823821,0.0,0.0
2023-08-10,330.128173828125,0.0077104806775005,0.000209047624043,0.0,,0.11724565756823821,0.0,0.0
2023-08-11,326.2420654296875,-0.0117715139346474,0.0002089285661303,0.0,,0.11724565756823821,0.0,0.0
2023-08-14,323.716064453125,-0.0077427200359203,0.00020912698337,0.0,,0.11724565756823821,0.0,0.0
2023-08-15,323.1331481933594,-0.0018007022936917,0.0002095238178495,0.0,,0.11724565756823821,0.0,0.0
2023-08-16,319.4412841796875,-0.0114252098068957,0.0002097222161671,0.0,,0.11724565756823821,0.0,0.0
2023-08-17,323.327392578125,0.0121653292510919,0.0002094444396003,0.0,,0.11724565756823821,0.0,0.0
2023-08-18,315.7494506835937,-0.0234373643201303,0.0002094444396003,0.0,,0.11724565756823821,0.0,0.0
2023-08-21,308.9486999511719,-0.0215384404238813,0.0002095238178495,0.0,,0.11724565756823821,0.0,0.0
2023-08-22,309.92022705078125,0.0031446227149132,0.0002101190506465,0.0,,0.11724565756823821,0.0,0.0
2023-08-23,308.9486999511719,-0.003134765061495,0.0002101190506465,0.0,,0.11724565756823821,0.0,0.0
2023-08-24,315.9437561035156,0.0226414811049513,0.0002104365068768,0.0,,0.11724565756823821,0.0,0.0
2023-08-25,310.8917541503906,-0.0159901939998136,0.0002109127006833,0.0,,0.11724565756823821,0.0,0.0
2023-08-28,315.9437561035156,0.0162500352154117,0.0002112301569136,0.0,,0.11724565756823821,0.0,0.0
2023-08-29,320.0242004394531,0.0129150972510454,0.000211111117923,0.0,,0.11724565756823821,0.0,0.0
2023-08-30,316.52667236328125,-0.0109289487212814,0.0002109127006833,0.0,,0.11724565756823821,0.0,0.0
2023-08-31,315.7494506835937,-0.0024554697835875,0.0002102380896371,0.0,,0.26980198019801976,0.0,0.023114274513653665
2023-09-04,323.91033935546875,0.0258460898481591,0.0002102380896371,0.0,,0.26980198019801976,0.0,0.04247594320840431
2023-09-05,319.6355895996094,-0.0131973241865803,0.0002094444396003,0.0,,0.26980198019801976,0.0,0.06306579453480676
2023-09-06,318.27545166015625,-0.0042552768956576,0.0002103174678863,0.0,,0.26980198019801976,0.0,0.08253933983944473
2023-09-07,312.4462280273437,-0.0183150274468444,0.0002096428568401,0.0,,0.26980198019801976,0.0,0.10614459750864613
2023-09-11,314.7779235839844,0.0074627098920734,0.0002100396913195,0.0,,0.26980198019801976,0.0,0.12524359088838644
2023-09-12,312.8348388671875,-0.0061728748149596,0.0002105158662039,0.0,,0.26980198019801976,0.0,0.1398342516475215
2023-09-13,311.0860900878906,-0.0055900064891407,0.0002105158662039,0.0,,0.26980198019801976,0.0,0.15314853104219983
2023-09-14,310.69744873046875,-0.0012493048381304,0.0002101190506465,0.0,,0.26980198019801976,0.0,0.17091151908041002
2023-09-15,308.17144775390625,-0.0081300988691214,0.0002102380896371,0.0,,0.26980198019801976,0.0,0.19124562450693938
2023-09-18,303.31378173828125,-0.0157628685299364,0.0002103174678863,0.0,,0.26980198019801976,0.0,0.2122716953892545
2023-09-19,303.508056640625,0.0006405079954836,0.0002107142834436,0.0,,0.26980198019801976,0.0,0.22878435974964528
2023-09-20,300.399169921875,-0.0102431769131952,0.0002109127006833,0.0,,0.28571428571428586,0.0,0.2460429341491821
2023-09-21,294.3756408691406,-0.0200517499908569,0.0002105158662039,0.0,,0.28571428571428586,0.0,0.2678376979371144
2023-09-22,304.6739501953125,0.0349835648621137,0.0002105158662039,0.0,,0.28571428571428586,0.0,0.2888732779884706
2023-09-25,295.7357788085937,-0.0293368415021663,0.0002108333413563,0.0,,0.28571428571428586,0.0,0.3186194864937808
2023-09-26,291.46099853515625,-0.0144547281044549,0.0002113095162406,0.0,,0.28571428571428586,0.0,0.3544953911357185
2023-09-27,293.40411376953125,0.0066668104622602,0.0002115079334803,0.0,,0.28571428571428586,0.0,0.391199811020464
2023-09-28,288.9350280761719,-0.0152318440118049,0.0002106349241165,0.0,,0.28571428571428586,0.0,0.41899533901430974
2023-09-29,297.48455810546875,0.0295898011612596,0.0002103174678863,0.0,,0.28571428571428586,0.0,0.4402352890450145
2023-10-03,292.0439758300781,-0.0182886207944338,0.0002119047679598,0.0,,0.28571428571428586,0.0,0.461548356339172
2023-10-04,289.1293334960937,-0.0099801487967697,0.0002117063507201,0.0,,0.28571428571428586,0.0,0.48486632401034235
2023-10-05,291.2666931152344,0.0073923997724345,0.0002113095162406,0.0,,0.28571428571428586,0.0,0.5037080643773817
2023-10-06,296.5130310058594,0.018012144933267,0.0002122222241901,0.0,,0.28571428571428586,0.0,0.5304228969434055
2023-10-09,298.26177978515625,0.0058977130730633,0.0002122222241901,0.0,,0.28571428571428586,0.0,0.5525634177482841
2023-10-10,299.4276428222656,0.0039088583121482,0.0002112301569136,0.0,,0.5919185963707168,0.0,0.5772018244944177
2023-10-11,302.1479187011719,0.0090849189916675,0.0002117063507201,0.0,,0.875,0.0,0.6047711676752554
2023-10-12,307.5885314941406,0.0180064546410116,0.0002117063507201,0.0,,0.28571428571428586,0.0,0.5588803409748685
2023-10-13,298.0674743652344,-0.0309538755644003,0.0002114285741533,0.0,,0.28571428571428586,0.0,0.5705231276745982
2023-10-16,292.6268615722656,-0.0182529570009445,0.0002114285741533,0.0,,1.0,0.0,0.6923859999012172
2023-10-17,293.5984191894531,0.0033201245161411,0.0002119047679598,1.0,,0.08333333333333337,1.0,0.6140495747833855
2023-10-18,291.46099853515625,-0.007280082298119,0.0002115079334803,1.0,,0.34883720930232553,1.0,0.7498472153183
2023-10-19,282.9115295410156,-0.0293331493308165,0.0002107142834436,1.0,,0.47887323943661975,1.0,0.7834742212037993
2023-10-20,280.77410888671875,-0.00755508500401,0.0002103174678863,1.0,,0.47887323943661975,1.0,0.8121750185389653
2023-10-24,274.9449157714844,-0.0207611490188585,0.0002106349241165,1.0,,0.47887323943661975,1.0,0.8464187388274769
2023-10-25,279.6082763671875,0.0169610723028572,0.0002109127006833,1.0,,0.47887323943661975,1.0,0.8792353489053539
2023-10-26,279.4139709472656,-0.0006949201305711,0.0002103174678863,1.0,,0.47887323943661975,1.0,0.9082273174209288
2023-10-27,284.4659423828125,0.0180805971097999,0.0002105158662039,1.0,,0.47887323943661975,1.0,0.9329411286897349
2023-10-30,286.991943359375,0.0088798010594997,0.0002108333413563,1.0,,0.47887323943661975,1.0,0.9542483669636548
2023-10-31,280.96844482421875,-0.020988388958409,0.000211111117923,1.0,,0.47887323943661975,1.0,0.9739550961036225
2023-11-01,278.8310241699219,-0.0076073334698993,0.0002103174678863,1.0,,0.47887323943661975,1.0,0.9970232038073856
2023-11-02,280.385498046875,0.0055749674254534,0.00020912698337,1.0,,0.7827050997782705,1.0,1.0
2023-11-03,293.987060546875,0.0485102210875616,0.0002084523723238,1.0,,0.7827050997782705,1.0,1.0
2023-11-06,303.702392578125,0.0330468014924789,0.0002087301678127,1.0,,0.7827050997782705,1.0,1.0
2023-11-07,299.8162536621094,-0.0127958785014047,0.0002092460223606,1.0,,0.7827050997782705,1.0,1.0
2023-11-08,299.6219177246094,-0.0006481834627919,0.000209047624043,1.0,,0.7827050997782705,1.0,1.0
2023-11-09,298.0674743652344,-0.0051880161878001,0.0002088492068033,1.0,,0.7827050997782705,1.0,1.0
2023-11-10,294.1813049316406,-0.0130378849348449,0.0002083333333333,1.0,,0.7827050997782705,1.0,1.0
2023-11-13,300.9820861816406,0.023117652739967,0.0002087301678127,1.0,,0.7827050997782705,1.0,1.0
2023-11-14,299.0390014648437,-0.0064558151664357,0.0002084523723238,1.0,,0.7827050997782705,1.0,1.0
2023-11-15,313.41778564453125,0.0480833072249875,0.000208531750573,1.0,,0.7827050997782705,1.0,1.0
2023-11-16,315.5550842285156,0.0068193276893622,0.0002080555567665,1.0,,0.47887323943661975,1.0,0.8315778782216892
2023-11-17,306.2283935546875,-0.02955645825397,0.0002076587222871,1.0,,0.47887323943661975,1.0,0.9143050769105254
2023-11-20,317.30389404296875,0.0361674512272269,0.0002078571395268,1.0,,0.47887323943661975,1.0,0.8419758727553205
2023-11-21,315.5550842285156,-0.0055114666012144,0.000208531750573,1.0,,0.47887323943661975,1.0,0.9809015248857977
2023-11-22,315.1665344238281,-0.0012313216427408,0.0002089285661303,1.0,,0.47887323943661975,1.0,0.9716020941684933
2023-11-23,319.8299255371094,0.0147965935590421,0.0002089285661303,1.0,,0.47887323943661975,1.0,0.9577587769069718
2023-11-24,312.0576171875,-0.0243013793551584,0.0002084523723238,1.0,,0.47887323943661975,1.0,0.9473820892361684
2023-11-27,313.612060546875,0.0049812703608544,0.0002086507895636,1.0,,0.47887323943661975,1.0,0.9355136756748794
2023-11-28,310.503173828125,-0.0099131605886864,0.0002087301678127,1.0,,0.47887323943661975,1.0,0.9248859014530941
2023-11-29,307.9771423339844,-0.0081352839747103,0.0002079364988538,1.0,,0.47887323943661975,1.0,0.9116060512491564
2023-11-30,317.6925048828125,0.0315457260081086,0.0002078571395268,1.0,,0.47887323943661975,1.0,0.8926377008431396
2023-12-01,309.92022705078125,-0.0244647818647727,0.0002069444504995,1.0,,0.47887323943661975,1.0,0.8736357075868062
2023-12-04,307.7828674316406,-0.0068964831352889,0.0002072619067298,1.0,,0.47887323943661975,1.0,0.8534433920624496
2023-12-05,300.01055908203125,-0.0252525698212738,0.0002080555567665,1.0,,0.47887323943661975,1.0,0.8446035253331985
2023-12-06,302.7308654785156,0.0090673688446432,0.0002080555567665,1.0,,0.47887323943661975,1.0,0.8290343676376044
2023-12-07,299.0390014648437,-0.0121952018596991,0.0002076587222871,1.0,,0.47887323943661975,1.0,0.8126970942270462
2023-12-08,296.9016418457031,-0.0071474276220516,0.0002076587222871,1.0,,0.47887323943661975,1.0,0.798065954466074
2023-12-11,298.45611572265625,0.0052356526804286,0.0002076587222871,1.0,,0.45837521740560105,1.0,0.7807724968705188
2023-12-12,302.5365295410156,0.0136717379989999,0.0002082539740062,1.0,,0.34883720930232553,1.0,0.7668886548885712
2023-12-13,298.26177978515625,-0.014129697866055,0.0002072619067298,1.0,,0.34883720930232553,1.0,0.7539134833645456
2023-12-14,297.6788635253906,-0.001954377997025,0.0002069444504995,1.0,,0.34883720930232553,1.0,0.7401118926473238
2023-12-15,305.451171875,0.0261097084877388,0.0002073412660568,1.0,,0.34883720930232553,1.0,0.7235850449694925
2023-12-18,302.7308654785156,-0.0089058633489139,0.0002073412660568,1.0,,0.34883720930232553,1.0,0.7133972463386273
2023-12-19,302.9251403808594,0.000641741310509,0.0002078571395268,1.0,,0.34883720930232553,1.0,0.7043615423295857
2023-12-20,305.2568359375,0.0076972665712362,0.0002075396832965,1.0,,0.34883720930232553,1.0,0.695822031560418
2023-12-21,303.702392578125,-0.0050922474990642,0.0002067460332598,1.0,,0.34883720930232553,1.0,0.6860224705343554
2023-12-22,266.2010803222656,-0.1234804636786405,0.0002066666739327,1.0,,0.7827050997782705,1.0,1.0
2023-12-27,276.88800048828125,0.0401460435587937,0.0002077381005362,1.0,,0.7827050997782705,1.0,1.0
2023-12-28,284.6602783203125,0.0280701143362123,0.00020706348949,1.0,,0.7827050997782705,1.0,1.0
2023-12-29,285.2431945800781,0.0020477611530671,0.0002055555487435,1.0,,0.7827050997782705,1.0,1.0
2024-01-02,288.15777587890625,0.0102178819835432,0.0002068650722503,1.0,,0.7634854771784232,1.0,1.0
2024-01-03,292.0439758300781,0.0134863615577216,0.0002077381005362,1.0,,0.7634854771784232,1.0,1.0
2024-01-04,290.295166015625,-0.0059881728752749,0.0002074603239695,1.0,,0.7634854771784232,1.0,1.0
2024-01-05,283.883056640625,-0.0220882402659604,0.0002071428488171,1.0,,0.7634854771784232,1.0,1.0
2024-01-08,279.8025817871094,-0.0143737879315608,0.0002071428488171,1.0,,0.7634854771784232,1.0,1.0
2024-01-09,275.52783203125,-0.0152777352108632,0.0002075396832965,1.0,,0.7634854771784232,1.0,1.0
2024-01-10,272.224609375,-0.0119887077537609,0.0002073412660568,1.0,,0.28,1.0,0.6345835678949552
2024-01-11,279.2196655273437,0.0256958993105127,0.00020706348949,1.0,,0.28,1.0,0.6320454925867391
2024-01-12,280.191162109375,0.0034793272178608,0.0002062698394533,1.0,,0.030303030303030276,1.0,0.5062761388517074
2024-01-15,281.1627197265625,0.003467481307666,0.0002062698394533,1.0,,0.08695652173913049,1.0,0.5937497967366698
2024-01-16,274.3619384765625,-0.0241880618334249,0.000206468256693,1.0,,0.08695652173913049,1.0,0.6094497900240192
2024-01-17,266.78399658203125,-0.0276202374739329,0.0002069444504995,1.0,,0.08695652173913049,1.0,0.6127946972199472
2024-01-18,269.6985778808594,0.0109248730664845,0.0002063491987803,1.0,,0.28,1.0,0.621314208517374
2024-01-19,263.48077392578125,-0.0230546412366507,0.0002062698394533,1.0,,0.28,1.0,0.6327785570447042
2024-01-22,254.7369384765625,-0.0331858576204189,0.0002063491987803,1.0,,0.28,1.0,0.6464683380564273
2024-01-23,264.2580261230469,0.0373761563730199,0.0002067460332598,1.0,,0.28,1.0,0.6527571247892272
2024-01-24,273.779052734375,0.0360292807412965,0.0002067460332598,1.0,,0.28,1.0,0.650940122339676
2024-01-25,282.5228881835937,0.0319375619204223,0.0002061508004627,1.0,,0.28,1.0,0.649066191329688
2024-01-26,274.7505798339844,-0.027510367034612,0.0002063491987803,1.0,,0.28,1.0,0.6497012350256659
2024-01-29,273.973388671875,-0.002828715275429,0.0002063491987803,1.0,,0.28,1.0,0.661775147259489
2024-01-30,266.0067443847656,-0.0290781682327937,0.000206468256693,1.0,,0.3522727272727273,1.0,0.6798836664846708
2024-01-31,262.8978576660156,-0.0116872477272724,0.0002058730238959,1.0,,0.3522727272727273,1.0,0.6944624072878303
2024-02-01,263.869384765625,0.0036954546082441,0.0002063491987803,1.0,,0.3522727272727273,1.0,0.7200056559705303
2024-02-02,271.4473571777344,0.0287186496411484,0.0002067460332598,1.0,,0.3522727272727273,1.0,0.7391020749700838
2024-02-05,271.6416931152344,0.0007159249569439,0.0002074603239695,1.0,,0.3522727272727273,1.0,0.7575446028876986
2024-02-06,282.5228881835937,0.040057161121225,0.0002072619067298,1.0,,0.3522727272727273,1.0,0.7218179265520579
2024-02-07,283.883056640625,0.0048143655396422,0.0002072619067298,1.0,,0.030303030303030276,1.0,0.5381355053442846
2024-02-08,279.0253601074219,-0.0171116113468956,0.00020706348949,1.0,,0.3522727272727273,1.0,0.7011760952432128
2024-02-09,279.0253601074219,0.0,0.0002071428488171,1.0,,0.5029940119760479,1.0,0.8086110533781232
2024-02-14,281.7456359863281,0.0097492065877415,0.00020706348949,1.0,,0.5029940119760479,1.0,0.8188541995066823
2024-02-15,277.2765808105469,-0.0158620209329457,0.00020706348949,1.0,,0.5029940119760479,1.0,0.8398891180298795
2024-02-16,283.494384765625,0.0224245550666484,0.0002072619067298,1.0,,0.3522727272727273,1.0,0.724914164009847
2024-02-19,276.69366455078125,-0.0239889062369477,0.0002072619067298,1.0,,0.3522727272727273,1.0,0.6977273527869317
2024-02-20,276.1107482910156,-0.0021067206605976,0.0002068650722503,1.0,,0.34346218167604436,1.0,0.6758063320932782
2024-02-21,280.5798034667969,0.0161857341789206,0.0002077381005362,1.0,,0.28,1.0,0.6621321261730412
2024-02-22,283.1058044433594,0.0090027897423536,0.0002076587222871,1.0,,0.3522727272727273,1.0,0.7237759422426123
2024-02-23,282.5228881835937,-0.0020590049748778,0.0002079364988538,1.0,,0.5029940119760479,1.0,0.8887423888235557
2024-02-26,279.0253601074219,-0.0123796273592495,0.0002083333333333,1.0,,0.5029940119760479,1.0,0.8954743929122388
2024-02-27,276.4993591308594,-0.0090529440606761,0.0002081349160936,1.0,,0.5029940119760479,1.0,0.9060553115173131
2024-02-28,269.1156921386719,-0.0267041016492665,0.0002079364988538,1.0,,0.5029940119760479,1.0,0.9181281516178785
2024-02-29,269.3100280761719,0.0007221278549593,0.0002072619067298,1.0,,0.5029940119760479,1.0,0.9318210255103199
2024-03-01,269.5042724609375,0.0007212668096809,0.0002069444504995,1.0,,0.5029940119760479,1.0,0.9513580526122656
2024-03-04,268.33843994140625,-0.0043258405845875,0.0002072619067298,1.0,,0.5029940119760479,1.0,0.9701136057309956
2024-03-05,260.566162109375,-0.0289644593362337,0.0002073412660568,1.0,,0.5029940119760479,1.0,0.9935711506339384
2024-03-06,266.78399658203125,0.0238627856446158,0.0002075396832965,1.0,,0.7634854771784232,1.0,1.0
2024-03-07,263.2864990234375,-0.0131098476797814,0.0002074603239695,1.0,,0.7634854771784232,1.0,1.0
2024-03-08,262.3149108886719,-0.0036902315096648,0.0002074603239695,1.0,,0.7634854771784232,1.0,1.0
2024-03-11,270.670166015625,0.031852002231391,0.0002079364988538,1.0,,0.7634854771784232,1.0,1.0
2024-03-12,282.5228881835937,0.0437902792998785,0.0002079364988538,1.0,,0.7634854771784232,1.0,1.0
2024-03-13,282.3285827636719,-0.0006877510745095,0.0002078571395268,1.0,,0.7634854771784232,1.0,1.0
2024-03-14,280.96844482421875,-0.0048175708110703,0.0002078571395268,1.0,,0.7634854771784232,1.0,1.0
2024-03-15,275.7221069335937,-0.01867233843255,0.0002078571395268,1.0,,0.7634854771784232,1.0,1.0
2024-03-18,281.5513610839844,0.0211417728350473,0.0002078571395268,1.0,,0.7634854771784232,1.0,1.0
2024-03-19,276.88800048828125,-0.0165630902217946,0.0002078571395268,1.0,,0.7634854771784232,1.0,1.0
2024-03-20,280.5798034667969,0.0133331996041912,0.0002074603239695,1.0,,0.7634854771784232,1.0,1.0
2024-03-21,282.9115295410156,0.0083103845872309,0.0002074603239695,1.0,,0.5029940119760479,1.0,0.994856004178899
2024-03-22,280.5798034667969,-0.0082418913007951,0.0002071428488171,1.0,,0.5029940119760479,1.0,0.9834515855770753
2024-03-25,280.385498046875,-0.0006925139212483,0.00020706348949,1.0,,0.5029940119760479,1.0,0.9744466677594055
2024-03-26,290.87811279296875,0.0374221021386047,0.00020706348949,1.0,,0.5029940119760479,1.0,0.9590431491041862
2024-03-27,293.40411376953125,0.0086840530980767,0.0002069444504995,1.0,,0.5029940119760479,1.0,0.9441223691972334
2024-03-28,295.1528625488281,0.0059602053864538,0.000206468256693,1.0,,0.5029940119760479,1.0,0.9219812161075103
2024-04-02,300.399169921875,0.0177748822347232,0.0002068650722503,1.0,,0.3522727272727273,1.0,0.7707608212476006
2024-04-03,299.6219177246094,-0.0025873979527565,0.0002067460332598,1.0,,0.3522727272727273,1.0,0.7707756001927402
2024-04-05,301.1763916015625,0.0051881180414241,0.0002069444504995,1.0,,0.030303030303030276,1.0,0.5759257064806319
2024-04-08,296.70733642578125,-0.0148386636549305,0.0002072619067298,1.0,,0.3522727272727273,1.0,0.6870244784555745
2024-04-09,296.3187255859375,-0.0013097446275682,0.0002071428488171,1.0,,0.28,1.0,0.6683881007936969
2024-04-10,305.2568359375,0.0301638390685177,0.0002080555567665,1.0,,0.28,1.0,0.6219642960310319
2024-04-11,306.0340881347656,0.0025462237229791,0.0002078571395268,1.0,,0.28,1.0,0.6362249711509036
2024-04-12,300.7878112792969,-0.0171427859146151,0.0002075396832965,1.0,,0.08695652173913049,1.0,0.5981213811102235
2024-04-15,295.7357788085937,-0.0167960013047606,0.0002078571395268,1.0,,0.030303030303030276,1.0,0.5660868058988417
2024-04-16,293.20977783203125,-0.0085414114813524,0.0002076587222871,1.0,,0.28,1.0,0.6190531200580263
2024-04-17,292.2382507324219,-0.0033134198552066,0.0002079364988538,1.0,,0.08695652173913049,1.0,0.5907198377145817
2024-04-18,295.7357788085937,0.0119680708032099,0.0002080555567665,1.0,,0.030303030303030276,1.0,0.5619568161863153
2024-04-19,295.1528625488281,-0.0019710711436875,0.0002081349160936,0.0,,0.30000000000000004,0.0,0.537817362121944
2024-04-22,311.2803649902344,0.0546411859337403,0.0002081349160936,0.0,,0.30000000000000004,0.0,0.5056875234846259
2024-04-23,322.9388122558594,0.0374532048174345,0.0002081349160936,0.0,,0.30000000000000004,0.0,0.47565581569438464
2024-04-24,334.4029541015625,0.0354994240723851,0.000208531750573,0.0,,0.30000000000000004,0.0,0.41172179226892125
2024-04-25,329.73956298828125,-0.0139454243931855,0.0002081349160936,0.0,,0.30000000000000004,0.0,0.39743426033003443
2024-04-26,338.4834289550781,0.0265174912211174,0.0002078571395268,0.0,,0.30000000000000004,0.0,0.3512078333269111
2024-04-29,337.7061767578125,-0.0022962784313106,0.0002080555567665,0.0,,0.30000000000000004,0.0,0.3245626416217129
2024-04-30,337.31756591796875,-0.0011507365472988,0.0002081349160936,0.0,,0.30000000000000004,0.0,0.2852608935759293
2024-05-02,350.141845703125,0.0380184167114348,0.0002078571395268,0.0,,0.2577319587628866,0.0,0.23355216676330073
2024-05-03,354.0279846191406,0.0110987560147568,0.0002077381005362,0.0,,0.2577319587628866,0.0,0.1554561745303207
2024-05-06,359.6629333496094,0.0159166760122952,0.0002079364988538,0.0,,0.2577319587628866,0.0,0.09486592191283001
2024-05-07,355.3881225585937,-0.0118856028648922,0.0002080555567665,0.0,,0.2577319587628866,0.0,0.07780852926369222
2024-05-08,351.1133728027344,-0.0120283979247352,0.0002081349160936,0.0,,0.22972972972972974,0.0,0.042445336102462594
2024-05-09,359.2742919921875,0.0232429745535158,0.0002079364988538,0.0,,0.21739130434782608,0.0,0.0033923613720245297
2024-05-10,360.4401245117188,0.0032449650462511,0.0002080555567665,0.0,,0.11435378201310303,0.0,0.0
2024-05-13,367.4352111816406,0.0194070698410671,0.0002079364988538,0.0,,0.11435378201310303,0.0,0.0
2024-05-14,370.9327087402344,0.0095186782653358,0.0002077381005362,0.0,,0.11435378201310303,0.0,0.0
2024-05-16,385.7001037597656,0.0398115201802624,0.0002080555567665,0.0,,0.11435378201310303,0.0,0.0
2024-05-17,387.0719909667969,0.0035568753901236,0.0002079364988538,0.0,,0.11435378201310303,0.0,0.0
2024-05-20,387.0719909667969,0.0,0.0002079364988538,0.0,,0.11435378201310303,0.0,0.0
2024-05-21,375.90081787109375,-0.0288607115895952,0.0002079364988538,0.0,,0.11435378201310303,0.0,0.0
2024-05-22,376.6847534179688,0.0020854850790559,0.0002081349160936,0.0,,0.11435378201310303,0.0,0.0
2024-05-23,374.1369018554688,-0.0067638829004392,0.0002081349160936,0.0,,0.11435378201310303,0.0,0.0
2024-05-24,369.4332580566406,-0.0125719857504065,0.0002081349160936,0.0,,0.11435378201310303,0.0,0.0
2024-05-27,369.8252258300781,0.0010609975276709,0.0002081349160936,0.0,,0.11435378201310303,0.0,0.0
2024-05-28,372.5690612792969,0.0074192760730698,0.0002082539740062,0.0,,0.11435378201310303,0.0,0.0
2024-05-29,363.5537109375,-0.0241977965396287,0.0002083333333333,0.0,,0.22972972972972974,0.0,0.036258686250143966
2024-05-30,360.6139221191406,-0.0080862572156903,0.0002082539740062,0.0,,0.21739130434782608,0.0,0.01374693370893689
2024-05-31,352.5784606933594,-0.0222827265751721,0.0002081349160936,0.0,,0.2577319587628866,0.0,0.05524468706997647
2024-06-03,367.4734191894531,0.0422457981885853,0.0002080555567665,0.0,,0.2577319587628866,0.0,0.050722744192150955
2024-06-04,369.8252258300781,0.0063999367513776,0.0002079364988538,0.0,,0.11435378201310303,0.0,0.0
2024-06-05,373.156982421875,0.0090090030616993,0.0002079364988538,0.0,,0.11435378201310303,0.0,0.0
2024-06-06,373.9409484863281,0.0021009015009312,0.0002076587222871,0.0,,0.11435378201310303,0.0,0.0
2024-06-07,367.2774353027344,-0.0178196937526283,0.0002078571395268,0.0,,0.11435378201310303,0.0,0.0
2024-06-11,366.2974853515625,-0.0026681463574371,0.0002081349160936,0.0,,0.11435378201310303,0.0,0.0
2024-06-12,363.3576965332031,-0.0080256865960678,0.0002080555567665,0.0,,0.11435378201310303,0.0,0.0
2024-06-13,372.1770629882813,0.0242718581145349,0.0002079364988538,0.0,,0.11435378201310303,0.0,0.0
2024-06-14,372.1770629882813,0.0,0.0002079364988538,0.0,,0.11435378201310303,0.0,0.0
2024-06-17,373.5489807128906,0.0036861963324497,0.0002080555567665,0.0,,0.11435378201310303,0.0,0.0
2024-06-18,369.4332580566406,-0.0110178928835394,0.0002077381005362,0.0,,0.11435378201310303,0.0,0.0
2024-06-19,381.1924133300781,0.0318302562560153,0.0002077381005362,0.0,,0.11435378201310303,0.0,0.0
2024-06-20,379.8205261230469,-0.0035989362827201,0.0002073412660568,0.0,,0.11435378201310303,0.0,0.0
2024-06-21,373.7449645996094,-0.0159958746449349,0.0002069444504995,0.0,,0.11435378201310303,0.0,0.0
2024-06-24,372.7650146484375,-0.0026219749936208,0.0002067460332598,0.0,,0.11435378201310303,0.0,0.0
2024-06-25,374.3329162597656,0.0042061393900036,0.0002072619067298,0.0,,0.11435378201310303,0.0,0.0
2024-06-26,374.3329162597656,0.0,0.0002075396832965,0.0,,0.11435378201310303,0.0,0.0
2024-06-27,366.8854675292969,-0.0198952547504549,0.0002072619067298,0.0,,0.11435378201310303,0.0,0.0
2024-06-28,364.9255676269531,-0.0053419938258721,0.0002068650722503,0.0,,0.11435378201310303,0.0,0.0
2024-07-02,361.7898254394531,-0.0085928267725694,0.0002074603239695,0.0,,0.11435378201310303,0.0,0.0
2024-07-03,371.78509521484375,0.0276272826723353,0.0002075396832965,0.0,,0.11435378201310303,0.0,0.0
2024-07-04,374.7248840332031,0.0079072261265895,0.0002075396832965,0.0,,0.11435378201310303,0.0,0.0
2024-07-05,372.1770629882813,-0.0067991776193225,0.0002073412660568,0.0,,0.11435378201310303,0.0,0.0
2024-07-08,371.0011596679688,-0.0031595265728385,0.00020706348949,0.0,,0.11435378201310303,0.0,0.0
2024-07-09,373.3529968261719,0.0063391638999399,0.0002073412660568,0.0,,0.11435378201310303,0.0,0.0
2024-07-10,370.021240234375,-0.0089238779924621,0.0002073412660568,0.0,,0.11435378201310303,0.0,0.0
2024-07-11,377.0767211914063,0.019067772846127,0.0002062698394533,0.0,,0.11435378201310303,0.0,0.0
2024-07-12,389.0318603515625,0.0317047923891533,0.0002062698394533,0.0,,0.11435378201310303,0.0,0.0
2024-07-15,382.3683471679688,-0.0171284510671489,0.0002060714222135,0.0,,0.11435378201310303,0.0,0.0
2024-07-16,370.4132080078125,-0.0312660272449397,0.0002060714222135,0.0,,0.11435378201310303,0.0,0.0
2024-07-17,364.337646484375,-0.0164021190176063,0.0002061508004627,0.0,,0.11435378201310303,0.0,0.0
2024-07-18,361.7898254394531,-0.0069930216366788,0.0002060714222135,0.0,,0.11435378201310303,0.0,0.0
2024-07-19,356.6941833496094,-0.0140845367435479,0.0002060714222135,0.0,,0.11435378201310303,0.0,0.0
2024-07-22,365.7095336914063,0.0252747332662854,0.000205952383223,0.0,,0.11435378201310303,0.0,0.0
2024-07-23,358.8500366210937,-0.0187566810224335,0.0002052777721768,0.0,,0.11435378201310303,0.0,0.0
2024-07-24,355.9102478027344,-0.0081922489016307,0.0002051587331862,0.0,,0.11435378201310303,0.0,0.0
2024-07-25,344.151123046875,-0.0330395790187444,0.0002047618987068,0.0,,0.2577319587628866,0.0,0.07222301871769642
2024-07-26,347.286865234375,0.0091115268192016,0.0002045635003892,0.0,,0.2577319587628866,0.0,0.07445515491571587
2024-07-29,351.0106201171875,0.0107224178498643,0.0002042460252368,0.0,,0.2577319587628866,0.0,0.15175194376164716
2024-07-30,346.5029296875,-0.0128420343184562,0.0002037698503524,0.0,,0.11435378201310303,0.0,0.0
2024-07-31,354.9303283691406,0.0243212912780883,0.0002037698503524,0.0,,0.21739130434782608,0.0,0.01418278880177997
2024-08-01,358.2620849609375,0.009387072125129,0.0002029761813935,0.0,,0.2577319587628866,0.0,0.05074064234539944
2024-08-02,351.0106201171875,-0.0202406705820981,0.0001996031829289,0.0,,0.2577319587628866,0.0,0.09628548860670702
2024-08-05,349.4427185058594,-0.0044668210061697,0.0002007936485229,0.0,,0.2577319587628866,0.0,0.06697009195251927
2024-08-06,347.286865234375,-0.00616940390317,0.0002015872985597,0.0,,0.22972972972972974,0.0,0.027922903635184935
2024-08-07,356.1062316894531,0.0253950475470075,0.0002015872985597,0.0,,0.2577319587628866,0.0,0.05841588712303895
2024-08-08,360.8099060058594,0.0132086268024316,0.0002017063564724,0.0,,0.11435378201310303,0.0,0.0
2024-08-09,362.5737609863281,0.0048885990963898,0.00020138888132,0.0,,0.11435378201310303,0.0,0.0
2024-08-12,367.4734191894531,0.0135135487736239,0.000201309521993,0.0,,0.11435378201310303,0.0,0.0
2024-08-13,371.0011596679688,0.0095999881741022,0.0002005158719562,0.0,,0.11435378201310303,0.0,0.0
2024-08-14,366.2974853515625,-0.0126783277998804,0.0002009127064356,0.0,,0.11435378201310303,0.0,0.0
2024-08-15,361.0058898925781,-0.0144461692220071,0.0002015872985597,0.0,,0.11435378201310303,0.0,0.0
2024-08-16,365.12158203125,0.0114006232416223,0.00020138888132,0.0,,0.11435378201310303,0.0,0.0
2024-08-19,365.12158203125,0.0,0.0002009127064356,0.0,,0.11435378201310303,0.0,0.0
2024-08-20,362.9657287597656,-0.0059044805280775,0.0001997222219194,0.0,,0.11435378201310303,0.0,0.0
2024-08-21,364.14166259765625,0.0032397930292447,0.0001986111156524,0.0,,0.11435378201310303,0.0,0.0
2024-08-22,370.21722412109375,0.0166846097205592,0.0001994047656891,0.0,,0.11435378201310303,0.0,0.0
2024-08-23,368.0613708496094,-0.0058232117011909,0.0001984126984126,0.0,,0.11435378201310303,0.0,0.0
2024-08-26,374.3329162597656,0.0170394013250545,0.0001983333390856,0.0,,0.11435378201310303,0.0,0.0
2024-08-27,374.1369018554688,-0.0005236365699691,0.0001971428545694,0.0,,0.11435378201310303,0.0,0.0
2024-08-28,366.6894836425781,-0.019905596523509,0.0001966269810994,0.0,,0.11435378201310303,0.0,0.0
2024-08-29,370.021240234375,0.00908604347935,0.0001970238155788,0.0,,0.11435378201310303,0.0,0.0
2024-08-30,374.3329162597656,0.0116525095225872,0.0001971428545694,0.0,,0.11435378201310303,0.0,0.0
2024-09-02,370.21722412109375,-0.0109947374647005,0.0001971428545694,0.0,,0.11435378201310303,0.0,0.0
2024-09-03,370.6092224121094,0.0010588332078449,0.0001972222138964,0.0,,0.11435378201310303,0.0,0.0
2024-09-04,365.3175354003906,-0.0142783468184569,0.0001963492045326,0.0,,0.11435378201310303,0.0,0.0
2024-09-05,365.905517578125,0.0016095098667792,0.0001957142920721,0.0,,0.11435378201310303,0.0,0.0
2024-09-09,363.7496948242188,-0.0058917470503732,0.0001942460309891,0.0,,0.11435378201310303,0.0,0.0
2024-09-10,361.2018432617188,-0.0070044087974595,0.0001918650808788,0.0,,0.11435378201310303,0.0,0.0
2024-09-11,362.769775390625,0.0043408752146651,0.0001934523809523,0.0,,0.11435378201310303,0.0,0.0
2024-09-12,365.12158203125,0.006482917817761,0.0001920634981185,0.0,,0.11435378201310303,0.0,0.0
2024-09-13,367.2774353027344,0.0059044805280774,0.000189007936962,0.0,,0.11435378201310303,0.0,0.0
2024-09-16,370.21722412109375,0.0080042728896105,0.0001882936462523,0.0,,0.11435378201310303,0.0,0.0
2024-09-17,372.373046875,0.0058231292696449,0.000187896830695,0.0,,0.11435378201310303,0.0,0.0
2024-09-19,380.9963989257813,0.0231578308987439,0.0001822619021884,0.0,,0.11435378201310303,0.0,0.0
2024-09-20,380.8004455566406,-0.0005143181659804,0.0001803571458846,0.0,,0.11435378201310303,0.0,0.0
2024-09-23,379.8205261230469,-0.0025733148294019,0.0001786904675619,0.0,,0.11435378201310303,0.0,0.0
2024-09-24,394.1274719238281,0.0376676477883304,0.0001783730113317,0.0,,0.11435378201310303,0.0,0.0
2024-09-25,397.2632446289063,0.0079562398677051,0.0001780555551014,0.0,,0.11435378201310303,0.0,0.0
2024-09-26,421.3695068359375,0.0606808269653778,0.0001773015847281,0.0,,0.11435378201310303,0.0,0.0
2024-09-27,429.0129699707031,0.0181395734877931,0.0001778571378617,0.0,,0.11435378201310303,0.0,0.0
2024-09-30,435.6764526367188,0.0155321240438739,0.0001784920692443,0.0,,0.11435378201310303,0.0,0.0
2024-10-02,460.5666809082031,0.0571300746708902,0.0001775000019678,0.0,,0.11435378201310303,0.0,0.0
2024-10-03,456.8429565429688,-0.0080850928206344,0.0001771825457376,0.0,,0.11435378201310303,0.0,0.0
2024-10-04,468.0141296386719,0.0244529831000084,0.0001787698458111,0.0,,0.11435378201310303,0.0,0.0
2024-10-07,468.7980651855469,0.0016750253832726,0.0001795634958479,0.0,,0.11435378201310303,0.0,0.0
2024-10-08,429.7969055175781,-0.0831939433293786,0.0001796825348384,0.0,,1.0,0.0,1.0
2024-10-09,425.4852294921875,-0.0100318917377926,0.0001799603114052,1.0,,0.7634854771784232,1.0,1.0
2024-10-10,429.9928588867188,0.0105940913622575,0.0001797619130876,1.0,,0.7634854771784232,1.0,1.0
2024-10-14,427.24908447265625,-0.0063809767007907,0.0001792857192811,1.0,,0.7634854771784232,1.0,1.0
2024-10-15,408.6304321289063,-0.0435779806684208,0.0001791666613684,1.0,,0.7634854771784232,1.0,1.0
2024-10-16,407.4544982910156,-0.0028777441556768,0.0001786904675619,1.0,,0.7634854771784232,1.0,1.0
2024-10-17,404.3187561035156,-0.0076959321854396,0.0001791666613684,1.0,,0.7634854771784232,1.0,1.0
2024-10-18,422.1534423828125,0.0441104599034005,0.0001790873020414,1.0,,0.7634854771784232,1.0,1.0
2024-10-21,412.5501708984375,-0.022748296046504,0.0001792857192811,1.0,,0.7634854771784232,1.0,1.0
2024-10-22,413.1380920410156,0.0014250900473455,0.0001785714285714,1.0,,0.7634854771784232,1.0,1.0
2024-10-23,419.6056518554688,0.0156547167618983,0.0001787698458111,1.0,,0.0,1.0,0.31080979691874216
2024-10-24,413.5300598144531,-0.0144792902911335,0.0001780555551014,1.0,,0.0,1.0,0.32071390562193003
2024-10-25,412.5501708984375,-0.0023695711901942,0.0001789682630508,0.0,,0.30000000000000004,0.0,0.3024807360612628
2024-10-28,408.8264465332031,-0.0090261127685996,0.0001778571378617,0.0,,0.30000000000000004,0.0,0.29716528104363527
2024-10-29,410.0023193359375,0.0028762151096282,0.0001777777785346,0.0,,0.11435378201310303,0.0,0.0
2024-10-30,402.7508544921875,-0.0176863995684094,0.0001771031674884,0.0,,0.11435378201310303,0.0,0.0
2024-10-31,396.4793395996094,-0.0155716985392511,0.0001758730222308,0.0,,0.11435378201310303,0.0,0.0
2024-11-01,410.7862854003906,0.0360849718303841,0.0001746031783875,0.0,,0.11435378201310303,0.0,0.0
2024-11-04,410.59027099609375,-0.0004771688132328,0.0001753174690973,0.0,,0.11435378201310303,0.0,0.0
2024-11-05,419.2136535644531,0.0210024035577829,0.0001755158674149,0.0,,0.11435378201310303,0.0,0.0
2024-11-06,411.3742370605469,-0.018700289070382,0.0001757936439816,0.0,,0.11435378201310303,0.0,0.0
2024-11-07,419.8016052246094,0.0204858919320758,0.0001753968284243,0.0,,0.11435378201310303,0.0,0.0
2024-11-08,412.3541564941406,-0.0177404007935703,0.0001755158674149,0.0,,0.11435378201310303,0.0,0.0
2024-11-11,404.9067077636719,-0.0180608067438616,0.0001751984111846,0.0,,0.11435378201310303,0.0,0.0
2024-11-12,395.69537353515625,-0.022749275455056,0.0001755158674149,0.0,,0.11435378201310303,0.0,0.0
2024-11-13,395.69537353515625,0.0,0.0001742063439081,0.0,,0.11435378201310303,0.0,0.0
2024-11-14,395.3034057617188,-0.0009905796217316,0.0001739285673413,0.0,,0.11435378201310303,0.0,0.0
2024-11-15,392.9515686035156,-0.0059494482565142,0.0001743254018208,0.0,,0.11435378201310303,0.0,0.0
2024-11-18,396.0873718261719,0.0079801264919245,0.0001747222173781,0.0,,0.11435378201310303,0.0,0.0
2024-11-19,398.0472106933594,0.0049479963427048,0.0001749206346178,0.0,,0.11435378201310303,0.0,0.0
2024-11-20,402.5548706054688,0.0113244353710142,0.0001749999939449,0.0,,0.11435378201310303,0.0,0.0
2024-11-21,399.4191284179688,-0.0077896019064025,0.0001751190518576,0.0,,0.11435378201310303,0.0,0.0
2024-11-22,392.5596008300781,-0.0171737583401678,0.0001751984111846,0.0,,0.11435378201310303,0.0,0.0
2024-11-25,387.2679748535156,-0.0134798027239002,0.0001748015956273,0.0,,0.11435378201310303,0.0,0.0
2024-11-26,385.8960571289063,-0.0035425540289724,0.0001744047611478,0.0,,0.11435378201310303,0.0,0.0
2024-11-27,394.7154235839844,0.0228542538648743,0.0001740079455905,0.0,,0.11435378201310303,0.0,0.0
2024-11-28,391.9716491699219,-0.0069512723600948,0.0001740079455905,0.0,,0.11435378201310303,0.0,0.0
2024-11-29,390.01177978515625,-0.0050000284176573,0.000173531751784,0.0,,0.11435378201310303,0.0,0.0
2024-12-02,391.775634765625,0.0045225684758558,0.0001738095283508,0.0,,0.11435378201310303,0.0,0.0
2024-12-03,396.2833251953125,0.011505795740422,0.0001728968204013,0.0,,0.11435378201310303,0.0,0.0
2024-12-04,395.107421875,-0.0029673298005484,0.0001724206265949,0.0,,0.11435378201310303,0.0,0.0
2024-12-05,397.0672607421875,0.0049602684198819,0.0001718253937978,0.0,,0.11435378201310303,0.0,0.0
2024-12-06,404.3187561035156,0.0182626372866245,0.000170436510964,0.0,,0.11435378201310303,0.0,0.0
2024-12-09,410.394287109375,0.0150265871027359,0.000170357151637,0.0,,0.11435378201310303,0.0,0.0
2024-12-10,402.9468688964844,-0.0181469831496601,0.0001700396764846,0.0,,0.11435378201310303,0.0,0.0
2024-12-11,401.5749206542969,-0.0034047869535374,0.0001688492108905,0.0,,0.11435378201310303,0.0,0.0
2024-12-12,407.258544921875,0.0141533347209972,0.0001675793670472,0.0,,0.11435378201310303,0.0,0.0
2024-12-13,401.5749206542969,-0.0139558134223271,0.0001673809498075,0.0,,0.11435378201310303,0.0,0.0
2024-12-16,397.459228515625,-0.0102488774248303,0.0001677777842869,0.0,,0.11435378201310303,0.0,0.0
2024-12-17,394.5194396972656,-0.0073964537931059,0.0001682539591713,0.0,,0.11435378201310303,0.0,0.0
2024-12-18,397.8511962890625,0.0084451011954025,0.000167936502941,0.0,,0.11435378201310303,0.0,0.0
2024-12-19,406.8665466308594,0.0226601061549822,0.0001674603091345,0.0,,0.11435378201310303,0.0,0.0
2024-12-20,417.8417663574219,0.0269749868045063,0.0001672619108169,0.0,,0.11435378201310303,0.0,0.0
2024-12-23,411.7662353515625,-0.0145402673811749,0.0001672619108169,0.0,,0.11435378201310303,0.0,0.0
2024-12-24,411.5702209472656,-0.000476033213674,0.0001666666590978,0.0,,0.11435378201310303,0.0,0.0
2024-12-27,409.02239990234375,-0.0061904892901576,0.000165793649734,0.0,,0.11435378201310303,0.0,0.0
2024-12-30,410.59027099609375,0.0038332157214968,0.0001659523873102,0.0,,0.11435378201310303,0.0,0.0
2024-12-31,411.3742370605469,0.0019093634696973,0.0001669841342502,0.0,,0.11435378201310303,0.0,0.0
2025-01-02,407.6505126953125,-0.0090519143635295,0.0001669841342502,0.0,,0.11843575418994413,0.0,0.0
2025-01-03,405.88665771484375,-0.0043268803191401,0.000166388882531,0.0,,0.11843575418994413,0.0,0.0
2025-01-06,401.1829528808594,-0.0115887150872768,0.0001662698435404,0.0,,0.11843575418994413,0.0,0.0
2025-01-07,371.9810791015625,-0.0727894183180037,0.0001667857170104,0.0,,1.0,0.0,1.0
2025-01-08,361.7898254394531,-0.027397236673231,0.0001668650763375,1.0,,0.75390625,1.0,1.0
2025-01-09,365.905517578125,0.0113759200764496,0.0001668650763375,1.0,,0.75390625,1.0,1.0
2025-01-10,362.1817932128906,-0.0101767373989907,0.0001671825325678,1.0,,0.75390625,1.0,1.0
2025-01-13,358.654052734375,-0.0097402479766343,0.0001673809498075,1.0,,0.75390625,1.0,1.0
2025-01-14,367.4734191894531,0.0245901764885669,0.0001671825325678,1.0,,0.75390625,1.0,1.0
2025-01-15,372.373046875,0.0133332846124056,0.0001668650763375,1.0,,0.75390625,1.0,1.0
2025-01-16,374.7248840332031,0.0063158093152553,0.0001664682607802,1.0,,0.75390625,1.0,1.0
2025-01-17,372.1770629882813,-0.0067991776193225,0.000166388882531,1.0,,0.75390625,1.0,1.0
2025-01-20,381.9763488769531,0.0263296340994028,0.000166388882531,1.0,,0.75390625,1.0,1.0
2025-01-21,379.6245422363281,-0.0061569430870249,0.0001665476201072,1.0,,0.0,1.0,0.0
2025-01-22,375.7048034667969,-0.0103253039080152,0.0001672619108169,1.0,,0.0,1.0,0.0
2025-01-23,373.5489807128906,-0.0057380761012728,0.0001671825325678,0.0,,0.11843575418994413,0.0,0.0
2025-01-24,382.7603149414063,0.0246589729971595,0.0001668650763375,0.0,,0.11843575418994413,0.0,0.0
2025-01-27,387.6599426269531,0.0128007724267258,0.0001661904842134,0.0,,0.11843575418994413,0.0,0.0
2025-01-28,393.9314880371094,0.0161779557817027,0.0001662698435404,0.0,,0.11843575418994413,0.0,0.0
2025-02-03,396.0873718261719,0.0054727379113685,0.0001662698435404,0.0,,0.11843575418994413,0.0,0.0
2025-02-04,412.3541564941406,0.0410686778348177,0.0001671825325678,0.0,,0.11843575418994413,0.0,0.0
2025-02-05,409.4143676757813,-0.0071292814006134,0.0001670634935772,0.0,,0.11843575418994413,0.0,0.0
2025-02-06,411.9621887207031,0.0062230865501511,0.0001671825325678,0.0,,0.11843575418994413,0.0,0.0
2025-02-07,419.6056518554688,0.0185537977611525,0.0001677777842869,0.0,,0.11843575418994413,0.0,0.0
2025-02-10,428.2290344238281,0.020551159237792,0.0001677777842869,0.0,,0.11843575418994413,0.0,0.0
2025-02-11,418.8216857910156,-0.0219680308353446,0.0001676587263743,0.0,,0.11843575418994413,0.0,0.0
2025-02-12,435.2845153808594,0.0393074908686996,0.0001677777842869,0.0,,0.11843575418994413,0.0,0.0
2025-02-13,433.128662109375,-0.0049527451478444,0.0001671825325678,0.0,,0.11843575418994413,0.0,0.0
2025-02-14,465.2703247070313,0.0742081173781563,0.0001671825325678,0.0,,0.11843575418994413,0.0,0.0
2025-02-17,483.6930236816406,0.039595688777722,0.0001671825325678,0.0,,0.11843575418994413,0.0,0.0
2025-02-18,493.3943176269531,0.0200567166990974,0.0001671825325678,0.0,,0.11843575418994413,0.0,0.0
2025-02-19,487.8086853027344,-0.0113208282395379,0.0001673809498075,0.0,,0.11843575418994413,0.0,0.0
2025-02-20,477.0294799804688,-0.0220971984448697,0.0001668650763375,0.0,,0.11843575418994413,0.0,0.0
2025-02-21,506.6233520507813,0.0620378264075507,0.0001665476201072,0.0,,0.11843575418994413,0.0,0.0
2025-02-24,487.22076416015625,-0.0382978554227406,0.0001662698435404,0.0,,0.24938271604938272,0.0,0.17601168550466034
2025-02-25,475.0696105957031,-0.0249397284727768,0.0001659523873102,0.0,,0.24938271604938272,0.0,0.19835656344812475
2025-02-26,491.4344177246094,0.0344471773481489,0.000166388882531,0.0,,0.24938271604938272,0.0,0.19957592726168188
2025-02-27,485.4568786621094,-0.0121634522265994,0.0001664682607802,0.0,,0.24938271604938272,0.0,0.1916062868014843
2025-02-28,468.99407958984375,-0.0339119699315748,0.000166388882531,0.0,,0.29210526315789476,0.0,0.31790282241480333
2025-03-03,473.5017700195313,0.0096114015631705,0.000166388882531,0.0,,0.29210526315789476,0.0,0.33222797977380863
2025-03-04,481.1451721191406,0.0161422883367343,0.0001664682607802,0.0,,0.29210526315789476,0.0,0.33333379331099755
2025-03-05,495.3541564941406,0.0295315950327805,0.0001668650763375,0.0,,0.29210526315789476,0.0,0.3924355075857826
2025-03-06,533.0814208984375,0.0761622041718814,0.0001665476201072,0.0,,0.29210526315789476,0.0,0.34428951801874436
2025-03-07,522.7921752929688,-0.0193014522774543,0.0001665476201072,0.0,,0.29210526315789476,0.0,0.3434450370384849
2025-03-10,506.1333923339844,-0.0318650196890359,0.0001660714263007,0.0,,0.29210526315789476,0.0,0.2547415739086558
2025-03-11,507.11328125,0.0019360289814054,0.0001664682607802,0.0,,0.24938271604938272,0.0,0.23266368982285487
2025-03-12,501.72369384765625,-0.0106279752505372,0.0001665476201072,0.0,,0.24938271604938272,0.0,0.20218190450277052
2025-03-13,497.3139953613281,-0.0087890975459234,0.0001661904842134,0.0,,0.24938271604938272,0.0,0.20247890221051013
2025-03-14,511.0330200195313,0.0275862428690258,0.0001661904842134,0.0,,0.22077922077922077,0.0,0.03198113972332125
2025-03-17,513.9728393554688,0.0057526993770873,0.0001661904842134,0.0,,0.22077922077922077,0.0,0.03184804950113607
2025-03-18,530.1416015625,0.031458398127238,0.0001664682607802,0.0,,0.22077922077922077,0.0,0.024568188513392545
2025-03-19,529.1616821289062,-0.0018484107466865,0.0001662698435404,0.0,,0.22077922077922077,0.0,0.023696545487249362
2025-03-20,509.0731506347656,-0.0379629367971638,0.0001659523873102,0.0,,0.29210526315789476,0.0,0.34433476109578187
2025-03-21,501.2337341308594,-0.0153993910190141,0.0001660714263007,0.0,,0.29210526315789476,0.0,0.3259681122117701
2025-03-24,502.7036437988281,0.0029325832797697,0.0001659523873102,0.0,,0.24938271604938272,0.0,0.15484170632175304
2025-03-25,491.9244079589844,-0.0214425257759964,0.0001659523873102,0.0,,0.24938271604938272,0.0,0.19360686390887283
2025-03-26,496.3341064453125,0.0089641790791072,0.0001662698435404,0.0,,0.24938271604938272,0.0,0.22565662728918862
2025-03-27,498.7839050292969,0.0049357852949689,0.0001661904842134,0.0,,0.29210526315789476,0.0,0.2511665465018568
2025-03-28,499.27386474609375,0.0009823085946771,0.0001661904842134,0.0,,0.29210526315789476,0.0,0.2511665465018568
2025-03-31,487.0247802734375,-0.0245337986575474,0.000166388882531,0.0,,0.29210526315789476,0.0,0.3136296432210916
2025-04-01,493.88427734375,0.0140844929214101,0.0001666666590978,0.0,,0.29210526315789476,0.0,0.3136296432210916
2025-04-02,493.88427734375,0.0,0.0001667857170104,0.0,,0.29210526315789476,0.0,0.32594862598619295
2025-04-03,487.8086853027344,-0.0123016510541535,0.0001660714263007,0.0,,0.11843575418994413,0.0,0.0
2025-04-07,426.6611022949219,-0.1253515668132564,0.0001646825434669,0.0,,1.0,0.0,1.0
2025-04-08,431.5607604980469,0.0114837236785139,0.000165793649734,1.0,,0.75390625,1.0,1.0
2025-04-09,432.3447265625,0.0018165832860901,0.0001677777842869,1.0,,0.75390625,1.0,1.0
2025-04-10,435.8724365234375,0.0081594841898171,0.0001665476201072,1.0,,0.75390625,1.0,1.0
2025-04-11,434.5005493164063,-0.0031474511624857,0.0001671825325678,1.0,,0.75390625,1.0,1.0
2025-04-14,444.8878173828125,0.0239062253954531,0.0001664682607802,1.0,,0.75390625,1.0,1.0
2025-04-15,446.84765625,0.0044052428288929,0.0001666666590978,1.0,,0.75390625,1.0,1.0
2025-04-16,439.0082092285156,-0.0175438919995104,0.0001669841342502,1.0,,0.75390625,1.0,1.0
2025-04-17,448.8075256347656,0.0223214878452289,0.0001668650763375,1.0,,0.75390625,1.0,1.0
2025-04-22,451.1593627929688,0.0052401910036532,0.0001671825325678,1.0,,0.75390625,1.0,1.0
2025-04-23,464.6824035644531,0.0299739779038783,0.0001669841342502,1.0,,0.0,1.0,0.0
2025-04-24,461.5466003417969,-0.0067482719349868,0.0001665476201072,1.0,,0.0,1.0,0.0
2025-04-25,468.6020812988281,0.015286605841764,0.000166388882531,0.0,,0.11843575418994413,0.0,0.0
2025-04-28,468.6020812988281,0.0,0.000166388882531,0.0,,0.11843575418994413,0.0,0.0
2025-04-29,463.5064697265625,-0.0108740694410534,0.0001662698435404,0.0,,0.11843575418994413,0.0,0.0
2025-04-30,467.6221923828125,0.0088795365870038,0.0001662698435404,0.0,,0.11843575418994413,0.0,0.0
2025-05-02,478.0093994140625,0.0222128188106749,0.0001669841342502,0.0,,0.11843575418994413,0.0,0.0
2025-05-06,485.4568786621094,0.0155801941492697,0.0001670634935772,0.0,,0.11843575418994413,0.0,0.0
2025-05-07,479.9692687988281,-0.0113040109317326,0.0001672619108169,0.0,,0.11843575418994413,0.0,0.0
2025-05-08,488.0046691894531,0.0167414893264612,0.0001672619108169,0.0,,0.11843575418994413,0.0,0.0
2025-05-09,484.67291259765625,-0.0068273047414294,0.0001672619108169,0.0,,0.11843575418994413,0.0,0.0
2025-05-12,507.11328125,0.0463000264076491,0.0001698412781669,0.0,,0.11843575418994413,0.0,0.0
2025-05-13,495.8441162109375,-0.0222221847775013,0.0001700396764846,0.0,,0.11843575418994413,0.0,0.0
2025-05-14,510.54302978515625,0.0296442230403832,0.0001700396764846,0.0,,0.11843575418994413,0.0,0.0
2025-05-15,509.5631408691406,-0.0019193072059527,0.000168968249881,0.0,,0.11843575418994413,0.0,0.0
2025-05-16,502.1495056152344,-0.0145490021928609,0.0001681349201807,0.0,,0.11843575418994413,0.0,0.0
2025-05-19,508.0803833007813,0.0118109798361354,0.0001682539591713,0.0,,0.11843575418994413,0.0,0.0
2025-05-20,511.04583740234375,0.0058365845229,0.0001685714343237,0.0,,0.11843575418994413,0.0,0.0
2025-05-21,514.5055541992188,0.006769875701289,0.0001680555608537,0.0,,0.11843575418994413,0.0,0.0
2025-05-22,510.5516052246094,-0.0076849490590307,0.000167936502941,0.0,,0.11843575418994413,0.0,0.0
2025-05-23,512.0343017578125,0.002904107083457,0.000167857143614,0.0,,0.11843575418994413,0.0,0.0
2025-05-26,504.12646484375,-0.0154439592951388,0.000167857143614,0.0,,0.11843575418994413,0.0,0.0
2025-05-27,506.1034240722656,0.0039215541463952,0.0001667857170104,0.0,,0.11843575418994413,0.0,0.0
2025-05-28,500.1725158691406,-0.0117187671946635,0.0001676587263743,0.0,,0.11843575418994413,0.0,0.0
2025-05-29,504.6206970214844,0.0088932938360561,0.000167857143614,0.0,,0.11843575418994413,0.0,0.0
2025-05-30,492.4623718261719,-0.0240939883502139,0.000167936502941,0.0,,0.11843575418994413,0.0,0.0
2025-06-02,492.6600341796875,0.000401375546283,0.000167936502941,0.0,,0.11843575418994413,0.0,0.0
2025-06-03,499.1840515136719,0.0132424326743842,0.0001680555608537,0.0,,0.11843575418994413,0.0,0.0
2025-06-04,506.1034240722656,0.0138613654374817,0.0001682539591713,0.0,,0.11843575418994413,0.0,0.0
2025-06-05,509.0688781738281,0.0058593835973317,0.000167936502941,0.0,,0.11843575418994413,0.0,0.0
2025-06-06,509.0688781738281,0.0,0.000167936502941,0.0,,0.11843575418994413,0.0,0.0
2025-06-09,512.0343017578125,0.00582519126807,0.0001682539591713,0.0,,0.11843575418994413,0.0,0.0
2025-06-10,507.5861511230469,-0.0086872122033526,0.0001686507936507,0.0,,0.11843575418994413,0.0,0.0
2025-06-11,512.0343017578125,0.0087633412080372,0.0001686507936507,0.0,,0.11843575418994413,0.0,0.0
2025-06-12,504.12646484375,-0.0154439592951388,0.000168968249881,0.0,,0.11843575418994413,0.0,0.0
2025-06-13,504.12646484375,0.0,0.0001682539591713,0.0,,0.11843575418994413,0.0,0.0
2025-06-16,503.6322021484375,-0.0009804339382691,0.0001685714343237,0.0,,0.11843575418994413,0.0,0.0
2025-06-17,507.5861511230469,0.0078508660839047,0.0001673809498075,0.0,,0.11843575418994413,0.0,0.0
2025-06-18,502.1495056152344,-0.0107107837670192,0.0001675793670472,0.0,,0.11843575418994413,0.0,0.0
2025-06-19,492.2646484375,-0.0196850879413361,0.0001675793670472,0.0,,0.11843575418994413,0.0,0.0
2025-06-20,499.6782836914063,0.015060263371416,0.0001664682607802,0.0,,0.11843575418994413,0.0,0.0
2025-06-23,498.195556640625,-0.0029673633999611,0.0001649999996972,0.0,,0.11843575418994413,0.0,0.0
2025-06-24,503.6322021484375,0.010912673618513,0.0001659523873102,0.0,,0.11843575418994413,0.0,0.0
2025-06-25,506.59765625,0.0058881344141861,0.0001661904842134,0.0,,0.11843575418994413,0.0,0.0
2025-06-26,507.0919189453125,0.00097565136596,0.000166388882531,0.0,,0.11843575418994413,0.0,0.0
2025-06-27,507.0919189453125,0.0,0.0001665476201072,0.0,,0.11843575418994413,0.0,0.0
2025-06-30,497.2070617675781,-0.0194932256035427,0.0001662698435404,0.0,,0.11843575418994413,0.0,0.0
2025-07-02,495.7243347167969,-0.002982111809736,0.0001675793670472,0.0,,0.11843575418994413,0.0,0.0
2025-07-03,495.2301025390625,-0.000996989946069,0.0001682539591713,0.0,,0.11843575418994413,0.0,0.0
2025-07-04,491.0784606933594,-0.0083832582559451,0.0001682539591713,0.0,,0.11843575418994413,0.0,0.0
2025-07-07,496.2185974121094,0.0104670376124673,0.000168452376411,0.0,,0.11843575418994413,0.0,0.0
2025-07-08,498.6897888183594,0.0049800459296323,0.0001686507936507,0.0,,0.11843575418994413,0.0,0.0
2025-07-09,491.8692626953125,-0.0136768914783839,0.000168452376411,0.0,,0.11843575418994413,0.0,0.0
2025-07-10,490.88079833984375,-0.0020096078987579,0.0001682539591713,0.0,,0.11843575418994413,0.0,0.0
2025-07-11,490.88079833984375,0.0,0.0001681349201807,0.0,,0.11843575418994413,0.0,0.0
2025-07-14,494.24163818359375,0.0068465498245529,0.0001677777842869,0.0,,0.11843575418994413,0.0,0.0
2025-07-15,511.5400695800781,0.0349999475156697,0.000167936502941,0.0,,0.11843575418994413,0.0,0.0
2025-07-16,510.5516052246094,-0.0019323302596415,0.0001676587263743,0.0,,0.11843575418994413,0.0,0.0
2025-07-17,511.04583740234375,0.0009680356944856,0.0001680555608537,0.0,,0.11843575418994413,0.0,0.0
2025-07-18,513.0228271484375,0.0038685174624311,0.000167857143614,0.0,,0.11843575418994413,0.0,0.0
2025-07-21,515.4940185546875,0.0048169229037735,0.0001675793670472,0.0,,0.11843575418994413,0.0,0.0
2025-07-22,519.9421997070312,0.0086289675383921,0.000167857143614,0.0,,0.11843575418994413,0.0,0.0
2025-07-23,545.6427612304688,0.0494296510995238,0.0001682539591713,0.0,,0.11843575418994413,0.0,0.0
2025-07-24,550.5851440429688,0.0090579096135254,0.000168452376411,0.0,,0.11843575418994413,0.0,0.0
2025-07-25,544.1600341796875,-0.0116696026632709,0.000168452376411,0.0,,0.11843575418994413,0.0,0.0
2025-07-28,549.1024169921875,0.0090825906021387,0.0001680555608537,0.0,,0.11843575418994413,0.0,0.0
2025-07-29,548.6082153320312,-0.0009000172733956,0.000167857143614,0.0,,0.11843575418994413,0.0,0.0
2025-07-30,542.6773071289062,-0.0108108264465843,0.000167936502941,0.0,,0.11843575418994413,0.0,0.0
2025-07-31,543.665771484375,0.0018214587978597,0.0001680555608537,0.0,,0.11843575418994413,0.0,0.0
2025-08-01,528.8385620117188,-0.0272726558307567,0.0001659523873102,0.0,,0.11843575418994413,0.0,0.0
2025-08-04,543.665771484375,0.0280373076733533,0.0001648015824575,0.0,,0.11843575418994413,0.0,0.0
2025-08-05,552.5621337890625,0.0163636608580262,0.0001646825434669,0.0,,0.11843575418994413,0.0,0.0
2025-08-06,561.9526977539062,0.0169945846640815,0.0001640079324207,0.0,,0.11843575418994413,0.0,0.0
2025-08-07,560.4700317382812,-0.0026384178268938,0.0001642063496604,0.0,,0.11843575418994413,0.0,0.0
2025-08-08,554.5391235351562,-0.0105820255629555,0.0001640079324207,0.0,,0.11843575418994413,0.0,0.0
2025-08-11,554.5391235351562,0.0,0.0001644047669001,0.0,,0.11843575418994413,0.0,0.0
2025-08-12,553.056396484375,-0.0026738006172205,0.0001638888934301,0.0,,0.11843575418994413,0.0,0.0
2025-08-13,579.2511596679688,0.0473636384103077,0.0001630952433934,0.0,,0.11843575418994413,0.0,0.0
2025-08-14,583.2051391601562,0.0068260191217466,0.0001631746027204,0.0,,0.11843575418994413,0.0,0.0
2025-08-15,585.1820678710938,0.0033897655870871,0.0001631746027204,0.0,,0.11843575418994413,0.0,0.0
2025-08-18,580.2396850585938,-0.0084458890383988,0.0001636111168634,0.0,,0.11843575418994413,0.0,0.0
2025-08-19,585.6763305664062,0.0093696547268453,0.0001630952433934,0.0,,0.11843575418994413,0.0,0.0
2025-08-20,583.6993408203125,-0.0033755670887054,0.000163293641711,0.0,,0.11843575418994413,0.0,0.0
2025-08-21,586.1705932617188,0.0042337763101345,0.000163809515181,0.0,,0.11843575418994413,0.0,0.0
2025-08-22,593.0899658203125,0.0118043665754217,0.0001622222151075,0.0,,0.11843575418994413,0.0,0.0
2025-08-25,607.4229736328125,0.0241666671812188,0.0001624206323472,0.0,,0.11843575418994413,0.0,0.0
2025-08-26,602.4805297851562,-0.0081367417140925,0.0001622222151075,0.0,,0.11843575418994413,0.0,0.0
2025-08-27,592.1014404296875,-0.0172272610355888,0.0001611111088404,0.0,,0.11843575418994413,0.0,0.0
2025-08-28,587.1590576171875,-0.008347189307483,0.0001615873026469,0.0,,0.11843575418994413,0.0,0.0
2025-08-29,589.6302490234375,0.0042087256837672,0.0001604365167163,0.0,,0.11843575418994413,0.0,0.0
2025-09-01,598.0323486328125,0.0142497770819778,0.0001604365167163,0.0,,0.11843575418994413,0.0,0.0
2025-09-02,593.5841674804688,-0.0074380276627391,0.0001600000025734,0.0,,0.11843575418994413,0.0,0.0
2025-09-03,591.6072387695312,-0.0033304943413986,0.0001594444494398,0.0,,0.11843575418994413,0.0,0.0
2025-09-04,585.6763305664062,-0.0100250771364132,0.000158650789942,0.0,,0.11843575418994413,0.0,0.0
2025-09-05,598.526611328125,0.0219409255437919,0.0001551587335647,0.0,,0.11843575418994413,0.0,0.0
2025-09-08,610.388427734375,0.0198183609245523,0.0001558730148133,0.0,,0.11843575418994413,0.0,0.0
2025-09-09,619.7789916992188,0.0153845707719253,0.0001564682570714,0.0,,0.11843575418994413,0.0,0.0
2025-09-10,626.2041625976562,0.0103668742963067,0.0001559523836014,0.0,,0.11843575418994413,0.0,0.0
2025-09-11,622.2501831054688,-0.0063142018663455,0.0001558730148133,0.0,,0.11843575418994413,0.0,0.0
2025-09-12,636.0889892578125,0.0222399390600069,0.0001558730148133,0.0,,0.11843575418994413,0.0,0.0
2025-09-15,636.0889892578125,0.0,0.0001547619085463,0.0,,0.11843575418994413,0.0,0.0
2025-09-16,637.5717163085938,0.0023310056860303,0.0001543650835279,0.0,,0.11843575418994413,0.0,0.0
2025-09-17,653.8816528320312,0.0255813363520398,0.000153492064703,0.0,,0.11843575418994413,0.0,0.0
2025-09-18,634.6062622070312,-0.029478408732706,0.0001539682585095,0.0,,0.11843575418994413,0.0,0.0
2025-09-19,635.1004638671875,0.0007787532042899,0.0001538888897214,0.0,,0.11843575418994413,0.0,0.0
2025-09-22,633.6177368164062,-0.0023346338652514,0.0001526984146663,0.0,,0.11843575418994413,0.0,0.0
2025-09-23,628.1810913085938,-0.0085803240533144,0.0001525793662146,0.0,,0.11843575418994413,0.0,0.0
2025-09-24,641.0313720703125,0.0204563316844665,0.0001530952396846,0.0,,0.11843575418994413,0.0,0.0
2025-09-25,642.5140991210938,0.0023130335197052,0.0001540872975001,0.0,,0.11843575418994413,0.0,0.0
2025-09-26,636.5831909179688,-0.0092307829684017,0.0001531745990117,0.0,,0.11843575418994413,0.0,0.0
2025-09-29,652.39892578125,0.0248447258566073,0.0001532936474633,0.0,,0.11843575418994413,0.0,0.0
2025-09-30,655.3643798828125,0.0045454613494517,0.0001525793662146,0.0,,0.11843575418994413,0.0,0.0
2025-10-02,668.7089233398438,0.0203620212917543,0.0001526984146663,0.0,,0.11843575418994413,0.0,0.0
2025-10-03,665.7434692382812,-0.0044345962765857,0.0001530952396846,0.0,,0.11843575418994413,0.0,0.0
2025-10-06,669.6973876953125,0.0059391021312686,0.0001531745990117,0.0,,0.11843575418994413,0.0,0.0
2025-10-08,667.2261962890625,-0.0036900120138654,0.0001524999974265,0.0,,0.11843575418994413,0.0,0.0
2025-10-09,667.720458984375,0.0007407723168866,0.0001528968224449,0.0,,0.11843575418994413,0.0,0.0
2025-10-10,643.996826171875,-0.0355292884818662,0.0001528968224449,0.0,,0.24938271604938272,0.0,0.05836456530130893
2025-10-13,631.6408081054688,-0.0191864580138607,0.0001528968224449,0.0,,0.24938271604938272,0.0,0.11826922762795924
2025-10-14,613.8480834960938,-0.0281690549138871,0.0001528968224449,0.0,,0.29210526315789476,0.0,0.2798508050243778
2025-10-15,619.7789916992188,0.0096618501589942,0.0001530952396846,0.0,,0.29210526315789476,0.0,0.2798508050243778
2025-10-16,612.859619140625,-0.01116425798755,0.0001528968224449,0.0,,0.29210526315789476,0.0,0.24494726012762916
2025-10-17,600.997802734375,-0.0193548669806032,0.0001520634927446,0.0,,0.24938271604938272,0.0,0.22202468323205285
2025-10-20,620.2732543945312,0.0320724161926353,0.0001507142895743,0.0,,0.29210526315789476,0.0,0.25571008563270203
2025-10-21,623.2387084960938,0.0047808833938152,0.0001501984161043,0.0,,0.29210526315789476,0.0,0.25571008563270203
2025-10-22,616.3193359375,-0.0111022830646873,0.000150317464556,0.0,,0.24938271604938272,0.0,0.22863635031421026
2025-10-23,625.7098999023438,0.0152365233691063,0.000150317464556,0.0,,0.24938271604938272,0.0,0.22863635031421026
2025-10-24,630.1580810546875,0.0071090151411028,0.0001493253972795,0.0,,0.19230769230769232,0.0,0.00960715117158145
2025-10-27,648.4450073242188,0.0290195854331101,0.0001475396799662,0.0,,0.11843575418994413,0.0,0.0
2025-10-28,637.5717163085938,-0.0167682546597022,0.0001476190487543,0.0,,0.11843575418994413,0.0,0.0
2025-10-30,643.5026245117188,0.0093023389391608,0.0001490873003762,0.0,,0.11843575418994413,0.0,0.0
2025-10-31,621.7559814453125,-0.0337941792901114,0.0001475396799662,0.0,,0.24938271604938272,0.0,0.13223721266288269
2025-11-03,620.7674560546875,-0.0015898928520592,0.0001501190473162,0.0,,0.24938271604938272,0.0,0.079861970362198
2025-11-04,621.7559814453125,0.0015924246366063,0.0001505158723346,0.0,,0.24938271604938272,0.0,0.0825995541286691
2025-11-05,621.7559814453125,0.0,0.000150317464556,0.0,,0.24938271604938272,0.0,0.0825995541286691
2025-11-06,636.5831909179688,0.023847312957391,0.0001493253972795,0.0,,0.24938271604938272,0.0,0.0847879011036477
2025-11-07,626.6983642578125,-0.015527941675466,0.0001490873003762,0.0,,0.24938271604938272,0.0,0.10922028869186622
2025-11-10,642.0198974609375,0.0244480184997291,0.0001501190473162,0.0,,0.24938271604938272,0.0,0.10682793249411704
2025-11-11,642.5140991210938,0.0007697606602392,0.0001501190473162,0.0,,0.24938271604938272,0.0,0.10922028869186622
2025-11-12,649.4334716796875,0.0107692151317129,0.0001499206395376,0.0,,0.24938271604938272,0.0,0.07246520992013489
2025-11-13,648.4450073242188,-0.0015220409765949,0.0001505158723346,0.0,,0.24938271604938272,0.0,0.06635035357298288
2025-11-14,633.6177368164062,-0.0228658873772451,0.000150317464556,0.0,,0.11843575418994413,0.0,0.0
2025-11-17,629.1696166992188,-0.0070201950777718,0.0001496825426343,0.0,,0.11843575418994413,0.0,0.0
2025-11-18,616.3193359375,-0.0204241915385783,0.0001496825426343,0.0,,0.11843575418994413,0.0,0.0
2025-11-19,615.330810546875,-0.0016039175359009,0.0001496825426343,0.0,,0.11843575418994413,0.0,0.0
2025-11-20,613.8480834960938,-0.0024096421394265,0.000149801591086,0.0,,0.11843575418994413,0.0,0.0
2025-11-21,602.9747924804688,-0.0177133256712271,0.0001484126987911,0.0,,0.11843575418994413,0.0,0.0
2025-11-24,617.3078002929688,0.0237704925500086,0.0001480158737727,0.0,,0.11843575418994413,0.0,0.0
2025-11-25,617.802001953125,0.0008005757580282,0.0001480952425608,0.0,,0.11843575418994413,0.0,0.0
2025-11-26,612.3653564453125,-0.0087999803992623,0.0001489285722611,0.0,,0.11843575418994413,0.0,0.0
2025-11-27,604.45751953125,-0.0129135928916134,0.0001489285722611,0.0,,0.11843575418994413,0.0,0.0
2025-11-28,604.45751953125,0.0,0.0001467063502659,0.0,,0.11843575418994413,0.0,0.0
2025-12-01,612.3653564453125,0.0130825354281223,0.0001465476221508,0.0,,0.11843575418994413,0.0,0.0
2025-12-02,609.8941650390625,-0.004035485319736,0.0001457142829895,0.0,,0.11843575418994413,0.0,0.0
2025-12-03,603.9632568359375,-0.0097244875309556,0.0001442460313675,0.0,,0.11843575418994413,0.0,0.0
2025-12-04,604.9517211914062,0.0016366299510455,0.0001433333328792,0.0,,0.11843575418994413,0.0,0.0
2025-12-05,602.9747924804688,-0.0032679115401872,0.0001429761875243,0.0,,0.11843575418994413,0.0,0.0
2025-12-08,598.0323486328125,-0.0081967669449736,0.0001435714297824,0.0,,0.11843575418994413,0.0,0.0
2025-12-09,595.5611572265625,-0.0041322035704247,0.0001441269829159,0.0,,0.11843575418994413,0.0,0.0
2025-12-10,596.055419921875,0.0008299108988474,0.0001425793625059,0.0,,0.11843575418994413,0.0,0.0
2025-12-11,594.5726928710938,-0.0024875657551701,0.0001415873046905,0.0,,0.11843575418994413,0.0,0.0
2025-12-12,608.9057006835938,0.0241064010916618,0.0001398809561653,0.0,,0.11843575418994413,0.0,0.0
2025-12-15,596.055419921875,-0.0211038930121565,0.0001403968296353,0.0,,0.11843575418994413,0.0,0.0
2025-12-16,589.6302490234375,-0.010779485738557,0.0001406746062021,0.0,,0.11843575418994413,0.0,0.0
2025-12-17,598.0323486328125,0.0142497770819778,0.000140595237414,0.0,,0.11843575418994413,0.0,0.0
2025-12-18,598.0323486328125,0.0,0.0001397619077137,0.0,,0.11843575418994413,0.0,0.0
2025-12-19,606.9287109375,0.0148760553254783,0.0001397619077137,0.0,,0.11843575418994413,0.0,0.0
2025-12-22,607.4229736328125,0.0008143669699676,0.0001400000046169,0.0,,0.11843575418994413,0.0,0.0
2025-12-23,595.06689453125,-0.0203418040441647,0.0001407539655291,0.0,,0.11843575418994413,0.0,0.0
2025-12-24,595.5611572265625,0.0008306002230251,0.0001410714312205,0.0,,0.11843575418994413,0.0,0.0
2025-12-29,589.6302490234375,-0.0099585208524081,0.0001403968296353,0.0,,0.11843575418994413,0.0,0.0
2025-12-30,593.0899658203125,0.0058676039816565,0.0001404761889624,0.0,,0.11843575418994413,0.0,0.0
2025-12-31,592.1014404296875,-0.0016667376748783,0.0001407539655291,0.0,,0.11843575418994413,0.0,0.0
2026-01-02,615.8250732421875,0.0400668385391593,0.0001401984123956,0.0,,0.11869587366276108,0.0,0.0
2026-01-05,617.3078002929688,0.0024077081548092,0.0001394841311469,0.0,,0.11869587366276108,0.0,0.0
2026-01-06,625.2156372070312,0.012810200859781,0.0001396825389256,0.0,,0.11869587366276108,0.0,0.0
2026-01-07,617.3078002929688,-0.012648175195023,0.0001394841311469,0.0,,0.11869587366276108,0.0,0.0
2026-01-08,608.9057006835938,-0.0136108754909421,0.0001391666654556,0.0,,0.11869587366276108,0.0,0.0
2026-01-09,603.9632568359375,-0.0081169281911921,0.0001394047623588,0.0,,0.11869587366276108,0.0,0.0
2026-01-12,615.8250732421875,0.0196399636434707,0.0001401984123956,0.0,,0.11869587366276108,0.0,0.0
2026-01-13,620.2732543945312,0.0072231244644278,0.0001412698389991,0.0,,0.11869587366276108,0.0,0.0
2026-01-14,625.7098999023438,0.0087649200885171,0.0001412698389991,0.0,,0.11869587366276108,0.0,0.0
2026-01-15,614.8366088867188,-0.0173775275368377,0.0001414682562389,0.0,,0.11869587366276108,0.0,0.0
2026-01-16,610.388427734375,-0.0072347369822334,0.0001411507905475,0.0,,0.11869587366276108,0.0,0.0
2026-01-19,602.9747924804688,-0.0121457663957097,0.0001411507905475,0.0,,0.11869587366276108,0.0,0.0
2026-01-20,594.0784301757812,-0.0147541197669148,0.0001417460328056,0.0,,0.11869587366276108,0.0,0.0
2026-01-21,595.5611572265625,0.002495843941586,0.0001423809547272,0.0,,0.11869587366276108,0.0,0.0
2026-01-22,590.6187133789062,-0.0082988015381534,0.0001423809547272,0.0,,0.11869587366276108,0.0,0.0
2026-01-23,588.1475219726562,-0.0041840723131043,0.000142142857824,0.0,,0.11869587366276108,0.0,0.0
2026-01-26,592.595703125,0.0075630364596699,0.0001418650812572,0.0,,0.11869587366276108,0.0,0.0
2026-01-27,600.0093383789062,0.0125104438233538,0.0001416666640175,0.0,,0.11869587366276108,0.0,0.0
2026-01-28,613.8480834960938,0.0230642162246619,0.000142142857824,0.0,,0.11869587366276108,0.0,0.0
2026-01-29,614.8366088867188,0.001610374646761,0.0001420634890359,0.0,,0.11869587366276108,0.0,0.0
2026-01-30,599.0208740234375,-0.0257234761799866,0.0001417460328056,0.0,,0.11869587366276108,0.0,0.0
2026-02-02,591.6072387695312,-0.0123762552782362,0.0001419841297089,0.0,,0.11869587366276108,0.0,0.0
2026-02-03,574.3087768554688,-0.029239773925081,0.0001424603140543,0.0,,0.2442748091603053,0.0,0.08385679933327146
2026-02-04,551.5736694335938,-0.0395869057519149,0.000142658731294,0.0,,0.30075187969924816,0.0,0.3872950373812038
2026-02-05,552.06787109375,0.0008959848657454,0.0001419841297089,0.0,,0.30075187969924816,0.0,0.4288241872571455
2026-02-06,541.194580078125,-0.0196955693039752,0.0001424603140543,0.0,,0.30075187969924816,0.0,0.4293752530893611
2026-02-09,553.5505981445312,0.022831008515685,0.0001425793625059,0.0,,0.30075187969924816,0.0,0.4293752530893611
2026-02-10,544.654296875,-0.0160713425283093,0.0001424603140543,0.0,,0.30075187969924816,0.0,0.3697923800587397
2026-02-11,541.6888427734375,-0.0054446538264308,0.0001428571390727,0.0,,0.30075187969924816,0.0,0.32403014100490884
2026-02-12,529.332763671875,-0.0228102890919805,0.0001427777797456,0.0,,0.30075187969924816,0.0,0.24646372692465382
2026-02-13,525.8731079101562,-0.0065358806390894,0.0001425793625059,0.0,,0.30075187969924816,0.0,0.24654920827747712
2026-02-16,528.3442993164062,0.0046992161589525,0.0001425793625059,0.0,,0.30075187969924816,0.0,0.32397314607244976
2026-02-20,515.98828125,-0.0233862995822855,0.000142658731294,0.0,,0.30075187969924816,0.0,0.2690612093037867
2026-02-23,531.8040161132812,0.0306513450750607,0.0001423809547272,0.0,,0.11869587366276108,0.0,0.0
2026-02-24,514.0112915039062,-0.0334572964292637,0.0001423809547272,0.0,,0.2580645161290323,0.0,0.15452064536222937
2026-02-25,516.4824829101562,0.0048076597675894,0.0001423809547272,0.0,,0.2580645161290323,0.0,0.18557172028952473
2026-02-26,506.1034240722656,-0.0200956647733899,0.0001423809547272,0.0,,0.2580645161290323,0.0,0.1569115353640153
2026-02-27,512.0343017578125,0.0117187068955693,0.0001419841297089,0.0,,0.2580645161290323,0.0,0.20865228024614552
2026-03-02,508.0803833007813,-0.0077219796475692,0.0001424603140543,0.0,,0.2580645161290323,0.0,0.2000695973344655
2026-03-03,504.6206970214844,-0.0068093285885607,0.000142658731294,0.0,,0.2580645161290323,0.0,0.14452144706017866
2026-03-04,500.1725158691406,-0.0088149003372217,0.000142658731294,0.0,,0.2580645161290323,0.0,0.1401939197927793
2026-03-05,496.2185974121094,-0.0079051094004247,0.0001423809547272,0.0,,0.2442748091603053,0.0,0.09579569317394068
2026-03-06,513.0228271484375,0.0338645706226368,0.0001416666640175,0.0,,0.2442748091603053,0.0,0.05648390610183851
2026-03-09,510.0573425292969,-0.0057804145589852,0.0001425793625059,0.0,,0.2442748091603053,0.0,0.09083575284161816
2026-03-10,547.12548828125,0.0726744674787698,0.000142658731294,0.0,,0.25,0.0,0.11539928524558984
2026-03-11,545.6427612304688,-0.0027100310304297,0.0001428571390727,0.0,,0.2580645161290323,0.0,0.1357488056310152
2026-03-12,540.2061157226562,-0.0099637453185531,0.0001430555563124,0.0,,0.2580645161290323,0.0,0.1581641032431147
2026-03-13,541.194580078125,0.0018297911236091,0.0001429761875243,0.0,,0.2580645161290323,0.0,0.1781333540297747
2026-03-16,552.06787109375,0.0200912784715163,0.0001430555563124,0.0,,0.2580645161290323,0.0,0.1971568117309519
2026-03-17,543.665771484375,-0.0152193236544065,0.0001430555563124,0.0,,0.2580645161290323,0.0,0.21800124917350283
2026-03-18,544.1600341796875,0.0009091296918748,0.0001432539640911,0.0,,0.30075187969924816,0.0,0.2479441489560763
2026-03-19,507.0919189453125,-0.0681198781719694,0.0001433333328792,0.0,,1.0,0.0,0.9090847887288754
2026-03-20,502.1495056152344,-0.0097465827109959,0.0001435714297824,1.0,,0.5380710659898477,1.0,0.8952543112966306
2026-03-23,492.6600341796875,-0.0188977014403715,0.0001433333328792,1.0,,0.5380710659898477,1.0,0.8992750168849222
2026-03-24,508.0803833007813,0.0313001827858225,0.0001436507891094,1.0,,0.5380710659898477,1.0,0.9487750898796424
2026-03-25,499.6782836914063,-0.0165369494385714,0.0001436507891094,1.0,,0.5380710659898477,1.0,0.9250677809753528
2026-03-26,489.8923034667969,-0.0195845617950711,0.0001436507891094,1.0,,0.5380710659898477,1.0,0.9271558773583642
2026-03-27,487.7176208496094,-0.0044391034555922,0.0001431349251005,1.0,,0.5380710659898477,1.0,0.8992000563503778
2026-03-30,476.0535278320313,-0.0239156686552745,0.0001427777797456,1.0,,0.5380710659898477,1.0,0.845186324917752
2026-03-31,478.4259033203125,0.0049834217153794,0.0001428571390727,1.0,,0.5380710659898477,1.0,0.9158283505572686
2026-04-01,490.88079833984375,0.0260330699761306,0.0001430555563124,1.0,,0.5380710659898477,1.0,0.9158283505572686
2026-04-02,483.5660095214844,-0.0149013545510395,0.0001431349251005,1.0,,0.45736434108527135,1.0,0.7507898332154528
2026-04-08,502.1495056152344,0.0384301123897012,0.0001428571390727,1.0,,0.5380710659898477,1.0,0.7876340481004207
2026-04-09,502.6437377929688,0.0009842331262059,0.0001423809547272,1.0,,0.5380710659898477,1.0,0.8252281722097532
2026-04-10,498.6897888183594,-0.0078663050532979,0.0001425793625059,1.0,,0.5380710659898477,1.0,0.8619348676122285
2026-04-13,484.3567810058594,-0.0287413300490109,0.0001429761875243,1.0,,0.5380710659898477,1.0,0.9029514272243699
2026-04-14,487.51995849609375,0.0065306765885788,0.0001433333328792,1.0,,0.5380710659898477,1.0,0.946067056649027
2026-04-15,493.2531433105469,0.0117598976504242,0.0001433333328792,1.0,,0.5380710659898477,1.0,0.9900733705333331
2026-04-16,511.04583740234375,0.0360721352374531,0.0001432539640911,1.0,,0.7283018867924529,1.0,1.0
2026-04-17,504.6206970214844,-0.0125725324630732,0.0001428571390727,1.0,,0.5380710659898477,1.0,0.9625127052789741
2026-04-20,516.4824829101562,0.0235063404229867,0.0001427777797456,1.0,,0.45736434108527135,1.0,0.705159317371018
2026-04-21,513.0228271484375,-0.0066984958371193,0.0001427777797456,1.0,,0.5380710659898477,1.0,0.8757220005512603
2026-04-22,498.195556640625,-0.0289017753658793,0.000142658731294,1.0,,0.7283018867924529,1.0,1.0
2026-04-23,489.4969177246094,-0.0174602900408652,0.000142658731294,1.0,,0.7283018867924529,1.0,1.0
2026-04-24,487.7176208496094,-0.0036349501101476,0.0001425793625059,1.0,,0.7283018867924529,1.0,1.0
2026-04-27,473.0881042480469,-0.0299958746130142,0.0001424603140543,1.0,,0.7283018867924529,1.0,1.0
2026-04-28,468.3433532714844,-0.0100293178669205,0.0001424603140543,1.0,,0.7283018867924529,1.0,1.0
2026-04-29,473.6811828613281,0.0113972570605684,0.0001424603140543,1.0,,0.7283018867924529,1.0,1.0
2026-04-30,462.4124450683594,-0.0237897096205058,0.0001422619062756,1.0,,0.7283018867924529,1.0,1.0
2026-05-04,467.5525817871094,0.0111159134525242,0.0001424603140543,1.0,,0.7283018867924529,1.0,1.0
2026-05-05,466.7618103027344,-0.001691299578226,0.0001428571390727,1.0,,0.7283018867924529,1.0,1.0
2026-05-06,457.6677551269531,-0.0194832888532225,0.0001428571390727,1.0,,0.7283018867924529,1.0,1.0
2026-05-07,471.9018859863281,0.0311014501238493,0.0001427777797456,1.0,,0.7283018867924529,1.0,1.0
2026-05-08,465.9710083007813,-0.0125680313253052,0.000142658731294,1.0,,0.7283018867924529,1.0,1.0
2026-05-11,459.0516052246094,-0.0148494282968469,0.0001428571390727,1.0,,0.7283018867924529,1.0,1.0
2026-05-12,451.9345397949219,-0.0155038460789287,0.0001429761875243,1.0,,0.7283018867924529,1.0,1.0
2026-05-13,457.2723693847656,0.0118110680194214,0.0001428571390727,1.0,,0.7283018867924529,1.0,1.0
2026-05-14,454.8999938964844,-0.0051881015497899,0.0001423809547272,1.0,,0.7283018867924529,1.0,1.0
2026-05-15,456.3999938964844,0.0032974280503976,0.0001423809547272,1.0,,0.7283018867924529,1.0,1.0
2026-05-18,449.2000122070313,-0.0157755954989913,0.0001415873046905,1.0,,0.7283018867924529,1.0,1.0
2026-05-19,460.0,0.0240427148251971,0.0001418650812572,1.0,,0.7283018867924529,1.0,1.0
2026-05-20,455.2000122070313,-0.0104347560716711,0.0001411507905475,1.0,,0.7283018867924529,1.0,1.0
2026-05-21,439.0,-0.0355887780593101,0.000142142857824,1.0,,0.7283018867924529,1.0,1.0
2026-05-22,441.3999938964844,0.005466956484019,0.0001422619062756,1.0,,0.7283018867924529,1.0,1.0
2026-05-26,439.0,-0.0054372313766891,0.000142142857824,1.0,,0.7283018867924529,1.0,1.0
2026-05-27,434.3999938964844,-0.0104783738121084,0.0001422619062756,1.0,,0.7283018867924529,1.0,1.0
2026-05-28,425.0,-0.0216390286108622,0.0001424603140543,1.0,,0.7283018867924529,1.0,1.0
2026-05-29,427.2000122070313,0.0051764993106619,0.0001423809547272,1.0,,0.7283018867924529,1.0,1.0
2026-06-01,436.0,0.0205992217732053,0.0001436507891094,1.0,,0.7283018867924529,1.0,1.0
2026-06-02,481.6000061035156,0.1045871699621918,0.0001435714297824,1.0,,0.7283018867924529,1.0,1.0
2026-06-03,466.3999938964844,-0.0315614867408539,0.0001437698375611,1.0,,0.7283018867924529,1.0,1.0
2026-06-04,459.0,-0.0158661963836277,0.0001436507891094,1.0,,0.7283018867924529,1.0,1.0
2026-06-05,453.2000122070313,-0.0126361389825025,0.0001438492063492,1.0,,0.7283018867924529,1.0,1.0
2026-06-08,446.3999938964844,-0.0150044530613131,0.0001439682548008,1.0,,0.7283018867924529,1.0,1.0
2026-06-09,453.2000122070313,0.0152330161369218,0.0001442460313675,1.0,,0.7283018867924529,1.0,1.0
2026-06-10,465.6000061035156,0.0273609743214653,0.0001442460313675,1.0,,0.7283018867924529,1.0,1.0
2026-06-11,457.2000122070313,-0.0180412237679755,0.0001437698375611,1.0,,0.7283018867924529,1.0,1.0
2026-06-12,463.6000061035156,0.0139982364952042,0.0001435714297824,1.0,,0.7283018867924529,1.0,1.0
2026-06-15,459.6000061035156,-0.0086281275826964,0.0001435714297824,1.0,,0.7283018867924529,1.0,1.0
2026-06-16,447.3999938964844,-0.0265448477915891,0.0001440476235889,1.0,,0.7283018867924529,1.0,1.0
2026-06-17,445.3999938964844,-0.0044702727476182,0.000144722225174,1.0,,0.7283018867924529,1.0,1.0
2026-06-18,440.2000122070313,-0.0116748580168629,0.0001451587298559,1.0,,0.7283018867924529,1.0,1.0
2026-06-22,433.0,-0.0163562290035672,0.0001460317486808,1.0,,0.7283018867924529,1.0,1.0
2026-06-23,414.7999877929688,-0.0420323607552683,0.0001464285736992,1.0,,0.7283018867924529,1.0,1.0
2026-06-24,428.7999877929688,0.0337512063934475,0.0001464285736992,1.0,,0.7283018867924529,1.0,1.0
2026-06-25,421.3999938964844,-0.0172574489439054,0.0001460317486808,1.0,,0.7283018867924529,1.0,1.0
2026-06-26,411.7999877929688,-0.0227812203193191,0.0001453571470956,1.0,,0.7283018867924529,1.0,1.0
2026-06-29,420.2000122070313,0.0203983114693184,0.0001460317486808,1.0,,0.7283018867924529,1.0,1.0
2026-06-30,429.7999877929688,0.0228462049192126,0.0001480952425608,1.0,,0.7283018867924529,1.0,1.0
2026-07-02,430.2000122070313,0.0009307222555232,0.0001455555548743,1.0,,0.7283018867924529,1.0,1.0
2026-07-03,431.2000122070313,0.0023245001664917,0.0001455555548743,1.0,,0.7283018867924529,1.0,1.0
2026-07-06,452.0,0.0482374471338884,0.0001464285736992,1.0,,0.7283018867924529,1.0,1.0
2026-07-07,461.2000122070313,0.0203540093075913,0.000147817456533,1.0,,0.7283018867924529,1.0,1.0
2026-07-08,478.7999877929688,0.03816126435408,0.0001477380972059,1.0,,0.45736434108527135,1.0,0.7292312671112111
2026-07-09,469.6000061035156,-0.0192146656725297,0.0001461111080078,1.0,,0.45736434108527135,1.0,0.7693627667680363
2026-07-10,460.2000122070313,-0.0200170225176961,0.0001466269814778,1.0,,0.45736434108527135,1.0,0.7584550110784418
2026-07-13,457.6000061035156,-0.0056497306270083,0.0001479365049846,1.0,,0.5380710659898477,1.0,0.9164437819857426
2026-07-14,456.2000122070313,-0.0030594271805312,0.0001468253987176,1.0,,0.5380710659898477,1.0,0.9027795754978343
2026-07-15,474.0,0.0390179467704414,0.0001463492049111,1.0,,0.45736434108527135,1.0,0.7248759607950044
2026-07-16,484.0,0.021097046413502,0.0001467063502659,1.0,,0.45736434108527135,1.0,0.7096988861200495
2026-07-17,461.6000061035156,-0.0462809791249677,0.0001471031752843,1.0,,0.7283018867924529,1.0,1.0
2026-07-20,477.7999877929688,0.0350952804923063,0.0001470238064962,1.0,,0.7283018867924529,1.0,1.0
2026-07-21,474.0,-0.0079530931143835,0.0001480158737727,1.0,,0.7283018867924529,1.0,1.0
2026-07-22,440.6000061035156,-0.0704641221444818,0.0001486111065698,1.0,,0.7283018867924529,1.0,1.0
2026-07-23,445.2000122070313,0.0104403223781048,0.0001507936489014,1.0,,0.7283018867924529,1.0,1.0
2026-07-24,434.6000061035156,-0.0238095368662891,0.0001509920661411,1.0,,0.7283018867924529,1.0,1.0
2026-07-27,443.0,0.019328103494052,0.0001506746004498,1.0,,0.7283018867924529,1.0,1.0
2026-07-28,447.2000122070313,0.009480840196459,0.0001492063488279,1.0,,0.7283018867924529,1.0,1.0
2026-07-29,466.3999938964844,0.0429337682588533,0.0001451587298559,1.0,,0.7283018867924529,1.0,1.0
2026-07-30,471.7999877929688,0.0115780316619877,0.0001458333314411,1.0,,0.7283018867924529,1.0,1.0
2026-07-31,475.2000122070313,0.0072064953413149,0.0001461111080078,1.0,,0.7283018867924529,1.0,1.0
2026-08-03,490.3999938964844,0.0319864926325608,0.0001468253987176,1.0,,0.7283018867924529,1.0,1.0
2026-08-04,487.6000061035156,-0.0057095999751577,0.0001480158737727,1.0,,0.7283018867924529,1.0,1.0
2026-08-05,492.2000122070313,0.0094339746635259,0.000147817456533,1.0,,0.5380710659898477,1.0,0.9561259590898363
2026-08-06,479.2000122070313,-0.0264120269760007,0.0001480952425608,1.0,,0.5380710659898477,1.0,0.9580365587702147
2026-08-07,478.7999877929688,-0.0008347754671793,0.0001472222237359,1.0,,0.45736434108527135,1.0,0.7048168605446958
