Date,close,ret,rf,state,lam,p_bear
2014-01-02,1225.0,0.019219548312430446,2.3015872353599167e-06,1.0,150.0,0.574799770249043
2014-01-03,1238.4000244140625,0.010938795440051052,2.3015872353599167e-06,1.0,150.0,0.46222505446018697
2014-01-06,1237.800048828125,-0.0004844764002821522,1.7857143566721944e-06,1.0,150.0,0.4498073374993869
2014-01-07,1229.4000244140625,-0.0067862530963826995,1.7063492642981665e-06,1.0,150.0,0.5224762982649527
2014-01-08,1225.300048828125,-0.003334940218413962,1.5873015518226308e-06,1.0,150.0,0.5101596417269922
2014-01-09,1229.300048828125,0.0032645065213419144,1.309523802428016e-06,1.0,150.0,0.4405619349595009
2014-01-10,1246.699951171875,0.014154316808444811,1.309523802428016e-06,1.0,150.0,0.3399115360130318
2014-01-13,1250.9000244140625,0.0033689527606377556,1.1904761638669722e-06,1.0,150.0,0.315242055409092
2014-01-14,1245.199951171875,-0.0045567776248605085,1.309523802428016e-06,1.0,150.0,0.3339261462072971
2014-01-15,1238.0999755859375,-0.0057018758949159976,1.3888888948020476e-06,1.0,150.0,0.39616501553923955
2014-01-16,1240.0,0.0015346292315072674,1.1904761638669722e-06,1.0,150.0,0.3974189015644821
2014-01-17,1251.699951171875,0.009435444493447687,1.1904761638669722e-06,1.0,150.0,0.31108464107554656
2014-01-21,1242.300048828125,-0.007509708964156703,1.1111111454074327e-06,1.0,150.0,0.389538615732082
2014-01-22,1239.0,-0.002656402397502866,1.1904761638669722e-06,1.0,150.0,0.4517059062974992
2014-01-23,1262.5999755859375,0.01904759934296818,1.1904761638669722e-06,1.0,150.0,0.2824944340374289
2014-01-24,1264.5,0.0015048506659289806,1.309523802428016e-06,1.0,150.0,0.2695450407840289
2014-01-27,1263.5999755859375,-0.0007117630795274721,1.90476192131875e-06,1.0,150.0,0.2451484452102028
2014-01-28,1251.0,-0.009971490843132425,1.7857143566721944e-06,1.0,150.0,0.34082484441869204
2014-01-29,1262.199951171875,0.008952798698541153,1.5873015518226308e-06,1.0,150.0,0.3736735197402652
2014-01-30,1242.199951171875,-0.015845350002930414,5.952380819334841e-07,1.0,150.0,0.48166198101440155
2014-01-31,1240.0999755859375,-0.0016905294384824687,3.9682538795565474e-07,1.0,150.0,0.5153779678080217
2014-02-03,1260.4000244140625,0.016369687305681557,7.936507759113135e-07,1.0,150.0,0.3588616705215635
2014-02-04,1251.699951171875,-0.00690262858907198,2.182539670713361e-06,1.0,150.0,0.4214252275173181
2014-02-05,1257.300048828125,0.004473993668376419,2.182539670713361e-06,1.0,150.0,0.40754140475772827
2014-02-06,1257.5999755859375,0.00023854827500557896,2.3809523277339444e-06,1.0,150.0,0.4102421142900777
2014-02-07,1263.300048828125,0.004532501075734885,2.857142734149143e-06,1.0,150.0,0.3776527607196115
2014-02-10,1274.800048828125,0.00910314221128039,2.182539670713361e-06,1.0,150.0,0.29697570078157154
2014-02-11,1290.0999755859375,0.012001824734692468,1.7857143566721944e-06,1.0,150.0,0.24432122699510447
2014-02-12,1295.300048828125,0.004030752143705518,1.7063492642981665e-06,1.0,150.0,0.22247739661823593
2014-02-13,1300.4000244140625,0.003937292823042338,9.92063506846389e-07,1.0,150.0,0.21562024496096124
2014-02-14,1319.0,0.014303272252181198,3.9682538795565474e-07,1.0,150.0,0.23602012236907355
2014-02-18,1324.699951171875,0.004321418629169793,5.952380819334841e-07,1.0,150.0,0.23786637791062237
2014-02-19,1320.5999755859375,-0.003095022070704001,1.7857143566721944e-06,1.0,150.0,0.18218619443515247
2014-02-20,1317.0999755859375,-0.0026503105139367156,1.5873015518226308e-06,1.0,150.0,0.1594057820860071
2014-02-21,1323.9000244140625,0.005162894961789011,1.3888888948020476e-06,1.0,150.0,0.1753432984386599
2014-02-24,1338.300048828125,0.01087697269318788,1.309523802428016e-06,1.0,150.0,0.21695139887787107
2014-02-25,1343.0,0.0035118814917405317,1.5873015518226308e-06,1.0,150.0,0.22561318464225413
2014-02-26,1328.199951171875,-0.011020140601731176,1.5873015518226308e-06,1.0,150.0,0.09429508340437188
2014-02-27,1331.5999755859375,0.002559873918879907,1.3888888948020476e-06,0.0,150.0,0.10184028827469019
2014-02-28,1321.4000244140625,-0.007659921417005666,1.7063492642981665e-06,0.0,150.0,0.07568199748140977
2014-03-03,1350.0999755859375,0.021719351174222412,1.7063492642981665e-06,0.0,150.0,0.1224955874933676
2014-03-04,1337.800048828125,-0.00911038217927107,1.90476192131875e-06,0.0,150.0,0.07003545830947883
2014-03-05,1340.199951171875,0.0017939170699330376,1.984127013692778e-06,0.0,150.0,0.07621499194643659
2014-03-06,1351.699951171875,0.008580809147130886,1.7857143566721944e-06,0.0,150.0,0.10556425026081424
2014-03-07,1338.0999755859375,-0.010061386459433441,1.7857143566721944e-06,0.0,150.0,0.06668283222182175
2014-03-10,1341.4000244140625,0.002466219930001845,1.5873015518226308e-06,0.0,150.0,0.07507914514174097
2014-03-11,1346.5,0.003801979642996667,1.7857143566721944e-06,0.0,150.0,0.0795092336733724
2014-03-12,1370.300048828125,0.017675491146026845,1.5873015518226308e-06,0.0,150.0,0.13356276850240242
2014-03-13,1372.199951171875,0.0013864863723640486,1.5873015518226308e-06,0.0,150.0,0.1347356744644406
2014-03-14,1379.0,0.0049555815989628105,1.5873015518226308e-06,0.0,150.0,0.14410479599689116
2014-03-17,1372.9000244140625,-0.004423477582260693,1.7063492642981665e-06,0.0,150.0,0.10983786191081348
2014-03-18,1359.0,-0.010124571466880727,1.984127013692778e-06,0.0,150.0,0.06908639348390046
2014-03-19,1341.4000244140625,-0.012950681078688353,1.984127013692778e-06,0.0,150.0,0.09003798893446895
2014-03-20,1330.5,-0.008125856728550263,2.0634921060668095e-06,0.0,150.0,0.13142444743520593
2014-03-21,1336.0,0.004133784291619591,1.7857143566721944e-06,0.0,150.0,0.11381112641227106
2014-03-24,1311.199951171875,-0.01856291079949479,1.7063492642981665e-06,0.0,150.0,0.3002742316229328
2014-03-25,1311.4000244140625,0.00015258789630734348,1.7857143566721944e-06,0.0,150.0,0.27322898609935303
2014-03-26,1303.4000244140625,-0.006100350656600306,1.4682539871760755e-06,0.0,150.0,0.3687868567418123
2014-03-27,1294.699951171875,-0.006674906459433694,1.309523802428016e-06,0.0,150.0,0.4323014759084254
2014-03-28,1293.800048828125,-0.0006950663301836801,1.309523802428016e-06,0.0,150.0,0.4147295416138671
2014-03-31,1283.4000244140625,-0.008038355249315732,1.1111111454074327e-06,0.0,150.0,0.47200376387658544
2014-04-01,1279.5999755859375,-0.00296092313841112,1.1904761638669722e-06,0.0,150.0,0.4848371657500138
2014-04-02,1290.5,0.008518306206649617,7.142856835372857e-07,0.0,150.0,0.4080844998925632
2014-04-03,1284.4000244140625,-0.004726831139819865,5.952380819334841e-07,0.0,150.0,0.44333915812740166
2014-04-04,1303.199951171875,0.01463712737500833,7.936507759113135e-07,0.0,150.0,0.3222417767885401
2014-04-07,1298.0,-0.003990140704961731,7.936507759113135e-07,0.0,150.0,0.357136185753562
2014-04-08,1308.699951171875,0.008243413845820502,9.92063506846389e-07,0.0,150.0,0.293324374731283
2014-04-09,1305.5,-0.0024451373815744804,1.1111111454074327e-06,0.0,150.0,0.31065521206908747
2014-04-10,1320.0999755859375,0.011183435914161155,1.1111111454074327e-06,0.0,150.0,0.2529211322409865
2014-04-11,1318.699951171875,-0.0010605442314632896,1.1904761638669722e-06,0.0,150.0,0.2637379649250374
2014-04-14,1327.199951171875,0.006445742257324305,1.1904761638669722e-06,0.0,150.0,0.23689428487648886
2014-04-15,1300.0,-0.02049423762249114,1.1904761638669722e-06,0.0,150.0,0.36405589364467317
2014-04-16,1303.0999755859375,0.002384596604567246,9.92063506846389e-07,0.0,150.0,0.30721938266350396
2014-04-17,1293.4000244140625,-0.0074437505591337105,9.92063506846389e-07,0.0,150.0,0.3760400409289623
2014-04-21,1288.0,-0.0041750613206528175,9.92063506846389e-07,0.0,150.0,0.4061840407231566
2014-04-22,1280.5999755859375,-0.005745360569924252,9.92063506846389e-07,0.0,150.0,0.44219889975736587
2014-04-23,1284.199951171875,0.0028111632473601933,5.952380819334841e-07,0.0,150.0,0.42234755977804517
2014-04-24,1290.5,0.004905816124954665,2.777777863518571e-07,0.0,150.0,0.35956553402001096
2014-04-25,1300.699951171875,0.007903875375339098,2.777777863518571e-07,0.0,150.0,0.2942413192770007
2014-04-28,1298.9000244140625,-0.0013838139658503001,1.1904762008242064e-07,0.0,150.0,0.2992273931092517
2014-04-29,1296.0,-0.002232677157251395,5.952380819334841e-07,0.0,150.0,0.3011843002964385
2014-04-30,1295.5999755859375,-0.00030866081331981654,7.936507759113135e-07,0.0,150.0,0.27801103488236395
2014-05-01,1283.0999755859375,-0.009648039700175914,7.142856835372857e-07,0.0,150.0,0.33609205287695176
2014-05-02,1302.5999755859375,0.015197568678227968,5.952380819334841e-07,0.0,150.0,0.2329916156231712
2014-05-05,1309.0,0.004913269256882735,5.952380819334841e-07,0.0,150.0,0.2208998199903684
2014-05-06,1308.300048828125,-0.000534722056436232,7.936507759113135e-07,0.0,150.0,0.2239972335495834
2014-05-07,1288.5999755859375,-0.015057763897382226,7.936507759113135e-07,0.0,150.0,0.33409558739753153
2014-05-08,1287.4000244140625,-0.0009312053349445071,8.730158682853453e-07,0.0,150.0,0.3440753082811337
2014-05-09,1287.300048828125,-7.76569706707475e-05,8.730158682853453e-07,0.0,150.0,0.33550466077279734
2014-05-12,1295.5999755859375,0.006447546370691226,7.936507759113135e-07,0.0,150.0,0.2653160976508674
2014-05-13,1294.5999755859375,-0.0007718431760140865,7.936507759113135e-07,0.0,150.0,0.2587547392009362
2014-05-14,1305.699951171875,0.00857405823827051,7.936507759113135e-07,0.0,150.0,0.21435013506597697
2014-05-15,1293.5,-0.009343610039140637,7.142856835372857e-07,0.0,150.0,0.26957775751057866
2014-05-16,1293.300048828125,-0.0001545815012562457,5.952380819334841e-07,0.0,150.0,0.26952657730389556
2014-05-19,1293.699951171875,0.00030921080078227803,7.142856835372857e-07,0.0,150.0,0.2639204158261555
2014-05-20,1294.5,0.000618419153065819,9.92063506846389e-07,0.0,150.0,0.24373401571006598
2014-05-21,1288.0,-0.005021243723445368,9.92063506846389e-07,0.0,150.0,0.2593860300100084
2014-05-22,1294.9000244140625,0.005357161812160394,1.1111111454074327e-06,0.0,150.0,0.23306235504337033
2014-05-23,1291.5999755859375,-0.0025484970004678864,1.1111111454074327e-06,0.0,150.0,0.25090220319546513
2014-05-27,1265.4000244140625,-0.02028488051030608,1.1111111454074327e-06,0.0,150.0,0.41001981954882705
2014-05-28,1259.300048828125,-0.0048205906972081936,1.1111111454074327e-06,0.0,150.0,0.4422142781726421
2014-05-29,1256.300048828125,-0.0023822757751750245,1.1904761638669722e-06,0.0,150.0,0.4392277903979403
2014-05-30,1245.5999755859375,-0.008517131916191967,1.1904761638669722e-06,0.0,150.0,0.4838024531682429
2014-06-02,1243.699951171875,-0.0015253889300765877,9.92063506846389e-07,0.0,150.0,0.4881749589376231
2014-06-03,1244.300048828125,0.00048250999421894925,1.1904761638669722e-06,0.0,150.0,0.47079113195303185
2014-06-04,1244.0,-0.00024113864530306284,1.1904761638669722e-06,0.0,150.0,0.4745036213682602
2014-06-05,1253.0,0.007234726688102988,1.1904761638669722e-06,0.0,150.0,0.41551106942112664
2014-06-06,1252.0999755859375,-0.0007182956217577363,1.1111111454074327e-06,0.0,150.0,0.4062921077889027
2014-06-09,1253.5,0.0011181410760807697,1.1904761638669722e-06,0.0,150.0,0.40604040694219173
2014-06-10,1259.800048828125,0.005025966356701161,1.3888888948020476e-06,0.0,150.0,0.35910288243704847
2014-06-11,1260.800048828125,0.0007937767592010037,1.309523802428016e-06,0.0,150.0,0.36037660196504245
2014-06-12,1273.5999755859375,0.010152225778948587,1.309523802428016e-06,0.0,150.0,0.299652914959235
2014-06-13,1273.699951171875,7.849842011142805e-05,1.1904761638669722e-06,0.0,150.0,0.29298145639598244
2014-06-16,1274.9000244140625,0.0009421946205487863,9.92063506846389e-07,0.0,150.0,0.2953992553545979
2014-06-17,1271.699951171875,-0.0025100581856669635,1.309523802428016e-06,0.0,150.0,0.29260875565256733
2014-06-18,1272.4000244140625,0.0005505019022311597,7.142856835372857e-07,0.0,150.0,0.2838765558011941
2014-06-19,1313.699951171875,0.032458288246914435,3.9682538795565474e-07,0.0,150.0,0.27420695458398586
2014-06-20,1316.199951171875,0.0019030220696665268,3.9682538795565474e-07,0.0,150.0,0.22997101002940104
2014-06-23,1318.0,0.0013676104656608068,1.9841269397782539e-07,0.0,150.0,0.22934895640138675
2014-06-24,1320.9000244140625,0.00220032201370457,8.730158682853453e-07,0.0,150.0,0.23159423688747607
2014-06-25,1322.199951171875,0.0009841219878765628,7.936507759113135e-07,0.0,150.0,0.23228835130062586
2014-06-26,1316.0999755859375,-0.004613504621998388,9.92063506846389e-07,0.0,150.0,0.18558926550070476
2014-06-27,1319.0,0.0022034985699102005,7.142856835372857e-07,0.0,150.0,0.19402973175137975
2014-06-30,1321.800048828125,0.0021228573374716397,7.936507759113135e-07,0.0,150.0,0.20070362677576295
2014-07-01,1326.4000244140625,0.0034800842911268948,9.92063506846389e-07,0.0,150.0,0.21184278537407197
2014-07-02,1330.699951171875,0.003241802381383385,2.777777863518571e-07,0.0,150.0,0.22229319280392387
2014-07-03,1320.4000244140625,-0.007740232310628592,1.1904762008242064e-07,0.0,150.0,0.15157068564475504
2014-07-07,1316.5,-0.0029536688442528547,2.777777863518571e-07,0.0,150.0,0.15752246519081722
2014-07-08,1316.0,-0.00037979491074824345,9.92063506846389e-07,0.0,150.0,0.1731292379059974
2014-07-09,1323.800048828125,0.005927088775171008,5.952380819334841e-07,0.0,150.0,0.1908673423475023
2014-07-10,1338.699951171875,0.011255402473311582,5.952380819334841e-07,0.0,150.0,0.2012621125027167
2014-07-11,1337.0,-0.0012698522700227421,5.952380819334841e-07,0.0,150.0,0.20766323780662474
2014-07-14,1306.300048828125,-0.02296181837836575,5.952380819334841e-07,0.0,150.0,0.2314338180559421
2014-07-15,1296.9000244140625,-0.007195915228277894,7.936507759113135e-07,0.0,150.0,0.29657847395167525
2014-07-16,1299.5999755859375,0.0020818498890033954,7.142856835372857e-07,0.0,150.0,0.2705529864231411
2014-07-17,1316.699951171875,0.013157876198195417,2.777777863518571e-07,0.0,150.0,0.17421253268974868
2014-07-18,1309.199951171875,-0.005696058538868232,3.9682538795565474e-07,0.0,150.0,0.22615966064422866
2014-07-21,1313.699951171875,0.003437213693731067,5.158730265167024e-07,0.0,150.0,0.18919103511067537
2014-07-22,1306.0999755859375,-0.00578516850758648,7.936507759113135e-07,0.0,150.0,0.2109199380239824
2014-07-23,1304.5,-0.0012250023856096304,7.936507759113135e-07,0.0,150.0,0.21093516395169612
2014-07-24,1290.5999755859375,-0.010655442249185465,7.936507759113135e-07,0.0,150.0,0.31726349273725785
2014-07-25,1303.0999755859375,0.009685417818425801,7.936507759113135e-07,0.0,150.0,0.1961463368490306
2014-07-28,1303.300048828125,0.00015353637167980771,9.92063506846389e-07,0.0,150.0,0.2386902213578982
2014-07-29,1298.300048828125,-0.003836415109855773,1.1111111454074327e-06,0.0,150.0,0.3009273139399454
2014-07-30,1294.9000244140625,-0.002618827918193012,1.1111111454074327e-06,0.0,150.0,0.31637198433247704
2014-07-31,1281.300048828125,-0.010502722472409798,7.142856835372857e-07,0.0,150.0,0.40401141114133
2014-08-01,1293.5999755859375,0.009599567852246693,7.142856835372857e-07,0.0,150.0,0.30063533323822117
2014-08-04,1287.699951171875,-0.004560934234240421,5.952380819334841e-07,0.0,150.0,0.3412099782134036
2014-08-05,1284.0,-0.002873302253764809,9.92063506846389e-07,0.0,150.0,0.3722090762736363
2014-08-06,1306.699951171875,0.017679089697721917,7.936507759113135e-07,0.0,150.0,0.3322771815973354
2014-08-07,1310.800048828125,0.003137749911579224,7.936507759113135e-07,0.0,150.0,0.20169086321867508
2014-08-08,1308.9000244140625,-0.0014495150620120745,7.936507759113135e-07,0.0,150.0,0.24304631103047764
2014-08-11,1308.5,-0.00030561876889079187,9.92063506846389e-07,0.0,150.0,0.2219982873618558
2014-08-12,1308.800048828125,0.00022930747277416508,9.92063506846389e-07,0.0,150.0,0.23800147339193034
2014-08-13,1312.800048828125,0.003056234604805752,1.1904761638669722e-06,0.0,150.0,0.19864629570860684
2014-08-14,1313.9000244140625,0.0008378850891417322,1.1111111454074327e-06,0.0,150.0,0.1974119625778857
2014-08-15,1304.5,-0.0071542919852326525,8.730158682853453e-07,0.0,150.0,0.20407754364221992
2014-08-18,1297.699951171875,-0.005212762612591071,8.730158682853453e-07,0.0,150.0,0.23671028398135066
2014-08-19,1295.0999755859375,-0.0020035259950419437,9.92063506846389e-07,0.0,150.0,0.2689773410267478
2014-08-20,1293.4000244140625,-0.0013126022731224651,9.92063506846389e-07,0.0,150.0,0.2627664773693026
2014-08-21,1273.699951171875,-0.015231229990978257,5.952380819334841e-07,0.0,150.0,0.3614538007992334
2014-08-22,1278.5999755859375,0.0038470790625015905,5.952380819334841e-07,0.0,150.0,0.3074208243067607
2014-08-25,1277.300048828125,-0.001016679792455677,5.952380819334841e-07,0.0,150.0,0.27648311987024304
2014-08-26,1283.800048828125,0.005088859118077549,9.92063506846389e-07,0.0,150.0,0.25272744196509694
2014-08-27,1281.9000244140625,-0.0014800002662384015,9.92063506846389e-07,0.0,150.0,0.25840583068072903
2014-08-28,1288.699951171875,0.005304568709186608,8.730158682853453e-07,0.0,150.0,0.23228619517092766
2014-08-29,1285.800048828125,-0.002250254096085702,7.142856835372857e-07,0.0,150.0,0.2624498517645952
2014-09-02,1263.699951171875,-0.017187818336445004,7.936507759113135e-07,0.0,150.0,0.3938683080914438
2014-09-03,1268.9000244140625,0.004114958805977009,7.936507759113135e-07,0.0,150.0,0.33392478280566174
2014-09-04,1265.0999755859375,-0.0029947582591305366,7.936507759113135e-07,0.0,150.0,0.3470556672401993
2014-09-05,1265.800048828125,0.0005533738484686523,7.936507759113135e-07,0.0,150.0,0.3276742009167185
2014-09-08,1252.699951171875,-0.010349263035957401,7.936507759113135e-07,0.0,150.0,0.4683533094689103
2014-09-09,1246.800048828125,-0.00470974900113208,5.952380819334841e-07,0.0,150.0,0.47377254511840045
2014-09-10,1243.5,-0.002646814805009612,5.952380819334841e-07,0.0,150.0,0.49471463222783923
2014-09-11,1237.4000244140625,-0.0049054890116103644,3.9682538795565474e-07,0.0,150.0,0.49861828529862584
2014-09-12,1229.9000244140625,-0.006061095726542787,3.9682538795565474e-07,0.0,150.0,0.4853682563215775
2014-09-15,1233.5999755859375,0.0030083349039997653,3.9682538795565474e-07,0.0,150.0,0.4467281369297425
2014-09-16,1235.199951171875,0.0012969970959813004,5.952380819334841e-07,0.0,150.0,0.4556408600155024
2014-09-17,1234.4000244140625,-0.0006476091235703141,5.158730265167024e-07,0.0,150.0,0.42921100158578707
2014-09-18,1225.699951171875,-0.007048017717204091,3.9682538795565474e-07,0.0,150.0,0.43192755874438116
2014-09-19,1215.300048828125,-0.008484868041160332,2.777777863518571e-07,0.0,150.0,0.4832203397857119
2014-09-22,1216.800048828125,0.0012342630953123823,1.1904762008242064e-07,0.0,150.0,0.4468924220088355
2014-09-23,1221.0,0.003451636261783353,2.777777863518571e-07,0.0,150.0,0.4255363443380238
2014-09-24,1218.5999755859375,-0.001965621960739128,2.777777863518571e-07,0.0,150.0,0.40815735773408984
2014-09-25,1221.199951171875,0.0021335759379834673,1.9841269397782539e-07,0.0,150.0,0.3793253306430468
2014-09-26,1214.0999755859375,-0.00581393372897232,1.9841269397782539e-07,0.0,150.0,0.41020302195693936
2014-09-29,1217.5,0.0028004484658865625,1.9841269397782539e-07,0.0,150.0,0.3774773370909889
2014-09-30,1210.5,-0.005749486652977365,5.158730265167024e-07,0.0,150.0,0.402536956314492
2014-10-01,1214.5999755859375,0.0033870099842523427,5.158730265167024e-07,0.0,150.0,0.3739292413291394
2014-10-02,1214.199951171875,-0.0003293466343678997,3.9682538795565474e-07,0.0,150.0,0.3748731733288302
2014-10-03,1192.199951171875,-0.018118926770476995,3.9682538795565474e-07,0.0,150.0,0.49515458327728473
2014-10-06,1206.699951171875,0.012162389359056114,3.9682538795565474e-07,0.0,150.0,0.41181449722426483
2014-10-07,1211.699951171875,0.004143532114295967,3.9682538795565474e-07,0.0,150.0,0.3644632383360059
2014-10-08,1205.300048828125,-0.005281755056241844,1.9841269397782539e-07,0.0,150.0,0.4088729184851398
2014-10-09,1224.5999755859375,0.016012549552766764,1.9841269397782539e-07,0.0,150.0,0.34772298116810396
2014-10-10,1221.0,-0.002939715546062316,1.9841269397782539e-07,0.0,150.0,0.35169414279584843
2014-10-13,1229.300048828125,0.006797746787981174,1.9841269397782539e-07,0.0,150.0,0.32792109101342554
2014-10-14,1233.5999755859375,0.003497865929405597,1.9841269397782539e-07,0.0,150.0,0.34085739087592326
2014-10-15,1244.0999755859375,0.008511673320204638,3.9682538795565474e-07,0.0,150.0,0.33169262470122657
2014-10-16,1240.5,-0.00289363849898161,7.936507759113135e-07,0.0,150.0,0.3273047960182698
2014-10-17,1238.300048828125,-0.0017734390744659212,8.730158682853453e-07,0.0,150.0,0.30313727559596215
2014-10-20,1244.0,0.0046030452613397,7.936507759113135e-07,0.0,150.0,0.2693460771110656
2014-10-21,1251.0,0.00562700964630225,7.142856835372857e-07,0.0,150.0,0.2092522150900117
2014-10-22,1244.800048828125,-0.004955996140587504,5.952380819334841e-07,0.0,150.0,0.212285142077889
2014-10-23,1228.5,-0.013094511719749846,5.952380819334841e-07,0.0,150.0,0.2323045892838329
2014-10-24,1231.199951171875,0.0021977624516686944,1.9841269397782539e-07,0.0,150.0,0.22092473325207473
2014-10-27,1229.0999755859375,-0.001705633259600714,1.9841269397782539e-07,0.0,150.0,0.22719332160457884
2014-10-28,1229.199951171875,8.134048321806198e-05,5.952380819334841e-07,0.0,150.0,0.22438688173266663
2014-10-29,1224.300048828125,-0.0039862532853818244,5.952380819334841e-07,0.0,150.0,0.24296112714433685
2014-10-30,1198.0999755859375,-0.02140004263437356,1.1904762008242064e-07,0.0,150.0,0.37838489866051533
2014-10-31,1171.0999755859375,-0.022535681954918285,1.1904762008242064e-07,0.0,150.0,0.5061388601366633
2014-11-03,1169.4000244140625,-0.001451585011795875,1.1904762008242064e-07,0.0,150.0,0.5637792305139645
2014-11-04,1167.4000244140625,-0.0017102787397341723,8.730158682853453e-07,0.0,150.0,0.564029447271178
2014-11-05,1145.4000244140625,-0.018845296847618376,7.936507759113135e-07,0.0,150.0,0.6205604022007144
2014-11-06,1142.300048828125,-0.0027064567136911855,7.142856835372857e-07,0.0,150.0,0.6191850403615151
2014-11-07,1169.5999755859375,0.02389908569628374,7.142856835372857e-07,0.0,150.0,0.5395313984560292
2014-11-10,1159.5999755859375,-0.008549931779017195,5.952380819334841e-07,0.0,150.0,0.5662312856215669
2014-11-11,1162.800048828125,0.002759635485996448,5.952380819334841e-07,0.0,150.0,0.5420619944848765
2014-11-12,1158.9000244140625,-0.0033539940233000554,5.158730265167024e-07,0.0,150.0,0.5661182804665928
2014-11-13,1161.0999755859375,0.0018983097122526882,1.9841269397782539e-07,0.0,150.0,0.532470323885035
2014-11-14,1185.0,0.020583950492292002,1.1904762008242064e-07,0.0,150.0,0.40106233955453996
2014-11-17,1183.0,-0.0016877637130802148,3.9682538795565474e-07,0.0,150.0,0.41038963044112464
2014-11-18,1196.699951171875,0.011580685690511405,5.952380819334841e-07,0.0,150.0,0.329536439455305
2014-11-19,1193.5999755859375,-0.002590436794872253,5.952380819334841e-07,0.0,150.0,0.34295188463603926
2014-11-20,1190.699951171875,-0.0024296451687164655,5.952380819334841e-07,0.0,150.0,0.3819000106412889
2014-11-21,1197.5,0.005710967587957416,1.1904762008242064e-07,0.0,150.0,0.3404109327821202
2014-11-24,1195.5,-0.001670146137787043,1.9841269397782539e-07,0.0,150.0,0.37647582714165095
2014-11-25,1197.0999755859375,0.0013383317322772648,7.142856835372857e-07,0.0,150.0,0.3969231432086983
2014-11-26,1196.5999755859375,-0.0004176760589734707,3.9682538795565474e-07,0.0,150.0,0.3546023409867538
2014-11-28,1175.199951171875,-0.01788402544767187,1.9841269397782539e-07,0.0,150.0,0.5004666809615927
2014-12-01,1218.0,0.03641937594146949,2.777777863518571e-07,0.0,150.0,0.27722523640928026
2014-12-02,1199.199951171875,-0.015435179661843157,5.952380819334841e-07,0.0,150.0,0.37520161837831584
2014-12-03,1208.5,0.007755211146428742,1.9841269397782539e-07,0.0,150.0,0.30810434412066745
2014-12-04,1207.5,-0.0008274720728175256,5.158730265167024e-07,0.0,150.0,0.30327758398789
2014-12-05,1190.0999755859375,-0.014409958106884058,3.9682538795565474e-07,0.0,150.0,0.43574389790396384
2014-12-08,1194.699951171875,0.003865200974962457,1.9841269397782539e-07,0.0,150.0,0.40770240788664597
2014-12-09,1231.5,0.03080275410744604,1.1111111454074327e-06,0.0,150.0,0.24420500587162552
2014-12-10,1228.9000244140625,-0.0021112266227669707,9.92063506846389e-07,0.0,150.0,0.25243483242675807
2014-12-11,1225.0999755859375,-0.0030922359448538606,8.730158682853453e-07,0.0,150.0,0.24581764935533065
2014-12-12,1222.0,-0.002530385803374835,5.952380819334841e-07,0.0,150.0,0.24960113932042308
2014-12-15,1207.199951171875,-0.012111332919905848,3.9682538795565474e-07,0.0,150.0,0.3369964419465368
2014-12-16,1193.9000244140625,-0.011017169728098297,1.1904761638669722e-06,0.0,150.0,0.45418628706591724
2014-12-17,1194.300048828125,0.0003350568773619056,7.936507759113135e-07,0.0,150.0,0.4183487033215382
2014-12-18,1194.699951171875,0.0003348424410953843,1.309523802428016e-06,0.0,150.0,0.4188003003923468
2014-12-19,1195.9000244140625,0.001004497607127508,9.92063506846389e-07,0.0,150.0,0.4400397337275631
2014-12-22,1179.699951171875,-0.013546344101903363,5.952380819334841e-07,0.0,150.0,0.5401275938814349
2014-12-23,1177.9000244140625,-0.0015257496247452762,7.936507759113135e-07,0.0,150.0,0.5221348993956393
2014-12-24,1173.5,-0.0037354820637272024,7.936507759113135e-07,0.0,150.0,0.55267107946849
2014-12-26,1195.300048828125,0.01857694829835954,3.9682538795565474e-07,0.0,150.0,0.3951052277297041
2014-12-29,1181.699951171875,-0.011377977997728328,1.1904762008242064e-07,0.0,150.0,0.5048599070935709
2014-12-30,1200.199951171875,0.015655412341901043,7.936507759113135e-07,0.0,150.0,0.38236198874893795
2014-12-31,1183.9000244140625,-0.013581009349231565,1.4682539871760755e-06,0.0,150.0,0.5160258440720217
2015-01-02,1186.0,0.0017737778044026875,5.952380819334841e-07,0.0,150.0,0.45145327098621224
2015-01-05,1203.9000244140625,0.015092769320457444,1.1904762008242064e-07,0.0,150.0,0.30957779906337207
2015-01-06,1219.300048828125,0.012791780132704655,7.936507759113135e-07,0.0,150.0,0.2268755715810953
2015-01-07,1210.5999755859375,-0.007135301315331799,7.936507759113135e-07,0.0,150.0,0.19219343153368174
2015-01-08,1208.4000244140625,-0.0018172403900885703,7.142856835372857e-07,0.0,150.0,0.3073631513873256
2015-01-09,1216.0,0.0062892878454074985,5.952380819334841e-07,0.0,150.0,0.2662247832506584
2015-01-12,1232.699951171875,0.013733512476870935,5.158730265167024e-07,0.0,150.0,0.15698764326299905
2015-01-13,1234.300048828125,0.0012980430920994657,9.126984144723571e-07,0.0,150.0,0.1568434661462916
2015-01-14,1234.4000244140625,8.09977979279175e-05,9.92063506846389e-07,0.0,150.0,0.15408034795041872
2015-01-15,1264.699951171875,0.024546278482289408,9.126984144723571e-07,0.0,150.0,0.2101714520379167
2015-01-16,1276.9000244140625,0.00964661478074924,7.142856835372857e-07,0.0,150.0,0.22775337607340185
2015-01-20,1294.199951171875,0.013548380003948202,3.17460332538873e-07,0.0,150.0,0.2606366773357034
2015-01-21,1293.699951171875,-0.0003863390657272703,7.936507759113135e-07,0.0,150.0,0.24464656183145767
2015-01-22,1300.699951171875,0.0054108373380235,5.952380819334841e-07,0.0,150.0,0.2494980537916372
2015-01-23,1292.5999755859375,-0.006227397470600193,5.158730265167024e-07,0.0,150.0,0.18664733704742112
2015-01-26,1279.4000244140625,-0.01021193828035738,1.9841269397782539e-07,0.0,150.0,0.1252378344349225
2015-01-27,1291.699951171875,0.009613824076207589,7.142856835372857e-07,0.0,150.0,0.13532364452432213
2015-01-28,1285.9000244140625,-0.004490150171911567,5.952380819334841e-07,0.0,150.0,0.13174311451494666
2015-01-29,1254.5999755859375,-0.02434096604235414,3.9682538795565474e-07,0.0,150.0,0.22111093629574327
2015-01-30,1278.5,0.019049916211659745,1.9841269397782539e-07,0.0,150.0,0.22055687610652422
2015-02-02,1276.199951171875,-0.0017990213751466477,1.9841269397782539e-07,0.0,150.0,0.11387527077415478
2015-02-03,1259.699951171875,-0.01292900848714873,5.952380819334841e-07,0.0,150.0,0.19179457153800625
2015-02-04,1263.800048828125,0.00325482084240436,1.9841269397782539e-07,0.0,150.0,0.25841631159315476
2015-02-05,1262.0,-0.001424314573966079,3.17460332538873e-07,0.0,150.0,0.27080477315887513
2015-02-06,1233.9000244140625,-0.0222662247115194,5.952380819334841e-07,0.0,150.0,0.446976419137321
2015-02-09,1240.800048828125,0.00559204496112975,1.1904762008242064e-07,0.0,150.0,0.37219512074437106
2015-02-10,1231.5999755859375,-0.0074146299807744676,1.9841269397782539e-07,0.0,150.0,0.43827054528446435
2015-02-11,1219.0,-0.010230574728570474,1.9841269397782539e-07,0.0,150.0,0.5131244623427079
2015-02-12,1220.0999755859375,0.0009023589712366942,3.17460332538873e-07,0.0,150.0,0.5090012427265009
2015-02-13,1226.5,0.005245491797497115,1.9841269397782539e-07,0.0,150.0,0.46996362991912954
2015-02-17,1208.0999755859375,-0.015002058225896842,3.17460332538873e-07,0.0,150.0,0.5589537524734961
2015-02-18,1199.699951171875,-0.00695308714826226,5.158730265167024e-07,0.0,150.0,0.5827136200826698
2015-02-19,1207.0999755859375,0.0061682293200346905,5.158730265167024e-07,0.0,150.0,0.5632386314440474
2015-02-20,1204.4000244140625,-0.0022367253968044176,3.9682538795565474e-07,0.0,150.0,0.5565955802727139
2015-02-23,1200.300048828125,-0.0034041643165294566,5.952380819334841e-07,0.0,150.0,0.5342232195948218
2015-02-24,1196.9000244140625,-0.002832645401774303,7.142856835372857e-07,0.0,150.0,0.5356048438165221
2015-02-25,1201.0,0.003425495448498017,5.952380819334841e-07,0.0,150.0,0.5326454413844867
2015-02-26,1209.5999755859375,0.007160679089040389,5.158730265167024e-07,0.0,150.0,0.49176032688629423
2015-02-27,1212.5999755859375,0.0024801587802172342,3.17460332538873e-07,0.0,150.0,0.4481557411362577
2015-03-02,1207.699951171875,-0.004040924057989392,1.9841269397782539e-07,0.0,150.0,0.47624461485025427
2015-03-03,1204.0,-0.003063634446854757,5.158730265167024e-07,0.0,150.0,0.4677711739791177
2015-03-04,1200.5999755859375,-0.00282394054324131,3.9682538795565474e-07,0.0,150.0,0.4764104709693092
2015-03-05,1195.9000244140625,-0.00391466872184576,1.1904762008242064e-07,0.0,150.0,0.5073524928774616
2015-03-06,1164.0999755859375,-0.026590892364690477,1.9841269397782539e-07,0.0,150.0,0.6708471103679532
2015-03-09,1166.4000244140625,0.0019758172634332105,1.9841269397782539e-07,0.0,150.0,0.6676909890482114
2015-03-10,1160.0999755859375,-0.0054012763170935285,3.9682538795565474e-07,0.0,150.0,0.6686684903939997
2015-03-11,1150.699951171875,-0.008102770978263951,5.158730265167024e-07,0.0,150.0,0.6746430787410821
2015-03-12,1152.0999755859375,0.0012166720026682842,7.142856835372857e-07,0.0,150.0,0.6701384247549885
2015-03-13,1152.5999755859375,0.0004339901142222935,9.126984144723571e-07,0.0,150.0,0.6649268197159034
2015-03-16,1153.300048828125,0.0006073861331044039,1.1904761638669722e-06,0.0,150.0,0.6576010005789471
2015-03-17,1148.300048828125,-0.004335385232212996,1.90476192131875e-06,0.0,150.0,0.6562012675385237
2015-03-18,1151.4000244140625,0.002699621574606015,1.5079364594485992e-06,0.0,150.0,0.6471401801089227
2015-03-19,1169.0999755859375,0.015372547156998984,3.9682538795565474e-07,0.0,150.0,0.5886491452649161
2015-03-20,1184.800048828125,0.013429196450302605,1.1904762008242064e-07,0.0,150.0,0.4870644765956146
2015-03-23,1188.0,0.002700836461848599,1.1904762008242064e-07,0.0,150.0,0.41622855180406226
2015-03-24,1191.699951171875,0.003114437013362892,5.952380819334841e-07,0.0,150.0,0.35480599210190966
2015-03-25,1197.300048828125,0.0046992513935602,7.142856835372857e-07,0.0,150.0,0.31160023800155673
2015-03-26,1205.0999755859375,0.006514596541983497,1.1111111454074327e-06,0.0,150.0,0.2563716399914791
2015-03-27,1199.800048828125,-0.004397914584004181,1.1904761638669722e-06,0.0,150.0,0.21921715380604972
2015-03-30,1184.800048828125,-0.012502083171817557,9.126984144723571e-07,0.0,150.0,0.2931253763085963
2015-03-31,1183.0999755859375,-0.001434903082481287,9.92063506846389e-07,0.0,150.0,0.4097519859909401
2015-04-01,1208.0999755859375,0.021130927661137555,1.309523802428016e-06,0.0,150.0,0.3073177309719616
2015-04-02,1200.9000244140625,-0.005959731245241517,3.9682538795565474e-07,0.0,150.0,0.1899828912518723
2015-04-06,1218.5999755859375,0.014738904831408384,1.1904762008242064e-07,0.0,150.0,0.2834337610888028
2015-04-07,1210.5999755859375,-0.006564910684618508,5.952380819334841e-07,0.0,150.0,0.17388792588810476
2015-04-08,1203.0999755859375,-0.006195275195152727,7.142856835372857e-07,0.0,150.0,0.19235483486120475
2015-04-09,1193.5999755859375,-0.007896268134635509,7.936507759113135e-07,0.0,150.0,0.3810194332074551
2015-04-10,1204.5999755859375,0.009215817882871624,5.952380819334841e-07,0.0,150.0,0.3282656298876568
2015-04-13,1199.300048828125,-0.004399740050828549,1.9841269397782539e-07,0.0,150.0,0.3665801150610321
2015-04-14,1192.800048828125,-0.005419828012473871,3.9682538795565474e-07,0.0,150.0,0.3812419835509396
2015-04-15,1201.5,0.007293721341160575,5.952380819334841e-07,0.0,150.0,0.31944282007281594
2015-04-16,1198.0,-0.0029130253849355414,3.9682538795565474e-07,0.0,150.0,0.3419567045688357
2015-04-17,1202.9000244140625,0.004090170629434509,5.158730265167024e-07,0.0,150.0,0.32390243153800674
2015-04-20,1193.5,-0.007814468553728138,5.158730265167024e-07,0.0,150.0,0.2844634732954088
2015-04-21,1202.9000244140625,0.007876015428623706,7.936507759113135e-07,0.0,150.0,0.30797064936778246
2015-04-22,1186.9000244140625,-0.013301188523787477,7.936507759113135e-07,0.0,150.0,0.30786264594762486
2015-04-23,1194.4000244140625,0.00631898209261772,7.936507759113135e-07,0.0,150.0,0.34441931174513357
2015-04-24,1175.199951171875,-0.016075077737549903,5.952380819334841e-07,0.0,150.0,0.47179964180229916
2015-04-27,1203.300048828125,0.023910907780611668,5.158730265167024e-07,0.0,150.0,0.3288385722610358
2015-04-28,1214.0,0.008892172141350407,5.158730265167024e-07,0.0,150.0,0.2618440317364033
2015-04-29,1209.800048828125,-0.0034595973409184966,1.1904762008242064e-07,0.0,150.0,0.13163427792615537
2015-04-30,1182.4000244140625,-0.022648390897821113,1.9841269397782539e-07,0.0,150.0,0.424354503623874
2015-05-01,1174.5,-0.006681346626305595,1.1904762008242064e-07,0.0,150.0,0.44353542932872214
2015-05-04,1186.800048828125,0.010472583080566089,1.1904762008242064e-07,0.0,150.0,0.35996003520579994
2015-05-05,1193.199951171875,0.005392570003741826,3.17460332538873e-07,0.0,150.0,0.3220780906156827
2015-05-06,1190.300048828125,-0.0024303574106769865,3.9682538795565474e-07,0.0,150.0,0.3530714732311827
2015-05-07,1182.4000244140625,-0.006637002511963419,1.9841269397782539e-07,0.0,150.0,0.38635061596560233
2015-05-08,1189.0999755859375,0.005666399723896376,1.1904762008242064e-07,0.0,150.0,0.31201944182865493
2015-05-11,1183.199951171875,-0.0049617563999656555,1.9841269397782539e-07,0.0,150.0,0.3416531927597084
2015-05-12,1192.5999755859375,0.007944578094980947,5.158730265167024e-07,0.0,150.0,0.29118516015524587
2015-05-13,1218.4000244140625,0.021633447389137528,3.9682538795565474e-07,0.0,150.0,0.21625090615247083
2015-05-14,1225.4000244140625,0.005745239543446523,3.9682538795565474e-07,0.0,150.0,0.11603617327934794
2015-05-15,1225.5,8.158608123531863e-05,3.9682538795565474e-07,0.0,150.0,0.11747390410675272
2015-05-18,1227.800048828125,0.0018768248291514134,3.17460332538873e-07,0.0,150.0,0.12661717050425572
2015-05-19,1206.9000244140625,-0.01702233554560495,3.9682538795565474e-07,0.0,150.0,0.10988880729581169
2015-05-20,1208.9000244140625,0.001657138088940746,5.158730265167024e-07,0.0,150.0,0.21404020837599055
2015-05-21,1204.4000244140625,-0.0037223921822493455,5.158730265167024e-07,0.0,150.0,0.22351120933770577
2015-05-22,1204.300048828125,-8.300862164645206e-05,3.9682538795565474e-07,0.0,150.0,0.22451728706243804
2015-05-26,1187.199951171875,-0.014199200334575779,3.9682538795565474e-07,0.0,150.0,0.32510196738437597
2015-05-27,1185.9000244140625,-0.0010949518289057325,5.158730265167024e-07,0.0,150.0,0.3489386230579207
2015-05-28,1188.0999755859375,0.001855089911952712,1.1904762008242064e-07,0.0,150.0,0.24844457101655293
2015-05-29,1189.4000244140625,0.001094225111387459,1.1904762008242064e-07,0.0,150.0,0.22841154738672204
2015-06-01,1188.300048828125,-0.0009248155064394137,3.17460332538873e-07,0.0,150.0,0.24737145092987703
2015-06-02,1194.0999755859375,0.004880860489345551,3.9682538795565474e-07,0.0,150.0,0.18638684003453018
2015-06-03,1184.699951171875,-0.007872058124320791,3.9682538795565474e-07,0.0,150.0,0.24172816625332635
2015-06-04,1174.9000244140625,-0.008272074923375006,1.9841269397782539e-07,0.0,150.0,0.319992465304851
2015-06-05,1167.800048828125,-0.00604304658983934,3.9682538795565474e-07,0.0,150.0,0.3674395476120461
2015-06-08,1173.199951171875,0.004623995648200818,3.9682538795565474e-07,0.0,150.0,0.31275019270271565
2015-06-09,1177.300048828125,0.003494798693227441,5.158730265167024e-07,0.0,150.0,0.2702843774425451
2015-06-10,1186.0999755859375,0.007474667793118561,5.158730265167024e-07,0.0,150.0,0.20611832120980061
2015-06-11,1179.9000244140625,-0.0052271741838728625,3.17460332538873e-07,0.0,150.0,0.23041830347663309
2015-06-12,1178.800048828125,-0.0009322616858862265,1.9841269397782539e-07,0.0,150.0,0.23431878158564495
2015-06-15,1185.300048828125,0.005514081889003819,1.1904762008242064e-07,0.0,150.0,0.19388790533053912
2015-06-16,1180.5,-0.004049648722170174,3.17460332538873e-07,0.0,150.0,0.21814596783921514
2015-06-17,1176.4000244140625,-0.003473083935567556,1.1904762008242064e-07,0.0,150.0,0.255663878752256
2015-06-18,1201.5,0.02133625898081659,1.1904762008242064e-07,0.0,150.0,0.16512919638274615
2015-06-19,1201.5,0.0,1.1904762008242064e-07,0.0,150.0,0.13377133333868715
2015-06-22,1183.699951171875,-0.014814855454119868,1.1904762008242064e-07,0.0,150.0,0.16967555841205004
2015-06-23,1176.199951171875,-0.006336065142669711,3.17460332538873e-07,0.0,150.0,0.3040165822410956
2015-06-24,1172.5999755859375,-0.00306068333224363,1.9841269397782539e-07,0.0,150.0,0.3272583879666964
2015-06-25,1171.5,-0.0009380655030184482,1.9841269397782539e-07,0.0,150.0,0.3628890847607115
2015-06-26,1172.9000244140625,0.0011950699223750583,1.9841269397782539e-07,0.0,150.0,0.29427107351192205
2015-06-29,1178.5,0.004774469664398762,1.9841269397782539e-07,0.0,150.0,0.26603283970734715
2015-06-30,1171.5,-0.005939753924480318,3.9682538795565474e-07,0.0,150.0,0.29641206498056527
2015-07-01,1169.0,-0.0021340162185232714,1.1904762008242064e-07,0.0,150.0,0.3123585433509127
2015-07-02,1163.0,-0.0051325919589392255,1.1904762008242064e-07,0.0,150.0,0.3294907653813207
2015-07-06,1172.9000244140625,0.008512488748119162,1.9841269397782539e-07,0.0,150.0,0.23541174641957166
2015-07-07,1152.4000244140625,-0.017478045505405326,3.9682538795565474e-07,0.0,150.0,0.38815502800056423
2015-07-08,1163.300048828125,0.00945854233177812,3.9682538795565474e-07,0.0,150.0,0.2755496430241703
2015-07-09,1159.0,-0.0036964228037785762,3.17460332538873e-07,0.0,150.0,0.29531874745086634
2015-07-10,1157.699951171875,-0.0011216987300474157,3.17460332538873e-07,0.0,150.0,0.324456313043312
2015-07-13,1155.199951171875,-0.0021594541810849854,3.17460332538873e-07,0.0,150.0,0.3270574297307717
2015-07-14,1153.300048828125,-0.001644652375394129,3.9682538795565474e-07,0.0,150.0,0.35951165671711116
2015-07-15,1147.199951171875,-0.005289254658792708,5.158730265167024e-07,0.0,150.0,0.3986182448825187
2015-07-16,1143.800048828125,-0.002963652796774463,3.9682538795565474e-07,0.0,150.0,0.4163474604191274
2015-07-17,1131.800048828125,-0.010491344192802399,5.158730265167024e-07,0.0,150.0,0.4922997385403021
2015-07-20,1106.699951171875,-0.022177148412600656,9.126984144723571e-07,0.0,150.0,0.6130144801880499
2015-07-21,1103.4000244140625,-0.0029817718472999744,1.1904761638669722e-06,0.0,150.0,0.5967842218103337
2015-07-22,1091.4000244140625,-0.010875475561433312,1.1904761638669722e-06,0.0,150.0,0.60692910305394
2015-07-23,1094.0,0.002382238892960853,1.1904761638669722e-06,0.0,150.0,0.5871308260965649
2015-07-24,1085.5999755859375,-0.007678267288905416,1.1904761638669722e-06,0.0,150.0,0.6023827383334607
2015-07-27,1096.5,0.010040553296972288,1.1111111454074327e-06,0.0,150.0,0.5824816766040897
2015-07-28,1096.300048828125,-0.00018235400991795103,1.7063492642981665e-06,0.0,150.0,0.5928290101085856
2015-07-29,1092.699951171875,-0.0032838616217323313,1.7857143566721944e-06,0.0,150.0,0.5834442157355579
2015-07-30,1088.4000244140625,-0.0039351395167548375,2.3809523277339444e-06,0.0,150.0,0.5792574799233482
2015-07-31,1094.9000244140625,0.0059720689582851705,2.3015872353599167e-06,0.0,150.0,0.5472574284723163
2015-08-03,1089.4000244140625,-0.005023289686145849,2.5000000402094805e-06,0.0,150.0,0.554775066758432
2015-08-04,1090.699951171875,0.0011932501640172788,2.9761905944536585e-06,0.0,150.0,0.5244889662988945
2015-08-05,1085.699951171875,-0.004584212179186253,2.9761905944536585e-06,0.0,150.0,0.5319761202173869
2015-08-06,1090.199951171875,0.004144791565241279,1.1111111454074327e-06,0.0,150.0,0.49240129657877735
2015-08-07,1094.0999755859375,0.00357734781575636,2.182539670713361e-06,0.0,150.0,0.45481430475240436
2015-08-10,1104.199951171875,0.009231309579847524,2.5793649847545313e-06,0.0,150.0,0.3935137885579014
2015-08-11,1107.5999755859375,0.0030791745738207865,3.888888787182548e-06,0.0,150.0,0.3708041185832297
2015-08-12,1123.199951171875,0.014084485310398076,3.571428713344389e-06,0.0,150.0,0.3096149987127496
2015-08-13,1115.699951171875,-0.006677350717630426,3.2936506682918174e-06,0.0,150.0,0.22567985900792562
2015-08-14,1112.9000244140625,-0.0025095696695797143,3.1746031036452616e-06,0.0,150.0,0.3657606938799409
2015-08-17,1118.5999755859375,0.005121709989067469,2.3809523277339444e-06,0.0,150.0,0.3384746252707518
2015-08-18,1117.0999755859375,-0.0013409619459487931,3.3730159084948255e-06,0.0,150.0,0.22490993264308884
2015-08-19,1128.0999755859375,0.009846925289055175,1.5873015518226308e-06,0.0,150.0,0.20831428447618783
2015-08-20,1153.0,0.022072533421631624,5.952380819334841e-07,0.0,150.0,0.2406055214603311
2015-08-21,1159.5999755859375,0.005724176570631068,7.936507759113135e-07,0.0,150.0,0.25007922747610023
2015-08-24,1153.4000244140625,-0.005346629270789882,5.952380819334841e-07,0.0,150.0,0.20289222731580311
2015-08-25,1138.199951171875,-0.013178492214710347,2.103174578339333e-06,0.0,150.0,0.16672913615689114
2015-08-26,1124.5999755859375,-0.011948669978359416,2.182539670713361e-06,0.0,150.0,0.24051078496193054
2015-08-27,1122.4000244140625,-0.0019562077357584418,1.984127013692778e-06,0.0,150.0,0.3609451096140597
2015-08-28,1133.0999755859375,0.009533099553753921,1.984127013692778e-06,0.0,150.0,0.30163368983109673
2015-08-31,1131.5999755859375,-0.0013238019877498397,1.1904762008242064e-07,0.0,150.0,0.2908750659584039
2015-09-01,1138.699951171875,0.006274280434003243,1.5079364594485992e-06,0.0,150.0,0.26362662499304246
2015-09-02,1132.5,-0.00544476283282036,9.92063506846389e-07,0.0,150.0,0.20307521332475692
2015-09-03,1123.699951171875,-0.007770462541390688,5.952380819334841e-07,0.0,150.0,0.35473659077711756
2015-09-04,1120.5999755859375,-0.002758721830240063,9.92063506846389e-07,0.0,150.0,0.3607320946074086
2015-09-08,1120.4000244140625,-0.00017843224721691975,9.92063506846389e-07,0.0,150.0,0.35289106143436993
2015-09-09,1102.199951171875,-0.016244263518028434,1.3888888948020476e-06,0.0,150.0,0.4845252163416386
2015-09-10,1109.5,0.00662316199557389,5.952380819334841e-07,0.0,150.0,0.4387434268102534
2015-09-11,1103.5,-0.00540784136998651,9.126984144723571e-07,0.0,150.0,0.45862977461439364
2015-09-14,1107.699951171875,0.0038060273419799895,9.92063506846389e-07,0.0,150.0,0.40547706441507847
2015-09-15,1102.800048828125,-0.004423492425513098,2.3015872353599167e-06,0.0,150.0,0.4488938443351511
2015-09-16,1119.199951171875,0.014871147640206583,2.103174578339333e-06,0.0,150.0,0.33698574606345455
2015-09-17,1117.300048828125,-0.0016975539909206416,1.1904762008242064e-07,0.0,150.0,0.3713046914810118
2015-09-18,1138.0999755859375,0.018616240802663997,3.9682538795565474e-07,0.0,150.0,0.28184465855740237
2015-09-21,1133.0999755859375,-0.004393287151619352,5.158730265167024e-07,0.0,150.0,0.21831999112739597
2015-09-22,1125.0,-0.007148509187593022,1.1904762008242064e-07,0.0,150.0,0.26274312309242875
2015-09-23,1131.5999755859375,0.005866644965277779,1.1904762008242064e-07,0.0,150.0,0.2925390829856639
2015-09-24,1153.800048828125,0.01961830480836868,1.9841269397782539e-07,0.0,150.0,0.18170868062978257
2015-09-25,1146.0,-0.006760312444125116,7.936507759113135e-07,0.0,150.0,0.1670561036667073
2015-09-28,1132.0,-0.012216404886561949,5.158730265167024e-07,0.0,150.0,0.2291112660369987
2015-09-29,1127.0999755859375,-0.0043286434753202485,1.1904762008242064e-07,0.0,150.0,0.3683206606563396
2015-09-30,1115.5,-0.010291878127232756,1.9841269397782539e-07,0.0,150.0,0.43019536507536427
2015-10-01,1114.199951171875,-0.0011654404555132558,7.142856835372857e-07,0.0,150.0,0.44203945663730143
2015-10-02,1137.0999755859375,0.020552885853187375,3.17460332538873e-07,0.0,150.0,0.32119439282586776
2015-10-05,1138.0999755859375,0.0008794301481580558,3.17460332538873e-07,0.0,150.0,0.2023417050824487
2015-10-06,1146.800048828125,0.007644383998610005,1.9841269397782539e-07,0.0,150.0,0.17089473404784924
2015-10-07,1149.0,0.001918338924141949,1.9841269397782539e-07,0.0,150.0,0.1648022506572159
2015-10-08,1144.699951171875,-0.0037424271785247987,1.1904762008242064e-07,0.0,150.0,0.15549064511339425
2015-10-09,1156.300048828125,0.010133745218015022,1.1904762008242064e-07,0.0,150.0,0.14970159916150072
2015-10-12,1164.9000244140625,0.007437494787493337,3.9682538795565474e-07,0.0,150.0,0.15943076771141954
2015-10-13,1165.800048828125,0.0007726194481927351,1.9841269397782539e-07,0.0,150.0,0.15960152985308343
2015-10-14,1180.0999755859375,0.012266191592792408,3.9682538795565474e-07,0.0,150.0,0.1911233085272106
2015-10-15,1187.9000244140625,0.006609650868141248,1.9841269397782539e-07,0.0,150.0,0.2085719355483749
2015-10-16,1183.5999755859375,-0.003619874349481522,1.9841269397782539e-07,0.0,150.0,0.18535662863111302
2015-10-19,1173.300048828125,-0.008702202577111073,1.9841269397782539e-07,0.0,150.0,0.13606375751262675
2015-10-20,1178.0,0.004005753836428427,3.9682538795565474e-07,0.0,150.0,0.14789151937701578
2015-10-21,1167.5999755859375,-0.008828543645214348,1.9841269397782539e-07,0.0,150.0,0.12407341187743423
2015-10-22,1166.5999755859375,-0.0008564577088983061,1.9841269397782539e-07,0.0,150.0,0.1291347272641775
2015-10-23,1163.300048828125,-0.0028286703470528085,1.1904762008242064e-07,0.0,150.0,0.13695090170855012
2015-10-26,1167.0,0.003180564786877005,3.17460332538873e-07,0.0,150.0,0.1366852702368577
2015-10-27,1166.800048828125,-0.00017133776510280807,3.9682538795565474e-07,0.0,150.0,0.14199858568557028
2015-10-28,1177.0999755859375,0.00882749942302219,1.3888888948020476e-06,0.0,150.0,0.1429685831894071
2015-10-29,1147.199951171875,-0.025401431513222827,2.103174578339333e-06,0.0,150.0,0.21235592992091307
2015-10-30,1141.5,-0.0049685768954683684,2.698412845059044e-06,0.0,150.0,0.31366527729789356
2015-11-02,1135.800048828125,-0.004993386922360954,2.103174578339333e-06,0.0,150.0,0.33095531972861697
2015-11-03,1114.199951171875,-0.019017517809174378,2.3015872353599167e-06,0.0,150.0,0.48121332349816853
2015-11-04,1106.5,-0.006910744488703768,2.182539670713361e-06,0.0,150.0,0.5228497111907945
2015-11-05,1104.4000244140625,-0.0018978541219498712,1.5873015518226308e-06,0.0,150.0,0.5382591518710313
2015-11-06,1087.5999755859375,-0.01521192362979007,2.896825354250651e-06,0.0,150.0,0.5945598329935843
2015-11-09,1087.9000244140625,0.00027588160616076607,2.9761905944536585e-06,0.0,150.0,0.5994122819082922
2015-11-10,1088.199951171875,0.00027569330920274027,4.96031746031746e-06,0.0,150.0,0.5853272762397823
2015-11-11,1084.699951171875,-0.0032163206736325334,4.880952515772409e-06,0.0,150.0,0.5930475261512888
2015-11-12,1080.800048828125,-0.003595374314838584,4.880952515772409e-06,0.0,150.0,0.6014970657288589
2015-11-13,1080.800048828125,0.0,4.484126906073282e-06,0.0,150.0,0.6004184694729462
2015-11-16,1083.699951171875,0.0026831071546435936,3.888888787182548e-06,0.0,150.0,0.5944772501291202
2015-11-17,1068.699951171875,-0.013841469664900852,5.357143070016588e-06,0.0,150.0,0.629781215912468
2015-11-18,1068.800048828125,9.36630119054982e-05,4.880952515772409e-06,0.0,150.0,0.6168851260909752
2015-11-19,1078.0,0.008607738352895966,3.492063473141381e-06,0.0,150.0,0.5983787766224328
2015-11-20,1076.4000244140625,-0.001484207408105287,3.6904762779909446e-06,0.0,150.0,0.5989636951559296
2015-11-23,1066.800048828125,-0.008918594730767726,4.166666536577163e-06,0.0,150.0,0.6203544002305168
2015-11-24,1074.300048828125,0.007030370881814907,6.071428457895913e-06,0.0,150.0,0.6090520676080902
2015-11-25,1070.5,-0.003537232295828474,6.944444326181258e-06,0.0,150.0,0.5803843035401094
2015-11-27,1056.199951171875,-0.013358289423750613,6.3492062072905275e-06,0.0,150.0,0.6160064055584495
2015-11-30,1065.800048828125,0.009089280534049005,6.746031816989654e-06,0.0,150.0,0.5849907880098763
2015-12-01,1063.800048828125,-0.001876524590329165,8.055555323759714e-06,0.0,150.0,0.5881541332385921
2015-12-02,1054.199951171875,-0.009024344064305523,7.93650805477112e-06,0.0,150.0,0.6077625604504983
2015-12-03,1061.699951171875,0.007114399874201149,7.85714281456811e-06,0.0,150.0,0.5715710575155016
2015-12-04,1084.5,0.021475039914016225,8.134920563962722e-06,0.0,150.0,0.4733218283617048
2015-12-07,1076.4000244140625,-0.0074688571562355754,9.325396801744186e-06,0.0,150.0,0.4977706742077121
2015-12-08,1076.300048828125,-9.287958349124548e-05,1.0634920899830168e-05,0.0,150.0,0.469249735129068
2015-12-09,1077.5999755859375,0.0012077735750619656,9.722222411443313e-06,0.0,150.0,0.4554018023708466
2015-12-10,1073.0999755859375,-0.0041759466424943215,9.126984292552583e-06,0.0,150.0,0.4733851956619441
2015-12-11,1076.9000244140625,0.0035411880668900775,8.452380933458842e-06,0.0,150.0,0.42917298870673765
2015-12-14,1064.699951171875,-0.011328881944101976,7.85714281456811e-06,0.0,150.0,0.49660673302971103
2015-12-15,1062.9000244140625,-0.0016905483613777195,9.92063492063492e-06,0.0,150.0,0.50264985679193
2015-12-16,1078.0,0.014206393112335736,9.325396801744186e-06,0.0,150.0,0.41206984451228823
2015-12-17,1050.800048828125,-0.025231865651090035,8.452380933458842e-06,0.0,150.0,0.6028149273933314
2015-12-18,1066.199951171875,0.014655406954847683,6.944444326181258e-06,0.0,150.0,0.5292376295942978
2015-12-21,1081.9000244140625,0.014725261640587517,6.071428457895913e-06,0.0,150.0,0.42425869903634195
2015-12-22,1074.800048828125,-0.006562506170367022,7.658730305376503e-06,0.0,150.0,0.46671601761753373
2015-12-23,1069.4000244140625,-0.0050242130338106206,7.5396824450719925e-06,0.0,150.0,0.5122012138937159
2015-12-24,1077.199951171875,0.007293740957305728,7.261904695677376e-06,0.0,150.0,0.44293440535367407
2015-12-28,1070.5,-0.0062197841399697085,7.5396824450719925e-06,0.0,150.0,0.4966574160064717
2015-12-29,1077.5,0.006539000467071565,8.531746173661852e-06,0.0,150.0,0.48858379864426577
2015-12-30,1060.0999755859375,-0.01614851453741295,7.738094954263595e-06,0.0,150.0,0.5938539131927396
2015-12-31,1060.300048828125,0.00018873054126511413,5.87301594870431e-06,0.0,150.0,0.5749455934441143
2016-01-04,1075.0999755859375,0.013958243965158657,6.150793698098924e-06,0.0,150.0,0.014179371782369938
2016-01-05,1078.4000244140625,0.0030695273956511393,8.134920563962722e-06,0.0,150.0,0.013454198588357322
2016-01-06,1091.9000244140625,0.012518545710656026,8.134920563962722e-06,0.0,150.0,0.012382428989483463
2016-01-07,1107.699951171875,0.01447012217651622,7.5396824450719925e-06,0.0,150.0,0.01394103328826543
2016-01-08,1097.800048828125,-0.00893735016714281,7.5396824450719925e-06,0.0,150.0,0.005631387091050245
2016-01-11,1096.5,-0.001184230980416534,6.944444326181258e-06,0.0,150.0,0.012264142355534456
2016-01-12,1085.5999755859375,-0.00994074273968304,8.333333073154326e-06,0.0,150.0,0.012996730727341584
2016-01-13,1087.5,0.0017502067582830794,8.531746173661852e-06,0.0,150.0,0.012523461504137226
2016-01-14,1073.9000244140625,-0.012505724676724173,9.523809310935788e-06,0.0,150.0,0.015334005614901258
2016-01-15,1091.5,0.016388839916025022,8.849206543157968e-06,0.0,150.0,0.01231125068315161
2016-01-19,1089.9000244140625,-0.0014658502848717836,9.126984292552583e-06,0.0,150.0,0.011928582174017795
2016-01-20,1107.0999755859375,0.015781219182118944,1.0039682189623515e-05,0.0,150.0,0.01226587970890486
2016-01-21,1099.0999755859375,-0.0072260863304292045,1.0833333409021768e-05,0.0,150.0,0.005605221271401666
2016-01-22,1097.199951171875,-0.0017287093588093105,1.1428570936596582e-05,0.0,150.0,0.012207571074951986
2016-01-25,1106.199951171875,0.008202698141198006,1.0912698649224782e-05,0.0,150.0,0.012123003125159706
2016-01-26,1121.699951171875,0.014011933361215423,1.190476237781464e-05,0.0,150.0,0.009596587526344905
2016-01-27,1116.0999755859375,-0.004992400668366814,1.190476237781464e-05,0.0,150.0,0.007849612446240313
2016-01-28,1115.5999755859375,-0.0004479885412931317,1.2619047174378047e-05,0.0,150.0,0.008148971961084973
2016-01-29,1116.4000244140625,0.0007171466884487998,1.190476237781464e-05,0.0,150.0,0.007857414422577178
2016-02-01,1127.9000244140625,0.010300967169931452,1.1706348685991194e-05,0.0,150.0,0.010954485848078595
2016-02-02,1127.300048828125,-0.0005319403962680269,1.3095238615596102e-05,0.0,150.0,0.010728951604614177
2016-02-03,1141.300048828125,0.012419053839795025,1.3214285884584698e-05,0.0,150.0,0.017456756724667614
2016-02-04,1157.5999755859375,0.014281894383995741,1.1230158427404976e-05,0.0,150.0,0.03009228719185217
2016-02-05,1157.800048828125,0.00017283452523075837,1.1031745918213372e-05,0.0,150.0,0.027762983617016044
2016-02-08,1197.9000244140625,0.03463462937881623,1.0317459939018125e-05,0.0,150.0,0.08463472115899778
2016-02-09,1198.699951171875,0.0006677742228144989,1.190476237781464e-05,0.0,150.0,0.07877103292844481
2016-02-10,1194.699951171875,-0.0033369484966521146,1.1825397137611633e-05,0.0,150.0,0.05728764101632993
2016-02-11,1247.9000244140625,0.044530070659167365,1.0833333409021768e-05,0.0,150.0,0.16821191505199434
2016-02-12,1239.0999755859375,-0.007051886093404791,1.0714286140033176e-05,0.0,150.0,0.08360016953095843
2016-02-16,1207.9000244140625,-0.025179526903889582,1.0833333409021768e-05,0.0,150.0,0.015568342847821602
2016-02-17,1211.0999755859375,0.002649185451773839,1.1626984628420029e-05,0.0,150.0,0.016370949662093896
2016-02-18,1226.0999755859375,0.012385434978431809,1.1428570936596582e-05,0.0,150.0,0.021853735278063356
2016-02-19,1230.4000244140625,0.003507094783253839,1.1230158427404976e-05,0.0,150.0,0.022709218057199852
2016-02-22,1209.5,-0.016986365409099702,1.1626984628420029e-05,0.0,150.0,0.010317537047743085
2016-02-23,1222.300048828125,0.010582925860376236,1.2619047174378047e-05,0.0,150.0,0.014115410807208057
2016-02-24,1238.699951171875,0.013417247556746226,1.2499999905389453e-05,0.0,150.0,0.018962025912623588
2016-02-25,1238.199951171875,-0.00040364900275247084,1.2301587396197849e-05,0.0,150.0,0.01669981459156604
2016-02-26,1219.800048828125,-0.014860202769621855,1.2023809646803233e-05,0.0,150.0,0.00832442155278851
2016-02-29,1233.9000244140625,0.011559251534285053,1.2222222155994837e-05,0.0,150.0,0.011778914819970556
2016-03-01,1230.300048828125,-0.0029175585660977665,1.2698412414581055e-05,0.0,150.0,0.00930250114025947
2016-03-02,1241.0999755859375,0.00877828686433002,1.2023809646803233e-05,0.0,150.0,0.012502087445882019
2016-03-03,1257.4000244140625,0.013133550196413157,1.0436508390638564e-05,0.0,150.0,0.01876217935960806
2016-03-04,1269.9000244140625,0.009941148208443051,1.0515872448209729e-05,0.0,150.0,0.02428348464762489
2016-03-07,1263.199951171875,-0.005276063558845023,1.0515872448209729e-05,0.0,150.0,0.01764617358310211
2016-03-08,1262.0999755859375,-0.0008707850130275085,1.2103174887006245e-05,0.0,150.0,0.015864656648068593
2016-03-09,1256.5999755859375,-0.004357816422147165,1.1428570936596582e-05,0.0,150.0,0.012796412729045642
2016-03-10,1272.0,0.012255311724705065,1.2023809646803233e-05,0.0,150.0,0.019720922389326583
2016-03-11,1258.699951171875,-0.010456013229658057,1.2222222155994837e-05,0.0,150.0,0.01125288693888169
2016-03-14,1244.4000244140625,-0.011360870193487305,1.2222222155994837e-05,0.0,150.0,0.007337277999964285
2016-03-15,1230.4000244140625,-0.011250401579341096,1.2896824923772657e-05,0.0,150.0,0.006040809203252321
2016-03-16,1229.300048828125,-0.0008939983453440936,1.190476237781464e-05,0.0,150.0,0.01395030093920995
2016-03-17,1264.5,0.028634141197204643,1.0912698649224782e-05,0.0,150.0,0.021875470296747145
2016-03-18,1253.800048828125,-0.00846180401097274,1.1111111158416386e-05,0.0,150.0,0.008280485150750801
2016-03-21,1243.800048828125,-0.007975753398116847,1.1428570936596582e-05,0.0,150.0,0.007898550390906867
2016-03-22,1248.199951171875,0.0035374675759947127,1.1706348685991194e-05,0.0,150.0,0.007880673773796264
2016-03-23,1223.699951171875,-0.019628265469004536,1.1626984628420029e-05,0.0,150.0,0.007518438436051501
2016-03-24,1221.4000244140625,-0.0018794858622083188,1.0912698649224782e-05,0.0,150.0,0.013121789597736829
2016-03-28,1219.9000244140625,-0.0012280988783504032,1.0119047429826525e-05,0.0,150.0,0.012363539738624047
2016-03-29,1235.5999755859375,0.012869867085555597,8.92857119204506e-06,0.0,150.0,0.020659841213740295
2016-03-30,1226.9000244140625,-0.007041074250385471,7.3412699358803885e-06,0.0,150.0,0.0037508446171160706
2016-03-31,1234.199951171875,0.005949895356224033,7.658730305376503e-06,0.0,150.0,0.012192402526392766
2016-04-01,1222.199951171875,-0.009722897808094988,8.650793442650444e-06,0.0,150.0,0.0036961182845741394
2016-04-04,1218.0,-0.0034363863031151576,7.261904695677376e-06,0.0,150.0,0.010610737109875586
2016-04-05,1228.4000244140625,0.00853860789331895,8.650793442650444e-06,0.0,150.0,0.010946868743160452
2016-04-06,1222.5,-0.004803015546077316,8.730158682853456e-06,0.0,150.0,0.010633630065426131
2016-04-07,1236.199951171875,0.011206504026073594,8.730158682853456e-06,0.0,150.0,0.012142609175158692
2016-04-08,1242.5,0.00509630244051773,8.650793442650444e-06,0.0,150.0,0.005511280289774217
2016-04-11,1256.699951171875,0.01142853213028161,8.333333073154326e-06,0.0,150.0,0.009741803325955823
2016-04-12,1259.4000244140625,0.00214854248993146,9.126984292552583e-06,0.0,150.0,0.010923091079883668
2016-04-13,1246.800048828125,-0.010004744593997916,8.849206543157968e-06,0.0,150.0,0.005705829051908869
2016-04-14,1225.0,-0.01748479946613335,8.531746173661852e-06,0.0,150.0,0.003572818429038371
2016-04-15,1233.0999755859375,0.006612224968112201,8.333333073154326e-06,0.0,150.0,0.010864642868898136
2016-04-18,1233.5999755859375,0.00040548212626667635,7.85714281456811e-06,0.0,150.0,0.010674395439885707
2016-04-19,1253.0,0.015726349544428198,8.531746173661852e-06,0.0,150.0,0.014277098770194003
2016-04-20,1253.199951171875,0.0001595779504190986,8.650793442650444e-06,0.0,150.0,0.00549811747081288
2016-04-21,1249.0,-0.0033513815316922324,8.92857119204506e-06,0.0,150.0,0.004315541338165834
2016-04-22,1228.699951171875,-0.016253041495696507,8.92857119204506e-06,0.0,150.0,0.003596938621911977
2016-04-25,1238.9000244140625,0.008301516763681072,9.444444662048701e-06,0.0,150.0,0.010701954896347518
2016-04-26,1242.199951171875,0.002663594069564512,9.722222411443313e-06,0.0,150.0,0.011242890317300264
2016-04-27,1249.199951171875,0.005635163641245056,9.722222411443313e-06,0.0,150.0,0.00392139301755121
2016-04-28,1265.5,0.01304839054214968,8.333333073154326e-06,0.0,150.0,0.00748226835981669
2016-04-29,1289.199951171875,0.018727736998715994,7.658730305376503e-06,0.0,150.0,0.016582608491945483
2016-05-02,1294.699951171875,0.004266211765677319,7.3412699358803885e-06,0.0,150.0,0.01713728561675476
2016-05-03,1290.699951171875,-0.0030895189239633636,8.055555323759714e-06,0.0,150.0,0.013326756727513796
2016-05-04,1273.300048828125,-0.013480981639421241,7.85714281456811e-06,0.0,150.0,0.005197782328159701
2016-05-05,1271.4000244140625,-0.0014922047759372559,7.261904695677376e-06,0.0,150.0,0.005622059769082079
2016-05-06,1292.9000244140625,0.016910492045891345,7.142857426688782e-06,0.0,150.0,0.009959802454749887
2016-05-09,1265.5999755859375,-0.021115359511650778,8.055555323759714e-06,0.0,150.0,0.004189848954503014
2016-05-10,1263.9000244140625,-0.001343197854510092,9.642857171240305e-06,0.0,150.0,0.011672114080769036
2016-05-11,1274.5999755859375,0.008465820844362648,9.841269680431907e-06,0.0,150.0,0.012941454135293866
2016-05-12,1270.300048828125,-0.003373550007982562,1.0238094698815117e-05,0.0,150.0,0.0036649043123126897
2016-05-13,1271.9000244140625,0.0012595257218273037,1.0238094698815117e-05,0.0,150.0,0.003593418654168925
2016-05-16,1273.4000244140625,0.0011793379756328548,1.0238094698815117e-05,0.0,150.0,0.0044246252034549505
2016-05-17,1276.199951171875,0.0021987801979985733,1.0634920899830168e-05,0.0,150.0,0.004682742177029126
2016-05-18,1273.699951171875,-0.001958940679871013,1.0714286140033176e-05,0.0,150.0,0.004158938224181509
2016-05-19,1254.199951171875,-0.015309728152269275,1.150793617679959e-05,0.0,150.0,0.003715513947589077
2016-05-20,1252.4000244140625,-0.0014351194609206752,1.1825397137611633e-05,0.0,150.0,0.009783023638478513
2016-05-23,1251.0999755859375,-0.0010380459939173248,1.2420634665186441e-05,0.0,150.0,0.009306068363678206
2016-05-24,1228.9000244140625,-0.017744346259361055,1.3611110902967905e-05,0.0,150.0,0.010504756933070087
2016-05-25,1223.5,-0.004394193430533266,1.2499999905389453e-05,0.0,150.0,0.010350822625897108
2016-05-26,1220.0999755859375,-0.002778932908919063,1.0912698649224782e-05,0.0,150.0,0.01343341078030758
2016-05-27,1213.800048828125,-0.005163451261268159,1.1825397137611633e-05,0.0,150.0,0.014353128936624174
2016-05-31,1214.800048828125,0.0008238589222051562,1.1230158427404976e-05,0.0,150.0,0.012382741502702802
2016-06-01,1211.9000244140625,-0.0023872442356748236,1.1706348685991194e-05,0.0,150.0,0.01246195598788025
2016-06-02,1209.800048828125,-0.0017327960587778524,1.0714286140033176e-05,0.0,150.0,0.012943795804062382
2016-06-03,1240.0999755859375,0.025045400508259652,1.0714286140033176e-05,0.0,150.0,0.01016463105610104
2016-06-06,1244.5999755859375,0.0036287396892122903,9.92063492063492e-06,0.0,150.0,0.010685898408400457
2016-06-07,1244.4000244140625,-0.00016065497010864238,1.0515872448209729e-05,0.0,150.0,0.003935435986081134
2016-06-08,1259.800048828125,0.012375461356418427,9.325396801744186e-06,0.0,150.0,0.006805742333139583
2016-06-09,1270.199951171875,0.008255200778428451,9.523809310935788e-06,0.0,150.0,0.010892641973480366
2016-06-10,1273.4000244140625,0.002519346059834948,9.523809310935788e-06,0.0,150.0,0.011997315339508067
2016-06-13,1284.4000244140625,0.008638291023326694,9.722222411443313e-06,0.0,150.0,0.01751651276551714
2016-06-14,1285.5999755859375,0.0009342503496310162,1.0436508390638564e-05,0.0,150.0,0.017724782767922984
2016-06-15,1285.800048828125,0.00015562635811061654,1.0119047429826525e-05,0.0,150.0,0.016590679096054856
2016-06-16,1296.0999755859375,0.008010519806092686,9.722222411443313e-06,0.0,150.0,0.021908791604097966
2016-06-17,1292.5,-0.0027775446753712796,9.841269680431907e-06,0.0,150.0,0.01803096056695488
2016-06-20,1290.0,-0.0019342359767892114,9.841269680431907e-06,0.0,150.0,0.017561286903925076
2016-06-21,1270.5,-0.015116279069767424,1.0515872448209729e-05,0.0,150.0,0.00487535752361686
2016-06-22,1268.0,-0.001967729240456517,1.0634920899830168e-05,0.0,150.0,0.005604557763122772
2016-06-23,1261.199951171875,-0.005362814533221627,1.0912698649224782e-05,0.0,150.0,0.005498544355964173
2016-06-24,1320.0,0.0466223050306096,9.444444662048701e-06,0.0,150.0,0.03149471921448856
2016-06-27,1322.5,0.0018939393939394478,9.325396801744186e-06,0.0,150.0,0.01928312450701851
2016-06-28,1315.300048828125,-0.005444197483459368,1.0317459939018125e-05,0.0,150.0,0.01379663382680884
2016-06-29,1323.9000244140625,0.0065384134924952875,1.0119047429826525e-05,0.0,150.0,0.017807862835712254
2016-06-30,1318.4000244140625,-0.004154392249093086,9.841269680431907e-06,0.0,150.0,0.01360269961523175
2016-07-01,1336.699951171875,0.013880405354168346,9.642857171240305e-06,0.0,150.0,0.022675293621741005
2016-07-05,1356.4000244140625,0.014737842419247915,9.444444662048701e-06,0.0,150.0,0.037623306383684774
2016-07-06,1364.9000244140625,0.006266587914337318,1.0436508390638564e-05,0.0,150.0,0.04164652291102832
2016-07-07,1360.0999755859375,-0.00351677686443419,1.0714286140033176e-05,0.0,150.0,0.03222938169250284
2016-07-08,1356.5999755859375,-0.002573340241765809,1.0833333409021768e-05,0.0,150.0,0.027724699861829488
2016-07-11,1355.0,-0.0011794011607927368,1.0912698649224782e-05,0.0,150.0,0.024461509632405513
2016-07-12,1334.0999755859375,-0.015424372261300778,1.1706348685991194e-05,0.0,150.0,0.0083052065593479
2016-07-13,1342.4000244140625,0.0062214593958593856,1.1825397137611633e-05,0.0,150.0,0.010435508559765794
2016-07-14,1331.300048828125,-0.008268754010774426,1.2023809646803233e-05,0.0,150.0,0.0079916706429393
2016-07-15,1326.5,-0.0036055349298230732,1.1825397137611633e-05,0.0,150.0,0.007556589197523122
2016-07-18,1328.4000244140625,0.0014323591511966605,1.1428570936596582e-05,0.0,150.0,0.007885752229228871
2016-07-19,1331.5,0.0023336160260196692,1.2301587396197849e-05,0.0,150.0,0.008587872159148448
2016-07-20,1318.800048828125,-0.009538078236481451,1.2499999905389453e-05,0.0,150.0,0.0071889386069412045
2016-07-21,1330.5,0.008871664193727868,1.2023809646803233e-05,0.0,150.0,0.007925114722462058
2016-07-22,1323.0999755859375,-0.005561837214627996,1.2023809646803233e-05,0.0,150.0,0.007326101629322225
2016-07-25,1319.300048828125,-0.002871987625976402,1.1825397137611633e-05,0.0,150.0,0.008269920888958893
2016-07-26,1320.699951171875,0.0010610947411042737,1.2222222155994837e-05,0.0,150.0,0.010060631554479728
2016-07-27,1326.5999755859375,0.00446734658302006,1.1230158427404976e-05,0.0,150.0,0.012633948651810726
2016-07-28,1332.300048828125,0.00429675361607762,8.730158682853456e-06,0.0,150.0,0.01165207342229044
2016-07-29,1349.0,0.012534677294776086,9.523809310935788e-06,0.0,150.0,0.017274729480953953
2016-08-01,1351.4000244140625,0.0017791137242864075,9.444444662048701e-06,0.0,150.0,0.01912218088502867
2016-08-02,1364.4000244140625,0.00961965351868077,1.1111111158416386e-05,0.0,150.0,0.02730774742767633
2016-08-03,1356.0999755859375,-0.006083295719442328,1.0634920899830168e-05,0.0,150.0,0.01794196845804134
2016-08-04,1358.800048828125,0.001991057658577766,9.841269680431907e-06,0.0,150.0,0.020383972758424667
2016-08-05,1336.4000244140625,-0.016485151316693702,9.92063492063492e-06,0.0,150.0,0.008108306542046606
2016-08-08,1333.4000244140625,-0.0022448368341771996,9.92063492063492e-06,0.0,150.0,0.008811549299083362
2016-08-09,1339.0,0.004199771623971893,1.1626984628420029e-05,0.0,150.0,0.01083057885686506
2016-08-10,1344.300048828125,0.003958214210698197,1.0833333409021768e-05,0.0,150.0,0.0092531967772899
2016-08-11,1342.5,-0.0013390231070021796,1.0912698649224782e-05,0.0,150.0,0.009410707962488218
2016-08-12,1335.800048828125,-0.004990652641992499,1.0436508390638564e-05,0.0,150.0,0.008616248424341885
2016-08-15,1340.300048828125,0.0033687676564675417,1.0912698649224782e-05,0.0,150.0,0.009932989756654203
2016-08-16,1350.5,0.007610199806224793,1.1428570936596582e-05,0.0,150.0,0.011946460527967806
2016-08-17,1342.699951171875,-0.0057756748079415,1.1428570936596582e-05,0.0,150.0,0.010432471797033875
2016-08-18,1351.199951171875,0.006330528270729108,1.130952366760799e-05,0.0,150.0,0.01183204752101749
2016-08-19,1340.4000244140625,-0.007992841287809305,1.1626984628420029e-05,0.0,150.0,0.009116649584086227
2016-08-22,1337.699951171875,-0.002014378687711371,1.1111111158416386e-05,0.0,150.0,0.01038007927242386
2016-08-23,1340.5999755859375,0.002167918456991824,1.2103174887006245e-05,0.0,150.0,0.012213095498297251
2016-08-24,1324.4000244140625,-0.012084105226687347,1.2103174887006245e-05,0.0,150.0,0.008745748276522749
2016-08-25,1320.0999755859375,-0.003246790055011828,1.2103174887006245e-05,0.0,150.0,0.02435140192917237
2016-08-26,1321.5,0.0010605442314632896,1.2103174887006245e-05,0.0,150.0,0.02425402238362585
2016-08-29,1322.9000244140625,0.0010594206689840124,1.2103174887006245e-05,0.0,150.0,0.025026474278742404
2016-08-30,1311.699951171875,-0.008466303602306047,1.2896824923772657e-05,0.0,150.0,0.022419520175799443
2016-08-31,1306.9000244140625,-0.003659317630929415,1.2698412414581055e-05,0.0,150.0,0.022347091124933303
2016-09-01,1312.199951171875,0.004055342152272656,1.2499999905389453e-05,0.0,150.0,0.022117356191439605
2016-09-02,1322.0999755859375,0.007544600504840071,1.2023809646803233e-05,0.0,150.0,0.02281920007731431
2016-09-06,1349.4000244140625,0.02064900486517751,1.2023809646803233e-05,0.0,150.0,0.014540279290618777
2016-09-07,1344.300048828125,-0.0037794393757715206,1.3095238615596102e-05,0.0,150.0,0.01182111841274753
2016-09-08,1336.800048828125,-0.00557911160275415,1.3214285884584698e-05,0.0,150.0,0.010042048452255417
2016-09-09,1330.0999755859375,-0.005012023487028561,1.3214285884584698e-05,0.0,150.0,0.009938741617438393
2016-09-12,1321.0,-0.006841572628349835,1.388888865236252e-05,0.0,150.0,0.01030793228773536
2016-09-13,1319.0,-0.0015140045420136694,1.3690476143170916e-05,0.0,150.0,0.022030559750945495
2016-09-14,1321.5,0.0018953752843062777,1.2499999905389453e-05,0.0,150.0,0.022097235111096906
2016-09-15,1313.5,-0.006053726825577033,1.1031745918213372e-05,0.0,150.0,0.01130350672679181
2016-09-16,1305.800048828125,-0.005862163054339509,1.0833333409021768e-05,0.0,150.0,0.0227870342365038
2016-09-19,1313.5,0.005896730650902571,9.444444662048701e-06,0.0,150.0,0.022280719349519022
2016-09-20,1313.699951171875,0.00015222776693946116,1.1428570936596582e-05,0.0,150.0,0.0228536909180744
2016-09-21,1326.9000244140625,0.010048012280439389,8.849206543157968e-06,0.0,150.0,0.011885073443005446
2016-09-22,1340.4000244140625,0.010174089796977315,6.3492062072905275e-06,0.0,150.0,0.015081304329718477
2016-09-23,1337.199951171875,-0.0023874016591325375,6.547619307798051e-06,0.0,150.0,0.0146669486356941
2016-09-26,1339.699951171875,0.0018695782914208703,6.86507908597825e-06,0.0,150.0,0.016372759933883388
2016-09-27,1325.9000244140625,-0.010300759319832209,1.0119047429826525e-05,0.0,150.0,0.010066653471196516
2016-09-28,1319.4000244140625,-0.0049023304022280945,1.0436508390638564e-05,0.0,150.0,0.010400888617212617
2016-09-29,1321.699951171875,0.0017431610696185817,9.325396801744186e-06,0.0,150.0,0.010930237761879836
2016-09-30,1313.300048828125,-0.006355377660642536,1.0317459939018125e-05,0.0,150.0,0.011365703048406834
2016-10-03,1309.0,-0.003274231834501151,1.1428570936596582e-05,0.0,150.0,0.016564951871740483
2016-10-04,1266.300048828125,-0.03262028355376245,1.2499999905389453e-05,0.0,150.0,0.01769008477293907
2016-10-05,1265.199951171875,-0.000868749596328322,1.2420634665186441e-05,0.0,150.0,0.016563991896401863
2016-10-06,1249.800048828125,-0.012171911901740162,1.2301587396197849e-05,0.0,150.0,0.0206015335080946
2016-10-07,1248.9000244140625,-0.0007201347246756917,1.2301587396197849e-05,0.0,150.0,0.020866785993972053
2016-10-11,1253.0,0.0032828693296416134,1.2698412414581055e-05,0.0,150.0,0.020338755305286345
2016-10-12,1251.0999755859375,-0.001516380218725022,1.3492063633979314e-05,0.0,150.0,0.021717752914263096
2016-10-13,1255.0,0.003117276388912016,1.0912698649224782e-05,0.0,150.0,0.021998796785355608
2016-10-14,1253.0999755859375,-0.0015139636765437725,1.150793617679959e-05,0.0,150.0,0.017913755781740034
2016-10-17,1254.4000244140625,0.001037466166669665,1.1706348685991194e-05,0.0,150.0,0.013784815534938918
2016-10-18,1260.800048828125,0.0051020601797675535,1.3214285884584698e-05,0.0,150.0,0.014551761035922978
2016-10-19,1267.9000244140625,0.005631325595630177,1.2817460866201492e-05,0.0,150.0,0.012238916507202692
2016-10-20,1265.5999755859375,-0.0018140616640400786,1.2698412414581055e-05,0.0,150.0,0.01461746837517236
2016-10-21,1265.9000244140625,0.00023708030492497478,1.2499999905389453e-05,0.0,150.0,0.013627152207312003
2016-10-24,1262.0,-0.0030808312969798912,1.2420634665186441e-05,0.0,150.0,0.01619637850088842
2016-10-25,1271.9000244140625,0.007844710312252312,1.2896824923772657e-05,0.0,150.0,0.012976644872271499
2016-10-26,1264.800048828125,-0.005582180556375382,1.2420634665186441e-05,0.0,150.0,0.015556227257736423
2016-10-27,1267.9000244140625,0.0024509609948304423,1.0912698649224782e-05,0.0,150.0,0.017930964495959364
2016-10-28,1275.5,0.005994144206637797,1.0833333409021768e-05,0.0,150.0,0.01606841368246346
2016-10-31,1271.5,-0.0031360250882006557,1.1706348685991194e-05,0.0,150.0,0.018602800483979436
2016-11-01,1286.4000244140625,0.011718461985106066,1.3690476143170916e-05,0.0,150.0,0.01803990881656053
2016-11-02,1306.800048828125,0.015858227632850497,1.3690476143170916e-05,0.0,150.0,0.01771494226788521
2016-11-03,1302.0999755859375,-0.003596627690978682,1.420634961317456e-05,0.0,150.0,0.013306481099833433
2016-11-04,1303.300048828125,0.0009216444702315751,1.420634961317456e-05,0.0,150.0,0.013144907836524474
2016-11-07,1278.300048828125,-0.019182075549278865,1.547618990852719e-05,0.0,150.0,0.006432577375211794
2016-11-08,1273.4000244140625,-0.00383323494241794,1.6666666146308656e-05,0.0,150.0,0.01029150262560367
2016-11-09,1272.5999755859375,-0.0006282776918377087,1.6587302088737487e-05,0.0,150.0,0.011899936639470449
2016-11-10,1265.5,-0.005579110264141374,1.817460334490216e-05,0.0,150.0,0.012741440307744644
2016-11-14,1221.199951171875,-0.03500596509531806,1.9960318292890277e-05,0.0,150.0,0.020446804005575088
2016-11-15,1224.0,0.0022928668032111688,1.9365079582683625e-05,0.0,150.0,0.017694219542179288
2016-11-16,1223.4000244140625,-0.000490176132301845,1.7976190835710555e-05,0.0,150.0,0.01790995173927212
2016-11-17,1216.5,-0.005640039460819257,1.6666666146308656e-05,0.0,150.0,0.019669510512438666
2016-11-18,1208.5,-0.006576243321002928,1.6587302088737487e-05,0.0,150.0,0.021507138511157216
2016-11-21,1209.5999755859375,0.0009101990781443803,1.6666666146308656e-05,0.0,150.0,0.01923474764377433
2016-11-22,1211.0,0.0011574276143517803,1.884920611267998e-05,0.0,150.0,0.015678949549443266
2016-11-23,1189.0999755859375,-0.018084248071067344,1.9246032313695026e-05,0.0,150.0,0.022604453365716388
2016-11-25,1178.199951171875,-0.0091666173054048,1.9047618621871583e-05,0.0,150.0,0.025955498956937457
2016-11-28,1190.5999755859375,0.010524550100115881,1.785714238409012e-05,0.0,150.0,0.02988333112856033
2016-11-29,1187.9000244140625,-0.002267723187669546,1.8571428363285367e-05,0.0,150.0,0.021363682922081285
2016-11-30,1170.800048828125,-0.014395130258855082,1.8571428363285367e-05,0.0,150.0,0.025680093845157594
2016-12-01,1166.9000244140625,-0.0033310764019578443,1.817460334490216e-05,0.0,150.0,0.025253183868300944
2016-12-02,1175.0999755859375,0.007027124004040042,1.8055556075913563e-05,0.0,150.0,0.020545599950072314
2016-12-05,1174.0,-0.0009360697887760283,1.7976190835710555e-05,0.0,150.0,0.01980746180753819
2016-12-06,1167.5999755859375,-0.005451468836509821,1.9246032313695026e-05,0.0,150.0,0.021764304776096928
2016-12-07,1175.0,0.00633780795545924,1.9365079582683625e-05,0.0,150.0,0.018311692746587498
2016-12-08,1169.800048828125,-0.004425490359042605,1.944444482288663e-05,0.0,150.0,0.020171785179864402
2016-12-09,1159.4000244140625,-0.008890429116053644,2.0634919878036257e-05,0.0,150.0,0.022981942230181136
2016-12-12,1163.5,0.0035362907534950416,1.984126984126984e-05,0.0,150.0,0.019637863674076265
2016-12-13,1156.699951171875,-0.0058444768613020726,2.0753968329656692e-05,0.0,150.0,0.0216710694861517
2016-12-14,1161.300048828125,0.003976915233366851,2.0753968329656692e-05,0.0,150.0,0.018916874621144053
2016-12-15,1127.800048828125,-0.02884698061780422,1.9365079582683625e-05,0.0,150.0,0.029184516297896083
2016-12-16,1135.300048828125,0.0066501149807478566,1.9246032313695026e-05,0.0,150.0,0.024577141916369134
2016-12-19,1140.5,0.004580243942773121,1.8968253381668574e-05,0.0,150.0,0.021306694651624696
2016-12-20,1131.5,-0.007891275756247262,2.0357143311273484e-05,0.0,150.0,0.023190808795410148
2016-12-21,1131.0999755859375,-0.0003535346125165262,1.9960318292890277e-05,0.0,150.0,0.022393955927661087
2016-12-22,1128.800048828125,-0.0020333540866899202,1.9563492091875226e-05,0.0,150.0,0.022756118630062147
2016-12-23,1131.9000244140625,0.002746257487458381,1.984126984126984e-05,0.0,150.0,0.020743409996013887
2016-12-27,1137.300048828125,0.004770760930814522,1.9642857332078237e-05,0.0,150.0,0.018908266607491255
2016-12-28,1139.4000244140625,0.0018464569557534727,1.9642857332078237e-05,0.0,150.0,0.018584161182889046
2016-12-29,1156.4000244140625,0.014920133083850207,1.746031736570691e-05,0.0,150.0,0.015387906847885598
2016-12-30,1150.0,-0.005534438151975407,1.9047618621871583e-05,0.0,150.0,0.016778608163986627
2017-01-03,1160.4000244140625,0.009043499490489104,1.884920611267998e-05,0.0,150.0,0.002472094654925226
2017-01-04,1163.800048828125,0.0029300451073148714,2.055555582046509e-05,0.0,150.0,0.0023535518138143906
2017-01-05,1179.699951171875,0.013662056776643228,2.015873080208188e-05,0.0,150.0,0.0027426348579073522
2017-01-06,1171.9000244140625,-0.006611788658687612,1.9960318292890277e-05,0.0,150.0,0.002126186428103356
2017-01-09,1183.5,0.009898434460514194,1.9246032313695026e-05,0.0,150.0,0.0024650580500089475
2017-01-10,1184.199951171875,0.0005914247333123068,1.9960318292890277e-05,0.0,150.0,0.0023965241519763422
2017-01-11,1195.5999755859375,0.009626773251241172,1.976190460106683e-05,0.0,150.0,0.0033944713912981276
2017-01-12,1198.9000244140625,0.002760161337831857,1.9960318292890277e-05,0.0,150.0,0.003603388637808479
2017-01-13,1195.300048828125,-0.003002732098280614,2.0357143311273484e-05,0.0,150.0,0.003236801418737973
2017-01-17,1212.0,0.013971346515251781,2.0357143311273484e-05,0.0,150.0,0.005774832871804418
2017-01-18,1211.300048828125,-0.0005775174685437312,2.0436507368844653e-05,0.0,150.0,0.005486632983205178
2017-01-19,1200.9000244140625,-0.008585836700100824,1.9960318292890277e-05,0.0,150.0,0.0025878986326709477
2017-01-20,1204.300048828125,0.0028312301981352483,1.9047618621871583e-05,0.0,150.0,0.0023362210836255066
2017-01-23,1215.0,0.008884788456404058,1.876984087247697e-05,0.0,150.0,0.003936828771066
2017-01-24,1210.300048828125,-0.003868272569444442,1.9563492091875226e-05,0.0,150.0,0.002704547285587791
2017-01-25,1197.300048828125,-0.010741138127348893,1.916666707349202e-05,0.0,150.0,0.0012136475016729304
2017-01-26,1189.5,-0.006514698496637883,1.9365079582683625e-05,0.0,150.0,0.001421921557008646
2017-01-27,1188.0999755859375,-0.001176985636034078,1.976190460106683e-05,0.0,150.0,0.0016511270612308208
2017-01-30,1193.199951171875,0.00429254750503838,1.9642857332078237e-05,0.0,150.0,0.001574582928648766
2017-01-31,1208.5999755859375,0.012906490985804764,1.984126984126984e-05,0.0,150.0,0.0018805059476297789
2017-02-01,1205.5999755859375,-0.0024822108725806036,1.984126984126984e-05,0.0,150.0,0.0019177929954767182
2017-02-02,1216.699951171875,0.009207013777967843,1.9365079582683625e-05,0.0,150.0,0.0027382159237906165
2017-02-03,1218.5,0.0014794517139506969,1.9365079582683625e-05,0.0,150.0,0.0032729103484844977
2017-02-06,1230.0,0.009437833401723328,1.9960318292890277e-05,0.0,150.0,0.005049773121738173
2017-02-07,1234.199951171875,0.003414594448678754,2.083333238722786e-05,0.0,150.0,0.006017652893658851
2017-02-08,1237.5999755859375,0.0027548408269131297,2.083333238722786e-05,0.0,150.0,0.0066069728315419725
2017-02-09,1235.0999755859375,-0.002020038824593895,2.0952380838848296e-05,0.0,150.0,0.005781753453917217
2017-02-10,1234.4000244140625,-0.0005667162057411135,2.0753968329656692e-05,0.0,150.0,0.0064607285877231945
2017-02-13,1224.4000244140625,-0.008101101589613746,2.0753968329656692e-05,0.0,150.0,0.0031871035159042214
2017-02-14,1223.9000244140625,-0.0004083632718312469,2.123015977087475e-05,0.0,150.0,0.0030769953926876874
2017-02-15,1231.699951171875,0.006373009724831569,2.0634919878036257e-05,0.0,150.0,0.0042453966376076934
2017-02-16,1240.0,0.00673869380300629,2.015873080208188e-05,0.0,150.0,0.005943966045603047
2017-02-17,1237.5999755859375,-0.0019355035597278247,2.015873080208188e-05,0.0,150.0,0.005447905608664076
2017-02-21,1237.5,-8.078182604209783e-05,2.0039682350461445e-05,0.0,150.0,0.00661008642443908
2017-02-22,1232.0,-0.004444444444444473,2.023809485965305e-05,0.0,150.0,0.0046743739615271885
2017-02-23,1250.199951171875,0.014772687639508897,1.976190460106683e-05,0.0,150.0,0.00768972022821839
2017-02-24,1256.9000244140625,0.005359201330880969,1.976190460106683e-05,0.0,150.0,0.009691505357409414
2017-02-27,1257.4000244140625,0.00039780411352374756,1.944444482288663e-05,0.0,150.0,0.009749550262090758
2017-02-28,1252.5999755859375,-0.003817439744652318,2.0753968329656692e-05,0.0,150.0,0.007485517148523076
2017-03-01,1248.9000244140625,-0.002953817055715846,2.4404762283204094e-05,0.0,150.0,0.0077199107631157424
2017-03-02,1231.9000244140625,-0.013611978275023029,2.5595237338353714e-05,0.0,150.0,0.0030831037212802168
2017-03-03,1225.5,-0.005195246600556369,2.710317571957906e-05,0.0,150.0,0.0029627669072154602
2017-03-06,1224.5,-0.00081599347205219,2.7976189813916644e-05,0.0,150.0,0.002967448316494278
2017-03-07,1215.0999755859375,-0.0076766226329624265,2.916666723432995e-05,0.0,150.0,0.003464322070708317
2017-03-08,1208.5,-0.0054316317328167996,2.809523826553708e-05,0.0,150.0,0.004015014198253105
2017-03-09,1202.4000244140625,-0.005047559442232119,2.8293650774728687e-05,0.0,150.0,0.004943036547171919
2017-03-10,1200.699951171875,-0.0014138998733104202,2.8769842215946745e-05,0.0,150.0,0.004775116950295144
2017-03-13,1202.4000244140625,0.001415901816709697,2.88888883023035e-05,0.0,150.0,0.005125814180353501
2017-03-14,1201.9000244140625,-0.00041583498823005716,2.9880953213525197e-05,0.0,150.0,0.004995784682268609
2017-03-15,1200.0999755859375,-0.0014976693498300886,2.8373014832299852e-05,0.0,150.0,0.005822273884184296
2017-03-16,1226.5,0.021998187610305475,2.809523826553708e-05,0.0,150.0,0.004678844402933399
2017-03-17,1229.800048828125,0.002690622770586959,2.809523826553708e-05,0.0,150.0,0.004681114543547354
2017-03-20,1233.5999755859375,0.00308987364363289,2.8174602323108248e-05,0.0,150.0,0.004918121809487447
2017-03-21,1246.0999755859375,0.010132944428815183,2.9880953213525197e-05,0.0,150.0,0.006790234960703625
2017-03-22,1249.300048828125,0.002568071025507157,2.9682540704333593e-05,0.0,150.0,0.00778535471664929
2017-03-23,1246.9000244140625,-0.0019210952695581929,2.9682540704333593e-05,0.0,150.0,0.007521642028569693
2017-03-24,1248.199951171875,0.001042526852482295,2.9682540704333593e-05,0.0,150.0,0.008477772512725837
2017-03-27,1255.4000244140625,0.005768365265058417,3.00793657227168e-05,0.0,150.0,0.00998960028210685
2017-03-28,1255.300048828125,-7.963643778341467e-05,3.0674603250291616e-05,0.0,150.0,0.009711187661640844
2017-03-29,1253.4000244140625,-0.0015136018004908713,2.9960317271096366e-05,0.0,150.0,0.009719137269732784
2017-03-30,1245.0,-0.0067017905301137715,3.00793657227168e-05,0.0,150.0,0.005826885585995113
2017-03-31,1247.300048828125,0.0018474287776104603,2.9285713320686706e-05,0.0,150.0,0.006715091958581601
2017-04-03,1250.800048828125,0.0028060609821096705,2.9365079743521554e-05,0.0,150.0,0.0078000252417552065
2017-04-04,1255.0,0.0033578118067791873,3.0952379817054386e-05,0.0,150.0,0.00831777040480768
2017-04-05,1245.4000244140625,-0.007649382937002014,3.0952379817054386e-05,0.0,150.0,0.005275804025910157
2017-04-06,1250.300048828125,0.003934498408547871,3.1269840777866425e-05,0.0,150.0,0.005783184453505472
2017-04-07,1254.300048828125,0.0031992320593356993,3.166666579624963e-05,0.0,150.0,0.006553524567570037
2017-04-10,1251.0999755859375,-0.0025512820837225725,3.1269840777866425e-05,0.0,150.0,0.0065766072461647535
2017-04-11,1271.199951171875,0.01606584284083601,3.174603221908449e-05,0.0,150.0,0.009387949165122724
2017-04-12,1275.300048828125,0.0032253758761320306,3.146825328705803e-05,0.0,150.0,0.010556959286739047
2017-04-13,1285.9000244140625,0.008311750317643085,3.134920720070128e-05,0.0,150.0,0.013842636194409496
2017-04-17,1289.4000244140625,0.0027218290174579884,3.134920720070128e-05,0.0,150.0,0.01500649961440972
2017-04-18,1291.699951171875,0.0017837185623272855,3.194444472827609e-05,0.0,150.0,0.016036028436713753
2017-04-19,1281.4000244140625,-0.007973931367317943,3.115079469150967e-05,0.0,150.0,0.007687096272057943
2017-04-20,1281.9000244140625,0.00039019821326169435,3.055555479867118e-05,0.0,150.0,0.008664942624419318
2017-04-21,1287.4000244140625,0.0042905061980273995,3.0277778231908405e-05,0.0,150.0,0.010598748106542358
2017-04-24,1275.800048828125,-0.009010389440700095,3.055555479867118e-05,0.0,150.0,0.007814703444605582
2017-04-25,1265.5999755859375,-0.00799504064258083,3.206349317989652e-05,0.0,150.0,0.005946928002085594
2017-04-26,1262.0999755859375,-0.002765486779011339,3.186507830544124e-05,0.0,150.0,0.005361201935838249
2017-04-27,1263.699951171875,0.0012677090697150728,3.115079469150967e-05,0.0,150.0,0.005461930098936113
2017-04-28,1266.0999755859375,0.0018992043260244174,3.0952379817054386e-05,0.0,150.0,0.005798326155213172
2017-05-01,1253.300048828125,-0.010109728303160925,3.115079469150967e-05,0.0,150.0,0.004856513446103606
2017-05-02,1255.0999755859375,0.0014361499143764611,3.3452380744237744e-05,0.0,150.0,0.004920521142056312
2017-05-03,1246.4000244140625,-0.0069316798192219364,3.365079325342935e-05,0.0,150.0,0.005074162785656843
2017-05-04,1226.5,-0.015966001303167165,3.3928572185455806e-05,0.0,150.0,0.005116172274525647
2017-05-05,1224.800048828125,-0.0013860180773542785,3.444444329019577e-05,0.0,150.0,0.005455600602710956
2017-05-08,1225.300048828125,0.0004082298988135058,3.4523809713030615e-05,0.0,150.0,0.005616837112143891
2017-05-09,1214.300048828125,-0.008977392933690265,3.531745974979704e-05,0.0,150.0,0.0070033741768261255
2017-05-10,1217.300048828125,0.002470559070548717,3.472222222222222e-05,0.0,150.0,0.00722724660774118
2017-05-11,1222.699951171875,0.004435966587652995,3.412698469464741e-05,0.0,150.0,0.005041986744029434
2017-05-12,1226.199951171875,0.002862517493883443,3.3928572185455806e-05,0.0,150.0,0.005527748049528743
2017-05-15,1228.5999755859375,0.001957286339612674,3.424603078100416e-05,0.0,150.0,0.005860115831985887
2017-05-16,1235.0,0.005209201156796572,3.531745974979704e-05,0.0,150.0,0.005050281932910128
2017-05-17,1257.5,0.018218623481781382,3.472222222222222e-05,0.0,150.0,0.005007029827730507
2017-05-18,1251.699951171875,-0.004612364873260444,3.543650820141747e-05,0.0,150.0,0.004572713359202779
2017-05-19,1252.699951171875,0.0007989135088355415,3.523809569222586e-05,0.0,150.0,0.0048538051936838494
2017-05-22,1260.699951171875,0.006386206044405318,3.4841270673842654e-05,0.0,150.0,0.005333823428778491
2017-05-23,1254.800048828125,-0.004679862435360449,3.6230158238183885e-05,0.0,150.0,0.004817004053659882
2017-05-24,1252.4000244140625,-0.001912674785360391,3.5912697277371846e-05,0.0,150.0,0.005138976269670879
2017-05-25,1255.800048828125,0.002714807048692869,3.6031745728992285e-05,0.0,150.0,0.006130188897625629
2017-05-26,1267.5999755859375,0.009396342012268466,3.6111112151827125e-05,0.0,150.0,0.0073705848080961416
2017-05-30,1262.0999755859375,-0.004338908256492857,3.6111112151827125e-05,0.0,150.0,0.006659454855516957
2017-05-31,1272.0,0.007844088903865343,3.769841222535996e-05,0.0,150.0,0.007501993787177446
2017-06-01,1267.0,-0.0039308176100628645,3.7619048167788795e-05,0.0,150.0,0.006569885531318392
2017-06-02,1276.800048828125,0.007734845168212212,3.7817460676980396e-05,0.0,150.0,0.008113927568187386
2017-06-05,1279.300048828125,0.001958019975245584,3.7619048167788795e-05,0.0,150.0,0.0087979351591144
2017-06-06,1294.4000244140625,0.011803310411634405,3.8015873186172e-05,0.0,150.0,0.01286778004168089
2017-06-07,1290.0999755859375,-0.0033220401321233384,3.8611110713746805e-05,0.0,150.0,0.010659133478638918
2017-06-08,1276.300048828125,-0.010696788635737198,3.8611110713746805e-05,0.0,150.0,0.005185759266885632
2017-06-09,1268.5,-0.006111453835081271,3.8888889645773273e-05,0.0,150.0,0.00468946950837568
2017-06-12,1266.0999755859375,-0.0018920176697378999,3.8611110713746805e-05,0.0,150.0,0.004990490793411013
2017-06-13,1265.800048828125,-0.000236890264272982,3.900793573213001e-05,0.0,150.0,0.00552612965436467
2017-06-14,1272.800048828125,0.005530099328468596,3.900793573213001e-05,0.0,150.0,0.006073804815762802
2017-06-15,1252.199951171875,-0.016184865545233573,3.940476075051322e-05,0.0,150.0,0.003744016727583956
2017-06-16,1254.0,0.001437509102631962,3.908730215496487e-05,0.0,150.0,0.0037706309755935587
2017-06-19,1244.199951171875,-0.007815030963417069,3.908730215496487e-05,0.0,150.0,0.004075582428665082
2017-06-20,1241.0,-0.002571894629043392,3.940476075051322e-05,0.0,150.0,0.00446139464206134
2017-06-21,1243.4000244140625,0.0019339439275281034,3.8412698204555204e-05,0.0,150.0,0.004214506412878066
2017-06-22,1247.5999755859375,0.0033777956324667624,3.702381064021399e-05,0.0,150.0,0.004210016940377531
2017-06-23,1256.199951171875,0.0068932155772916115,3.702381064021399e-05,0.0,150.0,0.004267145256153583
2017-06-26,1246.300048828125,-0.00788083324992539,3.702381064021399e-05,0.0,150.0,0.004533619914641089
2017-06-27,1246.4000244140625,8.02179106320633e-05,3.9285714664156475e-05,0.0,150.0,0.005283543287619783
2017-06-28,1248.0,0.0012836774346900448,3.908730215496487e-05,0.0,150.0,0.0062913027655420685
2017-06-29,1244.199951171875,-0.0030449109199719437,3.980158813416012e-05,0.0,150.0,0.006349034436256832
2017-06-30,1240.699951171875,-0.002813052674293548,3.940476075051322e-05,0.0,150.0,0.006805318041195274
2017-07-03,1217.9000244140625,-0.018376664508028218,3.968253968253968e-05,0.0,150.0,0.007359453078373636
2017-07-05,1220.4000244140625,0.0020527136463461826,4.04761897193061e-05,0.0,150.0,0.006621341347319773
2017-07-06,1222.199951171875,0.0014748662092798348,4.000000064335172e-05,0.0,150.0,0.0073092974074576746
2017-07-07,1208.5999755859375,-0.0111274555140487,4.000000064335172e-05,0.0,150.0,0.0091769576449728
2017-07-10,1212.0999755859375,0.00289591268467726,4.019841315254333e-05,0.0,150.0,0.006457820708952665
2017-07-11,1213.5999755859375,0.0012375216815549983,4.099206318930975e-05,0.0,150.0,0.0053479001515773705
2017-07-12,1218.0999755859375,0.0037079763435454716,4.059523817092654e-05,0.0,150.0,0.005487327851849882
2017-07-13,1216.300048828125,-0.0014776510909514373,4.019841315254333e-05,0.0,150.0,0.006667629443136381
2017-07-14,1226.5999755859375,0.008468244959569216,4.000000064335172e-05,0.0,150.0,0.004834590626160506
2017-07-17,1232.800048828125,0.005054682345991157,4.04761897193061e-05,0.0,150.0,0.004279150678413282
2017-07-18,1241.0999755859375,0.006732581464206078,4.12698397560725e-05,0.0,150.0,0.004205283390677898
2017-07-19,1241.199951171875,8.055401490958403e-05,4.3055557069324325e-05,0.0,150.0,0.004516617808687657
2017-07-20,1244.800048828125,0.002900497742407193,4.4166668066902766e-05,0.0,150.0,0.00528904765285932
2017-07-21,1254.300048828125,0.00763174777261888,4.515873061286078e-05,0.0,150.0,0.006820176143574331
2017-07-24,1253.9000244140625,-0.00031892242564790507,4.5634919688815166e-05,0.0,150.0,0.006145121521011092
2017-07-25,1251.699951171875,-0.0017545842566001335,4.535714312205238e-05,0.0,150.0,0.006185366275992803
2017-07-26,1249.0,-0.0021570274644072684,4.345238208770752e-05,0.0,150.0,0.006748511577034185
2017-07-27,1259.5999755859375,0.008486769884657797,4.277777577203418e-05,0.0,150.0,0.007871005950523667
2017-07-28,1268.4000244140625,0.0069863837715871124,4.1785713226076154e-05,0.0,150.0,0.010045189177074473
2017-07-31,1266.5999755859375,-0.0014191491591594163,4.1785713226076154e-05,0.0,150.0,0.009126668213011275
2017-08-01,1272.5999755859375,0.004737091517173164,4.198412573526776e-05,0.0,150.0,0.011123944111921892
2017-08-02,1271.800048828125,-0.0006285767508711348,4.166666477445572e-05,0.0,150.0,0.011829410271620145
2017-08-03,1267.800048828125,-0.003145148487520233,4.198412573526776e-05,0.0,150.0,0.010859132412784177
2017-08-04,1258.300048828125,-0.00749329518387476,4.1785713226076154e-05,0.0,150.0,0.007030887151644489
2017-08-07,1258.199951171875,-7.954991048697568e-05,4.099206318930975e-05,0.0,150.0,0.007776771653226653
2017-08-08,1256.4000244140625,-0.0014305570081576402,4.0873014737689306e-05,0.0,150.0,0.007806839788845971
2017-08-09,1273.0,0.013212333065401705,4.06746022284977e-05,0.0,150.0,0.009374656148836924
2017-08-10,1283.699951171875,0.008405303355754068,4.039682566173493e-05,0.0,150.0,0.011796496798663183
2017-08-11,1287.699951171875,0.003115992951739477,4.019841315254333e-05,0.0,150.0,0.01299756496297956
2017-08-14,1284.199951171875,-0.002718024487626036,3.980158813416012e-05,0.0,150.0,0.011504351180993402
2017-08-15,1273.699951171875,-0.008176296837901553,4.000000064335172e-05,0.0,150.0,0.007239370577540905
2017-08-16,1276.9000244140625,0.0025124231489868087,3.908730215496487e-05,0.0,150.0,0.007780981608158322
2017-08-17,1286.4000244140625,0.007439893349801885,3.880952322293841e-05,0.0,150.0,0.009046822737070189
2017-08-18,1285.699951171875,-0.0005442111543074724,3.920634824132162e-05,0.0,150.0,0.008835467491890292
2017-08-21,1290.800048828125,0.003966786847585668,3.829364975293477e-05,0.0,150.0,0.01042733016857872
2017-08-22,1285.0999755859375,-0.004415922704188335,3.9484127173348075e-05,0.0,150.0,0.008831839272356385
2017-08-23,1288.9000244140625,0.002957006381073546,3.8888889645773273e-05,0.0,150.0,0.009979236498655527
2017-08-24,1286.5,-0.001862071819847766,3.9603175624968514e-05,0.0,150.0,0.010017630249666523
2017-08-25,1292.5,0.004663816556548683,3.9484127173348075e-05,0.0,150.0,0.011875076303217071
2017-08-28,1309.699951171875,0.013307505742263137,3.988095219173128e-05,0.0,150.0,0.01689802818572356
2017-08-29,1313.0999755859375,0.002596033092175265,4.007936470092289e-05,0.0,150.0,0.01687369151044121
2017-08-30,1308.0999755859375,-0.003807783179471058,3.9603175624968514e-05,0.0,150.0,0.013217291315017317
2017-08-31,1316.199951171875,0.006192168593466496,3.880952322293841e-05,0.0,150.0,0.015874718564315334
2017-09-01,1324.5,0.006306069849596252,3.908730215496487e-05,0.0,150.0,0.019189702701522548
2017-09-05,1339.199951171875,0.011098490880992795,3.900793573213001e-05,0.0,150.0,0.027288040436298157
2017-09-06,1333.9000244140625,-0.003957532072170977,4.119047569850135e-05,0.0,150.0,0.018659597804904223
2017-09-07,1345.0999755859375,0.008396394757391734,4.059523817092654e-05,0.0,150.0,0.02364301218183611
2017-09-08,1346.0,0.0006691133970695429,4.04761897193061e-05,0.0,150.0,0.022994947374263212
2017-09-11,1331.0,-0.011144130757800852,4.04761897193061e-05,0.0,150.0,0.00969233905405303
2017-09-12,1328.0,-0.002253944402704766,4.039682566173493e-05,0.0,150.0,0.010353366533118072
2017-09-13,1323.4000244140625,-0.0034638370376035565,4.039682566173493e-05,0.0,150.0,0.009839600284179847
2017-09-14,1324.699951171875,0.0009822629090459056,4.079365068011814e-05,0.0,150.0,0.01019089217470109
2017-09-15,1320.4000244140625,-0.003245962796336377,4.007936470092289e-05,0.0,150.0,0.00983889689965991
2017-09-18,1306.300048828125,-0.010678563560459264,3.968253968253968e-05,0.0,150.0,0.007156903768539333
2017-09-19,1306.199951171875,-7.662684873954717e-05,4.039682566173493e-05,0.0,150.0,0.007318517068769211
2017-09-20,1312.0,0.004440398901348397,4.04761897193061e-05,0.0,150.0,0.0077283524560220855
2017-09-21,1290.5999755859375,-0.01631099421803539,4.000000064335172e-05,0.0,150.0,0.005432286378840568
2017-09-22,1293.300048828125,0.0020921069992749786,3.980158813416012e-05,0.0,150.0,0.005417049978623729
2017-09-25,1306.800048828125,0.010438412967070265,3.9603175624968514e-05,0.0,150.0,0.004844617297021025
2017-09-26,1297.0,-0.0074992718564046434,4.1388888207692946e-05,0.0,150.0,0.005047226193306658
2017-09-27,1283.4000244140625,-0.010485717491085178,4.119047569850135e-05,0.0,150.0,0.005124196603780246
2017-09-28,1285.5,0.0016362595807930536,4.0873014737689306e-05,0.0,150.0,0.00477656993143539
2017-09-29,1281.5,-0.003111629716063824,4.079365068011814e-05,0.0,150.0,0.0053489156263945995
2017-10-02,1272.699951171875,-0.00686699089202103,4.019841315254333e-05,0.0,150.0,0.00579974010010274
2017-10-03,1271.5,-0.0009428390177670387,4.107142724688091e-05,0.0,150.0,0.0057193853055204445
2017-10-04,1273.699951171875,0.0017302014721785053,4.1388888207692946e-05,0.0,150.0,0.0056364729323041905
2017-10-05,1269.9000244140625,-0.0029833767005458256,4.1388888207692946e-05,0.0,150.0,0.006233758544552749
2017-10-06,1271.5999755859375,0.0013386496095701972,4.1388888207692946e-05,0.0,150.0,0.005778834858513616
2017-10-09,1281.800048828125,0.008021448126787956,4.1468252265264115e-05,0.0,150.0,0.005329481885912657
2017-10-10,1290.5999755859375,0.00686528820611132,4.186507728364732e-05,0.0,150.0,0.005537488881932402
2017-10-11,1285.800048828125,-0.003719143691780502,4.238095075365097e-05,0.0,150.0,0.005725582724010628
2017-10-12,1293.300048828125,0.005832944248863159,4.1785713226076154e-05,0.0,150.0,0.006076602267327353
2017-10-13,1301.5,0.006340331603099436,4.166666477445572e-05,0.0,150.0,0.007084358865660289
2017-10-16,1299.9000244140625,-0.00122933199073183,4.186507728364732e-05,0.0,150.0,0.00746484842098181
2017-10-17,1283.0,-0.013001018614243298,4.257936326284257e-05,0.0,150.0,0.004632278332941747
2017-10-18,1279.9000244140625,-0.0024161929742303467,4.238095075365097e-05,0.0,150.0,0.004964555663893257
2017-10-19,1286.9000244140625,0.005469177175150497,4.2261907032557895e-05,0.0,150.0,0.005179869978214869
2017-10-20,1277.4000244140625,-0.007382080829725246,4.26587320509411e-05,0.0,150.0,0.005001519410345038
2017-10-23,1277.699951171875,0.00023479470180065576,4.24603195417495e-05,0.0,150.0,0.005243379718072411
2017-10-24,1275.0,-0.0021131339712415764,4.357143053932795e-05,0.0,150.0,0.005715265618752043
2017-10-25,1275.4000244140625,0.0003137446384804399,4.297618828122578e-05,0.0,150.0,0.006416087609158759
2017-10-26,1266.300048828125,-0.00713499718656363,4.285714456013271e-05,0.0,150.0,0.00620068996716995
2017-10-27,1268.5,0.0017373063942554001,4.257936326284257e-05,0.0,150.0,0.006679081174392032
2017-10-30,1274.0999755859375,0.004414643741377677,4.26587320509411e-05,0.0,150.0,0.007289097623230839
2017-10-31,1267.0,-0.005572541968437261,4.456349308528596e-05,0.0,150.0,0.0066855527071732175
2017-11-01,1274.0999755859375,0.005603769207527698,4.515873061286078e-05,0.0,150.0,0.006921607928858677
2017-11-02,1274.9000244140625,0.0006279325354803245,4.515873061286078e-05,0.0,150.0,0.007148179734865813
2017-11-03,1266.5,-0.0065887710825977,4.555555563124399e-05,0.0,150.0,0.006895432488372524
2017-11-06,1279.4000244140625,0.010185570007155587,4.595238064962721e-05,0.0,150.0,0.007176030337201472
2017-11-07,1273.699951171875,-0.004455270543548773,4.714285570477683e-05,0.0,150.0,0.007122029057401911
2017-11-08,1281.5999755859375,0.006202421855158402,4.7420637002066956e-05,0.0,150.0,0.007544357279607902
2017-11-09,1285.5999755859375,0.0031210986861724965,4.773809323235164e-05,0.0,150.0,0.008477542031027227
2017-11-10,1272.4000244140625,-0.010267541554563886,4.7619049511258563e-05,0.0,150.0,0.005917629541562158
2017-11-13,1277.300048828125,0.003851009368157632,4.702380725315639e-05,0.0,150.0,0.006648930332563336
2017-11-14,1281.5,0.003288147664073371,4.9206349584791395e-05,0.0,150.0,0.007762433771603256
2017-11-15,1276.5,-0.003901677721420249,4.880952456640819e-05,0.0,150.0,0.0068783374177560875
2017-11-16,1277.4000244140625,0.0007050720047492298,4.880952456640819e-05,0.0,150.0,0.006749489459643925
2017-11-17,1295.800048828125,0.014404277487392703,4.9206349584791395e-05,0.0,150.0,0.008104940647731788
2017-11-20,1274.5999755859375,-0.016360605373768933,4.9206349584791395e-05,0.0,150.0,0.00424982042164042
2017-11-21,1281.0999755859375,0.0050996392001434465,5.071428560075306e-05,0.0,150.0,0.004227113224035997
2017-11-22,1291.5999755859375,0.008196081648661036,5.019841213074941e-05,0.0,150.0,0.0047923006830651255
2017-11-24,1286.699951171875,-0.003793763167144415,4.9206349584791395e-05,0.0,150.0,0.004755118088609175
2017-11-27,1293.800048828125,0.005518067867946508,4.853174799964541e-05,0.0,150.0,0.005069344936569963
2017-11-28,1294.699951171875,0.0006955497834191249,5.019841213074941e-05,0.0,150.0,0.005321667467337913
2017-11-29,1282.0999755859375,-0.009731965753557725,4.992063556398664e-05,0.0,150.0,0.004430162751972304
2017-11-30,1273.199951171875,-0.00694175538845565,4.9126985527220226e-05,0.0,150.0,0.004698756505902414
2017-12-01,1278.800048828125,0.004398443191185875,4.900793707559979e-05,0.0,150.0,0.004609826682996568
2017-12-04,1274.300048828125,-0.0035189238568795744,4.9404762093982996e-05,0.0,150.0,0.004862288773058679
2017-12-05,1261.5999755859375,-0.009966313078200728,5.091269810994467e-05,0.0,150.0,0.005238485418453811
2017-12-06,1262.800048828125,0.0009512311869142032,5.011904807317824e-05,0.0,150.0,0.005434124232816113
2017-12-07,1249.800048828125,-0.010294583067259166,4.999999962155781e-05,0.0,150.0,0.006061067694335453
2017-12-08,1245.199951171875,-0.0036806668879260096,4.9722223054795035e-05,0.0,150.0,0.006355183960937412
2017-12-11,1243.699951171875,-0.0012046258101667817,5.011904807317824e-05,0.0,150.0,0.006472556580808713
2017-12-12,1238.5,-0.004181033509710552,5.1984124713473844e-05,0.0,150.0,0.00715484296434175
2017-12-13,1245.4000244140625,0.005571275263675846,5.051587309156145e-05,0.0,150.0,0.006323613286820089
2017-12-14,1253.800048828125,0.0067448404122318895,5.091269810994467e-05,0.0,150.0,0.005660545693595244
2017-12-15,1254.300048828125,0.00039878766990586456,5.099206216751583e-05,0.0,150.0,0.006288093399766247
2017-12-18,1262.199951171875,0.006298255629608507,5.2182541953192816e-05,0.0,150.0,0.005527445248561575
2017-12-19,1260.699951171875,-0.001188401250219795,5.369047796915448e-05,0.0,150.0,0.006123279667392996
2017-12-20,1266.0999755859375,0.004283354186730204,5.357142951753405e-05,0.0,150.0,0.006089120897899762
2017-12-21,1267.300048828125,0.0009478503003936822,5.238095446238442e-05,0.0,150.0,0.006544577642482332
2017-12-22,1275.4000244140625,0.006391521560681346,5.1507935637519474e-05,0.0,150.0,0.00755206741412966
2017-12-26,1284.0999755859375,0.006821350952907368,5.1706348146711075e-05,0.0,150.0,0.009395045306575561
2017-12-27,1287.0,0.0022584101465614737,5.587301557026213e-05,0.0,150.0,0.010917132795186139
2017-12-28,1294.0999755859375,0.005516686546960026,5.4365079554300456e-05,0.0,150.0,0.013437285403312953
2017-12-29,1306.300048828125,0.009427458057607696,5.376984202672565e-05,0.0,150.0,0.01797106758953619
2018-01-02,1313.699951171875,0.005664779964134947,5.46825405151125e-05,0.0,5.0,0.2392442055364432
2018-01-03,1316.199951171875,0.0019030220696665268,5.4365079554300456e-05,0.0,5.0,0.23672807305623716
2018-01-04,1319.4000244140625,0.002431297189563253,5.4365079554300456e-05,0.0,5.0,0.23298000342992684
2018-01-05,1320.300048828125,0.0006821467313995466,5.4365079554300456e-05,0.0,5.0,0.2315351730675121
2018-01-08,1318.5999755859375,-0.0012876415809394137,5.4761904572683664e-05,0.0,5.0,0.22073387639294442
2018-01-09,1311.699951171875,-0.005232841302758584,5.615079213702489e-05,0.0,5.0,0.17794180347923913
2018-01-10,1317.4000244140625,0.004345561831495814,5.535714210025848e-05,0.0,5.0,0.18040727941092563
2018-01-11,1320.5999755859375,0.0024289897620870526,5.567460306107052e-05,0.0,5.0,0.1968494816107439
2018-01-12,1333.4000244140625,0.00969260113945225,5.595237962783329e-05,0.0,5.0,0.22279648554138104
2018-01-16,1335.4000244140625,0.001499924976286815,5.535714210025848e-05,0.0,5.0,0.23260859589680524
2018-01-17,1338.0,0.0019469638598204053,5.615079213702489e-05,0.0,5.0,0.2441984098792436
2018-01-18,1326.0,-0.008968609865470878,5.575396711864169e-05,0.0,5.0,0.1582260909675474
2018-01-19,1331.9000244140625,0.004449490508342757,5.567460306107052e-05,0.0,5.0,0.1612342661566985
2018-01-22,1330.9000244140625,-0.000750807103888973,5.515872959106687e-05,0.0,5.0,0.17795103013126187
2018-01-23,1335.699951171875,0.0036065269139398115,5.607142807945373e-05,0.0,5.0,0.165315399082974
2018-01-24,1355.9000244140625,0.015123211784551671,5.595237962783329e-05,0.0,5.0,0.19931217417667277
2018-01-25,1362.4000244140625,0.0047938637679492135,5.527777804268731e-05,0.0,5.0,0.2135499130365731
2018-01-26,1351.5999755859375,-0.007927223014231655,5.507936553349571e-05,0.0,5.0,0.15553144327539115
2018-01-30,1335.4000244140625,-0.011985758704125549,5.65476171554081e-05,0.0,5.0,0.14093197305201594
2018-01-31,1339.0,0.0026958031452164466,5.6746029664599704e-05,0.0,5.0,0.13575754167859605
2018-02-01,1344.300048828125,0.003958214210698197,5.765872815298656e-05,0.0,5.0,0.1321645668004898
2018-02-02,1333.699951171875,-0.007885217043241521,5.753968443189349e-05,0.0,5.0,0.15131219130606766
2018-02-05,1333.0,-0.0005248190728807112,5.785714066217816e-05,0.0,5.0,0.15763109113165097
2018-02-06,1326.0999755859375,-0.005176312388644022,5.904762044785515e-05,0.0,5.0,0.1884626549041991
2018-02-07,1311.5999755859375,-0.010934318880138072,6.011904705138434e-05,0.0,5.0,0.27828096983045647
2018-02-08,1316.9000244140625,0.0040409034208446215,6.011904705138434e-05,0.0,5.0,0.22108374408554113
2018-02-09,1313.0999755859375,-0.0028856016080763824,6.051587206976755e-05,0.0,5.0,0.2541196509947812
2018-02-12,1324.199951171875,0.008453260065734547,6.0912697088150755e-05,0.0,5.0,0.17116182713075556
2018-02-13,1328.0999755859375,0.002945192990387202,6.230158938301934e-05,0.0,5.0,0.14645446087480876
2018-02-14,1355.5,0.02063099534504098,6.150793461572556e-05,0.0,5.0,0.13088758574315856
2018-02-15,1352.0999755859375,-0.0025083175315843143,6.190475963410877e-05,0.0,5.0,0.12609562733192314
2018-02-16,1353.199951171875,0.0008135312519776949,6.230158938301934e-05,0.0,5.0,0.13042828727197917
2018-02-20,1328.800048828125,-0.018031261619999017,6.24206331041124e-05,0.0,5.0,0.1930917912818413
2018-02-21,1330.0,0.0009030336602811051,6.380952539898101e-05,0.0,5.0,0.16263653589635826
2018-02-22,1330.5999755859375,0.0004511094631109991,6.369047694736057e-05,0.0,5.0,0.14638017610406498
2018-02-23,1328.199951171875,-0.001803715961294583,6.369047694736057e-05,0.0,5.0,0.16061544926489987
2018-02-26,1330.699951171875,0.0018822467187973313,6.380952539898101e-05,0.0,5.0,0.17347276800830677
2018-02-27,1315.5,-0.011422523280690933,6.488095200251019e-05,0.0,5.0,0.2872061753458701
2018-02-28,1315.5,0.0,6.420635041736421e-05,0.0,5.0,0.30865741954556863
2018-03-01,1302.9000244140625,-0.00957808862480991,6.309523941978576e-05,0.0,5.0,0.4026965266868629
2018-03-02,1321.0999755859375,0.013968801006093878,6.369047694736057e-05,0.0,5.0,0.25552419411550875
2018-03-05,1318.0999755859375,-0.00227083495226732,6.448412698412699e-05,0.0,5.0,0.3040291540415125
2018-03-06,1333.5999755859375,0.01175935079818946,6.519841296332222e-05,0.0,5.0,0.17015418465585266
2018-03-07,1326.0,-0.005698842025396944,6.547618953008501e-05,0.0,5.0,0.24409753096280953
2018-03-08,1319.9000244140625,-0.004600283247313319,6.488095200251019e-05,0.0,5.0,0.30133300784403066
2018-03-09,1322.4000244140625,0.0018940828500324525,6.488095200251019e-05,0.0,5.0,0.2195196805311555
2018-03-12,1319.4000244140625,-0.0022686024989519993,6.519841296332222e-05,0.0,5.0,0.22558899585883785
2018-03-13,1325.9000244140625,0.004926481642962388,6.70634943341452e-05,0.0,5.0,0.15394398409000962
2018-03-14,1324.4000244140625,-0.0011313070158988081,6.817460533172366e-05,0.0,5.0,0.1470334740550481
2018-03-15,1316.800048828125,-0.0057384290590751785,6.876984285929846e-05,0.0,5.0,0.18392302410627062
2018-03-16,1311.300048828125,-0.004176792068693147,6.896825536849007e-05,0.0,5.0,0.20798066331344114
2018-03-19,1316.800048828125,0.004194310832913661,6.857143035010686e-05,0.0,5.0,0.18159353855111598
2018-03-20,1311.0999755859375,-0.004328731037988809,6.976190540525649e-05,0.0,5.0,0.20409746804215972
2018-03-21,1320.699951171875,0.007322077465257593,6.785714437091161e-05,0.0,5.0,0.15580985458825977
2018-03-22,1326.5999755859375,0.00446734658302006,6.678571303685506e-05,0.0,5.0,0.13999945727357385
2018-03-23,1349.300048828125,0.017111468159164644,6.698412554604667e-05,0.0,5.0,0.1508730634806802
2018-03-26,1354.4000244140625,0.0037797194110877896,6.765873186172e-05,0.0,5.0,0.17044001046190826
2018-03-27,1341.300048828125,-0.00967216136281801,6.876984285929846e-05,0.0,5.0,0.160516354724615
2018-03-28,1324.199951171875,-0.012748898109106954,6.72619068433368e-05,0.0,5.0,0.17912421187115707
2018-03-29,1322.800048828125,-0.001057168400067643,6.626983956685142e-05,0.0,5.0,0.16860848023538902
2018-04-02,1342.0999755859375,0.014590207170698477,6.678571303685506e-05,0.0,5.0,0.11480488045818621
2018-04-03,1332.800048828125,-0.006929384492203927,6.797619282253204e-05,0.0,5.0,0.12843162777423667
2018-04-04,1335.800048828125,0.002250900277680712,6.619047550928025e-05,0.0,5.0,0.11569886062010995
2018-04-05,1324.300048828125,-0.00860907289986157,6.646825207604302e-05,0.0,5.0,0.17683715415850731
2018-04-06,1331.9000244140625,0.0057388622711769255,6.666666458523462e-05,0.0,5.0,0.12795476709328146
2018-04-09,1336.300048828125,0.003303569587363109,6.646825207604302e-05,0.0,5.0,0.11867884151367078
2018-04-10,1342.0,0.00426547254628451,6.72619068433368e-05,0.0,5.0,0.1242992909575241
2018-04-11,1356.5,0.0108047690014903,6.718253805523827e-05,0.0,5.0,0.12208327984024643
2018-04-12,1338.4000244140625,-0.013343144552847352,6.765873186172e-05,0.0,5.0,0.12840793801547673
2018-04-13,1344.800048828125,0.004781847203614964,6.817460533172366e-05,0.0,5.0,0.12008075027643055
2018-04-16,1347.5,0.0020076971102340746,6.797619282253204e-05,0.0,5.0,0.12607343972259338
2018-04-17,1347.199951171875,-0.00022267074443416135,6.964285695363604e-05,0.0,5.0,0.14283855658570907
2018-04-18,1351.199951171875,0.002969121247755835,7.023809448121085e-05,0.0,5.0,0.141454334141483
2018-04-19,1346.800048828125,-0.0032562925568003775,7.075396795121451e-05,0.0,5.0,0.13571960303748948
2018-04-20,1336.699951171875,-0.007499329737208016,7.003968197201925e-05,0.0,5.0,0.1531515170858262
2018-04-23,1322.5,-0.01062314033858236,7.075396795121451e-05,0.0,5.0,0.23527427337797718
2018-04-24,1331.4000244140625,0.006729697099480125,7.234126802474734e-05,0.0,5.0,0.1658789646976953
2018-04-25,1321.199951171875,-0.007661163478404176,7.202381179446265e-05,0.0,5.0,0.22570080471714934
2018-04-26,1316.300048828125,-0.0037086758438069634,7.083333200878568e-05,0.0,5.0,0.24122029783352864
2018-04-27,1320.300048828125,0.003038820824751154,7.023809448121085e-05,0.0,5.0,0.20956739940554459
2018-04-30,1316.199951171875,-0.003105428693946588,6.996031791444809e-05,0.0,5.0,0.23517357565531058
2018-05-01,1303.800048828125,-0.009420986782980645,7.182539455474369e-05,0.0,5.0,0.292553661754455
2018-05-02,1302.5999755859375,-0.0009204427038226326,7.083333200878568e-05,0.0,5.0,0.29376985457379273
2018-05-03,1310.699951171875,0.006218313939622133,7.095238046040612e-05,0.0,5.0,0.2256159417940674
2018-05-04,1312.699951171875,0.001525902246514832,7.115079296959771e-05,0.0,5.0,0.20586004319942444
2018-05-07,1312.199951171875,-0.0003808943540781762,7.115079296959771e-05,0.0,5.0,0.1994761149575424
2018-05-08,1312.0,-0.00015237858505967594,7.281746183122908e-05,0.0,5.0,0.20182382607522864
2018-05-09,1311.300048828125,-0.0005334993688071998,7.321428684961227e-05,0.0,5.0,0.20280787001237346
2018-05-10,1320.800048828125,0.007244718711396203,7.321428684961227e-05,0.0,5.0,0.17206792374869712
2018-05-11,1319.0,-0.001362847336144557,7.380952437718708e-05,0.0,5.0,0.17836050858917962
2018-05-14,1316.5,-0.0018953752843062777,7.361111186799548e-05,0.0,5.0,0.18443028393162975
2018-05-15,1288.9000244140625,-0.020964660528627,7.44047619047619e-05,0.0,5.0,0.39569984693421056
2018-05-16,1290.199951171875,0.0010085551502752033,7.40079368863787e-05,0.0,5.0,0.3597057611037145
2018-05-17,1288.199951171875,-0.0015501473226560147,7.392857282880753e-05,0.0,5.0,0.3790445778257965
2018-05-18,1290.199951171875,0.0015525540100980173,7.361111186799548e-05,0.0,5.0,0.31295184297784123
2018-05-21,1290.199951171875,0.0,7.392857282880753e-05,0.0,5.0,0.29101480281566966
2018-05-22,1291.699951171875,0.0011626104919919555,7.511904788395715e-05,0.0,5.0,0.265833991916092
2018-05-23,1289.300048828125,-0.001857941034659527,7.432539784719073e-05,0.0,5.0,0.27075583307035533
2018-05-24,1303.699951171875,0.01116877514806447,7.380952437718708e-05,0.0,5.0,0.1704878243112442
2018-05-25,1303.300048828125,-0.00030674415795639565,7.353174781042433e-05,0.0,5.0,0.17245608227520626
2018-05-29,1298.699951171875,-0.00352957683104993,7.301587434042068e-05,0.0,5.0,0.19887528602530924
2018-05-30,1301.5,0.0021560398347582055,7.452381035638234e-05,0.0,5.0,0.17647374550810843
2018-05-31,1300.0999755859375,-0.0010757006638973943,7.420634939557031e-05,0.0,5.0,0.1896822157282523
2018-06-01,1294.800048828125,-0.004076553232318814,7.412698533799913e-05,0.0,5.0,0.21879196727102684
2018-06-04,1293.0999755859375,-0.0013130006009237638,7.40079368863787e-05,0.0,5.0,0.22970381118158875
2018-06-05,1297.5,0.0034026946849710082,7.551587290234036e-05,0.0,5.0,0.19737578843053202
2018-06-06,1297.0999755859375,-0.00030830398000958326,7.539682445071991e-05,0.0,5.0,0.2032307043716906
2018-06-07,1298.699951171875,0.0012335021324896278,7.480158692314511e-05,0.0,5.0,0.20162501933159394
2018-06-08,1298.0999755859375,-0.000461981680523027,7.46031744139535e-05,0.0,5.0,0.2053374044142154
2018-06-11,1298.9000244140625,0.0006163229667759396,7.412698533799913e-05,0.0,5.0,0.20638911458469844
2018-06-12,1295.0999755859375,-0.0029255899273996633,7.492063537476556e-05,0.0,5.0,0.22620896098457532
2018-06-13,1296.9000244140625,0.0013898917937285038,7.519841194152831e-05,0.0,5.0,0.21822066063107384
2018-06-14,1304.0,0.005474574332855919,7.472222286557397e-05,0.0,5.0,0.19573160618817467
2018-06-15,1274.5999755859375,-0.022546030992379174,7.492063537476556e-05,0.0,5.0,0.400322057607854
2018-06-18,1276.199951171875,0.0012552766488183043,7.472222286557397e-05,0.0,5.0,0.3981691779848094
2018-06-19,1275.5999755859375,-0.0004701266328889231,7.531746039314877e-05,0.0,5.0,0.3778031850422161
2018-06-20,1271.199951171875,-0.00344937637055176,7.492063537476556e-05,0.0,5.0,0.4180818214617294
2018-06-21,1267.199951171875,-0.0031466332234457717,7.499999943233671e-05,0.0,5.0,0.3964514242283308
2018-06-22,1267.4000244140625,0.00015788608735545218,7.420634939557031e-05,0.0,5.0,0.39691606123097156
2018-06-25,1265.5999755859375,-0.0014202688917867023,7.353174781042433e-05,0.0,5.0,0.41785121502302325
2018-06-26,1256.5999755859375,-0.007111251717457745,7.511904788395715e-05,0.0,5.0,0.4763741440175108
2018-06-27,1252.800048828125,-0.003023974877956359,7.46031744139535e-05,0.0,5.0,0.4851604501937178
2018-06-28,1247.800048828125,-0.0039910598699904876,7.46031744139535e-05,0.0,5.0,0.4868107141876864
2018-06-29,1251.300048828125,0.0028049365788109792,7.46031744139535e-05,0.0,5.0,0.44851449180098735
2018-07-02,1239.800048828125,-0.009190441581753306,7.519841194152831e-05,0.0,5.0,0.512924759601831
2018-07-03,1251.5999755859375,0.009517604688728643,7.670634795749e-05,0.0,5.0,0.4245244946679111
2018-07-05,1257.300048828125,0.004554229269235099,7.579364946910313e-05,0.0,5.0,0.3365722360921898
2018-07-06,1254.300048828125,-0.0023860652855268727,7.559523695991153e-05,0.0,5.0,0.3758475035687206
2018-07-09,1258.0999755859375,0.003029519740003872,7.599206197829476e-05,0.0,5.0,0.36839246377523066
2018-07-10,1253.800048828125,-0.003417794166802879,7.678571201506115e-05,0.0,5.0,0.3693694431285627
2018-07-11,1242.800048828125,-0.008773328737928576,7.619047448748634e-05,0.0,5.0,0.45554762148531297
2018-07-12,1245.0,0.0017701569725150357,7.650793544829838e-05,0.0,5.0,0.4118238373918301
2018-07-13,1239.5999755859375,-0.004337369007279102,7.650793544829838e-05,0.0,5.0,0.45016679583568187
2018-07-16,1238.0999755859375,-0.0012100677876272226,7.690476046668159e-05,0.0,5.0,0.46032535751450304
2018-07-17,1225.699951171875,-0.01001536601129005,7.837301681912135e-05,0.0,5.0,0.5095439010268312
2018-07-18,1226.300048828125,0.0004895958881911966,7.777777929154655e-05,0.0,5.0,0.46979972346972415
2018-07-19,1222.4000244140625,-0.0031803182408656205,7.730158548506479e-05,0.0,5.0,0.46134685974592204
2018-07-20,1229.5,0.005808225985058257,7.670634795749e-05,0.0,5.0,0.409074272974083
2018-07-23,1224.0,-0.004473363155754417,7.619047448748634e-05,0.0,5.0,0.40179986831393333
2018-07-24,1223.9000244140625,-8.167940027570264e-05,7.777777929154655e-05,0.0,5.0,0.38777681495116695
2018-07-25,1231.4000244140625,0.006127951507796325,7.749999799425638e-05,0.0,5.0,0.3330511840606668
2018-07-26,1225.300048828125,-0.004953691298520191,7.718254176397175e-05,0.0,5.0,0.38705770732262207
2018-07-27,1222.5999755859375,-0.0022036016768054445,7.718254176397175e-05,0.0,5.0,0.38843829784057005
2018-07-30,1221.300048828125,-0.0010632478192137418,7.718254176397175e-05,0.0,5.0,0.38000566739637814
2018-07-31,1223.699951171875,0.001965039095882082,7.876984183750455e-05,0.0,5.0,0.3466750984079821
2018-08-01,1217.9000244140625,-0.004739664124574161,7.849206527074178e-05,0.0,5.0,0.3772978497345053
2018-08-02,1210.5999755859375,-0.005993963939393998,7.797619180073813e-05,0.0,5.0,0.41427260312991593
2018-08-03,1214.199951171875,0.0029737119267618795,7.777777929154655e-05,0.0,5.0,0.3749075422251923
2018-08-06,1208.5999755859375,-0.004612070343548269,7.809524025235857e-05,0.0,5.0,0.4055031184693641
2018-08-07,1209.5999755859375,0.0008274036241935345,7.968253559536404e-05,0.0,5.0,0.3975953297561593
2018-08-08,1212.5999755859375,0.0024801587802172342,7.968253559536404e-05,0.0,5.0,0.3608689605825251
2018-08-09,1211.9000244140625,-0.0005772317218930567,7.956349660479834e-05,0.0,5.0,0.37390192798671784
2018-08-10,1211.0999755859375,-0.0006601607492431327,7.936507936507937e-05,0.0,5.0,0.3676977470684313
2018-08-13,1191.300048828125,-0.016348713695773287,7.916666685588778e-05,0.0,5.0,0.516787423586959
2018-08-14,1193.0,0.0014269714615955387,8.06746028718494e-05,0.0,5.0,0.508153865109867
2018-08-15,1177.5,-0.012992455993294239,8.015872940184578e-05,0.0,5.0,0.5713923865801318
2018-08-16,1176.199951171875,-0.0011040754378981443,7.996032162318154e-05,0.0,5.0,0.5503219024974723
2018-08-17,1176.5,0.00025510018753704955,7.916666685588778e-05,0.0,5.0,0.5377198116148637
2018-08-20,1186.800048828125,0.008754822633340487,7.908730279831658e-05,0.0,5.0,0.48821071453087794
2018-08-21,1192.5999755859375,0.004887029422976141,8.075397165994795e-05,0.0,5.0,0.41806951168052015
2018-08-22,1196.300048828125,0.00310252667946731,8.075397165994795e-05,0.0,5.0,0.35738389732106973
2018-08-23,1187.0,-0.007774010238681517,8.06746028718494e-05,0.0,5.0,0.4161910528035927
2018-08-24,1206.300048828125,0.016259518810551876,8.12698451299516e-05,0.0,5.0,0.2795815112937882
2018-08-27,1209.0,0.002238208623549287,8.174602947537861e-05,0.0,5.0,0.2582948560515415
2018-08-28,1207.4000244140625,-0.0013233875814205875,8.246032018510122e-05,0.0,5.0,0.26833706029507554
2018-08-29,1204.5,-0.0024018753978987117,8.253967951214503e-05,0.0,5.0,0.27156829002672517
2018-08-30,1197.699951171875,-0.005645536594541256,8.16666701483348e-05,0.0,5.0,0.3233668528554662
2018-08-31,1200.300048828125,0.0021709090442110224,8.154762169671437e-05,0.0,5.0,0.3202593609385452
2018-09-04,1192.699951171875,-0.0063318314980242985,8.206349516671802e-05,0.0,5.0,0.35132870044147035
2018-09-05,1194.9000244140625,0.0018446158566753912,8.293650453052823e-05,0.0,5.0,0.3201239721752632
2018-09-06,1197.9000244140625,0.002510670297685369,8.253967951214503e-05,0.0,5.0,0.3212345515499155
2018-09-07,1193.5999755859375,-0.003589655848139972,8.285714520348445e-05,0.0,5.0,0.3614078362836581
2018-09-10,1193.0,-0.0005026605212881119,8.265872796376547e-05,0.0,5.0,0.3531049012126333
2018-09-11,1195.4000244140625,0.0020117555859702207,8.365079524025083e-05,0.0,5.0,0.31324994753526164
2018-09-12,1204.699951171875,0.007779761224591786,8.353174678863042e-05,0.0,5.0,0.29290124358499264
2018-09-13,1202.0,-0.002241181440447937,8.305555298214868e-05,0.0,5.0,0.2952423327168468
2018-09-14,1195.0,-0.005823627287853572,8.345237800053192e-05,0.0,5.0,0.32759262557931984
2018-09-17,1199.699951171875,0.003933013532949836,8.365079524025083e-05,0.0,5.0,0.2974805933615593
2018-09-18,1196.800048828125,-0.0024171896822345884,8.432539682539683e-05,0.0,5.0,0.3349023230852521
2018-09-19,1202.199951171875,0.004511950303676349,8.412697958567786e-05,0.0,5.0,0.3036756100002693
2018-09-20,1206.199951171875,0.003327233540561192,8.404762025863405e-05,0.0,5.0,0.2848588831931343
2018-09-21,1196.199951171875,-0.008290499423652453,8.42460280372983e-05,0.0,5.0,0.3293364421254377
2018-09-24,1199.300048828125,0.0025916216207941822,8.42460280372983e-05,0.0,5.0,0.30598571364724125
2018-09-25,1200.0,0.0005836330721065153,8.603174535055008e-05,0.0,5.0,0.3264138860650937
2018-09-26,1194.0,-0.0050000000000000044,8.571428912026542e-05,0.0,5.0,0.34869793175953995
2018-09-27,1182.300048828125,-0.009798954080297295,8.4920639083499e-05,0.0,5.0,0.43103636895326086
2018-09-28,1191.5,0.0077814013295471884,8.531746410188223e-05,0.0,5.0,0.3435041093137258
2018-10-01,1187.0999755859375,-0.003692844661403738,8.551587188054645e-05,0.0,5.0,0.3729576401214056
2018-10-02,1202.4000244140625,0.012888593330627529,8.630952191731287e-05,0.0,5.0,0.2726678460056812
2018-10-03,1198.300048828125,-0.0034098265990434307,8.611111413864862e-05,0.0,5.0,0.30086662414522486
2018-10-04,1197.199951171875,-0.0009180485783387704,8.611111413864862e-05,0.0,5.0,0.33076667925188985
2018-10-05,1201.199951171875,0.003341129437972823,8.591269689892968e-05,0.0,5.0,0.3047081957887479
2018-10-08,1184.4000244140625,-0.01398595358035326,8.591269689892968e-05,0.0,5.0,0.43847822953936083
2018-10-09,1187.199951171875,0.002364004306059986,8.670634693569607e-05,0.0,5.0,0.40887518508486775
2018-10-10,1189.300048828125,0.0017689502549060876,8.809523923056466e-05,0.0,5.0,0.4124321906334944
2018-10-11,1223.5,0.028756369097582946,8.78968219908457e-05,0.0,5.0,0.25917090750500954
2018-10-12,1218.0999755859375,-0.004413587588118051,8.801587044246613e-05,0.0,5.0,0.268300488841125
2018-10-15,1226.4000244140625,0.00681393070723324,8.849206424894787e-05,0.0,5.0,0.25488831290117747
2018-10-16,1227.300048828125,0.0007338750783967285,8.96825393040975e-05,0.0,5.0,0.27837491513196044
2018-10-17,1223.699951171875,-0.0029333476028844396,8.96825393040975e-05,0.0,5.0,0.31258903093639967
2018-10-18,1226.5,0.00228818251193319,8.948413152543324e-05,0.0,5.0,0.29510156092611756
2018-10-19,1225.300048828125,-0.000978353992560077,8.96825393040975e-05,0.0,5.0,0.2875505997550641
2018-10-22,1221.199951171875,-0.0033461988842417023,8.960317051599896e-05,0.0,5.0,0.302612772066828
2018-10-23,1233.4000244140625,0.009990233974772167,9.087301435924713e-05,0.0,5.0,0.2611858028641642
2018-10-24,1227.800048828125,-0.004540275235196178,9.067460658058289e-05,0.0,5.0,0.2987523163189357
2018-10-25,1229.0999755859375,0.0010587446702361447,9.047618934086392e-05,0.0,5.0,0.32113007520371123
2018-10-26,1232.5,0.0027662716472203197,9.019841277410113e-05,0.0,5.0,0.3357121884529169
2018-10-29,1224.5,-0.006490872210953347,8.96825393040975e-05,0.0,5.0,0.34913010486347895
2018-10-30,1222.5999755859375,-0.001551673674203724,9.059523779248432e-05,0.0,5.0,0.35131756722692525
2018-10-31,1212.300048828125,-0.0084246090000748,9.03968300138201e-05,0.0,5.0,0.41098461184829277
2018-11-01,1236.0,0.01954957536691082,9.00793643224807e-05,0.0,5.0,0.2933719053852926
2018-11-02,1230.9000244140625,-0.00412619383975521,9.019841277410113e-05,0.0,5.0,0.3329479092955666
2018-11-05,1229.800048828125,-0.0008936351971079448,8.999999553438216e-05,0.0,5.0,0.31390281434274603
2018-11-06,1223.800048828125,-0.004878841894434327,9.166666439601353e-05,0.0,5.0,0.35881838375328096
2018-11-07,1226.199951171875,0.0019610248798798136,9.166666439601353e-05,0.0,5.0,0.3688650993134762
2018-11-08,1222.9000244140625,-0.0026911816092136664,9.138888782925076e-05,0.0,5.0,0.3659864135484321
2018-11-09,1206.4000244140625,-0.013492517516226044,9.126983937763033e-05,0.0,5.0,0.4674309464385757
2018-11-12,1201.300048828125,-0.004227433258230051,9.126983937763033e-05,0.0,5.0,0.4852633512462424
2018-11-13,1199.199951171875,-0.0017481874393484587,9.107143159896609e-05,0.0,5.0,0.4707632069664505
2018-11-14,1207.9000244140625,0.0072548979289781546,9.226190665411572e-05,0.0,5.0,0.42478328115978975
2018-11-15,1212.800048828125,0.004056647334235608,9.166666439601353e-05,0.0,5.0,0.3912323364776735
2018-11-16,1220.800048828125,0.006596305803030056,9.126983937763033e-05,0.0,5.0,0.3455731363704429
2018-11-19,1223.0999755859375,0.0018839504143370878,9.126983937763033e-05,0.0,5.0,0.32741370515367113
2018-11-20,1219.0,-0.0033521181160790503,9.265873167249892e-05,0.0,5.0,0.36369797233600537
2018-11-21,1225.800048828125,0.005578382959905648,9.325396446954637e-05,0.0,5.0,0.3321770767907941
2018-11-23,1221.0,-0.003915849760908308,9.317460514250255e-05,0.0,5.0,0.36867378028868336
2018-11-26,1220.199951171875,-0.0006552406454750637,9.297618790278358e-05,0.0,5.0,0.3860352724710839
2018-11-27,1211.199951171875,-0.0073758403213805,9.337301292116682e-05,0.0,5.0,0.4338922788005433
2018-11-28,1221.4000244140625,0.00842146107446462,9.265873167249892e-05,0.0,5.0,0.3620323648211883
2018-11-29,1224.0999755859375,0.0022105380038535127,9.166666439601353e-05,0.0,5.0,0.3463944031935948
2018-11-30,1220.199951171875,-0.003186034222568912,9.158730506896972e-05,0.0,5.0,0.3515868552692086
2018-12-03,1233.9000244140625,0.011227728069510334,9.07936550322033e-05,0.0,5.0,0.2804397374892914
2018-12-04,1241.0999755859375,0.005835117132195533,9.384920672764854e-05,0.0,5.0,0.2472606908015026
2018-12-06,1238.0999755859375,-0.002417210586587615,9.337301292116682e-05,0.0,5.0,0.25538667228999096
2018-12-07,1246.800048828125,0.007026955345888153,9.285713945116316e-05,0.0,5.0,0.24053548798695315
2018-12-10,1243.699951171875,-0.0024864433227795857,9.246031443277995e-05,0.0,5.0,0.24962656415018822
2018-12-11,1241.9000244140625,-0.0014472355298531525,9.404761450631278e-05,0.0,5.0,0.27255052966546944
2018-12-12,1244.4000244140625,0.0020130444889712162,9.424603174603175e-05,0.0,5.0,0.2830966156746451
2018-12-13,1242.699951171875,-0.0013661790492072168,9.376983793955e-05,0.0,5.0,0.2745635037776278
2018-12-14,1237.0,-0.004586747723374307,9.396825517926897e-05,0.0,5.0,0.28814459172430884
2018-12-17,1247.4000244140625,0.00840745708493329,9.285713945116316e-05,0.0,5.0,0.24498102926429044
2018-12-18,1249.199951171875,0.0014429426988811223,9.238095510573614e-05,0.0,5.0,0.23190213481033975
2018-12-19,1252.0999755859375,0.0023215053853804513,9.277778012411937e-05,0.0,5.0,0.24861478830240158
2018-12-20,1263.5999755859375,0.00918457010161533,9.265873167249892e-05,0.0,5.0,0.24616665646064642
2018-12-21,1253.800048828125,-0.007755561053464088,9.246031443277995e-05,0.0,5.0,0.2318920912000543
2018-12-24,1267.5,0.010926743211311596,9.257936288440038e-05,0.0,5.0,0.21552586533097895
2018-12-26,1269.199951171875,0.0013411843565089843,9.444444898575071e-05,0.0,5.0,0.2347625006440797
2018-12-27,1277.300048828125,0.006382050084993374,9.317460514250255e-05,0.0,5.0,0.227410688901189
2018-12-28,1279.9000244140625,0.0020355245334273686,9.238095510573614e-05,0.0,5.0,0.22356099758410786
2018-12-31,1278.300048828125,-0.0012500785650582102,9.126983937763033e-05,0.0,5.0,0.2261037322094147
2019-01-02,1281.0,0.0021121419609975156,9.384920672764854e-05,0.0,5.0,0.21641611604782834
2019-01-03,1291.800048828125,0.008430951466139813,9.345238170926534e-05,0.0,5.0,0.2374734848216889
2019-01-04,1282.699951171875,-0.0070445094536923936,9.357143016088577e-05,0.0,5.0,0.1780565666088612
2019-01-07,1286.800048828125,0.0031964588854191955,9.337301292116682e-05,0.0,5.0,0.181487297335224
2019-01-08,1283.199951171875,-0.002797713335128127,9.523809902251714e-05,0.0,5.0,0.18008610233278416
2019-01-09,1289.300048828125,0.004753816932956623,9.484127400413391e-05,0.0,5.0,0.19336777870277524
2019-01-10,1284.699951171875,-0.003567903111794002,9.424603174603175e-05,0.0,5.0,0.1829657212041905
2019-01-11,1287.0999755859375,0.0018681594965994641,9.404761450631278e-05,0.0,5.0,0.18080234156734099
2019-01-14,1289.0999755859375,0.0015538808468158471,9.365078948792958e-05,0.0,5.0,0.18915550979552048
2019-01-15,1286.199951171875,-0.0022496505073195117,9.456348797631641e-05,0.0,5.0,0.20312910512865767
2019-01-16,1291.5999755859375,0.004198433073444363,9.376983793955e-05,0.0,5.0,0.20726447964121208
2019-01-17,1291.0,-0.00046452121189100026,9.345238170926534e-05,0.0,5.0,0.20912794085733852
2019-01-18,1281.300048828125,-0.007513517561483329,9.317460514250255e-05,0.0,5.0,0.19407673124132302
2019-01-22,1282.5,0.0009365106736494155,9.305555669088211e-05,0.0,5.0,0.21415078572488272
2019-01-23,1283.0999755859375,0.0004678172210039744,9.337301292116682e-05,0.0,5.0,0.20146899754722639
2019-01-24,1279.0999755859375,-0.0031174499852775206,9.14682566173493e-05,0.0,5.0,0.19966968131151963
2019-01-25,1297.4000244140625,0.014306973010254298,9.238095510573614e-05,0.0,5.0,0.18715560515994606
2019-01-28,1302.4000244140625,0.0038538614967715823,9.257936288440038e-05,0.0,5.0,0.19739393535827648
2019-01-29,1308.199951171875,0.004453260633515255,9.384920672764854e-05,0.0,5.0,0.2099892279611787
2019-01-30,1309.9000244140625,0.0012995515254869971,9.384920672764854e-05,0.0,5.0,0.22205097415304648
2019-01-31,1319.699951171875,0.007481431082647871,9.285713945116316e-05,0.0,5.0,0.2473275156553559
2019-02-01,1316.9000244140625,-0.0021216389038479777,9.285713945116316e-05,0.0,5.0,0.23898545470529525
2019-02-04,1314.300048828125,-0.001974315086746503,9.265873167249892e-05,0.0,5.0,0.22832280740046976
2019-02-05,1314.199951171875,-7.616042952995894e-05,9.384920672764854e-05,0.0,5.0,0.22534165758470887
2019-02-06,1309.5,-0.003576283173412076,9.384920672764854e-05,0.0,5.0,0.214189508307716
2019-02-07,1309.4000244140625,-7.634638101372548e-05,9.345238170926534e-05,0.0,5.0,0.2146245507737749
2019-02-08,1313.699951171875,0.003283890848968518,9.384920672764854e-05,0.0,5.0,0.21816798724817188
2019-02-11,1307.0,-0.0051000619783067025,9.424603174603175e-05,0.0,5.0,0.2053893059988421
2019-02-12,1309.199951171875,0.0016832067114576077,9.436508019765218e-05,0.0,5.0,0.20952516583515388
2019-02-13,1310.800048828125,0.001222195016748806,9.416666295793321e-05,0.0,5.0,0.21600382171444865
2019-02-14,1309.800048828125,-0.0007628928614200614,9.416666295793321e-05,0.0,5.0,0.21844445445935762
2019-02-15,1318.0999755859375,0.0063367891650625285,9.404761450631278e-05,0.0,5.0,0.21980388476918647
2019-02-19,1340.0999755859375,0.016690691455494733,9.416666295793321e-05,0.0,5.0,0.2658335232504568
2019-02-20,1343.300048828125,0.002387936199154339,9.456348797631641e-05,0.0,5.0,0.27257948049513064
2019-02-21,1323.5,-0.014739855660243828,9.503968178279817e-05,0.0,5.0,0.1590669698106353
2019-02-22,1329.199951171875,0.004306725479316098,9.496031299469963e-05,0.0,5.0,0.1615696301015878
2019-02-25,1325.9000244140625,-0.0024826413474535736,9.496031299469963e-05,0.0,5.0,0.15651950426389238
2019-02-26,1325.0999755859375,-0.0006034005682129528,9.523809902251714e-05,0.0,5.0,0.15998847467517655
2019-02-27,1317.699951171875,-0.005584502717080109,9.496031299469963e-05,0.0,5.0,0.16798798007536372
2019-02-28,1312.800048828125,-0.003718526618591955,9.456348797631641e-05,0.0,5.0,0.18881759375925689
2019-03-01,1296.4000244140625,-0.012492400825778516,9.436508019765218e-05,0.0,5.0,0.24935146026438074
2019-03-04,1284.800048828125,-0.008947836599417225,9.424603174603175e-05,0.0,5.0,0.29541802543106
2019-03-05,1282.0,-0.0021793654434236753,9.523809902251714e-05,0.0,5.0,0.3158380942161237
2019-03-06,1284.9000244140625,0.0022621095273498426,9.543650680118137e-05,0.0,5.0,0.28046252410041844
2019-03-07,1283.800048828125,-0.0008560787337824616,9.503968178279817e-05,0.0,5.0,0.25727999537503493
2019-03-08,1297.0,0.01028193696045121,9.496031299469963e-05,0.0,5.0,0.16854167842704426
2019-03-11,1288.800048828125,-0.006322244542694699,9.444444898575071e-05,0.0,5.0,0.2208798259061052
2019-03-12,1296.300048828125,0.005819366632410894,9.503968178279817e-05,0.0,5.0,0.163844461282644
2019-03-13,1307.5,0.008639937321609947,9.476190521603539e-05,0.0,5.0,0.13446431248757054
2019-03-14,1293.4000244140625,-0.010783920142208414,9.476190521603539e-05,0.0,5.0,0.1760483637605035
2019-03-15,1301.800048828125,0.006494529345526967,9.476190521603539e-05,0.0,5.0,0.14676117231837493
2019-03-18,1300.300048828125,-0.0011522506865400128,9.464285676441495e-05,0.0,5.0,0.14853496869999905
2019-03-19,1305.0,0.0036145128011881855,9.543650680118137e-05,0.0,5.0,0.1532275683733499
2019-03-20,1300.5,-0.0034482758620689724,9.555555525280179e-05,0.0,5.0,0.19767090566606985
2019-03-21,1306.0999755859375,0.004306017367118331,9.555555525280179e-05,0.0,5.0,0.17742191259476175
2019-03-22,1311.5999755859375,0.004211009955445988,9.51587302344186e-05,0.0,5.0,0.16644637138096327
2019-03-25,1321.9000244140625,0.007853041338708122,9.484127400413391e-05,0.0,5.0,0.1610231197286154
2019-03-26,1314.300048828125,-0.005749281674539808,9.543650680118137e-05,0.0,5.0,0.1895510018864818
2019-03-27,1309.9000244140625,-0.003347808149277376,9.436508019765218e-05,0.0,5.0,0.19390295062761115
2019-03-28,1289.800048828125,-0.015344663876106557,9.404761450631278e-05,0.0,5.0,0.3155680384912093
2019-03-29,1293.0,0.0024809668558956055,9.238095510573614e-05,0.0,5.0,0.2733902094703866
2019-04-01,1288.4000244140625,-0.0035575990610499097,9.218253786601717e-05,0.0,5.0,0.29903605304528474
2019-04-02,1290.0,0.0012418313843676199,9.404761450631278e-05,0.0,5.0,0.24487358678695698
2019-04-03,1289.9000244140625,-7.750045421506258e-05,9.416666295793321e-05,0.0,5.0,0.23881521908141015
2019-04-04,1289.0,-0.0006977474199765243,9.404761450631278e-05,0.0,5.0,0.22020985427930878
2019-04-05,1290.4000244140625,0.0010861322064099621,9.404761450631278e-05,0.0,5.0,0.19353482905786495
2019-04-08,1297.0999755859375,0.005192150530931139,9.384920672764854e-05,0.0,5.0,0.1622687857884541
2019-04-09,1303.5,0.004934102640138827,9.384920672764854e-05,0.0,5.0,0.139799770026792
2019-04-10,1309.0999755859375,0.004296107085490997,9.376983793955e-05,0.0,5.0,0.13576595826804616
2019-04-11,1288.5999755859375,-0.015659613766950464,9.384920672764854e-05,0.0,5.0,0.21101416545823876
2019-04-12,1290.5999755859375,0.0015520720455473036,9.424603174603175e-05,0.0,5.0,0.1964849658272865
2019-04-15,1286.800048828125,-0.0029443102663064824,9.365078948792958e-05,0.0,5.0,0.19832498823070893
2019-04-16,1272.5999755859375,-0.011035182393037135,9.436508019765218e-05,0.0,5.0,0.31117976263818736
2019-04-17,1272.199951171875,-0.00031433633642674597,9.444444898575071e-05,0.0,5.0,0.30377857057611
2019-04-18,1271.9000244140625,-0.00023575441701295663,9.384920672764854e-05,0.0,5.0,0.2863163102341422
2019-04-22,1273.5,0.001257941312387878,9.424603174603175e-05,0.0,5.0,0.2601066911411926
2019-04-23,1269.300048828125,-0.0032979593026108978,9.484127400413391e-05,0.0,5.0,0.2602204961953439
2019-04-24,1275.5,0.004884543396653118,9.424603174603175e-05,0.0,5.0,0.20092374691466175
2019-04-25,1275.800048828125,0.00023524016317133523,9.384920672764854e-05,0.0,5.0,0.2042949644356818
2019-04-26,1284.9000244140625,0.007132760023246698,9.365078948792958e-05,0.0,5.0,0.15561374209043813
2019-04-29,1278.5999755859375,-0.004903143208358163,9.365078948792958e-05,0.0,5.0,0.20062689072710582
2019-04-30,1282.800048828125,0.003284900142644487,9.396825517926897e-05,0.0,5.0,0.16540879087386293
2019-05-01,1281.4000244140625,-0.0010913816345279326,9.376983793955e-05,0.0,5.0,0.17239875179841296
2019-05-02,1269.699951171875,-0.009130695348267603,9.416666295793321e-05,0.0,5.0,0.22855702259043076
2019-05-03,1279.199951171875,0.007482082669399093,9.396825517926897e-05,0.0,5.0,0.16730109784310157
2019-05-06,1281.699951171875,0.0019543465411406835,9.376983793955e-05,0.0,5.0,0.15955772219727465
2019-05-07,1283.5,0.001404422951314821,9.396825517926897e-05,0.0,5.0,0.16785167502013998
2019-05-08,1279.4000244140625,-0.0031943713174424904,9.404761450631278e-05,0.0,5.0,0.17900632943221975
2019-05-09,1283.5,0.0032046080254024556,9.404761450631278e-05,0.0,5.0,0.16983659324934652
2019-05-10,1285.699951171875,0.001714025065738145,9.404761450631278e-05,0.0,5.0,0.1710329723414165
2019-05-13,1300.0999755859375,0.011200143860110812,9.325396446954637e-05,0.0,5.0,0.17262320765832098
2019-05-14,1294.699951171875,-0.004153545508397416,9.337301292116682e-05,0.0,5.0,0.14573568903292272
2019-05-15,1296.300048828125,0.0012358829972933805,9.325396446954637e-05,0.0,5.0,0.14453047769316466
2019-05-16,1285.0,-0.00871715529004291,9.277778012411937e-05,0.0,5.0,0.1620902569543451
2019-05-17,1274.5,-0.008171206225680905,9.246031443277995e-05,0.0,5.0,0.23575198586259827
2019-05-20,1276.0999755859375,0.0012553751164672278,9.206348941439675e-05,0.0,5.0,0.21765226377821537
2019-05-21,1272.0,-0.003212895278095207,9.246031443277995e-05,0.0,5.0,0.23571870981270115
2019-05-22,1273.5999755859375,0.001257842441774848,9.206348941439675e-05,0.0,5.0,0.21982093580163986
2019-05-23,1284.800048828125,0.008794027525820924,9.138888782925076e-05,0.0,5.0,0.1633527067700541
2019-05-24,1283.0,-0.0014010342152204203,9.07936550322033e-05,0.0,5.0,0.17359033086470183
2019-05-28,1276.5,-0.005066250974279041,9.119048005058652e-05,0.0,5.0,0.20183005458702533
2019-05-29,1280.5999755859375,0.0032118884339502607,9.119048005058652e-05,0.0,5.0,0.18234245222380102
2019-05-30,1287.0999755859375,0.005075745840949164,9.166666439601353e-05,0.0,5.0,0.15327369142019315
2019-05-31,1305.800048828125,0.014528842822543409,9.099206281086755e-05,0.0,5.0,0.15177543890684606
2019-06-03,1322.699951171875,0.012942182349370057,9.047618934086392e-05,0.0,5.0,0.19398758478699196
2019-06-04,1323.4000244140625,0.0005292759265373981,9.107143159896609e-05,0.0,5.0,0.18943321551240286
2019-06-05,1328.300048828125,0.0037026026323612182,9.067460658058289e-05,0.0,5.0,0.2030135675952296
2019-06-06,1337.5999755859375,0.007001375002596122,8.948413152543324e-05,0.0,5.0,0.2268439104505271
2019-06-07,1341.199951171875,0.0026913693567918173,8.78968219908457e-05,0.0,5.0,0.23273628131674762
2019-06-10,1324.699951171875,-0.012302416194977517,8.809523923056466e-05,0.0,5.0,0.11428923023364518
2019-06-11,1326.4000244140625,0.0012833647654955094,8.78174626638019e-05,0.0,5.0,0.11404802431710608
2019-06-12,1331.9000244140625,0.0041465620467171505,8.591269689892968e-05,0.0,5.0,0.12015363385046533
2019-06-13,1339.199951171875,0.005480836867634897,8.4920639083499e-05,0.0,5.0,0.13388434401432528
2019-06-14,1340.0999755859375,0.0006720612655899405,8.432539682539683e-05,0.0,5.0,0.13546188382404462
2019-06-17,1338.699951171875,-0.0010447163939767412,8.484127029540047e-05,0.0,5.0,0.13495948261466803
2019-06-18,1346.5999755859375,0.005901265931284261,8.603174535055008e-05,0.0,5.0,0.15008731408988896
2019-06-19,1344.5999755859375,-0.0014852220676223604,8.432539682539683e-05,0.0,5.0,0.1528193694073804
2019-06-20,1392.9000244140625,0.0359215005987763,8.246032018510122e-05,0.0,5.0,0.2793460967129763
2019-06-21,1396.199951171875,0.0023691052480243613,8.154762169671437e-05,0.0,5.0,0.27572312886495126
2019-06-24,1414.300048828125,0.012963829171500851,8.16666701483348e-05,0.0,5.0,0.30976035594854356
2019-06-25,1414.9000244140625,0.00042422086206861387,8.265872796376547e-05,0.0,5.0,0.3013612643672445
2019-06-26,1411.5999755859375,-0.002332354775024914,8.305555298214868e-05,0.0,5.0,0.27402263101371266
2019-06-27,1408.4000244140625,-0.002266896590549128,8.2738096751864e-05,0.0,5.0,0.2503115245122255
2019-06-28,1409.699951171875,0.0009229812093713985,8.075397165994795e-05,0.0,5.0,0.24893114601003402
2019-07-01,1385.5999755859375,-0.0170958192670031,8.194444671509758e-05,0.0,5.0,0.14044158806327675
2019-07-02,1404.5999755859375,0.013712471373251489,8.523809531378367e-05,0.0,5.0,0.15655820152605654
2019-07-03,1417.699951171875,0.009326481427904598,8.531746410188223e-05,0.0,5.0,0.18223203188786682
2019-07-05,1396.699951171875,-0.014812725346178723,8.583333757188585e-05,0.0,5.0,0.16172894807901034
2019-07-08,1397.0,0.0002148269768844635,8.64285703689333e-05,0.0,5.0,0.1338156303186345
2019-07-09,1397.5,0.0003579098067287845,8.710317195407928e-05,0.0,5.0,0.12669994139869553
2019-07-10,1410.0999755859375,0.00901608270907861,8.452381406511579e-05,0.0,5.0,0.14193599684482758
2019-07-11,1404.300048828125,-0.004113131592249353,8.325397022186763e-05,0.0,5.0,0.12203977238236334
2019-07-12,1409.9000244140625,0.00398773438098976,8.293650453052823e-05,0.0,5.0,0.12920213641950554
2019-07-15,1411.4000244140625,0.0010639052230836388,8.2738096751864e-05,0.0,5.0,0.12468385944819756
2019-07-16,1409.199951171875,-0.001558787873126799,8.345237800053192e-05,0.0,5.0,0.12246073568167354
2019-07-17,1421.300048828125,0.008586501614755049,8.226190294538226e-05,0.0,5.0,0.13746300032850303
2019-07-18,1426.0999755859375,0.00337713824872532,7.9880952835083e-05,0.0,5.0,0.14351854598651492
2019-07-19,1425.0999755859375,-0.0007012131106650665,7.9880952835083e-05,0.0,5.0,0.1488466372209079
2019-07-22,1425.300048828125,0.00014039242552454922,8.035714664156477e-05,0.0,5.0,0.14237347552228982
2019-07-23,1420.0999755859375,-0.003648405994557402,8.06746028718494e-05,0.0,5.0,0.1366458554908859
2019-07-24,1422.800048828125,0.0019013261661902092,8.095237943861221e-05,0.0,5.0,0.1413290189720084
2019-07-25,1413.9000244140625,-0.006255288240531676,8.174602947537861e-05,0.0,5.0,0.13526210441320724
2019-07-26,1418.5,0.003253395223501654,8.186507792699906e-05,0.0,5.0,0.14213798277414222
2019-07-29,1419.5999755859375,0.0007754498314680447,8.13492044569954e-05,0.0,5.0,0.1458011595832494
2019-07-30,1429.699951171875,0.007114663116113862,8.095237943861221e-05,0.0,5.0,0.15140299822942763
2019-07-31,1426.0999755859375,-0.0025179937811333764,8.055555442022898e-05,0.0,5.0,0.14890369783194699
2019-08-01,1420.9000244140625,-0.0036462739365369368,8.055555442022898e-05,0.0,5.0,0.15034558982569549
2019-08-02,1445.5999755859375,0.017383313918979404,7.936507936507937e-05,0.0,5.0,0.1772666251807833
2019-08-05,1464.5999755859375,0.013143331710626871,7.749999799425638e-05,0.0,5.0,0.22525228689198046
2019-08-06,1472.4000244140625,0.0053257196218403635,7.916666685588778e-05,0.0,5.0,0.24150212856259295
2019-08-07,1507.300048828125,0.023702814340790912,7.809524025235857e-05,0.0,5.0,0.31832675142079103
2019-08-08,1497.699951171875,-0.006369068762197561,7.817460430992973e-05,0.0,5.0,0.25089749442127285
2019-08-09,1496.5999755859375,-0.0007344432274815071,7.738095427316333e-05,0.0,5.0,0.2397861665080856
2019-08-12,1505.300048828125,0.005813225567360636,7.650793544829838e-05,0.0,5.0,0.25383450223070647
2019-08-13,1502.199951171875,-0.0020594549629248116,7.757936678235492e-05,0.0,5.0,0.237532661059515
2019-08-14,1515.9000244140625,0.009120006448875229,7.571428541153195e-05,0.0,5.0,0.2641260825471117
2019-08-15,1519.5999755859375,0.0024407619976820616,7.313492279204111e-05,0.0,5.0,0.26657534304575026
2019-08-16,1512.5,-0.004672266188474938,7.234126802474734e-05,0.0,5.0,0.2279283161896076
2019-08-19,1500.4000244140625,-0.007999983858471116,7.353174781042433e-05,0.0,5.0,0.1862188271314709
2019-08-20,1504.5999755859375,0.0027992209434382076,7.539682445071991e-05,0.0,5.0,0.19235941166483836
2019-08-21,1504.5999755859375,0.0,7.650793544829838e-05,0.0,5.0,0.19706270698479791
2019-08-22,1497.300048828125,-0.0048517392504739965,7.690476046668159e-05,0.0,5.0,0.19732469686337137
2019-08-23,1526.5999755859375,0.019568507181138672,7.579364946910313e-05,0.0,5.0,0.23419420487611248
2019-08-26,1526.300048828125,-0.00019646715748000698,7.670634795749e-05,0.0,5.0,0.22104466948605117
2019-08-27,1541.0,0.009631101815898768,7.710317297587319e-05,0.0,5.0,0.24809808753673487
2019-08-28,1537.800048828125,-0.002076541967472423,7.698412925478012e-05,0.0,5.0,0.23079609585766497
2019-08-29,1526.5,-0.007348191227290024,7.698412925478012e-05,0.0,5.0,0.19507144888060846
2019-08-30,1519.0999755859375,-0.004847706789428474,7.670634795749e-05,0.0,5.0,0.18757988663031513
2019-09-03,1545.9000244140625,0.017642057309485315,7.579364946910313e-05,0.0,5.0,0.21659649945243356
2019-09-04,1550.300048828125,0.002846254184988517,7.559523695991153e-05,0.0,5.0,0.2221616432261614
2019-09-05,1515.4000244140625,-0.022511786954043878,7.619047448748634e-05,0.0,5.0,0.18608090555874532
2019-09-06,1506.199951171875,-0.006071052589394554,7.579364946910313e-05,0.0,5.0,0.19754839740435762
2019-09-09,1502.199951171875,-0.002655689901521985,7.571428541153195e-05,0.0,5.0,0.2003809909882559
2019-09-10,1490.300048828125,-0.007921650066934682,7.591269792072356e-05,0.0,5.0,0.23350884718840964
2019-09-11,1494.4000244140625,0.0027511074626627163,7.591269792072356e-05,0.0,5.0,0.193353320295609
2019-09-12,1498.699951171875,0.0028773599354687818,7.519841194152831e-05,0.0,5.0,0.19659801170536717
2019-09-13,1490.9000244140625,-0.005204461874915967,7.539682445071991e-05,0.0,5.0,0.178074077527174
2019-09-16,1503.0999755859375,0.008182943840697732,7.718254176397175e-05,0.0,5.0,0.13399627783254286
2019-09-17,1505.0999755859375,0.001330583482459513,7.690476046668159e-05,0.0,5.0,0.12301187442943552
2019-09-18,1507.5,0.0015945946800830502,7.46031744139535e-05,0.0,5.0,0.12523275986037846
2019-09-19,1498.4000244140625,-0.006036468050373167,7.472222286557397e-05,0.0,5.0,0.13260940941780103
2019-09-20,1507.300048828125,0.005939685176889142,7.341269935880388e-05,0.0,5.0,0.12856165960173607
2019-09-23,1523.699951171875,0.010880316998928219,7.321428684961227e-05,0.0,5.0,0.14462252710856388
2019-09-24,1532.0999755859375,0.0055129124389627915,7.46031744139535e-05,0.0,5.0,0.1649537753145802
2019-09-25,1504.5999755859375,-0.01794922031082391,7.321428684961227e-05,0.0,5.0,0.158577421418671
2019-09-26,1507.5,0.001927438828339234,7.023809448121085e-05,0.0,5.0,0.1396161898830843
2019-09-27,1499.0999755859375,-0.005572155498548947,6.865079440767803e-05,0.0,5.0,0.1559138853151605
2019-09-30,1465.699951171875,-0.022280051336141082,7.023809448121085e-05,0.0,5.0,0.35601896502809727
2019-10-01,1482.0,0.01112099977563119,6.956349289606488e-05,0.0,5.0,0.2443331767602949
2019-10-02,1501.0,0.012820512820512775,6.884920691686963e-05,0.0,5.0,0.17326328536661462
2019-10-03,1507.0999755859375,0.004063941096560608,6.607142705765981e-05,0.0,5.0,0.14439844435428967
2019-10-04,1506.199951171875,-0.0005971895883765121,6.567460203927661e-05,0.0,5.0,0.1438070739401022
2019-10-07,1497.699951171875,-0.005643341040734162,6.638888801847186e-05,0.0,5.0,0.15067188420640099
2019-10-08,1497.199951171875,-0.0003338452402357195,6.567460203927661e-05,0.0,5.0,0.13389367583630418
2019-10-09,1506.0999755859375,0.005944446102269962,6.460317543574742e-05,0.0,5.0,0.11924752192117606
2019-10-10,1494.800048828125,-0.007502773349037706,6.480158794493902e-05,0.0,5.0,0.1288444557875311
2019-10-11,1482.699951171875,-0.00809479345798525,6.440476292655581e-05,0.0,5.0,0.17871418240571593
2019-10-14,1491.699951171875,0.006070007618794726,6.420635041736421e-05,0.0,5.0,0.12711416031340841
2019-10-15,1477.5999755859375,-0.009452286684638267,6.420635041736421e-05,0.0,5.0,0.19670911590986165
2019-10-16,1488.0,0.007038457353749195,6.408730196574378e-05,0.0,5.0,0.1280929516101348
2019-10-17,1492.300048828125,0.0028898177608367437,6.448412698412699e-05,0.0,5.0,0.118771470006774
2019-10-18,1488.199951171875,-0.0027475021926520737,6.448412698412699e-05,0.0,5.0,0.13029193828259716
2019-10-21,1482.4000244140625,-0.0038972765408609167,6.448412698412699e-05,0.0,5.0,0.1320263687199505
2019-10-22,1481.699951171875,-0.00047225663158245723,6.408730196574378e-05,0.0,5.0,0.13273060887148702
2019-10-23,1489.9000244140625,0.005534233321464299,6.408730196574378e-05,0.0,5.0,0.08523561134203105
2019-10-24,1498.9000244140625,0.006040673771744887,6.440476292655581e-05,0.0,5.0,0.07350980047826675
2019-10-25,1499.5,0.000400277254096304,6.448412698412699e-05,0.0,5.0,0.06915476142762979
2019-10-28,1490.0,-0.006335445148382801,6.369047694736057e-05,0.0,5.0,0.11368620632898577
2019-10-29,1487.0,-0.00201342281879191,6.329365192897736e-05,0.0,5.0,0.10683141878588519
2019-10-30,1493.199951171875,0.004169435892316775,6.329365192897736e-05,0.0,5.0,0.0873866448450338
2019-10-31,1511.4000244140625,0.012188637715869088,5.944444546623834e-05,0.0,5.0,0.08943135549663514
2019-11-01,1508.0,-0.002249586052098018,5.8928571996234715e-05,0.0,5.0,0.09005179699889468
2019-11-04,1508.0,0.0,5.9642857975429956e-05,0.0,5.0,0.08594698256448983
2019-11-05,1480.800048828125,-0.018037102899121304,6.023809550300477e-05,0.0,5.0,0.20998232811277576
2019-11-06,1490.199951171875,0.006347853885599886,6.011904705138434e-05,0.0,5.0,0.11979822518736832
2019-11-07,1464.199951171875,-0.01744732307872776,6.023809550300477e-05,0.0,5.0,0.35976272430780576
2019-11-08,1461.300048828125,-0.0019805371127277205,5.992063454219273e-05,0.0,5.0,0.38260731817353244
2019-11-11,1455.5,-0.0039691019190591925,6.0039682993813164e-05,0.0,5.0,0.38253081473007516
2019-11-12,1452.0999755859375,-0.00233598379530231,6.0833333030579586e-05,0.0,5.0,0.3595200053542916
2019-11-13,1461.699951171875,0.006611098235205004,6.0912697088150755e-05,0.0,5.0,0.24036014097568922
2019-11-14,1471.800048828125,0.006909829646058796,6.063492052138797e-05,0.0,5.0,0.13211583662459156
2019-11-15,1467.300048828125,-0.003057480534521595,6.063492052138797e-05,0.0,5.0,0.16917097628652839
2019-11-18,1470.9000244140625,0.0024534692742719244,6.043650801219637e-05,0.0,5.0,0.13085047927202587
2019-11-19,1473.300048828125,0.0016316706602941267,6.051587206976755e-05,0.0,5.0,0.09768686128542318
2019-11-20,1473.300048828125,0.0,6.031745956057594e-05,0.0,5.0,0.0972948488535787
2019-11-21,1463.0999755859375,-0.0069232830408855195,6.071428457895915e-05,0.0,5.0,0.15745361526836155
2019-11-22,1463.0999755859375,0.0,6.123015804896279e-05,0.0,5.0,0.1605766517826962
2019-11-25,1456.5999755859375,-0.004442621904492183,6.130952210653396e-05,0.0,5.0,0.19277834261223808
2019-11-26,1459.800048828125,0.0021969472029548243,6.210317687382774e-05,0.0,5.0,0.16001064421953098
2019-11-27,1453.4000244140625,-0.00438417879160935,6.210317687382774e-05,0.0,5.0,0.21621376925577343
2019-11-29,1465.5999755859375,0.008394076625114488,6.111110959734234e-05,0.0,5.0,0.1091392231924468
2019-12-02,1462.300048828125,-0.0022515876178922367,6.1031745539771194e-05,0.0,5.0,0.12985439716460154
2019-12-03,1478.199951171875,0.010873214670608755,6.1031745539771194e-05,0.0,5.0,0.08844322107240682
2019-12-04,1474.0,-0.002841260526727396,5.944444546623834e-05,0.0,5.0,0.08992316026149119
2019-12-05,1476.9000244140625,0.001967452112661139,5.924603295704674e-05,0.0,5.0,0.09726562366760134
2019-12-06,1459.0999755859375,-0.012052304512072065,5.873015948704311e-05,0.0,5.0,0.16074923536769223
2019-12-09,1459.300048828125,0.0001371209961862352,5.944444546623834e-05,0.0,5.0,0.16677170473312522
2019-12-10,1462.5999755859375,0.002261307919822597,6.011904705138434e-05,0.0,5.0,0.15257643999078332
2019-12-11,1469.4000244140625,0.004649288213888214,6.031745956057594e-05,0.0,5.0,0.11343143912481045
2019-12-12,1466.699951171875,-0.001837534502059257,6.071428457895915e-05,0.0,5.0,0.15377834998203527
2019-12-13,1475.5999755859375,0.006068060755679117,6.043650801219637e-05,0.0,5.0,0.08956297729359397
2019-12-16,1475.0,-0.0004065977201573867,6.051587206976755e-05,0.0,5.0,0.09199970073778897
2019-12-17,1474.5999755859375,-0.00027120299258476255,6.071428457895915e-05,0.0,5.0,0.11010952761923891
2019-12-18,1472.5999755859375,-0.0013563000360183874,6.023809550300477e-05,0.0,5.0,0.12466888221049635
2019-12-19,1478.199951171875,0.003802781256810217,6.0833333030579586e-05,0.0,5.0,0.11097122367028124
2019-12-20,1474.699951171875,-0.0023677446323991935,6.063492052138797e-05,0.0,5.0,0.1388804521449548
2019-12-23,1482.5,0.00528924465070113,6.031745956057594e-05,0.0,5.0,0.11972412484607198
2019-12-24,1499.0999755859375,0.011197285386804312,6.1031745539771194e-05,0.0,5.0,0.1471808987213373
2019-12-26,1509.300048828125,0.00680413141771985,6.0912697088150755e-05,0.0,5.0,0.17753929280597175
2019-12-27,1513.800048828125,0.0029815145129650222,6.023809550300477e-05,0.0,5.0,0.18941555980405533
2019-12-30,1514.5,0.0004623802016765488,5.9126984505426316e-05,0.0,5.0,0.19213119847620777
2019-12-31,1519.5,0.003301419610432399,5.972222203300113e-05,0.0,5.0,0.2068135856630046
2020-01-02,1524.5,0.0032905561039815456,5.932539701461792e-05,0.0,150.0,0.029110506906061057
2020-01-03,1549.199951171875,0.01620200142464734,5.845238292028033e-05,0.0,150.0,0.061075706947437636
2020-01-06,1566.199951171875,0.010973405974574524,5.904762044785515e-05,0.0,150.0,0.08781267146772502
2020-01-07,1571.800048828125,0.003575595601353454,5.9523809523809524e-05,0.0,150.0,0.09343279757068197
2020-01-08,1557.4000244140625,-0.009161486173001832,5.924603295704674e-05,0.0,150.0,0.016954946456690725
2020-01-09,1551.699951171875,-0.0036599930350791343,5.9523809523809524e-05,0.0,150.0,0.013585054892445632
2020-01-10,1557.5,0.0037378675070167677,5.944444546623834e-05,0.0,150.0,0.016752671666504914
2020-01-13,1548.4000244140625,-0.005842680954052937,5.992063454219273e-05,0.0,150.0,0.01034075252792626
2020-01-14,1542.4000244140625,-0.0038749676475047234,6.071428457895915e-05,0.0,150.0,0.009226602428983849
2020-01-15,1552.0999755859375,0.0062888686581550335,5.984127048462156e-05,0.0,150.0,0.011954513840724244
2020-01-16,1549.0,-0.001997278290509108,6.023809550300477e-05,0.0,150.0,0.01071392288162315
2020-01-17,1558.800048828125,0.006326693885167822,6.043650801219637e-05,0.0,150.0,0.014334466856117653
2020-01-21,1556.4000244140625,-0.001539661495306488,5.9642857975429956e-05,0.0,150.0,0.013456646045059006
2020-01-22,1555.300048828125,-0.000706743490544226,6.0039682993813164e-05,0.0,150.0,0.01420956133456799
2020-01-23,1564.5999755859375,0.005979506504111276,6.011904705138434e-05,0.0,150.0,0.019079746731476895
2020-01-24,1571.0999755859375,0.004154416529097649,5.9126984505426316e-05,0.0,150.0,0.024232880846046245
2020-01-27,1576.800048828125,0.0036280779904294125,5.972222203300113e-05,0.0,150.0,0.024618727061476598
2020-01-28,1569.199951171875,-0.004819950165462217,6.071428457895915e-05,0.0,150.0,0.01590454786114943
2020-01-29,1569.800048828125,0.000382422683483874,6.031745956057594e-05,0.0,150.0,0.016699190443304538
2020-01-30,1583.5,0.008727195022131706,6.063492052138797e-05,0.0,150.0,0.023569904908093443
2020-01-31,1582.9000244140625,-0.00037889206563779254,5.992063454219273e-05,0.0,150.0,0.023758473598439363
2020-02-03,1577.199951171875,-0.003601031748229011,6.023809550300477e-05,0.0,150.0,0.01855551550899364
2020-02-04,1550.4000244140625,-0.01699209205395924,6.1031745539771194e-05,0.0,150.0,0.00619716517544121
2020-02-05,1557.800048828125,0.004772977488090024,6.031745956057594e-05,0.0,150.0,0.006292259457560796
2020-02-06,1565.0999755859375,0.004686048612788207,6.071428457895915e-05,0.0,150.0,0.007540695714944862
2020-02-07,1568.5999755859375,0.0022362788669072486,6.023809550300477e-05,0.0,150.0,0.008430810360710956
2020-02-10,1574.699951171875,0.003888802550604975,6.031745956057594e-05,0.0,150.0,0.010997280772495451
2020-02-11,1565.5999755859375,-0.005778863191787997,6.1031745539771194e-05,0.0,150.0,0.008882906848206973
2020-02-12,1567.4000244140625,0.001149750163640162,6.0912697088150755e-05,0.0,150.0,0.010285124689987041
2020-02-13,1575.0999755859375,0.004912562876061788,6.130952210653396e-05,0.0,150.0,0.013388474479115745
2020-02-14,1582.699951171875,0.004825075045227001,6.0912697088150755e-05,0.0,150.0,0.017228498814430414
2020-02-18,1600.0,0.0109307192530812,6.0912697088150755e-05,0.0,150.0,0.023239328689132432
2020-02-19,1607.5,0.004687499999999956,6.123015804896279e-05,0.0,150.0,0.026160955496897894
2020-02-20,1616.5999755859375,0.0056609490425738596,6.1031745539771194e-05,0.0,150.0,0.030543743541621322
2020-02-21,1644.5999755859375,0.017320302129691267,6.023809550300477e-05,0.0,150.0,0.05166507814199835
2020-02-24,1672.4000244140625,0.01690383633759951,5.9642857975429956e-05,0.0,150.0,0.07666588480355518
2020-02-25,1646.9000244140625,-0.015247548210802098,5.9126984505426316e-05,0.0,150.0,0.02782931299502367
2020-02-26,1640.0,-0.004189704482223999,5.865079542947194e-05,0.0,150.0,0.0209862363906841
2020-02-27,1640.0,0.0,5.535714210025848e-05,0.0,150.0,0.017109029946185957
2020-02-28,1564.0999755859375,-0.046280502691501524,4.880952456640819e-05,0.0,150.0,0.012560157078756538
2020-03-02,1592.300048828125,0.01802958486181372,4.503968216124035e-05,0.0,150.0,0.009639182908073295
2020-03-03,1642.0999755859375,0.03127546645147916,3.642857074737549e-05,0.0,150.0,0.014343761034142276
2020-03-04,1641.0999755859375,-0.0006089763198755538,2.6785714758767023e-05,0.0,150.0,0.013094849825144817
2020-03-05,1666.4000244140625,0.015416518922981348,2.3611112246437678e-05,0.0,150.0,0.01798943795735924
2020-03-06,1670.800048828125,0.0026404370796919707,1.6468253637117052e-05,0.0,150.0,0.01720300306167721
2020-03-09,1674.5,0.0022144787309947844,1.3095238615596102e-05,0.0,150.0,0.015433334789867003
2020-03-10,1659.0999755859375,-0.009196789736675148,1.547618990852719e-05,0.0,150.0,0.010945081344297771
2020-03-11,1641.4000244140625,-0.010668405420007354,1.4603174631557765e-05,0.0,150.0,0.007474565693901811
2020-03-12,1589.300048828125,-0.031741181193497225,1.0833333409021768e-05,0.0,150.0,0.011101929619550243
2020-03-13,1515.699951171875,-0.04630975611591981,9.642857171240305e-06,0.0,150.0,0.028298071875516438
2020-03-16,1485.9000244140625,-0.019660835071461547,7.3412699358803885e-06,0.0,150.0,0.041186198133791645
2020-03-17,1524.9000244140625,0.026246718728858642,6.547619307798051e-06,0.0,150.0,0.02869433166312466
2020-03-18,1477.300048828125,-0.031215145139910194,1.1904762008242064e-07,0.0,150.0,0.037451997017969696
2020-03-19,1478.5999755859375,0.0008799341466505517,-1.1111111454074327e-06,0.0,150.0,0.033747853791142576
2020-03-20,1484.0,0.003652119912907814,-1.309523802428016e-06,0.0,150.0,0.02930393998142844
2020-03-23,1567.0,0.055929919137466255,-1.5873015518226308e-06,0.0,150.0,0.02327276639323113
2020-03-24,1660.199951171875,0.059476675923340716,-1.309523802428016e-06,0.0,150.0,0.04768420458699865
2020-03-25,1632.300048828125,-0.016805145864542737,-2.777777789604095e-06,0.0,150.0,0.03176179317584327
2020-03-26,1650.0999755859375,0.010904812978834055,-4.166666536577163e-06,0.0,150.0,0.0346070649817844
2020-03-27,1623.9000244140625,-0.01587779623023844,-2.3015872353599167e-06,0.0,150.0,0.02195145260154769
2020-03-30,1622.0,-0.0011700378012791113,5.158730265167024e-07,0.0,150.0,0.02010490758265265
2020-03-31,1583.4000244140625,-0.023797765466052723,1.1904761638669722e-06,0.0,150.0,0.017545597086488826
2020-04-01,1578.199951171875,-0.0032841184552284686,2.5000000402094805e-06,0.0,150.0,0.016815435356154568
2020-04-02,1625.699951171875,0.03009758045216593,2.5793649847545313e-06,0.0,150.0,0.019602843981188934
2020-04-03,1633.699951171875,0.004920957273962578,2.3015872353599167e-06,0.0,150.0,0.01939202469283872
2020-04-06,1677.0,0.026504284827250757,2.3809523277339444e-06,0.0,150.0,0.029782405860018176
2020-04-07,1664.800048828125,-0.007274866530635027,5.0793653206219725e-06,0.0,150.0,0.0233316217644048
2020-04-08,1665.4000244140625,0.0003603889766581325,7.3412699358803885e-06,0.0,150.0,0.021581829327747278
2020-04-09,1736.199951171875,0.04251226475316172,8.333333073154326e-06,0.0,150.0,0.04705808268215194
2020-04-13,1744.800048828125,0.004953402775092375,7.93650805477112e-06,0.0,150.0,0.046190771730948856
2020-04-14,1756.699951171875,0.006820209772313124,6.547619307798051e-06,0.0,150.0,0.04709415603199879
2020-04-15,1727.199951171875,-0.016792850697309403,4.563492146276289e-06,0.0,150.0,0.01883976443581516
2020-04-16,1720.4000244140625,-0.0039369655801569925,4.365079341426725e-06,0.0,150.0,0.015257548292761809
2020-04-17,1689.199951171875,-0.018135359683463026,4.0873015920321115e-06,0.0,150.0,0.011047162274229985
2020-04-20,1701.5999755859375,0.007340767684405947,2.777777789604095e-06,0.0,150.0,0.010686204472199558
2020-04-21,1678.199951171875,-0.013751777591560432,3.888888787182548e-06,0.0,150.0,0.008749215948127349
2020-04-22,1728.699951171875,0.030091765861830932,3.6904762779909446e-06,0.0,150.0,0.02523218103338853
2020-04-23,1733.300048828125,0.002661015668526945,3.6904762779909446e-06,0.0,150.0,0.024416542617575906
2020-04-24,1723.5,-0.005653982895085452,3.96825402738556e-06,0.0,150.0,0.020630790484602247
2020-04-27,1711.9000244140625,-0.006730476116006634,3.6904762779909446e-06,0.0,150.0,0.018343578570321054
2020-04-28,1710.5,-0.0008178190280367925,3.3730159084948255e-06,0.0,150.0,0.017721869824810086
2020-04-29,1703.4000244140625,-0.004150818816683666,3.571428713344389e-06,0.0,150.0,0.017111369371793368
2020-04-30,1684.199951171875,-0.011271617334156159,3.571428713344389e-06,0.0,150.0,0.01655477782626061
2020-05-01,1694.5,0.006115692392080874,3.6904762779909446e-06,0.0,150.0,0.014442329959865097
2020-05-04,1706.9000244140625,0.007317807267077203,3.571428713344389e-06,0.0,150.0,0.013863295899848346
2020-05-05,1704.4000244140625,-0.0014646434848216705,4.365079341426725e-06,0.0,150.0,0.012306697936125474
2020-05-06,1684.199951171875,-0.01185172081250807,4.285714396881679e-06,0.0,150.0,0.011432510952523898
2020-05-07,1721.800048828125,0.022325198163132498,3.7698412225359962e-06,0.0,150.0,0.013859576280341138
2020-05-08,1709.9000244140625,-0.006911385803573311,3.7698412225359962e-06,0.0,150.0,0.011606649330024955
2020-05-11,1695.300048828125,-0.008538496624058811,4.166666536577163e-06,0.0,150.0,0.010342085294089014
2020-05-12,1704.4000244140625,0.005367766957965925,4.880952515772409e-06,0.0,150.0,0.01050421916884312
2020-05-13,1713.9000244140625,0.005573808885191767,4.563492146276289e-06,0.0,150.0,0.010740810627445004
2020-05-14,1738.0999755859375,0.01411981494086767,4.166666536577163e-06,0.0,150.0,0.014907924319159207
2020-05-15,1753.4000244140625,0.00880274382546209,4.0873015920321115e-06,0.0,150.0,0.01915078203382252
2020-05-18,1731.800048828125,-0.01231890913949063,4.166666536577163e-06,0.0,150.0,0.012092768487460335
2020-05-19,1744.199951171875,0.007160123567464316,4.682539710922846e-06,0.0,150.0,0.014817321855422151
2020-05-20,1750.5999755859375,0.0036693180789062474,4.682539710922846e-06,0.0,150.0,0.015157407320597423
2020-05-21,1720.5,-0.017194091172006765,4.365079341426725e-06,0.0,150.0,0.011049484717672099
2020-05-22,1734.5999755859375,0.008195277876162477,4.365079341426725e-06,0.0,150.0,0.011304611525665774
2020-05-26,1704.800048828125,-0.017179711274783238,4.682539710922846e-06,0.0,150.0,0.010233261347998953
2020-05-27,1710.300048828125,0.003226184797320286,5.357143070016588e-06,0.0,150.0,0.022014494354893572
2020-05-28,1713.300048828125,0.0017540781818112805,5.476190339005182e-06,0.0,150.0,0.022301326638191774
2020-05-29,1736.9000244140625,0.013774572411924924,5.0793653206219725e-06,0.0,150.0,0.024871844587456088
2020-06-01,1737.800048828125,0.0005181785948595863,5.0793653206219725e-06,0.0,150.0,0.02451374832972194
2020-06-02,1725.199951171875,-0.007250602659809369,5.753968088399794e-06,0.0,150.0,0.022149221776627995
2020-06-03,1697.800048828125,-0.015882160398357326,5.87301594870431e-06,0.0,150.0,0.020102676908537606
2020-06-04,1718.9000244140625,0.012427833065796756,5.55555557920819e-06,0.0,150.0,0.020480911650689184
2020-06-05,1676.199951171875,-0.02484151063802742,5.753968088399794e-06,0.0,150.0,0.02094593863524157
2020-06-08,1698.300048828125,0.013184642823070858,6.071428457895913e-06,0.0,150.0,0.01998382353913297
2020-06-09,1714.699951171875,0.009656657759072873,6.547619307798051e-06,0.0,150.0,0.020766361927314705
2020-06-10,1713.300048828125,-0.0008164124241055726,6.547619307798051e-06,0.0,150.0,0.019185582397191408
2020-06-11,1732.0,0.010914580423122988,6.071428457895913e-06,0.0,150.0,0.020922050400890218
2020-06-12,1729.300048828125,-0.0015588632632073107,5.952381188907317e-06,0.0,150.0,0.019840903634002316
2020-06-15,1720.300048828125,-0.005204417825639296,6.150793698098924e-06,0.0,150.0,0.018203255433686543
2020-06-16,1729.5999755859375,0.005405991102626295,6.3492062072905275e-06,0.0,150.0,0.01907576786368359
2020-06-17,1729.199951171875,-0.00023128146375406278,6.547619307798051e-06,0.0,150.0,0.019491818141945533
2020-06-18,1724.800048828125,-0.00254447285912085,5.55555557920819e-06,0.0,150.0,0.01820113487525325
2020-06-19,1745.9000244140625,0.012233287910835555,5.674603439512706e-06,0.0,150.0,0.021876232833299255
2020-06-22,1756.699951171875,0.006185879263869598,5.55555557920819e-06,0.0,150.0,0.023285069258287456
2020-06-23,1772.0999755859375,0.00876645121085673,5.55555557920819e-06,0.0,150.0,0.027548585901462076
2020-06-24,1765.800048828125,-0.0035550628320105693,5.357143070016588e-06,0.0,150.0,0.022115531561773694
2020-06-25,1762.0999755859375,-0.002095408959039924,5.158729969509063e-06,0.0,150.0,0.02033785727733914
2020-06-26,1772.5,0.005902062628770022,5.277777829813576e-06,0.0,150.0,0.023574131742097163
2020-06-29,1774.800048828125,0.0012976298043019252,4.96031746031746e-06,0.0,150.0,0.005968493550202162
2020-06-30,1793.0,0.010254648789249421,5.357143070016588e-06,0.0,150.0,0.010848627771905397
2020-07-01,1773.199951171875,-0.01104297201791693,5.158729969509063e-06,0.0,150.0,0.0038696499585011337
2020-07-02,1784.0,0.0060907112144839015,5.277777829813576e-06,0.0,150.0,0.0060256380749628006
2020-07-06,1788.5,0.002522421524663754,5.0793653206219725e-06,0.0,150.0,0.005597081203888099
2020-07-07,1804.199951171875,0.008778278541724971,5.55555557920819e-06,0.0,150.0,0.009578454107390938
2020-07-08,1815.5,0.006263190962168652,5.357143070016588e-06,0.0,150.0,0.013062994512151269
2020-07-09,1799.199951171875,-0.008978269803428862,4.880952515772409e-06,0.0,150.0,0.005370401208347889
2020-07-10,1798.199951171875,-0.0005558025940077815,4.761904655467893e-06,0.0,150.0,0.004707851517538053
2020-07-13,1811.0,0.007118256687629998,4.96031746031746e-06,0.0,150.0,0.007085060004322513
2020-07-14,1810.5999755859373,-0.00022088592714675226,5.277777829813576e-06,0.0,150.0,0.007791303117081132
2020-07-15,1811.4000244140625,0.0004418694570380577,4.96031746031746e-06,0.0,150.0,0.008284025813547407
2020-07-16,1798.699951171875,-0.007011191934976124,4.0873015920321115e-06,0.0,150.0,0.004651089265062036
2020-07-17,1808.300048828125,0.005337242406658893,4.166666536577163e-06,0.0,150.0,0.0065277531215946144
2020-07-20,1815.9000244140625,0.004202828834110051,4.166666536577163e-06,0.0,150.0,0.008801979885479826
2020-07-21,1842.4000244140625,0.014593314413633873,4.365079341426725e-06,0.0,150.0,0.017803361926877863
2020-07-22,1864.0999755859373,0.011778088842989476,3.96825402738556e-06,0.0,150.0,0.027163144348445543
2020-07-23,1889.0999755859373,0.0134112978528107,4.0873015920321115e-06,0.0,150.0,0.0426774179847503
2020-07-24,1897.300048828125,0.004340730161538575,3.888888787182548e-06,0.0,150.0,0.0477127670252535
2020-07-27,1931.0,0.017762056767294032,3.6904762779909446e-06,0.0,150.0,0.0757616760319155
2020-07-28,1944.699951171875,0.007094744263011377,4.0873015920321115e-06,0.0,150.0,0.08659116238041302
2020-07-29,1953.5,0.004525144777641543,3.571428713344389e-06,0.0,150.0,0.09201598407718375
2020-07-30,1942.300048828125,-0.005733274211351391,3.3730159084948255e-06,0.0,150.0,0.050777480103156324
2020-07-31,1962.800048828125,0.010554496980200723,3.2936506682918174e-06,0.0,150.0,0.061692841550748584
2020-08-03,1966.0,0.0016302991095733521,3.0952381591002142e-06,0.0,150.0,0.05739892270662243
2020-08-04,2001.199951171875,0.01790434952791209,3.571428713344389e-06,0.0,150.0,0.09107058106957443
2020-08-05,2031.0999755859373,0.014941047943036967,3.7698412225359962e-06,0.0,150.0,0.12268314128385382
2020-08-06,2051.5,0.010043830761298445,3.492063473141381e-06,0.0,150.0,0.14211677497685823
2020-08-07,2010.0999755859373,-0.020180367737783422,3.492063473141381e-06,0.0,150.0,0.029952677938125418
2020-08-10,2024.4000244140625,0.007114098304467076,3.492063473141381e-06,0.0,150.0,0.03221944464662139
2020-08-11,1932.5999755859373,-0.045346792986082685,3.96825402738556e-06,0.0,150.0,0.017075947935566892
2020-08-12,1934.9000244140625,0.0011901318727005616,3.96825402738556e-06,0.0,150.0,0.016202842916218284
2020-08-13,1956.699951171875,0.011266694135483313,3.571428713344389e-06,0.0,150.0,0.01786997074664775
2020-08-14,1937.0,-0.010067946881726408,3.492063473141381e-06,0.0,150.0,0.014110062982289496
2020-08-17,1985.0,0.0247805885389778,3.3730159084948255e-06,0.0,150.0,0.019621336626803695
2020-08-18,1999.4000244140625,0.007254420359729119,3.96825402738556e-06,0.0,150.0,0.022009220696779613
2020-08-19,1958.699951171875,-0.020356143215570333,3.7698412225359962e-06,0.0,150.0,0.01602963724909172
2020-08-20,1933.800048828125,-0.012712463860966805,3.492063473141381e-06,0.0,150.0,0.013876468338065044
2020-08-21,1934.5999755859373,0.00041365536126503066,3.492063473141381e-06,0.0,150.0,0.013247993992468808
2020-08-24,1927.699951171875,-0.003566641425172379,3.3730159084948255e-06,0.0,150.0,0.03212526405914073
2020-08-25,1911.800048828125,-0.008248120945422155,3.7698412225359962e-06,0.0,150.0,0.028988197226636377
2020-08-26,1940.699951171875,0.015116592533547024,3.6904762779909446e-06,0.0,150.0,0.03116208456219214
2020-08-27,1921.5999755859373,-0.00984179732390078,3.7698412225359962e-06,0.0,150.0,0.0257801282755923
2020-08-28,1964.5999755859373,0.022377185962904944,3.7698412225359962e-06,0.0,150.0,0.03169591820177489
2020-08-31,1967.5999755859373,0.0015270284217046015,3.7698412225359962e-06,0.0,150.0,0.031729329788128924
2020-09-01,1968.199951171875,0.00030492762420331054,3.96825402738556e-06,0.0,150.0,0.03047518232412105
2020-09-02,1934.4000244140625,-0.017173014732414726,3.96825402738556e-06,0.0,150.0,0.025489689504182848
2020-09-03,1927.5999755859373,-0.0035153271000319952,3.96825402738556e-06,0.0,150.0,0.023964307519507635
2020-09-04,1923.9000244140625,-0.0019194600636732728,4.0873015920321115e-06,0.0,150.0,0.022304728324815663
2020-09-08,1933.0,0.004729962820551936,4.285714396881679e-06,0.0,150.0,0.022000865490189696
2020-09-09,1944.699951171875,0.006052742458290128,4.166666536577163e-06,0.0,150.0,0.023050147454536277
2020-09-10,1954.199951171875,0.004885072370303334,4.0873015920321115e-06,0.0,150.0,0.024401842010204892
2020-09-11,1937.800048828125,-0.008392131180801399,4.0873015920321115e-06,0.0,150.0,0.021532736049986588
2020-09-14,1953.0999755859373,0.007895513661001718,3.96825402738556e-06,0.0,150.0,0.02318798909883897
2020-09-15,1956.300048828125,0.0016384584927495727,3.96825402738556e-06,0.0,150.0,0.02304510674376665
2020-09-16,1960.199951171875,0.0019935093014418204,3.96825402738556e-06,0.0,150.0,0.02333251268061303
2020-09-17,1940.0,-0.010305046258060946,3.3730159084948255e-06,0.0,150.0,0.020199829748064918
2020-09-18,1952.0999755859373,0.006237100817493513,3.2936506682918174e-06,0.0,150.0,0.02183659704574314
2020-09-21,1901.199951171875,-0.026074496721810725,3.1746031036452616e-06,0.0,150.0,0.020232594283160193
2020-09-22,1898.5999755859373,-0.0013675445259374586,3.492063473141381e-06,0.0,150.0,0.017994689061177554
2020-09-23,1859.9000244140625,-0.02038341497393703,3.492063473141381e-06,0.0,150.0,0.020942650719980666
2020-09-24,1868.300048828125,0.004516384915210114,3.6904762779909446e-06,0.0,150.0,0.01856880055987419
2020-09-25,1857.699951171875,-0.005673659144257326,3.571428713344389e-06,0.0,150.0,0.01836711510749397
2020-09-28,1872.800048828125,0.00812838351356171,3.492063473141381e-06,0.0,150.0,0.021961749499072356
2020-09-29,1894.300048828125,0.01148013639440748,3.3730159084948255e-06,0.0,150.0,0.022651640104947815
2020-09-30,1887.5,-0.003589742201786761,3.3730159084948255e-06,0.0,150.0,0.02020181483691803
2020-10-01,1908.4000244140625,0.011072860616721858,3.2936506682918174e-06,0.0,150.0,0.0220508203709503
2020-10-02,1900.199951171875,-0.004296831449006722,3.3730159084948255e-06,0.0,150.0,0.019105087856630017
2020-10-05,1912.5,0.006473028704447437,3.3730159084948255e-06,0.0,150.0,0.021058285795597938
2020-10-06,1901.0999755859373,-0.005960797079248459,3.492063473141381e-06,0.0,150.0,0.017865153832856043
2020-10-07,1883.5999755859373,-0.009205197109429464,3.492063473141381e-06,0.0,150.0,0.017313335087337862
2020-10-08,1888.5999755859373,0.0026544914338537673,3.492063473141381e-06,0.0,150.0,0.01704270218627372
2020-10-09,1919.5,0.01636133898840919,3.6904762779909446e-06,0.0,150.0,0.0193153606147332
2020-10-12,1922.5,0.0015629070070330986,3.571428713344389e-06,0.0,150.0,0.018319888148620345
2020-10-13,1888.5,-0.01768530559167747,3.6904762779909446e-06,0.0,150.0,0.015524928008524029
2020-10-14,1901.300048828125,0.00677789188674871,3.96825402738556e-06,0.0,150.0,0.01555986723086958
2020-10-15,1903.199951171875,0.0009992648687517924,3.7698412225359962e-06,0.0,150.0,0.01588737049718407
2020-10-16,1900.800048828125,-0.001260982768664043,3.571428713344389e-06,0.0,150.0,0.016366144216546853
2020-10-19,1906.4000244140625,0.0029461150263490055,3.571428713344389e-06,0.0,150.0,0.017343137712286856
2020-10-20,1910.4000244140625,0.002098195524955271,3.7698412225359962e-06,0.0,150.0,0.01958530751340858
2020-10-21,1924.5999755859373,0.007432972670857296,3.571428713344389e-06,0.0,150.0,0.022929664222766637
2020-10-22,1901.0999755859373,-0.012210329573991374,3.3730159084948255e-06,0.0,150.0,0.014702597258103559
2020-10-23,1902.0,0.0004734229791283351,3.2936506682918174e-06,0.0,150.0,0.013952527789927187
2020-10-26,1902.699951171875,0.0003680079768006994,3.1746031036452616e-06,0.0,150.0,0.014409191900676075
2020-10-27,1908.800048828125,0.00320602187039154,3.571428713344389e-06,0.0,150.0,0.016401754248332862
2020-10-28,1876.199951171875,-0.017078843683110856,3.571428713344389e-06,0.0,150.0,0.017196966885902797
2020-10-29,1865.5999755859373,-0.005649704648652665,3.2936506682918174e-06,0.0,150.0,0.014919996589826042
2020-10-30,1877.4000244140625,0.006325069137299355,3.2936506682918174e-06,0.0,150.0,0.014769938295393343
2020-11-02,1890.4000244140625,0.0069244699216712835,3.2936506682918174e-06,0.0,150.0,0.01554691325016387
2020-11-03,1908.5,0.009574680148212389,3.571428713344389e-06,0.0,150.0,0.01937048121215607
2020-11-04,1894.5999755859373,-0.007283219499115923,3.2936506682918174e-06,0.0,150.0,0.014322996193532032
2020-11-05,1945.300048828125,0.02676030502244031,3.3730159084948255e-06,0.0,150.0,0.02257248892161085
2020-11-06,1950.300048828125,0.0025702975759509528,3.2936506682918174e-06,0.0,150.0,0.022416237093071355
2020-11-09,1853.199951171875,-0.04978726104970077,3.492063473141381e-06,0.0,150.0,0.021162888170464682
2020-11-10,1875.4000244140625,0.01197931892246662,3.571428713344389e-06,0.0,150.0,0.01828965597556396
2020-11-11,1860.699951171875,-0.007838366775525851,3.571428713344389e-06,0.0,150.0,0.016897351380748802
2020-11-12,1872.5999755859373,0.00639545586410506,3.3730159084948255e-06,0.0,150.0,0.015648938111690495
2020-11-13,1885.699951171875,0.006995608115309748,3.2936506682918174e-06,0.0,150.0,0.01533975045294008
2020-11-16,1887.300048828125,0.0008485430862188448,2.9761905944536585e-06,0.0,150.0,0.015710223236618723
2020-11-17,1884.5,-0.0014836267449171991,3.1746031036452616e-06,0.0,150.0,0.013409831621743657
2020-11-18,1873.5,-0.005837092066861227,2.9761905944536585e-06,0.0,150.0,0.01238838993632864
2020-11-19,1861.0999755859373,-0.006618641267180481,2.3809523277339444e-06,0.0,150.0,0.012058873854040293
2020-11-20,1872.5999755859373,0.006179141449066616,2.3015872353599167e-06,0.0,150.0,0.015115674009151085
2020-11-23,1837.800048828125,-0.018583748377398845,2.777777789604095e-06,0.0,150.0,0.016308738129045153
2020-11-24,1804.800048828125,-0.0179562515634073,3.1746031036452616e-06,0.0,150.0,0.01778053802605125
2020-11-25,1805.699951171875,0.0004986160900950498,3.1746031036452616e-06,0.0,150.0,0.029151042546658127
2020-11-27,1781.9000244140625,-0.013180443817571552,2.896825354250651e-06,0.0,150.0,0.020372735516126426
2020-11-30,1775.699951171875,-0.0034794731226440723,2.9761905944536585e-06,0.0,150.0,0.019362325265577268
2020-12-01,1814.0999755859373,0.02162528888324866,3.1746031036452616e-06,0.0,150.0,0.014004754215060687
2020-12-02,1825.699951171875,0.006394341955818117,2.9761905944536585e-06,0.0,150.0,0.013467058159170245
2020-12-03,1836.800048828125,0.006079913432174289,2.9761905944536585e-06,0.0,150.0,0.013028630287588175
2020-12-04,1835.9000244140625,-0.0004899958569996032,2.9761905944536585e-06,0.0,150.0,0.011474050813512568
2020-12-07,1861.800048828125,0.014107535306737917,2.777777789604095e-06,0.0,150.0,0.013067916673800676
2020-12-08,1870.800048828125,0.004834031455560828,2.698412845059044e-06,0.0,150.0,0.013318863776595509
2020-12-09,1834.5999755859373,-0.019350049335771335,2.777777789604095e-06,0.0,150.0,0.011712228389410247
2020-12-10,1833.5999755859373,-0.000545077953399975,2.777777789604095e-06,0.0,150.0,0.010359554970477716
2020-12-11,1839.800048828125,0.0033813663420270146,2.5793649847545313e-06,0.0,150.0,0.009918149692336196
2020-12-14,1828.699951171875,-0.006033317404964933,2.3809523277339444e-06,0.0,150.0,0.009752698236018684
2020-12-15,1852.300048828125,0.012905396339692787,2.777777789604095e-06,0.0,150.0,0.010211837380913358
2020-12-16,1856.0999755859373,0.0020514639408535373,2.9761905944536585e-06,0.0,150.0,0.009527977410163261
2020-12-17,1887.199951171875,0.016755549806049652,3.1746031036452616e-06,0.0,150.0,0.01203745276416741
2020-12-18,1885.699951171875,-0.0007948283376483234,3.1746031036452616e-06,0.0,150.0,0.010783703964669194
2020-12-21,1879.199951171875,-0.0034469958998304406,3.0952381591002142e-06,0.0,150.0,0.00897729925691866
2020-12-22,1866.5999755859373,-0.006704968025398439,3.0952381591002142e-06,0.0,150.0,0.007648292201270439
2020-12-23,1874.699951171875,0.00433942767163864,2.9761905944536585e-06,0.0,150.0,0.008013756090190415
2020-12-24,1879.9000244140625,0.0027738162786727916,2.9761905944536585e-06,0.0,150.0,0.009175759239274365
2020-12-28,1877.199951171875,-0.0014362855508920358,3.1746031036452616e-06,0.0,150.0,0.007959932671664493
2020-12-29,1879.699951171875,0.0013317707569933113,3.571428713344389e-06,0.0,150.0,0.00789329007694048
2020-12-30,1891.0,0.006011623728074289,2.777777789604095e-06,0.0,150.0,0.00899704610017506
2020-12-31,1893.0999755859373,0.0011105106218600724,2.5793649847545313e-06,0.0,150.0,0.009321587153890379
2021-01-04,1944.699951171875,0.027256867704499754,2.698412845059044e-06,0.0,0.0,0.004525284571618309
2021-01-05,1952.699951171875,0.004113745153939696,3.0952381591002142e-06,0.0,0.0,0.005157444225920309
2021-01-06,1906.9000244140625,-0.023454666821867143,3.0952381591002142e-06,0.0,0.0,0.0008777248777734304
2021-01-07,1912.300048828125,0.002831834047367865,3.1746031036452616e-06,0.0,0.0,0.0008297532657898647
2021-01-08,1834.0999755859373,-0.040893202554750485,3.1746031036452616e-06,0.0,0.0,0.005019586731900873
2021-01-11,1849.5999755859373,0.008451011507727868,3.1746031036452616e-06,0.0,0.0,0.0034756529207766013
2021-01-12,1842.9000244140625,-0.003622378492815659,3.1746031036452616e-06,0.0,0.0,0.0034479645726127966
2021-01-13,1853.5999755859373,0.005806039953402564,3.1746031036452616e-06,0.0,0.0,0.003101367792570579
2021-01-14,1850.300048828125,-0.0017802798884744009,2.9761905944536585e-06,0.0,0.0,0.0024413295112715758
2021-01-15,1829.300048828125,-0.011349510590620282,2.9761905944536585e-06,0.0,0.0,0.003017758534317634
2021-01-19,1839.5,0.0055758765099303,2.896825354250651e-06,0.0,0.0,0.0024361611842359057
2021-01-20,1865.9000244140625,0.01435173928462219,2.9761905944536585e-06,0.0,0.0,0.002043641922867321
2021-01-21,1865.300048828125,-0.0003215475524342981,2.896825354250651e-06,0.0,0.0,0.00139331902342597
2021-01-22,1855.699951171875,-0.005146677427195323,2.777777789604095e-06,0.0,0.0,0.0017038963719716446
2021-01-25,1854.9000244140625,-0.00043106470812126485,2.777777789604095e-06,0.0,0.0,0.0012989926866064842
2021-01-26,1850.699951171875,-0.002264312462616047,2.698412845059044e-06,0.0,0.0,0.0011384321817457558
2021-01-27,1844.9000244140625,-0.0031339098237614937,2.3809523277339444e-06,0.0,0.0,0.001155424768837522
2021-01-28,1837.9000244140625,-0.0037942435402282815,2.182539670713361e-06,0.0,0.0,0.0013351750269216776
2021-01-29,1847.300048828125,0.005114546106532281,1.90476192131875e-06,0.0,0.0,0.0010727205030032676
2021-02-01,1860.800048828125,0.0073079627798224855,1.90476192131875e-06,0.0,0.0,0.0007473789132559167
2021-02-02,1830.5,-0.016283344815692047,1.984127013692778e-06,0.0,0.0,0.0019935443870631557
2021-02-03,1832.199951171875,0.0009286813285305229,1.5873015518226308e-06,0.0,0.0,0.002007142480738277
2021-02-04,1788.9000244140625,-0.023632751834819055,1.1904761638669722e-06,0.0,0.0,0.005051498309168184
2021-02-05,1810.9000244140625,0.012298060092657215,9.126984144723571e-07,0.0,0.0,0.002691340740057925
2021-02-08,1831.9000244140625,0.011596443600907724,7.936507759113135e-07,0.0,0.0,0.001471543681185088
2021-02-09,1835.300048828125,0.0018560098088049592,1.309523802428016e-06,0.0,0.0,0.0013060192136865767
2021-02-10,1840.5999755859373,0.002887771272711781,1.3888888948020476e-06,0.0,0.0,0.0012465145441863245
2021-02-11,1824.9000244140625,-0.008529800815017863,1.3888888948020476e-06,0.0,0.0,0.0018245965018832
2021-02-12,1821.5999755859373,-0.0018083449964251264,1.3888888948020476e-06,0.0,0.0,0.0015043966696280421
2021-02-16,1797.199951171875,-0.013394831324706091,1.3888888948020476e-06,0.0,0.0,0.0027398889019109233
2021-02-17,1771.0999755859375,-0.014522577506703604,1.3888888948020476e-06,0.0,0.0,0.0046390723699655445
2021-02-18,1773.4000244140625,0.0012986555585965398,9.126984144723571e-07,0.0,0.0,0.0040007535482882274
2021-02-19,1775.800048828125,0.0013533463296615533,9.126984144723571e-07,0.0,0.0,0.0033514565594561794
2021-02-22,1806.699951171875,0.01740055270532359,9.92063506846389e-07,0.0,0.0,0.001295625434763476
2021-02-23,1804.4000244140625,-0.0012729987380144525,9.126984144723571e-07,0.0,0.0,0.001208651320249117
2021-02-24,1796.4000244140625,-0.004433606679094204,1.1111111454074327e-06,0.0,0.0,0.0017657208116910485
2021-02-25,1774.4000244140625,-0.012246715487089666,1.309523802428016e-06,0.0,0.0,0.003017782024644746
2021-02-26,1728.0999755859375,-0.026093354480996478,1.3888888948020476e-06,0.0,0.0,0.0069857347671791565
2021-03-01,1722.5,-0.003240539126816877,1.1111111454074327e-06,0.0,0.0,0.0072382394820992985
2021-03-02,1733.0999755859375,0.006153831980225011,1.3888888948020476e-06,0.0,0.0,0.004812781888950293
2021-03-03,1715.300048828125,-0.010270571235681092,1.3888888948020476e-06,0.0,0.0,0.00583850234590641
2021-03-04,1700.199951171875,-0.00880318149968351,1.1111111454074327e-06,0.0,0.0,0.0071859520171921355
2021-03-05,1698.0,-0.0012939367339462882,1.1111111454074327e-06,0.0,0.0,0.006154610340982135
2021-03-08,1677.699951171875,-0.011955270216799208,1.3888888948020476e-06,0.0,0.0,0.007932031882798658
2021-03-09,1716.5999755859375,0.02318652056161219,1.3888888948020476e-06,0.0,0.0,0.003538988023841462
2021-03-10,1721.5,0.002854494048556644,1.1904761638669722e-06,0.0,0.0,0.0028035014634661477
2021-03-11,1722.300048828125,0.00046473937155089295,1.1111111454074327e-06,0.0,0.0,0.0027449575702064057
2021-03-12,1719.5,-0.0016257613358544587,9.92063506846389e-07,0.0,0.0,0.0025123382663482198
2021-03-15,1728.9000244140625,0.005466719635977002,5.952380819334841e-07,0.0,0.0,0.001922185293506243
2021-03-16,1730.5999755859375,0.0009832559129330232,3.17460332538873e-07,0.0,0.0,0.0017488264887479759
2021-03-17,1726.800048828125,-0.0021957279622206727,3.17460332538873e-07,0.0,0.0,0.0019313018056759668
2021-03-18,1732.199951171875,0.003127115005246095,1.1904762008242064e-07,0.0,0.0,0.001740248942791764
2021-03-19,1741.4000244140625,0.0053112074249646035,1.9841269397782539e-07,0.0,0.0,0.001286619784797222
2021-03-22,1737.800048828125,-0.002067288121894273,1.9841269397782539e-07,0.0,0.0,0.0013463226094924214
2021-03-23,1724.699951171875,-0.00753832275760602,3.9682538795565474e-07,0.0,0.0,0.0017289286820759769
2021-03-24,1732.9000244140625,0.00475449265051342,5.952380819334841e-07,0.0,0.0,0.001429596877611546
2021-03-25,1724.9000244140625,-0.004616538685031757,5.952380819334841e-07,0.0,0.0,0.001638402086395219
2021-03-26,1732.199951171875,0.004232086877204555,5.952380819334841e-07,0.0,0.0,0.00139198908370956
2021-03-29,1712.0999755859375,-0.011603727140356623,3.17460332538873e-07,0.0,0.0,0.002079939276070259
2021-03-30,1683.9000244140625,-0.016470972241106496,5.158730265167024e-07,0.0,0.0,0.003848395553054152
2021-03-31,1713.800048828125,0.017756413077116395,5.158730265167024e-07,0.0,0.0,0.0017980048285035951
2021-04-01,1726.5,0.007410404253727965,3.17460332538873e-07,0.0,0.0,0.0014832847829194876
2021-04-05,1727.0,0.0002896032435564244,5.952380819334841e-07,0.0,0.0,0.0014355464719286335
2021-04-06,1741.5,0.008396062536189852,5.952380819334841e-07,0.0,0.0,0.001377779218365089
2021-04-07,1740.0999755859375,-0.0008039186988587632,3.9682538795565474e-07,0.0,0.0,0.0014356950634007266
2021-04-08,1756.800048828125,0.009597191814547434,1.9841269397782539e-07,0.0,0.0,0.0019040903163066612
2021-04-09,1743.300048828125,-0.007684426015928891,1.1904762008242064e-07,0.0,0.0,0.0016230103413856138
2021-04-12,1731.199951171875,-0.006940915113484825,3.9682538795565474e-07,0.0,0.0,0.00139963886844512
2021-04-13,1746.199951171875,0.008664510410739235,5.952380819334841e-07,0.0,0.0,0.0015872654981171337
2021-04-14,1734.9000244140625,-0.006471152831168725,5.952380819334841e-07,0.0,0.0,0.0011455507620062486
2021-04-15,1765.4000244140625,0.017580263744765956,3.9682538795565474e-07,0.0,0.0,0.001426433132166372
2021-04-16,1779.0,0.007703622633885132,3.17460332538873e-07,0.0,0.0,0.0022502709207415355
2021-04-19,1769.4000244140625,-0.005396276327114924,5.952380819334841e-07,0.0,0.0,0.0009118350758728794
2021-04-20,1777.300048828125,0.004464804060731575,5.952380819334841e-07,0.0,0.0,0.0015495616828078381
2021-04-21,1792.300048828125,0.00843976795583301,5.158730265167024e-07,0.0,0.0,0.0025020333798100695
2021-04-22,1781.199951171875,-0.0061932139451247314,5.952380819334841e-07,0.0,0.0,0.0010419722967228546
2021-04-23,1777.0,-0.0023579335768069143,5.952380819334841e-07,0.0,0.0,0.0006741763066274109
2021-04-26,1779.199951171875,0.0012380141653769439,3.17460332538873e-07,0.0,0.0,0.0010876025919936225
2021-04-27,1778.0,-0.0006744330062985471,3.9682538795565474e-07,0.0,0.0,0.0007739764405634262
2021-04-28,1773.199951171875,-0.0026996900045697103,3.17460332538873e-07,0.0,0.0,0.001067191660636032
2021-04-29,1768.0999755859375,-0.0028761424127984325,3.17460332538873e-07,0.0,0.0,0.001001059095057317
2021-04-30,1767.300048828125,-0.00045242167799219857,1.1904762008242064e-07,0.0,0.0,0.0011105292089607735
2021-05-03,1791.4000244140625,0.013636606642951188,1.9841269397782539e-07,0.0,0.0,0.0015351382298434023
2021-05-04,1775.800048828125,-0.008708259112053973,3.9682538795565474e-07,0.0,0.0,0.0005151510993028801
2021-05-05,1784.0999755859375,0.004673908395987247,3.17460332538873e-07,0.0,0.0,0.0007300297044628642
2021-05-06,1815.5,0.017599924244015464,3.17460332538873e-07,0.0,0.0,0.0023924174680076005
2021-05-07,1831.0999755859373,0.008592660746867153,3.17460332538873e-07,0.0,0.0,0.00313809798258586
2021-05-10,1837.5,0.0034951802192093595,1.9841269397782539e-07,0.0,0.0,0.0034861597124457417
2021-05-11,1835.9000244140625,-0.0008707350127551416,3.9682538795565474e-07,0.0,0.0,0.0030528156421196304
2021-05-12,1822.5999755859373,-0.00724442978989015,3.9682538795565474e-07,0.0,0.0,0.0009951656858752332
2021-05-13,1823.800048828125,0.0006584402821590007,3.17460332538873e-07,0.0,0.0,0.0011075667866762562
2021-05-14,1837.9000244140625,0.007731097274066512,1.9841269397782539e-07,0.0,0.0,0.001974183581246231
2021-05-17,1867.5,0.016105324115969877,1.9841269397782539e-07,0.0,0.0,0.005280279716918998
2021-05-18,1867.800048828125,0.0001606687165327525,3.9682538795565474e-07,0.0,0.0,0.004541366731144708
2021-05-19,1881.300048828125,0.007227754388629659,1.9841269397782539e-07,0.0,0.0,0.006369382576139371
2021-05-20,1881.800048828125,0.0002657736602469374,1.1904762008242064e-07,0.0,0.0,0.006238667085438178
2021-05-21,1876.699951171875,-0.00271022293756773,1.1904762008242064e-07,0.0,0.0,0.005154563219850857
2021-05-24,1884.5999755859373,0.00420952982341638,1.1904762008242064e-07,0.0,0.0,0.00675497400675432
2021-05-25,1898.0999755859373,0.007163323875032379,3.9682538795565474e-07,0.0,0.0,0.009570276757252832
2021-05-26,1901.300048828125,0.0016859350315305832,1.9841269397782539e-07,0.0,0.0,0.009358942229324452
2021-05-27,1895.699951171875,-0.0029454044666445967,1.9841269397782539e-07,0.0,0.0,0.006570367944970836
2021-05-28,1902.5,0.0035870913136444305,3.17460332538873e-07,0.0,0.0,0.007989421955741226
2021-06-01,1902.9000244140625,0.00021026250410649538,3.9682538795565474e-07,0.0,0.0,0.007482962272943679
2021-06-02,1907.5,0.0024173501113669005,5.952380819334841e-07,0.0,0.0,0.008731399070327054
2021-06-03,1871.199951171875,-0.019030169765727356,5.952380819334841e-07,0.0,0.0,0.0014878320726660471
2021-06-04,1889.800048828125,0.009940197809753748,5.952380819334841e-07,0.0,0.0,0.002029721472777821
2021-06-07,1896.800048828125,0.0037040955757943195,7.142856835372857e-07,0.0,0.0,0.002518428949622204
2021-06-08,1892.199951171875,-0.002425188495272401,7.936507759113135e-07,0.0,0.0,0.0015995284836536011
2021-06-09,1893.199951171875,0.0005284853745930462,7.936507759113135e-07,0.0,0.0,0.001474460842396825
2021-06-10,1894.199951171875,0.0005282062253282316,7.936507759113135e-07,0.0,0.0,0.0018052265395352928
2021-06-11,1877.4000244140625,-0.00886914116295856,7.142856835372857e-07,0.0,0.0,0.0010009453853879826
2021-06-14,1864.0,-0.007137543538833557,5.952380819334841e-07,0.0,0.0,0.0014164316431080116
2021-06-15,1854.5,-0.005096566523605128,7.936507759113135e-07,0.0,0.0,0.0011783647183980627
2021-06-16,1859.5,0.0026961445133459883,1.1111111454074327e-06,0.0,0.0,0.001294657200272326
2021-06-17,1773.800048828125,-0.04608763171383434,1.1111111454074327e-06,0.0,0.0,0.006967130454695178
2021-06-18,1767.9000244140625,-0.0033262060275397465,1.1111111454074327e-06,0.0,0.0,0.006373298574652118
2021-06-21,1781.800048828125,0.007862449359187895,1.1904761638669722e-06,0.0,0.0,0.004424644921149938
2021-06-22,1776.300048828125,-0.0030867661069026164,1.5079364594485992e-06,0.0,0.0,0.0042068037683088266
2021-06-23,1782.300048828125,0.003377807709884495,1.5873015518226308e-06,0.0,0.0,0.0034633945387185713
2021-06-24,1775.5999755859375,-0.0037592285578361695,1.7063492642981665e-06,0.0,0.0,0.003809367450079558
2021-06-25,1776.5999755859375,0.0005631899153806241,1.7063492642981665e-06,0.0,0.0,0.003682889664085569
2021-06-28,1779.5999755859375,0.0016886187331002223,1.5873015518226308e-06,0.0,0.0,0.002934975871761665
2021-06-29,1762.800048828125,-0.009440282641204889,1.5873015518226308e-06,0.0,0.0,0.003520426967072986
2021-06-30,1770.800048828125,0.0045382345010247516,1.5873015518226308e-06,0.0,0.0,0.0021189370266725626
2021-07-01,1775.9000244140625,0.0028800403463464797,1.5873015518226308e-06,0.0,0.0,0.0015709656599862342
2021-07-02,1782.5999755859375,0.0037727074045654785,1.5079364594485992e-06,0.0,0.0,0.0011467742330073898
2021-07-06,1793.5,0.006114677753476183,1.5873015518226308e-06,0.0,0.0,0.0008319673727923631
2021-07-07,1801.5,0.004460551993309192,1.7063492642981665e-06,0.0,0.0,0.0006646473374139144
2021-07-08,1799.5999755859375,-0.0010546902104149325,1.7063492642981665e-06,0.0,0.0,0.0009234227553150886
2021-07-09,1810.0,0.005779075658564725,1.7063492642981665e-06,0.0,0.0,0.00032833505104939666
2021-07-12,1805.5,-0.0024861878453038555,1.7063492642981665e-06,0.0,0.0,0.0002638965172468792
2021-07-13,1809.4000244140625,0.002160079985634278,1.7857143566721944e-06,0.0,0.0,0.0003105947872241406
2021-07-14,1824.300048828125,0.00823478734001215,1.7857143566721944e-06,0.0,0.0,0.0004652279258046873
2021-07-15,1828.4000244140625,0.0022474239303842403,1.5079364594485992e-06,0.0,0.0,0.0004823740676328267
2021-07-16,1814.5,-0.007602288464482521,1.5079364594485992e-06,0.0,0.0,0.00017778499993716655
2021-07-19,1808.699951171875,-0.003196499767497918,1.5873015518226308e-06,0.0,0.0,0.00026426371356264646
2021-07-20,1810.9000244140625,0.001216383757163264,1.7857143566721944e-06,0.0,0.0,0.0004531627408144618
2021-07-21,1802.9000244140625,-0.004417692800345763,1.7857143566721944e-06,0.0,0.0,0.0006475369555185355
2021-07-22,1805.0,0.0011647765031341795,1.7063492642981665e-06,0.0,0.0,0.00045539027897144936
2021-07-23,1801.4000244140625,-0.0019944463079986097,1.7857143566721944e-06,0.0,0.0,0.0007487548841311806
2021-07-26,1798.699951171875,-0.0014988748782024386,1.5873015518226308e-06,0.0,0.0,0.0008037142038120773
2021-07-27,1799.5,0.0004447928225070896,1.7857143566721944e-06,0.0,0.0,0.000933284785630501
2021-07-28,1799.5,0.0,1.7857143566721944e-06,0.0,0.0,0.0010508001090525606
2021-07-29,1831.199951171875,0.01761597731140596,1.5873015518226308e-06,0.0,0.0,0.0012675208533614079
2021-07-30,1812.5999755859373,-0.010157260857305395,1.5873015518226308e-06,0.0,0.0,0.00028333666288941363
2021-08-02,1818.0999755859373,0.00303431538898824,1.5079364594485992e-06,0.0,0.0,0.0003431794753490094
2021-08-03,1810.0999755859373,-0.00440019806799774,1.7857143566721944e-06,0.0,0.0,0.0004361425479782213
2021-08-04,1810.5,0.0002209957568410914,1.7857143566721944e-06,0.0,0.0,0.000498121453329575
2021-08-05,1805.0999755859373,-0.0029826149760081577,1.7063492642981665e-06,0.0,0.0,0.0006803097793722135
2021-08-06,1760.0,-0.024984752199831872,1.7063492642981665e-06,0.0,0.0,0.0026670140494877512
2021-08-09,1723.4000244140625,-0.020795440673828103,1.7857143566721944e-06,0.0,0.0,0.00535658568882982
2021-08-10,1728.800048828125,0.0031333551918095726,1.984127013692778e-06,0.0,0.0,0.004117030316374229
2021-08-11,1750.4000244140625,0.012494201166051155,1.7857143566721944e-06,0.0,0.0,0.002117588246751949
2021-08-12,1749.0,-0.0007998311211925291,1.7063492642981665e-06,0.0,0.0,0.001923651292922806
2021-08-13,1775.199951171875,0.014979960647155455,1.7857143566721944e-06,0.0,0.0,0.0008770240948365485
2021-08-16,1786.9000244140625,0.006590848109512271,2.3015872353599167e-06,0.0,0.0,0.0008867549471887842
2021-08-17,1785.0,-0.001063307621077203,2.5000000402094805e-06,0.0,0.0,0.0006113216920354807
2021-08-18,1781.5999755859375,-0.0019047755821078871,2.182539670713361e-06,0.0,0.0,0.0004345032958348185
2021-08-19,1780.199951171875,-0.0007858242216253197,1.7063492642981665e-06,0.0,0.0,0.0003939882321726928
2021-08-20,1781.0,0.0004494151500220589,1.7063492642981665e-06,0.0,0.0,0.00037999697833872526
2021-08-23,1803.199951171875,0.012464879939289686,1.5873015518226308e-06,0.0,0.0,0.00028884486009551067
2021-08-24,1805.5999755859373,0.0013309807448156352,1.90476192131875e-06,0.0,0.0,0.0005529422679249184
2021-08-25,1788.199951171875,-0.009636699517796443,1.7857143566721944e-06,0.0,0.0,0.0004636744498475687
2021-08-26,1792.199951171875,0.002236886315413855,1.7063492642981665e-06,0.0,0.0,0.0008232618904316183
2021-08-27,1816.5999755859373,0.01361456594065169,1.7063492642981665e-06,0.0,0.0,0.001544909834139731
2021-08-30,1809.0,-0.004183626383395644,1.5079364594485992e-06,0.0,0.0,0.000611369479359345
2021-08-31,1815.0,0.0033167495854062867,1.5873015518226308e-06,0.0,0.0,0.0011186019016937233
2021-09-01,1813.0999755859373,-0.0010468454071971278,1.5873015518226308e-06,0.0,0.0,0.0010328630449869167
2021-09-02,1808.699951171875,-0.002426796356136074,1.5873015518226308e-06,0.0,0.0,0.0006711979462748311
2021-09-03,1830.9000244140625,0.012274049782443841,1.5873015518226308e-06,0.0,0.0,0.001405648369148976
2021-09-07,1795.9000244140625,-0.0191162813552318,1.3888888948020476e-06,0.0,0.0,0.0005537610773355938
2021-09-08,1790.699951171875,-0.0028955249019967377,1.5873015518226308e-06,0.0,0.0,0.0009746254074310817
2021-09-09,1797.4000244140625,0.0037415945858505495,1.5079364594485992e-06,0.0,0.0,0.0011085947602756602
2021-09-10,1789.5999755859375,-0.0043396287538539635,1.5079364594485992e-06,0.0,0.0,0.0011130688625237669
2021-09-13,1792.0,0.0013410954664752062,1.5079364594485992e-06,0.0,0.0,0.0010951633272778818
2021-09-14,1804.699951171875,0.007087026323590928,1.3888888948020476e-06,0.0,0.0,0.0013679908589488625
2021-09-15,1792.4000244140625,-0.006815496808666444,1.3888888948020476e-06,0.0,0.0,0.0007485613015376807
2021-09-16,1754.5999755859375,-0.021089069578919428,1.1904761638669722e-06,0.0,0.0,0.002307228395484891
2021-09-17,1749.4000244140625,-0.0029636106487113123,1.1111111454074327e-06,0.0,0.0,0.002257050930938725
2021-09-20,1761.800048828125,0.0070881583634456735,9.92063506846389e-07,0.0,0.0,0.0013650765241704213
2021-09-21,1776.0,0.00805991076076995,7.936507759113135e-07,0.0,0.0,0.001032369581091159
2021-09-22,1776.699951171875,0.000394116650830556,9.92063506846389e-07,0.0,0.0,0.0009269894353363986
2021-09-23,1747.699951171875,-0.01632239590082285,9.92063506846389e-07,0.0,0.0,0.00205079878821248
2021-09-24,1749.699951171875,0.0011443611923540598,9.92063506846389e-07,0.0,0.0,0.002111519555251579
2021-09-27,1750.0,0.00017148587557769268,9.92063506846389e-07,0.0,0.0,0.0016885977607598412
2021-09-28,1735.800048828125,-0.00811425781249997,1.1904761638669722e-06,0.0,0.0,0.0023624573408015863
2021-09-29,1721.5,-0.008238304197409896,1.1904761638669722e-06,0.0,0.0,0.0027942437555939234
2021-09-30,1755.300048828125,0.019634068445033348,1.1111111454074327e-06,0.0,0.0,0.0009442503770796251
2021-10-01,1757.0,0.0009684675694106026,1.1111111454074327e-06,0.0,0.0,0.0008730464952869269
2021-10-04,1766.199951171875,0.0052361702742600436,1.1111111454074327e-06,0.0,0.0,0.0009077208178359694
2021-10-05,1759.5999755859375,-0.003736822425772557,1.3888888948020476e-06,0.0,0.0,0.0011437333165297897
2021-10-06,1760.5,0.0005114937636678807,1.5873015518226308e-06,0.0,0.0,0.0014775959686242626
2021-10-07,1757.9000244140625,-0.0014768392990273105,1.5873015518226308e-06,0.0,0.0,0.0014351715470210086
2021-10-08,1756.300048828125,-0.0009101630147998474,1.5873015518226308e-06,0.0,0.0,0.0009845627396440897
2021-10-11,1754.5999755859375,-0.0009679856487631033,1.5873015518226308e-06,0.0,0.0,0.0010122310467119812
2021-10-12,1758.300048828125,0.002108784505683081,1.5873015518226308e-06,0.0,0.0,0.0009311771613354032
2021-10-13,1793.699951171875,0.020133026992374514,1.7857143566721944e-06,0.0,0.0,0.0015658402876015454
2021-10-14,1796.699951171875,0.0016725205339054305,1.5873015518226308e-06,0.0,0.0,0.0016884843701807668
2021-10-15,1767.199951171875,-0.0164189908174478,1.5079364594485992e-06,0.0,0.0,0.0005320767450966137
2021-10-18,1764.800048828125,-0.0013580253565299572,1.7063492642981665e-06,0.0,0.0,0.0005541079623267173
2021-10-19,1769.699951171875,0.002776463173266297,1.984127013692778e-06,0.0,0.0,0.00043590884372022903
2021-10-20,1784.0999755859375,0.00813698638830096,1.984127013692778e-06,0.0,0.0,0.0003445046020835664
2021-10-21,1781.199951171875,-0.0016254831308486484,1.984127013692778e-06,0.0,0.0,0.00037998947970071205
2021-10-22,1795.5,0.008028323164233742,1.984127013692778e-06,0.0,0.0,0.0005032294378645362
2021-10-25,1806.0,0.005847953216374213,1.984127013692778e-06,0.0,0.0,0.0007477572638552912
2021-10-26,1792.699951171875,-0.007364368121885345,1.984127013692778e-06,0.0,0.0,0.00033766077038513756
2021-10-27,1797.9000244140625,0.0029006935816493495,1.984127013692778e-06,0.0,0.0,0.0004437250638724527
2021-10-28,1801.5999755859373,0.002057929318445062,1.90476192131875e-06,0.0,0.0,0.0005528503614778541
2021-10-29,1783.0,-0.01032414289408945,1.90476192131875e-06,0.0,0.0,0.00035452765703892814
2021-11-01,1795.0999755859375,0.0067863015064146825,1.5873015518226308e-06,0.0,0.0,0.00048032807018837
2021-11-02,1788.699951171875,-0.0035652746371263033,1.7857143566721944e-06,0.0,0.0,0.00037041274979308415
2021-11-03,1763.5999755859375,-0.014032524331145213,1.7857143566721944e-06,0.0,0.0,0.000936597805531309
2021-11-04,1793.0,0.0166704608874213,1.3888888948020476e-06,0.0,0.0,0.0002017349412346939
2021-11-05,1816.4000244140625,0.013050766544373982,1.5873015518226308e-06,0.0,0.0,0.0007058209584954107
2021-11-08,1827.4000244140625,0.006055934734722435,1.3888888948020476e-06,0.0,0.0,0.00145810864570799
2021-11-09,1830.199951171875,0.001532191485392076,1.5873015518226308e-06,0.0,0.0,0.001727846189846882
2021-11-10,1847.5999755859373,0.009507171280887183,1.7857143566721944e-06,0.0,0.0,0.002457818306806261
2021-11-11,1863.199951171875,0.008443372911926206,1.5873015518226308e-06,0.0,0.0,0.0035977709525469195
2021-11-12,1867.9000244140625,0.002522581239459143,1.7063492642981665e-06,0.0,0.0,0.004366735977063453
2021-11-15,1866.0999755859373,-0.0009636751456705284,1.5079364594485992e-06,0.0,0.0,0.0039460400672141046
2021-11-16,1853.5999755859373,-0.006698462120752757,1.5873015518226308e-06,0.0,0.0,0.0023094432616862057
2021-11-17,1869.699951171875,0.008685787547471513,1.7857143566721944e-06,0.0,0.0,0.003886402904918269
2021-11-18,1861.0,-0.004653126918264139,1.7857143566721944e-06,0.0,0.0,0.0027645122297963245
2021-11-19,1851.199951171875,-0.005266012266590514,1.7857143566721944e-06,0.0,0.0,0.0020379109562148005
2021-11-22,1806.0,-0.024416568908864678,1.5873015518226308e-06,0.0,0.0,0.0016628393369651432
2021-11-23,1783.5,-0.012458471760797396,1.7857143566721944e-06,0.0,0.0,0.002267540283808515
2021-11-24,1784.0999755859375,0.0003364034684258943,1.984127013692778e-06,0.0,0.0,0.0018563636449135702
2021-11-26,1785.300048828125,0.000672649099607403,1.7063492642981665e-06,0.0,0.0,0.001695309621977169
2021-11-29,1782.300048828125,-0.0016803898044864818,1.5079364594485992e-06,0.0,0.0,0.0018210020566947782
2021-11-30,1773.5999755859375,-0.004881374069370614,1.90476192131875e-06,0.0,0.0,0.002368323023585095
2021-12-01,1781.5999755859375,0.004510599971877527,1.984127013692778e-06,0.0,0.0,0.0015733642292110406
2021-12-02,1760.699951171875,-0.011731042153381721,1.7063492642981665e-06,0.0,0.0,0.0030560845295908522
2021-12-03,1782.0,0.01209748930472121,1.7063492642981665e-06,0.0,0.0,0.0011480181576169742
2021-12-06,1777.5,-0.002525252525252486,1.7063492642981665e-06,0.0,0.0,0.0016703172017922066
2021-12-07,1782.5999755859375,0.002869184577179995,2.3015872353599167e-06,0.0,0.0,0.0009454215510830733
2021-12-08,1783.4000244140625,0.00044881007465624734,2.3809523277339444e-06,0.0,0.0,0.0009030166906949823
2021-12-09,1774.5999755859375,-0.004934422287571905,2.103174578339333e-06,0.0,0.0,0.0013799674564302627
2021-12-10,1782.9000244140625,0.004677137914072427,1.984127013692778e-06,0.0,0.0,0.0006437719450641773
2021-12-13,1786.300048828125,0.0019070191079164633,1.7063492642981665e-06,0.0,0.0,0.0004337272343467122
2021-12-14,1770.4000244140625,-0.008901093869696508,1.90476192131875e-06,0.0,0.0,0.0011091021744416426
2021-12-15,1762.5999755859375,-0.004405811523136682,1.7857143566721944e-06,0.0,0.0,0.0014983009915622858
2021-12-16,1796.5999755859375,0.01928968595877656,1.3888888948020476e-06,0.0,0.0,0.00029105803977682286
2021-12-17,1803.800048828125,0.004007610675737183,1.1904761638669722e-06,0.0,0.0,0.000683426224311472
2021-12-20,1793.699951171875,-0.005599344374567328,1.5079364594485992e-06,0.0,0.0,0.0008810665892933328
2021-12-21,1787.9000244140625,-0.0032334988658628827,2.5793649847545313e-06,0.0,0.0,0.001595214130207116
2021-12-22,1801.5999755859373,0.0076625935369984965,2.5793649847545313e-06,0.0,0.0,0.0009458458711602989
2021-12-23,1811.199951171875,0.005328583323728875,2.3015872353599167e-06,0.0,0.0,0.0006973723346520434
2021-12-27,1808.0999755859373,-0.0017115590048089047,1.7063492642981665e-06,0.0,0.0,0.0008804950890244121
2021-12-28,1810.199951171875,0.0011614266989066202,1.984127013692778e-06,0.0,0.0,0.0010955433328231354
2021-12-29,1805.0999755859373,-0.0028173548356557054,1.7857143566721944e-06,0.0,0.0,0.0008610034073372607
2021-12-30,1812.699951171875,0.004210279590453503,9.92063506846389e-07,0.0,0.0,0.0010935596442457043
2021-12-31,1827.5,0.008164643474810607,1.309523802428016e-06,0.0,0.0,0.001932324368948618
2022-01-03,1799.4000244140625,-0.015376183631156004,2.103174578339333e-06,0.0,150.0,0.044043120238170724
2022-01-04,1814.0,0.008113802038371976,3.1746031036452616e-06,0.0,150.0,0.02344708162001089
2022-01-05,1824.5999755859373,0.0058434264531077584,3.3730159084948255e-06,0.0,150.0,0.04275466036594374
2022-01-06,1788.699951171875,-0.01967555896877271,3.571428713344389e-06,0.0,150.0,0.11589390837378388
2022-01-07,1797.0,0.004640268940963033,3.492063473141381e-06,0.0,150.0,0.09776600665218364
2022-01-10,1798.4000244140625,0.0007790898241861743,3.571428713344389e-06,0.0,150.0,0.10902415414410327
2022-01-11,1818.5999755859373,0.011232179102341977,4.682539710922846e-06,0.0,150.0,0.09244855725521554
2022-01-12,1827.199951171875,0.004728898988996644,4.563492146276289e-06,0.0,150.0,0.11362902498915702
2022-01-13,1821.199951171875,-0.003283712872338862,4.365079341426725e-06,0.0,150.0,0.11519048672041107
2022-01-14,1816.5,-0.0025806892696492723,4.682539710922846e-06,0.0,150.0,0.05794443771034283
2022-01-18,1812.300048828125,-0.0023121118479906277,5.158729969509063e-06,0.0,150.0,0.027369150641590383
2022-01-19,1843.0999755859373,0.016994937884445838,6.547619307798051e-06,0.0,150.0,0.0570292206412185
2022-01-20,1842.5,-0.0003255252530436348,6.666666576786647e-06,0.0,150.0,0.06997621362933243
2022-01-21,1831.800048828125,-0.005807300500339174,6.2698415584034366e-06,0.0,150.0,0.034943391189163564
2022-01-24,1841.699951171875,0.005404466688426757,6.150793698098924e-06,0.0,150.0,0.05942420938626854
2022-01-25,1852.699951171875,0.005972742733147518,7.3412699358803885e-06,0.0,150.0,0.0941861839535615
2022-01-26,1829.9000244140625,-0.012306324477091457,7.063492186485774e-06,0.0,150.0,0.07133580064628624
2022-01-27,1793.300048828125,-0.020001079347303108,7.3412699358803885e-06,0.0,150.0,0.17103242820222467
2022-01-28,1784.9000244140625,-0.004684115421483281,6.86507908597825e-06,0.0,150.0,0.1745858450635043
2022-01-31,1795.0,0.005658566557111833,6.86507908597825e-06,0.0,150.0,0.1273909359502978
2022-02-01,1800.300048828125,0.0029526734418523493,8.055555323759714e-06,0.0,150.0,0.08897699203801639
2022-02-02,1809.199951171875,0.004943566129181232,7.3412699358803885e-06,0.0,150.0,0.08013613679833916
2022-02-03,1803.0,-0.0034269021330998184,7.658730305376503e-06,0.0,150.0,0.09762950539943997
2022-02-04,1806.5999755859373,0.001996658672178242,8.849206543157968e-06,0.0,150.0,0.08872292722522074
2022-02-07,1820.5999755859373,0.007749363549869104,8.055555323759714e-06,0.0,150.0,0.09347918693137568
2022-02-08,1826.5999755859373,0.003295616873810525,1.0912698649224782e-05,0.0,150.0,0.11031996893099925
2022-02-09,1835.199951171875,0.004708187726313318,1.0714286140033176e-05,0.0,150.0,0.13283142473737225
2022-02-10,1836.199951171875,0.0005448997529460264,1.4682539871760777e-05,0.0,150.0,0.1326314991299605
2022-02-11,1840.800048828125,0.0025052269788561343,1.34126983937763e-05,0.0,150.0,0.11426841708831538
2022-02-14,1868.0,0.014776157350273156,1.4285714853377567e-05,0.0,150.0,0.14952995840330016
2022-02-15,1854.800048828125,-0.007066355017063652,1.5873016109542244e-05,0.0,150.0,0.09538900068991957
2022-02-16,1870.199951171875,0.008302729101975048,1.480158714074937e-05,0.0,150.0,0.13179818949753477
2022-02-17,1900.699951171875,0.016308416637958123,1.3690476143170916e-05,0.0,150.0,0.18924019081828505
2022-02-18,1898.5999755859373,-0.0011048432892540871,1.2619047174378047e-05,0.0,150.0,0.18580641145965276
2022-02-22,1906.0999755859373,0.003950279203856821,1.3095238615596102e-05,0.0,150.0,0.19106368492866962
2022-02-23,1909.199951171875,0.0016263446963136197,1.3492063633979314e-05,0.0,150.0,0.1975635290113103
2022-02-24,1925.0999755859373,0.008328108537978274,1.1230158427404976e-05,0.0,150.0,0.20167904708432452
2022-02-25,1886.5,-0.020050894018732057,1.1825397137611633e-05,0.0,150.0,0.09880311290146215
2022-02-28,1899.4000244140625,0.006838072840743337,1.1428570936596582e-05,0.0,150.0,0.07911872596087614
2022-03-01,1942.4000244140625,0.022638727728386154,1.2420634665186441e-05,0.0,150.0,0.1516539741548006
2022-03-02,1920.9000244140625,-0.011068780750497331,1.2896824923772657e-05,0.0,150.0,0.09134303002234159
2022-03-03,1934.4000244140625,0.007027955556467846,1.3293651124787706e-05,0.0,150.0,0.10460466228412425
2022-03-04,1965.0999755859373,0.015870528734703626,1.2103174887006245e-05,0.0,150.0,0.15667889384431166
2022-03-07,1993.9000244140625,0.014655767740029635,1.2103174887006245e-05,0.0,150.0,0.199286579421259
2022-03-08,2040.0999755859373,0.023170645772699228,1.4285714853377567e-05,0.0,150.0,0.258067786149982
2022-03-09,1985.9000244140625,-0.026567301514872077,1.4682539871760777e-05,0.0,150.0,0.17127666655992393
2022-03-10,1998.0999755859373,0.0061432856749545905,1.4285714853377567e-05,0.0,150.0,0.17316762086574528
2022-03-11,1982.699951171875,-0.007707334268670096,1.4484127362569171e-05,0.0,150.0,0.14083962282923282
2022-03-14,1959.5999755859373,-0.011650767213810864,1.4999999649940975e-05,0.0,150.0,0.11561016574941738
2022-03-15,1928.5,-0.015870573572873248,1.777777832651895e-05,0.0,150.0,0.14218285302656042
2022-03-16,1908.0,-0.010630023334197602,1.7182539616312296e-05,0.0,150.0,0.18809919739221329
2022-03-17,1942.0999755859373,0.01787210460478894,1.4285714853377567e-05,0.0,150.0,0.11304249419654198
2022-03-18,1928.199951171875,-0.007157213628957826,1.5198412159132579e-05,0.0,150.0,0.13961299906529268
2022-03-21,1928.5999755859373,0.0002074600270678406,1.8055556075913563e-05,0.0,150.0,0.09296673953249918
2022-03-22,1920.699951171875,-0.004096248322134399,2.0634919878036257e-05,0.0,150.0,0.09053443395870485
2022-03-23,1936.5999755859373,0.00827824481609496,1.9047618621871583e-05,0.0,150.0,0.06005359391955042
2022-03-24,1961.5999755859373,0.012909222511187979,1.916666707349202e-05,0.0,150.0,0.0840187238478476
2022-03-25,1953.800048828125,-0.003976308551636443,2.0634919878036257e-05,0.0,150.0,0.06254208371440001
2022-03-28,1939.5999755859373,-0.007267925523241181,2.015873080208188e-05,0.0,150.0,0.04032547283002664
2022-03-29,1912.0,-0.014229725682276095,2.2023809807641167e-05,0.0,150.0,0.10761078259975004
2022-03-30,1933.5,0.01124476987447709,2.083333238722786e-05,0.0,150.0,0.07159831779018119
2022-03-31,1949.199951171875,0.008119964402314439,1.9563492091875226e-05,0.0,150.0,0.08582536788640313
2022-04-01,1919.0999755859373,-0.015442220572518206,1.984126984126984e-05,0.0,150.0,0.09971279140177004
2022-04-04,1929.199951171875,0.0052628709887061476,2.1349205857231504e-05,0.0,150.0,0.07606187703322739
2022-04-05,1922.9000244140625,-0.003265564439800861,2.650793582674057e-05,0.0,150.0,0.06080175182790455
2022-04-06,1918.4000244140625,-0.0023402152700950918,2.6309523317548965e-05,0.0,150.0,0.05973744303264041
2022-04-07,1933.800048828125,0.008027535559882004,2.619047723119221e-05,0.0,150.0,0.030501329194601648
2022-04-08,1941.5999755859373,0.00403347117637054,2.650793582674057e-05,0.0,150.0,0.028737669346889688
2022-04-11,1944.300048828125,0.0013906434261119482,2.6984127267958627e-05,0.0,150.0,0.018188151182466073
2022-04-12,1972.0999755859373,0.014298166980229121,2.9285713320686706e-05,0.0,150.0,0.05573347575792255
2022-04-13,1981.0,0.00451296816806579,2.9365079743521554e-05,0.0,150.0,0.07871511812513614
2022-04-14,1970.9000244140625,-0.005098422809660552,2.9682540704333593e-05,0.0,150.0,0.04951714121570503
2022-04-18,1982.9000244140625,0.006088588894085367,2.9960317271096366e-05,0.0,150.0,0.06175357674530153
2022-04-19,1955.699951171875,-0.01371731953567601,3.3055555725854536e-05,0.0,150.0,0.025764808954202287
2022-04-20,1952.300048828125,-0.001738458060354664,3.154761970989288e-05,0.0,150.0,0.03256812674048511
2022-04-21,1944.9000244140625,-0.0037904134758919295,3.174603221908449e-05,0.0,150.0,0.06139746674083744
2022-04-22,1931.0,-0.007146909475848284,3.0952379817054386e-05,0.0,150.0,0.05769306546262414
2022-04-25,1893.199951171875,-0.019575374846258375,3.166666579624963e-05,0.0,150.0,0.21792162313261929
2022-04-26,1901.4000244140625,0.0043313297346705415,3.3055555725854536e-05,0.0,150.0,0.15677550265388857
2022-04-27,1885.9000244140625,-0.00815188797779498,3.206349317989652e-05,0.0,150.0,0.22042807189961497
2022-04-28,1888.699951171875,0.0014846634082219534,3.115079469150967e-05,0.0,150.0,0.16507088168151401
2022-04-29,1909.300048828125,0.010907025037761198,3.206349317989652e-05,0.0,150.0,0.06712421499169523
2022-05-02,1861.800048828125,-0.024878226986457253,3.0357142289479574e-05,0.0,150.0,0.34146205088082787
2022-05-03,1868.800048828125,0.00375980224321415,3.551587225898864e-05,0.0,150.0,0.28300015322521016
2022-05-04,1867.0,-0.0009632110344034439,3.3055555725854536e-05,0.0,150.0,0.2595123722013155
2022-05-05,1874.0,0.003749330476700674,3.186507830544124e-05,0.0,150.0,0.24814218788524223
2022-05-06,1881.199951171875,0.003842023037286646,3.2341269746659296e-05,0.0,150.0,0.18554572647632622
2022-05-09,1857.0999755859373,-0.01281095907477825,3.174603221908449e-05,0.0,150.0,0.31822794772528984
2022-05-10,1839.9000244140625,-0.009261726023364947,3.4841270673842654e-05,0.0,150.0,0.36484806874204406
2022-05-11,1852.5999755859373,0.006902522421520896,3.503968318303426e-05,0.0,150.0,0.23237014988107926
2022-05-12,1823.800048828125,-0.015545680199365974,3.5912697277371846e-05,0.0,150.0,0.4000874153396697
2022-05-13,1807.4000244140625,-0.008992227204183023,3.742063565859719e-05,0.0,150.0,0.4705066907881377
2022-05-16,1813.5,0.0033750002785990496,3.8888889645773273e-05,0.0,150.0,0.3792813516732566
2022-05-17,1818.199951171875,0.0025916466346154188,4.119047569850135e-05,0.0,150.0,0.3668250901085975
2022-05-18,1815.9000244140625,-0.001264947101296654,3.980158813416012e-05,0.0,150.0,0.32139950451687505
2022-05-19,1841.199951171875,0.013932444747874362,3.968253968253968e-05,0.0,150.0,0.14482647269229984
2022-05-20,1841.800048828125,0.00032592747782111964,3.880952322293841e-05,0.0,150.0,0.12482048045074685
2022-05-23,1847.800048828125,0.003257682615340096,3.940476075051322e-05,0.0,150.0,0.09460357599081318
2022-05-24,1865.0999755859373,0.009362445232526051,4.1388888207692946e-05,0.0,150.0,0.054009769147122716
2022-05-25,1846.199951171875,-0.010133518128498498,4.1468252265264115e-05,0.0,150.0,0.0994671303231798
2022-05-26,1847.4000244140625,0.0006500234394577475,4.079365068011814e-05,0.0,150.0,0.1002559861254954
2022-05-27,1851.300048828125,0.0021110882118231533,4.06746022284977e-05,0.0,150.0,0.07419768749145154
2022-05-31,1842.699951171875,-0.004645436952099624,4.0873014737689306e-05,0.0,150.0,0.09335180752128126
2022-06-01,1843.300048828125,0.00032566216538310044,4.376984304851956e-05,0.0,150.0,0.09078561504174033
2022-06-02,1866.5,0.012586095891780724,4.4166668066902766e-05,0.0,150.0,0.06408962547039641
2022-06-03,1845.4000244140625,-0.011304567686009959,4.503968216124035e-05,0.0,150.0,0.08232748993639219
2022-06-06,1839.199951171875,-0.0033597448575715116,4.6031744707198374e-05,0.0,150.0,0.11667371985161422
2022-06-07,1847.5,0.004512858334319025,4.861111205721658e-05,0.0,150.0,0.06803792887282589
2022-06-08,1851.9000244140625,0.002381609967016196,4.892857301802862e-05,0.0,150.0,0.05277077446302594
2022-06-09,1848.800048828125,-0.0016739432718125835,4.9126985527220226e-05,0.0,150.0,0.06784701828194015
2022-06-10,1871.5,0.012278207795517693,5.111111061913627e-05,0.0,150.0,0.06214231779426846
2022-06-13,1828.0,-0.023243387656959658,5.944444546623834e-05,0.0,150.0,0.19767932987673795
2022-06-14,1809.5,-0.010120350109409149,6.916666787768166e-05,0.0,150.0,0.279878136744744
2022-06-15,1815.300048828125,0.0032053323172838155,6.72619068433368e-05,0.0,150.0,0.2507680195235085
2022-06-16,1845.699951171875,0.01674648902443132,5.884920793866354e-05,0.0,150.0,0.0945435850129856
2022-06-17,1835.5999755859373,-0.005472165494464609,5.992063454219273e-05,0.0,150.0,0.1378432985969018
2022-06-21,1834.5999755859373,-0.0005447810052845448,5.904762044785515e-05,0.0,150.0,0.12322281728815034
2022-06-22,1834.300048828125,-0.00016348346331818142,6.130952210653396e-05,0.0,150.0,0.1049863015290724
2022-06-23,1825.699951171875,-0.004688490120111077,6.190475963410877e-05,0.0,150.0,0.17391199453119288
2022-06-24,1826.5,0.0004382148488373261,6.341270038059779e-05,0.0,150.0,0.11538544111388059
2022-06-27,1820.9000244140625,-0.0030659598061524296,6.480158794493902e-05,0.0,150.0,0.1597052169574977
2022-06-28,1817.5,-0.0018672219059124862,6.896825536849007e-05,0.0,150.0,0.21460891174254584
2022-06-29,1813.699951171875,-0.0020908109095598704,6.765873186172e-05,0.0,150.0,0.26623330771548664
2022-06-30,1804.0999755859373,-0.005293034043329481,6.349206443816897e-05,0.0,150.0,0.3194412405951194
2022-07-01,1798.9000244140625,-0.0028822965701698067,6.36111128897894e-05,0.0,150.0,0.31147914291111434
2022-07-05,1761.800048828125,-0.020623700640629905,6.468253949331859e-05,0.0,150.0,0.5088421179121615
2022-07-06,1734.9000244140625,-0.015268488857152263,7.301587434042068e-05,0.0,150.0,0.5703894573872527
2022-07-07,1737.9000244140625,0.0017292062699769684,7.353174781042433e-05,0.0,150.0,0.5677539934439334
2022-07-08,1740.5999755859375,0.00155357105353926,7.313492279204111e-05,0.0,150.0,0.5457215342598387
2022-07-11,1730.0,-0.006089840132491808,7.749999799425638e-05,0.0,150.0,0.5649391115500957
2022-07-12,1723.300048828125,-0.0038728041455924345,8.384920301891509e-05,0.0,150.0,0.5728150235458573
2022-07-13,1734.199951171875,0.006325017138577804,9.218253786601717e-05,0.0,150.0,0.5132809442345235
2022-07-14,1704.5,-0.017126024684642305,9.019841277410113e-05,0.0,150.0,0.592423208603347
2022-07-15,1702.4000244140625,-0.0012320185309108167,8.888888926733108e-05,0.0,150.0,0.5903637449184077
2022-07-18,1709.199951171875,0.0039943178220718245,8.96825393040975e-05,0.0,150.0,0.5855779217909688
2022-07-19,1710.0,0.00046808381171348223,9.722222411443316e-05,0.0,150.0,0.5676035200336441
2022-07-20,1699.5,-0.0061403508771930015,9.436508019765218e-05,0.0,150.0,0.582148528438551
2022-07-21,1712.699951171875,0.007766961560385477,9.365078948792958e-05,0.0,150.0,0.52530035973628
2022-07-22,1727.0999755859375,0.008407791688327837,9.345238170926534e-05,0.0,150.0,0.4539285472606291
2022-07-25,1719.0,-0.004689928608903826,9.496031299469963e-05,0.0,150.0,0.49494805173464945
2022-07-26,1717.699951171875,-0.0007562820407940318,9.821428192986383e-05,0.0,150.0,0.5067252637601598
2022-07-27,1719.0999755859375,0.0008150576083485461,9.456348797631641e-05,0.0,150.0,0.47805073302918205
2022-07-28,1750.300048828125,0.01814907433266244,9.158730506896972e-05,0.0,150.0,0.3499730261464024
2022-07-29,1762.9000244140625,0.007198751776515966,9.119048005058652e-05,0.0,150.0,0.27383398617875354
2022-08-01,1769.0,0.00346019371572992,8.988095654381647e-05,0.0,150.0,0.22607279841031103
2022-08-02,1771.0999755859375,0.0011870975612988666,9.773809758443683e-05,0.0,150.0,0.22005509150970037
2022-08-03,1758.0,-0.0073965195452072585,9.634920528956822e-05,0.0,150.0,0.24740825324340016
2022-08-04,1788.5,0.017349260523321863,9.436508019765218e-05,0.0,150.0,0.18945524380041473
2022-08-05,1772.9000244140625,-0.00872237941623566,9.563492404090033e-05,0.0,150.0,0.19031863799428883
2022-08-08,1786.800048828125,0.007840275380816442,9.761904913281637e-05,0.0,150.0,0.1386852868766993
2022-08-09,1794.0,0.00402952259632916,0.00010198412433503166,0.0,150.0,0.1284107939994463
2022-08-10,1795.5999755859375,0.000891848152696495,0.0001005952415012178,0.0,150.0,0.12452578272232499
2022-08-11,1789.699951171875,-0.0032858233984645047,9.880952418796599e-05,0.0,150.0,0.11524495175637808
2022-08-12,1798.5999755859375,0.004972914263217554,9.92063492063492e-05,0.0,150.0,0.10946039393591471
2022-08-15,1781.4000244140625,-0.009562966421297614,9.972222267635285e-05,0.0,150.0,0.10123634530895498
2022-08-16,1773.199951171875,-0.004603162192548305,0.00010309524006313749,0.0,150.0,0.13258219619268882
2022-08-17,1760.300048828125,-0.007274928208307663,0.00010190476500798786,0.0,150.0,0.22091014101762674
2022-08-18,1755.300048828125,-0.002840424848779999,0.00010178571655636741,0.0,150.0,0.2605263175772259
2022-08-19,1747.5999755859375,-0.004386756126012914,0.00010238094935341486,0.0,150.0,0.3275573160034266
2022-08-22,1734.0,-0.007782087305979513,0.00010507936515505352,0.0,150.0,0.35850863796787935
2022-08-23,1746.800048828125,0.007381804399149372,0.00010726190748668851,0.0,150.0,0.24522674935011543
2022-08-24,1747.800048828125,0.0005724753675562244,0.00010765873250507174,0.0,150.0,0.22651666052419506
2022-08-25,1757.699951171875,0.0056642076136728114,0.00010833333409021771,0.0,150.0,0.1900645538753551
2022-08-26,1736.0999755859375,-0.012288772933933712,0.0001093254013667031,0.0,150.0,0.33019408196102296
2022-08-29,1736.5999755859375,0.00028800184726174294,0.00011103174989185636,0.0,150.0,0.30461126713188225
2022-08-30,1723.199951171875,-0.007716241277465952,0.00011400793279920305,0.0,150.0,0.3791207922513609
2022-08-31,1712.800048828125,-0.006035226693615781,0.00011349205932919941,0.0,150.0,0.4072888661158651
2022-09-01,1696.5999755859375,-0.009458239596192963,0.00011361110778081984,0.0,150.0,0.46521396691257766
2022-09-02,1709.800048828125,0.0077803096971216235,0.00011190475925566658,0.0,150.0,0.3998248072276739
2022-09-06,1700.4000244140625,-0.0054977331533621054,0.00011289682653215195,0.0,150.0,0.44604938913795217
2022-09-07,1715.300048828125,0.008762658315767169,0.00011638889237055703,0.0,150.0,0.3251294215241338
2022-09-08,1708.0,-0.004255843654357938,0.00011706349395570301,0.0,150.0,0.36249764754777103
2022-09-09,1716.199951171875,0.004800908180254693,0.00011777777520437089,0.0,150.0,0.314790972673904
2022-09-12,1728.0999755859375,0.006933938208037338,0.00011884920180790008,0.0,150.0,0.20874477473657146
2022-09-13,1705.0,-0.013367268047154046,0.00012511905223604232,0.0,150.0,0.3244776657018839
2022-09-14,1696.5,-0.004985337243401777,0.00012412698495955693,0.0,150.0,0.38684913443923047
2022-09-15,1665.4000244140625,-0.01833184532032861,0.00012281746145278687,0.0,150.0,0.5260243086965893
2022-09-16,1671.699951171875,0.0037828309507974556,0.00012182539417630151,0.0,150.0,0.4636464085916562
2022-09-19,1666.199951171875,-0.003290064102798196,0.00012043651134248764,0.0,150.0,0.44019047115596727
2022-09-20,1659.699951171875,-0.0039010924201674513,0.00012869047740149119,0.0,150.0,0.43865398526782434
2022-09-21,1664.5999755859375,0.002952355581262056,0.00012658730385795472,0.0,150.0,0.44066047370625705
2022-09-22,1670.800048828125,0.0037246625814739698,0.00012420635374765549,0.0,150.0,0.3538417830380089
2022-09-23,1645.300048828125,-0.01526214942229942,0.00012333333492279053,0.0,150.0,0.490753642226661
2022-09-26,1623.300048828125,-0.013371421228407288,0.00012559523658146936,0.0,150.0,0.532713580629599
2022-09-27,1626.699951171875,0.002094438638256868,0.00012896825396825398,0.0,150.0,0.5378314167237231
2022-09-28,1660.4000244140625,0.020716834237260562,0.00012817460393148755,0.0,150.0,0.38923280590420883
2022-09-29,1658.5,-0.0011443172645898558,0.00012769841012500582,0.0,150.0,0.3452162633662277
2022-09-30,1662.4000244140625,0.0023515371806226426,0.00012619047883957152,0.0,150.0,0.3299240661538884
2022-10-03,1692.9000244140625,0.018346967969246952,0.00012500000378442192,0.0,150.0,0.1991056924015701
2022-10-04,1721.0999755859375,0.016657777048373124,0.00013154762131827217,0.0,150.0,0.16969751442090208
2022-10-05,1711.4000244140625,-0.0056359022192029595,0.00013067460249340722,0.0,150.0,0.15407303026346414
2022-10-06,1711.699951171875,0.00017525228090087275,0.000130476194714743,0.0,150.0,0.16369249152026286
2022-10-07,1700.5,-0.006543174324569634,0.00013067460249340722,0.0,150.0,0.1774870227011511
2022-10-10,1667.300048828125,-0.019523640794986807,0.00013035714626312257,0.0,150.0,0.4075084093301116
2022-10-11,1678.699951171875,0.006837343015591246,0.00013253967913370285,0.0,150.0,0.2814507511744016
2022-10-12,1670.300048828125,-0.005003814015653085,0.00014019841239565892,0.0,150.0,0.30243799153261314
2022-10-13,1670.0,-0.00017963768146656012,0.00014218253748757498,0.0,150.0,0.25628984660231774
2022-10-14,1641.699951171875,-0.016946137022829322,0.0001439682548008268,0.0,150.0,0.4384689100618734
2022-10-17,1657.0,0.00931963774330602,0.00014634920491112604,0.0,150.0,0.31440205465983184
2022-10-18,1649.0,-0.004828002414001165,0.00015210317240820992,0.0,150.0,0.37361449241293393
2022-10-19,1627.5,-0.013038204972710687,0.00015448412251850918,0.0,150.0,0.4934401634361329
2022-10-20,1630.800048828125,0.0020276797715053085,0.00015436508352794344,0.0,150.0,0.4647728902987352
2022-10-21,1651.0,0.012386528432097199,0.00015416666628822448,0.0,150.0,0.3285269193633371
2022-10-24,1648.699951171875,-0.001393124668761403,0.0001552777820163303,0.0,150.0,0.3707628493339878
2022-10-25,1652.800048828125,0.0024868670938793525,0.00015734126643529017,0.0,150.0,0.27552839994983874
2022-10-26,1664.0,0.006776349734389342,0.00015595238360147627,0.0,150.0,0.19184866160149303
2022-10-27,1660.699951171875,-0.0019832024207482313,0.00015595238360147627,0.0,150.0,0.19423164222403622
2022-10-28,1639.5999755859375,-0.012705471311086791,0.0001575396836750091,0.0,150.0,0.34161036214892543
2022-10-31,1635.9000244140625,-0.0022566182160088655,0.00015773809145367334,0.0,150.0,0.3555199862620306
2022-11-01,1645.0,0.005562672198869079,0.0001607142932831295,0.0,150.0,0.28197057155025673
2022-11-02,1645.699951171875,0.0004255022321428825,0.0001597222260066441,0.0,150.0,0.27367431097396616
2022-11-03,1627.300048828125,-0.011180593601310962,0.0001597222260066441,0.0,150.0,0.32888914309519574
2022-11-04,1672.5,0.027776039953065323,0.0001592460322001624,0.0,150.0,0.13340171428243927
2022-11-07,1676.5,0.0023916292974588416,0.00015805555714501273,0.0,150.0,0.11731428859668225
2022-11-08,1712.0999755859375,0.02123470061791677,0.00016230159335666234,0.0,150.0,0.14917436436245984
2022-11-09,1710.0999755859375,-0.001168156082307914,0.00016242063234722803,0.0,150.0,0.12116506761975568
2022-11-10,1750.300048828125,0.023507440393017776,0.000160912691600739,0.0,150.0,0.20638864242783217
2022-11-11,1766.0,0.008969862728614109,0.00016123016675313314,0.0,150.0,0.22482742966298028
2022-11-14,1773.5999755859375,0.004303496934279449,0.00016142856507074264,0.0,150.0,0.22670789333886138
2022-11-15,1773.800048828125,0.0001128062950730424,0.00016388889343019517,0.0,150.0,0.21687984447162245
2022-11-16,1773.0,-0.0004510366479320016,0.0001636904761904762,0.0,150.0,0.1815929299540956
2022-11-17,1760.800048828125,-0.006880965127961103,0.00016321428238399446,0.0,150.0,0.1171852490559371
2022-11-18,1751.9000244140625,-0.005054534397580079,0.00016408731066991413,0.0,150.0,0.0699720499453365
2022-11-21,1737.4000244140625,-0.00827672800840884,0.00016261904958694698,0.0,150.0,0.030294881869088207
2022-11-22,1738.300048828125,0.0005180294701365717,0.00016658729977077908,0.0,150.0,0.039955908779162906
2022-11-23,1744.9000244140625,0.0037967988267542108,0.0001666666590978229,0.0,150.0,0.042597593778926926
2022-11-25,1753.300048828125,0.004814043381587529,0.00016567461074344696,0.0,150.0,0.05629725265336373
2022-11-28,1740.0999755859375,-0.007528701804925042,0.00016599206697373163,0.0,150.0,0.06902154707012848
2022-11-29,1748.4000244140625,0.00476986894119702,0.00016876983264135935,0.0,150.0,0.06518084031661567
2022-11-30,1746.0,-0.0013726975409227293,0.00016876983264135935,0.0,150.0,0.10681680051118195
2022-12-01,1801.0999755859375,0.03155783252344646,0.00016638888253106012,0.0,150.0,0.1847126317892911
2022-12-02,1795.9000244140625,-0.002887097463972421,0.00016698413425021702,0.0,150.0,0.1426058113931995
2022-12-05,1767.4000244140625,-0.015869480267588165,0.00016499999969724625,0.0,150.0,0.06642082521033142
2022-12-06,1769.300048828125,0.001075039259825994,0.0001674603091345893,0.0,150.0,0.09640892676102401
2022-12-07,1785.5,0.009156135604362126,0.00016599206697373163,0.0,150.0,0.07866878666225534
2022-12-08,1788.699951171875,0.0017921877187763169,0.00016468254346696157,0.0,150.0,0.06216875585721528
2022-12-09,1798.0999755859375,0.005255227075901647,0.0001655952324942937,0.0,150.0,0.0767029800602194
2022-12-12,1780.5,-0.009788096226519438,0.0001653968341766842,0.0,150.0,0.05740073507698878
2022-12-13,1813.9000244140625,0.018758789336738246,0.00016857143432374985,0.0,150.0,0.09717417243562748
2022-12-14,1807.5,-0.0035283225800329943,0.0001674603091345893,0.0,150.0,0.0664565772564092
2022-12-15,1777.199951171875,-0.016763512491355437,0.00016718253256782652,0.0,150.0,0.06851840294381359
2022-12-16,1790.0,0.00720236843338018,0.00016519841693696523,0.0,150.0,0.036753012541616364
2022-12-19,1787.699951171875,-0.0012849434793994474,0.00016519841693696523,0.0,150.0,0.0436279988288328
2022-12-20,1815.9000244140625,0.015774500202733632,0.00016785714361402723,0.0,150.0,0.06510964165438228
2022-12-21,1815.9000244140625,0.0,0.00016686507633754187,0.0,150.0,0.06544137810307599
2022-12-22,1787.0,-0.015914986522117425,0.00016698413425021702,0.0,150.0,0.09493394770410905
2022-12-23,1795.9000244140625,0.004980427763884965,0.00016638888253106012,0.0,150.0,0.10731855069906007
2022-12-27,1814.800048828125,0.010523984719154278,0.00016646826078021336,0.0,150.0,0.10207346939274084
2022-12-28,1807.9000244140625,-0.003802085204107186,0.00017214285002814398,0.0,150.0,0.0432545707014545
2022-12-29,1819.5,0.006416270495763099,0.00017043651096404543,0.0,150.0,0.04275446760152023
2022-12-30,1819.699951171875,0.00010989347176426634,0.00016904762813023158,0.0,150.0,0.03770531354025697
2023-01-03,1839.699951171875,0.010990822957993807,0.00016884921089051262,0.0,100.0,0.005340862313196218
2023-01-04,1852.800048828125,0.00712077947705847,0.0001746031783875965,0.0,100.0,0.007328155869453316
2023-01-05,1834.800048828125,-0.00971502565070892,0.00017849206924438476,0.0,100.0,0.002535274908094057
2023-01-06,1864.199951171875,0.016023491149636415,0.00017829365200466577,0.0,100.0,0.007299805881727745
2023-01-09,1872.699951171875,0.004559596729233117,0.00017789681752522789,0.0,100.0,0.008409284094234954
2023-01-10,1871.5999755859373,-0.0005873741734491178,0.0001811507959214468,0.0,100.0,0.007447356605405626
2023-01-11,1874.5999755859373,0.0016029066248843815,0.00018075396144200885,0.0,100.0,0.007861596856209263
2023-01-12,1895.5,0.011149058298440595,0.00017757936129494318,0.0,100.0,0.01283069751305252
2023-01-13,1918.4000244140625,0.012081257934087208,0.00017809523476494682,0.0,100.0,0.020895504357650755
2023-01-17,1907.199951171875,-0.005838236603238345,0.00017829365200466577,0.0,100.0,0.012367359643418029
2023-01-18,1904.4000244140625,-0.001468082439962326,0.00017976191308763294,0.0,100.0,0.010968554435674318
2023-01-19,1922.0999755859373,0.0092942401517353,0.00017956349584791396,0.0,100.0,0.0171854088946074
2023-01-20,1926.4000244140625,0.002237161897270301,0.0001800793693179176,0.0,100.0,0.017117392126521584
2023-01-23,1927.0999755859373,0.0003633467415926628,0.00017996031140524242,0.0,100.0,0.015974810756996128
2023-01-24,1933.9000244140625,0.0035286435131927085,0.00018146825215173144,0.0,100.0,0.018011910322543345
2023-01-25,1941.199951171875,0.003774717754618351,0.00018035714588468036,0.0,100.0,0.02073476409461759
2023-01-26,1929.0999755859373,-0.006233245358693296,0.00018027778655763655,0.0,100.0,0.011294824175407453
2023-01-27,1928.5999755859373,-0.00025918822576742606,0.00018047618487524608,0.0,100.0,0.011172069600911397
2023-01-30,1922.9000244140625,-0.0029554864896973454,0.00017996031140524242,0.0,100.0,0.009754355450910548
2023-01-31,1929.5,0.0034323030329923565,0.00018134921316116578,0.0,100.0,0.011254672214218199
2023-02-01,1927.800048828125,-0.0008810319626199048,0.000179365078608195,0.0,100.0,0.01116028301802522
2023-02-02,1916.300048828125,-0.005965348951511129,0.0001789682630508665,0.0,100.0,0.008149386595595816
2023-02-03,1862.9000244140625,-0.027866212520694877,0.0001794841175987607,0.0,100.0,0.006413360796226069
2023-02-06,1866.199951171875,0.0017713922994071485,0.0001798809520781986,0.0,100.0,0.006178121695166537
2023-02-07,1871.699951171875,0.0029471654398802727,0.00018134921316116578,0.0,100.0,0.004914187742152025
2023-02-08,1877.4000244140625,0.003045399044124819,0.0001819444459582132,0.0,100.0,0.003513212187864802
2023-02-09,1866.199951171875,-0.00596573617584939,0.00018305555222526427,0.0,100.0,0.004209482625547288
2023-02-10,1862.800048828125,-0.001821831761176007,0.00018392858051118397,0.0,100.0,0.0027536828759346875
2023-02-13,1851.9000244140625,-0.005851419437593264,0.00018432539606851245,0.0,100.0,0.003837762808203207
2023-02-14,1854.0,0.0011339573185662477,0.0001849206288655599,0.0,100.0,0.003166601231602254
2023-02-15,1834.199951171875,-0.010679637987122459,0.00018424603674146864,0.0,100.0,0.004670529809814779
2023-02-16,1842.0,0.0042525618993400904,0.00018511904610527886,0.0,100.0,0.0026224447930798486
2023-02-17,1840.4000244140625,-0.0008686078099552352,0.00018571427890232633,0.0,100.0,0.0023778951742956665
2023-02-21,1833.0,-0.004020878241630332,0.00018603175405472046,0.0,100.0,0.0030577498828056613
2023-02-22,1832.0,-0.0005455537370431252,0.0001863095306214832,0.0,100.0,0.0027921762067625567
2023-02-23,1818.0,-0.007641921397379958,0.00018611111338176424,0.0,100.0,0.004734571352766832
2023-02-24,1808.800048828125,-0.005060479192450451,0.00018662698685176788,0.0,100.0,0.005403980091983997
2023-02-27,1817.0,0.004533365187151306,0.00018511904610527886,0.0,100.0,0.0032409605080550665
2023-02-28,1828.9000244140625,0.006549270453529266,0.00018690476341853067,0.0,100.0,0.0019808595610148615
2023-03-01,1837.699951171875,0.004811595297906868,0.0001874999962155781,0.0,100.0,0.0068198023978895015
2023-03-02,1833.5,-0.002285439018049007,0.0001874206368885343,0.0,100.0,0.00710623530934445
2023-03-03,1847.699951171875,0.007744723846127677,0.00018722221964881535,0.0,100.0,0.007285828000730387
2023-03-06,1847.9000244140625,0.0001082823226037366,0.0001876190541282533,0.0,100.0,0.0021441837412084093
2023-03-07,1813.9000244140625,-0.018399263786351705,0.00019226189643617659,0.0,100.0,0.002780309649525999
2023-03-08,1812.699951171875,-0.0006615983384062885,0.0001937698371826656,0.0,100.0,0.002482499565690287
2023-03-09,1829.300048828125,0.009157664314779934,0.00019238095434885176,0.0,100.0,0.005910312333893189
2023-03-10,1862.0,0.01787566298531673,0.00019059523703559997,0.0,100.0,0.006733533331104888
2023-03-13,1911.699951171875,0.026691703099825492,0.0001848412695385161,0.0,100.0,0.016489013378308593
2023-03-14,1906.199951171875,-0.0028770205264839754,0.00018571427890232633,0.0,100.0,0.00733705284209944
2023-03-15,1926.5999755859373,0.010701933132209351,0.00018087301935468402,0.0,100.0,0.012790807595520638
2023-03-16,1919.0,-0.003944760553433513,0.00017976191308763294,0.0,100.0,0.00838308890165353
2023-03-17,1969.800048828125,0.026472146340867697,0.00017035715163700164,0.0,100.0,0.024540486940453417
2023-03-20,1979.199951171875,0.004772008381938253,0.0001771825457376147,0.0,100.0,0.024828215859237644
2023-03-21,1938.0,-0.020816467354640267,0.00018273809599497962,0.0,100.0,0.004551786072133113
2023-03-22,1946.800048828125,0.004540788869001444,0.00018107143659440298,0.0,100.0,0.005502293741475944
2023-03-23,1993.800048828125,0.02414218143681035,0.0001786904675619943,0.0,100.0,0.014764220102079752
2023-03-24,1982.0999755859373,-0.0058682279845787555,0.0001786904675619943,0.0,100.0,0.01017148039349813
2023-03-27,1952.4000244140625,-0.014984083314513508,0.00018186508663116938,0.0,100.0,0.005585679627920018
2023-03-28,1972.4000244140625,0.010243802371392663,0.00018365078502231174,0.0,100.0,0.007252228975439615
2023-03-29,1966.0999755859373,-0.003194102996422754,0.000183730163271465,0.0,100.0,0.005443558435987292
2023-03-30,1980.300048828125,0.007222457361536705,0.00018511904610527886,0.0,100.0,0.005968833742463212
2023-03-31,1969.0,-0.005706230646619459,0.0001819444459582132,0.0,100.0,0.0048159173434481435
2023-04-03,1983.9000244140625,0.007567305441372518,0.00018134921316116578,0.0,100.0,0.005555384265450286
2023-04-04,2022.199951171875,0.019305371382877246,0.0001876190541282533,0.0,100.0,0.012823708726852708
2023-04-05,2020.9000244140625,-0.0006428280037585887,0.0001867063461788117,0.0,100.0,0.011111581273894026
2023-04-06,2011.9000244140625,-0.004453461275309434,0.00018690476341853067,0.0,100.0,0.007980200013184193
2023-04-10,1989.0999755859373,-0.011332595333490958,0.00019198411986941384,0.0,100.0,0.004151964776863114
2023-04-11,2004.800048828125,0.007893053860986932,0.00019365079819209992,0.0,100.0,0.005219858207231139
2023-04-12,2010.9000244140625,0.003042685274026846,0.0001928571481553335,0.0,100.0,0.0059655283005077405
2023-04-13,2041.300048828125,0.015117620988104763,0.00019265873091561453,0.0,100.0,0.011551113120826078
2023-04-14,2002.199951171875,-0.019154507774933327,0.00019456348721943206,0.0,100.0,0.004117429688696282
2023-04-17,1994.199951171875,-0.0039956049321235865,0.00019535713725619844,0.0,100.0,0.00337043710201405
2023-04-18,2007.4000244140625,0.0066192325571117205,0.00019960318292890276,0.0,100.0,0.0036374164991367906
2023-04-19,1995.199951171875,-0.00607754961333562,0.00019821428117297945,0.0,100.0,0.0027850701532999983
2023-04-20,2007.5999755859373,0.006214928186410118,0.00019623016554211814,0.0,100.0,0.004061892750494258
2023-04-21,1979.5,-0.013996800123359243,0.00019642856385972766,0.0,100.0,0.0025822308181001185
2023-04-24,1989.0999755859373,0.004849697189157398,0.00019337302162533715,0.0,100.0,0.003062404571783469
2023-04-25,1994.0,0.0024634379740613443,0.0001965476217724028,0.0,100.0,0.0032603266698076525
2023-04-26,1985.699951171875,-0.00416251194991224,0.00019781746561565097,0.0,100.0,0.001916200841008562
2023-04-27,1989.9000244140625,0.002115160067214017,0.0001984126984126984,0.0,100.0,0.0018180106172843247
2023-04-28,1990.0999755859373,0.00010048302398191211,0.00019535713725619844,0.0,100.0,0.0024019057839037277
2023-05-01,1983.4000244140625,-0.003366640497496687,0.00019305554647294302,0.0,100.0,0.0018701779818884182
2023-05-02,2014.300048828125,0.015579320375974648,0.00019999999848623124,0.0,100.0,0.003803292572999389
2023-05-03,2028.5999755859373,0.007099203897717121,0.00020218253135681152,0.0,100.0,0.0057731293855306535
2023-05-04,2048.0,0.009563257738115283,0.0002005952312832787,0.0,100.0,0.008577733012689848
2023-05-05,2017.4000244140625,-0.014941394329071045,0.00020158729855976408,0.0,100.0,0.0024419427492829004
2023-05-08,2026.300048828125,0.004411630963793378,0.00020170635647243925,0.0,100.0,0.003499778111786682
2023-05-09,2036.199951171875,0.004885704044411021,0.00020329365654597208,0.0,100.0,0.005174680510471749
2023-05-10,2030.5,-0.0027993081762891503,0.00020099206576271663,0.0,100.0,0.0032656705734918348
2023-05-11,2014.699951171875,-0.0077813586939793344,0.00019900793120974586,0.0,100.0,0.0020634407504768774
2023-05-12,2014.5,-9.924612931011545e-05,0.00019952380467974954,0.0,100.0,0.0020920123188466356
2023-05-15,2018.0,0.0017374038222883748,0.0001984126984126984,0.0,100.0,0.0024479944424706935
2023-05-16,1988.4000244140625,-0.014667976008888806,0.00020071428919595384,0.0,100.0,0.002323088256768487
2023-05-17,1980.699951171875,-0.0038724970567511896,0.00020190475479004875,0.0,100.0,0.0024668367312440462
2023-05-18,1956.5,-0.012217878410890615,0.00020337301587301587,0.0,100.0,0.00486507544430339
2023-05-19,1978.699951171875,0.011346767785266998,0.00020178571579948303,0.0,100.0,0.0017301430359735117
2023-05-22,1974.800048828125,-0.0019709417496271975,0.00020218253135681152,0.0,100.0,0.0023755749386227755
2023-05-23,1972.4000244140625,-0.001215325275835788,0.000204484122140067,0.0,100.0,0.002248405975675717
2023-05-24,1962.800048828125,-0.004867154465174606,0.00020575396598331513,0.0,100.0,0.0038777993960482458
2023-05-25,1943.0999755859373,-0.01003671935607986,0.00020488095661950491,0.0,100.0,0.005019714460328501
2023-05-26,1944.0999755859373,0.0005146415586252395,0.00020297618139357795,0.0,100.0,0.0058416500517384845
2023-05-30,1958.0,0.0071498506191141065,0.00020408730658273848,0.0,100.0,0.002747944665287045
2023-05-31,1963.9000244140625,0.0030132913248530624,0.0002082539740062895,0.0,100.0,0.002117461890068897
2023-06-01,1978.0,0.007179579108230971,0.00020646825669303775,0.0,100.0,0.0012354755742403798
2023-06-02,1952.4000244140625,-0.012942353683487062,0.00020694445049951947,0.0,100.0,0.002420545059225833
2023-06-05,1958.0,0.0028682521593483834,0.00020408730658273848,0.0,100.0,0.0013916034504899573
2023-06-06,1965.5,0.003830439223697635,0.00020468253937978596,0.0,100.0,0.0010512282964664156
2023-06-07,1942.699951171875,-0.011600126597875904,0.000204484122140067,0.0,100.0,0.0022375010881274665
2023-06-08,1963.5999755859373,0.010758235929050786,0.00020238094859653048,0.0,100.0,0.0008163668596605069
2023-06-09,1962.199951171875,-0.0007129886084076276,0.00020218253135681152,0.0,100.0,0.00100566543984317
2023-06-12,1955.300048828125,-0.003516411433824196,0.00020218253135681152,0.0,100.0,0.0015280652169148065
2023-06-13,1944.5999755859373,-0.005472343361624055,0.00020238094859653048,0.0,100.0,0.002751552161626802
2023-06-14,1955.300048828125,0.005502454682981162,0.00020158729855976408,0.0,100.0,0.0014528759061347052
2023-06-15,1957.800048828125,0.0012785761456397537,0.0002005952312832787,0.0,100.0,0.0013784591482534942
2023-06-16,1958.4000244140625,0.0003064539641302044,0.00020099206576271663,0.0,100.0,0.0015851320884264304
2023-06-20,1935.5,-0.011693231274807592,0.00020138888132004512,0.0,100.0,0.0024667245871920276
2023-06-21,1933.300048828125,-0.0011366319668689728,0.0002037698503524538,0.0,100.0,0.0025104610157399188
2023-06-22,1912.699951171875,-0.010655406370437381,0.0002037698503524538,0.0,100.0,0.004532241831604462
2023-06-23,1919.0999755859373,0.003346068164084448,0.0002038888893430195,0.0,100.0,0.004195937214721834
2023-06-26,1923.699951171875,0.0023969442157556475,0.00020456350038922024,0.0,100.0,0.012903088178008684
2023-06-27,1914.0,-0.005042341018913099,0.00020555554874359614,0.0,100.0,0.01480960713595894
2023-06-28,1912.300048828125,-0.0008881667564655249,0.00020515873318626766,0.0,100.0,0.01351919437943084
2023-06-29,1909.199951171875,-0.0016211355839005348,0.00020535715042598664,0.0,100.0,0.01171231757296599
2023-06-30,1921.0999755859373,0.0062329901102071705,0.000204484122140067,0.0,100.0,0.01023521143220049
2023-07-03,1921.699951171875,0.0003123083616483058,0.0002041666659097823,0.0,100.0,0.01056985292434767
2023-07-05,1919.5999755859373,-0.0010927697555787041,0.0002060714222135998,0.0,100.0,0.010904344006024568
2023-07-06,1908.699951171875,-0.00567827909600549,0.0002068650722503662,0.0,100.0,0.010805762764640634
2023-07-07,1926.199951171875,0.009168544269755774,0.0002068650722503662,0.0,100.0,0.009989146296379627
2023-07-10,1925.0,-0.0006229629333885933,0.00020734126605684796,0.0,100.0,0.009884070472579236
2023-07-11,1931.300048828125,0.0032727526379869865,0.00020805555676657055,0.0,100.0,0.010323763901008235
2023-07-12,1956.199951171875,0.012892819196508976,0.00020753968329656692,0.0,100.0,0.013413894175631401
2023-07-13,1959.199951171875,0.0015335855612319538,0.00020726190672980415,0.0,100.0,0.01461777108131639
2023-07-14,1960.0999755859373,0.00045938364459630066,0.00020694445049951947,0.0,100.0,0.016159452956328778
2023-07-17,1952.4000244140625,-0.003928346139371319,0.00020765872228713263,0.0,100.0,0.006731005871756136
2023-07-18,1977.199951171875,0.012702277426602349,0.0002082539740062895,0.0,100.0,0.011913770091352712
2023-07-19,1977.5,0.00015175441813419788,0.00020813491609361436,0.0,100.0,0.013801074006563266
2023-07-20,1968.300048828125,-0.0046523141197850615,0.00020805555676657055,0.0,100.0,0.008508636856472135
2023-07-21,1964.300048828125,-0.002032210486598074,0.0002082539740062895,0.0,100.0,0.010118809734889366
2023-07-24,1960.300048828125,-0.0020363487759348375,0.00020833333333333332,0.0,100.0,0.007334523435825497
2023-07-25,1962.0999755859373,0.0009181894164049798,0.0002089285661303808,0.0,100.0,0.009402235963148082
2023-07-26,1968.9000244140625,0.00346569946115749,0.00020904762404305594,0.0,100.0,0.009887689783694465
2023-07-27,1945.4000244140625,-0.011935598409570591,0.00020904762404305594,0.0,100.0,0.004570502602294717
2023-07-28,1960.4000244140625,0.007710496459214289,0.0002085317505730523,0.0,100.0,0.005413894760416711
2023-07-31,1970.5,0.005151997276145792,0.0002082539740062895,0.0,100.0,0.00743010575403749
2023-08-01,1940.699951171875,-0.01512308999143619,0.00020873016781277126,0.0,100.0,0.003720272101263291
2023-08-02,1937.4000244140625,-0.0017003796778681801,0.00020873016781277126,0.0,100.0,0.0030982460270669674
2023-08-03,1932.0,-0.0027872531981079085,0.00020865078956361802,0.0,100.0,0.0034014882216903413
2023-08-04,1939.5999755859373,0.003933734775329878,0.00020845237232389904,0.0,100.0,0.003255750284156244
2023-08-07,1933.5,-0.0031449657984732315,0.00020873016781277126,0.0,100.0,0.003382381426770381
2023-08-08,1924.0999755859373,-0.004861662484645812,0.00020932540060981873,0.0,100.0,0.0039026568304308946
2023-08-09,1915.4000244140625,-0.004521569191967445,0.0002095238178495377,0.0,100.0,0.004961650048992613
2023-08-10,1914.4000244140625,-0.000522084153312008,0.00020904762404305594,0.0,100.0,0.005498905718606669
2023-08-11,1912.9000244140625,-0.0007835353013323498,0.0002089285661303808,0.0,100.0,0.006176105074592611
2023-08-14,1910.5999755859373,-0.0012023884148517627,0.00020912698337009975,0.0,100.0,0.005782944508349614
2023-08-15,1902.5,-0.004239493190327903,0.0002095238178495377,0.0,100.0,0.006442105087441008
2023-08-16,1896.0999755859373,-0.0033640075763798905,0.0002097222161671472,0.0,100.0,0.00727363784726702
2023-08-17,1884.0999755859373,-0.006328780209119422,0.00020944443960038448,0.0,100.0,0.009050429680478107
2023-08-18,1886.0999755859373,0.0010615147953483284,0.00020944443960038448,0.0,100.0,0.009774835915109858
2023-08-21,1893.300048828125,0.0038174398681867228,0.0002095238178495377,0.0,100.0,0.010226499691319916
2023-08-22,1896.4000244140625,0.0016373398330900013,0.00021011905064658514,0.0,100.0,0.00786821501944552
2023-08-23,1918.5,0.01165364654156531,0.00021011905064658514,0.0,100.0,0.005401450580572568
2023-08-24,1918.199951171875,-0.00015639761695329657,0.0002104365068768698,0.0,100.0,0.006958961409974006
2023-08-25,1911.0999755859373,-0.003701374083343145,0.00021091270068335157,0.0,100.0,0.008514344652187728
2023-08-28,1917.9000244140625,0.0035581858170661285,0.00021123015691363621,0.0,100.0,0.008768600425514663
2023-08-29,1936.5,0.009698094451831452,0.00021111111792307052,0.0,100.0,0.008416770669964099
2023-08-30,1944.300048828125,0.004027910574812887,0.00021091270068335157,0.0,100.0,0.009453307393896238
2023-08-31,1938.199951171875,-0.003137426067507776,0.00021023808963715085,0.0,100.0,0.008852969633764491
2023-09-01,1939.800048828125,0.0008255586093077749,0.00020904762404305594,0.0,100.0,0.010196970874439323
2023-09-05,1926.199951171875,-0.0070110822321435284,0.00020944443960038448,0.0,100.0,0.007981955662594818
2023-09-06,1918.0999755859373,-0.004205158234486417,0.0002103174678863041,0.0,100.0,0.008984072079659434
2023-09-07,1917.5,-0.0003127968268462622,0.00020964285684010338,0.0,100.0,0.01130921146464848
2023-09-08,1918.4000244140625,0.0004693738795631397,0.00021003969131954133,0.0,100.0,0.013727418177935671
2023-09-11,1923.300048828125,0.0025542245369596372,0.00021003969131954133,0.0,100.0,0.014611871708972568
2023-09-12,1911.300048828125,-0.006239276085554968,0.00021051586620391362,0.0,100.0,0.01576608012031988
2023-09-13,1909.0999755859373,-0.0011510873154304546,0.00021051586620391362,0.0,100.0,0.01806340678570347
2023-09-14,1910.0,0.00047143912082781014,0.00021011905064658514,0.0,100.0,0.013699867822053353
2023-09-15,1923.699951171875,0.0071727493046465085,0.00021023808963715085,0.0,100.0,0.015398066973296378
2023-09-18,1931.5,0.0040547117669642585,0.0002103174678863041,0.0,100.0,0.012632631278100099
2023-09-19,1932.0,0.00025886616619197333,0.00021071428344363258,0.0,100.0,0.015301427693815662
2023-09-20,1945.5999755859373,0.0070393248374416295,0.00021091270068335157,0.0,100.0,0.014697698111255942
2023-09-21,1919.199951171875,-0.01356909166598419,0.00021051586620391362,0.0,100.0,0.008710695912232549
2023-09-22,1925.4000244140625,0.0032305509586958436,0.00021051586620391362,0.0,100.0,0.008203748848219944
2023-09-25,1916.5999755859373,-0.0045705041635715205,0.00021083334135630776,0.0,100.0,0.008139040700673192
2023-09-26,1900.4000244140625,-0.008452442543166683,0.00021130951624068002,0.0,100.0,0.01047146445515524
2023-09-27,1871.5999755859373,-0.01515472977169896,0.00021150793348039898,0.0,100.0,0.01160251670385417
2023-09-28,1860.4000244140625,-0.005984158643926318,0.00021063492411658877,0.0,100.0,0.013501061998233936
2023-09-29,1848.0999755859373,-0.006611507561122054,0.0002103174678863041,0.0,100.0,0.016018685429863466
2023-10-02,1830.0,-0.009793829243571417,0.00021091270068335157,0.0,100.0,0.018780510195427827
2023-10-03,1824.5999755859373,-0.0029508330131490235,0.00021190476795983693,0.0,100.0,0.01753062516685049
2023-10-04,1818.5,-0.003343185173494523,0.00021170635072011797,0.0,100.0,0.018528505654461565
2023-10-05,1816.5999755859373,-0.0010448305823825832,0.00021130951624068002,0.0,100.0,0.01930708448093852
2023-10-06,1830.199951171875,0.00748649992772954,0.0002122222241901216,0.0,100.0,0.017157547387550615
2023-10-09,1849.5,0.01054532255656948,0.0002122222241901216,0.0,100.0,0.014061728636169554
2023-10-10,1861.0,0.00621789672884554,0.00021123015691363621,0.0,100.0,0.010695374285824327
2023-10-11,1872.800048828125,0.00634070329292058,0.00021170635072011797,0.0,100.0,0.009615955465107323
2023-10-12,1869.300048828125,-0.0018688594130430447,0.00021170635072011797,0.0,100.0,0.010728441996964303
2023-10-13,1927.4000244140625,0.03108113950051017,0.00021142857415335517,0.0,100.0,0.015060022343751702
2023-10-16,1921.0999755859373,-0.003268677362417538,0.00021142857415335517,0.0,100.0,0.011977489869383302
2023-10-17,1922.699951171875,0.0008328434783566596,0.00021190476795983693,0.0,100.0,0.008713667405443782
2023-10-18,1955.300048828125,0.016955374465152717,0.00021150793348039898,0.0,100.0,0.017006355536892517
2023-10-19,1968.4000244140625,0.006699726517057414,0.00021071428344363258,0.0,100.0,0.02063309122799197
2023-10-20,1982.5,0.007163165723966358,0.0002103174678863041,0.0,100.0,0.02460281048569148
2023-10-23,1976.300048828125,-0.0031273398092686033,0.00021003969131954133,0.0,100.0,0.017935119154567792
2023-10-24,1975.0,-0.0006578195597859438,0.00021063492411658877,0.0,100.0,0.016964519839418643
2023-10-25,1984.0999755859373,0.004607582575158142,0.00021091270068335157,0.0,100.0,0.020618112507803328
2023-10-26,1987.199951171875,0.0015624089632995108,0.0002103174678863041,0.0,100.0,0.021881430439770495
2023-10-27,1988.5999755859373,0.0007045211596532486,0.00021051586620391362,0.0,100.0,0.02109569042371124
2023-10-30,1996.199951171875,0.0038217719396775873,0.00021083334135630776,0.0,100.0,0.023124402198557256
2023-10-31,1985.199951171875,-0.0055104700275854235,0.00021111111792307052,0.0,100.0,0.011581767136640789
2023-11-01,1978.800048828125,-0.0032238074255301896,0.0002103174678863041,0.0,100.0,0.009770493546091018
2023-11-02,1985.5999755859373,0.0034363890186071,0.00020912698337009975,0.0,100.0,0.011423359964187883
2023-11-03,1991.5,0.002971406369161267,0.00020845237232389904,0.0,100.0,0.013278162174376667
2023-11-06,1981.5999755859373,-0.004971139550119408,0.00020873016781277126,0.0,100.0,0.010136129610661578
2023-11-07,1966.800048828125,-0.00746867528267714,0.00020924602236066547,0.0,100.0,0.008358361967565434
2023-11-08,1951.5,-0.007779158251110085,0.00020904762404305594,0.0,100.0,0.006291391953632875
2023-11-09,1964.199951171875,0.00650778948084807,0.00020884920680333698,0.0,100.0,0.007315650638650301
2023-11-10,1932.5999755859373,-0.01608796271840074,0.00020833333333333332,0.0,100.0,0.004747263832321836
2023-11-13,1945.5,0.006674958386125196,0.00020873016781277126,0.0,100.0,0.0041977925310096136
2023-11-14,1961.800048828125,0.008378334015998412,0.00020845237232389904,0.0,100.0,0.0030202823646661428
2023-11-15,1960.0999755859373,-0.0008665884391242384,0.0002085317505730523,0.0,100.0,0.003401678700942632
2023-11-16,1983.9000244140625,0.012142262703212614,0.00020805555676657055,0.0,100.0,0.004293426829236555
2023-11-17,1981.5999755859373,-0.0011593572255761408,0.00020765872228713263,0.0,100.0,0.004249964560140659
2023-11-20,1977.699951171875,-0.0019681189251675724,0.00020785713952685162,0.0,100.0,0.004473164717106664
2023-11-21,1999.300048828125,0.01092182747107362,0.0002085317505730523,0.0,100.0,0.006809440564254705
2023-11-22,1991.4000244140625,-0.003951395098846233,0.0002089285661303808,0.0,100.0,0.005398927708954418
2023-11-24,2002.199951171875,0.005423283431459369,0.00020845237232389904,0.0,100.0,0.00717474340396572
2023-11-27,2011.800048828125,0.004794774693022585,0.00020865078956361802,0.0,100.0,0.009864244187948557
2023-11-28,2039.699951171875,0.013868128872947194,0.00020873016781277126,0.0,100.0,0.01579661177849313
2023-11-29,2047.0999755859373,0.003627996563813518,0.00020793649885389538,0.0,100.0,0.01787123737962175
2023-11-30,2038.0999755859373,-0.004396463341964529,0.00020785713952685162,0.0,100.0,0.01239270733866641
2023-12-01,2071.0,0.016142497820600843,0.00020694445049951947,0.0,100.0,0.024530428546358386
2023-12-04,2024.0999755859373,-0.022646076491580236,0.00020726190672980415,0.0,100.0,0.0033907809654018
2023-12-05,2018.5,-0.0027666496978817623,0.00020805555676657055,0.0,100.0,0.002995287743402745
2023-12-06,2030.5,0.005945008669804297,0.00020805555676657055,0.0,100.0,0.0034179212822413345
2023-12-07,2029.9000244140625,-0.0002954816970881513,0.00020765872228713263,0.0,100.0,0.003273142965032779
2023-12-08,1998.300048828125,-0.015567257109156851,0.00020765872228713263,0.0,100.0,0.00288048590701771
2023-12-11,1978.0,-0.010158659026220707,0.00020765872228713263,0.0,100.0,0.004522267847922361
2023-12-12,1977.800048828125,-0.00010108754897619754,0.0002082539740062895,0.0,100.0,0.005432075747689262
2023-12-13,1982.300048828125,0.0022752552780380686,0.00020726190672980415,0.0,100.0,0.005805510585770689
2023-12-14,2030.199951171875,0.02416380021383091,0.00020694445049951947,0.0,100.0,0.006255356350461955
2023-12-15,2021.0999755859373,-0.004482305095458661,0.00020734126605684796,0.0,100.0,0.0067300478288551315
2023-12-18,2026.300048828125,0.002572892635199997,0.00020734126605684796,0.0,100.0,0.007379228406400095
2023-12-19,2038.4000244140625,0.005971462909915681,0.00020785713952685162,0.0,100.0,0.0061626144443789445
2023-12-20,2034.5,-0.0019132772602784565,0.00020753968329656692,0.0,100.0,0.004868884311249526
2023-12-21,2039.0999755859373,0.002260985788123504,0.0002067460332598005,0.0,100.0,0.004885651550377955
2023-12-22,2057.10009765625,0.008827483833959926,0.00020666667393275668,0.0,100.0,0.007366297103926211
2023-12-26,2058.199951171875,0.0005346621279529451,0.00020646825669303775,0.0,100.0,0.006814112168293405
2023-12-27,2081.89990234375,0.01151489249544535,0.0002077381005362859,0.0,100.0,0.010002299329229174
2023-12-28,2073.89990234375,-0.003842643919140354,0.0002070634894900852,0.0,100.0,0.007651988654350707
2023-12-29,2062.39990234375,-0.005545108511265995,0.00020555554874359614,0.0,100.0,0.006285739031705903
2024-01-02,2064.39990234375,0.0009697440335054708,0.0002068650722503662,0.0,0.0,0.0019991440156927383
2024-01-03,2034.199951171875,-0.01462892491788459,0.0002077381005362859,0.0,0.0,0.00166047200124774
2024-01-04,2042.300048828125,0.003981957452896312,0.0002074603239695231,0.0,0.0,0.0013102040429816373
2024-01-05,2042.4000244140625,4.895244750890981e-05,0.00020714284881712897,0.0,0.0,0.001894562453383717
2024-01-08,2026.5999755859373,-0.007736020681187616,0.00020714284881712897,0.0,0.0,0.0017535023279795128
2024-01-09,2026.4000244140625,-9.866336439534606e-05,0.00020753968329656692,0.0,0.0,0.002391219513868071
2024-01-10,2021.699951171875,-0.0023194202455394386,0.00020734126605684796,0.0,0.0,0.0031822251251769173
2024-01-11,2014.300048828125,-0.003660237682382439,0.0002070634894900852,0.0,0.0,0.0040650632572110474
2024-01-12,2046.699951171875,0.016084943433625654,0.0002062698394533188,0.0,0.0,0.003205677192078741
2024-01-16,2026.0,-0.01011381817839141,0.00020646825669303775,0.0,0.0,0.0037265368571275225
2024-01-17,2002.5999755859373,-0.011549863975351737,0.00020694445049951947,0.0,0.0,0.004780510798991697
2024-01-18,2018.5999755859373,0.007989613599849621,0.00020634919878036254,0.0,0.0,0.0026995682734883178
2024-01-19,2026.5,0.003913615629451028,0.0002062698394533188,0.0,0.0,0.0025034594480380467
2024-01-22,2019.800048828125,-0.0033061688486922813,0.00020634919878036254,0.0,0.0,0.0033157785325661107
2024-01-23,2023.699951171875,0.0019308358498222322,0.0002067460332598005,0.0,0.0,0.0037187227449901102
2024-01-24,2013.9000244140625,-0.004842578936733011,0.0002067460332598005,0.0,0.0,0.004622156396106245
2024-01-25,2016.9000244140625,0.0014896469356133757,0.00020615080046275307,0.0,0.0,0.0041633740072747555
2024-01-26,2016.800048828125,-4.9568934864074876e-05,0.00020634919878036254,0.0,0.0,0.0050400706707135826
2024-01-29,2025.199951171875,0.004164965361157513,0.00020634919878036254,0.0,0.0,0.004486775413911869
2024-01-30,2031.5,0.003110828056498649,0.00020646825669303775,0.0,0.0,0.004971631644303957
2024-01-31,2048.39990234375,0.008318928055008667,0.00020587302389599027,0.0,0.0,0.004333730862567868
2024-02-01,2053.0,0.002245702926946258,0.00020634919878036254,0.0,0.0,0.003928337146086855
2024-02-02,2036.0999755859373,-0.00823186771264628,0.0002067460332598005,0.0,0.0,0.0032685901280699024
2024-02-05,2025.699951171875,-0.005107816187203351,0.0002074603239695231,0.0,0.0,0.003165838035452251
2024-02-06,2034.5,0.004344201530455782,0.00020726190672980415,0.0,0.0,0.0026295806229214604
2024-02-07,2035.199951171875,0.0003440408807446893,0.00020726190672980415,0.0,0.0,0.002824254408610426
2024-02-08,2032.199951171875,-0.0014740566391389098,0.0002070634894900852,0.0,0.0,0.00257538860433237
2024-02-09,2023.300048828125,-0.00437944225843423,0.00020714284881712897,0.0,0.0,0.0028272598914098235
2024-02-12,2018.199951171875,-0.0025206828118271574,0.0002074603239695231,0.0,0.0,0.002952930617692959
2024-02-13,1992.9000244140625,-0.012535887112236854,0.00020765872228713263,0.0,0.0,0.003384679859756412
2024-02-14,1990.300048828125,-0.0013046191751149294,0.0002070634894900852,0.0,0.0,0.003103436163588618
2024-02-15,2002.0999755859373,0.005928717514105397,0.0002070634894900852,0.0,0.0,0.002397244389421847
2024-02-16,2011.5,0.00469508242779515,0.00020726190672980415,0.0,0.0,0.0017986571397017948
2024-02-20,2027.5,0.007954262987819982,0.0002068650722503662,0.0,0.0,0.0016556169249348671
2024-02-21,2022.300048828125,-0.0025647108122688334,0.0002077381005362859,0.0,0.0,0.0018917621587993408
2024-02-22,2019.699951171875,-0.0012857130957182328,0.00020765872228713263,0.0,0.0,0.0024577763272361454
2024-02-23,2038.5999755859373,0.009357837733815932,0.00020793649885389538,0.0,0.0,0.0022210537158609076
2024-02-26,2028.5,-0.00495436854061293,0.00020833333333333332,0.0,0.0,0.0020665323835445835
2024-02-27,2034.0,0.002711363076164597,0.00020813491609361436,0.0,0.0,0.002689343793781588
2024-02-28,2033.0,-0.000491642084562427,0.00020793649885389538,0.0,0.0,0.0025957277824361974
2024-02-29,2045.699951171875,0.0062469017077595446,0.00020726190672980415,0.0,0.0,0.002766123454685242
2024-03-01,2086.89990234375,0.020139782057614797,0.00020694445049951947,0.0,0.0,0.005580333239575171
2024-03-04,2117.699951171875,0.014758757137097955,0.00020726190672980415,0.0,0.0,0.009745372619929481
2024-03-05,2133.5,0.00746094781717388,0.00020734126605684796,0.0,0.0,0.012199676128832724
2024-03-06,2150.300048828125,0.007874407700082076,0.00020753968329656692,0.0,0.0,0.015319758497582442
2024-03-07,2158.0,0.003580872900073251,0.0002074603239695231,0.0,0.0,0.01595864132980621
2024-03-08,2178.60009765625,0.009545921064064045,0.0002074603239695231,0.0,0.0,0.02023132122161951
2024-03-11,2182.5,0.0017900955517011763,0.00020793649885389538,0.0,0.0,0.019855249782175018
2024-03-12,2160.39990234375,-0.010126047036082442,0.00020793649885389538,0.0,0.0,0.004935929199626558
2024-03-13,2175.39990234375,0.006943158988170106,0.00020785713952685162,0.0,0.0,0.006441226965178017
2024-03-14,2163.0,-0.005700056495539285,0.00020785713952685162,0.0,0.0,0.004940724022593504
2024-03-15,2157.300048828125,-0.0026352062745608196,0.00020785713952685162,0.0,0.0,0.0037539840905625814
2024-03-18,2160.699951171875,0.0015759988257531,0.00020785713952685162,0.0,0.0,0.004344391815941248
2024-03-19,2156.300048828125,-0.002036331949451742,0.00020785713952685162,0.0,0.0,0.004574091344552124
2024-03-20,2157.89990234375,0.0007419438294287151,0.0002074603239695231,0.0,0.0,0.004172918439073079
2024-03-21,2182.39990234375,0.011353631358614003,0.0002074603239695231,0.0,0.0,0.005612606615110602
2024-03-22,2158.10009765625,-0.0111344417956597,0.00020714284881712897,0.0,0.0,0.002447423695958972
2024-03-25,2174.800048828125,0.007738265333480765,0.0002070634894900852,0.0,0.0,0.0031084969051975303
2024-03-26,2175.60009765625,0.0003678723607516421,0.0002070634894900852,0.0,0.0,0.0033745477153266728
2024-03-27,2190.60009765625,0.006894649442312106,0.00020694445049951947,0.0,0.0,0.004084776351288985
2024-03-28,2217.39990234375,0.012234001411838502,0.00020646825669303775,0.0,0.0,0.0061894811710917035
2024-04-01,2236.5,0.008613736131250604,0.0002070634894900852,0.0,0.0,0.008153200355560932
2024-04-02,2261.0,0.010954616588419341,0.0002068650722503662,0.0,0.0,0.01117709205222101
2024-04-03,2294.39990234375,0.014772181487726632,0.0002067460332598005,0.0,0.0,0.016407705594419904
2024-04-04,2288.800048828125,-0.0024406615036484114,0.00020646825669303775,0.0,0.0,0.013482651148508322
2024-04-05,2325.699951171875,0.016121942308871873,0.00020694445049951947,0.0,0.0,0.020457882448802547
2024-04-08,2331.699951171875,0.0025798684808746586,0.00020726190672980415,0.0,0.0,0.02031792178814835
2024-04-09,2343.5,0.005060706383852809,0.00020714284881712897,0.0,0.0,0.021794606232813023
2024-04-10,2329.60009765625,-0.00593125766748448,0.00020805555676657055,0.0,0.0,0.013081898438806855
2024-04-11,2354.800048828125,0.010817286278974603,0.00020785713952685162,0.0,0.0,0.016898712956260765
2024-04-12,2356.199951171875,0.000594488837575291,0.00020753968329656692,0.0,0.0,0.016341991925572483
2024-04-15,2365.800048828125,0.00407439854647107,0.00020785713952685162,0.0,0.0,0.01730594933493448
2024-04-16,2390.800048828125,0.010567249760766284,0.00020765872228713263,0.0,0.0,0.02215378111770653
2024-04-17,2371.699951171875,-0.007988998354593546,0.00020793649885389538,0.0,0.0,0.011768297868531938
2024-04-18,2382.300048828125,0.004469409231556698,0.00020805555676657055,0.0,0.0,0.012709299047311055
2024-04-19,2398.39990234375,0.006758113245871167,0.00020813491609361436,0.0,0.0,0.01475779136063301
2024-04-22,2332.199951171875,-0.027601715254901182,0.00020813491609361436,0.0,0.0,0.003530231786955322
2024-04-23,2327.699951171875,-0.0019295086588689836,0.00020813491609361436,0.0,0.0,0.0033032703915788024
2024-04-24,2324.5,-0.0013747266567858407,0.0002085317505730523,0.0,0.0,0.003129418211314256
2024-04-25,2329.800048828125,0.0022800812338674703,0.00020813491609361436,0.0,0.0,0.0034575802938302215
2024-04-26,2334.800048828125,0.002146106916992796,0.00020785713952685162,0.0,0.0,0.003054648686106017
2024-04-29,2345.39990234375,0.004539940591891556,0.00020805555676657055,0.0,0.0,0.003593631105378809
2024-04-30,2291.39990234375,-0.02302379220960915,0.00020813491609361436,0.0,0.0,0.002267526124206337
2024-05-01,2299.89990234375,0.0037095227207202264,0.00020833333333333332,0.0,0.0,0.001983655019889911
2024-05-02,2299.199951171875,-0.00030433984155642246,0.00020785713952685162,0.0,0.0,0.0018146668753467642
2024-05-03,2299.0,-8.696554285025915e-05,0.0002077381005362859,0.0,0.0,0.0016699382005376832
2024-05-06,2321.60009765625,0.009830403504240914,0.00020793649885389538,0.0,0.0,0.001814898820923826
2024-05-07,2315.199951171875,-0.002756782484130804,0.00020805555676657055,0.0,0.0,0.0015819582216438088
2024-05-08,2313.60009765625,-0.0006910217473075075,0.00020813491609361436,0.0,0.0,0.0014892356527649074
2024-05-09,2332.10009765625,0.007996196066356154,0.00020793649885389538,0.0,0.0,0.0017381145711271267
2024-05-10,2367.300048828125,0.01509367081080737,0.00020805555676657055,0.0,0.0,0.0029539434642953757
2024-05-13,2336.10009765625,-0.013179550765995973,0.00020793649885389538,0.0,0.0,0.0017512334901488564
2024-05-14,2353.39990234375,0.007405420985537647,0.0002077381005362859,0.0,0.0,0.0020044348494981353
2024-05-15,2388.699951171875,0.014999596453186603,0.00020793649885389538,0.0,0.0,0.0034775355968178563
2024-05-16,2380.0,-0.0036421280821004043,0.00020805555676657055,0.0,0.0,0.002732473767140835
2024-05-17,2412.199951171875,0.013529391248686906,0.00020793649885389538,0.0,0.0,0.004359706465871127
2024-05-20,2433.89990234375,0.008995917258572517,0.00020793649885389538,0.0,0.0,0.0057817183136874735
2024-05-21,2421.699951171875,-0.005012511467758718,0.00020793649885389538,0.0,0.0,0.004154789650067435
2024-05-22,2389.199951171875,-0.013420324835978548,0.00020813491609361436,0.0,0.0,0.0021646016526023267
2024-05-23,2335.0,-0.022685397739645285,0.00020813491609361436,0.0,0.0,0.001931818094924235
2024-05-24,2332.5,-0.0010706638115631772,0.00020813491609361436,0.0,0.0,0.0021285441873629225
2024-05-28,2355.199951171875,0.009732026225884205,0.0002082539740062895,0.0,0.0,0.001601665919142365
2024-05-29,2340.300048828125,-0.006326385297492965,0.00020833333333333332,0.0,0.0,0.001424788396609483
2024-05-30,2342.89990234375,0.0011109060639156176,0.0002082539740062895,0.0,0.0,0.0011579741601568808
2024-05-31,2322.89990234375,-0.008536429567474357,0.00020813491609361436,0.0,0.0,0.0013824469571625667
2024-06-03,2346.60009765625,0.010202848296901212,0.00020805555676657055,0.0,0.0,0.0009756429571046557
2024-06-04,2325.5,-0.00899177396153883,0.00020793649885389538,0.0,0.0,0.0010174706757364424
2024-06-05,2354.10009765625,0.012298472438722952,0.00020793649885389538,0.0,0.0,0.0009605147999158178
2024-06-06,2370.300048828125,0.006881589779467623,0.00020765872228713263,0.0,0.0,0.0012338879504567896
2024-06-07,2305.199951171875,-0.027464918497738466,0.00020785713952685162,0.0,0.0,0.0017268208874178482
2024-06-10,2307.699951171875,0.0010845046212710763,0.00020765872228713263,0.0,0.0,0.0015357500135635446
2024-06-11,2307.5,-8.664522082846293e-05,0.00020813491609361436,0.0,0.0,0.0013006284915022817
2024-06-12,2336.0,0.012351029252437806,0.00020805555676657055,0.0,0.0,0.0012139182775919935
2024-06-13,2300.199951171875,-0.015325363368204226,0.00020793649885389538,0.0,0.0,0.0013351610891057949
2024-06-14,2331.39990234375,0.013564016969907167,0.00020793649885389538,0.0,0.0,0.0012276487528530382
2024-06-17,2312.39990234375,-0.008149610017955,0.00020805555676657055,0.0,0.0,0.0009994683799108524
2024-06-18,2330.39990234375,0.0077841207231310605,0.0002077381005362859,0.0,0.0,0.001144926364077427
2024-06-20,2353.800048828125,0.010041257923518065,0.00020734126605684796,0.0,0.0,0.0017285814313387701
2024-06-21,2316.39990234375,-0.015889262345370136,0.00020694445049951947,0.0,0.0,0.0010782305425154836
2024-06-24,2330.0,0.005871221822488115,0.0002067460332598005,0.0,0.0,0.0010138298211996846
2024-06-25,2316.60009765625,-0.005751031048819688,0.00020726190672980415,0.0,0.0,0.0006840752822768505
2024-06-26,2299.199951171875,-0.007511070426863498,0.00020753968329656692,0.0,0.0,0.0008685827666963263
2024-06-27,2324.5,0.011003848888927692,0.00020726190672980415,0.0,0.0,0.00048613190917443875
2024-06-28,2327.699951171875,0.0013766191318025367,0.0002068650722503662,0.0,0.0,0.00040928978645526405
2024-07-01,2327.60009765625,-4.289793260281449e-05,0.0002070634894900852,0.0,0.0,0.0003961592320700784
2024-07-02,2323.0,-0.0019763264578318562,0.0002074603239695231,0.0,0.0,0.0003686852232675049
2024-07-03,2359.800048828125,0.015841605177841167,0.00020753968329656692,0.0,0.0,0.0006958211820025031
2024-07-05,2388.5,0.012162026687865923,0.00020734126605684796,0.0,0.0,0.0017819033614387412
2024-07-08,2355.199951171875,-0.013941824922807156,0.0002070634894900852,0.0,0.0,0.0005149980814163389
2024-07-09,2360.10009765625,0.002080564956676856,0.00020734126605684796,0.0,0.0,0.0005682890530081303
2024-07-10,2372.199951171875,0.005126839123324123,0.00020734126605684796,0.0,0.0,0.0006808023745755999
2024-07-11,2415.0,0.01804234453633713,0.0002062698394533188,0.0,0.0,0.002092072067817207
2024-07-12,2414.0,-0.00041407867494824835,0.0002062698394533188,0.0,0.0,0.0020261193592945466
2024-07-15,2422.89990234375,0.003686786389291541,0.0002060714222135998,0.0,0.0,0.0019936406659113452
2024-07-16,2462.39990234375,0.016302778320222977,0.0002060714222135998,0.0,0.0,0.004462592936008453
2024-07-17,2454.800048828125,-0.0030863603870319167,0.00020615080046275307,0.0,0.0,0.003167220093365074
2024-07-18,2451.800048828125,-0.001222095462085404,0.0002060714222135998,0.0,0.0,0.0028264048876295252
2024-07-19,2395.5,-0.02296274072391602,0.0002060714222135998,0.0,0.0,0.001369108012536544
2024-07-22,2392.0,-0.001461072844917588,0.00020595238322303409,0.0,0.0,0.001739810507950352
2024-07-23,2404.60009765625,0.005267599354619623,0.00020527777217683337,0.0,0.0,0.0009917300403501652
2024-07-24,2413.300048828125,0.0036180449216294264,0.00020515873318626766,0.0,0.0,0.0012371287559768038
2024-07-25,2351.89990234375,-0.02544240054782676,0.0002047618987068297,0.0,0.0,0.0026109796624702525
2024-07-26,2380.0,0.011947828914082192,0.00020456350038922024,0.0,0.0,0.0017201371931322238
2024-07-29,2377.300048828125,-0.0011344332654936728,0.0002042460252368261,0.0,0.0,0.0014481393102924508
2024-07-30,2405.0,0.011651853196036122,0.0002037698503524538,0.0,0.0,0.0010219904693607165
2024-07-31,2426.5,0.008939708939708968,0.0002037698503524538,0.0,0.0,0.0012068483745247892
2024-08-01,2435.0,0.0035029878425716365,0.00020297618139357795,0.0,0.0,0.001424230517908574
2024-08-02,2425.699951171875,-0.0038193219006673607,0.00019960318292890276,0.0,0.0,0.0013595785690103668
2024-08-05,2401.699951171875,-0.00989405140087729,0.00020079364852299765,0.0,0.0,0.001137090765584247
2024-08-06,2389.10009765625,-0.005246222996955541,0.00020158729855976408,0.0,0.0,0.0013398821087530603
2024-08-07,2390.5,0.0005859538263479624,0.00020158729855976408,0.0,0.0,0.0012917755196126658
2024-08-08,2422.199951171875,0.01326080366947302,0.00020170635647243925,0.0,0.0,0.0008165514937894073
2024-08-09,2432.10009765625,0.004087254018639186,0.00020138888132004512,0.0,0.0,0.0007287241669515717
2024-08-12,2462.39990234375,0.012458288504120008,0.0002013095219930013,0.0,0.0,0.0015762064050496814
2024-08-13,2466.699951171875,0.0017462837064086134,0.00020051587195623488,0.0,0.0,0.0016462019355561897
2024-08-14,2439.39990234375,-0.011067438021862053,0.00020091270643567282,0.0,0.0,0.0006386587258313341
2024-08-15,2453.10009765625,0.005616215405820579,0.00020158729855976408,0.0,0.0,0.0008343279983474534
2024-08-16,2498.60009765625,0.018547958986048663,0.00020138888132004512,0.0,0.0,0.0025080637816295753
2024-08-19,2501.800048828125,0.001280697609383985,0.00020091270643567282,0.0,0.0,0.0024424025028162238
2024-08-20,2511.300048828125,0.0037972658943907778,0.00019972222191946848,0.0,0.0,0.002646028387529747
2024-08-21,2508.39990234375,-0.0011548387002693339,0.0001986111156524174,0.0,0.0,0.0022370981040167963
2024-08-22,2478.89990234375,-0.011760485229024398,0.0001994047656891838,0.0,0.0,0.0008826850126596863
2024-08-23,2508.39990234375,0.011900440179980043,0.0001984126984126984,0.0,0.0,0.001680084898894938
2024-08-26,2517.699951171875,0.003707562266860087,0.0001983333390856546,0.0,0.0,0.001943528939799929
2024-08-27,2516.0,-0.0006752000654739465,0.00019714285456945026,0.0,0.0,0.0017602326876741284
2024-08-28,2501.0,-0.0059618441971383,0.00019662698109944662,0.0,0.0,0.0011416903987471352
2024-08-29,2525.699951171875,0.009876030056727325,0.00019702381557888457,0.0,0.0,0.0021643878966709816
2024-08-30,2493.800048828125,-0.012630123514453473,0.00019714285456945026,0.0,0.0,0.0007956692077294756
2024-09-03,2489.89990234375,-0.0015639371272799796,0.00019722221389649407,0.0,0.0,0.0007360213175035796
2024-09-04,2493.39990234375,0.0014056789980614326,0.00019634920453268385,0.0,0.0,0.0009641677711828465
2024-09-05,2511.39990234375,0.007219058596689809,0.00019571429207211448,0.0,0.0,0.0015324234018031116
2024-09-06,2493.5,-0.007127459998324093,0.00019476190445915102,0.0,0.0,0.0009192538452810151
2024-09-09,2501.800048828125,0.003328674083868055,0.00019424603098914736,0.0,0.0,0.0011801757330665698
2024-09-10,2512.300048828125,0.004196978093800263,0.00019186508087884813,0.0,0.0,0.001292677859826982
2024-09-11,2512.10009765625,-7.95888898574848e-05,0.00019345238095238096,0.0,0.0,0.0012109266148931119
2024-09-12,2551.199951171875,0.015564608095077315,0.00019206349811856709,0.0,0.0,0.0028019026492929317
2024-09-13,2581.300048828125,0.011798407899162866,0.00018900793696206714,0.0,0.0,0.005018393961252698
2024-09-16,2580.39990234375,-0.00034871826883653423,0.00018829364625234452,0.0,0.0,0.00449209790537952
2024-09-17,2564.300048828125,-0.006239286205599992,0.00018789683069501603,0.0,0.0,0.0023560655124892226
2024-09-18,2570.699951171875,0.0024957696922693895,0.00018313491155230808,0.0,0.0,0.002947230239752409
2024-09-19,2588.0,0.006729703643647111,0.00018226190218849787,0.0,0.0,0.004349405245280992
2024-09-20,2619.89990234375,0.012326082822160078,0.00018035714588468036,0.0,0.0,0.007211782923489013
2024-09-23,2626.5,0.002519217490082548,0.0001786904675619943,0.0,0.0,0.007198706298959584
2024-09-24,2651.199951171875,0.009404131418951023,0.00017837301133170959,0.0,0.0,0.009677440145927496
2024-09-25,2659.199951171875,0.003017501564325231,0.00017805555510142494,0.0,0.0,0.010129528251042429
2024-09-26,2669.89990234375,0.004023748258253246,0.00017730158472818041,0.0,0.0,0.011652780557708893
2024-09-27,2644.300048828125,-0.009588319582000904,0.00017785713786170598,0.0,0.0,0.004515497135046901
2024-09-30,2636.10009765625,-0.0031009911963315595,0.00017849206924438476,0.0,0.0,0.003601705472039262
2024-10-01,2667.300048828125,0.011835647363927837,0.00017785713786170598,0.0,0.0,0.005732294037583609
2024-10-02,2647.10009765625,-0.007573182919840549,0.00017750000196789937,0.0,0.0,0.0035878528668012027
2024-10-03,2657.10009765625,0.003777718873892999,0.0001771825457376147,0.0,0.0,0.0045318696594523885
2024-10-04,2645.800048828125,-0.004252774985064489,0.00017876984581114753,0.0,0.0,0.003379477456623458
2024-10-07,2644.800048828125,-0.00037795751059988003,0.00017956349584791396,0.0,0.0,0.0031268328023797225
2024-10-08,2615.0,-0.011267410873396222,0.0001796825348384797,0.0,0.0,0.001826261733951529
2024-10-09,2606.0,-0.0034416826003823564,0.00017996031140524242,0.0,0.0,0.0018133050871797765
2024-10-10,2620.60009765625,0.005602493344685433,0.00017976191308763294,0.0,0.0,0.0019840326455654368
2024-10-11,2657.60009765625,0.014118903541632033,0.00017916666136847602,0.0,0.0,0.003287562632795271
2024-10-14,2647.800048828125,-0.003687555865447112,0.0001792857192811512,0.0,0.0,0.0024221161339848625
2024-10-15,2661.39990234375,0.005136284184919404,0.00017916666136847602,0.0,0.0,0.002879921011723548
2024-10-16,2674.0,0.004734387209210489,0.0001786904675619943,0.0,0.0,0.003407039657187504
2024-10-17,2691.0,0.006357516828721099,0.00017916666136847602,0.0,0.0,0.004550183186477619
2024-10-18,2713.699951171875,0.00843550768185608,0.0001790873020414322,0.0,0.0,0.005762238609195904
2024-10-21,2723.10009765625,0.003463959410956896,0.0001792857192811512,0.0,0.0,0.0063239265639581255
2024-10-22,2744.199951171875,0.007748467834063577,0.00017857142857142857,0.0,0.0,0.008159442570019512
2024-10-23,2714.39990234375,-0.010859284803718228,0.00017876984581114753,0.0,0.0,0.003457077143836428
2024-10-24,2734.89990234375,0.007552313858506743,0.00017805555510142494,0.0,0.0,0.004373567312000781
2024-10-25,2740.89990234375,0.0021938645706405246,0.0001789682630508665,0.0,0.0,0.004725913762896866
2024-10-28,2742.89990234375,0.0007296873549778038,0.00017785713786170598,0.0,0.0,0.005106751389169344
2024-10-29,2768.39990234375,0.009296730069591863,0.00017777777853466217,0.0,0.0,0.0066535369558355035
2024-10-30,2788.5,0.007260547018237196,0.00017710316748846146,0.0,0.0,0.00860397012229395
2024-10-31,2738.300048828125,-0.018002492799668257,0.00017587302223084464,0.0,0.0,0.002847376036166621
2024-11-01,2738.60009765625,0.0001095748540242969,0.0001746031783875965,0.0,0.0,0.002560292785563296
2024-11-04,2736.10009765625,-0.0009128751591513939,0.0001753174690973191,0.0,0.0,0.0024042373953821676
2024-11-05,2740.300048828125,0.0015350137136695974,0.00017551586741492862,0.0,0.0,0.0026933808447468983
2024-11-06,2667.60009765625,-0.026529923685898793,0.0001757936439816914,0.0,0.0,0.0025926672984852898
2024-11-07,2698.39990234375,0.01154588527514333,0.0001753968284243629,0.0,0.0,0.0017343129563679323
2024-11-08,2687.5,-0.004039394729551615,0.00017551586741492862,0.0,0.0,0.0015952808724333468
2024-11-11,2611.199951171875,-0.028390715843023218,0.00017519841118464392,0.0,0.0,0.003705159539958717
2024-11-12,2600.0,-0.004289197066983941,0.00017551586741492862,0.0,0.0,0.0033522600702604686
2024-11-13,2580.800048828125,-0.007384596604567362,0.00017420634390815856,0.0,0.0,0.003927488790271397
2024-11-14,2568.199951171875,-0.00488224481473154,0.0001739285673413958,0.0,0.0,0.003550497551202903
2024-11-15,2565.699951171875,-0.0009734444542992549,0.0001743254018208337,0.0,0.0,0.003008890512223423
2024-11-18,2610.60009765625,0.017500154865679907,0.00017472221737816225,0.0,0.0,0.0011403525847240624
2024-11-19,2627.10009765625,0.006320385881703361,0.00017492063461788118,0.0,0.0,0.0007971440350834969
2024-11-20,2648.199951171875,0.008031613844653007,0.00017499999394492496,0.0,0.0,0.0008864759840595277
2024-11-21,2672.10009765625,0.009025053593026078,0.00017511905185760014,0.0,0.0,0.001417516129179322
2024-11-22,2709.89990234375,0.01414610355377599,0.00017519841118464392,0.0,0.0,0.00266457563020778
2024-11-25,2616.800048828125,-0.034355458456271526,0.00017480159562731546,0.0,0.0,0.0024199599257271865
2024-11-26,2620.300048828125,0.0013375114394267307,0.00017440476114787752,0.0,0.0,0.0018178772756778819
2024-11-27,2639.89990234375,0.007480003492115639,0.00017400794559054903,0.0,0.0,0.00146899885616863
2024-11-29,2657.0,0.00647755531983174,0.0001735317517840673,0.0,0.0,0.001388790529765497
2024-12-02,2634.89990234375,-0.008317688240967236,0.00017380952835083008,0.0,0.0,0.0012568167114234122
2024-12-03,2644.699951171875,0.003719324904679633,0.0001728968204013885,0.0,0.0,0.001043376208471115
2024-12-04,2653.800048828125,0.0034408809408483787,0.00017242062659490677,0.0,0.0,0.0010058132329860024
2024-12-05,2626.60009765625,-0.010249435025779796,0.0001718253937978593,0.0,0.0,0.000964312549047506
2024-12-06,2638.60009765625,0.004568643704349062,0.00017043651096404543,0.0,0.0,0.0007837900865309002
2024-12-09,2664.89990234375,0.009967332568076914,0.00017035715163700164,0.0,0.0,0.0008272421048871744
2024-12-10,2697.60009765625,0.012270703032313035,0.00017003967648460754,0.0,0.0,0.0015489890601847688
2024-12-11,2733.800048828125,0.013419317119437668,0.00016884921089051262,0.0,0.0,0.0029379142795194816
2024-12-12,2687.5,-0.016936150413770057,0.00016757936704726447,0.0,0.0,0.0013471081471180626
2024-12-13,2656.0,-0.011720930232558158,0.00016738094980754548,0.0,0.0,0.0009993481616193665
2024-12-16,2651.39990234375,-0.0017319644790098065,0.00016777778428698342,0.0,0.0,0.0007811878063627146
2024-12-17,2644.39990234375,-0.002640114753648559,0.00016825395917135572,0.0,0.0,0.0007087649481952642
2024-12-18,2636.5,-0.0029874083480143643,0.00016793650294107105,0.0,0.0,0.0007437516639644884
2024-12-19,2592.199951171875,-0.016802597696994104,0.0001674603091345893,0.0,0.0,0.0017808753155515158
2024-12-20,2628.699951171875,0.014080703914641779,0.0001672619108169798,0.0,0.0,0.0009330502105634711
2024-12-23,2612.300048828125,-0.006238788240719106,0.0001672619108169798,0.0,0.0,0.0009305520865887138
2024-12-24,2620.0,0.002947575327470142,0.0001666666590978229,0.0,0.0,0.000812038308505593
2024-12-26,2638.800048828125,0.007175591155772931,0.0001672619108169798,0.0,0.0,0.0009111390672302995
2024-12-27,2617.199951171875,-0.008185575737669981,0.00016579364973401265,0.0,0.0,0.0011086037120654763
2024-12-30,2606.10009765625,-0.0042411178827413964,0.00016595238731020973,0.0,0.0,0.0009462013163296734
2024-12-31,2629.199951171875,0.008863762959987476,0.00016698413425021702,0.0,0.0,0.0009699018741989296
2025-01-02,2658.89990234375,0.011296193413755873,0.00016698413425021702,0.0,80.0,0.3011160610934629
2025-01-03,2645.0,-0.005227689215189235,0.00016638888253106012,0.0,80.0,0.3063092253573956
2025-01-06,2638.39990234375,-0.002495311023156921,0.0001662698435404944,0.0,80.0,0.30722933697537264
2025-01-07,2656.699951171875,0.006936040594857751,0.00016678571701049806,0.0,80.0,0.2795349595217916
2025-01-08,2664.5,0.002935991633034929,0.00016686507633754187,0.0,80.0,0.2665295147144599
2025-01-09,2683.800048828125,0.007243403575952323,0.00016686507633754187,0.0,80.0,0.2602415740803533
2025-01-10,2708.5,0.009203349997202626,0.00016718253256782652,0.0,80.0,0.25803176100970066
2025-01-13,2673.5,-0.012922281705741168,0.00016738094980754548,0.0,80.0,0.26996427392636374
2025-01-14,2677.5,0.0014961660744343686,0.00016718253256782652,0.0,80.0,0.2630941005172452
2025-01-15,2712.5,0.013071895424836555,0.00016686507633754187,0.0,80.0,0.24688591734178952
2025-01-16,2746.39990234375,0.012497659850230436,0.00016646826078021336,0.0,80.0,0.2598659955620268
2025-01-17,2744.300048828125,-0.0007645840337501264,0.00016638888253106012,0.0,80.0,0.24329018741464928
2025-01-21,2755.0,0.0038989727732010593,0.00016654762010725717,0.0,80.0,0.25732780115161263
2025-01-22,2767.60009765625,0.0045735381692377786,0.0001672619108169798,0.0,80.0,0.27048041729426087
2025-01-23,2763.10009765625,-0.0016259574509376318,0.00016718253256782652,0.0,80.0,0.26280019189586434
2025-01-24,2777.300048828125,0.005139137443453512,0.00016686507633754187,0.0,80.0,0.26166803936958033
2025-01-27,2737.5,-0.014330482169155112,0.0001661904842134506,0.0,80.0,0.17339629098722434
2025-01-28,2766.800048828125,0.010703214183789944,0.0001662698435404944,0.0,80.0,0.1873809401124493
2025-01-29,2769.10009765625,0.0008313028724642457,0.0001661904842134506,0.0,80.0,0.1637774570606963
2025-01-30,2823.0,0.019464772107505413,0.00016595238731020973,0.0,80.0,0.22360691925162815
2025-01-31,2812.5,-0.0037194473963868546,0.0001661904842134506,0.0,80.0,0.1700769049746429
2025-02-03,2833.89990234375,0.007608854166666568,0.0001662698435404944,0.0,80.0,0.19987035114381607
2025-02-04,2853.300048828125,0.006845741611526401,0.00016718253256782652,0.0,80.0,0.2338835540835656
2025-02-05,2871.60009765625,0.006413643330515084,0.00016706349357726083,0.0,80.0,0.24836382459471415
2025-02-06,2856.0,-0.005432545314712378,0.00016718253256782652,0.0,80.0,0.20724709286411971
2025-02-07,2867.300048828125,0.003956599729735721,0.00016777778428698342,0.0,80.0,0.1946944454395322
2025-02-10,2914.300048828125,0.016391727129920985,0.00016777778428698342,0.0,80.0,0.2650916260489787
2025-02-11,2912.5,-0.0006176607754746488,0.00016765872637430828,0.0,80.0,0.24435306437985022
2025-02-12,2909.0,-0.001201716738197467,0.00016777778428698342,0.0,80.0,0.23947379058441054
2025-02-13,2925.89990234375,0.005809522978257098,0.00016718253256782652,0.0,80.0,0.25225434285256537
2025-02-14,2883.60009765625,-0.014457023855674711,0.00016718253256782652,0.0,80.0,0.15204964379298702
2025-02-18,2931.60009765625,0.01664585877875835,0.00016718253256782652,0.0,80.0,0.20399601122677832
2025-02-19,2919.39990234375,-0.004161616491367259,0.00016738094980754548,0.0,80.0,0.1564457692700497
2025-02-20,2940.0,0.007056278120620485,0.00016686507633754187,0.0,80.0,0.17229374201692968
2025-02-21,2937.60009765625,-0.0008162933142006334,0.00016654762010725717,0.0,80.0,0.16972047217569505
2025-02-24,2947.89990234375,0.0035061970129008913,0.0001662698435404944,0.0,80.0,0.17555616493408532
2025-02-25,2904.5,-0.014722312080286182,0.00016595238731020973,0.0,80.0,0.1536379003322279
2025-02-26,2916.800048828125,0.004234824867662246,0.00016638888253106012,0.0,80.0,0.16028662271275354
2025-02-27,2883.199951171875,-0.011519506683274172,0.00016646826078021336,0.0,80.0,0.1950726519268531
2025-02-28,2836.800048828125,-0.016093196146486743,0.00016638888253106012,0.0,80.0,0.3777130469635861
2025-03-03,2890.199951171875,0.018823992323959926,0.00016638888253106012,0.0,80.0,0.20014926738490296
2025-03-04,2909.60009765625,0.006712389043017186,0.00016646826078021336,0.0,80.0,0.16436253948924154
2025-03-05,2915.300048828125,0.0019590153218878026,0.00016686507633754187,0.0,80.0,0.15672799303667836
2025-03-06,2916.60009765625,0.0004459399740508463,0.00016654762010725717,0.0,80.0,0.16400164798246394
2025-03-07,2904.699951171875,-0.00408014334702167,0.00016654762010725717,0.0,80.0,0.1354165122031547
2025-03-10,2891.0,-0.0047164772273115,0.00016607142630077544,0.0,80.0,0.14617952989839522
2025-03-11,2912.89990234375,0.007575199703822255,0.00016646826078021336,0.0,80.0,0.11550578282008524
2025-03-12,2939.10009765625,0.008994540214519287,0.00016654762010725717,0.0,80.0,0.14370989182431257
2025-03-13,2984.300048828125,0.015378840349098422,0.0001661904842134506,0.0,80.0,0.201572168485695
2025-03-14,2994.5,0.003417870524071498,0.0001661904842134506,0.0,80.0,0.19301101574364463
2025-03-17,3000.0,0.0018367006177992806,0.0001661904842134506,0.0,80.0,0.20373621597268834
2025-03-18,3035.10009765625,0.011700032552083295,0.00016646826078021336,0.0,80.0,0.2463649710093815
2025-03-19,3035.89990234375,0.000263518388773365,0.0001662698435404944,0.0,80.0,0.22183050263102952
2025-03-20,3040.0,0.0013505378267197887,0.00016595238731020973,0.0,80.0,0.21270619040371788
2025-03-21,3018.199951171875,-0.007171068693462179,0.00016607142630077544,0.0,80.0,0.15664442852893665
2025-03-24,3013.10009765625,-0.0016897003505831343,0.00016595238731020973,0.0,80.0,0.13984695286185628
2025-03-25,3023.699951171875,0.003517922794489925,0.00016595238731020973,0.0,80.0,0.14353025548925963
2025-03-26,3020.89990234375,-0.000926033956193284,0.0001662698435404944,0.0,80.0,0.15202681509680338
2025-03-27,3060.199951171875,0.013009384653107636,0.0001661904842134506,0.0,80.0,0.1947108614806516
2025-03-28,3086.5,0.008594225621777918,0.0001661904842134506,0.0,80.0,0.23098816048490628
2025-03-31,3122.800048828125,0.011760910036651584,0.00016638888253106012,0.0,80.0,0.2773668379286783
2025-04-01,3118.89990234375,-0.0012489260994595908,0.0001666666590978229,0.0,80.0,0.26033811026189874
2025-04-02,3139.89990234375,0.006733143306144385,0.00016678571701049806,0.0,80.0,0.28334406798732475
2025-04-03,3097.0,-0.013662824828182485,0.00016607142630077544,0.0,80.0,0.15285800921330578
2025-04-04,3012.0,-0.02744591540200192,0.00016488096070668053,0.0,80.0,0.37112697128872
2025-04-07,2951.300048828125,-0.020152706232362205,0.00016468254346696157,0.0,80.0,0.5448615550595551
2025-04-08,2968.39990234375,0.00579400712659317,0.00016579364973401265,0.0,80.0,0.5262873375588015
2025-04-09,3056.5,0.029679322380616213,0.00016777778428698342,0.0,80.0,0.33793088176102143
2025-04-10,3155.199951171875,0.0322918210933667,0.00016654762010725717,0.0,80.0,0.300692431405717
2025-04-11,3222.199951171875,0.02123478734687345,0.00016718253256782652,0.0,80.0,0.31839787493268684
2025-04-14,3204.800048828125,-0.005400007016144959,0.00016646826078021336,0.0,80.0,0.2953551644140147
2025-04-15,3218.699951171875,0.004337213595847489,0.0001666666590978229,0.0,80.0,0.27775931973486917
2025-04-16,3326.60009765625,0.03352289685936416,0.00016698413425021702,0.0,80.0,0.33524480299234694
2025-04-17,3308.699951171875,-0.005380913232397977,0.00016686507633754187,0.0,80.0,0.3097087619327638
2025-04-21,3406.199951171875,0.029467767231497577,0.00016706349357726083,0.0,80.0,0.3502870358691032
2025-04-22,3400.800048828125,-0.0015853157246075167,0.00016718253256782652,0.0,80.0,0.33428754485306406
2025-04-23,3276.300048828125,-0.03660903264303972,0.00016698413425021702,0.0,80.0,0.3584655651372021
2025-04-24,3332.0,0.017000869988021305,0.00016654762010725717,0.0,80.0,0.3512971376054448
2025-04-25,3282.39990234375,-0.014885983690351101,0.00016638888253106012,0.0,80.0,0.36448971991720197
2025-04-28,3332.5,0.015263252238240987,0.00016638888253106012,0.0,80.0,0.34258129715913865
2025-04-29,3318.800048828125,-0.0041110131048387455,0.0001662698435404944,0.0,80.0,0.333375791830514
2025-04-30,3305.0,-0.004158144095784855,0.0001662698435404944,0.0,80.0,0.32164528834959183
2025-05-01,3210.0,-0.02874432677760963,0.00016607142630077544,0.0,80.0,0.4570512969353413
2025-05-02,3231.89990234375,0.006822399484034181,0.00016698413425021702,0.0,80.0,0.4345257248630911
2025-05-05,3311.300048828125,0.024567637885936522,0.00016698413425021702,0.0,80.0,0.3597686437372666
2025-05-06,3411.39990234375,0.03022977442079,0.00016706349357726083,0.0,80.0,0.3543195207856475
2025-05-07,3381.39990234375,-0.008794043752944014,0.0001672619108169798,0.0,80.0,0.3459938070891428
2025-05-08,3296.60009765625,-0.025078312869389552,0.0001672619108169798,0.0,80.0,0.4222014394890809
2025-05-09,3335.39990234375,0.011769642522029056,0.0001672619108169798,0.0,80.0,0.37736406375380926
2025-05-12,3220.0,-0.03459852063396052,0.000169841278166998,0.0,80.0,0.5340482683848071
2025-05-13,3240.300048828125,0.0063043629901009535,0.00017003967648460754,0.0,80.0,0.5072833844343618
2025-05-14,3181.39990234375,-0.01817737419276233,0.00017003967648460754,0.0,80.0,0.5768919077195858
2025-05-15,3220.699951171875,0.012353067842610033,0.0001689682498810783,0.0,80.0,0.521738837102286
2025-05-16,3182.0,-0.012016006383268829,0.00016813492018079,0.0,80.0,0.5753908749482891
2025-05-19,3228.89990234375,0.01473912707220304,0.00016825395917135572,0.0,80.0,0.533262070948447
2025-05-20,3280.300048828125,0.015918779782261305,0.00016857143432374985,0.0,80.0,0.45478471293071765
2025-05-21,3309.300048828125,0.008840654686561367,0.0001680555608537462,0.0,80.0,0.4170544982205073
2025-05-22,3292.300048828125,-0.0051370379685032885,0.00016793650294107105,0.0,80.0,0.39732470130970066
2025-05-23,3363.60009765625,0.021656607165408293,0.00016785714361402723,0.0,80.0,0.37399866176031377
2025-05-27,3299.10009765625,-0.0191758824257805,0.00016678571701049806,0.0,80.0,0.4050740538194793
2025-05-28,3293.60009765625,-0.0016671212867737095,0.00016765872637430828,0.0,80.0,0.46764869296745715
2025-05-29,3317.10009765625,0.007135049581982633,0.00016785714361402723,0.0,80.0,0.4241691037318854
2025-05-30,3288.89990234375,-0.008501460457109866,0.00016793650294107105,0.0,80.0,0.44385027429677776
2025-06-02,3370.60009765625,0.024841192416430236,0.00016793650294107105,0.0,80.0,0.39941498511000717
2025-06-03,3350.199951171875,-0.006052378179944973,0.0001680555608537462,0.0,80.0,0.40834267921716183
2025-06-04,3373.5,0.006954823344193173,0.00016825395917135572,0.0,80.0,0.39420734896828596
2025-06-05,3350.699951171875,-0.0067585738337409,0.00016793650294107105,0.0,80.0,0.4077351236373187
2025-06-06,3322.699951171875,-0.008356462950437349,0.00016793650294107105,0.0,80.0,0.4292876354124464
2025-06-09,3332.10009765625,0.002829068715957783,0.00016825395917135572,0.0,80.0,0.40575224031065255
2025-06-10,3320.89990234375,-0.0033613021770798612,0.00016865079365079366,0.0,80.0,0.4113038989718139
2025-06-11,3321.300048828125,0.0001204933891842952,0.00016865079365079366,0.0,80.0,0.4150794169850514
2025-06-12,3380.89990234375,0.01794473628983151,0.0001689682498810783,0.0,80.0,0.3734494013693041
2025-06-13,3431.199951171875,0.014877710160320134,0.00016825395917135572,0.0,80.0,0.3628794668534105
2025-06-16,3396.39990234375,-0.010142238669664128,0.00016857143432374985,0.0,80.0,0.3772804329266741
2025-06-17,3386.60009765625,-0.002885350656363417,0.00016738094980754548,0.0,80.0,0.379362639062138
2025-06-18,3389.800048828125,0.0009448860448830754,0.00016757936704726447,0.0,80.0,0.36411234561930583
2025-06-20,3368.10009765625,-0.006401543117381503,0.00016646826078021336,0.0,80.0,0.36973599948447405
2025-06-23,3377.699951171875,0.00285022809218316,0.00016499999969724625,0.0,80.0,0.35799807631558506
2025-06-24,3317.39990234375,-0.017852399472962133,0.00016595238731020973,0.0,80.0,0.43929331584394515
2025-06-25,3327.10009765625,0.0029240355694371,0.0001661904842134506,0.0,80.0,0.4135847171485584
2025-06-26,3333.5,0.0019235677184039623,0.00016638888253106012,0.0,80.0,0.38181143019181885
2025-06-27,3273.699951171875,-0.017939117692552853,0.00016654762010725717,0.0,80.0,0.47403226106827506
2025-06-30,3294.39990234375,0.006323105807074736,0.0001662698435404944,0.0,80.0,0.4280607049427721
2025-07-01,3336.699951171875,0.012839986061810915,0.00016765872637430828,0.0,80.0,0.37292075539274777
2025-07-02,3348.0,0.00338659423786547,0.00016757936704726447,0.0,80.0,0.3566999783945048
2025-07-03,3331.60009765625,-0.0048984176653972256,0.00016825395917135572,0.0,80.0,0.3700005863645174
2025-07-04,3332.5,0.0002701111530112321,0.00016825395917135572,0.0,80.0,0.37635219960100935
2025-07-07,3332.199951171875,-9.003715772692988e-05,0.0001684523764110747,0.0,80.0,0.3577554864578883
2025-07-08,3307.0,-0.007562556731630865,0.00016865079365079366,0.0,80.0,0.40234160731683943
2025-07-09,3311.60009765625,0.0013910183417751298,0.0001684523764110747,0.0,80.0,0.375155832486978
2025-07-10,3317.39990234375,0.0017513602235985637,0.00016825395917135572,0.0,80.0,0.3601216475826012
2025-07-11,3356.0,0.011635648035372315,0.00016813492018079,0.0,80.0,0.3037100088537897
2025-07-14,3351.5,-0.001340882002383803,0.00016777778428698342,0.0,80.0,0.31937367039689535
2025-07-15,3329.800048828125,-0.0064746982461211244,0.00016793650294107105,0.0,80.0,0.3718600262064403
2025-07-16,3352.5,0.006817211495886655,0.00016765872637430828,0.0,80.0,0.31579717924515105
2025-07-17,3340.10009765625,-0.003698703159955241,0.0001680555608537462,0.0,80.0,0.3244488272364779
2025-07-18,3353.0,0.0038621304651325072,0.00016785714361402723,0.0,80.0,0.2933508316600731
2025-07-21,3401.89990234375,0.014583925542424714,0.00016757936704726447,0.0,80.0,0.2829001357626709
2025-07-22,3439.199951171875,0.010964475704422494,0.00016785714361402723,0.0,80.0,0.2977130099505732
2025-07-23,3394.10009765625,-0.013113472364483347,0.00016825395917135572,0.0,80.0,0.29294809230206964
2025-07-24,3371.0,-0.006805956510299027,0.0001684523764110747,0.0,80.0,0.3317793246874317
2025-07-25,3334.0,-0.010975971521803629,0.0001684523764110747,0.0,80.0,0.3834743537968555
2025-07-28,3309.10009765625,-0.007468477007723462,0.0001680555608537462,0.0,80.0,0.4421273462764133
2025-07-29,3323.39990234375,0.00432135754902907,0.00016785714361402723,0.0,80.0,0.3501877026806796
2025-07-30,3295.800048828125,-0.008304704316853595,0.00016793650294107105,0.0,80.0,0.3749035453792887
2025-07-31,3293.199951171875,-0.0007889124393861691,0.0001680555608537462,0.0,80.0,0.3672097254015334
2025-08-01,3347.699951171875,0.01654925325156964,0.00016595238731020973,0.0,80.0,0.2817945821186232
2025-08-04,3374.39990234375,0.007975610586763882,0.00016480158245752731,0.0,80.0,0.2630014130803284
2025-08-05,3381.89990234375,0.00222261741851959,0.00016468254346696157,0.0,80.0,0.2605349037199243
2025-08-06,3380.0,-0.0005617855047789222,0.00016400793242076086,0.0,80.0,0.2605985233824369
2025-08-07,3400.300048828125,0.006005931605954196,0.00016420634966047982,0.0,80.0,0.25283553160383015
2025-08-08,3439.10009765625,0.011410772070393316,0.00016400793242076086,0.0,80.0,0.26177101292092425
2025-08-11,3353.10009765625,-0.025006541699268636,0.0001644047669001988,0.0,80.0,0.3564527570385362
2025-08-12,3348.89990234375,-0.0012526304584333792,0.00016388889343019517,0.0,80.0,0.34750441159550605
2025-08-13,3358.699951171875,0.002926348685807545,0.00016309524339342874,0.0,80.0,0.33950540723384215
2025-08-14,3335.199951171875,-0.006996754798475169,0.00016317460272047255,0.0,80.0,0.37555384583827756
2025-08-15,3336.0,0.00023988031897270723,0.00016317460272047255,0.0,80.0,0.386515299069332
2025-08-18,3331.699951171875,-0.0012889834616681695,0.0001636111168634324,0.0,80.0,0.40777627262875216
2025-08-19,3313.39990234375,-0.00549270615491293,0.00016309524339342874,0.0,80.0,0.4528951128617766
2025-08-20,3343.39990234375,0.009054144046657164,0.00016329364171103827,0.0,80.0,0.3595342896994389
2025-08-21,3336.89990234375,-0.0019441287880170854,0.00016380951518104187,0.0,80.0,0.35978520924950497
2025-08-22,3374.39990234375,0.011237975695243652,0.00016222221510750907,0.0,80.0,0.27838210163109145
2025-08-25,3373.800048828125,-0.00017776598298513413,0.00016242063234722803,0.0,80.0,0.260176433305793
2025-08-26,3388.60009765625,0.00438675932596122,0.00016222221510750907,0.0,80.0,0.24050988715698282
2025-08-27,3404.60009765625,0.004721713846100206,0.00016111110884045796,0.0,80.0,0.23290397809192737
2025-08-28,3431.800048828125,0.007989176523433672,0.00016158730264693972,0.0,80.0,0.23875832939225528
2025-08-29,3473.699951171875,0.012209307578411543,0.00016043651671636674,0.0,80.0,0.2620357050465841
2025-09-02,3549.39990234375,0.02179231143620708,0.0001600000025734069,0.0,80.0,0.31007051467293273
2025-09-03,3593.199951171875,0.012340127918300414,0.00015944444943988135,0.0,80.0,0.3307744418374461
2025-09-04,3565.800048828125,-0.007625487786955487,0.00015865078994206018,0.0,80.0,0.26220419177756665
2025-09-05,3613.199951171875,0.01329292211977151,0.00015515873356470987,0.0,80.0,0.300011556575434
2025-09-08,3638.10009765625,0.0068914388411576155,0.00015587301481337774,0.0,80.0,0.31173250590810736
2025-09-09,3643.300048828125,0.0014293040412012292,0.00015646825707147993,0.0,80.0,0.29511166356260043
2025-09-10,3643.60009765625,8.235633192543723e-05,0.00015595238360147627,0.0,80.0,0.28318550261385567
2025-09-11,3636.89990234375,-0.001838894261971813,0.00015587301481337774,0.0,80.0,0.2758253357275803
2025-09-12,3649.39990234375,0.00343699313581447,0.00015587301481337774,0.0,80.0,0.2714740538606776
2025-09-15,3682.199951171875,0.008987792433232666,0.00015476190854632666,0.0,80.0,0.3004716996542534
2025-09-16,3688.89990234375,0.0018195511543968035,0.00015436508352794344,0.0,80.0,0.2928800793994386
2025-09-17,3681.800048828125,-0.0019246533393638687,0.00015349206470307848,0.0,80.0,0.27949364928508297
2025-09-18,3643.699951171875,-0.010348225637178965,0.00015396825850956023,0.0,80.0,0.18932800601996952
2025-09-19,3671.5,0.007629620770278844,0.00015388888972146168,0.0,80.0,0.19469572971020574
2025-09-22,3740.699951171875,0.01884786903768898,0.00015269841466631208,0.0,80.0,0.26157126100701916
2025-09-23,3780.60009765625,0.010666492101799152,0.00015257936621469165,0.0,80.0,0.29140302879059055
2025-09-24,3732.10009765625,-0.012828651205417652,0.00015309523968469525,0.0,80.0,0.20828322867776589
2025-09-25,3736.89990234375,0.0012860868041868478,0.00015408729750012595,0.0,80.0,0.19678246428041515
2025-09-26,3775.300048828125,0.010275936601965352,0.0001531745990117391,0.0,80.0,0.22194700750685137
2025-09-29,3820.89990234375,0.012078471360118748,0.00015329364746335952,0.0,80.0,0.2583402079990907
2025-09-30,3840.800048828125,0.005208235492420998,0.00015257936621469165,0.0,80.0,0.26517436124277083
2025-10-01,3867.5,0.006951663932628138,0.00015257936621469165,0.0,80.0,0.27506815946670254
2025-10-02,3839.699951171875,-0.007188118636877849,0.00015269841466631208,0.0,80.0,0.22951109355921095
2025-10-03,3880.800048828125,0.010703986816393396,0.00015309523968469525,0.0,80.0,0.2585758932496477
2025-10-06,3948.5,0.01744484392910639,0.0001531745990117391,0.0,80.0,0.30309947595631465
2025-10-07,3976.60009765625,0.007116651299544197,0.00015249999742659312,0.0,80.0,0.31305996551062976
2025-10-08,4043.300048828125,0.016773110077421993,0.00015249999742659312,0.0,80.0,0.34405011704295185
2025-10-09,3946.300048828125,-0.02399030465921359,0.00015289682244497632,0.0,80.0,0.2771483730764581
2025-10-10,3975.89990234375,0.007500659643053353,0.00015289682244497632,0.0,80.0,0.27864448209306647
2025-10-13,4108.60009765625,0.033376140891845596,0.00015289682244497632,0.0,80.0,0.3309427870475968
2025-10-14,4138.7001953125,0.007326120075161535,0.00015289682244497632,0.0,80.0,0.33169009914525643
2025-10-15,4176.89990234375,0.009229880210824382,0.00015309523968469525,0.0,80.0,0.33510997396797376
2025-10-16,4280.2001953125,0.024731330743833713,0.00015289682244497632,0.0,80.0,0.3607417380981382
2025-10-17,4189.89990234375,-0.021097212477968474,0.000152063492744688,0.0,80.0,0.33023625194875095
2025-10-20,4336.39990234375,0.03496503577998378,0.00015071428957439602,0.0,80.0,0.36402459323696384
2025-10-21,4087.699951171875,-0.057351710352510854,0.00015019841610439244,0.0,80.0,0.43319610420808086
2025-10-22,4044.39990234375,-0.010592765943036375,0.00015031746455601282,0.0,80.0,0.449430455037983
2025-10-23,4125.5,0.02005244278866991,0.00015031746455601282,0.0,80.0,0.41778078020590886
2025-10-24,4118.39990234375,-0.001721027186098678,0.00014932539727952746,0.0,80.0,0.4106536152243447
2025-10-27,4001.89990234375,-0.028287685208447266,0.00014753967996627567,0.0,80.0,0.4732015591489246
2025-10-28,3966.199951171875,-0.008920750654199727,0.00014761904875437417,0.0,80.0,0.47997201660070266
2025-10-29,3983.699951171875,0.0044122838524138785,0.0001480158737727574,0.0,80.0,0.46679866173906187
2025-10-30,4001.300048828125,0.00441802793181556,0.0001490873003762866,0.0,80.0,0.4486598382572286
2025-10-31,3982.199951171875,-0.004773472977074977,0.00014753967996627567,0.0,80.0,0.46386480199221997
2025-11-03,4000.300048828125,0.004545250835765735,0.00015011904731629386,0.0,80.0,0.4433755141656155
2025-11-04,3947.699951171875,-0.013149038075696118,0.0001505158723346771,0.0,80.0,0.48761999432711617
2025-11-05,3980.300048828125,0.008257997836581543,0.00015031746455601282,0.0,80.0,0.44615576253905026
2025-11-06,3979.89990234375,-0.00010053173867952125,0.00014932539727952746,0.0,80.0,0.4089150737996559
2025-11-07,3999.39990234375,0.004899620713705977,0.0001490873003762866,0.0,80.0,0.39194452954507997
2025-11-10,4111.7998046875,0.02810419190086022,0.00015011904731629386,0.0,80.0,0.3726185967270766
2025-11-11,4106.7998046875,-0.0012160125097286922,0.00015011904731629386,0.0,80.0,0.3718792564104734
2025-11-12,4204.39990234375,0.023765487069725033,0.00014992063953762962,0.0,80.0,0.37089805599428793
2025-11-13,4186.89990234375,-0.004162306252134762,0.0001505158723346771,0.0,80.0,0.3659321430216307
2025-11-14,4087.60009765625,-0.02371678497303309,0.00015031746455601282,0.0,80.0,0.39287392446464137
2025-11-17,4068.300048828125,-0.004721608857772397,0.00014968254263438875,0.0,80.0,0.4006929647593794
2025-11-18,4061.300048828125,-0.0017206203859069236,0.00014968254263438875,0.0,80.0,0.40105951106534216
2025-11-19,4077.699951171875,0.004038091780114161,0.00014968254263438875,0.0,80.0,0.3916993848009429
2025-11-20,4056.5,-0.005198997333235034,0.0001498015910860092,0.0,80.0,0.399281278236558
2025-11-21,4076.699951171875,0.0049796502334216175,0.0001484126987911406,0.0,80.0,0.38165483636727865
2025-11-24,4091.89990234375,0.003728493966671742,0.0001480158737727574,0.0,80.0,0.36508930328049966
2025-11-25,4139.2001953125,0.01155949414638835,0.00014809524256085592,0.0,80.0,0.35848030722415103
2025-11-26,4165.2001953125,0.006281406738781081,0.00014892857226114425,0.0,80.0,0.3552842937365807
2025-11-28,4218.2998046875,0.012748393086785548,0.00014670635026598736,0.0,80.0,0.35535401513482123
2025-12-01,4239.2998046875,0.004978309027884764,0.000146547622150845,0.0,80.0,0.35343655344458436
2025-12-02,4186.60009765625,-0.012431229084807538,0.00014571428298950194,0.0,80.0,0.3553686842963732
2025-12-03,4199.2998046875,0.0030334177459079292,0.00014424603136758957,0.0,80.0,0.29904584316037075
2025-12-04,4211.7998046875,0.0029766867290701438,0.0001433333328792027,0.0,80.0,0.2896042285491129
2025-12-05,4212.89990234375,0.0002611941942316509,0.0001429761875243414,0.0,80.0,0.27950820539181037
2025-12-08,4187.2001953125,-0.006100241550233032,0.0001435714297824436,0.0,80.0,0.28572776802108946
2025-12-09,4206.7001953125,0.004657049840088856,0.0001441269829159691,0.0,80.0,0.2694322621509284
2025-12-10,4196.39990234375,-0.002448544581386547,0.00014257936250595819,0.0,80.0,0.2703501718607291
2025-12-11,4285.5,0.021232508752677903,0.00014158730469052754,0.0,80.0,0.2714159836314802
2025-12-12,4300.10009765625,0.0034068597961147695,0.0001398809561653743,0.0,80.0,0.2691422420103225
2025-12-15,4306.7001953125,0.001534870702160518,0.00014039682963537794,0.0,80.0,0.2662270825471889
2025-12-16,4304.5,-0.0005108772871849077,0.00014067460620214068,0.0,80.0,0.2549186616516519
2025-12-17,4347.5,0.009989545824137469,0.00014059523741404215,0.0,80.0,0.2728846622363624
2025-12-18,4339.5,-0.001840138010350767,0.00013976190771375384,0.0,80.0,0.2591054811126105
2025-12-19,4361.39990234375,0.005046641858220902,0.00013976190771375384,0.0,80.0,0.27130805560934723
2025-12-22,4444.60009765625,0.019076488553088078,0.0001400000046169947,0.0,80.0,0.32142785986150363
2025-12-23,4482.7998046875,0.008594633081026481,0.0001407539655291845,0.0,80.0,0.33435114032050994
2025-12-24,4480.60009765625,-0.000490699368048908,0.0001410714312205239,0.0,80.0,0.3219878377320358
2025-12-26,4529.10009765625,0.010824442919012078,0.00014059523741404215,0.0,80.0,0.34381278886834804
2025-12-29,4325.10009765625,-0.04504206036549452,0.00014039682963537794,0.0,80.0,0.44941312782511017
2025-12-30,4370.10009765625,0.010404383478751278,0.00014047618896242175,0.0,80.0,0.41970775373806263
2025-12-31,4325.60009765625,-0.010182833117224455,0.0001407539655291845,0.0,80.0,0.4446225222220004
2026-01-02,4314.39990234375,-0.0025892812695673673,0.00014019841239565892,0.0,80.0,0.3413006267924118
2026-01-05,4436.89990234375,0.028393288237711367,0.00013948413114699108,0.0,80.0,0.28282862235465905
2026-01-06,4482.2001953125,0.010209897443217208,0.0001396825389256553,0.0,80.0,0.2721629607324959
2026-01-07,4449.2998046875,-0.00734023229471259,0.00013948413114699108,0.0,80.0,0.26974274602982456
2026-01-08,4449.7001953125,8.998958096251286e-05,0.00013916666545565166,0.0,80.0,0.2534172251864674
2026-01-09,4490.2998046875,0.009124122433634918,0.00013940476235889252,0.0,80.0,0.24494228882639144
2026-01-12,4604.2998046875,0.02538805980861092,0.00014019841239565892,0.0,80.0,0.275541984435285
2026-01-13,4589.2001953125,-0.0032794583357990126,0.00014126983899918815,0.0,80.0,0.25814007714646864
2026-01-14,4626.2998046875,0.00808411221913885,0.00014126983899918815,0.0,80.0,0.26117979135626584
2026-01-15,4616.2998046875,-0.0021615546813174014,0.0001414682562389071,0.0,80.0,0.24507164132402093
2026-01-16,4588.39990234375,-0.00604378041378939,0.00014115079054756772,0.0,80.0,0.2255811482702517
2026-01-20,4759.60009765625,0.03731152448701147,0.00014174603280566988,0.0,80.0,0.2932421683581739
2026-01-21,4831.7998046875,0.01516928009704066,0.00014238095472729397,0.0,80.0,0.31049981984193264
2026-01-22,4908.7998046875,0.015936090714126827,0.00014238095472729397,0.0,80.0,0.3259594542320501
2026-01-23,4976.2001953125,0.013730523408316264,0.00014214285782405308,0.0,80.0,0.33656131427385305
2026-01-26,5079.7001953125,0.02079900243914934,0.0001418650812572903,0.0,80.0,0.355053761638554
2026-01-27,5079.89990234375,3.9314727950712225e-05,0.00014166666401757135,0.0,80.0,0.34409909098049024
2026-01-28,5301.60009765625,0.043642630676681726,0.00014214285782405308,0.0,80.0,0.38725203231071065
2026-01-29,5318.39990234375,0.0031688177867144063,0.00014206348903595455,0.0,80.0,0.3814511556441366
2026-01-30,4713.89990234375,-0.11366200569716556,0.00014174603280566988,0.0,80.0,0.4603715600889314
2026-02-02,4622.5,-0.019389444883695095,0.00014198412970891077,0.0,80.0,0.47803493936989344
2026-02-03,4903.7001953125,0.06083292489183334,0.00014246031405433778,0.0,80.0,0.4252988493094127
2026-02-04,4920.39990234375,0.0034055318159975645,0.0001426587312940567,0.0,80.0,0.4273234608712279
2026-02-05,4861.39990234375,-0.011990895287168901,0.00014198412970891077,0.0,80.0,0.4356553671326663
2026-02-06,4951.2001953125,0.01847210572523683,0.00014246031405433778,0.0,80.0,0.417559951493321
2026-02-09,5050.89990234375,0.020136472592168664,0.00014257936250595819,0.0,80.0,0.4078229696111141
2026-02-10,5003.7998046875,-0.009325090294185823,0.00014246031405433778,0.0,80.0,0.41352642371229004
2026-02-11,5071.60009765625,0.013549761304446184,0.00014285713907272098,0.0,80.0,0.40897774717853613
2026-02-12,4923.7001953125,-0.029162374693560533,0.00014277777974567717,0.0,80.0,0.4328057657648005
2026-02-13,5022.0,0.019964620262842958,0.00014257936250595819,0.0,80.0,0.413363517683243
2026-02-17,4882.89990234375,-0.027698147681451624,0.00014257936250595819,0.0,80.0,0.44375329072575775
2026-02-18,4986.5,0.021216920217128177,0.0001429761875243414,0.0,80.0,0.41445085709607465
2026-02-19,4975.89990234375,-0.0021257590807680637,0.0001426587312940567,0.0,80.0,0.4231765352097426
2026-02-20,5059.2998046875,0.016760767696405443,0.0001426587312940567,0.0,80.0,0.4089321487125651
2026-02-23,5204.7001953125,0.028739231956620648,0.00014238095472729397,0.0,80.0,0.39583487748903406
2026-02-24,5155.7998046875,-0.009395428898871239,0.00014238095472729397,0.0,80.0,0.3884520193197512
2026-02-25,5206.39990234375,0.00981420915727682,0.00014238095472729397,0.0,80.0,0.3813831163470725
2026-02-26,5176.5,-0.005742913127032345,0.00014238095472729397,0.0,80.0,0.3779571105378786
2026-02-27,5230.5,0.010431758910460776,0.00014198412970891077,0.0,80.0,0.37473317435113984
2026-03-02,5294.39990234375,0.012216786606203955,0.00014246031405433778,0.0,80.0,0.37574168976436406
2026-03-03,5107.39990234375,-0.03532033912232768,0.0001426587312940567,0.0,80.0,0.4061511334359083
2026-03-04,5120.2001953125,0.002506224931178025,0.0001426587312940567,0.0,80.0,0.41056155492047247
2026-03-05,5065.2998046875,-0.010722313294558417,0.00014238095472729397,0.0,80.0,0.4307882403597579
2026-03-06,5146.10009765625,0.015951729627923683,0.00014166666401757135,0.0,80.0,0.39816749444700866
2026-03-09,5091.5,-0.010609995262454652,0.00014257936250595819,0.0,80.0,0.4162191974355434
2026-03-10,5229.7001953125,0.02714331637287626,0.0001426587312940567,0.0,80.0,0.38110573996868286
2026-03-11,5167.39990234375,-0.011912784794927855,0.00014285713907272098,0.0,80.0,0.399375538102253
2026-03-12,5115.7998046875,-0.009985698539191068,0.00014305555631243994,0.0,80.0,0.4239803712382958
2026-03-13,5052.5,-0.012373393624492413,0.0001429761875243414,0.0,80.0,0.44496754357956436
2026-03-16,4994.0,-0.011578426521523966,0.00014305555631243994,0.0,80.0,0.47929792342735333
2026-03-17,5001.0,0.0014016820184221679,0.00014305555631243994,0.0,80.0,0.47683274798407105
2026-03-18,4889.89990234375,-0.02221557641596683,0.00014325396409110418,0.0,80.0,0.5173755834817678
2026-03-19,4600.7001953125,-0.059142255016843004,0.0001433333328792027,0.0,80.0,0.5711229345189301
2026-03-20,4570.39990234375,-0.006586017710874081,0.0001435714297824436,0.0,80.0,0.5807035203726263
2026-03-23,4404.10009765625,-0.036386269963426976,0.0001433333328792027,0.0,80.0,0.5507597585805049
2026-03-24,4399.2998046875,-0.0010899600059736114,0.00014365078910948738,0.0,80.0,0.5485065600589066
2026-03-25,4549.7998046875,0.03420998947142473,0.00014365078910948738,0.0,80.0,0.5091994947366487
2026-03-26,4375.5,-0.03830933495313904,0.00014365078910948738,0.0,80.0,0.5564284422118266
2026-03-27,4492.0,0.026625528511027285,0.00014313492510053847,0.0,80.0,0.5043985790743116
2026-03-30,4526.0,0.0075690115761353205,0.00014277777974567717,0.0,80.0,0.48881763858546856
2026-03-31,4647.60009765625,0.026867012297006276,0.00014285713907272098,0.0,80.0,0.4477781082919485
2026-04-01,4783.2001953125,0.029176369482527553,0.00014305555631243994,0.0,80.0,0.4144164731479779
2026-04-02,4651.5,-0.02753390824861668,0.00014313492510053847,0.0,80.0,0.44416096856911713
2026-04-06,4656.7998046875,0.0011393754030957215,0.00014376983756110782,0.0,80.0,0.4395730237953372
2026-04-07,4657.10009765625,6.44848353685834e-05,0.00014345238133082314,0.0,80.0,0.43479804758304863
2026-04-08,4749.5,0.019840651995058467,0.00014285713907272098,0.0,80.0,0.4193881277575841
2026-04-09,4792.2001953125,0.008990461166964892,0.00014238095472729397,0.0,80.0,0.40569434129030596
2026-04-10,4761.89990234375,-0.0063228353853806984,0.00014257936250595819,0.0,80.0,0.41090490085393594
2026-04-13,4742.39990234375,-0.0040950041789837854,0.0001429761875243414,0.0,80.0,0.406839669064834
2026-04-14,4825.0,0.017417362381318302,0.0001433333328792027,0.0,80.0,0.38984012575360777
2026-04-15,4800.0,-0.005181347150259086,0.0001433333328792027,0.0,80.0,0.3974729553624825
2026-04-16,4785.39990234375,-0.0030416870117186967,0.00014325396409110418,0.0,80.0,0.4065479823480045
2026-04-17,4857.60009765625,0.015087599111024863,0.00014285713907272098,0.0,80.0,0.3879051241979812
2026-04-20,4806.60009765625,-0.010499011646637357,0.00014277777974567717,0.0,80.0,0.3896702293586551
2026-04-21,4698.39990234375,-0.022510754611198003,0.00014277777974567717,0.0,80.0,0.4219046932433615
2026-04-22,4732.5,0.007257810821773569,0.0001426587312940567,0.0,80.0,0.4169965781345002
2026-04-23,4705.10009765625,-0.0057897310816165115,0.0001426587312940567,0.0,80.0,0.4355817537004826
2026-04-24,4722.2998046875,0.0036555454027040746,0.00014257936250595819,0.0,80.0,0.41457562170723616
2026-04-27,4675.39990234375,-0.009931580857529543,0.00014246031405433778,0.0,80.0,0.444555629709525
2026-04-28,4591.5,-0.01794496815164226,0.00014246031405433778,0.0,80.0,0.5034390099402358
2026-04-29,4545.2001953125,-0.010083808055646348,0.00014246031405433778,0.0,80.0,0.5259812784990952
2026-04-30,4614.7001953125,0.01529085563088639,0.0001422619062756735,0.0,80.0,0.4803537051144209
2026-05-01,4629.89990234375,0.003293758291533111,0.0001418650812572903,0.0,80.0,0.45598396165994454
2026-05-04,4519.5,-0.02384498686199743,0.00014246031405433778,0.0,80.0,0.5275787475531107
2026-05-05,4555.7998046875,0.008031818716119021,0.00014285713907272098,0.0,80.0,0.5101781427033129
2026-05-06,4681.89990234375,0.027679025212324904,0.00014285713907272098,0.0,80.0,0.44305076038389796
2026-05-07,4699.7998046875,0.0038232133785665035,0.00014277777974567717,0.0,80.0,0.44693129572904805
2026-05-08,4720.39990234375,0.0043831862020387025,0.0001426587312940567,0.0,80.0,0.4299831305376153
2026-05-11,4718.7001953125,-0.0003600769143322635,0.00014285713907272098,0.0,80.0,0.4436909091643792
2026-05-12,4677.60009765625,-0.008710046401565918,0.0001429761875243414,0.0,80.0,0.47697418794309426
2026-05-13,4697.7001953125,0.004297096211008045,0.00014285713907272098,0.0,80.0,0.46249475235000387
2026-05-14,4678.10009765625,-0.004172275122156011,0.00014238095472729397,0.0,80.0,0.44983087578044606
2026-05-15,4555.7998046875,-0.02614315436089598,0.00014238095472729397,0.0,80.0,0.539275865779381
2026-05-18,4552.5,-0.000724308536144358,0.00014158730469052754,0.0,80.0,0.5391997076076889
2026-05-19,4506.2998046875,-0.01014831308347064,0.0001418650812572903,0.0,80.0,0.5811384938090818
2026-05-20,4531.2998046875,0.0055477888918964435,0.00014115079054756772,0.0,80.0,0.5406424442921677
2026-05-21,4539.7998046875,0.0018758414508805998,0.00014214285782405308,0.0,80.0,0.5092577559630068
2026-05-22,4521.0,-0.0041411087484714,0.0001422619062756735,0.0,80.0,0.5314665593056546
2026-05-26,4500.39990234375,-0.004556535646151327,0.00014214285782405308,0.0,80.0,0.5747986050450927
2026-05-27,4447.5,-0.011754489265765167,0.0001422619062756735,0.0,80.0,0.6530795458530745
2026-05-28,4499.2998046875,0.011646948777403132,0.00014246031405433778,0.0,80.0,0.6048086978344529
2026-05-29,4560.5,0.013602159884686937,0.00014238095472729397,0.0,80.0,0.5303681435191638
2026-06-01,4475.2001953125,-0.018704046636881966,0.00014365078910948738,0.0,80.0,0.6278384242929378
2026-06-02,4489.10009765625,0.003105984478260826,0.0001435714297824436,0.0,80.0,0.6289695382473839
2026-06-03,4436.7001953125,-0.011672696354244283,0.00014376983756110782,0.0,80.0,0.6766217998935943
2026-06-04,4475.7998046875,0.008812767970283408,0.00014365078910948738,0.0,80.0,0.6528529974766478
2026-06-05,4337.10009765625,-0.030988809393572514,0.00014384920634920634,0.0,80.0,0.6969768451635004
2026-06-08,4335.89990234375,-0.00027672760265518015,0.0001439682548008268,0.0,80.0,0.6973203097595405
2026-06-09,4260.0,-0.017504994131142815,0.00014424603136758957,0.0,80.0,0.7034791358648199
2026-06-10,4108.2001953125,-0.0356337569688967,0.00014424603136758957,0.0,80.0,0.6719520322142658
2026-06-11,4090.300048828125,-0.004357174829210941,0.00014376983756110782,1.0,80.0,0.6816576805267374
2026-06-12,4215.0,0.030486749060769203,0.0001435714297824436,1.0,80.0,0.717333326930397
2026-06-15,4328.0,0.026809015421115134,0.0001435714297824436,1.0,80.0,0.6937085763637817
2026-06-16,4330.89990234375,0.0006700328890365537,0.0001440476235889253,1.0,80.0,0.6938030785819218
2026-06-17,4358.89990234375,0.006465169048318842,0.0001447222251740713,1.0,80.0,0.661122273957211
2026-06-18,4224.10009765625,-0.030925189315546997,0.00014515872985597643,1.0,80.0,0.7160337129693539
2026-06-22,4181.89990234375,-0.009990339797088299,0.00014603174868084136,1.0,80.0,0.7188775712678843
2026-06-23,4129.89990234375,-0.012434539614603501,0.00014642857369922456,1.0,80.0,0.7122379733355957
2026-06-24,3990.300048828125,-0.033802236571496835,0.00014642857369922456,1.0,80.0,0.6775614843771786
2026-06-25,4030.5,0.010074418133964924,0.00014603174868084136,1.0,80.0,0.6867648644838542
2026-06-26,4078.699951171875,0.011958801928265705,0.00014535714709569536,1.0,80.0,0.700967372021883
2026-06-29,4022.300048828125,-0.01382791159412089,0.00014603174868084136,1.0,80.0,0.7025704897777384
2026-06-30,4022.89990234375,0.00014913196637333925,0.00014809524256085592,1.0,80.0,0.70305566646159
2026-07-01,4068.300048828125,0.011285427822333993,0.00014682539871760776,1.0,80.0,0.7037525798821631
2026-07-02,4112.7001953125,0.010913685311181531,0.00014555555487435963,1.0,80.0,0.6969670620113413
2026-07-06,4155.10009765625,0.010309504785220192,0.00014642857369922456,1.0,80.0,0.6873661666309088
2026-07-07,4145.2998046875,-0.002358617780177652,0.0001478174565330384,1.0,80.0,0.6916182454192561
2026-07-08,4070.89990234375,-0.017948014823829794,0.00014773809720599465,1.0,80.0,0.7189661947391411
2026-07-09,4130.60009765625,0.01466511010946947,0.00014611110800788514,1.0,80.0,0.685812775816608
2026-07-10,4104.10009765625,-0.006415532700693172,0.0001466269814778888,1.0,80.0,0.7125378027988761
2026-07-13,3997.0,-0.026095878538004547,0.00014793650498465887,1.0,80.0,0.7177840713057154
2026-07-14,4061.10009765625,0.01603705220321494,0.00014682539871760776,1.0,80.0,0.7105714912352623
2026-07-15,4044.0,-0.004210705780465451,0.00014634920491112604,1.0,80.0,0.7292474959020009
2026-07-16,3985.60009765625,-0.01444112323040303,0.00014670635026598736,1.0,80.0,0.7322066657655923
2026-07-17,4012.699951171875,0.006799441201228662,0.00014710317528437056,1.0,80.0,0.7217013247057648
2026-07-20,4010.300048828125,-0.0005980766997166764,0.00014702380649627203,1.0,80.0,0.7305316852455829
2026-07-21,4071.10009765625,0.015160972517727744,0.0001480158737727574,1.0,80.0,0.6948771409593122
2026-07-22,4146.89990234375,0.01861899802737299,0.00014861110656980484,1.0,80.0,0.6129745133808705
2026-07-23,4046.60009765625,-0.02418669537473339,0.00015079364890143983,1.0,80.0,0.709452683678622
2026-07-24,4067.60009765625,0.005189541712353307,0.00015099206614115881,1.0,80.0,0.7316166665994386
2026-07-27,4074.5,0.0016963079403320425,0.00015067460044981942,1.0,80.0,0.7458905697290019
2026-07-28,4036.300048828125,-0.00937537149880352,0.000149206348827907,1.0,80.0,0.7451855978603117
2026-07-29,4034.699951171875,-0.00039642683568941184,0.00014515872985597643,1.0,80.0,0.7194041448552149
2026-07-30,4100.10009765625,0.01620942009959858,0.0001458333314411224,1.0,80.0,0.6965260820808898
