Date,close,ret,rf,state,lam,p_bear,raw_state
2004-01-02,4510.2001953125,0.0074382482733903,3.57936511910151e-05,1.0,80.0,0.3755426660937067,1.0
2004-01-05,4513.2998046875,0.0006872442997589,3.57936511910151e-05,1.0,80.0,0.3809853099528808,1.0
2004-01-06,4505.2001953125,-0.0017946092051291,3.575396916222951e-05,1.0,80.0,0.3815556313515283,1.0
2004-01-07,4473.0,-0.007147339500252,3.5158729269391014e-05,1.0,80.0,0.3844109415950665,1.0
2004-01-08,4494.2001953125,0.0047395920662867,3.361111122464377e-05,1.0,80.0,0.3732226766584163,1.0
2004-01-09,4466.2998046875,-0.0062080880718443,3.3412698715452166e-05,1.0,80.0,0.3914371167963047,1.0
2004-01-12,4449.60009765625,-0.0037390474803601,3.361111122464377e-05,1.0,80.0,0.4111780367617225,1.0
2004-01-13,4440.10009765625,-0.0021350233260296,3.420634875221858e-05,1.0,80.0,0.4262603697661035,1.0
2004-01-14,4461.39990234375,0.0047971451586741,3.404761827181256e-05,1.0,80.0,0.4019985935653971,1.0
2004-01-15,4456.10009765625,-0.0011879241501564,3.3809523733835374e-05,1.0,80.0,0.4114114182067684,1.0
2004-01-16,4487.89990234375,0.0071362411055859,3.420634875221858e-05,1.0,80.0,0.3841739377501704,1.0
2004-01-19,4518.10009765625,0.0067292488624197,3.420634875221858e-05,1.0,80.0,0.3732031226767802,1.0
2004-01-20,4499.2998046875,-0.0041611058990266,3.4007936243026975e-05,1.0,80.0,0.3800371755233601,1.0
2004-01-21,4511.2001953125,0.0026449428003445,3.440476126141018e-05,1.0,80.0,0.3803918940731137,1.0
2004-01-22,4476.7998046875,-0.0076255517679629,3.3809523733835374e-05,1.0,80.0,0.4027569798835024,1.0
2004-01-23,4460.7998046875,-0.0035739815712212,3.440476126141018e-05,1.0,80.0,0.4240516346828263,1.0
2004-01-26,4445.5,-0.0034298344147662,3.500000115424868e-05,1.0,80.0,0.4460862465890458,1.0
2004-01-27,4447.0,0.0003374198627825,3.559523868182349e-05,1.0,80.0,0.4466087835916948,1.0
2004-01-28,4468.10009765625,0.0047447937162694,3.638888871858991e-05,1.0,80.0,0.4194615837802982,1.0
2004-01-29,4411.5,-0.0126675984018217,3.638888871858991e-05,1.0,80.0,0.4981539649918499,1.0
2004-01-30,4390.7001953125,-0.0047149052901507,3.559523868182349e-05,1.0,80.0,0.5227460445813549,1.0
2004-02-02,4381.39990234375,-0.0021181799155129,3.57936511910151e-05,1.0,80.0,0.5303824679069881,1.0
2004-02-03,4390.60009765625,0.0020998300811525,3.61904762093983e-05,1.0,80.0,0.5181136104631697,1.0
2004-02-04,4398.5,0.0017992762192045,3.61904762093983e-05,1.0,80.0,0.5052213047141301,1.0
2004-02-05,4384.39990234375,-0.0032056604879504,3.615079418061272e-05,1.0,80.0,0.5218981033810421,1.0
2004-02-06,4402.7001953125,0.0041739561573677,3.59920637002067e-05,1.0,80.0,0.4955645328636917,1.0
2004-02-09,4434.39990234375,0.0072000603322934,3.61904762093983e-05,1.0,80.0,0.4492514373204812,1.0
2004-02-10,4405.0,-0.006629961886886,3.654761919899592e-05,1.0,80.0,0.4938183066516434,1.0
2004-02-11,4396.10009765625,-0.0020204091586265,3.6111112151827125e-05,1.0,80.0,0.5061236385185678,1.0
2004-02-12,4377.7001953125,-0.0041855057744385,3.563492071060907e-05,1.0,80.0,0.5301234839811667,1.0
2004-02-13,4412.0,0.0078351196192527,3.559523868182349e-05,1.0,80.0,0.4790721893132477,1.0
2004-02-16,4408.10009765625,-0.0008839307216115,3.559523868182349e-05,1.0,80.0,0.4859941074421397,1.0
2004-02-17,4461.5,0.0121140403259314,3.559523868182349e-05,1.0,80.0,0.416639323680967,1.0
2004-02-18,4442.89990234375,-0.0041690233455676,3.61904762093983e-05,1.0,80.0,0.4388219333380757,1.0
2004-02-19,4515.60009765625,0.0163632305274643,3.61904762093983e-05,1.0,80.0,0.3808607079562434,1.0
2004-02-20,4515.0,-0.0001328943314891,3.634920668980432e-05,1.0,80.0,0.3810475439832714,1.0
2004-02-23,4524.2998046875,0.0020597574058693,3.678571373697312e-05,1.0,80.0,0.3792949406166512,1.0
2004-02-24,4496.7998046875,-0.0060782886163971,3.722222314940559e-05,1.0,80.0,0.3945759997446404,1.0
2004-02-25,4507.60009765625,0.0024017731359735,3.722222314940559e-05,1.0,80.0,0.3897120791634796,1.0
2004-02-26,4515.89990234375,0.0018412912653489,3.698412624616472e-05,1.0,80.0,0.3882567655993693,1.0
2004-02-27,4492.2001953125,-0.0052480585362287,3.678571373697312e-05,1.0,80.0,0.4114542073855182,1.0
2004-03-01,4537.0,0.0099727979029624,3.714285672657073e-05,1.0,80.0,0.3775382831516756,1.0
2004-03-02,4540.10009765625,0.0006832924082542,3.7380951264547925e-05,1.0,80.0,0.3796335958021274,1.0
2004-03-03,4525.10009765625,-0.0033038919136922,3.7380951264547925e-05,1.0,80.0,0.3917377727158113,1.0
2004-03-04,4559.10009765625,0.0075136459451161,3.7341269235762334e-05,1.0,80.0,0.3764214143797363,1.0
2004-03-05,4547.10009765625,-0.0026320983841019,3.6944444217379126e-05,1.0,80.0,0.3850037141005896,1.0
2004-03-08,4553.7998046875,0.0014734021436437,3.678571373697312e-05,1.0,80.0,0.3857699439126653,1.0
2004-03-09,4542.0,-0.0025911996999414,3.698412624616472e-05,1.0,80.0,0.3967909966314277,1.0
2004-03-10,4545.2998046875,0.0007265091782253,3.718253875535632e-05,1.0,80.0,0.3958689911320194,1.0
2004-03-11,4445.2001953125,-0.0220226637793548,3.718253875535632e-05,1.0,80.0,0.5204901489922446,1.0
2004-03-12,4467.39990234375,0.0049940848681371,3.698412624616472e-05,1.0,80.0,0.479629807080987,1.0
2004-03-15,4412.89990234375,-0.0121994899027076,3.698412624616472e-05,1.0,80.0,0.5630278055650955,1.0
2004-03-16,4428.89990234375,0.0036257337247787,3.722222314940559e-05,1.0,80.0,0.5374748512299866,1.0
2004-03-17,4456.7998046875,0.0062995107044494,3.642857074737549e-05,1.0,80.0,0.4873947394102572,1.0
2004-03-18,4397.89990234375,-0.0132157388540991,3.638888871858991e-05,1.0,80.0,0.5824115182409089,1.0
2004-03-19,4417.7001953125,0.0045022154683871,3.638888871858991e-05,1.0,80.0,0.5516994839475063,1.0
2004-03-22,4333.7998046875,-0.018991870637583,3.662698325656709e-05,1.0,80.0,0.6326993746461158,1.0
2004-03-23,4318.5,-0.0035303441268679,3.662698325656709e-05,1.0,80.0,0.6368005732913987,1.0
2004-03-24,4309.5,-0.0020840569642236,3.642857074737549e-05,1.0,80.0,0.6407963548893544,1.0
2004-03-25,4373.60009765625,0.0148741379872954,3.638888871858991e-05,1.0,80.0,0.6231091181942131,1.0
2004-03-26,4357.5,-0.0036812002233304,3.658730122778151e-05,1.0,80.0,0.6409673859143996,1.0
2004-03-29,4406.7001953125,0.0112909226190476,3.662698325656709e-05,1.0,80.0,0.5429682222448325,1.0
2004-03-30,4412.7998046875,0.0013841670875383,3.702381064021399e-05,1.0,80.0,0.5236803031400713,1.0
2004-03-31,4385.7001953125,-0.0061411372766589,3.662698325656709e-05,1.0,80.0,0.5868506290016892,1.0
2004-04-01,4410.7001953125,0.0057003440469369,3.634920668980432e-05,1.0,80.0,0.5247471360443039,1.0
2004-04-02,4465.60009765625,0.0124469811850043,3.678571373697312e-05,1.0,80.0,0.4202261261439778,1.0
2004-04-05,4480.7001953125,0.0033814263091258,3.61904762093983e-05,1.0,80.0,0.4110132181832889,1.0
2004-04-06,4472.7998046875,-0.0017632044726547,3.642857074737549e-05,1.0,80.0,0.4193951265404801,1.0
2004-04-07,4468.7001953125,-0.0009165644683456,3.642857074737549e-05,1.0,80.0,0.4254209165110983,1.0
2004-04-08,4489.7001953125,0.0046993530740837,3.6230158238183885e-05,1.0,80.0,0.4019006394885835,1.0
2004-04-13,4515.7998046875,0.0058132187539492,3.658730122778151e-05,1.0,80.0,0.3822813899658476,1.0
2004-04-14,4485.39990234375,-0.006731897705517,3.706349266899957e-05,1.0,80.0,0.4145211817659128,1.0
2004-04-15,4505.5,0.004481227559163,3.678571373697312e-05,1.0,80.0,0.3972526533464438,1.0
2004-04-16,4537.2998046875,0.007057996823327,3.638888871858991e-05,1.0,80.0,0.3811054364219204,1.0
2004-04-19,4546.2001953125,0.0019616051414113,3.658730122778151e-05,1.0,80.0,0.3866362489422894,1.0
2004-04-20,4569.0,0.0050151343337252,3.75793661390032e-05,1.0,80.0,0.3799233783874972,1.0
2004-04-21,4539.89990234375,-0.0063690299094441,3.837301617576962e-05,1.0,80.0,0.3883575808793711,1.0
2004-04-22,4571.7998046875,0.0070265651291741,3.718253875535632e-05,1.0,80.0,0.3795356833093483,1.0
2004-04-23,4570.0,-0.0003936753060915,3.7777778648194805e-05,1.0,80.0,0.3731156890659373,1.0
2004-04-26,4571.89990234375,0.000415733554431,3.742063565859719e-05,1.0,80.0,0.3721033727494444,1.0
2004-04-27,4575.7001953125,0.0008312283842439,3.817460366657801e-05,1.0,80.0,0.3782497016161726,1.0
2004-04-28,4524.5,-0.0111895869762077,3.76190481677888e-05,1.0,80.0,0.4210226551880419,1.0
2004-04-29,4519.5,-0.0011050944855784,3.765873019657439e-05,1.0,80.0,0.4301219314925609,1.0
2004-04-30,4489.7001953125,-0.0065936065245049,3.7777778648194805e-05,1.0,80.0,0.4784540489494267,1.0
2004-05-04,4547.2001953125,0.0128070912307314,3.912698418375046e-05,1.0,80.0,0.3862770993913599,1.0
2004-05-05,4569.5,0.004904073656244,3.837301617576962e-05,1.0,80.0,0.373396821466123,1.0
2004-05-06,4516.2001953125,-0.0116642531321807,3.853174665617564e-05,1.0,80.0,0.4367967840682783,1.0
2004-05-07,4498.39990234375,-0.0039414313358441,4.115079130445208e-05,1.0,80.0,0.4693559799941983,1.0
2004-05-10,4395.2001953125,-0.0229414256783797,4.075396628606887e-05,1.0,80.0,0.6125737055176563,1.0
2004-05-11,4454.7001953125,0.0135374948480064,4.0912699131738576e-05,1.0,80.0,0.554709763622571,1.0
2004-05-12,4412.89990234375,-0.0093834132794693,3.996031624930246e-05,1.0,80.0,0.6152457402829986,1.0
2004-05-13,4453.7998046875,0.0092682597042428,3.8888889645773273e-05,1.0,80.0,0.5493913409771853,1.0
2004-05-14,4441.7998046875,-0.002694328556791,3.84523802333408e-05,1.0,80.0,0.5693720977606807,1.0
2004-05-17,4403.0,-0.0087351538551003,3.876984119415283e-05,1.0,80.0,0.6252810847072182,1.0
2004-05-18,4414.39990234375,0.0025891215861344,4.075396628606887e-05,1.0,80.0,0.6073212333905231,1.0
2004-05-19,4471.7998046875,0.0130028777667547,4.031746160416376e-05,1.0,80.0,0.4880236345880461,1.0
2004-05-20,4428.7001953125,-0.0096380900884296,3.984126779768202e-05,1.0,80.0,0.5840488808389037,1.0
2004-05-21,4431.39990234375,0.0006095935403591,3.984126779768202e-05,1.0,80.0,0.573168726170087,1.0
2004-05-24,4428.89990234375,-0.0005641558096974,4.015872875849406e-05,1.0,80.0,0.5724087118182991,1.0
2004-05-25,4418.0,-0.0024610857287566,4.1944446071745856e-05,1.0,80.0,0.587966326601848,1.0
2004-05-26,4438.2998046875,0.0045947950854459,4.1746033562554255e-05,1.0,80.0,0.5425467242840049,1.0
2004-05-27,4453.60009765625,0.0034473320059611,4.123016009255061e-05,1.0,80.0,0.50399561754614,1.0
2004-05-28,4430.7001953125,-0.005141885629965,4.1746033562554255e-05,1.0,80.0,0.5491502611158431,1.0
2004-06-01,4422.7001953125,-0.0018055836882088,4.337301803013635e-05,1.0,80.0,0.5593064071350616,1.0
2004-06-02,4422.7998046875,2.252229873178635e-05,4.531745872800312e-05,1.0,80.0,0.551718241108759,1.0
2004-06-03,4435.39990234375,0.0028488962224553,4.551587123719473e-05,1.0,80.0,0.5270514537438851,1.0
2004-06-04,4454.5,0.0043062853579802,4.670635102287172e-05,1.0,80.0,0.4907386020832525,1.0
2004-06-07,4491.60009765625,0.0083286783379166,4.6984127589634485e-05,1.0,80.0,0.4335316583082005,1.0
2004-06-08,4504.7998046875,0.0029387538392249,4.928571364236256e-05,1.0,80.0,0.4215282822140263,1.0
2004-06-09,4489.5,-0.0033963339883782,4.928571364236256e-05,1.0,80.0,0.4417159722371476,1.0
2004-06-10,4486.10009765625,-0.0007573008895757,5.027777618832059e-05,1.0,80.0,0.4501654990644708,1.0
2004-06-11,4484.0,-0.0004681343729595,5.027777618832059e-05,1.0,80.0,0.4579094288837601,1.0
2004-06-14,4433.2001953125,-0.0113291268259366,5.3134920105101576e-05,1.0,80.0,0.5443838778472372,1.0
2004-06-15,4458.60009765625,0.0057294733431183,5.206349350157238e-05,1.0,80.0,0.4996101344710564,1.0
2004-06-16,4491.10009765625,0.0072892834719768,5.06746012067038e-05,1.0,80.0,0.4474976196624834,1.0
2004-06-17,4493.2998046875,0.0004897924747653,4.928571364236256e-05,1.0,80.0,0.4471931278054561,1.0
2004-06-18,4505.7998046875,0.0027819198681022,4.948412615155417e-05,1.0,80.0,0.4368541346523072,1.0
2004-06-21,4502.2001953125,-0.0007988835569781,4.912698552722023e-05,1.0,80.0,0.4457027449641978,1.0
2004-06-22,4468.5,-0.0074852725002293,5.130952312832787e-05,1.0,80.0,0.4936614864380649,1.0
2004-06-23,4486.7001953125,0.0040729988390959,4.9880951169937386e-05,1.0,80.0,0.4665086662691671,1.0
2004-06-24,4503.2001953125,0.0036775356680258,4.976190271831694e-05,1.0,80.0,0.4455766746158662,1.0
2004-06-25,4494.10009765625,-0.0020208068177209,5.047618869751219e-05,1.0,80.0,0.4596813213019167,1.0
2004-06-28,4518.7001953125,0.0054738650946113,5.08730137158954e-05,1.0,80.0,0.4321586547708533,1.0
2004-06-29,4512.39990234375,-0.0013942710727491,5.365079357510521e-05,1.0,80.0,0.4437057972345796,1.0
2004-06-30,4464.10009765625,-0.0107037952603475,5.170634814671108e-05,1.0,80.0,0.5090504719981781,1.0
2004-07-01,4424.7001953125,-0.0088259450912482,4.750000105963813e-05,1.0,80.0,0.5615699276685818,1.0
2004-07-02,4407.39990234375,-0.0039099356352048,5.011904807317824e-05,1.0,80.0,0.5720520535572325,1.0
2004-07-05,4403.2998046875,-0.0009302758422419,5.011904807317824e-05,1.0,80.0,0.568285476374878,1.0
2004-07-06,4370.7001953125,-0.0074034498719111,4.976190271831694e-05,1.0,80.0,0.5886517819922292,1.0
2004-07-07,4358.39990234375,-0.002814261427023,5.031746058236985e-05,1.0,80.0,0.5889905518912016,1.0
2004-07-08,4381.10009765625,0.0052083782629246,4.964285899722387e-05,1.0,80.0,0.5821015744148245,1.0
2004-07-09,4393.2001953125,0.0027618856877347,4.948412615155417e-05,1.0,80.0,0.5696834097183744,1.0
2004-07-12,4360.0,-0.0075571778740982,5.007936367912898e-05,1.0,80.0,0.5977220142628578,1.0
2004-07-13,4357.7001953125,-0.0005274781393348,5.2182541953192816e-05,1.0,80.0,0.5924554377620089,1.0
2004-07-14,4372.60009765625,0.0034192123542087,5.2261906010763984e-05,1.0,80.0,0.5808649435277665,1.0
2004-07-15,4340.7001953125,-0.0072954081396212,5.2261906010763984e-05,1.0,80.0,0.6022807664221719,1.0
2004-07-16,4339.2001953125,-0.0003455663677532,5.206349350157238e-05,1.0,80.0,0.5978965272446948,1.0
2004-07-19,4321.10009765625,-0.0041712981290429,5.166666848318917e-05,1.0,80.0,0.5991784759940092,1.0
2004-07-20,4339.39990234375,0.0042349874508635,5.285714353833879e-05,1.0,80.0,0.5930245887492124,1.0
2004-07-21,4377.2998046875,0.0087339040412661,5.246031851995559e-05,1.0,80.0,0.5600465602011819,1.0
2004-07-22,4306.2998046875,-0.0162200450432864,5.293650759590997e-05,1.0,80.0,0.6301088228878597,1.0
2004-07-23,4326.2998046875,0.0046443584764417,5.309524044157967e-05,1.0,80.0,0.6171017408938058,1.0
2004-07-26,4287.0,-0.0090839300237397,5.523809364863804e-05,1.0,80.0,0.6307186531998368,1.0
2004-07-27,4324.89990234375,0.00884065834937,5.702381096188984e-05,1.0,80.0,0.6236120165049683,1.0
2004-07-28,4356.2998046875,0.0072602610586973,5.6349204646216496e-05,1.0,80.0,0.5859270472856545,1.0
2004-07-29,4418.7001953125,0.0143241726746756,5.6031743685404457e-05,1.0,80.0,0.4887820808507951,1.0
2004-07-30,4413.10009765625,-0.0012673631178216,5.6031743685404457e-05,1.0,80.0,0.5001581271610688,1.0
2004-08-02,4415.7001953125,0.0005891771314299,5.682539845269824e-05,1.0,80.0,0.4981455995372009,1.0
2004-08-03,4429.7001953125,0.0031705051024211,5.781746099865626e-05,1.0,80.0,0.4797174548315082,1.0
2004-08-04,4408.10009765625,-0.00487619854705,5.761904848946465e-05,1.0,80.0,0.5120908335778237,1.0
2004-08-05,4413.39990234375,0.0012022877362329,5.730158752865261e-05,1.0,80.0,0.5031463752640736,1.0
2004-08-06,4337.89990234375,-0.0171069927200354,5.579365151269095e-05,1.0,80.0,0.6212351794453778,1.0
2004-08-09,4314.39990234375,-0.0054173679727609,5.730158752865261e-05,1.0,80.0,0.6356775237699974,1.0
2004-08-10,4350.89990234375,0.0084600409851141,5.841269852623107e-05,1.0,80.0,0.6005498783252077,1.0
2004-08-11,4312.2001953125,-0.0088946443034469,5.615079213702489e-05,1.0,80.0,0.6399962675266665,1.0
2004-08-12,4328.10009765625,0.0036871902100077,5.587301557026213e-05,1.0,80.0,0.6220750883468346,1.0
2004-08-13,4301.5,-0.0061459062997767,5.559523900349934e-05,1.0,80.0,0.6403930172148694,1.0
2004-08-16,4350.2001953125,0.0113216773945135,5.662698594350664e-05,1.0,80.0,0.5903692978363091,1.0
2004-08-17,4358.7001953125,0.0019539330647722,5.769841254703582e-05,1.0,80.0,0.5725041538463808,1.0
2004-08-18,4355.2998046875,-0.0007801386818613,5.742063598027305e-05,1.0,80.0,0.5732534660950729,1.0
2004-08-19,4362.60009765625,0.001676186094214,5.7222223471081445e-05,1.0,80.0,0.5599848829853222,1.0
2004-08-20,4369.2001953125,0.0015128816550926,5.769841254703582e-05,1.0,80.0,0.5463192164757358,1.0
2004-08-23,4405.2998046875,0.0082622923558708,5.861111103542268e-05,1.0,80.0,0.4930668003935682,1.0
2004-08-24,4407.5,0.0004994428098079,6.01984111089555e-05,1.0,80.0,0.4917537590773609,1.0
2004-08-25,4411.60009765625,0.0009302547149745,5.99999985997639e-05,1.0,80.0,0.4880756981842992,1.0
2004-08-26,4453.89990234375,0.0095883134806287,6.01587314454336e-05,1.0,80.0,0.443694803780434,1.0
2004-08-27,4490.10009765625,0.0081277523308169,6.039682361814711e-05,1.0,80.0,0.4240627894613301,1.0
2004-08-31,4459.2998046875,-0.0068596005208941,6.22222205949208e-05,1.0,80.0,0.4421465745077885,1.0
2004-09-01,4502.10009765625,0.0095979850746432,6.13888908946325e-05,1.0,80.0,0.4148352024423488,1.0
2004-09-02,4518.60009765625,0.0036649562742041,6.20238080857292e-05,1.0,80.0,0.4093670836002078,1.0
2004-09-03,4550.7998046875,0.0071260360145506,6.396825351412333e-05,1.0,80.0,0.4036333186687253,1.0
2004-09-06,4563.7998046875,0.0028566407132675,6.396825351412333e-05,1.0,80.0,0.4026513700913429,1.0
2004-09-07,4565.60009765625,0.000394472379551,6.337301598654853e-05,1.0,80.0,0.4043172217668717,1.0
2004-09-08,4558.39990234375,-0.0015770534340482,6.396825351412333e-05,1.0,80.0,0.4013953977841955,1.0
2004-09-09,4538.0,-0.0044752331477677,6.380952539898101e-05,1.0,80.0,0.4078722135559198,1.0
2004-09-10,4545.0,0.0015425297487881,6.440476292655581e-05,1.0,80.0,0.4034453752055422,1.0
2004-09-13,4558.5,0.0029702970297029,6.412698635979305e-05,1.0,80.0,0.3998934606718745,1.0
2004-09-14,4545.60009765625,-0.0028298568265328,6.440476292655581e-05,1.0,80.0,0.4083116087952549,1.0
2004-09-15,4548.5,0.0006379580872599,6.476190355088976e-05,1.0,80.0,0.4084888875986108,1.0
2004-09-16,4556.5,0.0017588215895349,6.476190355088976e-05,1.0,80.0,0.4072216649300751,1.0
2004-09-17,4591.0,0.0075716010095467,6.619047550928025e-05,1.0,80.0,0.391338395607521,1.0
2004-09-20,4579.5,-0.0025049008930516,6.599206300008865e-05,1.0,80.0,0.3993146387565715,1.0
2004-09-21,4608.39990234375,0.0063107112880773,6.678571303685506e-05,1.0,80.0,0.3908813494753223,1.0
2004-09-22,4592.2998046875,-0.0034936416104126,6.642857241252112e-05,1.0,80.0,0.3937952823990294,1.0
2004-09-23,4568.2998046875,-0.0052261396295386,6.690476148847549e-05,1.0,80.0,0.4090491899556465,1.0
2004-09-24,4578.10009765625,0.0021452823561829,6.710317399766709e-05,1.0,80.0,0.4064308614553957,1.0
2004-09-27,4541.2001953125,-0.0080600907705449,6.674603337333316e-05,1.0,80.0,0.4388711460087988,1.0
2004-09-28,4567.2998046875,0.0057472932820579,6.694444588252476e-05,1.0,80.0,0.414421506917403,1.0
2004-09-29,4588.10009765625,0.004554177272839,6.666666458523462e-05,1.0,80.0,0.4013793652635797,1.0
2004-09-30,4570.7998046875,-0.003770687779368,6.642857241252112e-05,1.0,80.0,0.4157159987446659,1.0
2004-10-01,4659.7001953125,0.0194496356050926,6.575396609684778e-05,1.0,80.0,0.3666586868448819,1.0
2004-10-04,4681.7998046875,0.0047427105712147,6.551587392413427e-05,1.0,80.0,0.365405491363704,1.0
2004-10-05,4707.10009765625,0.0054039672827144,6.630952396090069e-05,1.0,80.0,0.3671591140193315,1.0
2004-10-06,4706.2998046875,-0.0001700182601063,6.638888801847186e-05,1.0,80.0,0.3679922097812829,1.0
2004-10-07,4698.7001953125,-0.0016147737480367,6.595237860603938e-05,1.0,80.0,0.3656617252812701,1.0
2004-10-08,4698.89990234375,4.250261198812666e-05,6.575396609684778e-05,1.0,80.0,0.3668224101594193,1.0
2004-10-11,4685.5,-0.0028517105327283,6.575396609684778e-05,1.0,80.0,0.3692899927859032,1.0
2004-10-12,4647.89990234375,-0.0080247780719773,6.559523798170544e-05,1.0,80.0,0.3846278975396759,1.0
2004-10-13,4634.7998046875,-0.0028184982317808,6.694444588252476e-05,1.0,80.0,0.4006439431652079,1.0
2004-10-14,4629.39990234375,-0.0011650777965185,6.734127090090797e-05,1.0,80.0,0.40765132481975,1.0
2004-10-15,4622.7001953125,-0.0014472085308201,6.793650842848277e-05,1.0,80.0,0.4148619357249015,1.0
2004-10-18,4626.60009765625,0.0008436416334558,6.89285709744408e-05,1.0,80.0,0.4139695977896265,1.0
2004-10-19,4655.2001953125,0.0061816662457467,7.071428355716523e-05,1.0,80.0,0.3924721983688092,1.0
2004-10-20,4616.39990234375,-0.008334828007573,7.091269606635684e-05,1.0,80.0,0.424529004541028,1.0
2004-10-21,4617.39990234375,0.0002166190150667,7.130952581526742e-05,1.0,80.0,0.425339313303461,1.0
2004-10-22,4615.39990234375,-0.0004331442028628,7.170635083365063e-05,1.0,80.0,0.4315220031296515,1.0
2004-10-25,4564.60009765625,-0.0110065878932188,7.269841337960863e-05,1.0,80.0,0.4860580469829509,1.0
2004-10-26,4583.39990234375,0.0041186093601393,7.436507751071265e-05,1.0,80.0,0.4618059121613097,1.0
2004-10-27,4630.10009765625,0.0101889855363961,7.448412596233305e-05,1.0,80.0,0.4069792095740451,1.0
2004-10-28,4642.7998046875,0.0027428579865214,7.408730094394988e-05,1.0,80.0,0.3991350963629864,1.0
2004-10-29,4624.2001953125,-0.0040061191861473,7.408730094394988e-05,1.0,80.0,0.4195134820097431,1.0
2004-11-01,4673.7998046875,0.0107260947363996,7.468253847152467e-05,1.0,80.0,0.3802548312941484,1.0
2004-11-02,4693.2001953125,0.0041508818168769,7.710317297587319e-05,1.0,80.0,0.3760421055977245,1.0
2004-11-03,4718.5,0.0053907363067036,7.611111042991518e-05,1.0,80.0,0.372805244447319,1.0
2004-11-04,4728.2998046875,0.002076889835223,7.686508080315969e-05,1.0,80.0,0.377829974677741,1.0
2004-11-05,4739.7998046875,0.0024321638802597,7.865079338588413e-05,1.0,80.0,0.3742437502248843,1.0
2004-11-08,4716.60009765625,-0.0048946596875898,7.94444481531779e-05,1.0,80.0,0.3787338587167361,1.0
2004-11-09,4717.7001953125,0.0002332395440514,8.083333098699176e-05,1.0,80.0,0.3811152921613087,1.0
2004-11-10,4734.5,0.0035610157475016,8.051587475670708e-05,1.0,80.0,0.3777723384592066,1.0
2004-11-11,4776.89990234375,0.0089555185011616,8.051587475670708e-05,1.0,80.0,0.3712783731514128,1.0
2004-11-12,4793.89990234375,0.0035587934324643,8.079365132346986e-05,1.0,80.0,0.3730775324719099,1.0
2004-11-15,4803.10009765625,0.0019191463109193,8.162698102375818e-05,1.0,80.0,0.3719140639065077,1.0
2004-11-16,4770.39990234375,-0.0068081436255006,8.297619365510486e-05,1.0,80.0,0.3706843260615236,1.0
2004-11-17,4795.89990234375,0.0053454638022005,8.253967951214503e-05,1.0,80.0,0.3688063395278096,1.0
2004-11-18,4805.2998046875,0.0019599871838769,8.281745607890782e-05,1.0,80.0,0.3700233608919495,1.0
2004-11-19,4760.7998046875,-0.0092606084549794,8.31746014337691e-05,1.0,80.0,0.3777113325834628,1.0
2004-11-22,4733.10009765625,-0.0058182885581486,8.42063483737764e-05,1.0,80.0,0.3978299811495867,1.0
2004-11-23,4742.39990234375,0.0019648442871733,8.468254218025813e-05,1.0,80.0,0.393286338570797,1.0
2004-11-24,4719.39990234375,-0.0048498651471026,8.46031733921596e-05,1.0,80.0,0.4145261757198195,1.0
2004-11-25,4753.39990234375,0.007204305781147,8.46031733921596e-05,1.0,80.0,0.3866215149448259,1.0
2004-11-26,4741.60009765625,-0.0024823925884464,8.539682342892602e-05,1.0,80.0,0.398783729156108,1.0
2004-11-29,4749.7998046875,0.00172931222844,8.559524066864496e-05,1.0,80.0,0.3960459008895567,1.0
2004-11-30,4703.2001953125,-0.0098108575710941,8.658729848407565e-05,1.0,80.0,0.4362770456906003,1.0
2004-12-01,4735.7001953125,0.006910188520657,8.619047346569243e-05,1.0,80.0,0.403480334664512,1.0
2004-12-02,4751.2001953125,0.0032730112466456,8.619047346569243e-05,1.0,80.0,0.394008941290602,1.0
2004-12-03,4747.89990234375,-0.0006946230074679,8.599206568702819e-05,1.0,80.0,0.3998877203837748,1.0
2004-12-06,4722.7998046875,-0.0052865684139338,8.666666727217417e-05,1.0,80.0,0.4230100542973165,1.0
2004-12-07,4728.7001953125,0.0012493416763386,8.738094852084208e-05,1.0,80.0,0.4198910648692324,1.0
2004-12-08,4703.89990234375,-0.0052446321281552,8.718254074217781e-05,1.0,80.0,0.444397176377044,1.0
2004-12-09,4688.39990234375,-0.0032951381453242,8.718254074217781e-05,1.0,80.0,0.4599688660043031,1.0
2004-12-10,4694.0,0.0011944581889122,8.734126885732017e-05,1.0,80.0,0.4551825377851962,1.0
2004-12-13,4736.7998046875,0.0091179813991264,8.64682500324552e-05,1.0,80.0,0.411778098502729,1.0
2004-12-14,4722.7998046875,-0.0029555819492615,8.638889070541139e-05,1.0,80.0,0.4261458992515194,1.0
2004-12-15,4728.2001953125,0.0011434722724517,8.599206568702819e-05,1.0,80.0,0.4252326069086152,1.0
2004-12-16,4735.2001953125,0.0014804787679971,8.551587188054645e-05,1.0,80.0,0.4230098355884662,1.0
2004-12-17,4696.7998046875,-0.0081095601117379,8.539682342892602e-05,1.0,80.0,0.4577278777928623,1.0
2004-12-20,4731.10009765625,0.0073029071697963,8.563492033216687e-05,1.0,80.0,0.4243809357320153,1.0
2004-12-21,4733.0,0.0004015772874244,8.619047346569243e-05,1.0,80.0,0.4280826385053159,1.0
2004-12-22,4777.39990234375,0.0093809216868265,8.519841565026177e-05,1.0,80.0,0.3946724607805255,1.0
2004-12-23,4787.7001953125,0.0021560457946374,8.519841565026177e-05,1.0,80.0,0.3919327338282489,1.0
2004-12-24,4798.10009765625,0.0021722125278296,8.519841565026177e-05,1.0,80.0,0.3914742971733512,1.0
2004-12-29,4819.7998046875,0.0045225623871101,8.658729848407565e-05,1.0,80.0,0.3879101458017784,1.0
2004-12-30,4820.10009765625,6.230403355300673e-05,8.611111413864862e-05,1.0,80.0,0.3911273468686673,1.0
2004-12-31,4814.2998046875,-0.0012033552937148,8.658729848407565e-05,1.0,80.0,0.3976301089375859,1.0
2005-01-04,4847.0,0.0067923055561809,9.095238314734564e-05,1.0,100.0,,0.0
2005-01-05,4806.0,-0.0084588405199091,9.055555812896242e-05,1.0,100.0,,0.0
2005-01-06,4824.2998046875,0.0038076996852891,8.996031587086026e-05,0.0,100.0,,0.0
2005-01-07,4854.10009765625,0.0061771229349789,9.035714088924348e-05,0.0,100.0,,0.0
2005-01-10,4840.7001953125,-0.0027605327607932,9.019841277410112e-05,0.0,100.0,,0.0
2005-01-11,4818.7001953125,-0.0045447970566951,9.134920816572886e-05,0.0,100.0,,0.0
2005-01-12,4783.60009765625,-0.0072841422444986,9.095238314734564e-05,0.0,100.0,,0.0
2005-01-13,4800.2998046875,0.003491033257448,9.134920816572886e-05,0.0,100.0,,0.0
2005-01-14,4820.7998046875,0.0042705665966908,9.206348941439676e-05,0.0,100.0,,0.0
2005-01-17,4846.7001953125,0.0053726335202337,9.206348941439676e-05,0.0,100.0,,0.0
2005-01-18,4823.89990234375,-0.0047042920027943,9.134920816572886e-05,0.0,100.0,,0.0
2005-01-19,4818.2998046875,-0.0011609066874561,9.234126598115952e-05,0.0,100.0,,0.0
2005-01-20,4800.7998046875,-0.0036319865324642,9.154761594439307e-05,0.0,100.0,,0.0
2005-01-21,4803.2998046875,0.0005207465634287,9.134920816572886e-05,0.0,100.0,,0.0
2005-01-24,4812.5,0.0019153906036681,9.130952850220697e-05,0.0,100.0,,0.0
2005-01-25,4843.2001953125,0.0063792613636364,9.369047861250616e-05,0.0,100.0,,0.0
2005-01-26,4847.10009765625,0.0008052325294181,9.384920672764854e-05,0.0,100.0,,0.0
2005-01-27,4853.39990234375,0.0012997059191217,9.472222555251348e-05,0.0,100.0,,0.0
2005-01-28,4832.7998046875,-0.0042444673982668,9.551587558927988e-05,0.0,100.0,,0.0
2005-01-31,4852.2998046875,0.0040349281551217,9.611110838632734e-05,0.0,100.0,,0.0
2005-02-01,4906.2001953125,0.0111082152370161,9.76984084598602e-05,0.0,100.0,,0.0
2005-02-02,4916.2001953125,0.0020382372512142,9.753968034471783e-05,0.0,100.0,,0.0
2005-02-03,4908.2998046875,-0.0016070115762439,9.650793340471055e-05,0.0,100.0,,0.0
2005-02-04,4941.5,0.0067640927884626,9.611110838632734e-05,0.0,100.0,,0.0
2005-02-07,4979.7998046875,0.0077506434660528,9.670635064442953e-05,0.0,100.0,,0.0
2005-02-08,4995.5,0.0031527764023207,9.781745691148062e-05,0.0,100.0,,0.0
2005-02-09,4990.39990234375,-0.0010209383757882,9.789682569957914e-05,0.0,100.0,,0.0
2005-02-10,5000.0,0.0019237130979705,9.789682569957914e-05,0.0,100.0,,0.0
2005-02-11,5044.2001953125,0.0088400390625,9.896825230310834e-05,0.0,100.0,,0.0
2005-02-14,5041.7998046875,-0.0004758714032069,9.849206795768132e-05,0.0,100.0,,0.0
2005-02-15,5058.89990234375,0.003391665341482,0.0001004761930495,0.0,100.0,,0.0
2005-02-16,5053.2001953125,-0.0011266692643215,0.0001002777758098,0.0,100.0,,0.0
2005-02-17,5057.39990234375,0.0008310984858952,0.0001002777758098,0.0,100.0,,0.0
2005-02-18,5057.2001953125,-3.948808381903923e-05,0.0001012698430863,0.0,100.0,,0.0
2005-02-21,5060.7998046875,0.0007117790943567,0.0001012698430863,0.0,100.0,,0.0
2005-02-22,5032.89990234375,-0.0055129432936485,0.0001021031727866,0.0,100.0,,0.0
2005-02-23,4988.5,-0.0088219323263459,0.0001041666666666,0.0,100.0,,0.0
2005-02-24,4972.10009765625,-0.0032875418149242,0.0001046428604731,0.0,100.0,,0.0
2005-02-25,5006.7998046875,0.0069788834395363,0.0001061507917585,0.0,100.0,,0.0
2005-02-28,4968.5,-0.0076495578376516,0.0001067460340166,0.0,100.0,,0.0
2005-03-01,5000.5,0.0064405756264465,0.0001068253933437,0.0,100.0,,0.0
2005-03-02,4992.7998046875,-0.0015398850739926,0.0001062301605466,0.0,100.0,,0.0
2005-03-03,5014.7998046875,0.0044063453093683,0.0001068253933437,0.0,100.0,,0.0
2005-03-04,5036.2998046875,0.0042873097306701,0.0001068253933437,0.0,100.0,,0.0
2005-03-07,5027.2001953125,-0.0018068045445845,0.0001062301605466,0.0,100.0,,0.0
2005-03-08,5010.89990234375,-0.0032424197039037,0.0001068253933437,0.0,100.0,,0.0
2005-03-09,4996.10009765625,-0.0029535223165358,0.0001068253933437,0.0,100.0,,0.0
2005-03-10,4962.10009765625,-0.0068053080073295,0.000106626985565,0.0,100.0,,0.0
2005-03-11,4982.10009765625,0.0040305515016609,0.0001068253933437,0.0,100.0,,0.0
2005-03-14,4975.0,-0.0014251214381642,0.0001076190433804,0.0,100.0,,0.0
2005-03-15,5000.2001953125,0.0050653658919597,0.0001086111106569,0.0,100.0,,0.0
2005-03-16,4937.60009765625,-0.0125195182614759,0.0001084127028783,0.0,100.0,,0.0
2005-03-17,4922.10009765625,-0.0031391768659753,0.0001082142856385,0.0,100.0,,0.0
2005-03-18,4923.2998046875,0.0002437388528162,0.0001088095278966,0.0,100.0,,0.0
2005-03-21,4933.5,0.0020718208756631,0.0001094047606937,0.0,100.0,,0.0
2005-03-22,4937.2998046875,0.0007702046594708,0.0001111904780069,0.0,100.0,,0.0
2005-03-23,4910.39990234375,-0.0054483023935899,0.0001095634888088,0.0,100.0,,0.0
2005-03-24,4922.5,0.0024641776427363,0.0001099206341637,0.0,100.0,,0.0
2005-03-29,4919.0,-0.0007110208227526,0.0001100000029518,0.0,100.0,,0.0
2005-03-30,4900.7001953125,-0.0037202286414921,0.0001096031779334,0.0,100.0,,0.0
2005-03-31,4894.39990234375,-0.0012855903682449,0.0001080158683988,0.0,100.0,,0.0
2005-04-01,4914.0,0.0040045966915911,0.0001082142856385,0.0,100.0,,0.0
2005-04-04,4896.7001953125,-0.0035205137744199,0.0001066666652285,0.0,100.0,,0.0
2005-04-05,4942.89990234375,0.0094348653559546,0.0001082539653021,0.0,100.0,,0.0
2005-04-06,4947.39990234375,0.0009103967486507,0.0001072222183621,0.0,100.0,,0.0
2005-04-07,4977.0,0.0059829603914225,0.000107142859035,0.0,100.0,,0.0
2005-04-08,4983.7001953125,0.0013462317284509,0.0001076190433804,0.0,100.0,,0.0
2005-04-11,4973.2998046875,-0.0020868812764424,0.0001070238105834,0.0,100.0,,0.0
2005-04-12,4946.2001953125,-0.005449019853872,0.0001074206356018,0.0,100.0,,0.0
2005-04-13,4960.7998046875,0.0029516818564756,0.0001078174606202,0.0,100.0,,0.0
2005-04-14,4945.39990234375,-0.003104318446634,0.0001076190433804,0.0,100.0,,0.0
2005-04-15,4891.60009765625,-0.0108787571783635,0.0001080952371869,0.0,100.0,,0.0
2005-04-18,4827.10009765625,-0.0131858693908573,0.0001115873030253,0.0,100.0,,0.0
2005-04-19,4855.60009765625,0.005904165942993,0.0001129761858591,0.0,100.0,,0.0
2005-04-20,4822.0,-0.0069198651001898,0.0001113888857856,0.0,100.0,,0.0
2005-04-21,4819.60009765625,-0.0004976985366549,0.000111785710804,0.0,100.0,,0.0
2005-04-22,4849.2998046875,0.0061622762116078,0.0001134127000021,0.0,100.0,,0.0
2005-04-25,4864.89990234375,0.0032169794165273,0.0001123809530621,0.0,100.0,,0.0
2005-04-26,4845.5,-0.0039877289837769,0.0001131746030989,0.0,100.0,,0.0
2005-04-27,4789.39990234375,-0.0115777727079249,0.0001119047592556,0.0,100.0,,0.0
2005-04-28,4790.2001953125,0.0001670967104581,0.0001115476233618,0.0,100.0,,0.0
2005-04-29,4801.7001953125,0.0024007347357326,0.0001125793608408,0.0,100.0,,0.0
2005-05-03,4861.2998046875,0.0124121887978725,0.0001130952343108,0.0,100.0,,0.0
2005-05-04,4882.5,0.0043610137543992,0.0001109127014402,0.0,100.0,,0.0
2005-05-05,4902.2998046875,0.0040552595366103,0.0001090079356753,0.0,100.0,,0.0
2005-05-06,4918.89990234375,0.0033861857327406,0.0001111904780069,0.0,100.0,,0.0
2005-05-09,4910.2998046875,-0.0017483782607879,0.0001109920607672,0.0,100.0,,0.0
2005-05-10,4892.39990234375,-0.0036453787051173,0.0001119841280437,0.0,100.0,,0.0
2005-05-11,4875.39990234375,-0.0034747772748209,0.0001111904780069,0.0,100.0,,0.0
2005-05-12,4893.2998046875,0.0036714736641696,0.000111785710804,0.0,100.0,,0.0
2005-05-13,4886.5,-0.0013896153840781,0.0001094047606937,0.0,100.0,,0.0
2005-05-16,4884.2001953125,-0.0004706445692213,0.0001090079356753,0.0,100.0,,0.0
2005-05-17,4898.5,0.0029277679283548,0.0001115873030253,0.0,100.0,,0.0
2005-05-18,4949.39990234375,0.0103909160648667,0.0001105952357488,0.0,100.0,,0.0
2005-05-19,4962.7001953125,0.0026872536532058,0.0001111904780069,0.0,100.0,,0.0
2005-05-20,4971.7998046875,0.0018336004628276,0.0001121031764953,0.0,100.0,,0.0
2005-05-23,4989.7998046875,0.0036204193063102,0.0001128968265321,0.0,100.0,,0.0
2005-05-24,4982.5,-0.0014629454032689,0.000114365078154,0.0,100.0,,0.0
2005-05-25,4971.5,-0.0022077270446563,0.0001138888843475,0.0,100.0,,0.0
2005-05-26,4994.89990234375,0.0047068092816553,0.000113769845357,0.0,100.0,,0.0
2005-05-27,4986.2998046875,-0.0017217757761701,0.0001145634953937,0.0,100.0,,0.0
2005-05-31,4964.0,-0.0044722149812445,0.000114365078154,0.0,100.0,,0.0
2005-06-01,5011.0,0.0094681708299757,0.0001153571454305,0.0,100.0,,0.0
2005-06-02,5005.0,-0.0011973657952504,0.000115396825094,0.0,100.0,,0.0
2005-06-03,4999.39990234375,-0.0011189006306193,0.0001162698439189,0.0,100.0,,0.0
2005-06-06,4980.39990234375,-0.0038004561289631,0.0001163492032459,0.0,100.0,,0.0
2005-06-07,5025.2998046875,0.0090153207019822,0.000116944445504,0.0,100.0,,0.0
2005-06-08,5003.7001953125,-0.0042981732860698,0.000116944445504,0.0,100.0,,0.0
2005-06-09,5009.2001953125,0.0010991865590093,0.0001161507954673,0.0,100.0,,0.0
2005-06-10,5030.39990234375,0.004232154077429,0.0001165476204856,0.0,100.0,,0.0
2005-06-13,5050.39990234375,0.0039758270491938,0.0001165476204856,0.0,100.0,,0.0
2005-06-14,5046.7998046875,-0.0007128341766716,0.0001175396783011,0.0,100.0,,0.0
2005-06-15,5019.5,-0.005409329821671,0.0001172619017343,0.0,100.0,,0.0
2005-06-16,5045.0,0.0050801872696484,0.0001151587281908,0.0,100.0,,0.0
2005-06-17,5077.60009765625,0.0064618627663528,0.0001155952423337,0.0,100.0,,0.0
2005-06-20,5072.0,-0.0011029024634757,0.0001158730189005,0.0,100.0,,0.0
2005-06-21,5082.10009765625,0.0019913441751282,0.0001170634939557,0.0,100.0,,0.0
2005-06-22,5099.2998046875,0.0033843699849953,0.0001175396783011,0.0,100.0,,0.0
2005-06-23,5114.39990234375,0.0029612100160043,0.0001190476190476,0.0,100.0,,0.0
2005-06-24,5079.0,-0.0069216140739263,0.0001190476190476,0.0,100.0,,0.0
2005-06-27,5043.5,-0.0069895648749753,0.0001204365113424,0.0,100.0,,0.0
2005-06-28,5090.39990234375,0.0092990784859223,0.000122023811416,0.0,100.0,,0.0
2005-06-29,5109.10009765625,0.003673620083147,0.0001215476176095,0.0,100.0,,0.0
2005-06-30,5113.2001953125,0.0008025087741245,0.0001214285691579,0.0,100.0,,0.0
2005-07-01,5161.0,0.0093483147269142,0.000122619044213,0.0,100.0,,0.0
2005-07-04,5184.2998046875,0.0045145911039528,0.000122619044213,0.0,100.0,,0.0
2005-07-05,5190.10009765625,0.0011188189702118,0.0001244841303144,0.0,100.0,,0.0
2005-07-06,5229.60009765625,0.0076106431970044,0.0001238095192682,0.0,100.0,,0.0
2005-07-07,5158.2998046875,-0.0136339857039364,0.0001222222191946,0.0,100.0,,0.0
2005-07-08,5232.2001953125,0.0143265016426235,0.0001228174614527,0.0,100.0,,0.0
2005-07-11,5242.39990234375,0.0019494106973176,0.0001228174614527,0.0,100.0,,0.0
2005-07-12,5217.2001953125,-0.0048069028499683,0.0001244047615263,0.0,100.0,,0.0
2005-07-13,5245.89990234375,0.0055009786776125,0.0001248015865447,0.0,100.0,,0.0
2005-07-14,5259.7001953125,0.002630681718228,0.0001250793631114,0.0,100.0,,0.0
2005-07-15,5230.89990234375,-0.0054756529648624,0.0001261111100514,0.0,100.0,,0.0
2005-07-18,5214.2001953125,-0.0031925112969123,0.0001261904788395,0.0,100.0,,0.0
2005-07-19,5201.60009765625,-0.0024164967174787,0.0001278571382401,0.0,100.0,,0.0
2005-07-20,5215.2001953125,0.0026145988543753,0.0001280952351433,0.0,100.0,,0.0
2005-07-21,5221.60009765625,0.001227163311871,0.0001296825352169,0.0,100.0,,0.0
2005-07-22,5241.7998046875,0.0038684898600942,0.0001306746024934,0.0,100.0,,0.0
2005-07-25,5270.7001953125,0.0055134479953156,0.0001315476213182,0.0,100.0,,0.0
2005-07-26,5256.2001953125,-0.0027510576323228,0.0001332936495069,0.0,100.0,,0.0
2005-07-27,5263.60009765625,0.0014078425609338,0.0001319444463366,0.0,100.0,,0.0
2005-07-28,5270.2998046875,0.0012728373939792,0.0001315476213182,0.0,100.0,,0.0
2005-07-29,5282.2998046875,0.0022769103171942,0.0001322222229034,0.0,100.0,,0.0
2005-08-01,5290.89990234375,0.001628097225496,0.0001331349213918,0.0,100.0,,0.0
2005-08-02,5327.5,0.0069175562440779,0.0001349999980321,0.0,100.0,,0.0
2005-08-03,5332.2998046875,0.0009009487916471,0.0001343253964469,0.0,100.0,,0.0
2005-08-04,5315.5,-0.0031505739179803,0.0001341269886682,0.0,100.0,,0.0
2005-08-05,5314.7998046875,-0.0001317270835292,0.0001363888903269,0.0,100.0,,0.0
2005-08-08,5344.2998046875,0.0055505383239424,0.0001360317449721,0.0,100.0,,0.0
2005-08-09,5363.7001953125,0.0036301089635697,0.0001363095215388,0.0,100.0,,0.0
2005-08-10,5377.5,0.0025728143231347,0.0001362698418753,0.0,100.0,,0.0
2005-08-11,5358.60009765625,-0.0035146261913063,0.0001357936480688,0.0,100.0,,0.0
2005-08-12,5345.7998046875,-0.0023887382404872,0.0001362301622118,0.0,100.0,,0.0
2005-08-15,5344.2001953125,-0.0002992273248986,0.0001359920653085,0.0,100.0,,0.0
2005-08-16,5322.39990234375,-0.0040792433239816,0.000136984123124,0.0,100.0,,0.0
2005-08-17,5292.7001953125,-0.0055801344461492,0.0001363095215388,0.0,100.0,,0.0
2005-08-18,5269.2998046875,-0.0044212575361296,0.0001353174637234,0.0,100.0,,0.0
2005-08-19,5312.60009765625,0.0082174661859684,0.0001360317449721,0.0,100.0,,0.0
2005-08-22,5318.39990234375,0.0010917073713225,0.0001357936480688,0.0,100.0,,0.0
2005-08-23,5300.2001953125,-0.0034220268060756,0.0001365079387785,0.0,100.0,,0.0
2005-08-24,5275.2001953125,-0.0047168029656898,0.0001361111137602,0.0,100.0,,0.0
2005-08-25,5255.7001953125,-0.0036965421743287,0.0001363095215388,0.0,100.0,,0.0
2005-08-26,5228.10009765625,-0.005251459678173,0.0001375793653821,0.0,100.0,,0.0
2005-08-30,5255.7998046875,0.0052982357862023,0.0001379761904005,0.0,100.0,,0.0
2005-08-31,5296.89990234375,0.0078199511365699,0.0001361111137602,0.0,100.0,,0.0
2005-09-01,5328.5,0.0059657721004446,0.0001335317464101,0.0,100.0,,0.0
2005-09-02,5326.89990234375,-0.0003002904487661,0.0001340079402166,0.0,100.0,,0.0
2005-09-05,5337.7998046875,0.0020461999556167,0.0001340079402166,0.0,100.0,,0.0
2005-09-06,5359.2001953125,0.004009215670885,0.0001353174637234,0.0,100.0,,0.0
2005-09-07,5365.89990234375,0.0012501318829458,0.0001351190464837,0.0,100.0,,0.0
2005-09-08,5340.7998046875,-0.0046777051590706,0.0001348412699169,0.0,100.0,,0.0
2005-09-09,5359.2998046875,0.0034639006659196,0.0001348015902534,0.0,100.0,,0.0
2005-09-12,5375.10009765625,0.0029482009860561,0.0001355158715021,0.0,100.0,,0.0
2005-09-13,5338.0,-0.00690221521129,0.0001350793668201,0.0,100.0,,0.0
2005-09-14,5347.39990234375,0.0017609408661951,0.0001327380963734,0.0,100.0,,0.0
2005-09-15,5383.5,0.0067509627698552,0.0001331349213918,0.0,100.0,,0.0
2005-09-16,5407.89990234375,0.0045323492790469,0.0001352777745988,0.0,100.0,,0.0
2005-09-19,5429.7001953125,0.0040311938760742,0.0001365079387785,0.0,100.0,,0.0
2005-09-20,5416.39990234375,-0.0024495446323596,0.0001398809561653,0.0,100.0,,0.0
2005-09-21,5369.7001953125,-0.0086219089936551,0.0001326190479218,0.0,100.0,,0.0
2005-09-22,5385.7001953125,0.0029796821829954,0.0001341269886682,0.0,100.0,,0.0
2005-09-23,5413.60009765625,0.0051803667734853,0.0001345238136866,0.0,100.0,,0.0
2005-09-26,5453.10009765625,0.0072964384674629,0.0001359126965204,0.0,100.0,,0.0
2005-09-27,5447.2998046875,-0.0010636688974851,0.0001351190464837,0.0,100.0,,0.0
2005-09-28,5494.7998046875,0.0087199166014555,0.000134404765235,0.0,100.0,,0.0
2005-09-29,5478.2001953125,-0.0030209670897999,0.0001372222200272,0.0,100.0,,0.0
2005-09-30,5477.7001953125,-9.127085213644914e-05,0.0001376984138337,0.0,100.0,,0.0
2005-10-03,5501.60009765625,0.0043631271321131,0.0001382936466307,0.0,100.0,,0.0
2005-10-04,5494.39990234375,-0.0013087456712034,0.0001402777811837,0.0,100.0,,0.0
2005-10-05,5427.7998046875,-0.0121214507207312,0.0001384920638705,0.0,100.0,,0.0
2005-10-06,5372.39990234375,-0.0102066959610238,0.0001393650826953,0.0,100.0,,0.0
2005-10-07,5362.2998046875,-0.0018799973642773,0.0001401984123956,0.0,100.0,,0.0
2005-10-10,5374.60009765625,0.0022938465615065,0.0001401984123956,0.0,100.0,,0.0
2005-10-11,5380.7001953125,0.001134986333013,0.0001412698389991,0.0,100.0,,0.0
2005-10-12,5342.2001953125,-0.0071552025949225,0.0001434523813308,0.0,100.0,,0.0
2005-10-13,5265.2001953125,-0.0144135369669529,0.0001453174579711,0.0,100.0,,0.0
2005-10-14,5275.0,0.0018612406601794,0.0001469047580446,0.0,100.0,,0.0
2005-10-17,5286.5,0.0021800947867298,0.0001467063502659,0.0,100.0,,0.0
2005-10-18,5263.89990234375,-0.0042750586694882,0.0001496031738462,0.0,100.0,,0.0
2005-10-19,5167.89990234375,-0.0182374288609203,0.0001490873003762,0.0,100.0,,0.0
2005-10-20,5164.10009765625,-0.0007352705662462,0.0001492063488279,0.0,100.0,,0.0
2005-10-21,5142.10009765625,-0.0042601807834795,0.0001494047660676,0.0,100.0,,0.0
2005-10-24,5207.60009765625,0.0127379861838656,0.0001494047660676,0.0,100.0,,0.0
2005-10-25,5182.10009765625,-0.0048966893620492,0.0001522619005233,0.0,100.0,,0.0
2005-10-26,5227.7998046875,0.0088187619247106,0.0001509920661411,0.0,100.0,,0.0
2005-10-27,5182.7998046875,-0.0086078277059596,0.0001504761926711,0.0,100.0,,0.0
2005-10-28,5213.39990234375,0.0059041635427581,0.0001517857161779,0.0,100.0,,0.0
2005-10-31,5317.2998046875,0.0199293943088925,0.0001509920661411,0.0,100.0,,0.0
2005-11-01,5344.2998046875,0.0050777652176388,0.0001532539677998,0.0,100.0,,0.0
2005-11-02,5358.60009765625,0.0026758029098978,0.0001522619005233,0.0,100.0,,0.0
2005-11-03,5431.89990234375,0.0136789092956497,0.0001526587255417,0.0,100.0,,0.0
2005-11-04,5423.60009765625,-0.0015279745276453,0.0001533730162514,0.0,100.0,,0.0
2005-11-07,5460.7998046875,0.0068588587582858,0.0001518650755049,0.0,100.0,,0.0
2005-11-08,5460.89990234375,1.833021898445253e-05,0.0001532539677998,0.0,100.0,,0.0
2005-11-09,5439.7998046875,-0.0038638499209981,0.0001538492100579,0.0,100.0,,0.0
2005-11-10,5423.5,-0.0029963978956457,0.0001536507928182,0.0,100.0,,0.0
2005-11-11,5465.10009765625,0.0076703415979073,0.0001536507928182,0.0,100.0,,0.0
2005-11-14,5470.0,0.0008965805303093,0.0001540476178366,0.0,100.0,,0.0
2005-11-15,5439.60009765625,-0.0055575689842322,0.0001553571413433,0.0,100.0,,0.0
2005-11-16,5430.0,-0.0017648535708325,0.0001552380928917,0.0,100.0,,0.0
2005-11-17,5460.0,0.0055248618784531,0.0001552380928917,0.0,100.0,,0.0
2005-11-18,5498.89990234375,0.007124524238782,0.0001552380928917,0.0,100.0,,0.0
2005-11-21,5497.89990234375,-0.0001818545559583,0.0001545634913066,0.0,100.0,,0.0
2005-11-22,5517.2001953125,0.0035104846053166,0.0001520634927446,0.0,100.0,,0.0
2005-11-23,5531.7001953125,0.0026281446180473,0.0001528571427814,0.0,100.0,,0.0
2005-11-24,5511.0,-0.0037421036176257,0.0001528571427814,0.0,100.0,,0.0
2005-11-25,5523.7998046875,0.0023225920318454,0.0001528571427814,0.0,100.0,,0.0
2005-11-28,5477.39990234375,-0.0083999971006145,0.0001519841239565,0.0,100.0,,0.0
2005-11-29,5491.0,0.0024829477304424,0.0001542460350763,0.0,100.0,,0.0
2005-11-30,5423.2001953125,-0.0123474421211983,0.0001530555600211,0.0,100.0,,0.0
2005-12-01,5486.10009765625,0.0115982999112067,0.0001538492100579,0.0,100.0,,0.0
2005-12-02,5528.10009765625,0.0076557115714936,0.0001544444428549,0.0,100.0,,0.0
2005-12-05,5510.39990234375,-0.0032018586855915,0.0001551587335647,0.0,100.0,,0.0
2005-12-06,5538.7998046875,0.0051538731937894,0.0001560317429285,0.0,100.0,,0.0
2005-12-07,5528.7998046875,-0.0018054452864566,0.0001559523836014,0.0,100.0,,0.0
2005-12-08,5531.10009765625,0.0004160564769952,0.0001525793662146,0.0,100.0,,0.0
2005-12-09,5517.39990234375,-0.0024769385964115,0.000152460317763,0.0,100.0,,0.0
2005-12-12,5501.5,-0.0028817744997957,0.0001517857161779,0.0,100.0,,0.0
2005-12-13,5507.2001953125,0.0010361165704808,0.0001518650755049,0.0,100.0,,0.0
2005-12-14,5521.10009765625,0.0025239508009136,0.0001508730176895,0.0,100.0,,0.0
2005-12-15,5495.2998046875,-0.0046730348141491,0.0001523809489749,0.0,100.0,,0.0
2005-12-16,5531.60009765625,0.00660569837114,0.0001520634927446,0.0,100.0,,0.0
2005-12-19,5539.7998046875,0.0014823390857057,0.0001531745990117,0.0,100.0,,0.0
2005-12-20,5547.89990234375,0.001462164327562,0.0001542460350763,0.0,100.0,,0.0
2005-12-21,5587.39990234375,0.007119811225021,0.0001544444428549,0.0,100.0,,0.0
2005-12-22,5597.0,0.0017181690632566,0.0001548412678733,0.0,100.0,,0.0
2005-12-23,5595.5,-0.0002680007146685,0.0001545634913066,0.0,100.0,,0.0
2005-12-28,5622.7998046875,0.0048788856558841,0.0001532539677998,0.0,100.0,,0.0
2005-12-29,5638.2998046875,0.0027566338013809,0.0001552380928917,0.0,100.0,,0.0
2005-12-30,5618.7998046875,-0.0034584893807506,0.000158134916472,0.0,100.0,,0.0
2006-01-03,5681.5,0.0111590014757585,0.0001595238087669,0.0,5.0,0.1324385088732346,0.0
2006-01-04,5714.60009765625,0.0058259434403327,0.0001619841182042,0.0,5.0,0.1501890861210909,0.0
2006-01-05,5691.2001953125,-0.0040947576285078,0.0001623015933566,0.0,5.0,0.1211788559789656,0.0
2006-01-06,5731.7998046875,0.0071337517538812,0.0001629761854807,0.0,5.0,0.1439147781950555,0.0
2006-01-09,5731.5,-5.23055057252142e-05,0.0001633730199601,0.0,5.0,0.1315232240955425,0.0
2006-01-10,5688.7998046875,-0.007450090781209,0.0001657539700704,0.0,5.0,0.097930709457052,0.0
2006-01-11,5731.5,0.0075060112463996,0.0001663492028675,0.0,5.0,0.1189891730811848,0.0
2006-01-12,5735.2001953125,0.0006455893417953,0.0001668650763375,0.0,5.0,0.1171458430872317,0.0
2006-01-13,5711.0,-0.0042195903348377,0.0001674603091345,0.0,5.0,0.1046982969964181,0.0
2006-01-16,5740.2001953125,0.0051129741398179,0.0001674603091345,0.0,5.0,0.1214037199392593,0.0
2006-01-17,5699.0,-0.0071774840442228,0.000167936502941,0.0,5.0,0.0990631286590666,0.0
2006-01-18,5663.7001953125,-0.0061940348635725,0.0001685317546602,0.0,5.0,0.0994987143400956,0.0
2006-01-19,5693.2001953125,0.00520860903344,0.0001683333374205,0.0,5.0,0.0962976054014552,0.0
2006-01-20,5672.39990234375,-0.0036535326802447,0.0001687301529778,0.0,5.0,0.0918911007164877,0.0
2006-01-23,5660.89990234375,-0.0020273605877555,0.0001685317546602,0.0,5.0,0.0983968034309257,0.0
2006-01-24,5633.7998046875,-0.0047872419798536,0.000170436510964,0.0,5.0,0.1069240777694067,0.0
2006-01-25,5704.39990234375,0.0125315240341887,0.0001709127047705,0.0,5.0,0.0875338485825468,0.0
2006-01-26,5722.60009765625,0.0031905538924474,0.0001719047531249,0.0,5.0,0.0912679400042945,0.0
2006-01-27,5786.7998046875,0.0112186254387307,0.0001721031703646,0.0,5.0,0.1204630062872447,0.0
2006-01-30,5779.7998046875,-0.0012096495880727,0.0001723015876043,0.0,5.0,0.1094192064537375,0.0
2006-01-31,5760.2998046875,-0.0033738192773018,0.0001734126938713,0.0,5.0,0.0940584099256041,0.0
2006-02-01,5801.60009765625,0.00716981656669,0.0001730952376411,0.0,5.0,0.1100447769479437,0.0
2006-02-02,5747.2998046875,-0.0093595373784357,0.0001730952376411,0.0,5.0,0.0833047979754379,0.0
2006-02-03,5759.2998046875,0.0020879370152593,0.0001730952376411,0.0,5.0,0.0862761316746138,0.0
2006-02-06,5772.39990234375,0.002274599013857,0.000172500004844,0.0,5.0,0.0886617271237727,0.0
2006-02-07,5746.7998046875,-0.004434914089347,0.0001738888876778,0.0,5.0,0.0838765629610956,0.0
2006-02-08,5725.10009765625,-0.0037759636264952,0.0001742857221573,0.0,5.0,0.0863478453125334,0.0
2006-02-09,5808.7998046875,0.0146197805459358,0.0001744841204749,0.0,5.0,0.099207895340788,0.0
2006-02-10,5764.10009765625,-0.0076951708673415,0.000175595245664,0.0,5.0,0.0784147228696911,0.0
2006-02-13,5793.5,0.0051005190481865,0.0001754761877514,0.0,5.0,0.0880599061225231,0.0
2006-02-14,5792.2998046875,-0.0002071623910416,0.0001764682550278,0.0,5.0,0.085112935559054,0.0
2006-02-15,5791.5,-0.0001380806785679,0.0001758730222308,0.0,5.0,0.0838109523099512,0.0
2006-02-16,5828.89990234375,0.0064577229290772,0.0001757936439816,0.0,5.0,0.0981369877339357,0.0
2006-02-17,5846.2001953125,0.0029680202540094,0.0001756746049911,0.0,5.0,0.1035886164112406,0.0
2006-02-20,5863.0,0.002873628019268,0.0001756746049911,0.0,5.0,0.1133710460586054,0.0
2006-02-21,5857.7001953125,-0.0009039407619819,0.0001763888957008,0.0,5.0,0.1025306211447245,0.0
2006-02-22,5872.39990234375,0.0025094672894001,0.0001766666722676,0.0,5.0,0.1105222953647939,0.0
2006-02-23,5836.0,-0.0061984713148064,0.000177658739544,0.0,5.0,0.0919727434973842,0.0
2006-02-24,5860.5,0.0041980808773132,0.0001778571378617,0.0,5.0,0.1007204962233226,0.0
2006-02-27,5875.89990234375,0.0026277454728691,0.0001781745940919,0.0,5.0,0.1038201513277048,0.0
2006-02-28,5791.5,-0.0143637406604024,0.0001788492051381,0.0,5.0,0.0933562391265999,0.0
2006-03-01,5844.10009765625,0.0090822926109384,0.0001780555551014,0.0,5.0,0.0853738098983196,0.0
2006-03-02,5833.0,-0.0018993681611821,0.0001780555551014,0.0,5.0,0.082983193520365,0.0
2006-03-03,5858.7001953125,0.0044059995392593,0.0001782539723411,0.0,5.0,0.0909927262408152,0.0
2006-03-06,5897.7998046875,0.0066737685956832,0.0001771825457376,0.0,5.0,0.1007805852734436,0.0
2006-03-07,5857.39990234375,-0.006849995537597,0.0001778571378617,0.0,5.0,0.0868764007398323,0.0
2006-03-08,5812.89990234375,-0.0075972275654585,0.0001779761957743,0.0,5.0,0.0899602188471971,0.0
2006-03-09,5855.89990234375,0.0073973405223548,0.0001775793612949,0.0,5.0,0.0885779262390409,0.0
2006-03-10,5907.89990234375,0.0088799332070528,0.0001781745940919,0.0,5.0,0.1080341606764667,0.0
2006-03-13,5952.7998046875,0.0075999768252568,0.0001782539723411,0.0,5.0,0.1287131456189315,0.0
2006-03-14,5950.60009765625,-0.0003695247788305,0.000177658739544,0.0,5.0,0.1161005150672892,0.0
2006-03-15,5965.10009765625,0.0024367290293481,0.0001785714285714,0.0,5.0,0.1172214968695172,0.0
2006-03-16,5993.2998046875,0.0047274490904738,0.0001782539723411,0.0,5.0,0.1332690909487715,0.0
2006-03-17,5999.39990234375,0.0010178195409946,0.0001792460396176,0.0,5.0,0.1235625733763428,0.0
2006-03-20,5991.7001953125,-0.0012834128673839,0.0001797619130876,0.0,5.0,0.1120355802541616,0.0
2006-03-21,5991.2998046875,-6.68242088135429e-05,0.0001812301552484,0.0,5.0,0.1153542728970947,0.0
2006-03-22,6007.5,0.0027039533724928,0.0001812301552484,0.0,5.0,0.1257052659536742,0.0
2006-03-23,5990.10009765625,-0.0028963632698709,0.0001804365052117,0.0,5.0,0.1138183972303704,0.0
2006-03-24,6036.2998046875,0.0077126769633326,0.0001799603114052,0.0,5.0,0.1325568635511519,0.0
2006-03-27,5972.2001953125,-0.0106190234827672,0.0001792460396176,0.0,5.0,0.1008789140288221,0.0
2006-03-28,5935.7001953125,-0.0061116504481293,0.0001796428551749,0.0,5.0,0.0985703519411915,0.0
2006-03-29,5959.2001953125,0.0039590948374648,0.0001786507878984,0.0,5.0,0.094486851944365,0.0
2006-03-30,6015.2998046875,0.0094139494456197,0.0001779761957743,0.0,5.0,0.1024604734647373,0.0
2006-03-31,5964.60009765625,-0.0084284588761048,0.0001791666613684,0.0,5.0,0.0893226762189742,0.0
2006-04-03,6024.2998046875,0.0100090041333549,0.0001796428551749,0.0,5.0,0.0991261371513859,0.0
2006-04-04,6004.7001953125,-0.0032534252959571,0.0001806349224514,0.0,5.0,0.0924901574822775,0.0
2006-04-05,6044.10009765625,0.0065615103272778,0.0001804365052117,0.0,5.0,0.107636536450366,0.0
2006-04-06,6045.7001953125,0.0002647371205632,0.0001806349224514,0.0,5.0,0.1022762915589607,0.0
2006-04-07,6026.10009765625,-0.0032419896824269,0.0001810317380087,0.0,5.0,0.0933754535553012,0.0
2006-04-10,6067.0,0.0067871262808358,0.0001812301552484,0.0,5.0,0.1066489553123234,0.0
2006-04-11,6016.5,-0.0083237184770067,0.0001814285724882,0.0,5.0,0.0890010767937759,0.0
2006-04-12,6000.7998046875,-0.0026095230304163,0.0001818253880455,0.0,5.0,0.0897476512250806,0.0
2006-04-13,6029.39990234375,0.0047660476248365,0.0001816269897279,0.0,5.0,0.0930808555499715,0.0
2006-04-18,6044.10009765625,0.0024380859705102,0.0001824206397646,0.0,5.0,0.096462955097971,0.0
2006-04-19,6089.7998046875,0.0075610440417708,0.0001826190570044,0.0,5.0,0.1111340544845951,0.0
2006-04-20,6081.39990234375,-0.0013793396520661,0.0001826190570044,0.0,5.0,0.1019970152547629,0.0
2006-04-21,6132.7001953125,0.0084356059118853,0.0001835317460317,0.0,5.0,0.1228496307735285,0.0
2006-04-24,6098.7001953125,-0.0055440505678049,0.0001834127070411,0.0,5.0,0.1004734782578397,0.0
2006-04-25,6086.60009765625,-0.0019840453324054,0.0001847222305479,0.0,5.0,0.0965691278967088,0.0
2006-04-26,6104.2998046875,0.0029079792901238,0.0001848015898749,0.0,5.0,0.1003678926600317,0.0
2006-04-27,6060.0,-0.0072571476016761,0.0001848015898749,0.0,5.0,0.0930486494245147,0.0
2006-04-28,6023.10009765625,-0.0060890927959983,0.0001845238133082,0.0,5.0,0.1084236829167113,0.0
2006-05-02,6082.10009765625,0.0097956200367579,0.0001857936571514,0.0,5.0,0.088071769926572,0.0
2006-05-03,6010.0,-0.0118544740301189,0.0001863888899485,0.0,5.0,0.1081008548180876,0.0
2006-05-04,6036.89990234375,0.0044758572951331,0.000185396822672,0.0,5.0,0.085801691964093,0.0
2006-05-05,6091.7001953125,0.0090775553438404,0.0001863095306214,0.0,5.0,0.0820954010824803,0.0
2006-05-08,6067.10009765625,-0.0040382974978282,0.000186507928939,0.0,5.0,0.0796895408615109,0.0
2006-05-09,6105.60009765625,0.0063457004796858,0.0001886904807317,0.0,5.0,0.0839267837029754,0.0
2006-05-10,6083.39990234375,-0.003636038220227,0.0001885714228191,0.0,5.0,0.0799741197229875,0.0
2006-05-11,6042.0,-0.0068053889286153,0.0001863095306214,0.0,5.0,0.0922864582343449,0.0
2006-05-12,5912.10009765625,-0.0214994873127689,0.0001867857055058,0.0,5.0,0.2645277865431248,0.0
2006-05-15,5841.2998046875,-0.011975489555195,0.0001863888899485,0.0,5.0,0.3860642617102774,0.0
2006-05-16,5846.2001953125,0.0008389212656174,0.0001867857055058,0.0,5.0,0.3408969663831396,0.0
2006-05-17,5675.5,-0.0291984861293952,0.0001867857055058,0.0,5.0,0.6149305960733501,0.0
2006-05-18,5671.60009765625,-0.0006871469198749,0.0001867857055058,0.0,5.0,0.6097441678146375,0.0
2006-05-19,5657.39990234375,-0.0025037370526825,0.0001863888899485,0.0,5.0,0.6145687800290529,0.0
2006-05-22,5532.7001953125,-0.0220418759825674,0.0001857936571514,0.0,5.0,0.6891638218139663,0.0
2006-05-23,5678.7001953125,0.0263885616147603,0.0001869841227455,0.0,5.0,0.5527299302786879,0.0
2006-05-24,5587.10009765625,-0.0161304690344211,0.0001865873071882,0.0,5.0,0.6954831488545344,0.0
2006-05-25,5677.7001953125,0.0162159431677724,0.0001863888899485,0.0,5.0,0.4801575880842594,0.0
2006-05-26,5791.0,0.0199552284886475,0.0001869841227455,0.0,5.0,0.1321141680355676,0.0
2006-05-30,5652.0,-0.0240027629079606,0.0001863888899485,0.0,5.0,0.5405255278366641,0.0
2006-05-31,5723.7998046875,0.0127034332426574,0.0001871031806582,0.0,5.0,0.259250193003949,0.0
2006-06-01,5749.7001953125,0.0045250343318767,0.0001867857055058,0.0,5.0,0.1743170050476122,0.0
2006-06-02,5764.60009765625,0.0025914224807577,0.0001857936571514,0.0,5.0,0.1382741890270391,0.0
2006-06-05,5762.10009765625,-0.0004336814276182,0.0001865873071882,0.0,5.0,0.1369681371549311,0.0
2006-06-06,5669.7998046875,-0.0160185160626232,0.000187976190022,0.0,5.0,0.4205928251781723,0.0
2006-06-07,5706.2998046875,0.0064376170689173,0.0001877777727823,0.0,5.0,0.2551375941419433,0.0
2006-06-08,5562.89990234375,-0.0251301030881609,0.000187896830695,0.0,5.0,0.7007167994737153,0.0
2006-06-09,5655.2001953125,0.0165921182457124,0.0001883730245014,0.0,5.0,0.3863716717220076,0.0
2006-06-12,5620.89990234375,-0.0060652659117498,0.0001897619073353,0.0,5.0,0.5030567069328943,0.0
2006-06-13,5519.60009765625,-0.0180219905081855,0.0001893650728558,0.0,5.0,0.7470832321527489,0.0
2006-06-14,5506.7998046875,-0.0023190616606781,0.0001888888979715,0.0,5.0,0.7553363506501091,0.0
2006-06-15,5619.2998046875,0.0204292881510306,0.0001873015789758,0.0,5.0,0.3794387992717831,0.0
2006-06-16,5597.39990234375,-0.0038972653364182,0.0001882936462523,0.0,5.0,0.4613245415099116,0.0
2006-06-19,5626.10009765625,0.0051274155524394,0.0001886904807317,0.0,5.0,0.3336878391960465,0.0
2006-06-20,5658.2001953125,0.0057055681731688,0.000190476198045,0.0,5.0,0.2054681914999216,0.0
2006-06-21,5665.0,0.0012017610640806,0.0001898809463258,0.0,5.0,0.1767851788762524,0.0
2006-06-22,5684.10009765625,0.0033715971149603,0.0001894841307685,0.0,5.0,0.1374939474707887,0.0
2006-06-23,5692.10009765625,0.0014074347500141,0.0001918650808788,0.0,5.0,0.1214980776014888,0.0
2006-06-26,5681.2001953125,-0.0019149175447983,0.0001924603136758,0.0,5.0,0.1459577827516109,0.0
2006-06-27,5652.2998046875,-0.0050870220431319,0.0001948412637861,0.0,5.0,0.2340799285188853,0.0
2006-06-28,5678.60009765625,0.0046530251185434,0.0001932539637126,0.0,5.0,0.1545567918746609,0.0
2006-06-29,5791.5,0.019881643433625,0.0001930555464729,0.0,5.0,0.0943747498294281,0.0
2006-06-30,5833.39990234375,0.0072347237060779,0.0001928571481553,0.0,5.0,0.1033473536588539,0.0
2006-07-03,5884.39990234375,0.0087427573719931,0.0001938492154318,0.0,5.0,0.1218327682005395,0.0
2006-07-04,5883.5,-0.0001529301812732,0.0001938492154318,0.0,5.0,0.1061318984133433,0.0
2006-07-05,5826.7001953125,-0.0096540842504461,0.0001932539637126,0.0,5.0,0.049655132455404,0.0
2006-07-06,5890.0,0.0108637483593927,0.0001932539637126,0.0,5.0,0.085868040172148,0.0
2006-07-07,5888.89990234375,-0.0001867737956281,0.0001934523809523,0.0,5.0,0.0725740315831016,0.0
2006-07-10,5896.89990234375,0.0013584880253807,0.0001934523809523,0.0,5.0,0.0757899725484742,0.0
2006-07-11,5857.2998046875,-0.0067154095053421,0.0001950396810259,0.0,5.0,0.0397286323637725,0.0
2006-07-12,5860.60009765625,0.0005634495550508,0.0001954365155053,0.0,5.0,0.0328068374652768,0.0
2006-07-13,5765.0,-0.0163123393617118,0.0001950396810259,0.0,5.0,0.1088572149225806,0.0
2006-07-14,5707.60009765625,-0.0099566179260623,0.0001950396810259,0.0,5.0,0.2786283309961092,0.0
2006-07-17,5701.0,-0.0011563700230085,0.0001960317483023,0.0,5.0,0.2676680951914551,0.0
2006-07-18,5681.7001953125,-0.0033853367282056,0.0001984126984126,0.0,5.0,0.3127903911317861,0.0
2006-07-19,5778.0,0.0169491175840197,0.0001972222138964,0.0,5.0,0.0490493080271284,0.0
2006-07-20,5770.89990234375,-0.0012288157937435,0.0001962301655421,0.0,5.0,0.0580312727749002,0.0
2006-07-21,5719.7001953125,-0.0088720490560676,0.0001962301655421,0.0,5.0,0.1639402280241984,0.0
2006-07-24,5833.89990234375,0.0199660302343889,0.0001962301655421,0.0,5.0,0.0430609176634461,0.0
2006-07-25,5851.2001953125,0.0029654764837154,0.0001984126984126,0.0,5.0,0.0437518001161481,0.0
2006-07-26,5877.10009765625,0.0044264256014516,0.0001972222138964,0.0,5.0,0.0547823210427992,0.0
2006-07-27,5929.5,0.0089159451894731,0.0001966269810994,0.0,5.0,0.087499356440765,0.0
2006-07-28,5974.89990234375,0.0076566156242094,0.0001952380982656,0.0,5.0,0.1145650962706003,0.0
2006-07-31,5928.2998046875,-0.0077993101839196,0.0001958333310626,0.0,5.0,0.0572950460386289,0.0
2006-08-01,5880.7998046875,-0.0080124152902054,0.0001978174656156,0.0,5.0,0.0269174086333318,0.0
2006-08-02,5932.10009765625,0.0087233530595378,0.0001970238155788,0.0,5.0,0.0521785714073676,0.0
2006-08-03,5838.39990234375,-0.0157954508133671,0.0001972222138964,0.0,5.0,0.0485319297941366,0.0
2006-08-04,5889.39990234375,0.0087352700830798,0.0001962301655421,0.0,5.0,0.0340707477368951,0.0
2006-08-07,5828.7998046875,-0.0102896897240979,0.0001972222138964,0.0,5.0,0.0612662131872676,0.0
2006-08-08,5818.10009765625,-0.0018356621242413,0.0001974206311362,0.0,5.0,0.0782247049508305,0.0
2006-08-09,5860.5,0.0072875855746845,0.0001958333310626,0.0,5.0,0.0292579489251437,0.0
2006-08-10,5823.39990234375,-0.0063305345373688,0.0001950396810259,0.0,5.0,0.0598903420587078,0.0
2006-08-11,5820.10009765625,-0.0005666457297861,0.0001958333310626,0.0,5.0,0.0607890097375978,0.0
2006-08-14,5870.89990234375,0.0087283386600098,0.0001966269810994,0.0,5.0,0.0345727283400967,0.0
2006-08-15,5897.89990234375,0.0045989542402555,0.0001968253983391,0.0,5.0,0.0477326768898187,0.0
2006-08-16,5896.60009765625,-0.0002203843247633,0.0001956349138229,0.0,5.0,0.0598426397258728,0.0
2006-08-17,5900.39990234375,0.0006444060347605,0.0001966269810994,0.0,5.0,0.0524185810127443,0.0
2006-08-18,5903.39990234375,0.0005084401141706,0.0001968253983391,0.0,5.0,0.0367481522408909,0.0
2006-08-21,5915.2001953125,0.0019988977816096,0.0001966269810994,0.0,5.0,0.0406550370630469,0.0
2006-08-22,5902.60009765625,-0.0021301219299787,0.0001970238155788,0.0,5.0,0.037681320351095,0.0
2006-08-23,5860.0,-0.0072171749655147,0.0001968253983391,0.0,5.0,0.0538631281085016,0.0
2006-08-24,5869.10009765625,0.0015529176887798,0.0001966269810994,0.0,5.0,0.047761134578799,0.0
2006-08-25,5878.60009765625,0.001618646784333,0.0001970238155788,0.0,5.0,0.0450582323037576,0.0
2006-08-29,5888.2998046875,0.0016500028697508,0.0001958333310626,0.0,5.0,0.0442287646302005,0.0
2006-08-30,5929.2998046875,0.0069629606779466,0.0001952380982656,0.0,5.0,0.0408040922365452,0.0
2006-08-31,5906.10009765625,-0.0039127228838907,0.0001946428654685,0.0,5.0,0.0401197851549606,0.0
2006-09-01,5949.2001953125,0.0072975562458472,0.0001938492154318,0.0,5.0,0.0442845660015569,0.0
2006-09-04,5986.60009765625,0.006286542916007,0.0001938492154318,0.0,5.0,0.0642119277870073,0.0
2006-09-05,5981.7001953125,-0.0008184783122006,0.0001924603136758,0.0,5.0,0.0624915833373132,0.0
2006-09-06,5929.2998046875,-0.0087601165076883,0.0001916666636391,0.0,5.0,0.0389580348234739,0.0
2006-09-07,5858.10009765625,-0.0120081138374824,0.0001916666636391,0.0,5.0,0.1066383421151663,0.0
2006-09-08,5879.2998046875,0.0036188707392916,0.000190476198045,0.0,5.0,0.0681339899579975,0.0
2006-09-11,5850.7998046875,-0.004847516021768,0.0001908730136023,0.0,5.0,0.1080442428421587,0.0
2006-09-12,5895.5,0.007640014494546,0.0001896825480082,0.0,5.0,0.0457027478934462,0.0
2006-09-13,5892.2001953125,-0.0005597158319905,0.0001896825480082,0.0,5.0,0.0488954527529384,0.0
2006-09-14,5877.2001953125,-0.0025457383494764,0.0001908730136023,0.0,5.0,0.0641277520756224,0.0
2006-09-15,5877.0,-3.40630412181131e-05,0.000191071430842,0.0,5.0,0.0678596800777148,0.0
2006-09-18,5890.2998046875,0.0022630261506721,0.0001906745963626,0.0,5.0,0.0578753785918938,0.0
2006-09-19,5831.7998046875,-0.0099315827614488,0.0001912698480818,0.0,5.0,0.1553835438621609,0.0
2006-09-20,5866.2001953125,0.0058987605502762,0.0001908730136023,0.0,5.0,0.0750200856894739,0.0
2006-09-21,5896.7001953125,0.0051992770421254,0.0001898809463258,0.0,5.0,0.0428149040887551,0.0
2006-09-22,5822.2998046875,-0.0126172924111257,0.0001900793635655,0.0,5.0,0.1514431047425769,0.0
2006-09-25,5798.2998046875,-0.0041220824768724,0.0001892857135288,0.0,5.0,0.2066280741361963,0.0
2006-09-26,5873.60009765625,0.0129866159917904,0.0001886904807317,0.0,5.0,0.0435801337531528,0.0
2006-09-27,5930.10009765625,0.0096193133786117,0.000188492063492,0.0,5.0,0.037464273060745,0.0
2006-09-28,5971.2998046875,0.0069475567617371,0.0001880952290126,0.0,5.0,0.0572934855257492,0.0
2006-09-29,5960.7998046875,-0.001758411123782,0.0001888888979715,0.0,5.0,0.0423426926903365,0.0
2006-10-02,5957.7998046875,-0.0005032881657325,0.0001888888979715,0.0,5.0,0.0392962342846124,0.0
2006-10-03,5937.10009765625,-0.0034743878125887,0.0001894841307685,0.0,5.0,0.0340367957975225,0.0
2006-10-04,5966.5,0.0049518960199703,0.0001902777808053,0.0,5.0,0.0423966425520606,0.0
2006-10-05,6004.5,0.0063688929858376,0.000190476198045,0.0,5.0,0.0597141879541589,0.0
2006-10-06,6001.2001953125,-0.0005495552814556,0.0001908730136023,0.0,5.0,0.0567017166395227,0.0
2006-10-09,6030.89990234375,0.0049489612185322,0.0001908730136023,0.0,5.0,0.07134205893959,0.0
2006-10-10,6072.7001953125,0.0069310208502226,0.0001926587309156,0.0,5.0,0.0972847097917089,0.0
2006-10-11,6073.5,0.0001317049519613,0.0001938492154318,0.0,5.0,0.0966873242275276,0.0
2006-10-12,6121.2998046875,0.0078702238721495,0.0001952380982656,0.0,5.0,0.126329479548484,0.0
2006-10-13,6157.2998046875,0.0058811038747739,0.0001952380982656,0.0,5.0,0.1414092344479195,0.0
2006-10-16,6172.39990234375,0.0024523895433441,0.0001956349138229,0.0,5.0,0.1413082755616748,0.0
2006-10-17,6108.60009765625,-0.0103363044677766,0.0001964285638597,0.0,5.0,0.082314428511615,0.0
2006-10-18,6150.39990234375,0.0068427796908063,0.0001964285638597,0.0,5.0,0.1013661764076864,0.0
2006-10-19,6156.0,0.0009105257780255,0.0001968253983391,0.0,5.0,0.1003093249437735,0.0
2006-10-20,6155.2001953125,-0.0001299227887426,0.0001964285638597,0.0,5.0,0.0896465559698584,0.0
2006-10-23,6166.10009765625,0.0017708444888682,0.0001972222138964,0.0,5.0,0.0955617886114079,0.0
2006-10-24,6182.5,0.0026596879849523,0.0001980158639332,0.0,5.0,0.1066032671247109,0.0
2006-10-25,6214.60009765625,0.0051920901991509,0.0001978174656156,0.0,5.0,0.1265719572035858,0.0
2006-10-26,6184.7998046875,-0.0047952068516827,0.0001974206311362,0.0,5.0,0.0958352529608457,0.0
2006-10-27,6160.89990234375,-0.0038642968403983,0.0001970238155788,0.0,5.0,0.0838715899077528,0.0
2006-10-30,6126.7998046875,-0.0055349215531448,0.0001962301655421,0.0,5.0,0.0767633889292942,0.0
2006-10-31,6129.2001953125,0.0003917853857675,0.0001960317483023,0.0,5.0,0.076557473459053,0.0
2006-11-01,6149.60009765625,0.003328313922484,0.0001958333310626,0.0,5.0,0.0740539990574468,0.0
2006-11-02,6149.2998046875,-4.883130024413429e-05,0.0001958333310626,0.0,5.0,0.0773047105331571,0.0
2006-11-03,6148.10009765625,-0.0001950965263289,0.0001966269810994,0.0,5.0,0.0773914191714909,0.0
2006-11-06,6224.5,0.0124265872595137,0.0001960317483023,0.0,5.0,0.0948803915406912,0.0
2006-11-07,6244.0,0.0031327817495381,0.0001962301655421,0.0,5.0,0.1095644732301018,0.0
2006-11-08,6239.0,-0.0008007687379885,0.0001968253983391,0.0,5.0,0.1135173479065853,0.0
2006-11-09,6231.5,-0.0012021157236736,0.0001968253983391,0.0,5.0,0.1100577542413785,0.0
2006-11-10,6208.39990234375,-0.0037069883103987,0.0001966269810994,0.0,5.0,0.0951010005180495,0.0
2006-11-13,6194.2001953125,-0.0022871766082416,0.0001962301655421,0.0,5.0,0.0893817951356535,0.0
2006-11-14,6186.60009765625,-0.0012269699745903,0.0001966269810994,0.0,5.0,0.0875815043239715,0.0
2006-11-15,6229.7998046875,0.0069827864011471,0.0001964285638597,0.0,5.0,0.0984240479375696,0.0
2006-11-16,6254.89990234375,0.0040290376004319,0.0001966269810994,0.0,5.0,0.1145451642145265,0.0
2006-11-17,6192.0,-0.0100561005492959,0.0001962301655421,0.0,5.0,0.0904277546286821,0.0
2006-11-20,6204.5,0.0020187338501291,0.0001954365155053,0.0,5.0,0.0969085912151509,0.0
2006-11-21,6202.60009765625,-0.0003062136100814,0.0001956349138229,0.0,5.0,0.085508245440975,0.0
2006-11-22,6160.2998046875,-0.0068197678881045,0.0001952380982656,0.0,5.0,0.0933688643518466,0.0
2006-11-23,6140.0,-0.0032952624598,0.0001952380982656,0.0,5.0,0.1059123543825012,0.0
2006-11-24,6122.10009765625,-0.0029152935413273,0.0001946428654685,0.0,5.0,0.1229155121493085,0.0
2006-11-27,6050.10009765625,-0.0117606701706108,0.0001946428654685,0.0,5.0,0.2246881218229776,0.0
2006-11-28,6025.89990234375,-0.00399996610335,0.0001946428654685,0.0,5.0,0.2571191478915476,0.0
2006-11-29,6084.39990234375,0.0097080935541671,0.0001946428654685,0.0,5.0,0.113661962816011,0.0
2006-11-30,6048.89990234375,-0.0058345934800119,0.0001940476137494,0.0,5.0,0.1679676748626986,0.0
2006-12-01,6021.5,-0.004529733139266,0.0001940476137494,0.0,5.0,0.2132036404622463,0.0
2006-12-04,6050.39990234375,0.0047994523530265,0.0001932539637126,0.0,5.0,0.1333805472663321,0.0
2006-12-05,6086.39990234375,0.0059500199294355,0.0001924603136758,0.0,5.0,0.0802393632085418,0.0
2006-12-06,6090.39990234375,0.0006572029548139,0.0001926587309156,0.0,5.0,0.0791297308285399,0.0
2006-12-07,6131.5,0.0067483413758155,0.0001920634981185,0.0,5.0,0.0642158670665007,0.0
2006-12-08,6152.39990234375,0.0034086116519203,0.0001916666636391,0.0,5.0,0.0746545029443088,0.0
2006-12-11,6159.7998046875,0.0012027668001441,0.000191071430842,0.0,5.0,0.0700605606036936,0.0
2006-12-12,6156.39990234375,-0.0005519501366201,0.0001906745963626,0.0,5.0,0.0760139676426199,0.0
2006-12-13,6192.5,0.0058638324717188,0.000191071430842,0.0,5.0,0.088956225866621,0.0
2006-12-14,6228.0,0.0057327412192167,0.000191071430842,0.0,5.0,0.1077461872883087,0.0
2006-12-15,6260.0,0.0051380860629415,0.0001894841307685,0.0,5.0,0.1193801147930142,0.0
2006-12-18,6247.39990234375,-0.0020127951527555,0.0001906745963626,0.0,5.0,0.1010667099333246,0.0
2006-12-19,6204.0,-0.0069468743832883,0.0001916666636391,0.0,5.0,0.0788914283966232,0.0
2006-12-20,6198.60009765625,-0.0008703904487024,0.0001918650808788,0.0,5.0,0.0725773320891181,0.0
2006-12-21,6183.7001953125,-0.0024037528004724,0.0001918650808788,0.0,5.0,0.0772511168195676,0.0
2006-12-22,6190.0,0.0010187758928343,0.0001924603136758,0.0,5.0,0.0841468527462174,0.0
2006-12-27,6245.2001953125,0.0089176405997577,0.0001922618964361,0.0,5.0,0.0897307130763657,0.0
2006-12-28,6241.0,-0.0006725477456515,0.0001930555464729,0.0,5.0,0.0847844466426518,0.0
2006-12-29,6220.7998046875,-0.0032366920866047,0.0001938492154318,0.0,5.0,0.0812246390001976,0.0
2007-01-02,6310.89990234375,0.0144836838485555,0.0001938492154318,0.0,0.0,0.0886535398748209,0.0
2007-01-03,6319.0,0.0012835091320719,0.0001950396810259,0.0,0.0,0.0969064958819315,0.0
2007-01-04,6287.0,-0.0050640924196866,0.0001944444482288,0.0,0.0,0.081866764897715,0.0
2007-01-05,6220.10009765625,-0.010640989715882,0.0001948412637861,0.0,0.0,0.0999672888652547,0.0
2007-01-08,6194.2001953125,-0.004163904428726,0.0001948412637861,0.0,0.0,0.1401170453156177,0.0
2007-01-09,6196.10009765625,0.0003067227864523,0.0001962301655421,0.0,0.0,0.1364253736153135,0.0
2007-01-10,6160.7001953125,-0.0057132554003025,0.0001964285638597,0.0,0.0,0.2165653587089328,0.0
2007-01-11,6230.10009765625,0.0112649374492455,0.0001970238155788,0.0,0.0,0.069688738640477,0.0
2007-01-12,6239.0,0.0014285328011178,0.0001966269810994,0.0,0.0,0.0681582216873168,0.0
2007-01-15,6263.5,0.0039269113640005,0.0001966269810994,0.0,0.0,0.0616375933400174,0.0
2007-01-16,6215.7001953125,-0.0076314847429551,0.0001966269810994,0.0,0.0,0.0978146683990815,0.0
2007-01-17,6204.5,-0.0018019201313709,0.0001976190483759,0.0,0.0,0.1163924930526878,0.0
2007-01-18,6210.2998046875,0.0009347739040213,0.0001976190483759,0.0,0.0,0.1106257154269331,0.0
2007-01-19,6237.2001953125,0.0043315768112668,0.0001984126984126,0.0,0.0,0.076573149439164,0.0
2007-01-22,6218.39990234375,-0.0030142199031673,0.0001980158639332,0.0,0.0,0.105629828238663,0.0
2007-01-23,6227.60009765625,0.0014795116841925,0.0001986111156524,0.0,0.0,0.0935168694180919,0.0
2007-01-24,6314.7998046875,0.0140021365636606,0.0001980158639332,0.0,0.0,0.0640675317325396,0.0
2007-01-25,6269.2998046875,-0.0072052957191492,0.0001984126984126,0.0,0.0,0.0576379706449194,0.0
2007-01-26,6228.0,-0.0065876263656462,0.0001982142811729,0.0,0.0,0.10872913855927,0.0
2007-01-29,6239.89990234375,0.0019107100744621,0.0001982142811729,0.0,0.0,0.0877664493163635,0.0
2007-01-30,6242.0,0.0003365595104276,0.0001982142811729,0.0,0.0,0.0836120612085891,0.0
2007-01-31,6203.10009765625,-0.0062319612854453,0.0001974206311362,0.0,0.0,0.160376160439998,0.0
2007-02-01,6282.2001953125,0.0127517042141778,0.0001980158639332,0.0,0.0,0.0514763340387822,0.0
2007-02-02,6310.89990234375,0.0045684165004267,0.0001984126984126,0.0,0.0,0.0513890455608022,0.0
2007-02-05,6317.89990234375,0.0011091920499959,0.0001982142811729,0.0,0.0,0.0534007058126718,0.0
2007-02-06,6346.2998046875,0.0044951491449263,0.0001988095328921,0.0,0.0,0.0596028856096364,0.0
2007-02-07,6369.5,0.0036557042728053,0.0001988095328921,0.0,0.0,0.0681705508679877,0.0
2007-02-08,6346.39990234375,-0.0036266736252845,0.0001990079312097,0.0,0.0,0.0578882939394845,0.0
2007-02-09,6382.7998046875,0.0057355198071125,0.0001990079312097,0.0,0.0,0.0685652996220492,0.0
2007-02-12,6353.5,-0.0045904314069168,0.0001992063484494,0.0,0.0,0.0587194589397686,0.0
2007-02-13,6381.7998046875,0.0044542070807429,0.0001994047656891,0.0,0.0,0.068067979679721,0.0
2007-02-14,6421.2001953125,0.0061738681611509,0.0001988095328921,0.0,0.0,0.0883465590168414,0.0
2007-02-15,6433.2998046875,0.0018843220904143,0.0001992063484494,0.0,0.0,0.1016639790832945,0.0
2007-02-16,6419.5,-0.0021450585401671,0.0001996031829289,0.0,0.0,0.0900209186096978,0.0
2007-02-19,6444.39990234375,0.0038787915482125,0.0001996031829289,0.0,0.0,0.1011348190881195,0.0
2007-02-20,6412.2998046875,-0.0049810840640996,0.0001998015812465,0.0,0.0,0.0881542719402347,0.0
2007-02-21,6357.10009765625,-0.0086084101979914,0.0001998015812465,0.0,0.0,0.1013180620899154,0.0
2007-02-22,6380.89990234375,0.0037438146830934,0.0002001984157259,0.0,0.0,0.0811487612513608,0.0
2007-02-23,6401.5,0.003228400064493,0.0001999999984862,0.0,0.0,0.083806724804996,0.0
2007-02-26,6434.7001953125,0.0051863149750057,0.0002001984157259,0.0,0.0,0.0851906236059653,0.0
2007-02-27,6286.10009765625,-0.0230935541899063,0.0001980158639332,0.0,0.0,0.2613591292014951,0.0
2007-02-28,6171.5,-0.0182307147318538,0.0001982142811729,0.0,0.0,0.5728480496470308,1.0
2007-03-01,6116.0,-0.008992951470469,0.0001980158639332,1.0,0.0,0.6589438347947324,1.0
2007-03-02,6116.2001953125,3.2733046517297026e-05,0.0001972222138964,1.0,0.0,0.6421026846897997,1.0
2007-03-05,6058.7001953125,-0.0094012619214244,0.0001968253983391,1.0,0.0,0.7112171081026388,1.0
2007-03-06,6138.5,0.0131711096629669,0.0001974206311362,1.0,0.0,0.5043310223600406,1.0
2007-03-07,6156.5,0.0029323124541826,0.0001966269810994,1.0,0.0,0.3995160315519417,0.0
2007-03-08,6227.7001953125,0.0115650443129213,0.0001962301655421,1.0,0.0,0.1639654664577861,0.0
2007-03-09,6245.2001953125,0.0028100260852588,0.0001964285638597,0.0,0.0,0.1422400538148741,0.0
2007-03-12,6233.2998046875,-0.0019055258843314,0.0001964285638597,0.0,0.0,0.1490015656736939,0.0
2007-03-13,6161.2001953125,-0.0115668444698874,0.0001958333310626,0.0,0.0,0.3668994287574835,0.0
2007-03-14,6000.7001953125,-0.0260501192806735,0.0001950396810259,0.0,0.0,0.7821639103664058,1.0
2007-03-15,6133.2001953125,0.0220807565262972,0.0001942460309891,0.0,0.0,0.4026784472363521,0.0
2007-03-16,6130.60009765625,-0.00042393816824,0.0001938492154318,0.0,0.0,0.3856276703107721,0.0
2007-03-19,6189.39990234375,0.0095911988632204,0.0001942460309891,0.0,0.0,0.1789955873890577,0.0
2007-03-20,6220.2998046875,0.0049923906729711,0.0001948412637861,0.0,0.0,0.1393552451018701,0.0
2007-03-21,6256.7998046875,0.0058678843698971,0.0001948412637861,0.0,0.0,0.105950843047044,0.0
2007-03-22,6318.0,0.0097813894039968,0.0001952380982656,0.0,0.0,0.1010628650832951,0.0
2007-03-23,6339.39990234375,0.0033871323747625,0.0001954365155053,0.0,0.0,0.1065168751956841,0.0
2007-03-26,6291.89990234375,-0.0074928227800298,0.0001956349138229,0.0,0.0,0.0850181254397723,0.0
2007-03-27,6292.60009765625,0.0001112851957862,0.0001952380982656,0.0,0.0,0.0711188703727178,0.0
2007-03-28,6267.2001953125,-0.004036471720682,0.0001948412637861,0.0,0.0,0.0865061695388838,0.0
2007-03-29,6324.2001953125,0.0090949703573586,0.0001946428654685,0.0,0.0,0.064562174987336,0.0
2007-03-30,6308.0,-0.0025616196217993,0.0001942460309891,0.0,0.0,0.0634095335165799,0.0
2007-04-02,6315.5,0.0011889663918833,0.0001946428654685,0.0,0.0,0.0585224939077302,0.0
2007-04-03,6366.10009765625,0.0080120493478346,0.0001946428654685,0.0,0.0,0.0710703173214981,0.0
2007-04-04,6364.7001953125,-0.0002198995181155,0.0001946428654685,0.0,0.0,0.0670458721532345,0.0
2007-04-05,6397.2998046875,0.005121939506123,0.0001942460309891,0.0,0.0,0.0874705553799911,0.0
2007-04-10,6417.7998046875,0.0032044769865215,0.000193650798192,0.0,0.0,0.0911372198356945,0.0
2007-04-11,6413.2998046875,-0.0007011748787666,0.0001938492154318,0.0,0.0,0.0741143852542247,0.0
2007-04-12,6416.39990234375,0.000483385737555,0.0001938492154318,0.0,0.0,0.0876350386466279,0.0
2007-04-13,6462.39990234375,0.0071691292157767,0.0001932539637126,0.0,0.0,0.1127614028805642,0.0
2007-04-16,6516.2001953125,0.0083251259256236,0.0001930555464729,0.0,0.0,0.1410805192668837,0.0
2007-04-17,6497.7998046875,-0.0028237914848344,0.0001928571481553,0.0,0.0,0.1322276003407561,0.0
2007-04-18,6449.39990234375,-0.0074486601309007,0.0001924603136758,0.0,0.0,0.103580046700497,0.0
2007-04-19,6440.60009765625,-0.0013644377493636,0.0001922618964361,0.0,0.0,0.1192594113098267,0.0
2007-04-20,6486.7998046875,0.0071731991321837,0.0001918650808788,0.0,0.0,0.1167646139943196,0.0
2007-04-23,6479.7001953125,-0.0010944702455392,0.0001920634981185,0.0,0.0,0.1060989849503541,0.0
2007-04-24,6429.5,-0.007747302158951,0.0001918650808788,0.0,0.0,0.1107162415377403,0.0
2007-04-25,6462.0,0.0050548254141069,0.0001912698480818,0.0,0.0,0.0982991693167582,0.0
2007-04-26,6469.39990234375,0.0011451411859717,0.000190476198045,0.0,0.0,0.0918476244357857,0.0
2007-04-27,6418.7001953125,-0.0078368485171063,0.0001902777808053,0.0,0.0,0.1161486423024008,0.0
2007-04-30,6449.2001953125,0.0047517408621566,0.0001874999962155,0.0,0.0,0.0899877435829328,0.0
2007-05-01,6419.60009765625,-0.0045897315573742,0.0001886904807317,0.0,0.0,0.1167305196585463,0.0
2007-05-02,6484.5,0.010109648787538,0.0001886904807317,0.0,0.0,0.0839219605998451,0.0
2007-05-03,6537.7998046875,0.0082195704661114,0.000188492063492,0.0,0.0,0.1004213323600583,0.0
2007-05-04,6603.7001953125,0.0100799034222109,0.000188492063492,0.0,0.0,0.128567286660599,0.0
2007-05-08,6550.39990234375,-0.0080712769193526,0.0001886904807317,0.0,0.0,0.0930431021022198,0.0
2007-05-09,6549.60009765625,-0.0001221001312017,0.0001876984134552,0.0,0.0,0.085084065524285,0.0
2007-05-10,6524.10009765625,-0.0038933674758441,0.0001873015789758,0.0,0.0,0.0783501061212449,0.0
2007-05-11,6565.7001953125,0.0063763732980115,0.0001871031806582,0.0,0.0,0.0858991406617771,0.0
2007-05-14,6555.5,-0.001553557885537,0.000186507928939,0.0,0.0,0.081662637601451,0.0
2007-05-15,6568.7001953125,0.0020136061799251,0.0001861111133817,0.0,0.0,0.0887373561608464,0.0
2007-05-16,6559.5,-0.0014006112379836,0.0001829365132346,0.0,0.0,0.0898147385435057,0.0
2007-05-17,6579.2998046875,0.0030184929777421,0.0001849206288655,0.0,0.0,0.0953454771227893,0.0
2007-05-18,6640.89990234375,0.0093627132802738,0.000185912696142,0.0,0.0,0.1111789779948116,0.0
2007-05-21,6636.7998046875,-0.0006174009120063,0.0001869047634185,0.0,0.0,0.1013372531806159,0.0
2007-05-22,6606.60009765625,-0.004550341718899,0.0001894841307685,0.0,0.0,0.0883123425293812,0.0
2007-05-23,6616.39990234375,0.0014833355345629,0.0001890872962891,0.0,0.0,0.0866950781659286,0.0
2007-05-24,6565.5,-0.0076929906134783,0.0001890872962891,0.0,0.0,0.0968305459699665,0.0
2007-05-25,6570.60009765625,0.0007768026283223,0.0001880952290126,0.0,0.0,0.0962692583837072,0.0
2007-05-29,6606.5,0.0054637174398355,0.000185912696142,0.0,0.0,0.0883159064583518,0.0
2007-05-30,6602.10009765625,-0.0006659959651479,0.0001867063461788,0.0,0.0,0.1038749366784147,0.0
2007-05-31,6621.5,0.0029384441400148,0.0001821428631979,0.0,0.0,0.0967803695909051,0.0
2007-06-01,6676.7001953125,0.0083365091463414,0.0001847222305479,0.0,0.0,0.1116395368467908,0.0
2007-06-04,6664.10009765625,-0.0018871743956836,0.0001835317460317,0.0,0.0,0.1076289141545555,0.0
2007-06-05,6632.7998046875,-0.0046968521645943,0.0001861111133817,0.0,0.0,0.0968618376014448,0.0
2007-06-06,6522.7001953125,-0.0165992661646732,0.0001847222305479,0.0,0.0,0.2138062847503081,0.0
2007-06-07,6505.10009765625,-0.0026982840126391,0.0001849206288655,0.0,0.0,0.2388093835169486,0.0
2007-06-08,6505.10009765625,0.0,0.0001837301632714,0.0,0.0,0.2216400165454081,0.0
2007-06-11,6567.5,0.0095924584413746,0.0001821428631979,0.0,0.0,0.1125389015967631,0.0
2007-06-12,6520.5,-0.0071564522268747,0.0001821428631979,0.0,0.0,0.1708783923683124,0.0
2007-06-13,6559.60009765625,0.0059964876399432,0.0001791666613684,0.0,0.0,0.1134438024899817,0.0
2007-06-14,6649.89990234375,0.013766053317757,0.0001789682630508,0.0,0.0,0.092122605342018,0.0
2007-06-15,6732.39990234375,0.0124062017792061,0.0001757936439816,0.0,0.0,0.1282038591103093,0.0
2007-06-18,6703.5,-0.0042926597889244,0.0001749999939449,0.0,0.0,0.0976525984155466,0.0
2007-06-19,6650.2001953125,-0.0079510412004922,0.0001791666613684,0.0,0.0,0.0771969150462084,0.0
2007-06-20,6649.2998046875,-0.0001353930105193,0.0001825396787552,0.0,0.0,0.0751028182941121,0.0
2007-06-21,6596.0,-0.0080158522330314,0.0001809523786817,0.0,0.0,0.1150921116386508,0.0
2007-06-22,6567.39990234375,-0.0043359759939736,0.0001819444459582,0.0,0.0,0.1647690406682513,0.0
2007-06-25,6588.39990234375,0.003197612496919,0.0001841269788287,0.0,0.0,0.1127818519615207,0.0
2007-06-26,6559.2998046875,-0.0044168687522896,0.0001855158805847,0.0,0.0,0.1598303085242932,0.0
2007-06-27,6527.60009765625,-0.0048327882510563,0.0001839285805111,0.0,0.0,0.2230800290576814,0.0
2007-06-28,6571.2998046875,0.0066946054258043,0.0001841269788287,0.0,0.0,0.1187546176601577,0.0
2007-06-29,6607.89990234375,0.0055696892158445,0.0001853174633449,0.0,0.0,0.0893562093660142,0.0
2007-07-02,6590.60009765625,-0.0026180488420176,0.0001876984134552,0.0,0.0,0.1053813445050838,0.0
2007-07-03,6639.7998046875,0.0074651331141675,0.000191071430842,0.0,0.0,0.0863085961027798,0.0
2007-07-04,6673.10009765625,0.0050152555721998,0.000191071430842,0.0,0.0,0.0916622155954768,0.0
2007-07-05,6635.2001953125,-0.0056795045464792,0.0001908730136023,0.0,0.0,0.0860147497327286,0.0
2007-07-06,6690.10009765625,0.0082740385712152,0.0001900793635655,0.0,0.0,0.0911016157671293,0.0
2007-07-09,6712.7001953125,0.0033781404353228,0.0001898809463258,0.0,0.0,0.0955571181990736,0.0
2007-07-10,6630.89990234375,-0.0121858999491547,0.0001906745963626,0.0,0.0,0.1045054489806966,0.0
2007-07-11,6615.10009765625,-0.0023827542143888,0.0001906745963626,0.0,0.0,0.1284753774922386,0.0
2007-07-12,6697.7001953125,0.0124865983034052,0.000191071430842,0.0,0.0,0.0952736831302583,0.0
2007-07-13,6716.7001953125,0.0028367946378515,0.0001912698480818,0.0,0.0,0.086849035550518,0.0
2007-07-16,6697.7001953125,-0.0028287699982887,0.0001900793635655,0.0,0.0,0.0811998876277573,0.0
2007-07-17,6659.2001953125,-0.0057482417661729,0.0001908730136023,0.0,0.0,0.0995304062360046,0.0
2007-07-18,6567.10009765625,-0.0138305044081841,0.000191071430842,0.0,0.0,0.2593417824041144,0.0
2007-07-19,6640.2001953125,0.0111312598512605,0.0001916666636391,0.0,0.0,0.1026096755542072,0.0
2007-07-20,6585.2001953125,-0.0082828828020615,0.0001914682463994,0.0,0.0,0.1973967002393941,0.0
2007-07-23,6624.39990234375,0.0059526978479944,0.0001926587309156,0.0,0.0,0.1149501762023136,0.0
2007-07-24,6498.7001953125,-0.0189752594777342,0.0001934523809523,0.0,0.0,0.4418691085904461,0.0
2007-07-25,6454.2998046875,-0.0068321955607408,0.0001918650808788,0.0,0.0,0.5525703334611605,1.0
2007-07-26,6251.2001953125,-0.0314673342610296,0.0001892857135288,1.0,0.0,0.7683729362848088,1.0
2007-07-27,6215.2001953125,-0.0057588941123649,0.0001867063461788,1.0,0.0,0.7835852320681578,1.0
2007-07-30,6206.10009765625,-0.001464168067042,0.0001873015789758,1.0,0.0,0.8005132889742256,1.0
2007-07-31,6360.10009765625,0.0248142952219154,0.0001908730136023,1.0,0.0,0.636157681857721,1.0
2007-08-01,6250.60009765625,-0.017216710164727,0.0001880952290126,1.0,0.0,0.8286357420886713,1.0
2007-08-02,6300.2998046875,0.0079511896865527,0.0001882936462523,1.0,0.0,0.7419895641634544,1.0
2007-08-03,6224.2998046875,-0.0120629180127991,0.000186507928939,1.0,0.0,0.8479013489304861,1.0
2007-08-06,6189.10009765625,-0.005655207515027,0.0001871031806582,1.0,0.0,0.8650739007365561,1.0
2007-08-07,6308.7998046875,0.0193404057363006,0.0001898809463258,1.0,0.0,0.5888916212253555,1.0
2007-08-08,6393.89990234375,0.0134891104949976,0.0001906745963626,1.0,0.0,0.2418600806689278,0.0
2007-08-09,6271.2001953125,-0.0191901200996708,0.0001873015789758,1.0,0.0,0.711049990990657,1.0
2007-08-10,6038.2998046875,-0.0371380889417443,0.0001751984111846,1.0,0.0,0.8434451865376873,1.0
2007-08-13,6219.0,0.0299256746364635,0.0001797619130876,1.0,0.0,0.7714148044443035,1.0
2007-08-14,6143.5,-0.0121402154687249,0.0001785714285714,1.0,0.0,0.8933832152522375,1.0
2007-08-15,6109.2998046875,-0.0055668910738992,0.0001638888934301,1.0,0.0,0.9044175019799676,1.0
2007-08-16,5858.89990234375,-0.0409866777452343,0.0001468253987176,1.0,0.0,0.79425011855453,1.0
2007-08-17,6064.2001953125,0.0350407578881186,0.0001436507891094,1.0,0.0,0.906283802945817,1.0
2007-08-20,6078.7001953125,0.0023910820113108,0.0001170634939557,1.0,0.0,0.8947848088294287,1.0
2007-08-21,6086.10009765625,0.0012173494507026,0.0001357142887418,1.0,0.0,0.8764274718627156,1.0
2007-08-22,6196.0,0.0180575246184453,0.0001414682562389,1.0,0.0,0.4981651560508726,0.0
2007-08-23,6196.89990234375,0.0001452392420513,0.0001472222237359,1.0,0.0,0.5129844729082044,1.0
2007-08-24,6220.10009765625,0.0037438389643384,0.0001619047588772,1.0,0.0,0.4205729876500808,0.0
2007-08-28,6102.2001953125,-0.0189546631875224,0.0001694444436875,1.0,0.0,0.8533324161962526,1.0
2007-08-29,6132.2001953125,0.0049162595522587,0.0001527777739933,1.0,0.0,0.7297495928862782,1.0
2007-08-30,6212.0,0.0130132419271795,0.0001480158737727,1.0,0.0,0.3902046825897756,0.0
2007-08-31,6303.2998046875,0.0146973285073246,0.0001583333337117,1.0,0.0,0.2106932773988053,0.0
2007-09-03,6315.2001953125,0.0018879620189016,0.0001583333337117,0.0,0.0,0.1910386064406547,0.0
2007-09-04,6376.7998046875,0.0097541815730122,0.0001698412781669,0.0,0.0,0.1662192256803904,0.0
2007-09-05,6270.7001953125,-0.0166383785950137,0.0001674603091345,0.0,0.0,0.2709850519149441,0.0
2007-09-06,6313.2998046875,0.0067934374229603,0.0001650793590242,0.0,0.0,0.1842267697626396,0.0
2007-09-07,6191.2001953125,-0.0193400619568776,0.0001563492086198,0.0,0.0,0.6125697310307893,1.0
2007-09-10,6134.10009765625,-0.0092227832819041,0.0001535714240301,1.0,0.0,0.8244381944987741,1.0
2007-09-11,6280.7001953125,0.023899202054473,0.0001583333337117,1.0,0.0,0.2317277240186439,0.0
2007-09-12,6306.2001953125,0.0040600568737592,0.0001547619085463,1.0,0.0,0.1838698117421822,0.0
2007-09-13,6363.89990234375,0.0091496789261684,0.0001567460336382,0.0,0.0,0.1412449441408709,0.0
2007-09-14,6289.2998046875,-0.0117223870269825,0.0001539682585095,0.0,0.0,0.2276783262292284,0.0
2007-09-17,6182.7998046875,-0.0169335225394445,0.0001583333337117,0.0,0.0,0.6470556864451421,1.0
2007-09-18,6283.2998046875,0.0162547718145111,0.0001531745990117,0.0,0.0,0.2317502748241853,0.0
2007-09-19,6460.0,0.0281221970628677,0.0001511904739198,0.0,0.0,0.1577652641420724,0.0
2007-09-20,6429.0,-0.0047987616099071,0.0001456349236624,0.0,0.0,0.1285741037972336,0.0
2007-09-21,6456.7001953125,0.004308632028698,0.0001436507891094,0.0,0.0,0.1243204745906122,0.0
2007-09-24,6465.89990234375,0.0014248310674125,0.0001456349236624,0.0,0.0,0.111678182598559,0.0
2007-09-25,6396.89990234375,-0.0106713684161718,0.0001464285736992,0.0,0.0,0.1041249150114884,0.0
2007-09-26,6433.0,0.0056433738541106,0.0001438492063492,0.0,0.0,0.0839664978856216,0.0
2007-09-27,6486.39990234375,0.0083009330551453,0.0001428571390727,0.0,0.0,0.0898221785937157,0.0
2007-09-28,6466.7998046875,-0.0030217220571256,0.0001468253987176,0.0,0.0,0.0759241336383129,0.0
2007-10-01,6506.2998046875,0.0061081216665108,0.0001505952411227,0.0,0.0,0.0890020680199613,0.0
2007-10-02,6500.39990234375,-0.0009067984139771,0.0001527777739933,0.0,0.0,0.0677048079154378,0.0
2007-10-03,6535.2001953125,0.0053535618564333,0.0001523809489749,0.0,0.0,0.0801531860408738,0.0
2007-10-04,6547.89990234375,0.0019432774286485,0.0001521825411963,0.0,0.0,0.0751070995748831,0.0
2007-10-05,6595.7998046875,0.007315307664768,0.0001535714240301,0.0,0.0,0.0989654140749522,0.0
2007-10-08,6540.89990234375,-0.0083234640179244,0.0001533730162514,0.0,0.0,0.0550240076583488,0.0
2007-10-09,6615.39990234375,0.0113898700656318,0.0001551587335647,0.0,0.0,0.0911873121570099,0.0
2007-10-10,6633.0,0.0026604737303961,0.0001561507913801,0.0,0.0,0.1015261415562466,0.0
2007-10-11,6724.5,0.0137946630483944,0.0001589285759698,0.0,0.0,0.1526941820061741,0.0
2007-10-12,6730.7001953125,0.0009220306807198,0.0001619047588772,0.0,0.0,0.1526847230762957,0.0
2007-10-15,6644.5,-0.012807017518405,0.0001650793590242,0.0,0.0,0.0928855455557435,0.0
2007-10-16,6614.2998046875,-0.0045451418936715,0.0001636904761904,0.0,0.0,0.0799594435684734,0.0
2007-10-17,6677.7001953125,0.0095853518130624,0.0001543650835279,0.0,0.0,0.099354684117973,0.0
2007-10-18,6609.39990234375,-0.0102281161134928,0.0001444444486073,0.0,0.0,0.0814530980378702,0.0
2007-10-19,6527.89990234375,-0.0123309228075455,0.0001484126987911,0.0,0.0,0.174870116794542,0.0
2007-10-22,6459.2998046875,-0.010508754527872,0.0001531745990117,0.0,0.0,0.3594410548599096,0.0
2007-10-23,6514.0,0.0084684403830899,0.0001531745990117,0.0,0.0,0.1670449791428501,0.0
2007-10-24,6482.0,-0.0049124961621124,0.0001472222237359,0.0,0.0,0.245199010321049,0.0
2007-10-25,6576.2998046875,0.0145479488873032,0.0001515872989382,0.0,0.0,0.0636646377315843,0.0
2007-10-26,6661.2998046875,0.0129252014847944,0.0001523809489749,0.0,0.0,0.0758755596640156,0.0
2007-10-29,6706.0,0.0067104313907391,0.0001531745990117,0.0,0.0,0.0943612929964648,0.0
2007-10-30,6659.0,-0.0070086489710706,0.0001527777739933,0.0,0.0,0.0598622677772331,0.0
2007-10-31,6721.60009765625,0.009400825597875,0.0001515872989382,0.0,0.0,0.0902041879456507,0.0
2007-11-01,6586.10009765625,-0.020158890447417,0.0001470238064962,0.0,0.0,0.1121614725236682,0.0
2007-11-02,6530.60009765625,-0.0084268382164052,0.0001388888888888,0.0,0.0,0.222484708149957,0.0
2007-11-05,6461.39990234375,-0.0105962996168353,0.0001420634890359,0.0,0.0,0.4303526661097906,0.0
2007-11-06,6474.89990234375,0.0020893305172309,0.0001440476235889,0.0,0.0,0.3516192667501479,0.0
2007-11-07,6385.10009765625,-0.0138689101054666,0.0001333333291704,0.0,0.0,0.6432240015087978,1.0
2007-11-08,6381.89990234375,-0.0005011973600342,0.0001301587290234,1.0,0.0,0.6189960224632898,1.0
2007-11-09,6304.89990234375,-0.0120653725658909,0.0001257936538211,1.0,0.0,0.7689842642756602,1.0
2007-11-12,6337.89990234375,0.0052340244113522,0.0001261904788395,1.0,0.0,0.6840339026776687,1.0
2007-11-13,6362.39990234375,0.0038656337868225,0.0001333333291704,1.0,0.0,0.5564798415244817,1.0
2007-11-14,6432.10009765625,0.0109550164061242,0.0001315476213182,1.0,0.0,0.2323661003865319,0.0
2007-11-15,6359.60009765625,-0.0112715907556254,0.0001265873038579,1.0,0.0,0.5379745594892155,1.0
2007-11-16,6291.2001953125,-0.0107553779000911,0.0001305555540417,1.0,0.0,0.760012344534905,1.0
2007-11-19,6120.7998046875,-0.0270855139456479,0.0001299603212447,1.0,0.0,0.8438352808375991,1.0
2007-11-20,6226.5,0.0172690169071616,0.0001253968288028,1.0,0.0,0.8457886679971686,1.0
2007-11-21,6070.89990234375,-0.0249899779420621,0.0001206349191211,1.0,0.0,0.862472629233991,1.0
2007-11-22,6155.2998046875,0.0139023709337007,0.0001206349191211,1.0,0.0,0.8922985197313825,1.0
2007-11-23,6262.10009765625,0.0173509489964107,0.000124603178766,1.0,0.0,0.5638692780144803,1.0
2007-11-26,6180.5,-0.0130307878161818,0.0001212301613792,1.0,0.0,0.8503333544078077,1.0
2007-11-27,6140.7001953125,-0.0064395768445109,0.000122023811416,1.0,0.0,0.8925088108284538,1.0
2007-11-28,6306.2001953125,0.0269513239103147,0.000117460318974,1.0,0.0,0.3004535688143734,0.0
2007-11-29,6349.10009765625,0.0068028132655284,0.0001144841266056,1.0,0.0,0.2058197749172519,0.0
2007-11-30,6432.5,0.0131357044401516,0.0001218253941763,0.0,0.0,0.1512391199855823,0.0
2007-12-03,6386.60009765625,-0.0071356241498251,0.000117460318974,0.0,0.0,0.1539159524348764,0.0
2007-12-04,6315.2001953125,-0.0111796419459474,0.0001182539690108,0.0,0.0,0.325090560217429,0.0
2007-12-05,6493.7998046875,0.0282809101614176,0.0001182539690108,0.0,0.0,0.1428677998566259,0.0
2007-12-06,6485.60009765625,-0.0012626978468494,0.000117460318974,0.0,0.0,0.1210070349215752,0.0
2007-12-07,6554.89990234375,0.0106851800363922,0.0001198412690843,0.0,0.0,0.1370906661166235,0.0
2007-12-10,6565.39990234375,0.001601855124629,0.0001178571439924,0.0,0.0,0.123743174374037,0.0
2007-12-11,6536.89990234375,-0.0043409389258719,0.0001138888843475,0.0,0.0,0.0916025925478937,0.0
2007-12-12,6559.7998046875,0.0035031746983824,0.0001115079342372,0.0,0.0,0.090454672850962,0.0
2007-12-13,6364.2001953125,-0.0298179235950506,0.0001103174591821,0.0,0.0,0.4254043133959077,0.0
2007-12-14,6397.0,0.0051537983848557,0.0001109127014402,0.0,0.0,0.2695569891578839,0.0
2007-12-17,6277.7998046875,-0.0186337650949663,0.0001162698439189,0.0,0.0,0.727784071079011,1.0
2007-12-18,6279.2998046875,0.0002389372147355,0.0001178571439924,1.0,0.0,0.7072057224930408,1.0
2007-12-19,6284.5,0.0008281489137718,0.0001125000015137,1.0,0.0,0.660797545533392,1.0
2007-12-20,6345.60009765625,0.0097223482625905,0.0001113095264586,1.0,0.0,0.349437025275344,0.0
2007-12-21,6434.10009765625,0.0139466714948972,0.0001150793688637,1.0,0.0,0.1113488287542646,0.0
2007-12-24,6479.2998046875,0.0070250239109141,0.0001269841288763,0.0,0.0,0.0904554256095918,0.0
2007-12-27,6497.7998046875,0.0028552467948181,0.000122023811416,0.0,0.0,0.0889223466603122,0.0
2007-12-28,6476.89990234375,-0.0032164583354311,0.0001222222191946,0.0,0.0,0.090552735594165,0.0
2007-12-31,6456.89990234375,-0.0030878970343146,0.000124603178766,0.0,0.0,0.1027639172683006,0.0
2008-01-02,6416.7001953125,-0.0062258525978787,0.0001257936538211,0.0,10.0,0.0820792869092045,0.0
2008-01-03,6479.39990234375,0.0097713318563728,0.0001250000037844,0.0,10.0,0.0619672913338824,0.0
2008-01-04,6348.5,-0.0202024731173638,0.0001236111114895,0.0,10.0,0.2462616247696928,0.0
2008-01-07,6335.7001953125,-0.0020161935398125,0.0001255952365814,0.0,10.0,0.2654018354360039,0.0
2008-01-08,6356.5,0.0032829527986328,0.0001253968288028,0.0,10.0,0.1857277437812748,0.0
2008-01-09,6272.7001953125,-0.0131833248938094,0.0001234126942498,0.0,10.0,0.4504059227496144,0.0
2008-01-10,6222.7001953125,-0.0079710489012951,0.0001242063537476,0.0,10.0,0.5789776344060316,0.0
2008-01-11,6202.0,-0.0033265615669694,0.000119444444066,0.0,10.0,0.6058001851817648,0.0
2008-01-14,6215.7001953125,0.0022089963419058,0.0001224206364344,0.0,10.0,0.5418930834411156,0.0
2008-01-15,6025.60009765625,-0.0305838588868253,0.0001224206364344,0.0,10.0,0.7526780150008773,0.0
2008-01-16,5942.89990234375,-0.0137248064876837,0.0001206349191211,0.0,10.0,0.7534917516806843,0.0
2008-01-17,5902.39990234375,-0.0068148548125516,0.0001182539690108,0.0,10.0,0.7602435665997052,0.0
2008-01-18,5901.7001953125,-0.0001185461918586,0.0001107142842005,0.0,10.0,0.7813407234420173,0.0
2008-01-21,5578.2001953125,-0.0548147125902708,0.0001107142842005,0.0,10.0,0.6810294565432629,0.0
2008-01-22,5740.10009765625,0.0290236808782513,8.849206424894787e-05,0.0,10.0,0.7903367233765977,1.0
2008-01-23,5609.39990234375,-0.0227696717982089,8.373015456729465e-05,1.0,10.0,0.7425176745940939,1.0
2008-01-24,5875.7998046875,0.0474916937607605,9.126983937763032e-05,1.0,10.0,0.9041660331399196,1.0
2008-01-25,5869.0,-0.0011572560185041,8.809523923056466e-05,1.0,10.0,0.9038471823345628,1.0
2008-01-28,5788.89990234375,-0.0136479975560146,8.78968219908457e-05,1.0,10.0,0.9058451255016922,1.0
2008-01-29,5885.2001953125,0.016635335658466,8.749999697246248e-05,1.0,10.0,0.8736898175468225,1.0
2008-01-30,5837.2998046875,-0.008139126798635,8.4920639083499e-05,1.0,10.0,0.9213176093291362,1.0
2008-01-31,5879.7998046875,0.0072807636102349,7.420634939557031e-05,1.0,10.0,0.8588715884566244,1.0
2008-02-01,6029.2001953125,0.0254090947970533,8.13492044569954e-05,1.0,10.0,0.4312106204401443,1.0
2008-02-04,6026.2001953125,-0.000497578435417,8.611111413864862e-05,1.0,10.0,0.4390899861435152,1.0
2008-02-05,5868.0,-0.0262520643498628,8.511904686216325e-05,1.0,10.0,0.8910733568206799,1.0
2008-02-06,5875.39990234375,0.0012610603857787,8.095237943861221e-05,1.0,10.0,0.8647924459704186,1.0
2008-02-07,5724.10009765625,-0.0257514053855543,8.333332954891144e-05,1.0,10.0,0.898769294670963,1.0
2008-02-08,5784.0,0.0104645099355051,8.571428912026542e-05,1.0,10.0,0.9356724515687818,1.0
2008-02-11,5707.7001953125,-0.0131915291645055,8.690476417541504e-05,1.0,10.0,0.9164077365459672,1.0
2008-02-12,5910.0,0.0354433130271349,8.928571428571429e-05,1.0,10.0,0.606729392851702,1.0
2008-02-13,5880.10009765625,-0.0050592051343062,8.769841421218145e-05,1.0,10.0,0.7016602426472329,1.0
2008-02-14,5879.2998046875,-0.000136101929467,8.809523923056466e-05,1.0,10.0,0.7079215115307093,1.0
2008-02-15,5787.60009765625,-0.015597045579839,8.452381406511579e-05,1.0,10.0,0.9227944745906,1.0
2008-02-18,5946.60009765625,0.0274725270089737,8.452381406511579e-05,1.0,10.0,0.4587977595997065,1.0
2008-02-19,5966.89990234375,0.0034136824999382,8.611111413864862e-05,1.0,10.0,0.4095910698205359,1.0
2008-02-20,5893.60009765625,-0.0122844032725785,8.630952191731287e-05,1.0,10.0,0.640777513991654,1.0
2008-02-21,5932.2001953125,0.0065494938605692,8.4920639083499e-05,1.0,10.0,0.5006459889616487,1.0
2008-02-22,5888.5,-0.0073666083196299,8.4920639083499e-05,1.0,10.0,0.6625581079668201,1.0
2008-02-25,5999.5,0.0188503014350003,8.373015456729465e-05,1.0,10.0,0.3253634251488756,1.0
2008-02-26,6087.39990234375,0.0146512046576798,8.234127173348079e-05,1.0,10.0,0.2523428946591912,1.0
2008-02-27,6076.5,-0.0017905678152594,7.658729950586954e-05,1.0,10.0,0.2383668116676597,1.0
2008-02-28,5965.7001953125,-0.0182341487184234,7.361111186799548e-05,1.0,10.0,0.422108666592918,1.0
2008-02-29,5884.2998046875,-0.0136447337211078,7.083333200878568e-05,1.0,10.0,0.7293480207688087,1.0
2008-03-03,5818.60009765625,-0.0111652548666729,6.488095200251019e-05,1.0,10.0,0.8645636614711559,1.0
2008-03-04,5767.7001953125,-0.008747791820966,6.329365192897736e-05,1.0,10.0,0.8955332185210446,1.0
2008-03-05,5853.5,0.0148759127177293,5.873015948704311e-05,1.0,10.0,0.7401414703332319,1.0
2008-03-06,5766.39990234375,-0.0148800030163577,5.4166667045108856e-05,1.0,10.0,0.9018512852080064,1.0
2008-03-07,5699.89990234375,-0.011532325389533,5.555555460945008e-05,1.0,10.0,0.904722895259014,1.0
2008-03-10,5629.10009765625,-0.0124212364954667,5.158729969509064e-05,1.0,10.0,0.8744493024019269,1.0
2008-03-11,5690.39990234375,0.0108898054083321,5.714285941351028e-05,1.0,10.0,0.92891268601427,1.0
2008-03-12,5776.39990234375,0.0151131733227709,5.714285941351028e-05,1.0,10.0,0.8113503790763269,1.0
2008-03-13,5692.39990234375,-0.0145419294751246,5.158729969509064e-05,1.0,10.0,0.9375579135668276,1.0
2008-03-14,5631.7001953125,-0.0106632893107628,4.444444463366554e-05,1.0,10.0,0.9272006822537204,1.0
2008-03-17,5414.39990234375,-0.0385852025911497,3.928571466415648e-05,1.0,10.0,0.7801764550823729,1.0
2008-03-18,5605.7998046875,0.0353501599061603,3.5714284768180245e-05,1.0,10.0,0.9520352346920702,1.0
2008-03-19,5545.60009765625,-0.0107388257034993,2.579364984754532e-05,1.0,10.0,0.9286277291647824,1.0
2008-03-20,5495.2001953125,-0.0090882684391632,1.984126984126984e-05,1.0,10.0,0.9049637784064573,1.0
2008-03-25,5689.10009765625,0.0352853209077168,4.980158711236621e-05,1.0,10.0,0.7438691211648532,1.0
2008-03-26,5660.39990234375,-0.0050447689124548,5.039682463994102e-05,1.0,10.0,0.8299728887059097,1.0
2008-03-27,5717.5,0.0100876437427339,4.96031746031746e-05,1.0,10.0,0.6391634115725587,1.0
2008-03-28,5692.89990234375,-0.0043025968790992,5.357142951753405e-05,1.0,10.0,0.7286584673659119,1.0
2008-03-31,5702.10009765625,0.0016160823956719,5.059523714913262e-05,1.0,10.0,0.6869912965479267,1.0
2008-04-01,5852.60009765625,0.0263937842939412,5.376984202672565e-05,1.0,10.0,0.3355190168346647,1.0
2008-04-02,5915.89990234375,0.0108156722877492,5.4166667045108856e-05,1.0,10.0,0.2947984429503382,1.0
2008-04-03,5891.2998046875,-0.0041583018750036,5.3968254535917255e-05,1.0,10.0,0.2828403991969996,1.0
2008-04-04,5947.10009765625,0.0094716437490334,5.238095446238442e-05,1.0,10.0,0.2583121019921811,1.0
2008-04-07,6014.7998046875,0.0113836501689168,5.3968254535917255e-05,1.0,10.0,0.2538233112153599,1.0
2008-04-08,5990.2001953125,-0.0040898467403401,5.357142951753405e-05,1.0,10.0,0.2274957091425096,1.0
2008-04-09,5983.89990234375,-0.0010517666794642,5.059523714913262e-05,1.0,10.0,0.2066807062439884,1.0
2008-04-10,5965.10009765625,-0.0031417311442888,4.900793707559979e-05,1.0,10.0,0.1935411263685889,1.0
2008-04-11,5895.5,-0.0116678842796948,4.603174470719837e-05,1.0,10.0,0.2343276641099606,1.0
2008-04-14,5831.60009765625,-0.0108387587725807,4.26587320509411e-05,1.0,10.0,0.4079769392264184,1.0
2008-04-15,5906.89990234375,0.0129123745501278,4.3650794596899126e-05,1.0,10.0,0.2021150007574361,1.0
2008-04-16,6046.2001953125,0.0235826398401433,4.4246032124473935e-05,1.0,10.0,0.1911957567099468,0.0
2008-04-17,5980.39990234375,-0.010882916682078,4.801587452964178e-05,1.0,10.0,0.1566528454566108,0.0
2008-04-18,6056.60009765625,0.0127416555007695,5.238095446238442e-05,0.0,10.0,0.1696941854512926,0.0
2008-04-21,6053.0,-0.0005944090080577,5.039682463994102e-05,0.0,10.0,0.1512431891090699,0.0
2008-04-22,6034.7001953125,-0.0030232619672063,4.980158711236621e-05,0.0,10.0,0.1307211687088437,0.0
2008-04-23,6083.60009765625,0.0081031204137917,4.761904951125856e-05,0.0,10.0,0.1462273212341492,0.0
2008-04-24,6050.7001953125,-0.0054079659766632,4.841269954802498e-05,0.0,10.0,0.1270529037888989,0.0
2008-04-25,6091.39990234375,0.0067264458190772,5.099206216751583e-05,0.0,10.0,0.1395646883109973,0.0
2008-04-28,6090.39990234375,-0.0001641658758301,5.277777948076763e-05,0.0,10.0,0.1175400758544432,0.0
2008-04-29,6089.39990234375,-0.00016419283069,5.714285941351028e-05,0.0,10.0,0.1067928090496487,0.0
2008-04-30,6087.2998046875,-0.0003448776053354,5.317460449915084e-05,0.0,10.0,0.1004440214623051,0.0
2008-05-01,6087.2998046875,0.0,5.4365079554300456e-05,0.0,10.0,0.0931203220823141,0.0
2008-05-02,6215.5,0.0210602729331288,5.81349219594683e-05,0.0,10.0,0.1661170579066346,0.0
2008-05-06,6215.2998046875,-3.220904392242652e-05,6.329365192897736e-05,0.0,10.0,0.1535597100018361,0.0
2008-05-07,6261.0,0.0073528545281167,6.468253949331859e-05,0.0,10.0,0.170909594318708,0.0
2008-05-08,6270.7998046875,0.0015652139734068,6.428571447493539e-05,0.0,10.0,0.1691862457218922,0.0
2008-05-09,6204.7001953125,-0.0105408578544621,6.547618953008501e-05,0.0,10.0,0.1163260764764044,0.0
2008-05-12,6220.7001953125,0.0025786902664672,6.944444444444444e-05,0.0,10.0,0.1151646033618314,0.0
2008-05-13,6211.89990234375,-0.0014146788452176,7.083333200878568e-05,0.0,10.0,0.104272355946426,0.0
2008-05-14,6216.0,0.0006600392344866,7.083333200878568e-05,0.0,10.0,0.1003266970965538,0.0
2008-05-15,6251.7998046875,0.0057592993384008,7.103174451797728e-05,0.0,10.0,0.1208219021708378,0.0
2008-05-16,6304.2998046875,0.0083975817588779,7.142856953636049e-05,0.0,10.0,0.1399850481184852,0.0
2008-05-19,6376.5,0.0114525320097904,7.16269820455521e-05,0.0,10.0,0.1794279123244406,0.0
2008-05-20,6191.60009765625,-0.0289970834068454,7.242063681284586e-05,0.0,10.0,0.1111231957175566,0.0
2008-05-21,6198.10009765625,0.0010498094026551,7.182539455474369e-05,0.0,10.0,0.0928229881252371,0.0
2008-05-22,6181.60009765625,-0.0026621060873539,7.242063681284586e-05,0.0,10.0,0.0925843692158863,0.0
2008-05-23,6087.2998046875,-0.0152549973273916,7.142856953636049e-05,0.0,10.0,0.2410112039485813,0.0
2008-05-27,6058.5,-0.0047311296652947,7.341269935880388e-05,0.0,10.0,0.3000034349376709,0.0
2008-05-28,6069.60009765625,0.0018321527863744,7.361111186799548e-05,0.0,10.0,0.2473203852455351,0.0
2008-05-29,6068.10009765625,-0.0002471332502744,7.40079368863787e-05,0.0,10.0,0.2342365050554798,0.0
2008-05-30,6053.5,-0.0024060410048095,7.341269935880388e-05,0.0,10.0,0.2674893693245204,0.0
2008-06-02,6007.60009765625,-0.0075823742204922,7.103174451797728e-05,0.0,10.0,0.3855099876185462,0.0
2008-06-03,6057.7001953125,0.0083394528333859,7.182539455474369e-05,0.0,10.0,0.1860957383718746,0.0
2008-06-04,5970.10009765625,-0.0144609496726225,7.16269820455521e-05,0.0,10.0,0.4597717174109339,0.0
2008-06-05,5995.2998046875,0.0042209856818218,7.182539455474369e-05,0.0,10.0,0.3325599015553817,0.0
2008-06-06,5906.7998046875,-0.0147615637054222,7.142856953636049e-05,0.0,10.0,0.6019379940259668,0.0
2008-06-09,5877.60009765625,-0.0049434055659171,7.341269935880388e-05,0.0,10.0,0.6483178812339956,0.0
2008-06-10,5827.2998046875,-0.0085579644979262,7.817460430992973e-05,0.0,10.0,0.710780873838303,0.0
2008-06-11,5723.2998046875,-0.0178470309552877,7.559523695991153e-05,0.0,10.0,0.7538053567133006,0.0
2008-06-12,5790.5,0.0117415123452839,7.738095427316333e-05,0.0,10.0,0.7691059623578046,0.0
2008-06-13,5802.7998046875,0.0021241351675158,7.658729950586954e-05,0.0,10.0,0.7485912829491945,0.0
2008-06-16,5794.60009765625,-0.0014130604720545,7.698412925478012e-05,0.0,10.0,0.7499948709231554,0.0
2008-06-17,5861.89990234375,0.0116142276521757,7.757936678235492e-05,0.0,10.0,0.5189249786444937,0.0
2008-06-18,5756.89990234375,-0.0179122812994499,7.46031744139535e-05,0.0,10.0,0.8053180594942092,0.0
2008-06-19,5708.39990234375,-0.0084246731440049,7.380952437718708e-05,0.0,10.0,0.8294668163683266,0.0
2008-06-20,5620.7998046875,-0.0153458235503582,7.142856953636049e-05,0.0,10.0,0.822261756027467,0.0
2008-06-23,5667.2001953125,0.0082551224447282,7.341269935880388e-05,0.0,10.0,0.8654159178650085,0.0
2008-06-24,5634.7001953125,-0.005734754178418,7.123015702716889e-05,0.0,10.0,0.8705593962777921,0.0
2008-06-25,5666.10009765625,0.0055725950370655,6.984126946282765e-05,0.0,10.0,0.8761639139025884,0.0
2008-06-26,5518.2001953125,-0.0261025925759638,6.666666458523462e-05,0.0,10.0,0.8353764233383677,1.0
2008-06-27,5530.0,0.0021383429868171,6.468253949331859e-05,1.0,10.0,0.8685984878218773,1.0
2008-06-30,5625.89990234375,0.0173417544925407,6.765873186172e-05,1.0,10.0,0.9060579378729556,1.0
2008-07-01,5479.89990234375,-0.0259514037814957,7.242063681284586e-05,1.0,10.0,0.8717883783025882,1.0
2008-07-02,5426.2998046875,-0.0097812183819864,7.103174451797728e-05,1.0,10.0,0.8468301682269934,1.0
2008-07-03,5476.60009765625,0.0092697224221371,7.182539455474369e-05,1.0,10.0,0.9159371394505792,1.0
2008-07-04,5412.7998046875,-0.0116496168847628,7.182539455474369e-05,1.0,10.0,0.8773394129925491,1.0
2008-07-07,5512.7001953125,0.0184563246803413,7.043650699040247e-05,1.0,10.0,0.9487275461670532,1.0
2008-07-08,5440.5,-0.0130970654587551,7.222222430365428e-05,1.0,10.0,0.9324972973004838,1.0
2008-07-09,5529.60009765625,0.0163771891657475,7.103174451797728e-05,1.0,10.0,0.9011025543413262,1.0
2008-07-10,5406.7998046875,-0.0222078072193321,6.468253949331859e-05,1.0,10.0,0.9269631839367172,1.0
2008-07-11,5261.60009765625,-0.026855018176439,6.230158938301934e-05,1.0,10.0,0.8190411519654789,1.0
2008-07-14,5300.39990234375,0.0073741455008682,5.65476171554081e-05,1.0,10.0,0.8759988023618595,1.0
2008-07-15,5171.89990234375,-0.0242434537709465,5.4563492063492063e-05,1.0,10.0,0.791761260075,1.0
2008-07-16,5150.60009765625,-0.004118371408899,5.337301700834244e-05,1.0,10.0,0.7994344321444266,1.0
2008-07-17,5286.2998046875,0.0263463876943192,5.515872959106687e-05,1.0,10.0,0.933223445332484,1.0
2008-07-18,5376.39990234375,0.017044076383325,5.6349204646216496e-05,1.0,10.0,0.9106903281704986,1.0
2008-07-21,5404.2998046875,0.0051893279611858,5.4761904572683664e-05,1.0,10.0,0.8580858622970853,1.0
2008-07-22,5364.2001953125,-0.0074199453813089,5.952380952380952e-05,1.0,10.0,0.9237630196513816,1.0
2008-07-23,5449.89990234375,0.0159762320403586,6.130952210653396e-05,1.0,10.0,0.7122448469923964,1.0
2008-07-24,5362.2998046875,-0.0160737076324241,6.388888945655218e-05,1.0,10.0,0.9356841911418632,1.0
2008-07-25,5352.60009765625,-0.0018088707055825,6.70634943341452e-05,1.0,10.0,0.9358606702588192,1.0
2008-07-28,5312.60009765625,-0.0074730036375246,6.607142705765981e-05,1.0,10.0,0.9645051287413262,1.0
2008-07-29,5319.2001953125,0.0012423479153196,6.666666458523462e-05,1.0,10.0,0.9586837651374018,1.0
2008-07-30,5420.7001953125,0.0190818161139048,6.626983956685142e-05,1.0,10.0,0.7289259767078462,1.0
2008-07-31,5411.89990234375,-0.0016234605589071,6.488095200251019e-05,1.0,10.0,0.7634993646655321,1.0
2008-08-01,5354.7001953125,-0.0105692470414092,6.468253949331859e-05,1.0,10.0,0.9188106579149412,1.0
2008-08-04,5320.2001953125,-0.0064429377447128,6.587301454846822e-05,1.0,10.0,0.9591705616838824,1.0
2008-08-05,5454.5,0.0252433742635904,6.785714437091161e-05,1.0,10.0,0.5828080321124209,1.0
2008-08-06,5486.10009765625,0.0057933995153085,6.349206443816897e-05,1.0,10.0,0.4915325788507725,1.0
2008-08-07,5477.5,-0.0015676158843555,6.468253949331859e-05,1.0,10.0,0.5250309943275715,1.0
2008-08-08,5489.2001953125,0.0021360466111364,6.607142705765981e-05,1.0,10.0,0.4867067394065252,1.0
2008-08-11,5541.7998046875,0.0095823813130222,7.023809448121085e-05,1.0,10.0,0.3660678945029779,1.0
2008-08-12,5534.5,-0.0013172263424827,7.242063681284586e-05,1.0,10.0,0.3756750093629614,1.0
2008-08-13,5448.60009765625,-0.0155208062776673,7.202381179446265e-05,1.0,10.0,0.6746584883220759,1.0
2008-08-14,5497.5,0.0089747644289006,7.261904932203745e-05,1.0,10.0,0.4770482065797955,1.0
2008-08-15,5454.7998046875,-0.0077672024215552,7.142856953636049e-05,1.0,10.0,0.6455942642094736,1.0
2008-08-18,5450.2001953125,-0.0008432223985649,6.904761942606123e-05,1.0,10.0,0.6578077875158793,1.0
2008-08-19,5320.39990234375,-0.023815692693341,7.003968197201925e-05,1.0,10.0,0.9383324841917836,1.0
2008-08-20,5371.7998046875,0.0096609095720618,6.626983956685142e-05,1.0,10.0,0.8923414378818008,1.0
2008-08-21,5370.2001953125,-0.0002977790374101,6.686507709442624e-05,1.0,10.0,0.8765433543140452,1.0
2008-08-22,5505.60009765625,0.025213194558731,6.607142705765981e-05,1.0,10.0,0.3695941648547414,1.0
2008-08-26,5470.7001953125,-0.0063389824405529,6.646825207604302e-05,1.0,10.0,0.4678537105291558,1.0
2008-08-27,5528.2001953125,0.0105105375815088,6.50793645117018e-05,1.0,10.0,0.3144323633044716,1.0
2008-08-28,5601.2001953125,0.0132050210594576,6.74603193525284e-05,1.0,10.0,0.2486661945475138,1.0
2008-08-29,5636.60009765625,0.0063200566145404,6.70634943341452e-05,1.0,10.0,0.2330669666831571,1.0
2008-09-01,5602.7998046875,-0.0059965745987203,6.70634943341452e-05,1.0,10.0,0.2191209844763531,1.0
2008-09-02,5620.7001953125,0.0031949009868288,6.547618953008501e-05,1.0,10.0,0.2026320773102649,1.0
2008-09-03,5499.7001953125,-0.021527566992616,6.607142705765981e-05,1.0,10.0,0.4409788853259008,1.0
2008-09-04,5362.10009765625,-0.0250195633888423,6.547618953008501e-05,1.0,10.0,0.8558176323469019,1.0
2008-09-05,5240.7001953125,-0.0226403648072167,6.50793645117018e-05,1.0,10.0,0.8370969969750758,1.0
2008-09-08,5446.2998046875,0.0392313243865574,6.626983956685142e-05,1.0,10.0,0.5679335503169819,1.0
2008-09-09,5415.60009765625,-0.0056368007880923,6.50793645117018e-05,1.0,10.0,0.6922202766077119,1.0
2008-09-10,5366.2001953125,-0.0091217780953082,6.428571447493539e-05,1.0,10.0,0.8401749593534316,1.0
2008-09-11,5318.39990234375,-0.0089076611436347,6.269841440140256e-05,1.0,10.0,0.903836014017728,1.0
2008-09-12,5416.7001953125,0.0184830578320052,5.793650945027671e-05,1.0,10.0,0.5878873803771599,1.0
2008-09-15,5204.2001953125,-0.0392305263975829,3.2142857237467695e-05,1.0,10.0,0.8740638437728994,1.0
2008-09-16,5025.60009765625,-0.0343184525870311,3.412698469464741e-05,1.0,10.0,0.764033568123917,1.0
2008-09-17,4912.39990234375,-0.0225247120966294,7.936507759113135e-07,1.0,10.0,0.7265895290084984,1.0
2008-09-18,4880.0,-0.0065955343595482,2.777777789604095e-06,1.0,10.0,0.7356280702042846,1.0
2008-09-19,5311.2998046875,0.0883811075179303,3.650793717021033e-05,1.0,10.0,0.5528326461993559,1.0
2008-09-22,5236.2998046875,-0.01412083722591,3.472222222222222e-05,1.0,10.0,0.7711990828787062,1.0
2008-09-23,5136.10009765625,-0.0191355939821382,3.174603221908449e-05,1.0,10.0,0.9231816229254252,1.0
2008-09-24,5095.60009765625,-0.0078853603375995,1.746031736570691e-05,1.0,10.0,0.920286705491918,1.0
2008-09-25,5197.0,0.0198995016093177,2.8174602323108248e-05,1.0,10.0,0.8219163374914521,1.0
2008-09-26,5088.5,-0.0208774292861265,3.293650727423411e-05,1.0,10.0,0.9354560186833952,1.0
2008-09-29,4818.7998046875,-0.053001905338017,1.785714238409012e-05,1.0,10.0,0.7549068477131592,1.0
2008-09-30,4902.5,0.0173695108128544,3.5714284768180245e-05,1.0,10.0,0.8465965340629541,1.0
2008-10-01,4959.60009765625,0.0116471387366139,3.174603221908449e-05,1.0,10.0,0.9172112878334994,1.0
2008-10-02,4870.2998046875,-0.0180055430297596,2.3412697371982395e-05,1.0,10.0,0.8533148439827558,1.0
2008-10-03,4980.2998046875,0.0225858785724297,1.865079360348837e-05,1.0,10.0,0.94574580878993,1.0
2008-10-06,4589.2001953125,-0.0785293305047406,1.626984112792545e-05,1.0,10.0,0.7052586244884861,1.0
2008-10-07,4605.2001953125,0.0034864462910864,3.115079469150967e-05,1.0,10.0,0.7345628551221318,1.0
2008-10-08,4366.7001953125,-0.0517892794851269,2.539682482916211e-05,1.0,10.0,0.6597793077120446,1.0
2008-10-09,4313.7998046875,-0.0121145002539415,2.3015872353599187e-05,1.0,10.0,0.6608275355035524,1.0
2008-10-10,3932.10009765625,-0.0884834077410092,8.333333073154326e-06,1.0,10.0,0.6008367073030482,1.0
2008-10-13,4256.89990234375,0.0826021201446776,8.333333073154326e-06,1.0,10.0,0.6954116623336566,1.0
2008-10-14,4394.2001953125,0.032253587380139,9.325396801744186e-06,1.0,10.0,0.7695980394021932,1.0
2008-10-15,4079.60009765625,-0.0715943934443061,7.93650805477112e-06,1.0,10.0,0.6606910132763448,1.0
2008-10-16,3861.39990234375,-0.0534856824417318,1.7261904856515307e-05,1.0,10.0,0.6230407856490284,1.0
2008-10-17,4063.0,0.0522090699629129,3.0952379817054386e-05,1.0,10.0,0.689533314563769,1.0
2008-10-20,4282.7001953125,0.0540733928901058,4.04761897193061e-05,1.0,10.0,0.773188929773511,1.0
2008-10-21,4229.7001953125,-0.0123753701129977,4.345238208770752e-05,1.0,10.0,0.7654689064992328,1.0
2008-10-22,4040.89990234375,-0.0446368026693676,4.007936470092289e-05,1.0,10.0,0.7037878678456164,1.0
2008-10-23,4087.800048828125,0.0116063618544899,3.6111112151827125e-05,1.0,10.0,0.7312313531266477,1.0
2008-10-24,3883.39990234375,-0.0500024815408893,3.25396822558509e-05,1.0,10.0,0.6699375368460433,1.0
2008-10-27,3852.60009765625,-0.007931144219505,2.8968254725138343e-05,1.0,10.0,0.6710287918132186,1.0
2008-10-28,3926.39990234375,0.0191558435386005,2.976190476190476e-05,1.0,10.0,0.7050984496677147,1.0
2008-10-29,4242.5,0.0805063430924504,2.2420634826024372e-05,1.0,10.0,0.7181149484954544,1.0
2008-10-30,4291.7001953125,0.0115969818061285,1.488095238095238e-05,1.0,10.0,0.6965970920002184,1.0
2008-10-31,4377.2998046875,0.0199453842252295,1.7261904856515307e-05,1.0,10.0,0.6328905724916457,1.0
2008-11-03,4443.2998046875,0.0150777883500972,1.6666666146308656e-05,1.0,10.0,0.5861313184133918,1.0
2008-11-04,4639.5,0.0441564161629419,1.845238109429677e-05,1.0,10.0,0.473499343289304,1.0
2008-11-05,4530.7001953125,-0.0234507607904946,1.5079364890143983e-05,1.0,10.0,0.5456209424351306,1.0
2008-11-06,4272.39990234375,-0.0570111200992706,1.2499999905389453e-05,1.0,10.0,0.8261358679317158,1.0
2008-11-07,4365.0,0.0216740239146273,1.150793617679959e-05,1.0,10.0,0.7604010452761194,1.0
2008-11-10,4403.89990234375,0.0089117760237686,7.93650805477112e-06,1.0,10.0,0.7229622614552393,1.0
2008-11-11,4246.7001953125,-0.0356955676825416,7.738094954263595e-06,1.0,10.0,0.8460101730363894,1.0
2008-11-12,4182.0,-0.0152354045109932,5.55555557920819e-06,1.0,10.0,0.8281797767757899,1.0
2008-11-13,4169.2001953125,-0.0030606897865853,7.539682445071992e-06,1.0,10.0,0.8285196954309723,1.0
2008-11-14,4233.0,0.0153026483974627,5.158729969509063e-06,1.0,10.0,0.8491827318491296,1.0
2008-11-17,4132.2001953125,-0.0238128525129931,3.571428713344389e-06,1.0,10.0,0.8206728449253886,1.0
2008-11-18,4208.60009765625,0.0184889160090591,4.365079341426725e-06,1.0,10.0,0.8491464165554926,1.0
2008-11-19,4005.699951171875,-0.0482108401312277,2.5793649847545317e-06,1.0,10.0,0.7607559815839348,1.0
2008-11-20,3875.0,-0.0326284925893259,1.9841269397782539e-07,1.0,10.0,0.7065755780127466,1.0
2008-11-21,3781.0,-0.0242580645161289,3.9682538795565474e-07,1.0,10.0,0.6819211180846239,1.0
2008-11-24,4153.0,0.0983866701930706,3.9682538795565474e-07,1.0,10.0,0.7732070274605953,1.0
2008-11-25,4171.2998046875,0.0044064061371298,3.96825402738556e-06,1.0,10.0,0.7647655190900714,1.0
2008-11-26,4152.7001953125,-0.0044589481087162,1.1904761638669722e-06,1.0,10.0,0.7912219238406749,1.0
2008-11-27,4226.10009765625,0.0176752230817438,1.1904761638669722e-06,1.0,10.0,0.7091461793950806,1.0
2008-11-28,4288.0,0.0146470506881932,7.936507759113135e-07,1.0,10.0,0.627380151893978,1.0
2008-12-01,4065.5,-0.0518889925373133,3.9682538795565474e-07,1.0,10.0,0.8385998397780741,1.0
2008-12-02,4122.89990234375,0.0141187805543598,1.984127013692778e-06,1.0,10.0,0.831176867415094,1.0
2008-12-03,4170.0,0.0114240216284355,5.952380819334841e-07,1.0,10.0,0.7883990715610386,1.0
2008-12-04,4163.60009765625,-0.0015347487634892,1.9841269397782539e-07,1.0,10.0,0.8046378528494361,1.0
2008-12-05,4049.39990234375,-0.027428233411942,3.9682538795565474e-07,1.0,10.0,0.8454749787963195,1.0
2008-12-08,4300.10009765625,0.061910456205473,1.9841269397782539e-07,1.0,10.0,0.5648908774561718,1.0
2008-12-09,4381.2998046875,0.0188832132246195,3.9682538795565474e-07,1.0,10.0,0.4852188531198052,1.0
2008-12-10,4367.2998046875,-0.0031953987684252,1.9841269397782539e-07,1.0,10.0,0.505245196500431,1.0
2008-12-11,4388.7001953125,0.0049001423263936,3.9682538795565474e-07,1.0,10.0,0.4892495881160962,1.0
2008-12-12,4280.39990234375,-0.0246770770727113,3.9682538795565474e-07,1.0,10.0,0.686949796324626,1.0
2008-12-15,4277.60009765625,-0.000654098857905,1.9841269397782539e-07,1.0,10.0,0.7036790968011559,1.0
2008-12-16,4309.10009765625,0.0073639422294897,9.92063506846389e-07,1.0,10.0,0.6361319839726858,1.0
2008-12-17,4324.2001953125,0.0035042345998095,1.9841269397782539e-07,1.0,10.0,0.6056672300380186,1.0
2008-12-18,4330.7001953125,0.001503168148192,1.9841269397782539e-07,1.0,10.0,0.5969798694069329,1.0
2008-12-19,4286.89990234375,-0.0101139056026456,1.9841269397782539e-07,1.0,10.0,0.7037442616140369,1.0
2008-12-22,4249.2001953125,-0.0087941654552369,1.9841269397782539e-07,1.0,10.0,0.7918760466591689,1.0
2008-12-23,4256.0,0.0016002551950837,1.9841269397782539e-07,1.0,10.0,0.7871967931145915,1.0
2008-12-24,4216.60009765625,-0.0092574958514449,1.9841269397782539e-07,1.0,10.0,0.8596087832283992,1.0
2008-12-29,4319.39990234375,0.0243797852076701,3.9682538795565474e-07,1.0,10.0,0.6043411309039578,1.0
2008-12-30,4392.7001953125,0.0169700177399587,3.571428713344389e-06,1.0,10.0,0.4591454298477204,1.0
2008-12-31,4434.2001953125,0.00944749201056,4.563492146276289e-06,1.0,10.0,0.4132458288412826,1.0
2009-01-02,4561.7998046875,0.0287762400781743,3.373015908494825e-06,1.0,20.0,0.4418116015219036,1.0
2009-01-05,4579.60009765625,0.0039020329104444,3.373015908494825e-06,1.0,20.0,0.4297469447869549,1.0
2009-01-06,4638.89990234375,0.0129486862221548,5.158729969509063e-06,1.0,20.0,0.4148706006302564,1.0
2009-01-07,4507.5,-0.0283256602017564,3.96825402738556e-06,1.0,20.0,0.483543664588135,1.0
2009-01-08,4505.39990234375,-0.0004659118483083,3.1746031036452616e-06,1.0,20.0,0.4885224335613012,1.0
2009-01-09,4448.5,-0.0126292678956534,2.5793649847545317e-06,1.0,20.0,0.6037991525923065,1.0
2009-01-12,4426.2001953125,-0.0050128818000449,2.5793649847545317e-06,1.0,20.0,0.6630190008294728,1.0
2009-01-13,4399.2001953125,-0.0061000403977646,4.166666536577163e-06,1.0,20.0,0.7177852296093574,1.0
2009-01-14,4180.60009765625,-0.0496908728748411,4.365079341426725e-06,1.0,20.0,0.740619469834436,1.0
2009-01-15,4121.10009765625,-0.0142324064990949,3.96825402738556e-06,1.0,20.0,0.7239023170875822,1.0
2009-01-16,4147.10009765625,0.0063089950216901,4.563492146276289e-06,1.0,20.0,0.7714887280648933,1.0
2009-01-19,4108.5,-0.0093077323303734,4.563492146276289e-06,1.0,20.0,0.7609383036698895,1.0
2009-01-20,4091.39990234375,-0.0041621267266034,3.96825402738556e-06,1.0,20.0,0.7684488044516167,1.0
2009-01-21,4059.89990234375,-0.0076990762946334,4.365079341426725e-06,1.0,20.0,0.7620150191977996,1.0
2009-01-22,4052.199951171875,-0.0018965864570773,3.96825402738556e-06,1.0,20.0,0.7743100465649873,1.0
2009-01-23,4052.5,7.404590882487128e-05,3.571428713344389e-06,1.0,20.0,0.7963678218746021,1.0
2009-01-26,4209.0,0.0386181369524984,3.96825402738556e-06,1.0,20.0,0.8518015189972213,1.0
2009-01-27,4194.39990234375,-0.0034687806263363,5.158729969509063e-06,1.0,20.0,0.8695699167928475,1.0
2009-01-28,4295.2001953125,0.0240321131307543,7.142857426688782e-06,1.0,20.0,0.6440015618706697,1.0
2009-01-29,4190.10009765625,-0.0244691965163694,8.730158682853456e-06,1.0,20.0,0.8783186145290781,1.0
2009-01-30,4149.60009765625,-0.0096656402129041,8.730158682853456e-06,1.0,20.0,0.8951684195412909,1.0
2009-02-02,4077.800048828125,-0.0173028839257736,9.722222411443312e-06,1.0,20.0,0.8474531071936154,1.0
2009-02-03,4164.5,0.021261452286458,1.2301587396197849e-05,1.0,20.0,0.8845286907146529,1.0
2009-02-04,4228.60009765625,0.0153920272916916,1.150793617679959e-05,1.0,20.0,0.7665068680889308,1.0
2009-02-05,4228.89990234375,7.089927649261973e-05,1.0714286140033176e-05,1.0,20.0,0.7613070112312623,1.0
2009-02-06,4291.89990234375,0.0148974914173503,1.0714286140033176e-05,1.0,20.0,0.6085308749469661,1.0
2009-02-09,4307.60009765625,0.0036580991331895,1.0912698649224782e-05,1.0,20.0,0.5826814277603724,1.0
2009-02-10,4213.10009765625,-0.0219379696020104,1.2103174887006245e-05,1.0,20.0,0.845920585785589,1.0
2009-02-11,4234.2998046875,0.0050318545821028,1.190476237781464e-05,1.0,20.0,0.7874669932663724,1.0
2009-02-12,4202.2001953125,-0.0075808541802979,1.130952366760799e-05,1.0,20.0,0.8460377954841715,1.0
2009-02-13,4189.60009765625,-0.002998452494078,1.150793617679959e-05,1.0,20.0,0.8772694756046526,1.0
2009-02-16,4134.7998046875,-0.0130800772606928,1.150793617679959e-05,1.0,20.0,0.8935968099300995,1.0
2009-02-17,4034.10009765625,-0.0243541916871258,1.130952366760799e-05,1.0,20.0,0.8034669563553537,1.0
2009-02-18,4006.800048828125,-0.0067673206334135,1.190476237781464e-05,1.0,20.0,0.7944412162704447,1.0
2009-02-19,4018.39990234375,0.002895041772553,1.190476237781464e-05,1.0,20.0,0.8276650968543975,1.0
2009-02-20,3889.10009765625,-0.0321769380424494,1.0515872448209727e-05,1.0,20.0,0.721715464085158,1.0
2009-02-23,3850.699951171875,-0.0098737871281627,1.0714286140033176e-05,1.0,20.0,0.7127184886906065,1.0
2009-02-24,3816.39990234375,-0.0089074841621161,1.1706348685991194e-05,1.0,20.0,0.7080799510463208,1.0
2009-02-25,3849.0,0.0085421073499738,1.1706348685991194e-05,1.0,20.0,0.7531936965505414,1.0
2009-02-26,3915.60009765625,0.0173032210070798,1.0515872448209727e-05,1.0,20.0,0.8376979314371268,1.0
2009-02-27,3830.10009765625,-0.0218357334425386,9.92063492063492e-06,1.0,20.0,0.7651166170497389,1.0
2009-03-02,3625.800048828125,-0.0533406552359145,9.126984292552583e-06,1.0,20.0,0.6525995770415334,1.0
2009-03-03,3512.10009765625,-0.0313585828343245,1.0515872448209727e-05,1.0,20.0,0.626218649388067,1.0
2009-03-04,3645.89990234375,0.0380968084528083,9.92063492063492e-06,1.0,20.0,0.7034549713905904,1.0
2009-03-05,3529.89990234375,-0.0318165619208113,7.93650805477112e-06,1.0,20.0,0.6573713677662695,1.0
2009-03-06,3530.699951171875,0.0002266491544402,7.341269935880387e-06,1.0,20.0,0.6706854857268221,1.0
2009-03-09,3542.39990234375,0.0033137766827202,7.93650805477112e-06,1.0,20.0,0.6893706759258456,1.0
2009-03-10,3715.199951171875,0.0487805029335608,9.325396801744186e-06,1.0,20.0,0.7951110800273582,1.0
2009-03-11,3693.800048828125,-0.0057600943758087,8.730158682853456e-06,1.0,20.0,0.7929180276849489,1.0
2009-03-12,3712.10009765625,0.0049542608116892,7.93650805477112e-06,1.0,20.0,0.8025733658673913,1.0
2009-03-13,3753.699951171875,0.0112065548937891,7.539682445071992e-06,1.0,20.0,0.8060727806889143,1.0
2009-03-16,3864.0,0.0293843541739904,8.730158682853456e-06,1.0,20.0,0.6927247983457449,1.0
2009-03-17,3857.10009765625,-0.0017856890123576,8.92857119204506e-06,1.0,20.0,0.7203279788940756,1.0
2009-03-18,3805.0,-0.0135075824679552,8.134920563962722e-06,1.0,20.0,0.8098079353786211,1.0
2009-03-19,3816.89990234375,0.0031274381980945,7.539682445071992e-06,1.0,20.0,0.8112924555623992,1.0
2009-03-20,3842.89990234375,0.006811810805946,7.93650805477112e-06,1.0,20.0,0.78345690219616,1.0
2009-03-23,3952.800048828125,0.0285982329171123,7.539682445071992e-06,1.0,20.0,0.5958171526247763,1.0
2009-03-24,3911.5,-0.010448302043603,8.134920563962722e-06,1.0,20.0,0.6973303237498097,1.0
2009-03-25,3900.300048828125,-0.0028633391721526,7.341269935880387e-06,1.0,20.0,0.7409594211381842,1.0
2009-03-26,3925.199951171875,0.0063840991800698,5.55555557920819e-06,1.0,20.0,0.6939341199123736,1.0
2009-03-27,3898.89990234375,-0.0067003080493448,4.96031746031746e-06,1.0,20.0,0.7773623827889583,1.0
2009-03-30,3762.89990234375,-0.0348816341548666,4.761904655467893e-06,1.0,20.0,0.853844552422842,1.0
2009-03-31,3926.10009765625,0.0433708574631097,7.93650805477112e-06,1.0,20.0,0.6914897492289607,1.0
2009-04-01,3955.60009765625,0.0075138175966553,8.333333073154326e-06,1.0,20.0,0.6351993238912598,1.0
2009-04-02,4125.0,0.0428253357674153,7.539682445071992e-06,1.0,20.0,0.4527190992038601,1.0
2009-04-03,4029.699951171875,-0.0231030421401514,7.93650805477112e-06,1.0,20.0,0.5351261267088262,1.0
2009-04-06,3993.5,-0.0089832869966777,7.341269935880387e-06,1.0,20.0,0.6240451748900475,1.0
2009-04-07,3930.5,-0.0157756354075372,7.539682445071992e-06,1.0,20.0,0.8078517790621785,1.0
2009-04-08,3925.5,-0.001272102785905,7.142857426688782e-06,1.0,20.0,0.8195231486113862,1.0
2009-04-09,3983.699951171875,0.014826124359158,6.944444326181258e-06,1.0,20.0,0.6510894481588588,1.0
2009-04-14,3989.0,0.0013304337407655,6.547619307798051e-06,1.0,20.0,0.6439237066472512,1.0
2009-04-15,3968.39990234375,-0.0051642260356605,5.55555557920819e-06,1.0,20.0,0.7200460606335697,1.0
2009-04-16,4053.0,0.0213184406153938,4.96031746031746e-06,1.0,20.0,0.5022171390788929,1.0
2009-04-17,4092.800048828125,0.0098198985512274,5.158729969509063e-06,1.0,20.0,0.4532562110452194,1.0
2009-04-20,3990.89990234375,-0.0248974162599395,4.761904655467893e-06,1.0,20.0,0.6946167083403505,1.0
2009-04-21,3987.5,-0.0008519137104273,5.55555557920819e-06,1.0,20.0,0.7019061513594046,1.0
2009-04-22,4030.699951171875,0.0108338435540751,5.357143070016588e-06,1.0,20.0,0.5664264300833849,1.0
2009-04-23,4018.199951171875,-0.0031011983405924,3.769841222535996e-06,1.0,20.0,0.615082656234913,1.0
2009-04-24,4156.0,0.0342939750392303,3.769841222535996e-06,1.0,20.0,0.4073756364407411,1.0
2009-04-27,4167.0,0.0026467757459094,3.571428713344389e-06,1.0,20.0,0.3992819001113692,1.0
2009-04-28,4096.39990234375,-0.016942668024058,4.761904655467893e-06,1.0,20.0,0.4650781380548525,1.0
2009-04-29,4189.60009765625,0.0227517326272699,3.769841222535996e-06,1.0,20.0,0.3881770851748629,1.0
2009-04-30,4243.7001953125,0.01291295025664,4.96031746031746e-06,1.0,20.0,0.3746822264653771,1.0
2009-05-01,4243.2001953125,-0.0001178217067624,5.753968088399794e-06,1.0,20.0,0.3675148024143149,1.0
2009-05-05,4336.89990234375,0.0220823205878339,6.944444326181258e-06,1.0,20.0,0.3698266875026822,1.0
2009-05-06,4396.5,0.0137425578174033,7.142857426688782e-06,1.0,20.0,0.3710599439582548,1.0
2009-05-07,4398.7001953125,0.0005004424684407,7.142857426688782e-06,1.0,20.0,0.3579754855615542,1.0
2009-05-08,4462.10009765625,0.014413326557539,6.547619307798051e-06,1.0,20.0,0.3635495075983351,1.0
2009-05-11,4435.5,-0.0059613404168638,6.150793698098924e-06,1.0,20.0,0.344541194635389,1.0
2009-05-12,4425.5,-0.0022545372562281,7.142857426688782e-06,1.0,20.0,0.3304392538568675,1.0
2009-05-13,4331.39990234375,-0.0212631561758558,6.746031816989654e-06,1.0,20.0,0.3105114055053823,1.0
2009-05-14,4362.60009765625,0.0072032589961543,6.150793698098924e-06,1.0,20.0,0.3063428974569614,1.0
2009-05-15,4348.10009765625,-0.003323705972452,6.150793698098924e-06,1.0,20.0,0.3006058120605929,1.0
2009-05-18,4446.5,0.0226305513060267,6.349206207290528e-06,1.0,20.0,0.3188460689507028,1.0
2009-05-19,4482.2998046875,0.008051232359721,6.944444326181258e-06,1.0,20.0,0.3213106695059807,1.0
2009-05-20,4468.39990234375,-0.0031010648438137,6.746031816989654e-06,1.0,20.0,0.3063124266802841,1.0
2009-05-21,4345.5,-0.0275042308275244,6.944444326181258e-06,1.0,20.0,0.3148562951440472,1.0
2009-05-22,4365.2998046875,0.0045563927482452,6.944444326181258e-06,1.0,20.0,0.2976884721064872,1.0
2009-05-26,4411.7001953125,0.0106293708796758,6.547619307798051e-06,1.0,20.0,0.2875590200260625,1.0
2009-05-27,4416.2001953125,0.0010200149150618,6.349206207290528e-06,1.0,20.0,0.2825922050577053,1.0
2009-05-28,4387.5,-0.0064988438121449,5.357143070016588e-06,1.0,20.0,0.2842152806057094,1.0
2009-05-29,4417.89990234375,0.00692875267094,5.158729969509063e-06,1.0,20.0,0.2740247752523736,1.0
2009-06-01,4506.2001953125,0.0199869383464088,3.373015908494825e-06,1.0,20.0,0.2973820188455401,1.0
2009-06-02,4477.0,-0.0064800040048986,5.158729969509063e-06,1.0,20.0,0.2800402021013916,0.0
2009-06-03,4383.39990234375,-0.0209068790833705,5.158729969509063e-06,1.0,20.0,0.299156040243467,0.0
2009-06-04,4386.89990234375,0.0007984669612572,5.357143070016588e-06,0.0,20.0,0.2898667787576551,0.0
2009-06-05,4438.60009765625,0.0117851322034676,7.142857426688782e-06,0.0,20.0,0.264772716328335,0.0
2009-06-08,4405.2001953125,-0.0075248730700894,6.746031816989654e-06,0.0,20.0,0.2726186605492611,0.0
2009-06-09,4404.7998046875,-9.089044929810886e-05,6.944444326181258e-06,0.0,20.0,0.2691804704751253,0.0
2009-06-10,4436.7998046875,0.007264802356272,6.944444326181258e-06,0.0,20.0,0.2545315314564034,0.0
2009-06-11,4461.89990234375,0.0056572526959028,6.746031816989654e-06,0.0,20.0,0.2500557310812961,0.0
2009-06-12,4442.0,-0.0044599616260546,6.547619307798051e-06,0.0,20.0,0.246281483652812,0.0
2009-06-15,4326.0,-0.0261143628995947,6.150793698098924e-06,0.0,20.0,0.4345073399765584,0.0
2009-06-16,4328.60009765625,0.0006010396801316,6.547619307798051e-06,0.0,20.0,0.4203983885384106,0.0
2009-06-17,4278.5,-0.0115742033280868,6.547619307798051e-06,0.0,20.0,0.5357842122962316,0.0
2009-06-18,4280.89990234375,0.0005609214312842,6.746031816989654e-06,0.0,20.0,0.5184199516708418,0.0
2009-06-19,4345.89990234375,0.0151837233952638,6.746031816989654e-06,0.0,20.0,0.3298137055624803,0.0
2009-06-22,4234.10009765625,-0.0257253519868707,7.341269935880387e-06,0.0,20.0,0.6242453118109965,0.0
2009-06-23,4230.0,-0.0009683516123105,7.738094954263595e-06,0.0,20.0,0.6302407751696625,0.0
2009-06-24,4280.0,0.011820330969267,7.142857426688782e-06,0.0,20.0,0.4902131208442126,0.0
2009-06-25,4252.60009765625,-0.0064018463419976,6.547619307798051e-06,0.0,20.0,0.5709899539105313,0.0
2009-06-26,4241.0,-0.0027277659290473,6.944444326181258e-06,0.0,20.0,0.5983690946089106,0.0
2009-06-29,4294.0,0.0124970525819381,6.349206207290528e-06,0.0,20.0,0.4034948681357378,0.0
2009-06-30,4249.2001953125,-0.0104331170674196,7.142857426688782e-06,0.0,20.0,0.5655635425337302,0.0
2009-07-01,4340.7001953125,0.0215334641330708,6.547619307798051e-06,0.0,20.0,0.3011923030802485,0.0
2009-07-02,4234.2998046875,-0.0245122643438727,6.150793698098924e-06,0.0,20.0,0.6268623251503054,0.0
2009-07-03,4236.2998046875,0.0004723331110816,6.150793698098924e-06,0.0,20.0,0.6123128354284614,0.0
2009-07-06,4194.89990234375,-0.0097726563870528,6.150793698098924e-06,0.0,20.0,0.7108648586470833,0.0
2009-07-07,4187.0,-0.0018832159354591,7.142857426688782e-06,0.0,20.0,0.7145463429051456,0.0
2009-07-08,4140.2001953125,-0.0111774073770002,6.944444326181258e-06,0.0,20.0,0.7498730522858946,0.0
2009-07-09,4158.7001953125,0.0044683829591007,6.944444326181258e-06,0.0,20.0,0.745155343736437,0.0
2009-07-10,4127.2001953125,-0.0075744820546346,6.547619307798051e-06,0.0,20.0,0.7568378921281541,0.0
2009-07-13,4202.10009765625,0.0181478723588011,6.746031816989654e-06,0.0,20.0,0.6383357949647638,0.0
2009-07-14,4237.7001953125,0.0084719775419215,6.944444326181258e-06,0.0,20.0,0.4954816409964135,0.0
2009-07-15,4346.5,0.0256742571850288,6.944444326181258e-06,0.0,20.0,0.3210200557707684,0.0
2009-07-16,4361.7998046875,0.0035200286868743,6.547619307798051e-06,0.0,20.0,0.3075012026071554,0.0
2009-07-17,4388.7998046875,0.0061901052797022,6.547619307798051e-06,0.0,20.0,0.2981986990519072,0.0
2009-07-20,4443.60009765625,0.0124863961464407,6.349206207290528e-06,0.0,20.0,0.3032194750596536,0.0
2009-07-21,4481.2001953125,0.0084616294963359,7.142857426688782e-06,0.0,20.0,0.3041257778146157,0.0
2009-07-22,4493.7001953125,0.0027894312807259,7.142857426688782e-06,0.0,20.0,0.2938056338302403,0.0
2009-07-23,4559.7998046875,0.0147093945973411,7.142857426688782e-06,0.0,20.0,0.3140515912079826,0.0
2009-07-24,4576.60009765625,0.0036844365297528,7.142857426688782e-06,0.0,20.0,0.3059320066479507,0.0
2009-07-27,4586.10009765625,0.0020757767332271,7.142857426688782e-06,0.0,20.0,0.2947945502638245,0.0
2009-07-28,4528.7998046875,-0.0124943397982162,7.341269935880387e-06,0.0,20.0,0.2466832425133545,0.0
2009-07-29,4547.5,0.0041291724339733,6.944444326181258e-06,0.0,20.0,0.2469936513878984,0.0
2009-07-30,4631.60009765625,0.0184936993196811,6.944444326181258e-06,0.0,20.0,0.2898809165569301,0.0
2009-07-31,4608.39990234375,-0.0050091102045359,6.944444326181258e-06,0.0,20.0,0.262173028638119,0.0
2009-08-03,4682.5,0.0160793549228581,6.944444326181258e-06,0.0,20.0,0.2948267767134714,0.0
2009-08-04,4671.39990234375,-0.0023705494193806,6.944444326181258e-06,0.0,20.0,0.2757959501244867,0.0
2009-08-05,4647.10009765625,-0.0052018249765575,6.944444326181258e-06,0.0,20.0,0.2489845396498184,0.0
2009-08-06,4690.5,0.0093391365435917,6.746031816989654e-06,0.0,20.0,0.2655253415030046,0.0
2009-08-07,4731.60009765625,0.0087624128890844,6.746031816989654e-06,0.0,20.0,0.2790750204520373,0.0
2009-08-10,4722.2001953125,-0.0019866223158643,6.349206207290528e-06,0.0,20.0,0.2636370437204491,0.0
2009-08-11,4671.2998046875,-0.0107789565286805,7.142857426688782e-06,0.0,20.0,0.2251033383729705,0.0
2009-08-12,4716.7998046875,0.0097403296517903,6.746031816989654e-06,0.0,20.0,0.2463737213740997,0.0
2009-08-13,4755.5,0.0082047568086396,6.547619307798051e-06,0.0,20.0,0.259782251107892,0.0
2009-08-14,4714.0,-0.0087267374618862,6.746031816989654e-06,0.0,20.0,0.227116663156705,0.0
2009-08-17,4645.0,-0.0146372507424692,6.746031816989654e-06,0.0,20.0,0.2070757159585287,0.0
2009-08-18,4685.7998046875,0.0087835962728739,6.944444326181258e-06,0.0,20.0,0.2108228390141188,0.0
2009-08-19,4689.7001953125,0.0008323852463987,6.547619307798051e-06,0.0,20.0,0.2113449473658591,0.0
2009-08-20,4756.60009765625,0.0142652833992711,6.349206207290528e-06,0.0,20.0,0.2431923477313023,0.0
2009-08-21,4850.89990234375,0.0198250436764622,6.349206207290528e-06,0.0,20.0,0.2903158923859818,0.0
2009-08-24,4896.2001953125,0.0093385338557208,6.150793698098924e-06,0.0,20.0,0.3016611991197118,0.0
2009-08-25,4916.7998046875,0.0042072645221331,6.150793698098924e-06,0.0,20.0,0.3021157654995672,0.0
2009-08-26,4890.60009765625,-0.0053286096794651,5.753968088399794e-06,0.0,20.0,0.2776517617279187,0.0
2009-08-27,4869.39990234375,-0.0043348862898563,5.55555557920819e-06,0.0,20.0,0.25590233254767,0.0
2009-08-28,4908.89990234375,0.008111882530122,5.158729969509063e-06,0.0,20.0,0.2674676265436878,0.0
2009-09-01,4819.7001953125,-0.0181710177037143,5.158729969509063e-06,0.0,20.0,0.2222787903522868,0.0
2009-09-02,4817.60009765625,-0.0004357320105289,5.158729969509063e-06,0.0,20.0,0.2202550042407449,0.0
2009-09-03,4796.7998046875,-0.0043175632155249,4.96031746031746e-06,0.0,20.0,0.2097950821415543,0.0
2009-09-04,4851.7001953125,0.0114452119872401,4.96031746031746e-06,0.0,20.0,0.2226396431622064,0.0
2009-09-07,4933.2001953125,0.016798234993733,4.96031746031746e-06,0.0,20.0,0.2617735629108074,0.0
2009-09-08,4947.2998046875,0.0028581060603212,4.96031746031746e-06,0.0,20.0,0.2596805050256072,0.0
2009-09-09,5004.2998046875,0.0115214363896025,5.357143070016588e-06,0.0,20.0,0.2828805675824634,0.0
2009-09-10,4987.7001953125,-0.0033170693249535,5.357143070016588e-06,0.0,20.0,0.2646718822291987,0.0
2009-09-11,5011.5,0.0047716991309676,5.357143070016588e-06,0.0,20.0,0.2673397797512046,0.0
2009-09-14,5018.89990234375,0.001476584324803,5.158729969509063e-06,0.0,20.0,0.2662326656956307,0.0
2009-09-15,5042.10009765625,0.004622565853857,4.96031746031746e-06,0.0,20.0,0.270328535366043,0.0
2009-09-16,5124.10009765625,0.016263064677775,3.769841222535996e-06,0.0,20.0,0.301257823817103,0.0
2009-09-17,5164.0,0.0077867140733647,3.769841222535996e-06,0.0,20.0,0.3089064868773842,0.0
2009-09-18,5172.89990234375,0.0017234512671862,3.1746031036452616e-06,0.0,20.0,0.3037654379820996,0.0
2009-09-21,5134.39990234375,-0.0074426338662684,3.571428713344389e-06,0.0,20.0,0.2794486031822363,0.0
2009-09-22,5142.60009765625,0.0015971088089099,3.769841222535996e-06,0.0,20.0,0.2721509118471276,0.0
2009-09-23,5139.39990234375,-0.0006222913024014,3.769841222535996e-06,0.0,20.0,0.2626964766054614,0.0
2009-09-24,5079.2998046875,-0.011693991282687,3.571428713344389e-06,0.0,20.0,0.23548616504512,0.0
2009-09-25,5082.2001953125,0.0005710217424699,3.571428713344389e-06,0.0,20.0,0.2326136697193699,0.0
2009-09-28,5165.7001953125,0.0164298919347991,3.571428713344389e-06,0.0,20.0,0.2609507037676683,0.0
2009-09-29,5159.7001953125,-0.0011615075929967,4.761904655467893e-06,0.0,20.0,0.2521533233498804,0.0
2009-09-30,5133.89990234375,-0.0050003473054867,4.563492146276289e-06,0.0,20.0,0.2369994419415723,0.0
2009-10-01,5047.7998046875,-0.0167708952831244,3.769841222535996e-06,0.0,20.0,0.2250884649493031,0.0
2009-10-02,4988.7001953125,-0.0117079939105585,3.571428713344389e-06,0.0,20.0,0.2457312986586573,0.0
2009-10-05,5024.2998046875,0.0071360490671397,3.571428713344389e-06,0.0,20.0,0.2152417239749655,0.0
2009-10-06,5138.0,0.0226300578652614,2.777777789604095e-06,0.0,20.0,0.2369591652612434,0.0
2009-10-07,5108.89990234375,-0.0056637013733457,2.3809523277339444e-06,0.0,20.0,0.2202449856268122,0.0
2009-10-08,5154.60009765625,0.0089452125087701,2.3809523277339444e-06,0.0,20.0,0.2337575269090349,0.0
2009-10-09,5161.89990234375,0.0014161728454586,2.5793649847545317e-06,0.0,20.0,0.2321939248982092,0.0
2009-10-12,5210.2001953125,0.0093570766350621,2.3809523277339444e-06,0.0,20.0,0.2498209702574043,0.0
2009-10-13,5154.2001953125,-0.0107481474608944,2.3809523277339444e-06,0.0,20.0,0.2197088416630519,0.0
2009-10-14,5256.10009765625,0.0197702647321349,2.5793649847545317e-06,0.0,20.0,0.263248574282835,0.0
2009-10-15,5223.0,-0.0062974633361738,2.182539670713361e-06,0.0,20.0,0.2403634098608985,0.0
2009-10-16,5190.2001953125,-0.006279878362531,2.3809523277339444e-06,0.0,20.0,0.2234916621829617,0.0
2009-10-19,5281.5,0.0175908059904812,2.3809523277339444e-06,0.0,20.0,0.2587215344765767,0.0
2009-10-20,5243.39990234375,-0.0072138781891981,2.9761905944536585e-06,0.0,20.0,0.2365048394868189,0.0
2009-10-21,5257.89990234375,0.0027653812926835,2.5793649847545317e-06,0.0,20.0,0.2358670034976442,0.0
2009-10-22,5207.39990234375,-0.0096045951687838,1.984127013692778e-06,0.0,20.0,0.2148481825692833,0.0
2009-10-23,5242.60009765625,0.0067596489558363,1.984127013692778e-06,0.0,20.0,0.2221390591444703,0.0
2009-10-26,5191.7001953125,-0.0097089042451483,1.984127013692778e-06,0.0,20.0,0.2087675557793674,0.0
2009-10-27,5201.0,0.0017912830744535,2.777777789604095e-06,0.0,20.0,0.2062208427917854,0.0
2009-10-28,5080.39990234375,-0.023187867267112,2.3809523277339444e-06,0.0,20.0,0.2728014044838344,0.0
2009-10-29,5137.7001953125,0.0112786973604805,1.984127013692778e-06,0.0,20.0,0.208830122989302,0.0
2009-10-30,5044.60009765625,-0.0181209673817075,1.7857143566721944e-06,0.0,20.0,0.299409142943679,0.0
2009-11-02,5104.5,0.0118740635896152,1.5873015518226308e-06,0.0,20.0,0.2122237601497236,0.0
2009-11-03,5037.2001953125,-0.0131844068346557,1.984127013692778e-06,0.0,20.0,0.2824781094204385,0.0
2009-11-04,5107.89990234375,0.0140355166143766,1.7857143566721944e-06,0.0,20.0,0.1957202704705131,0.0
2009-11-05,5125.60009765625,0.0034652588443204,1.3888888948020476e-06,0.0,20.0,0.1861564149066052,0.0
2009-11-06,5142.7001953125,0.0033362137760355,1.7857143566721944e-06,0.0,20.0,0.1840716211055735,0.0
2009-11-09,5235.2001953125,0.0179866600204134,1.7857143566721944e-06,0.0,20.0,0.2229082525438732,0.0
2009-11-10,5230.60009765625,-0.0008786861026572,2.3809523277339444e-06,0.0,20.0,0.2087836179896881,0.0
2009-11-11,5266.7998046875,0.0069207560041668,2.3809523277339444e-06,0.0,20.0,0.2213239475344905,0.0
2009-11-12,5276.5,0.0018417626779485,2.182539670713361e-06,0.0,20.0,0.2180951523811581,0.0
2009-11-13,5296.39990234375,0.0037714208933479,2.182539670713361e-06,0.0,20.0,0.2248502343257009,0.0
2009-11-16,5382.7001953125,0.0162941421644844,2.182539670713361e-06,0.0,20.0,0.2668685693151514,0.0
2009-11-17,5345.89990234375,-0.006836771812184,2.182539670713361e-06,0.0,20.0,0.2352188789671143,0.0
2009-11-18,5342.10009765625,-0.0007107885962911,1.1904761638669722e-06,0.0,20.0,0.2237587880517714,0.0
2009-11-19,5267.7001953125,-0.0139270887822546,1.9841269397782539e-07,0.0,20.0,0.1914501537935161,0.0
2009-11-20,5251.39990234375,-0.0030943850948949,3.9682538795565474e-07,0.0,20.0,0.1873443116925293,0.0
2009-11-23,5355.5,0.0198233041840498,7.936507759113135e-07,0.0,20.0,0.2239861724309988,0.0
2009-11-24,5324.0,-0.0058818037531509,1.5873015518226308e-06,0.0,20.0,0.2039643266978702,0.0
2009-11-25,5364.7998046875,0.0076633742839031,1.5873015518226308e-06,0.0,20.0,0.2173219408909522,0.0
2009-11-26,5194.10009765625,-0.0318184672766541,1.5873015518226308e-06,0.0,20.0,0.2487993915173613,0.0
2009-11-27,5245.7001953125,0.0099343672024214,9.92063506846389e-07,0.0,20.0,0.2006585884487317,0.0
2009-11-30,5190.7001953125,-0.0104847776182762,1.984127013692778e-06,0.0,20.0,0.2391987129784869,0.0
2009-12-01,5312.2001953125,0.0234072466966444,1.984127013692778e-06,0.0,20.0,0.2054989116211303,0.0
2009-12-02,5327.39990234375,0.0028612827966578,1.5873015518226308e-06,0.0,20.0,0.2056352627146528,0.0
2009-12-03,5313.0,-0.0027029888140018,1.5873015518226308e-06,0.0,20.0,0.1968741881624014,0.0
2009-12-04,5322.39990234375,0.0017692268668831,1.5873015518226308e-06,0.0,20.0,0.194819050126316,0.0
2009-12-07,5310.7001953125,-0.0021982014215237,5.952380819334841e-07,0.0,20.0,0.1858498926245405,0.0
2009-12-08,5223.10009765625,-0.0164950184409902,9.92063506846389e-07,0.0,20.0,0.2198169771994724,0.0
2009-12-09,5203.89990234375,-0.0036760151928001,9.92063506846389e-07,0.0,20.0,0.2326470026934882,0.0
2009-12-10,5244.39990234375,0.0077826247160825,9.92063506846389e-07,0.0,20.0,0.1838275186844911,0.0
2009-12-11,5261.60009765625,0.0032797261140999,7.936507759113135e-07,0.0,20.0,0.1759161219655516,0.0
2009-12-14,5315.2998046875,0.0102059651122421,7.936507759113135e-07,0.0,20.0,0.1780941215775981,0.0
2009-12-15,5285.7998046875,-0.0055500161955087,1.5873015518226308e-06,0.0,20.0,0.1689803440684751,0.0
2009-12-16,5320.2998046875,0.0065269214262342,1.3888888948020476e-06,0.0,20.0,0.1732562423588237,0.0
2009-12-17,5217.60009765625,-0.0193033683817527,1.5873015518226308e-06,0.0,20.0,0.2189900929660978,0.0
2009-12-18,5196.7998046875,-0.0039865632818608,1.5873015518226308e-06,0.0,20.0,0.2503196424055461,0.0
2009-12-21,5294.0,0.0187038560201655,1.7857143566721944e-06,0.0,20.0,0.1780346496256195,0.0
2009-12-22,5328.7001953125,0.0065546269951832,2.777777789604095e-06,0.0,20.0,0.1841592260401312,0.0
2009-12-23,5372.39990234375,0.0082008192297422,2.182539670713361e-06,0.0,20.0,0.1984701397988707,0.0
2009-12-24,5402.39990234375,0.0055840965946918,1.5873015518226308e-06,0.0,20.0,0.2079558347495281,0.0
2009-12-29,5437.60009765625,0.006515658956907,3.769841222535996e-06,0.0,20.0,0.2220720525233963,0.0
2009-12-30,5397.89990234375,-0.0073010509415011,1.5873015518226308e-06,0.0,20.0,0.1889968791523686,0.0
2009-12-31,5412.89990234375,0.0027788584952246,1.984127013692778e-06,0.0,20.0,0.1911743504528341,0.0
2010-01-04,5500.2998046875,0.0161465949713768,2.182539670713361e-06,0.0,20.0,0.2161085426986422,0.0
2010-01-05,5522.5,0.0040361791358318,2.3809523277339444e-06,0.0,20.0,0.2194657719152148,0.0
2010-01-06,5530.0,0.0013580805794477,1.7857143566721944e-06,0.0,20.0,0.2154859692939608,0.0
2010-01-07,5526.7001953125,-0.0005967097084086,1.7857143566721944e-06,0.0,20.0,0.2023690689881499,0.0
2010-01-08,5534.2001953125,0.0013570484620029,1.5873015518226308e-06,0.0,20.0,0.2001413969490877,0.0
2010-01-11,5538.10009765625,0.0007046912301895,9.92063506846389e-07,0.0,20.0,0.1888147402283677,0.0
2010-01-12,5498.7001953125,-0.0071143355390821,1.5873015518226308e-06,0.0,20.0,0.1614288736549584,0.0
2010-01-13,5473.5,-0.0045829367700356,1.984127013692778e-06,0.0,20.0,0.1488767695277339,0.0
2010-01-14,5498.2001953125,0.0045126875513838,1.7857143566721944e-06,0.0,20.0,0.1538420424815238,0.0
2010-01-15,5455.39990234375,-0.0077844188003993,2.182539670713361e-06,0.0,20.0,0.1446161076739658,0.0
2010-01-18,5494.39990234375,0.0071488801367696,2.182539670713361e-06,0.0,20.0,0.1468497191874414,0.0
2010-01-19,5513.10009765625,0.0034035009545851,1.984127013692778e-06,0.0,20.0,0.1522896570087368,0.0
2010-01-20,5420.7998046875,-0.0167419947640691,1.984127013692778e-06,0.0,20.0,0.1592640630355247,0.0
2010-01-21,5335.10009765625,-0.0158094211406116,1.5873015518226308e-06,0.0,20.0,0.2748083943838717,0.0
2010-01-22,5303.0,-0.00601677514361,1.7857143566721944e-06,0.0,20.0,0.313343618796214,0.0
2010-01-25,5260.2998046875,-0.0080520828422591,1.7857143566721944e-06,0.0,20.0,0.3820399635159184,0.0
2010-01-26,5276.89990234375,0.003155732234398,2.5793649847545317e-06,0.0,20.0,0.314498756586147,0.0
2010-01-27,5217.5,-0.0112565906958681,2.777777789604095e-06,0.0,20.0,0.4226989519261289,0.0
2010-01-28,5145.7001953125,-0.0137613425371346,2.777777789604095e-06,0.0,20.0,0.5226289967855335,0.0
2010-01-29,5188.5,0.0083175861521214,2.777777789604095e-06,0.0,20.0,0.44309156364439,0.0
2010-02-01,5247.39990234375,0.0113520097029489,3.373015908494825e-06,0.0,20.0,0.2681364556256373,0.0
2010-02-02,5283.2998046875,0.0068414649182189,3.571428713344389e-06,0.0,20.0,0.171555337889905,0.0
2010-02-03,5253.2001953125,-0.0056971231025532,3.571428713344389e-06,0.0,20.0,0.231754516990528,0.0
2010-02-04,5139.2998046875,-0.0216820959396587,3.373015908494825e-06,0.0,20.0,0.5163762834429885,0.0
2010-02-05,5060.89990234375,-0.0152549773944384,3.373015908494825e-06,0.0,20.0,0.6022958928405748,0.0
2010-02-08,5092.2998046875,0.0062044108655869,3.571428713344389e-06,0.0,20.0,0.5680490876396239,0.0
2010-02-09,5111.7998046875,0.0038293110672804,3.96825402738556e-06,0.0,20.0,0.5201363083350132,0.0
2010-02-10,5132.0,0.0039516796596721,3.96825402738556e-06,0.0,20.0,0.4543536103162298,0.0
2010-02-11,5161.5,0.0057482462977396,3.769841222535996e-06,0.0,20.0,0.3468867661988179,0.0
2010-02-12,5142.5,-0.003681100455294,3.571428713344389e-06,0.0,20.0,0.3997457605467359,0.0
2010-02-15,5167.5,0.004861448711716,3.571428713344389e-06,0.0,20.0,0.3108424025905498,0.0
2010-02-16,5244.10009765625,0.014823434476294,3.373015908494825e-06,0.0,20.0,0.1551406906715443,0.0
2010-02-17,5276.60009765625,0.0061974408182112,3.571428713344389e-06,0.0,20.0,0.1434101820955932,0.0
2010-02-18,5325.10009765625,0.009191524675433,3.373015908494825e-06,0.0,20.0,0.1560036744822764,0.0
2010-02-19,5358.2001953125,0.0062158639366831,3.769841222535996e-06,0.0,20.0,0.1692341553680348,0.0
2010-02-22,5352.10009765625,-0.0011384601981812,3.373015908494825e-06,0.0,20.0,0.1417807472662531,0.0
2010-02-23,5315.10009765625,-0.0069131741419041,4.563492146276289e-06,0.0,20.0,0.1139153549735066,0.0
2010-02-24,5342.89990234375,0.0052303445234753,4.365079341426725e-06,0.0,20.0,0.116852797086067,0.0
2010-02-25,5278.2001953125,-0.0121094739212442,4.563492146276289e-06,0.0,20.0,0.1334300441557626,0.0
2010-02-26,5354.5,0.0144556481118811,4.563492146276289e-06,0.0,20.0,0.1182943808644043,0.0
2010-03-01,5405.89990234375,0.0095993841336725,4.761904655467893e-06,0.0,20.0,0.1485050558136177,0.0
2010-03-02,5484.10009765625,0.0144657127814364,4.96031746031746e-06,0.0,20.0,0.2055285946376862,0.0
2010-03-03,5533.2001953125,0.0089531731335892,5.357143070016588e-06,0.0,20.0,0.2278053432218244,0.0
2010-03-04,5527.2001953125,-0.0010843634403618,5.357143070016588e-06,0.0,20.0,0.2049636265533294,0.0
2010-03-05,5599.7998046875,0.0131349701131813,5.753968088399794e-06,0.0,20.0,0.2444408548477116,0.0
2010-03-08,5606.7001953125,0.0012322566637514,5.753968088399794e-06,0.0,20.0,0.2307670387140885,0.0
2010-03-09,5602.2998046875,-0.000784845001821,5.952381188907317e-06,0.0,20.0,0.2141849391132617,0.0
2010-03-10,5640.60009765625,0.0068365304078699,5.753968088399794e-06,0.0,20.0,0.2308942181332807,0.0
2010-03-11,5617.2998046875,-0.0041308180983139,5.753968088399794e-06,0.0,20.0,0.1996496665953039,0.0
2010-03-12,5625.7001953125,0.0014954499345023,5.55555557920819e-06,0.0,20.0,0.1889309976561641,0.0
2010-03-15,5593.89990234375,-0.0056526817755497,5.753968088399794e-06,0.0,20.0,0.149605521374222,0.0
2010-03-16,5620.39990234375,0.0047373032164728,6.150793698098924e-06,0.0,20.0,0.1613923097260989,0.0
2010-03-17,5644.60009765625,0.0043057781889164,5.952381188907317e-06,0.0,20.0,0.1715234336627524,0.0
2010-03-18,5642.60009765625,-0.0003543209377809,5.753968088399794e-06,0.0,20.0,0.1628594458751878,0.0
2010-03-19,5650.10009765625,0.0013291744710235,5.753968088399794e-06,0.0,20.0,0.1568297288892151,0.0
2010-03-22,5644.5,-0.0009911501671577,5.55555557920819e-06,0.0,20.0,0.1545907858489693,0.0
2010-03-23,5673.60009765625,0.0051554783694303,5.158729969509063e-06,0.0,20.0,0.1662403532698692,0.0
2010-03-24,5677.89990234375,0.0007578617832575,5.357143070016588e-06,0.0,20.0,0.1656223290179849,0.0
2010-03-25,5727.7001953125,0.0087709001259768,5.158729969509063e-06,0.0,20.0,0.1935428124086235,0.0
2010-03-26,5703.0,-0.0043124106482937,5.158729969509063e-06,0.0,20.0,0.1645223594730142,0.0
2010-03-29,5710.7001953125,0.0013502008263195,4.96031746031746e-06,0.0,20.0,0.1617441527184462,0.0
2010-03-30,5672.2998046875,-0.0067242876200225,5.952381188907317e-06,0.0,20.0,0.131200400412633,0.0
2010-03-31,5679.60009765625,0.0012870076018756,5.952381188907317e-06,0.0,20.0,0.1333124213353657,0.0
2010-04-01,5744.89990234375,0.011497253955335,5.952381188907317e-06,0.0,20.0,0.1693256245925387,0.0
2010-04-06,5780.39990234375,0.0061793940022378,6.547619307798051e-06,0.0,20.0,0.187668935946691,0.0
2010-04-07,5762.10009765625,-0.0031658371387212,6.349206207290528e-06,0.0,20.0,0.1654443438338383,0.0
2010-04-08,5712.7001953125,-0.0085732461266758,6.150793698098924e-06,0.0,20.0,0.1342916374036758,0.0
2010-04-09,5771.0,0.0102052974415387,5.952381188907317e-06,0.0,20.0,0.1643706428225834,0.0
2010-04-12,5777.7001953125,0.0011610111440825,5.357143070016588e-06,0.0,20.0,0.1608283897298897,0.0
2010-04-13,5761.7001953125,-0.0027692679542252,5.952381188907317e-06,0.0,20.0,0.1489274916947525,0.0
2010-04-14,5796.2998046875,0.0060051040842334,6.150793698098924e-06,0.0,20.0,0.16378718333895,0.0
2010-04-15,5825.0,0.0049514683987343,5.952381188907317e-06,0.0,20.0,0.1800197641112136,0.0
2010-04-16,5744.0,-0.0139055793991416,5.952381188907317e-06,0.0,20.0,0.1362090296643159,0.0
2010-04-19,5727.89990234375,-0.0028029417925226,5.952381188907317e-06,0.0,20.0,0.1354794321112315,0.0
2010-04-20,5783.7001953125,0.0097418414986472,5.753968088399794e-06,0.0,20.0,0.1482198000578375,0.0
2010-04-21,5723.39990234375,-0.010425902265408,5.753968088399794e-06,0.0,20.0,0.1271112250567122,0.0
2010-04-22,5665.2998046875,-0.0101513258985201,5.952381188907317e-06,0.0,20.0,0.1549670817706047,0.0
2010-04-23,5723.7001953125,0.0103084377947093,6.150793698098924e-06,0.0,20.0,0.1149721940670629,0.0
2010-04-26,5753.89990234375,0.0052762559185022,5.952381188907317e-06,0.0,20.0,0.113780524834364,0.0
2010-04-27,5603.5,-0.0261387762902318,5.753968088399794e-06,0.0,20.0,0.2522558669427583,0.0
2010-04-28,5586.60009765625,-0.0030159547325332,6.150793698098924e-06,0.0,20.0,0.2601659867235066,0.0
2010-04-29,5617.7998046875,0.0055847396423343,6.349206207290528e-06,0.0,20.0,0.1747178215801346,0.0
2010-04-30,5553.2998046875,-0.0114813632102341,6.150793698098924e-06,0.0,20.0,0.2974489416655682,0.0
2010-05-04,5411.10009765625,-0.0256063443416507,6.150793698098924e-06,0.0,20.0,0.5322803417948629,0.0
2010-05-05,5341.89990234375,-0.01278856315049,5.753968088399794e-06,0.0,20.0,0.577891155106067,0.0
2010-05-06,5261.0,-0.0151444062641936,3.96825402738556e-06,0.0,20.0,0.6069005240836471,0.0
2010-05-07,5123.0,-0.0262307546093898,4.761904655467893e-06,0.0,20.0,0.6183282280689182,0.0
2010-05-10,5387.39990234375,0.0516103654779913,5.753968088399794e-06,0.0,20.0,0.5281691920202312,0.0
2010-05-11,5334.2001953125,-0.00987483906812,5.952381188907317e-06,0.0,20.0,0.614766880024765,0.0
2010-05-12,5383.5,0.0092422111811294,5.952381188907317e-06,0.0,20.0,0.4948767403596273,0.0
2010-05-13,5433.7001953125,0.0093248249860684,6.150793698098924e-06,0.0,20.0,0.3209768632535714,0.0
2010-05-14,5262.89990234375,-0.0314335143326631,5.753968088399794e-06,0.0,20.0,0.6772598113727061,0.0
2010-05-17,5262.5,-7.598516999574034e-05,5.952381188907317e-06,0.0,20.0,0.6850315814667545,0.0
2010-05-18,5307.2998046875,0.0085130270190023,6.547619307798051e-06,0.0,20.0,0.6284584083181589,0.0
2010-05-19,5158.10009765625,-0.0281121686209386,6.547619307798051e-06,0.0,20.0,0.7091361618144877,0.0
2010-05-20,5073.10009765625,-0.016478935730352,6.150793698098924e-06,0.0,20.0,0.6973506137569397,0.0
2010-05-21,5062.89990234375,-0.0020106434164807,5.952381188907317e-06,0.0,20.0,0.7148971621180233,0.0
2010-05-24,5069.60009765625,0.0013233908316849,5.952381188907317e-06,0.0,20.0,0.7393080760284713,0.0
2010-05-25,4940.7001953125,-0.0254260493649868,6.349206207290528e-06,0.0,20.0,0.6925848148440964,0.0
2010-05-26,5038.10009765625,0.019713785191046,6.349206207290528e-06,0.0,20.0,0.7750970523120452,0.0
2010-05-27,5195.2001953125,0.0311824089658985,6.349206207290528e-06,0.0,20.0,0.6937489002590895,0.0
2010-05-28,5188.39990234375,-0.0013089568665488,5.952381188907317e-06,0.0,20.0,0.7152132960161475,0.0
2010-06-01,5163.2998046875,-0.0048377338155664,5.753968088399794e-06,0.0,20.0,0.7688833937892062,0.0
2010-06-02,5151.2998046875,-0.0023240951434014,5.753968088399794e-06,0.0,20.0,0.7763890672168379,0.0
2010-06-03,5211.2001953125,0.0116282089756245,5.158729969509063e-06,0.0,20.0,0.5948831549593281,0.0
2010-06-04,5126.0,-0.0163494381561349,4.761904655467893e-06,0.0,20.0,0.8156329866517537,0.0
2010-06-07,5069.10009765625,-0.0111002540662797,4.166666536577163e-06,0.0,20.0,0.8281889128430965,0.0
2010-06-08,5028.2001953125,-0.008068474000476,4.365079341426725e-06,0.0,20.0,0.8171488924797983,0.0
2010-06-09,5085.89990234375,0.0114752207131769,3.769841222535996e-06,0.0,20.0,0.8359183113012085,0.0
2010-06-10,5132.5,0.0091626061367773,3.373015908494825e-06,0.0,20.0,0.738066215639861,0.0
2010-06-11,5163.7001953125,0.0060789469678519,2.777777789604095e-06,0.0,20.0,0.6194163134556115,0.0
2010-06-14,5202.10009765625,0.0074365088776084,2.182539670713361e-06,0.0,20.0,0.4733958985550184,0.0
2010-06-15,5217.7998046875,0.0030179555826546,3.1746031036452616e-06,0.0,20.0,0.4207346952528315,0.0
2010-06-16,5237.89990234375,0.0038522171046486,3.571428713344389e-06,0.0,20.0,0.3642441638202459,0.0
2010-06-17,5253.89990234375,0.0030546593669804,3.571428713344389e-06,0.0,20.0,0.3192256867824977,0.0
2010-06-18,5250.7998046875,-0.0005900564749753,3.769841222535996e-06,0.0,20.0,0.3143987599362963,0.0
2010-06-21,5299.10009765625,0.009198654446058,4.166666536577163e-06,0.0,20.0,0.2401062420014704,0.0
2010-06-22,5247.0,-0.0098318764877254,4.96031746031746e-06,0.0,20.0,0.3252697045180955,0.0
2010-06-23,5178.5,-0.0130550790928148,4.761904655467893e-06,0.0,20.0,0.6213660436070574,0.0
2010-06-24,5100.2001953125,-0.0151201708385633,4.96031746031746e-06,0.0,20.0,0.7825825212045634,0.0
2010-06-25,5046.5,-0.0105290367546463,4.96031746031746e-06,0.0,20.0,0.784516528653074,0.0
2010-06-28,5071.7001953125,0.0049935985955613,5.357143070016588e-06,0.0,20.0,0.8041351043730093,0.0
2010-06-29,4914.2001953125,-0.0310546747509974,6.349206207290528e-06,0.0,20.0,0.7368018084799166,0.0
2010-06-30,4916.89990234375,0.0005493685490927,6.746031816989654e-06,0.0,20.0,0.7589807825043133,0.0
2010-07-01,4805.7998046875,-0.0225955581490059,6.547619307798051e-06,0.0,20.0,0.7064310224526779,0.0
2010-07-02,4838.10009765625,0.0067211066381176,6.349206207290528e-06,0.0,20.0,0.7499753161411449,0.0
2010-07-05,4823.5,-0.003017733689165,6.349206207290528e-06,0.0,20.0,0.7521557181255534,0.0
2010-07-06,4965.0,0.0293355447289311,6.349206207290528e-06,0.0,20.0,0.8801048594432498,0.0
2010-07-07,5014.7998046875,0.0100301721424975,6.150793698098924e-06,0.0,20.0,0.8154988023597471,0.0
2010-07-08,5105.5,0.0180865037179986,5.753968088399794e-06,0.0,20.0,0.5023823785000577,0.0
2010-07-09,5132.89990234375,0.0053667422081578,5.753968088399794e-06,0.0,20.0,0.4326706642128388,0.0
2010-07-12,5167.0,0.0066434371028119,5.55555557920819e-06,0.0,20.0,0.3685083514508029,0.0
2010-07-13,5271.0,0.0201277336946004,5.753968088399794e-06,0.0,20.0,0.3157809848964037,0.0
2010-07-14,5253.5,-0.0033200531208499,5.753968088399794e-06,0.0,20.0,0.2920280900675241,0.0
2010-07-15,5211.2998046875,-0.0080327772556391,5.753968088399794e-06,0.0,20.0,0.28389009539158,0.0
2010-07-16,5158.89990234375,-0.0100550542681533,5.753968088399794e-06,0.0,20.0,0.3924630891264399,0.0
2010-07-19,5148.2998046875,-0.0020547205522313,5.753968088399794e-06,0.0,20.0,0.43029120692187,0.0
2010-07-20,5139.5,-0.0017092642272867,5.952381188907317e-06,0.0,20.0,0.4582897588196203,0.0
2010-07-21,5214.60009765625,0.0146123353743068,5.952381188907317e-06,0.0,20.0,0.2462592373125424,0.0
2010-07-22,5313.7998046875,0.0190234543730085,5.753968088399794e-06,0.0,20.0,0.2416905958273624,0.0
2010-07-23,5312.60009765625,-0.0002257719664545,5.753968088399794e-06,0.0,20.0,0.2175690800102919,0.0
2010-07-26,5351.10009765625,0.0072469222776592,5.753968088399794e-06,0.0,20.0,0.2223462208289717,0.0
2010-07-27,5365.7001953125,0.0027284291808791,5.952381188907317e-06,0.0,20.0,0.2009358769062489,0.0
2010-07-28,5319.7001953125,-0.0085729724594352,5.753968088399794e-06,0.0,20.0,0.1382240896114382,0.0
2010-07-29,5314.0,-0.0010715256693455,5.753968088399794e-06,0.0,20.0,0.1286656246633829,0.0
2010-07-30,5258.0,-0.0105382009785471,5.55555557920819e-06,0.0,20.0,0.1773094786015681,0.0
2010-08-02,5397.10009765625,0.0264549444001997,5.55555557920819e-06,0.0,20.0,0.1877168529453909,0.0
2010-08-03,5396.5,-0.0001111889061518,5.952381188907317e-06,0.0,20.0,0.1626798961289571,0.0
2010-08-04,5386.2001953125,-0.0019086082993606,5.753968088399794e-06,0.0,20.0,0.1363796770911013,0.0
2010-08-05,5365.7998046875,-0.0037875292200898,5.55555557920819e-06,0.0,20.0,0.101957999961261,0.0
2010-08-06,5332.39990234375,-0.0062245897274386,5.55555557920819e-06,0.0,20.0,0.091910242175469,0.0
2010-08-09,5410.5,0.0146463316867744,5.55555557920819e-06,0.0,20.0,0.1276622727086857,0.0
2010-08-10,5376.39990234375,-0.006302577886748,5.753968088399794e-06,0.0,20.0,0.0885026829728665,0.0
2010-08-11,5245.2001953125,-0.0244028921609896,5.753968088399794e-06,0.0,20.0,0.3830744270479645,0.0
2010-08-12,5266.10009765625,0.0039845766730557,5.952381188907317e-06,0.0,20.0,0.2652981240953308,0.0
2010-08-13,5275.39990234375,0.0017659756774541,5.753968088399794e-06,0.0,20.0,0.2125736246873461,0.0
2010-08-16,5276.10009765625,0.0001327283856127,5.952381188907317e-06,0.0,20.0,0.1972187489366086,0.0
2010-08-17,5350.60009765625,0.0141202779744633,6.150793698098924e-06,0.0,20.0,0.1035198855389137,0.0
2010-08-18,5302.89990234375,-0.0089149243901435,5.952381188907317e-06,0.0,20.0,0.1329460547421748,0.0
2010-08-19,5211.2998046875,-0.0172735860271028,5.753968088399794e-06,0.0,20.0,0.4815369822916713,0.0
2010-08-20,5195.2998046875,-0.0030702512999939,5.753968088399794e-06,0.0,20.0,0.5180663149266718,0.0
2010-08-23,5234.7998046875,0.00760302609762,5.952381188907317e-06,0.0,20.0,0.3309567611024508,0.0
2010-08-24,5156.0,-0.0150530693870926,6.150793698098924e-06,0.0,20.0,0.6161072260412819,0.0
2010-08-25,5109.39990234375,-0.0090380329046256,5.952381188907317e-06,0.0,20.0,0.6860512149349333,0.0
2010-08-26,5155.7998046875,0.0090812821917629,5.753968088399794e-06,0.0,20.0,0.5863734994019763,0.0
2010-08-27,5201.60009765625,0.0088832566631291,5.55555557920819e-06,0.0,20.0,0.3624709119812359,0.0
2010-08-31,5225.2001953125,0.004537084207393,5.357143070016588e-06,0.0,20.0,0.2593573031261157,0.0
2010-09-01,5366.39990234375,0.0270228319975029,5.158729969509063e-06,0.0,20.0,0.2009358603600022,0.0
2010-09-02,5371.0,0.0008572036635288,4.96031746031746e-06,0.0,20.0,0.1849568969809513,0.0
2010-09-03,5428.2001953125,0.0106498222514428,4.96031746031746e-06,0.0,20.0,0.2092728880507121,0.0
2010-09-06,5439.2001953125,0.0020264543687056,4.96031746031746e-06,0.0,20.0,0.1891532809552089,0.0
2010-09-07,5407.7998046875,-0.0057729793898854,4.761904655467893e-06,0.0,20.0,0.1395158993503708,0.0
2010-09-08,5429.7001953125,0.0040497783601414,5.158729969509063e-06,0.0,20.0,0.1503965005788478,0.0
2010-09-09,5494.2001953125,0.0118791089157526,5.357143070016588e-06,0.0,20.0,0.198178160346616,0.0
2010-09-10,5501.60009765625,0.0013468570639387,5.357143070016588e-06,0.0,20.0,0.1890628783803905,0.0
2010-09-13,5565.5,0.0116147850097232,5.357143070016588e-06,0.0,20.0,0.2285940954890251,0.0
2010-09-14,5567.39990234375,0.0003413713671278,5.753968088399794e-06,0.0,20.0,0.2122687125778675,0.0
2010-09-15,5555.60009765625,-0.0021194462216612,5.952381188907317e-06,0.0,20.0,0.1828544336133944,0.0
2010-09-16,5540.10009765625,-0.0027899776311364,5.952381188907317e-06,0.0,20.0,0.1440028797197083,0.0
2010-09-17,5508.5,-0.0057038856878449,5.753968088399794e-06,0.0,20.0,0.0933556588645862,0.0
2010-09-20,5602.5,0.0170645366252155,5.952381188907317e-06,0.0,20.0,0.177315628302675,0.0
2010-09-21,5576.2001953125,-0.004694298025435,6.150793698098924e-06,0.0,20.0,0.1323371254217327,0.0
2010-09-22,5551.89990234375,-0.0043578587779501,6.150793698098924e-06,0.0,20.0,0.1008313339403354,0.0
2010-09-23,5547.10009765625,-0.000864533722136,5.952381188907317e-06,0.0,20.0,0.0919954190933479,0.0
2010-09-24,5598.5,0.0092660852407309,5.55555557920819e-06,0.0,20.0,0.1317784506577574,0.0
2010-09-27,5573.39990234375,-0.0044833611960792,5.158729969509063e-06,0.0,20.0,0.0968996601977814,0.0
2010-09-28,5578.39990234375,0.00089711847124,5.952381188907317e-06,0.0,20.0,0.1006542165561536,0.0
2010-09-29,5569.2998046875,-0.0016313096614724,6.150793698098924e-06,0.0,20.0,0.0867185891910313,0.0
2010-09-30,5548.60009765625,-0.0037167521514693,6.150793698098924e-06,0.0,20.0,0.0753185764925078,0.0
2010-10-01,5592.89990234375,0.0079839606221057,5.952381188907317e-06,0.0,20.0,0.0923198527632124,0.0
2010-10-04,5556.0,-0.0065976332471615,5.753968088399794e-06,0.0,20.0,0.074740838615868,0.0
2010-10-05,5635.7998046875,0.0143628158184845,4.563492146276289e-06,0.0,20.0,0.1176680145855231,0.0
2010-10-06,5681.39990234375,0.0080911493020605,4.563492146276289e-06,0.0,20.0,0.1498248549914977,0.0
2010-10-07,5662.10009765625,-0.0033970157037419,4.563492146276289e-06,0.0,20.0,0.1198168886061241,0.0
2010-10-08,5657.60009765625,-0.000794758114902,4.563492146276289e-06,0.0,20.0,0.1100994569476511,0.0
2010-10-11,5672.39990234375,0.0026159156589435,4.563492146276289e-06,0.0,20.0,0.1156205554025506,0.0
2010-10-12,5661.60009765625,-0.0019039215981647,4.563492146276289e-06,0.0,20.0,0.107564489072752,0.0
2010-10-13,5747.39990234375,0.0151546918199005,5.158729969509063e-06,0.0,20.0,0.1735558817210763,0.0
2010-10-14,5727.2001953125,-0.0035145817890647,5.357143070016588e-06,0.0,20.0,0.139789837400343,0.0
2010-10-15,5703.39990234375,-0.0041556593373895,5.357143070016588e-06,0.0,20.0,0.1122809198408666,0.0
2010-10-18,5742.5,0.0068555770813445,5.357143070016588e-06,0.0,20.0,0.1426306326951135,0.0
2010-10-19,5703.89990234375,-0.0067218280637788,5.357143070016588e-06,0.0,20.0,0.0996778592377527,0.0
2010-10-20,5728.89990234375,0.0043829661158196,5.357143070016588e-06,0.0,20.0,0.1216928752707211,0.0
2010-10-21,5757.89990234375,0.005062053883702,4.761904655467893e-06,0.0,20.0,0.1377901735882428,0.0
2010-10-22,5741.39990234375,-0.0028656281421779,4.761904655467893e-06,0.0,20.0,0.1201745951516278,0.0
2010-10-25,5752.0,0.0018462566336692,4.563492146276289e-06,0.0,20.0,0.113442814734609,0.0
2010-10-26,5707.2998046875,-0.0077712439694889,5.158729969509063e-06,0.0,20.0,0.0860182413956741,0.0
2010-10-27,5646.0,-0.0107405965667255,5.158729969509063e-06,0.0,20.0,0.108025887996366,0.0
2010-10-28,5677.89990234375,0.0056500004151169,4.96031746031746e-06,0.0,20.0,0.0774776230864839,0.0
2010-10-29,5675.2001953125,-0.0004754763341522,4.365079341426725e-06,0.0,20.0,0.0767353930968575,0.0
2010-11-01,5694.60009765625,0.0034183644058536,4.166666536577163e-06,0.0,20.0,0.0718211923246418,0.0
2010-11-02,5757.39990234375,0.0110279569435167,4.96031746031746e-06,0.0,20.0,0.0969157853992283,0.0
2010-11-03,5749.0,-0.0014589749689492,4.761904655467893e-06,0.0,20.0,0.0861113123556734,0.0
2010-11-04,5862.7998046875,0.0197947129392068,4.563492146276289e-06,0.0,20.0,0.1767768989689921,0.0
2010-11-05,5875.39990234375,0.0021491604823646,4.761904655467893e-06,0.0,20.0,0.173601593005654,0.0
2010-11-08,5850.0,-0.0043230933665668,4.365079341426725e-06,0.0,20.0,0.1376159549312288,0.0
2010-11-09,5875.2001953125,0.0043077256944443,4.96031746031746e-06,0.0,20.0,0.1479484121832729,0.0
2010-11-10,5816.89990234375,-0.0099231159842458,4.96031746031746e-06,0.0,20.0,0.0950698224188992,0.0
2010-11-11,5815.2001953125,-0.0002922015265494,4.96031746031746e-06,0.0,20.0,0.0903894804172474,0.0
2010-11-12,5796.89990234375,-0.0031469755733433,4.96031746031746e-06,0.0,20.0,0.0804531719711515,0.0
2010-11-15,5820.39990234375,0.0040538909410008,5.158729969509063e-06,0.0,20.0,0.0908067558714805,0.0
2010-11-16,5681.89990234375,-0.0237956158208697,5.357143070016588e-06,0.0,20.0,0.1979828774862121,0.0
2010-11-17,5692.60009765625,0.0018832072891825,5.357143070016588e-06,0.0,20.0,0.153597033384325,0.0
2010-11-18,5768.7001953125,0.0133682493677329,5.357143070016588e-06,0.0,20.0,0.0772149002239829,0.0
2010-11-19,5732.7998046875,-0.0062233067085323,5.158729969509063e-06,0.0,20.0,0.090753460621803,0.0
2010-11-22,5680.7998046875,-0.0090706115286777,4.96031746031746e-06,0.0,20.0,0.1593200662907891,0.0
2010-11-23,5581.2998046875,-0.0175151393150482,5.55555557920819e-06,0.0,20.0,0.4067664951216319,0.0
2010-11-24,5657.10009765625,0.0135811183095895,5.952381188907317e-06,0.0,20.0,0.1701341253488198,0.0
2010-11-25,5698.89990234375,0.0073889102129938,5.952381188907317e-06,0.0,20.0,0.083413717276335,0.0
2010-11-26,5668.7001953125,-0.0052992169627036,6.150793698098924e-06,0.0,20.0,0.1286228140280462,0.0
2010-11-29,5551.0,-0.0207631716720223,6.150793698098924e-06,0.0,20.0,0.4464419124277718,0.0
2010-11-30,5528.2998046875,-0.0040893884547829,6.349206207290528e-06,0.0,20.0,0.481933675541787,0.0
2010-12-01,5642.5,0.0206573809936407,6.150793698098924e-06,0.0,20.0,0.132804208875831,0.0
2010-12-02,5767.60009765625,0.0221710407897652,5.753968088399794e-06,0.0,20.0,0.1211271679463509,0.0
2010-12-03,5745.2998046875,-0.0038664769732928,5.158729969509063e-06,0.0,20.0,0.0903835882734473,0.0
2010-12-06,5770.2998046875,0.004351383017402,4.96031746031746e-06,0.0,20.0,0.0999517584772665,0.0
2010-12-07,5808.5,0.0066201404789172,5.55555557920819e-06,0.0,20.0,0.1188678723028072,0.0
2010-12-08,5794.5,-0.0024102608246535,5.357143070016588e-06,0.0,20.0,0.0916715984635598,0.0
2010-12-09,5808.0,0.0023297954957286,5.357143070016588e-06,0.0,20.0,0.0913538236354071,0.0
2010-12-10,5813.0,0.0008608815426998,4.563492146276289e-06,0.0,20.0,0.0850555727970503,0.0
2010-12-13,5860.7998046875,0.008222914964304,4.761904655467893e-06,0.0,20.0,0.1204742888826661,0.0
2010-12-14,5891.2001953125,0.0051870720103228,5.357143070016588e-06,0.0,20.0,0.1424656564255965,0.0
2010-12-15,5882.2001953125,-0.0015277022850388,5.357143070016588e-06,0.0,20.0,0.122636384004479,0.0
2010-12-16,5881.10009765625,-0.0001870214579107,4.96031746031746e-06,0.0,20.0,0.107778497311509,0.0
2010-12-17,5871.7998046875,-0.0015813866137827,4.166666536577163e-06,0.0,20.0,0.0877850183535379,0.0
2010-12-20,5891.60009765625,0.0033720994630885,3.96825402738556e-06,0.0,20.0,0.0970320516661087,0.0
2010-12-21,5951.7998046875,0.0102178875065193,5.158729969509063e-06,0.0,20.0,0.1467608110830084,0.0
2010-12-22,5983.5,0.0053261528197796,5.158729969509063e-06,0.0,20.0,0.1662899288511737,0.0
2010-12-23,5996.10009765625,0.002105807245968,5.158729969509063e-06,0.0,20.0,0.1681760829949086,0.0
2010-12-24,6008.89990234375,0.0021346882938968,5.158729969509063e-06,0.0,20.0,0.1788641283120894,0.0
2010-12-29,5996.39990234375,-0.0020802476664862,4.96031746031746e-06,0.0,20.0,0.1565010573308987,0.0
2010-12-30,5971.0,-0.0042358586414195,4.365079341426725e-06,0.0,20.0,0.1172729699892536,0.0
2010-12-31,5899.89990234375,-0.011907569528764,4.563492146276289e-06,0.0,20.0,0.0850832015691137,0.0
2011-01-04,6013.89990234375,0.0193223617157831,5.357143070016588e-06,0.0,50.0,0.1306381986476601,0.0
2011-01-05,6043.89990234375,0.0049884435203699,5.357143070016588e-06,0.0,50.0,0.151145826988047,0.0
2011-01-06,6019.5,-0.0040371122516916,5.55555557920819e-06,0.0,50.0,0.1174855760211327,0.0
2011-01-07,5984.2998046875,-0.0058476942125591,5.357143070016588e-06,0.0,50.0,0.0883166341895213,0.0
2011-01-10,5956.2998046875,-0.0046789099667211,5.357143070016588e-06,0.0,50.0,0.0781813227412215,0.0
2011-01-11,6014.0,0.0096872550416435,5.753968088399794e-06,0.0,50.0,0.0988516551047659,0.0
2011-01-12,6050.7001953125,0.006102460145078,5.753968088399794e-06,0.0,50.0,0.1246582371861273,0.0
2011-01-13,6023.89990234375,-0.0044292878681234,5.55555557920819e-06,0.0,50.0,0.0983783397836704,0.0
2011-01-14,6002.10009765625,-0.0036188856124614,5.753968088399794e-06,0.0,50.0,0.0889577446559345,0.0
2011-01-17,5985.7001953125,-0.0027323606865793,5.753968088399794e-06,0.0,50.0,0.0797273159131941,0.0
2011-01-18,6056.39990234375,0.0118114347067725,5.753968088399794e-06,0.0,50.0,0.1132081361193762,0.0
2011-01-19,5976.7001953125,-0.0131595846239292,6.150793698098924e-06,0.0,50.0,0.0776597884083607,0.0
2011-01-20,5867.89990234375,-0.0182040740564637,6.150793698098924e-06,0.0,50.0,0.2239130354540955,0.0
2011-01-21,5896.2998046875,0.0048398750517892,5.952381188907317e-06,0.0,50.0,0.1458807902103445,0.0
2011-01-24,5943.89990234375,0.0080728760804205,5.952381188907317e-06,0.0,50.0,0.0723481995545995,0.0
2011-01-25,5917.7001953125,-0.0044078311313618,5.952381188907317e-06,0.0,50.0,0.0966758753038445,0.0
2011-01-26,5969.2001953125,0.0087027051557619,6.150793698098924e-06,0.0,50.0,0.0610992147448349,0.0
2011-01-27,5965.10009765625,-0.000686875548163,5.55555557920819e-06,0.0,50.0,0.0642230091292949,0.0
2011-01-28,5881.39990234375,-0.0140316497531007,5.357143070016588e-06,0.0,50.0,0.1757088540937696,0.0
2011-01-31,5862.89990234375,-0.0031455096247795,5.753968088399794e-06,0.0,50.0,0.1864175686127382,0.0
2011-02-01,5957.7998046875,0.0161865124638769,5.952381188907317e-06,0.0,50.0,0.0536093453986729,0.0
2011-02-02,6000.10009765625,0.0070999856248055,5.952381188907317e-06,0.0,50.0,0.0665628100292819,0.0
2011-02-03,5983.2998046875,-0.00280000211585,5.753968088399794e-06,0.0,50.0,0.0545557474197469,0.0
2011-02-04,5997.39990234375,0.0023565754878609,5.753968088399794e-06,0.0,50.0,0.0565717893255548,0.0
2011-02-07,6051.0,0.0089372225512764,5.55555557920819e-06,0.0,50.0,0.0937746378568126,0.0
2011-02-08,6091.2998046875,0.006660023911337,5.753968088399794e-06,0.0,50.0,0.127838980465837,0.0
2011-02-09,6052.2998046875,-0.0064025743684439,5.158729969509063e-06,0.0,50.0,0.0766669947931054,0.0
2011-02-10,6020.0,-0.0053367820051617,4.365079341426725e-06,0.0,50.0,0.0575319138680405,0.0
2011-02-11,6062.89990234375,0.0071262296252077,4.365079341426725e-06,0.0,50.0,0.0843972721394118,0.0
2011-02-14,6060.10009765625,-0.0004617929922309,4.365079341426725e-06,0.0,50.0,0.0738152544880688,0.0
2011-02-15,6037.10009765625,-0.0037953168478017,4.96031746031746e-06,0.0,50.0,0.0586255383933173,0.0
2011-02-16,6085.2998046875,0.0079839171541917,4.365079341426725e-06,0.0,50.0,0.0840899803562544,0.0
2011-02-17,6087.39990234375,0.0003451099738147,3.571428713344389e-06,0.0,50.0,0.0823132489660595,0.0
2011-02-18,6083.0,-0.000722788450625,3.571428713344389e-06,0.0,50.0,0.082352247963362,0.0
2011-02-21,6014.7998046875,-0.0112116053448134,3.571428713344389e-06,0.0,50.0,0.0702600619116887,0.0
2011-02-22,5996.7998046875,-0.0029926183055954,3.96825402738556e-06,0.0,50.0,0.086691270592954,0.0
2011-02-23,5923.5,-0.0122231535276872,4.563492146276289e-06,0.0,50.0,0.2146556493841722,0.0
2011-02-24,5920.0,-0.0005908668861315,4.761904655467893e-06,0.0,50.0,0.2012391653455311,0.0
2011-02-25,6001.2001953125,0.0137162492081925,4.96031746031746e-06,0.0,50.0,0.0638195464550752,0.0
2011-02-28,5994.0,-0.0011997925545166,5.357143070016588e-06,0.0,50.0,0.0672224607897537,0.0
2011-03-01,5935.7998046875,-0.0097097422943777,5.158729969509063e-06,0.0,50.0,0.1458251581828149,0.0
2011-03-02,5914.89990234375,-0.003520991783996,4.761904655467893e-06,0.0,50.0,0.1825393958172518,0.0
2011-03-03,6005.10009765625,0.0152496571035392,4.96031746031746e-06,0.0,50.0,0.0580720154643133,0.0
2011-03-04,5990.39990234375,-0.00244795175325,4.365079341426725e-06,0.0,50.0,0.0557190131457119,0.0
2011-03-07,5973.7998046875,-0.0027711167746505,3.96825402738556e-06,0.0,50.0,0.0776732185185069,0.0
2011-03-08,5974.7998046875,0.0001673976418183,4.166666536577163e-06,0.0,50.0,0.068921005731783,0.0
2011-03-09,5937.2998046875,-0.0062763609201733,3.769841222535996e-06,0.0,50.0,0.1319837664458044,0.0
2011-03-10,5845.2998046875,-0.015495259297394,2.5793649847545317e-06,0.0,50.0,0.3815050332692082,0.0
2011-03-11,5828.7001953125,-0.0028398217250872,2.777777789604095e-06,0.0,50.0,0.3961035447132023,0.0
2011-03-14,5775.2001953125,-0.0091787187893151,2.9761905944536585e-06,0.0,50.0,0.5040933928223204,0.0
2011-03-15,5695.2998046875,-0.01383508587111,3.769841222535996e-06,0.0,50.0,0.5965034928814527,0.0
2011-03-16,5598.2001953125,-0.0170490777842954,3.373015908494825e-06,0.0,50.0,0.6378502273169052,0.0
2011-03-17,5696.10009765625,0.017487745869775,2.777777789604095e-06,0.0,50.0,0.6102762384909391,0.0
2011-03-18,5718.10009765625,0.0038622916772568,2.5793649847545317e-06,0.0,50.0,0.562366610700494,0.0
2011-03-21,5786.10009765625,0.0118920618454847,2.777777789604095e-06,0.0,50.0,0.3312781769224005,0.0
2011-03-22,5762.7001953125,-0.0040441578867999,3.571428713344389e-06,0.0,50.0,0.4075797107770807,0.0
2011-03-23,5795.89990234375,0.0057611372977992,3.373015908494825e-06,0.0,50.0,0.2613669781649128,0.0
2011-03-24,5880.89990234375,0.01466553968015,3.1746031036452616e-06,0.0,50.0,0.114190165625807,0.0
2011-03-25,5900.7998046875,0.0033838192579709,3.1746031036452616e-06,0.0,50.0,0.1025695351003254,0.0
2011-03-28,5904.5,0.0006270667426406,3.1746031036452616e-06,0.0,50.0,0.0918110270198745,0.0
2011-03-29,5932.2001953125,0.0046913701943434,3.769841222535996e-06,0.0,50.0,0.0923148091853241,0.0
2011-03-30,5948.2998046875,0.0027139356132521,3.769841222535996e-06,0.0,50.0,0.0861718592610655,0.0
2011-03-31,5908.7998046875,-0.0066405529810169,3.571428713344389e-06,0.0,50.0,0.0748321501631215,0.0
2011-04-01,6009.89990234375,0.0171100902041132,2.182539670713361e-06,0.0,50.0,0.1208378198224286,0.0
2011-04-04,6017.0,0.0011814003180787,1.3888888948020476e-06,0.0,50.0,0.1082648951513504,0.0
2011-04-05,6007.10009765625,-0.0016453219783529,2.5793649847545317e-06,0.0,50.0,0.0827334180984048,0.0
2011-04-06,6041.10009765625,0.005659968944627,1.984127013692778e-06,0.0,50.0,0.101904756245654,0.0
2011-04-07,6007.39990234375,-0.0055784864954604,1.3888888948020476e-06,0.0,50.0,0.0618550394450206,0.0
2011-04-08,6055.7998046875,0.0080567139079366,1.3888888948020476e-06,0.0,50.0,0.0912787462702477,0.0
2011-04-11,6053.39990234375,-0.000396298163934,1.3888888948020476e-06,0.0,50.0,0.0785123784966697,0.0
2011-04-12,5964.5,-0.01468594571281,1.7857143566721944e-06,0.0,50.0,0.0766426986711394,0.0
2011-04-13,6010.39990234375,0.0076955155241429,1.984127013692778e-06,0.0,50.0,0.0529427156628693,0.0
2011-04-14,5963.7998046875,-0.0077532441124389,2.5793649847545317e-06,0.0,50.0,0.0871558469912254,0.0
2011-04-15,5996.0,0.0053992750204645,2.3809523277339444e-06,0.0,50.0,0.0441425233720302,0.0
2011-04-18,5870.10009765625,-0.0209973152674699,2.182539670713361e-06,0.0,50.0,0.332131330078853,0.0
2011-04-19,5896.89990234375,0.0045654766088572,2.182539670713361e-06,0.0,50.0,0.2247943802384213,0.0
2011-04-20,6022.2998046875,0.0212653944310483,2.182539670713361e-06,0.0,50.0,0.0703547933891462,0.0
2011-04-21,6018.2998046875,-0.0006641980854036,1.7857143566721944e-06,0.0,50.0,0.0641977498995407,0.0
2011-04-26,6069.39990234375,0.0084907863208225,2.182539670713361e-06,0.0,50.0,0.0878691160047274,0.0
2011-04-27,6068.2001953125,-0.0001976648516415,1.984127013692778e-06,0.0,50.0,0.0742527926365319,0.0
2011-04-28,6069.89990234375,0.0002801006849713,1.3888888948020476e-06,0.0,50.0,0.0650638173974997,0.0
2011-05-03,6082.89990234375,0.0021417157134635,9.92063506846389e-07,0.0,50.0,0.0666890215641941,0.0
2011-05-04,5984.10009765625,-0.016242221025112,7.936507759113135e-07,0.0,50.0,0.0964650533963871,0.0
2011-05-05,5920.0,-0.010711735534196,3.9682538795565474e-07,0.0,50.0,0.2703065392276895,0.0
2011-05-06,5976.7998046875,0.0095945616026182,1.9841269397782539e-07,0.0,50.0,0.0907482769035048,0.0
2011-05-09,5942.7001953125,-0.0057053290204326,1.9841269397782539e-07,0.0,50.0,0.1711879546061098,0.0
2011-05-10,6018.89990234375,0.0128224047195506,9.92063506846389e-07,0.0,50.0,0.0480847032120424,0.0
2011-05-11,5976.0,-0.0071275321138078,7.936507759113135e-07,0.0,50.0,0.0942806284817033,0.0
2011-05-12,5945.0,-0.0051874163319945,7.936507759113135e-07,0.0,50.0,0.1516185769287438,0.0
2011-05-13,5925.89990234375,-0.0032128002785954,7.936507759113135e-07,0.0,50.0,0.2144602599140178,0.0
2011-05-16,5923.7001953125,-0.0003712021916502,7.936507759113135e-07,0.0,50.0,0.1924022714497945,0.0
2011-05-17,5861.0,-0.0105846334630701,1.3888888948020476e-06,0.0,50.0,0.400030398525336,0.0
2011-05-18,5923.5,0.0106637092646306,1.5873015518226308e-06,0.0,50.0,0.1686907427076473,0.0
2011-05-19,5956.0,0.0054866210855069,1.5873015518226308e-06,0.0,50.0,0.0991261119801974,0.0
2011-05-20,5948.5,-0.0012592343854935,1.5873015518226308e-06,0.0,50.0,0.12816088679865,0.0
2011-05-23,5835.89990234375,-0.0189291582174077,1.7857143566721944e-06,0.0,50.0,0.4701106773681805,0.0
2011-05-24,5858.39990234375,0.003855446525216,1.984127013692778e-06,0.0,50.0,0.3865959354511695,0.0
2011-05-25,5870.10009765625,0.001997165694991,1.7857143566721944e-06,0.0,50.0,0.3116041962108573,0.0
2011-05-26,5881.0,0.0018568511886367,1.7857143566721944e-06,0.0,50.0,0.2716230128171338,0.0
2011-05-27,5938.89990234375,0.0098452478054327,1.3888888948020476e-06,0.0,50.0,0.1105216559343446,0.0
2011-05-31,5990.0,0.0086043035741489,1.5873015518226308e-06,0.0,50.0,0.0776915794183189,0.0
2011-06-01,5928.60009765625,-0.0102504010590567,1.5873015518226308e-06,0.0,50.0,0.1394566748790688,0.0
2011-06-02,5847.89990234375,-0.0136120153127553,1.3888888948020476e-06,0.0,50.0,0.4047831322189522,0.0
2011-06-03,5855.0,0.0012141277680564,1.1904761638669722e-06,0.0,50.0,0.3481574776836155,0.0
2011-06-06,5863.2001953125,0.0014005457408197,1.1904761638669722e-06,0.0,50.0,0.2963633018152488,0.0
2011-06-07,5864.7001953125,0.0002558329837005,1.5873015518226308e-06,0.0,50.0,0.2847606689330362,0.0
2011-06-08,5808.89990234375,-0.0095146028118111,1.3888888948020476e-06,0.0,50.0,0.464431217982533,0.0
2011-06-09,5856.2998046875,0.0081598759043215,1.5873015518226308e-06,0.0,50.0,0.2767561659577804,0.0
2011-06-10,5765.7998046875,-0.0154534438157626,1.3888888948020476e-06,0.0,50.0,0.5639498314862065,0.0
2011-06-13,5773.5,0.0013354947402508,1.5873015518226308e-06,0.0,50.0,0.5302033061668865,0.0
2011-06-14,5803.10009765625,0.0051268896953753,1.984127013692778e-06,0.0,50.0,0.4242439058794459,0.0
2011-06-15,5742.60009765625,-0.010425462077491,1.7857143566721944e-06,0.0,50.0,0.5805438821468171,0.0
2011-06-16,5698.7998046875,-0.0076272580754188,1.3888888948020476e-06,0.0,50.0,0.6385486476335628,0.0
2011-06-17,5714.89990234375,0.0028251734063384,9.92063506846389e-07,0.0,50.0,0.6054737133278844,0.0
2011-06-20,5693.39990234375,-0.0037620956390124,5.952380819334841e-07,0.0,50.0,0.6284220871669599,0.0
2011-06-21,5775.2998046875,0.0143850605523134,7.936507759113135e-07,0.0,50.0,0.3944527841189069,0.0
2011-06-22,5773.0,-0.0003982139049532,3.9682538795565474e-07,0.0,50.0,0.3875341142909678,0.0
2011-06-23,5674.39990234375,-0.0170795249707691,1.9841269397782539e-07,0.0,50.0,0.6747740142049098,0.0
2011-06-24,5697.7001953125,0.0041062127043822,3.9682538795565474e-07,0.0,50.0,0.6203261177846519,0.0
2011-06-27,5722.2998046875,0.0043174629292075,5.952380819334841e-07,0.0,50.0,0.5269175144009929,0.0
2011-06-28,5766.89990234375,0.0077940861504173,9.92063506846389e-07,0.0,50.0,0.3526034876486316,0.0
2011-06-29,5856.0,0.0154502590932847,7.936507759113135e-07,0.0,50.0,0.1768353732624063,0.0
2011-06-30,5945.7001953125,0.0153176563033641,5.952380819334841e-07,0.0,50.0,0.1930349958433496,0.0
2011-07-01,5989.7998046875,0.0074170590386928,3.9682538795565474e-07,0.0,50.0,0.2018607905644923,0.0
2011-07-04,6017.5,0.0046245611231985,3.9682538795565474e-07,0.0,50.0,0.1977651969317319,0.0
2011-07-05,6024.0,0.001080182800166,3.9682538795565474e-07,0.0,50.0,0.1747895951910904,0.0
2011-07-06,6002.89990234375,-0.0035026722536936,1.9841269397782539e-07,0.0,50.0,0.1341142616830941,0.0
2011-07-07,6054.60009765625,0.0086125366328888,7.936507759113135e-07,0.0,50.0,0.1633091008200215,0.0
2011-07-08,5990.60009765625,-0.0105704751705689,7.936507759113135e-07,0.0,50.0,0.0783838368256341,0.0
2011-07-11,5929.2001953125,-0.0102493742434538,5.952380819334841e-07,0.0,50.0,0.0772841278927466,0.0
2011-07-12,5869.0,-0.0101531729962656,1.1904761638669722e-06,0.0,50.0,0.2218013395350786,0.0
2011-07-13,5906.39990234375,0.0063724488573435,1.9841269397782539e-07,0.0,50.0,0.1223396167159373,0.0
2011-07-14,5847.0,-0.0100568710764368,1.9841269397782539e-07,0.0,50.0,0.2882325847645822,0.0
2011-07-15,5843.7001953125,-0.0005643585920129,1.9841269397782539e-07,0.0,50.0,0.2826204300769599,0.0
2011-07-18,5752.7998046875,-0.0155552796322294,1.9841269397782539e-07,0.0,50.0,0.5626671386182323,0.0
2011-07-19,5790.0,0.0064664505241758,9.92063506846389e-07,0.0,50.0,0.4391751601925736,0.0
2011-07-20,5853.7998046875,0.0110189645401554,7.936507759113135e-07,0.0,50.0,0.1972408171908332,0.0
2011-07-21,5899.89990234375,0.0078752432939941,1.3888888948020476e-06,0.0,50.0,0.1118787730992915,0.0
2011-07-22,5935.0,0.0059492700278367,1.1904761638669722e-06,0.0,50.0,0.0899334243759472,0.0
2011-07-25,5925.2998046875,-0.0016344052759056,1.3888888948020476e-06,0.0,50.0,0.0948988722254662,0.0
2011-07-26,5929.7001953125,0.0007426443842586,2.5793649847545317e-06,0.0,50.0,0.0934520006325071,0.0
2011-07-27,5856.60009765625,-0.0123277898120441,2.777777789604095e-06,0.0,50.0,0.2185598566578274,0.0
2011-07-28,5873.2001953125,0.0028344256700902,2.5793649847545317e-06,0.0,50.0,0.1745761659154628,0.0
2011-07-29,5815.2001953125,-0.0098753657412002,3.571428713344389e-06,0.0,50.0,0.3512835709934078,0.0
2011-08-01,5774.39990234375,-0.0070161458932468,2.9761905944536585e-06,0.0,50.0,0.4734280206228035,0.0
2011-08-02,5718.39990234375,-0.0096979774430361,1.984127013692778e-06,0.0,50.0,0.5948738014063868,0.0
2011-08-03,5584.5,-0.0234156240610017,3.9682538795565474e-07,0.0,50.0,0.6802117400435246,0.0
2011-08-04,5393.10009765625,-0.0342734179145401,3.9682538795565474e-07,0.0,50.0,0.6550612416594193,0.0
2011-08-05,5247.0,-0.0270901883908556,3.9682538795565474e-07,0.0,50.0,0.6359984961501967,0.0
2011-08-08,5069.0,-0.0339241471316943,5.952380819334841e-07,0.0,50.0,0.6150844188677869,0.0
2011-08-09,5164.89990234375,0.0189188996535312,1.1904761638669722e-06,0.0,50.0,0.6628462482214649,0.0
2011-08-10,5007.2001953125,-0.0305329648227429,5.952380819334841e-07,0.0,50.0,0.633884538237119,0.0
2011-08-11,5162.7998046875,0.0310751724128515,3.9682538795565474e-07,0.0,50.0,0.718856486363983,0.0
2011-08-12,5320.0,0.0304486327689428,1.9841269397782539e-07,0.0,50.0,0.8614111588559924,0.0
2011-08-15,5350.60009765625,0.0057518980556861,1.9841269397782539e-07,0.0,50.0,0.8896247699383638,0.0
2011-08-16,5357.60009765625,0.0013082644698239,7.936507759113135e-07,0.0,50.0,0.890927761568572,0.0
2011-08-17,5331.60009765625,-0.004852919129103,1.9841269397782539e-07,0.0,50.0,0.8873682238952818,0.0
2011-08-18,5092.2001953125,-0.044902074041335,3.9682538795565474e-07,0.0,50.0,0.7246686718786776,0.0
2011-08-19,5040.7998046875,-0.010093945377936,3.9682538795565474e-07,0.0,50.0,0.7140076462669304,0.0
2011-08-22,5095.2998046875,0.0108117763275026,1.9841269397782539e-07,0.0,50.0,0.7684450146143675,0.0
2011-08-23,5129.39990234375,0.0066924614769241,1.9841269397782539e-07,0.0,50.0,0.8122190704956979,0.0
2011-08-24,5205.89990234375,0.0149140253161086,3.9682538795565474e-07,0.0,50.0,0.8793830700802853,0.0
2011-08-25,5131.10009765625,-0.0143682756277784,3.9682538795565474e-07,0.0,50.0,0.8364072856302094,0.0
2011-08-26,5129.89990234375,-0.0002339060415228,3.9682538795565474e-07,0.0,50.0,0.8444992038605021,0.0
2011-08-30,5268.7001953125,0.027057115267558,5.952380819334841e-07,0.0,50.0,0.8434530644124039,0.0
2011-08-31,5394.5,0.0238768197134129,5.952380819334841e-07,0.0,50.0,0.5848872151992504,0.0
2011-09-01,5418.7001953125,0.0044860868129577,3.9682538795565474e-07,0.0,50.0,0.5509207113301882,0.0
2011-09-02,5292.0,-0.0233820271920751,5.952380819334841e-07,0.0,50.0,0.8725213374910806,0.0
2011-09-05,5102.60009765625,-0.0357898530505952,5.952380819334841e-07,0.0,50.0,0.8227548751362594,0.0
2011-09-06,5156.7998046875,0.0106219782060024,5.952380819334841e-07,0.0,50.0,0.8889965486385747,0.0
2011-09-07,5318.60009765625,0.031376105161514,5.952380819334841e-07,0.0,50.0,0.7435659282585868,0.0
2011-09-08,5340.39990234375,0.0040987862007346,3.9682538795565474e-07,0.0,50.0,0.694578490959333,0.0
2011-09-09,5214.7001953125,-0.0235375083008454,1.9841269397782539e-07,0.0,50.0,0.9285663105175268,0.0
2011-09-12,5129.60009765625,-0.0163192694630357,1.9841269397782539e-07,0.0,50.0,0.8752243103510131,0.0
2011-09-13,5174.2998046875,0.0087140724774381,1.9841269397782539e-07,0.0,50.0,0.9177902566341092,0.0
2011-09-14,5227.0,0.0101849906850697,1.9841269397782539e-07,0.0,50.0,0.9062741667574984,0.0
2011-09-15,5337.5,0.0211402334034818,1.9841269397782539e-07,0.0,50.0,0.6315515881312137,0.0
2011-09-16,5368.39990234375,0.0057892088700233,1.9841269397782539e-07,0.0,50.0,0.565460284880565,0.0
2011-09-19,5259.60009765625,-0.0202667101308902,1.9841269397782539e-07,0.0,50.0,0.90305814837066,0.0
2011-09-20,5363.7001953125,0.0197923978483911,1.9841269397782539e-07,0.0,50.0,0.5829782988577606,0.0
2011-09-21,5288.39990234375,-0.0140388705980541,1.9841269397782539e-07,0.0,50.0,0.8512617230352714,0.0
2011-09-22,5041.60009765625,-0.046668143341074,1.9841269397782539e-07,0.0,50.0,0.7884756862180992,0.0
2011-09-23,5066.7998046875,0.0049983549950669,1.9841269397782539e-07,0.0,50.0,0.8353650474829032,0.0
2011-09-26,5089.39990234375,0.0044604283822979,1.9841269397782539e-07,0.0,50.0,0.8767271031848684,0.0
2011-09-27,5294.10009765625,0.040220890328982,3.9682538795565474e-07,0.0,50.0,0.6456113289416315,0.0
2011-09-28,5217.60009765625,-0.0144500479002781,3.9682538795565474e-07,0.0,50.0,0.8769003385605185,0.0
2011-09-29,5196.7998046875,-0.0039865632818608,3.9682538795565474e-07,0.0,50.0,0.9172084257179036,0.0
2011-09-30,5128.5,-0.0131426661126898,3.9682538795565474e-07,0.0,50.0,0.927279523780842,0.0
2011-10-03,5075.5,-0.0103344057716681,7.936507759113135e-07,0.0,50.0,0.8861622827231432,0.0
2011-10-04,4944.39990234375,-0.0258299867316027,1.9841269397782539e-07,0.0,50.0,0.7744113584915167,0.0
2011-10-05,5102.2001953125,0.0319149535000089,1.9841269397782539e-07,0.0,50.0,0.9249443060336532,0.0
2011-10-06,5291.2998046875,0.0370623656728972,1.9841269397782539e-07,0.0,50.0,0.5295163301762231,0.0
2011-10-07,5303.39990234375,0.002286791167178,1.9841269397782539e-07,0.0,50.0,0.5180660726976177,0.0
2011-10-10,5399.0,0.0180261906355583,1.9841269397782539e-07,0.0,50.0,0.4074848836420322,0.0
2011-10-11,5395.7001953125,-0.0006111881251157,1.9841269397782539e-07,0.0,50.0,0.4047409092150091,0.0
2011-10-12,5441.7998046875,0.008543767760679,5.952380819334841e-07,0.0,50.0,0.3752448295917797,0.0
2011-10-13,5403.39990234375,-0.0070564709695261,5.952380819334841e-07,0.0,50.0,0.3885032893675166,0.0
2011-10-14,5466.39990234375,0.0116593258205215,5.952380819334841e-07,0.0,50.0,0.3465606488689788,0.0
2011-10-17,5436.7001953125,-0.0054331383656208,7.936507759113135e-07,0.0,50.0,0.3449126484684217,0.0
2011-10-18,5410.39990234375,-0.0048375470458028,9.92063506846389e-07,0.0,50.0,0.3686998089025065,0.0
2011-10-19,5450.5,0.0074116698173971,7.936507759113135e-07,0.0,50.0,0.3208881522926682,0.0
2011-10-20,5384.7001953125,-0.0120722511122832,5.952380819334841e-07,0.0,50.0,0.4252636053658061,0.0
2011-10-21,5488.7001953125,0.0193139815082989,5.952380819334841e-07,0.0,50.0,0.2960886363345523,0.0
2011-10-24,5548.10009765625,0.0108222165959217,1.9841269397782539e-07,0.0,50.0,0.2891080411648933,0.0
2011-10-25,5525.5,-0.0040734841222127,5.952380819334841e-07,0.0,50.0,0.2717906852861403,0.0
2011-10-26,5553.2001953125,0.0050131563320061,5.952380819334841e-07,0.0,50.0,0.262548217469132,0.0
2011-10-27,5713.7998046875,0.0289201908316871,3.9682538795565474e-07,0.0,50.0,0.310680710468546,0.0
2011-10-28,5702.2001953125,-0.0020301042688761,3.9682538795565474e-07,0.0,50.0,0.2828763527196016,0.0
2011-10-31,5544.2001953125,-0.0277086027477401,1.9841269397782539e-07,0.0,50.0,0.2332309711291755,0.0
2011-11-01,5421.60009765625,-0.02211321621465,1.9841269397782539e-07,0.0,50.0,0.4996752863945494,0.0
2011-11-02,5484.10009765625,0.0115279620175265,1.9841269397782539e-07,0.0,50.0,0.3136388748334539,0.0
2011-11-03,5545.60009765625,0.0112142373233272,1.9841269397782539e-07,0.0,50.0,0.2434424900215467,0.0
2011-11-04,5527.2001953125,-0.0033179280906905,1.9841269397782539e-07,0.0,50.0,0.2419673158732978,0.0
2011-11-07,5510.7998046875,-0.002967214872895,1.9841269397782539e-07,0.0,50.0,0.2612090381650661,0.0
2011-11-08,5567.2998046875,0.0102525952679211,1.9841269397782539e-07,0.0,50.0,0.2095947146777527,0.0
2011-11-09,5460.39990234375,-0.0192013913555981,1.9841269397782539e-07,0.0,50.0,0.3906147364057541,0.0
2011-11-10,5444.7998046875,-0.0028569514935259,1.9841269397782539e-07,0.0,50.0,0.4285521118279916,0.0
2011-11-11,5545.39990234375,0.0184763630004618,1.9841269397782539e-07,0.0,50.0,0.2256654312826346,0.0
2011-11-14,5519.0,-0.004760685037808,1.9841269397782539e-07,0.0,50.0,0.2408081089416342,0.0
2011-11-15,5517.39990234375,-0.0002899252865102,3.9682538795565474e-07,0.0,50.0,0.2448095605940346,0.0
2011-11-16,5509.0,-0.0015224385566436,1.9841269397782539e-07,0.0,50.0,0.2534875792973425,0.0
2011-11-17,5423.10009765625,-0.015592648818978,1.9841269397782539e-07,0.0,50.0,0.5039892804016509,0.0
2011-11-18,5362.89990234375,-0.0111006977980209,1.9841269397782539e-07,0.0,50.0,0.6543763189976326,0.0
2011-11-21,5222.60009765625,-0.0261611828007799,1.9841269397782539e-07,0.0,50.0,0.7219623815401266,0.0
2011-11-22,5206.7998046875,-0.0030253691022295,5.952380819334841e-07,0.0,50.0,0.740977455924098,0.0
2011-11-23,5139.7998046875,-0.0128677887595528,5.952380819334841e-07,0.0,50.0,0.7285872378256075,0.0
2011-11-24,5127.60009765625,-0.0023735763054669,5.952380819334841e-07,0.0,50.0,0.7469015970619467,0.0
2011-11-25,5164.7001953125,0.0072353726791618,1.9841269397782539e-07,0.0,50.0,0.8065708195317047,0.0
2011-11-28,5312.7998046875,0.028675354575163,3.9682538795565474e-07,0.0,50.0,0.6942525166712933,0.0
2011-11-29,5337.0,0.0045550738221207,5.952380819334841e-07,0.0,50.0,0.5688803724319768,0.0
2011-11-30,5505.39990234375,0.0315532888034006,5.952380819334841e-07,0.0,50.0,0.2946065260443161,0.0
2011-12-01,5489.2998046875,-0.0029244192868524,5.952380819334841e-07,0.0,50.0,0.2763468565766501,0.0
2011-12-02,5552.2998046875,0.0114768735980137,5.952380819334841e-07,0.0,50.0,0.2682382665278463,0.0
2011-12-05,5568.0,0.002827692283339,5.952380819334841e-07,0.0,50.0,0.2526010617956283,0.0
2011-12-06,5568.7001953125,0.0001257534684806,1.9841269397782539e-07,0.0,50.0,0.2296019337432194,0.0
2011-12-07,5546.89990234375,-0.003914790203125,1.9841269397782539e-07,0.0,50.0,0.2013619088470858,0.0
2011-12-08,5483.7998046875,-0.0113757411828521,1.9841269397782539e-07,0.0,50.0,0.2358355658404714,0.0
2011-12-09,5529.2001953125,0.0082790021959211,1.9841269397782539e-07,0.0,50.0,0.1809491466649624,0.0
2011-12-12,5427.89990234375,-0.0183209667565716,1.9841269397782539e-07,0.0,50.0,0.4221630698904474,0.0
2011-12-13,5490.2001953125,0.0114777895852222,1.9841269397782539e-07,0.0,50.0,0.2221628505631154,0.0
2011-12-14,5366.7998046875,-0.0224764828667556,1.9841269397782539e-07,0.0,50.0,0.6497033148372939,0.0
2011-12-15,5400.89990234375,0.0063538978343231,1.9841269397782539e-07,0.0,50.0,0.5214879020641976,0.0
2011-12-16,5387.2998046875,-0.0025181169623876,1.9841269397782539e-07,0.0,50.0,0.5643559516907596,0.0
2011-12-19,5365.0,-0.0041393286982277,1.9841269397782539e-07,0.0,50.0,0.6236519967176367,0.0
2011-12-20,5419.60009765625,0.0101770918278192,1.9841269397782539e-07,0.0,50.0,0.3989872120955373,0.0
2011-12-21,5389.7001953125,-0.0055169942071335,1.9841269397782539e-07,0.0,50.0,0.5222276293420508,0.0
2011-12-22,5457.0,0.0124867436496804,1.9841269397782539e-07,0.0,50.0,0.2648771405426545,0.0
2011-12-23,5512.7001953125,0.0102071092747846,1.9841269397782539e-07,0.0,50.0,0.1870435834630865,0.0
2011-12-28,5507.39990234375,-0.000961469476112,1.9841269397782539e-07,0.0,50.0,0.1865071179239527,0.0
2011-12-29,5566.7998046875,0.0107854710747392,1.9841269397782539e-07,0.0,50.0,0.1777098327836914,0.0
2011-12-30,5572.2998046875,0.0009880003220825,1.9841269397782539e-07,0.0,50.0,0.1631838420215517,0.0
2012-01-03,5699.89990234375,0.0228990007947724,1.9841269397782539e-07,0.0,20.0,0.2554415942063028,1.0
2012-01-04,5668.5,-0.0055088515380486,3.9682538795565474e-07,1.0,20.0,0.2080817743403119,1.0
2012-01-05,5624.2998046875,-0.0077975117425245,3.9682538795565474e-07,1.0,20.0,0.1540624504353553,1.0
2012-01-06,5649.7001953125,0.0045161871712156,5.952380819334841e-07,1.0,20.0,0.1586623003227286,1.0
2012-01-09,5612.2998046875,-0.0066198894334306,1.9841269397782539e-07,1.0,20.0,0.13306915798498,1.0
2012-01-10,5696.7001953125,0.0150384679297614,3.9682538795565474e-07,1.0,20.0,0.1779736525765479,1.0
2012-01-11,5670.7998046875,-0.0045465602431231,5.952380819334841e-07,1.0,20.0,0.1397959018743967,1.0
2012-01-12,5662.39990234375,-0.0014812553137225,7.936507759113135e-07,1.0,20.0,0.1236268984276737,1.0
2012-01-13,5636.60009765625,-0.0045563374421543,7.936507759113135e-07,1.0,20.0,0.1068668376097541,1.0
2012-01-16,5657.39990234375,0.0036901331169738,7.936507759113135e-07,1.0,20.0,0.0999206684725842,1.0
2012-01-17,5694.0,0.0064694202792854,7.936507759113135e-07,1.0,20.0,0.1172003531817433,1.0
2012-01-18,5702.39990234375,0.0014752199409466,9.92063506846389e-07,1.0,20.0,0.1159510800775189,1.0
2012-01-19,5741.2001953125,0.0068042041304052,1.5873015518226308e-06,1.0,20.0,0.1467051182588742,1.0
2012-01-20,5728.60009765625,-0.0021946800716925,1.5873015518226308e-06,1.0,20.0,0.1156112770115851,0.0
2012-01-23,5782.60009765625,0.0094263867401205,1.3888888948020476e-06,1.0,20.0,0.1598386299996756,0.0
2012-01-24,5751.89990234375,-0.0053090642261329,1.3888888948020476e-06,0.0,20.0,0.1183477931350267,0.0
2012-01-25,5723.0,-0.005024409818393,1.3888888948020476e-06,0.0,20.0,0.0851334250008979,0.0
2012-01-26,5795.2001953125,0.0126157950921719,1.7857143566721944e-06,0.0,20.0,0.1431878118422869,0.0
2012-01-27,5733.5,-0.0106467754750572,1.984127013692778e-06,0.0,20.0,0.0765956366013223,0.0
2012-01-30,5671.10009765625,-0.0108833875196214,1.7857143566721944e-06,0.0,20.0,0.103288448066456,0.0
2012-01-31,5681.60009765625,0.001851492623863,2.182539670713361e-06,0.0,20.0,0.0917320386677574,0.0
2012-02-01,5790.7001953125,0.0192023542278618,2.182539670713361e-06,0.0,20.0,0.1191239575447363,0.0
2012-02-02,5796.10009765625,0.000932512850194,2.9761905944536585e-06,0.0,20.0,0.1124462591750046,0.0
2012-02-03,5901.10009765625,0.0181156291697686,2.777777789604095e-06,0.0,20.0,0.2041305301154789,0.0
2012-02-06,5892.2001953125,-0.0015081768138934,2.5793649847545317e-06,0.0,20.0,0.1827838044480422,0.0
2012-02-07,5890.2998046875,-0.0003225264862032,3.1746031036452616e-06,0.0,20.0,0.1694782752643318,0.0
2012-02-08,5875.89990234375,-0.0024446807159612,2.9761905944536585e-06,0.0,20.0,0.133877857869468,0.0
2012-02-09,5895.5,0.0033356758933948,3.373015908494825e-06,0.0,20.0,0.1395473607334102,0.0
2012-02-10,5852.39990234375,-0.0073106772379356,3.1746031036452616e-06,0.0,20.0,0.0910054942902792,0.0
2012-02-13,5905.7001953125,0.0091074249638005,3.769841222535996e-06,0.0,20.0,0.1303844149784967,0.0
2012-02-14,5899.89990234375,-0.0009821516123276,4.365079341426725e-06,0.0,20.0,0.1158527773984622,0.0
2012-02-15,5892.2001953125,-0.0013050572312576,4.166666536577163e-06,0.0,20.0,0.1003737839701149,0.0
2012-02-16,5885.39990234375,-0.0011541177732148,3.769841222535996e-06,0.0,20.0,0.0954362335982843,0.0
2012-02-17,5905.10009765625,0.0033472993576282,2.9761905944536585e-06,0.0,20.0,0.1027143019749395,0.0
2012-02-20,5945.2998046875,0.0068076249964341,2.9761905944536585e-06,0.0,20.0,0.1317671828550616,0.0
2012-02-21,5928.2001953125,-0.0028761559444854,2.777777789604095e-06,0.0,20.0,0.1073275805481636,0.0
2012-02-22,5916.60009765625,-0.0019567655062361,3.1746031036452616e-06,0.0,20.0,0.0951336659983791,0.0
2012-02-23,5937.89990234375,0.0036000074934821,3.373015908494825e-06,0.0,20.0,0.1081497973943431,0.0
2012-02-24,5935.10009765625,-0.0004715142952131,3.571428713344389e-06,0.0,20.0,0.0983767210621642,0.0
2012-02-27,5915.60009765625,-0.0032855385215323,3.96825402738556e-06,0.0,20.0,0.0886438546108281,0.0
2012-02-28,5927.89990234375,0.0020792150389565,3.769841222535996e-06,0.0,20.0,0.0981152434469556,0.0
2012-02-29,5871.5,-0.0095143142213738,2.9761905944536585e-06,0.0,20.0,0.0771687154318515,0.0
2012-03-01,5931.2998046875,0.0101847576747848,2.777777789604095e-06,0.0,20.0,0.0789268666081575,0.0
2012-03-02,5911.10009765625,-0.0034056122091967,2.3809523277339444e-06,0.0,20.0,0.0637108314278803,0.0
2012-03-05,5874.7998046875,-0.006141038447842,2.3809523277339444e-06,0.0,20.0,0.0728310129914718,0.0
2012-03-06,5765.7998046875,-0.0185538237257086,2.777777789604095e-06,0.0,20.0,0.2971532148990315,0.0
2012-03-07,5791.39990234375,0.0044399907252135,2.9761905944536585e-06,0.0,20.0,0.1874802483591688,0.0
2012-03-08,5859.7001953125,0.0117933995442292,2.9761905944536585e-06,0.0,20.0,0.0487110347818147,0.0
2012-03-09,5887.5,0.0047442366948633,3.1746031036452616e-06,0.0,20.0,0.0457902604256136,0.0
2012-03-12,5892.7998046875,0.0009001791401272,2.9761905944536585e-06,0.0,20.0,0.0613038662057359,0.0
2012-03-13,5955.89990234375,0.0107079995499008,3.1746031036452616e-06,0.0,20.0,0.1117281059282797,0.0
2012-03-14,5945.39990234375,-0.0017629577682909,3.1746031036452616e-06,0.0,20.0,0.0720597627897918,0.0
2012-03-15,5940.7001953125,-0.0007904778666607,2.9761905944536585e-06,0.0,20.0,0.0642910537337106,0.0
2012-03-16,5965.60009765625,0.0041914086766063,3.1746031036452616e-06,0.0,20.0,0.0823934993712314,0.0
2012-03-19,5961.10009765625,-0.0007543247831459,2.9761905944536585e-06,0.0,20.0,0.0856221954026777,0.0
2012-03-20,5891.39990234375,-0.0116925054387032,3.769841222535996e-06,0.0,20.0,0.0656732558184441,0.0
2012-03-21,5892.0,0.0001018599426616,3.373015908494825e-06,0.0,20.0,0.0561455376761041,0.0
2012-03-22,5845.7001953125,-0.0078580795464189,2.777777789604095e-06,0.0,20.0,0.1215085442033365,0.0
2012-03-23,5854.89990234375,0.0015737562180535,2.777777789604095e-06,0.0,20.0,0.0951288422895894,0.0
2012-03-26,5902.7001953125,0.0081641520377855,2.777777789604095e-06,0.0,20.0,0.0487417254998457,0.0
2012-03-27,5869.60009765625,-0.0056076196589716,3.1746031036452616e-06,0.0,20.0,0.0643140108402975,0.0
2012-03-28,5809.0,-0.0103243997287733,2.9761905944536585e-06,0.0,20.0,0.2074924240533568,0.0
2012-03-29,5742.0,-0.011533826820451,2.182539670713361e-06,0.0,20.0,0.400132520308502,0.0
2012-03-30,5768.5,0.0046151166840822,2.5793649847545317e-06,0.0,20.0,0.2870713123125845,0.0
2012-04-02,5874.89990234375,0.0184449861044899,2.3809523277339444e-06,0.0,20.0,0.0346238172609505,0.0
2012-04-03,5838.2998046875,-0.0062299100009599,2.9761905944536585e-06,0.0,20.0,0.0834728381809852,0.0
2012-04-04,5703.7998046875,-0.0230375288182377,2.777777789604095e-06,0.0,20.0,0.5018741897959466,0.0
2012-04-05,5723.7001953125,0.0034889707399348,2.777777789604095e-06,0.0,20.0,0.4130799195493361,0.0
2012-04-10,5595.60009765625,-0.0223806442135384,3.373015908494825e-06,0.0,20.0,0.6404288490747178,0.0
2012-04-11,5634.7001953125,0.0069876504707024,3.373015908494825e-06,0.0,20.0,0.6064616891261243,0.0
2012-04-12,5710.5,0.0134523225832952,3.373015908494825e-06,0.0,20.0,0.3636941612815146,0.0
2012-04-13,5651.7998046875,-0.01027934424525,3.1746031036452616e-06,0.0,20.0,0.5637689430626391,0.0
2012-04-16,5666.2998046875,0.0025655544253309,2.9761905944536585e-06,0.0,20.0,0.5008345395963049,0.0
2012-04-17,5767.0,0.0177717732530133,2.9761905944536585e-06,0.0,20.0,0.1350400700800836,0.0
2012-04-18,5745.2998046875,-0.0037628221453962,2.5793649847545317e-06,0.0,20.0,0.1874457306700644,0.0
2012-04-19,5744.60009765625,-0.0001217877317175,2.5793649847545317e-06,0.0,20.0,0.20852872729252,0.0
2012-04-20,5772.2001953125,0.0048045289814881,2.5793649847545317e-06,0.0,20.0,0.1123472819536756,0.0
2012-04-23,5665.60009765625,-0.0184678448510531,2.777777789604095e-06,0.0,20.0,0.5027029946332014,0.0
2012-04-24,5709.5,0.0077484999977162,3.1746031036452616e-06,0.0,20.0,0.2896294108738015,0.0
2012-04-25,5718.89990234375,0.0016463617381119,3.373015908494825e-06,0.0,20.0,0.2430773518558894,0.0
2012-04-26,5748.7001953125,0.0052108436023747,3.373015908494825e-06,0.0,20.0,0.1384166733162956,0.0
2012-04-27,5777.10009765625,0.0049402302048917,3.373015908494825e-06,0.0,20.0,0.0981832817074222,0.0
2012-04-30,5737.7998046875,-0.0068027716855199,3.571428713344389e-06,0.0,20.0,0.1672654673084747,0.0
2012-05-01,5812.2001953125,0.0129667107876818,3.373015908494825e-06,0.0,20.0,0.0852477369871509,0.0
2012-05-02,5758.10009765625,-0.0093080237841568,3.1746031036452616e-06,0.0,20.0,0.1231453494534559,0.0
2012-05-03,5766.60009765625,0.0014761813542387,2.9761905944536585e-06,0.0,20.0,0.1041571969245762,0.0
2012-05-04,5655.10009765625,-0.019335483319767,2.777777789604095e-06,0.0,20.0,0.5283411830247702,0.0
2012-05-08,5554.60009765625,-0.0177715687192967,3.571428713344389e-06,0.0,20.0,0.6833801965534853,0.0
2012-05-09,5530.10009765625,-0.0044107585729417,3.571428713344389e-06,0.0,20.0,0.7002153701235649,0.0
2012-05-10,5544.0,0.0025134992311697,3.571428713344389e-06,0.0,20.0,0.7013119318915452,0.0
2012-05-11,5575.5,0.0056818181818181,3.571428713344389e-06,0.0,20.0,0.6564229438034139,0.0
2012-05-14,5465.5,-0.0197291722715451,3.373015908494825e-06,0.0,20.0,0.7313066908198669,0.0
2012-05-15,5437.60009765625,-0.0051047300967431,3.571428713344389e-06,0.0,20.0,0.7364251084662365,0.0
2012-05-16,5405.2998046875,-0.0059401744130966,3.769841222535996e-06,0.0,20.0,0.7392468679850566,0.0
2012-05-17,5338.39990234375,-0.0123767237269122,3.571428713344389e-06,0.0,20.0,0.7236052417479676,0.0
2012-05-18,5267.60009765625,-0.0132623643755905,2.9761905944536585e-06,0.0,20.0,0.7050178955499499,0.0
2012-05-21,5304.5,0.0070050690370684,2.3809523277339444e-06,0.0,20.0,0.7515542838394434,0.0
2012-05-22,5403.2998046875,0.0186256583443302,3.373015908494825e-06,0.0,20.0,0.8512444090074408,0.0
2012-05-23,5266.39990234375,-0.0253363513579213,3.1746031036452616e-06,0.0,20.0,0.7711380631023292,0.0
2012-05-24,5350.10009765625,0.0158932471640163,3.571428713344389e-06,0.0,20.0,0.8673415157243325,0.0
2012-05-25,5351.5,0.0002616590938855,3.1746031036452616e-06,0.0,20.0,0.87408160701378,0.0
2012-05-29,5391.10009765625,0.0073998126985423,2.9761905944536585e-06,0.0,20.0,0.8661738200893498,0.0
2012-05-30,5297.2998046875,-0.0173991006046296,2.5793649847545317e-06,0.0,20.0,0.849097580903293,0.0
2012-05-31,5320.89990234375,0.0044551183671663,2.3809523277339444e-06,0.0,20.0,0.8766405072996776,0.0
2012-06-01,5260.2001953125,-0.0114077896869499,2.5793649847545317e-06,0.0,20.0,0.8361908115948257,0.0
2012-06-06,5384.10009765625,0.0235542180417696,3.1746031036452616e-06,0.0,20.0,0.837382466350614,0.0
2012-06-07,5447.7998046875,0.0118310777801065,3.1746031036452616e-06,0.0,20.0,0.6141572966122993,0.0
2012-06-08,5435.10009765625,-0.0023311625769218,3.1746031036452616e-06,0.0,20.0,0.6602171216820851,0.0
2012-06-11,5432.39990234375,-0.0004968069150491,2.9761905944536585e-06,0.0,20.0,0.6810337667828303,0.0
2012-06-12,5473.7001953125,0.0076025870170073,3.571428713344389e-06,0.0,20.0,0.5050420990307446,0.0
2012-06-13,5483.7998046875,0.0018451155552232,3.571428713344389e-06,0.0,20.0,0.4647221539656211,0.0
2012-06-14,5467.10009765625,-0.0030452802119025,3.769841222535996e-06,0.0,20.0,0.5211153410276617,0.0
2012-06-15,5478.7998046875,0.0021400206365831,3.373015908494825e-06,0.0,20.0,0.4731915986948057,0.0
2012-06-18,5491.10009765625,0.0022450707102359,2.9761905944536585e-06,0.0,20.0,0.4246108117297028,0.0
2012-06-19,5586.2998046875,0.0173370919011079,3.571428713344389e-06,0.0,20.0,0.2634719175609322,0.0
2012-06-20,5622.2998046875,0.0064443372641389,3.1746031036452616e-06,0.0,20.0,0.2459821674175873,0.0
2012-06-21,5566.39990234375,-0.0099425331778189,2.9761905944536585e-06,0.0,20.0,0.2417783371167317,0.0
2012-06-22,5513.7001953125,-0.009467466936585,2.9761905944536585e-06,0.0,20.0,0.3886314238656704,0.0
2012-06-25,5450.7001953125,-0.0114260837129954,2.9761905944536585e-06,0.0,20.0,0.6814017641579339,0.0
2012-06-26,5447.0,-0.0006788477039485,3.769841222535996e-06,0.0,20.0,0.6725451985630233,0.0
2012-06-27,5523.89990234375,0.0141178451154304,3.1746031036452616e-06,0.0,20.0,0.3272446639855556,0.0
2012-06-28,5493.10009765625,-0.0055757354825405,2.9761905944536585e-06,0.0,20.0,0.4521091616984773,0.0
2012-06-29,5571.2001953125,0.014217854447905,3.1746031036452616e-06,0.0,20.0,0.21342909697624,0.0
2012-07-02,5640.60009765625,0.0124569033441199,2.777777789604095e-06,0.0,20.0,0.1979316086467338,0.0
2012-07-03,5687.7001953125,0.0083501926817717,2.9761905944536585e-06,0.0,20.0,0.2111284239371479,0.0
2012-07-04,5684.5,-0.0005626518984136,2.9761905944536585e-06,0.0,20.0,0.1812868295835023,0.0
2012-07-05,5692.60009765625,0.0014249446136422,2.9761905944536585e-06,0.0,20.0,0.1608341277369348,0.0
2012-07-06,5662.60009765625,-0.0052699995582601,2.777777789604095e-06,0.0,20.0,0.1140546004115478,0.0
2012-07-09,5627.2998046875,-0.0062339371242833,2.777777789604095e-06,0.0,20.0,0.1026722422270697,0.0
2012-07-10,5664.10009765625,0.0065396005626172,3.571428713344389e-06,0.0,20.0,0.094346896741934,0.0
2012-07-11,5664.5,7.060297961825057e-05,3.571428713344389e-06,0.0,20.0,0.0921810691372914,0.0
2012-07-12,5608.2998046875,-0.0099214750308941,3.769841222535996e-06,0.0,20.0,0.1425149078300829,0.0
2012-07-13,5666.10009765625,0.0103062059771554,3.571428713344389e-06,0.0,20.0,0.0885404166653572,0.0
2012-07-16,5662.39990234375,-0.0006530409362218,3.373015908494825e-06,0.0,20.0,0.0927216956051295,0.0
2012-07-17,5629.10009765625,-0.005880864167456,3.769841222535996e-06,0.0,20.0,0.1110651794539649,0.0
2012-07-18,5685.7998046875,0.0100726059312497,3.373015908494825e-06,0.0,20.0,0.0902024706318199,0.0
2012-07-19,5714.2001953125,0.0049949684478138,3.1746031036452616e-06,0.0,20.0,0.1114012035451204,0.0
2012-07-20,5651.7998046875,-0.0109202317896017,3.373015908494825e-06,0.0,20.0,0.0945647145111589,0.0
2012-07-23,5533.89990234375,-0.0208605942209711,3.571428713344389e-06,0.0,20.0,0.5190490791902862,0.0
2012-07-24,5499.2001953125,-0.0062703893535468,3.769841222535996e-06,0.0,20.0,0.6025490652489508,0.0
2012-07-25,5498.2998046875,-0.0001637311959959,3.769841222535996e-06,0.0,20.0,0.591245991772505,0.0
2012-07-26,5573.2001953125,0.0136224639044135,3.96825402738556e-06,0.0,20.0,0.2797916753860184,0.0
2012-07-27,5627.2001953125,0.009689226675442,3.96825402738556e-06,0.0,20.0,0.1262278196820739,0.0
2012-07-30,5693.60009765625,0.0117998116361777,3.571428713344389e-06,0.0,20.0,0.1261348447849628,0.0
2012-07-31,5635.2998046875,-0.0102396185135568,3.96825402738556e-06,0.0,20.0,0.1150060339881153,0.0
2012-08-01,5712.7998046875,0.0137525957244608,3.571428713344389e-06,0.0,20.0,0.1223567212056022,0.0
2012-08-02,5662.2998046875,-0.0088397986497904,3.373015908494825e-06,0.0,20.0,0.0915299569093146,0.0
2012-08-03,5787.2998046875,0.0220758356695489,2.9761905944536585e-06,0.0,20.0,0.1740756621589719,0.0
2012-08-06,5808.7998046875,0.0037150313143594,2.9761905944536585e-06,0.0,20.0,0.171278470734948,0.0
2012-08-07,5841.2001953125,0.0055778115470348,3.96825402738556e-06,0.0,20.0,0.1878563837875335,0.0
2012-08-08,5845.89990234375,0.0008045790033051,4.166666536577163e-06,0.0,20.0,0.1848557422728126,0.0
2012-08-09,5851.5,0.0009579530525325,4.365079341426725e-06,0.0,20.0,0.1763549469062224,0.0
2012-08-10,5847.10009765625,-0.0007519272568999,3.769841222535996e-06,0.0,20.0,0.1590090414807377,0.0
2012-08-13,5831.89990234375,-0.0025996126385099,3.769841222535996e-06,0.0,20.0,0.1294767615140002,0.0
2012-08-14,5864.7998046875,0.0056413695184527,4.166666536577163e-06,0.0,20.0,0.150117560146351,0.0
2012-08-15,5833.0,-0.0054221466625482,3.1746031036452616e-06,0.0,20.0,0.1012786443322554,0.0
2012-08-16,5834.5,0.0002571575518601,2.9761905944536585e-06,0.0,20.0,0.1016120783681348,0.0
2012-08-17,5852.39990234375,0.0030679410992802,3.1746031036452616e-06,0.0,20.0,0.1241831805685903,0.0
2012-08-20,5824.39990234375,-0.0047843620509915,3.373015908494825e-06,0.0,20.0,0.0989706972537755,0.0
2012-08-21,5857.5,0.0056830056677479,4.166666536577163e-06,0.0,20.0,0.113135169716411,0.0
2012-08-22,5774.2001953125,-0.0142210507362355,3.96825402738556e-06,0.0,20.0,0.1063226852882422,0.0
2012-08-23,5776.60009765625,0.0004156250671214,3.769841222535996e-06,0.0,20.0,0.0889968876400832,0.0
2012-08-24,5776.60009765625,0.0,3.571428713344389e-06,0.0,20.0,0.0950811556212429,0.0
2012-08-28,5775.7001953125,-0.0001557840820788,3.96825402738556e-06,0.0,20.0,0.1138169524678604,0.0
2012-08-29,5743.5,-0.0055751154359835,3.769841222535996e-06,0.0,20.0,0.1499803236764543,0.0
2012-08-30,5719.5,-0.0041786367197701,3.571428713344389e-06,0.0,20.0,0.202086464906778,0.0
2012-08-31,5711.5,-0.0013987236646559,3.373015908494825e-06,0.0,20.0,0.2164965900866201,0.0
2012-09-03,5758.39990234375,0.0082114860095858,3.373015908494825e-06,0.0,20.0,0.0915506387956823,0.0
2012-09-04,5672.0,-0.015004151119929,3.571428713344389e-06,0.0,20.0,0.3331050741290557,0.0
2012-09-05,5657.89990234375,-0.0024859128448959,3.96825402738556e-06,0.0,20.0,0.3580576376367906,0.0
2012-09-06,5777.2998046875,0.0211032192871225,3.96825402738556e-06,0.0,20.0,0.0727390251440132,0.0
2012-09-07,5794.7998046875,0.0030290967392416,3.96825402738556e-06,0.0,20.0,0.0706768850580757,0.0
2012-09-10,5793.2001953125,-0.0002760422152472,3.769841222535996e-06,0.0,20.0,0.066745511284886,0.0
2012-09-11,5792.2001953125,-0.0001726161648633,3.96825402738556e-06,0.0,20.0,0.0829978785132597,0.0
2012-09-12,5782.10009765625,-0.001743741120071,3.769841222535996e-06,0.0,20.0,0.0754115354702647,0.0
2012-09-13,5819.89990234375,0.0065373833121329,3.769841222535996e-06,0.0,20.0,0.0907611382297592,0.0
2012-09-14,5915.60009765625,0.0164436153401814,3.769841222535996e-06,0.0,20.0,0.1622630767412033,0.0
2012-09-17,5893.5,-0.0037359012258124,3.571428713344389e-06,0.0,20.0,0.1181911936912835,0.0
2012-09-18,5868.2001953125,-0.0042928318804614,3.96825402738556e-06,0.0,20.0,0.0906113516106911,0.0
2012-09-19,5888.5,0.0034592897331136,4.166666536577163e-06,0.0,20.0,0.1105614092533751,0.0
2012-09-20,5854.60009765625,-0.0057569673675383,4.166666536577163e-06,0.0,20.0,0.0884651008308646,0.0
2012-09-21,5852.60009765625,-0.0003416117184161,3.96825402738556e-06,0.0,20.0,0.0711651911474084,0.0
2012-09-24,5838.7998046875,-0.0023579764102242,3.769841222535996e-06,0.0,20.0,0.085698253307239,0.0
2012-09-25,5859.7001953125,0.0035795696588569,4.166666536577163e-06,0.0,20.0,0.0940556373549022,0.0
2012-09-26,5768.10009765625,-0.0156322157453594,3.96825402738556e-06,0.0,20.0,0.1994130813591189,0.0
2012-09-27,5779.39990234375,0.0019590167466219,3.373015908494825e-06,0.0,20.0,0.1524042651636026,0.0
2012-09-28,5742.10009765625,-0.0064539234726382,3.571428713344389e-06,0.0,20.0,0.2500252162634894,0.0
2012-10-01,5820.5,0.0136535241480291,3.1746031036452616e-06,0.0,20.0,0.06281491795065,0.0
2012-10-02,5809.5,-0.0018898720041233,3.571428713344389e-06,0.0,20.0,0.0732795996927658,0.0
2012-10-03,5825.7998046875,0.0028057155843876,3.373015908494825e-06,0.0,20.0,0.0697475625326396,0.0
2012-10-04,5827.7998046875,0.0003433005024289,3.769841222535996e-06,0.0,20.0,0.067735488222528,0.0
2012-10-05,5871.0,0.0074127795669562,3.96825402738556e-06,0.0,20.0,0.073548828242161,0.0
2012-10-08,5841.7001953125,-0.0049905986522739,3.769841222535996e-06,0.0,20.0,0.0685718275658564,0.0
2012-10-09,5810.2998046875,-0.0053752143340386,3.769841222535996e-06,0.0,20.0,0.0927092544906448,0.0
2012-10-10,5776.7001953125,-0.0057827668974832,3.769841222535996e-06,0.0,20.0,0.1689739532251267,0.0
2012-10-11,5829.7998046875,0.0091920313638722,3.769841222535996e-06,0.0,20.0,0.0622437061591451,0.0
2012-10-12,5793.2998046875,-0.006260935404789,3.96825402738556e-06,0.0,20.0,0.1297112212256879,0.0
2012-10-15,5805.60009765625,0.0021231928923819,3.769841222535996e-06,0.0,20.0,0.1034249417760476,0.0
2012-10-16,5870.5,0.0111788447795346,3.96825402738556e-06,0.0,20.0,0.0556990486642323,0.0
2012-10-17,5910.89990234375,0.0068818503268461,4.166666536577163e-06,0.0,20.0,0.0812891292138591,0.0
2012-10-18,5917.10009765625,0.0010489427016082,3.769841222535996e-06,0.0,20.0,0.0809282007884588,0.0
2012-10-19,5896.2001953125,-0.0035321191122029,3.571428713344389e-06,0.0,20.0,0.0552323736279174,0.0
2012-10-22,5882.89990234375,-0.0022557397184925,3.571428713344389e-06,0.0,20.0,0.053873749973229,0.0
2012-10-23,5797.89990234375,-0.0144486565148144,3.96825402738556e-06,0.0,20.0,0.1876352153376881,0.0
2012-10-24,5804.7998046875,0.0011900692423063,4.166666536577163e-06,0.0,20.0,0.1513115294058612,0.0
2012-10-25,5805.10009765625,5.173183897011491e-05,4.365079341426725e-06,0.0,20.0,0.1673640361474062,0.0
2012-10-26,5806.7001953125,0.0002756365315554,4.166666536577163e-06,0.0,20.0,0.1388872597366553,0.0
2012-10-29,5795.10009765625,-0.0019977090716022,4.166666536577163e-06,0.0,20.0,0.161235354106571,0.0
2012-10-30,5849.89990234375,0.0094562309130195,4.166666536577163e-06,0.0,20.0,0.0612795088560682,0.0
2012-10-31,5782.7001953125,-0.0114873259633598,4.166666536577163e-06,0.0,20.0,0.1942222137832337,0.0
2012-11-01,5861.89990234375,0.0136959732229331,3.571428713344389e-06,0.0,20.0,0.0504173313703543,0.0
2012-11-02,5868.60009765625,0.0011430074590357,3.571428713344389e-06,0.0,20.0,0.0491060042343741,0.0
2012-11-05,5839.10009765625,-0.0050267524638084,3.571428713344389e-06,0.0,20.0,0.0680810324960058,0.0
2012-11-06,5884.89990234375,0.0078436409586271,3.96825402738556e-06,0.0,20.0,0.057173105800798,0.0
2012-11-07,5791.60009765625,-0.0158541022338106,3.571428713344389e-06,0.0,20.0,0.1922946062147365,0.0
2012-11-08,5776.10009765625,-0.0026762897538924,3.373015908494825e-06,0.0,20.0,0.2454604980265016,0.0
2012-11-09,5769.7001953125,-0.0011079971322427,3.571428713344389e-06,0.0,20.0,0.2429011733772918,0.0
2012-11-12,5767.2998046875,-0.0004160338568285,3.452380853039877e-06,0.0,20.0,0.2507096417363641,0.0
2012-11-13,5786.2998046875,0.0032944359827726,3.373015908494825e-06,0.0,20.0,0.1640303168235507,0.0
2012-11-14,5722.0,-0.0111124219030978,3.769841222535996e-06,0.0,20.0,0.3889802605769952,0.0
2012-11-15,5677.7998046875,-0.0077246059616392,2.9761905944536585e-06,0.0,20.0,0.508142978745048,0.0
2012-11-16,5605.60009765625,-0.0127161417300488,2.9761905944536585e-06,0.0,20.0,0.6151233600579992,0.0
2012-11-19,5737.7001953125,0.0235657370049429,2.9761905944536585e-06,0.0,20.0,0.2926780481142044,0.0
2012-11-20,5748.10009765625,0.0018125559004018,3.373015908494825e-06,0.0,20.0,0.2219042844131352,0.0
2012-11-21,5752.0,0.0006784680637939,3.571428713344389e-06,0.0,20.0,0.1958968890355054,0.0
2012-11-22,5791.0,0.0067802503477052,3.571428713344389e-06,0.0,20.0,0.1145122467743657,0.0
2012-11-23,5819.10009765625,0.0048523739693058,3.571428713344389e-06,0.0,20.0,0.1002237508583725,0.0
2012-11-26,5786.7001953125,-0.0055678544448478,3.571428713344389e-06,0.0,20.0,0.1179250638987246,0.0
2012-11-27,5799.7001953125,0.0022465307621311,3.769841222535996e-06,0.0,20.0,0.0976902184202786,0.0
2012-11-28,5803.2998046875,0.0006206543879474,3.650793657889441e-06,0.0,20.0,0.1022793519262078,0.0
2012-11-29,5870.2998046875,0.0115451557312069,3.1746031036452616e-06,0.0,20.0,0.1045839482535735,0.0
2012-11-30,5866.7998046875,-0.0005962216780146,2.9761905944536585e-06,0.0,20.0,0.0784956271651546,0.0
2012-12-03,5871.2001953125,0.0007500495621963,3.0555555389987068e-06,0.0,20.0,0.0721559260110599,0.0
2012-12-04,5869.0,-0.0003747437047465,3.571428713344389e-06,0.0,20.0,0.0679994318522759,0.0
2012-12-05,5892.10009765625,0.003935951210811,3.571428713344389e-06,0.0,20.0,0.0741696378719308,0.0
2012-12-06,5901.39990234375,0.0015783514423319,3.571428713344389e-06,0.0,20.0,0.0747620270078329,0.0
2012-12-07,5914.39990234375,0.0022028671527305,3.1746031036452616e-06,0.0,20.0,0.0788333618744743,0.0
2012-12-10,5921.60009765625,0.0012174008236485,2.9761905944536585e-06,0.0,20.0,0.0886558558253691,0.0
2012-12-11,5925.0,0.0005741526424751,2.9761905944536585e-06,0.0,20.0,0.0887221627159599,0.0
2012-12-12,5945.89990234375,0.00352740967827,2.3809523277339444e-06,0.0,20.0,0.1098657175274183,0.0
2012-12-13,5929.60009765625,-0.0027413520165509,2.063492106066809e-06,0.0,20.0,0.0918993417551468,0.0
2012-12-14,5921.7998046875,-0.0013154838168316,9.92063506846389e-07,0.0,20.0,0.083744907686349,0.0
2012-12-17,5912.2001953125,-0.0016210628004346,8.730158682853453e-07,0.0,20.0,0.0956166802419278,0.0
2012-12-18,5935.89990234375,0.0040086103731806,2.182539670713361e-06,0.0,20.0,0.0996739174603162,0.0
2012-12-19,5961.60009765625,0.0043296207374305,1.7857143566721944e-06,0.0,20.0,0.1058335873815082,0.0
2012-12-20,5958.2998046875,-0.0005535918066774,1.984127013692778e-06,0.0,20.0,0.1024319575446012,0.0
2012-12-21,5940.0,-0.0030713131744567,1.984127013692778e-06,0.0,20.0,0.106114504995102,0.0
2012-12-24,5954.2001953125,0.0023906052714646,1.984127013692778e-06,0.0,20.0,0.1202492492408562,0.0
2012-12-27,5954.2998046875,1.6729261988590594e-05,2.777777789604095e-06,0.0,20.0,0.1130350517795833,0.0
2012-12-28,5925.39990234375,-0.0048536189462611,3.9682538795565474e-07,0.0,20.0,0.1122257439203715,0.0
2012-12-31,5897.7998046875,-0.0046579299475353,1.3888888948020476e-06,0.0,20.0,0.1434817299751619,0.0
2013-01-02,6027.39990234375,0.0219743127858027,2.182539670713361e-06,0.0,50.0,0.1129684007429034,0.0
2013-01-03,6047.2998046875,0.0033015732598085,2.5793649847545317e-06,0.0,50.0,0.1272001928110202,0.0
2013-01-04,6089.7998046875,0.007027930046904,2.5793649847545317e-06,0.0,50.0,0.1619287873625663,0.0
2013-01-07,6064.60009765625,-0.0041380189561983,2.3015872353599167e-06,0.0,50.0,0.1155057113618027,0.0
2013-01-08,6053.60009765625,-0.0018138046734937,2.3809523277339444e-06,0.0,50.0,0.0922081106074863,0.0
2013-01-09,6098.7001953125,0.0074501283415981,2.182539670713361e-06,0.0,50.0,0.1224960203541182,0.0
2013-01-10,6101.5,0.0004590821974905,2.182539670713361e-06,0.0,50.0,0.1157560077228682,0.0
2013-01-11,6121.60009765625,0.0032942879056379,2.5000000402094805e-06,0.0,50.0,0.1309717315543292,0.0
2013-01-14,6107.89990234375,-0.0022380088692407,2.3809523277339444e-06,0.0,50.0,0.1073561431267253,0.0
2013-01-15,6117.2998046875,0.0015389745238201,3.1746031036452616e-06,0.0,50.0,0.1181238664542097,0.0
2013-01-16,6104.0,-0.0021741299449323,2.857142734149143e-06,0.0,50.0,0.1110684374153224,0.0
2013-01-17,6132.39990234375,0.0046526707640481,2.777777789604095e-06,0.0,50.0,0.1349741509854962,0.0
2013-01-18,6154.39990234375,0.0035875025031539,2.777777789604095e-06,0.0,50.0,0.1417741367050467,0.0
2013-01-21,6181.0,0.0043221269463038,2.777777789604095e-06,0.0,50.0,0.1642325977583733,0.0
2013-01-22,6179.2001953125,-0.0002911834149005,2.3809523277339444e-06,0.0,50.0,0.1659361104499279,0.0
2013-01-23,6197.60009765625,0.0029777158470618,2.777777789604095e-06,0.0,50.0,0.1801285122162034,0.0
2013-01-24,6264.89990234375,0.0108590105245658,2.9761905944536585e-06,0.0,50.0,0.2126385635088076,0.0
2013-01-25,6284.5,0.0031285571935342,2.777777789604095e-06,0.0,50.0,0.2253485197876251,0.0
2013-01-28,6294.39990234375,0.0015752887809292,2.3809523277339444e-06,0.0,50.0,0.2180170876382019,0.0
2013-01-29,6339.2001953125,0.007117484377195,2.5000000402094805e-06,0.0,50.0,0.2357150805908921,0.0
2013-01-30,6323.10009765625,-0.0025397679770635,2.3809523277339444e-06,0.0,50.0,0.2049254758978915,0.0
2013-01-31,6276.89990234375,-0.0073065734527316,2.5793649847545317e-06,0.0,50.0,0.1498528239934909,0.0
2013-02-01,6347.2001953125,0.0111998429260438,2.3809523277339444e-06,0.0,50.0,0.188377093612239,0.0
2013-02-04,6246.7998046875,-0.0158180595436625,2.182539670713361e-06,0.0,50.0,0.1213998441140417,0.0
2013-02-05,6282.7998046875,0.0057629508109073,2.777777789604095e-06,0.0,50.0,0.1349516200689735,0.0
2013-02-06,6295.2998046875,0.0019895588572906,2.5793649847545317e-06,0.0,50.0,0.1356592806550304,0.0
2013-02-07,6228.39990234375,-0.0106269604974073,2.5793649847545317e-06,0.0,50.0,0.1097997204880383,0.0
2013-02-08,6263.89990234375,0.0056996982461965,2.5793649847545317e-06,0.0,50.0,0.1128080369450683,0.0
2013-02-11,6277.10009765625,0.002107344548651,2.5793649847545317e-06,0.0,50.0,0.1157052695982807,0.0
2013-02-12,6338.39990234375,0.0097656248480708,3.2936506682918174e-06,0.0,50.0,0.1514280058336555,0.0
2013-02-13,6359.10009765625,0.0032658392703883,3.373015908494825e-06,0.0,50.0,0.1590085537548056,0.0
2013-02-14,6327.39990234375,-0.0049850127888667,3.769841222535996e-06,0.0,50.0,0.1344889384923822,0.0
2013-02-15,6328.2998046875,0.0001422230865186,3.769841222535996e-06,0.0,50.0,0.1286879359278763,0.0
2013-02-18,6318.2001953125,-0.0015959435688427,3.769841222535996e-06,0.0,50.0,0.1224129853908406,0.0
2013-02-19,6379.10009765625,0.0096388054289466,3.96825402738556e-06,0.0,50.0,0.1539104351959664,0.0
2013-02-20,6395.39990234375,0.0025551887316346,4.563492146276289e-06,0.0,50.0,0.1585124912066992,0.0
2013-02-21,6291.5,-0.016246036828076,4.761904655467893e-06,0.0,50.0,0.1164371240136126,0.0
2013-02-22,6335.7001953125,0.0070253827088135,4.761904655467893e-06,0.0,50.0,0.1220691513159856,0.0
2013-02-25,6355.39990234375,0.0031093180586141,4.563492146276289e-06,0.0,50.0,0.1224295296451484,0.0
2013-02-26,6270.39990234375,-0.013374453426393,4.365079341426725e-06,0.0,50.0,0.1175820897317209,0.0
2013-02-27,6325.89990234375,0.0088511101148835,3.96825402738556e-06,0.0,50.0,0.1078770380855968,0.0
2013-02-28,6360.7998046875,0.0055169861810207,3.96825402738556e-06,0.0,50.0,0.1211054732096268,0.0
2013-03-01,6378.60009765625,0.0027984362840083,3.96825402738556e-06,0.0,50.0,0.1353981339522063,0.0
2013-03-04,6345.60009765625,-0.0051735489754445,3.373015908494825e-06,0.0,50.0,0.1133197357326446,0.0
2013-03-05,6432.0,0.0136157181376213,3.373015908494825e-06,0.0,50.0,0.1558664286755288,0.0
2013-03-06,6427.60009765625,-0.0006840644191153,3.650793657889441e-06,0.0,50.0,0.136104031681695,0.0
2013-03-07,6439.2001953125,0.0018047323231076,3.571428713344389e-06,0.0,50.0,0.1328857795707063,0.0
2013-03-08,6483.60009765625,0.0068952511176887,3.452380853039877e-06,0.0,50.0,0.1600052584261149,0.0
2013-03-11,6503.60009765625,0.0030847059810537,3.452380853039877e-06,0.0,50.0,0.1742385134571539,0.0
2013-03-12,6510.60009765625,0.0010763269412157,3.650793657889441e-06,0.0,50.0,0.1674462116639422,0.0
2013-03-13,6481.5,-0.0044696490676374,3.373015908494825e-06,0.0,50.0,0.1492524283798401,0.0
2013-03-14,6529.39990234375,0.0073902495323228,3.571428713344389e-06,0.0,50.0,0.1776878945340446,0.0
2013-03-15,6489.7001953125,-0.0060801463572478,3.2936506682918174e-06,0.0,50.0,0.1468353086798051,0.0
2013-03-18,6457.89990234375,-0.0049001174186319,2.857142734149143e-06,0.0,50.0,0.1425389511454764,0.0
2013-03-19,6441.2998046875,-0.0025705102134248,2.777777789604095e-06,0.0,50.0,0.1363449726487672,0.0
2013-03-20,6432.7001953125,-0.0013350736087057,2.5000000402094805e-06,0.0,50.0,0.1245935738662965,0.0
2013-03-21,6388.60009765625,-0.0068556121562117,2.3809523277339444e-06,0.0,50.0,0.1322731939285868,0.0
2013-03-22,6392.7998046875,0.0006573751631113,2.5793649847545317e-06,0.0,50.0,0.1237473800728891,0.0
2013-03-25,6378.39990234375,-0.0022525188937078,2.3015872353599167e-06,0.0,50.0,0.1271194620392337,0.0
2013-03-26,6399.39990234375,0.0032923617712152,2.857142734149143e-06,0.0,50.0,0.1158474293416131,0.0
2013-03-27,6387.60009765625,-0.0018438923754676,3.1746031036452616e-06,0.0,50.0,0.1225705118894359,0.0
2013-03-28,6411.7001953125,0.0037729502924099,2.5793649847545317e-06,0.0,50.0,0.1115117913852348,0.0
2013-04-02,6490.7001953125,0.0123212248847437,2.698412845059044e-06,0.0,50.0,0.1245991840494182,0.0
2013-04-03,6420.2998046875,-0.0108463476214542,2.182539670713361e-06,0.0,50.0,0.0929760761424018,0.0
2013-04-04,6344.10009765625,-0.0118685590002535,2.5793649847545317e-06,0.0,50.0,0.1467802151551858,0.0
2013-04-05,6249.7998046875,-0.0148642504874076,2.3809523277339444e-06,0.0,50.0,0.3067799904670182,0.0
2013-04-08,6276.89990234375,0.0043361545174493,2.182539670713361e-06,0.0,50.0,0.2220751554679217,0.0
2013-04-09,6313.2001953125,0.0057831562608152,2.5000000402094805e-06,0.0,50.0,0.136872126556474,0.0
2013-04-10,6387.39990234375,0.0117531053563519,2.5793649847545317e-06,0.0,50.0,0.0752827905403117,0.0
2013-04-11,6416.10009765625,0.0044932516753755,2.5000000402094805e-06,0.0,50.0,0.0867841875992877,0.0
2013-04-12,6384.39990234375,-0.00494072642727,2.182539670713361e-06,0.0,50.0,0.0797083899693338,0.0
2013-04-15,6343.60009765625,-0.0063905465371181,2.182539670713361e-06,0.0,50.0,0.1050487175425658,0.0
2013-04-16,6304.60009765625,-0.0061479285263282,2.063492106066809e-06,0.0,50.0,0.1503863377211966,0.0
2013-04-17,6244.2001953125,-0.0095802908048369,1.984127013692778e-06,0.0,50.0,0.2675744005860458,0.0
2013-04-18,6243.7001953125,-8.007430645406988e-05,1.984127013692778e-06,0.0,50.0,0.2514235637615526,0.0
2013-04-19,6286.60009765625,0.0068709100376018,1.7857143566721944e-06,0.0,50.0,0.138763723763059,0.0
2013-04-22,6280.60009765625,-0.0009544109545375,1.7857143566721944e-06,0.0,50.0,0.1461497477029031,0.0
2013-04-23,6406.10009765625,0.0199821669981556,1.7857143566721944e-06,0.0,50.0,0.0860066571310298,0.0
2013-04-24,6431.7998046875,0.0040117554579974,1.90476192131875e-06,0.0,50.0,0.1017962880212166,0.0
2013-04-25,6442.60009765625,0.0016792022912277,1.984127013692778e-06,0.0,50.0,0.1010416414414636,0.0
2013-04-26,6426.39990234375,-0.0025145430520192,1.7857143566721944e-06,0.0,50.0,0.0893871650331068,0.0
2013-04-29,6458.0,0.0049172317528396,1.7857143566721944e-06,0.0,50.0,0.1186594684318279,0.0
2013-04-30,6430.10009765625,-0.0043202078575023,1.7857143566721944e-06,0.0,50.0,0.0886403398133885,0.0
2013-05-01,6451.2998046875,0.0032969482137574,1.984127013692778e-06,0.0,50.0,0.091704227788498,0.0
2013-05-02,6460.7001953125,0.0014571312618536,1.984127013692778e-06,0.0,50.0,0.1044993154046414,0.0
2013-05-03,6521.5,0.0094107144503645,1.7857143566721944e-06,0.0,50.0,0.1387161552981162,0.0
2013-05-07,6557.2998046875,0.0054895046672545,1.3888888948020476e-06,0.0,50.0,0.1609848113691714,0.0
2013-05-08,6583.5,0.003995576852193,1.3888888948020476e-06,0.0,50.0,0.1776735367766,0.0
2013-05-09,6592.7001953125,0.0013974626433508,1.3888888948020476e-06,0.0,50.0,0.1820312496261821,0.0
2013-05-10,6625.0,0.0048993286105236,1.3888888948020476e-06,0.0,50.0,0.1931007070078466,0.0
2013-05-13,6631.7998046875,0.0010263856132075,1.3888888948020476e-06,0.0,50.0,0.2011338649248042,0.0
2013-05-14,6686.10009765625,0.0081878667281798,1.5873015518226308e-06,0.0,50.0,0.2274473859710261,0.0
2013-05-15,6693.60009765625,0.0011217301402097,1.4682539871760755e-06,0.0,50.0,0.2259338190151295,0.0
2013-05-16,6687.7998046875,-0.000866543098501,9.92063506846389e-07,0.0,50.0,0.2047902691105176,0.0
2013-05-17,6723.10009765625,0.0052783118513817,1.1904761638669722e-06,0.0,50.0,0.2218207479296535,0.0
2013-05-20,6755.60009765625,0.0048340794466721,1.3888888948020476e-06,0.0,50.0,0.2377667134256389,0.0
2013-05-21,6803.89990234375,0.0071495950010802,1.5873015518226308e-06,0.0,50.0,0.2557317854887539,0.0
2013-05-22,6840.2998046875,0.0053498585908371,1.3888888948020476e-06,0.0,50.0,0.2580555463875776,0.0
2013-05-23,6696.7998046875,-0.0209786126481857,1.5873015518226308e-06,0.0,50.0,0.1996123625090662,0.0
2013-05-24,6654.2998046875,-0.0063463148428375,1.4682539871760755e-06,0.0,50.0,0.1792968319277612,0.0
2013-05-28,6762.0,0.0161850530444438,1.3888888948020476e-06,0.0,50.0,0.1978371519642519,0.0
2013-05-29,6627.2001953125,-0.0199349016101005,1.5873015518226308e-06,0.0,50.0,0.1750239525356895,0.0
2013-05-30,6657.0,0.0044965903864768,9.92063506846389e-07,0.0,50.0,0.180982546958414,0.0
2013-05-31,6583.10009765625,-0.0111010819203469,1.1904761638669722e-06,0.0,50.0,0.1925361977142642,0.0
2013-06-03,6525.10009765625,-0.0088104387202998,1.1904761638669722e-06,0.0,50.0,0.2345038135040412,0.0
2013-06-04,6558.60009765625,0.0051340208577079,1.5873015518226308e-06,0.0,50.0,0.1829147181379142,0.0
2013-06-05,6419.2998046875,-0.0212393332257793,1.7857143566721944e-06,0.0,50.0,0.3699337107374295,0.0
2013-06-06,6336.10009765625,-0.0129608694970899,1.7857143566721944e-06,0.0,50.0,0.4678392816493215,0.0
2013-06-07,6412.0,0.0119789620072172,1.5873015518226308e-06,0.0,50.0,0.326013996371314,0.0
2013-06-10,6400.5,-0.0017935121646912,1.5873015518226308e-06,0.0,50.0,0.3249791705345164,0.0
2013-06-11,6340.10009765625,-0.0094367474953128,1.7857143566721944e-06,0.0,50.0,0.4168823113703052,0.0
2013-06-12,6299.5,-0.006403699788787,1.5873015518226308e-06,0.0,50.0,0.4664531847400152,0.0
2013-06-13,6304.60009765625,0.0008096035647671,1.7063492642981665e-06,0.0,50.0,0.4339078777006967,0.0
2013-06-14,6308.2998046875,0.0005868265986648,1.5873015518226308e-06,0.0,50.0,0.4073119297275894,0.0
2013-06-17,6330.5,0.0035192042229832,1.5873015518226308e-06,0.0,50.0,0.3403521076048105,0.0
2013-06-18,6374.2001953125,0.0069031190762973,1.7857143566721944e-06,0.0,50.0,0.2256817403316721,0.0
2013-06-19,6348.7998046875,-0.003984874940652,1.5873015518226308e-06,0.0,50.0,0.2712316901418302,0.0
2013-06-20,6159.5,-0.0298166284197108,1.5873015518226308e-06,0.0,50.0,0.5888814790305497,0.0
2013-06-21,6116.2001953125,-0.0070297596700219,1.5873015518226308e-06,0.0,50.0,0.6124547136399305,0.0
2013-06-24,6029.10009765625,-0.0142408840251835,1.5873015518226308e-06,0.0,50.0,0.6357392499418476,0.0
2013-06-25,6101.89990234375,0.0120747381049122,2.3015872353599167e-06,0.0,50.0,0.636996667856764,0.0
2013-06-26,6165.5,0.010422999176342,2.182539670713361e-06,0.0,50.0,0.5651695306688416,0.0
2013-06-27,6243.39990234375,0.0126348069651691,1.7857143566721944e-06,0.0,50.0,0.3601187020810236,0.0
2013-06-28,6215.5,-0.0044687033956092,1.1904761638669722e-06,0.0,50.0,0.433321126061621,0.0
2013-07-01,6307.7998046875,0.0148499404211246,3.9682538795565474e-07,0.0,50.0,0.2062356468505497,0.0
2013-07-02,6303.89990234375,-0.0006182666642101,1.3888888948020476e-06,0.0,50.0,0.2071318235297379,0.0
2013-07-03,6229.89990234375,-0.0117387650734249,1.3888888948020476e-06,0.0,50.0,0.3795508580629441,0.0
2013-07-04,6421.7001953125,0.0307870585363005,1.3888888948020476e-06,0.0,50.0,0.1935366955595682,0.0
2013-07-05,6375.5,-0.0071943868301768,1.3888888948020476e-06,0.0,50.0,0.1577613498004342,0.0
2013-07-08,6450.10009765625,0.0117010583728727,1.3888888948020476e-06,0.0,50.0,0.169654407570106,0.0
2013-07-09,6513.10009765625,0.0097672902817262,1.3888888948020476e-06,0.0,50.0,0.1927939873273425,0.0
2013-07-10,6505.0,-0.0012436623934529,1.1904761638669722e-06,0.0,50.0,0.1633118311904595,0.0
2013-07-11,6543.39990234375,0.0059031364094928,1.1904761638669722e-06,0.0,50.0,0.1695047358810981,0.0
2013-07-12,6544.89990234375,0.0002292386255442,1.1904761638669722e-06,0.0,50.0,0.1455473024764493,0.0
2013-07-15,6586.10009765625,0.0062950077048153,7.936507759113135e-07,0.0,50.0,0.1604576766534682,0.0
2013-07-16,6556.39990234375,-0.0045095268629563,1.3888888948020476e-06,0.0,50.0,0.1180802824854493,0.0
2013-07-17,6571.89990234375,0.0023641022864482,9.92063506846389e-07,0.0,50.0,0.1132980624582585,0.0
2013-07-18,6634.39990234375,0.0095101874539675,8.730158682853453e-07,0.0,50.0,0.1525792704080446,0.0
2013-07-19,6630.7001953125,-0.0005576551136061,7.936507759113135e-07,0.0,50.0,0.1366500999299881,0.0
2013-07-22,6623.2001953125,-0.0011311022635742,1.9841269397782539e-07,0.0,50.0,0.1146791808694982,0.0
2013-07-23,6597.39990234375,-0.00389544211377,7.936507759113135e-07,0.0,50.0,0.0823270426248827,0.0
2013-07-24,6620.39990234375,0.0034862218965729,7.936507759113135e-07,0.0,50.0,0.0919431776999284,0.0
2013-07-25,6588.0,-0.0048939494323114,5.952380819334841e-07,0.0,50.0,0.0657851416985037,0.0
2013-07-26,6554.7998046875,-0.0050394953419095,5.952380819334841e-07,0.0,50.0,0.063804874848356,0.0
2013-07-29,6560.2998046875,0.000839079783347,7.936507759113135e-07,0.0,50.0,0.0713268497752734,0.0
2013-07-30,6571.0,0.0016310527919554,1.1904761638669722e-06,0.0,50.0,0.0803012737566617,0.0
2013-07-31,6621.10009765625,0.0076244251493304,1.1904761638669722e-06,0.0,50.0,0.0855536863670815,0.0
2013-08-01,6682.0,0.009197852538932,1.3888888948020476e-06,0.0,50.0,0.113792294787535,0.0
2013-08-02,6647.89990234375,-0.005103277111082,1.1904761638669722e-06,0.0,50.0,0.0801493631665849,0.0
2013-08-05,6619.60009765625,-0.0042569540912495,1.3888888948020476e-06,0.0,50.0,0.0672036813863621,0.0
2013-08-06,6604.2001953125,-0.0023264097704637,1.5873015518226308e-06,0.0,50.0,0.0628948950536644,0.0
2013-08-07,6511.2001953125,-0.0140819474349079,1.5873015518226308e-06,0.0,50.0,0.1631356927063365,0.0
2013-08-08,6529.7001953125,0.0028412580545931,1.7857143566721944e-06,0.0,50.0,0.123438628366324,0.0
2013-08-09,6583.39990234375,0.0082239161714958,1.90476192131875e-06,0.0,50.0,0.0601130015331712,0.0
2013-08-12,6574.2998046875,-0.0013822793376124,1.90476192131875e-06,0.0,50.0,0.0632243082891618,0.0
2013-08-13,6611.89990234375,0.0057192550953397,2.063492106066809e-06,0.0,50.0,0.0548619235180443,0.0
2013-08-14,6587.39990234375,-0.0037054402458989,1.984127013692778e-06,0.0,50.0,0.0642828222245337,0.0
2013-08-15,6483.2998046875,-0.0158029114976323,1.7857143566721944e-06,0.0,50.0,0.2226930643022705,0.0
2013-08-16,6500.0,0.0025758789220924,1.5873015518226308e-06,0.0,50.0,0.1521394911653185,0.0
2013-08-19,6465.7001953125,-0.0052768930288461,1.5873015518226308e-06,0.0,50.0,0.2303570210660688,0.0
2013-08-20,6453.5,-0.0018869101480061,1.7857143566721944e-06,0.0,50.0,0.2313739267346296,0.0
2013-08-21,6390.7998046875,-0.0097156884345703,1.309523802428016e-06,0.0,50.0,0.3831222270785925,0.0
2013-08-22,6446.89990234375,0.0087782592743872,7.936507759113135e-07,0.0,50.0,0.2077930379059535,0.0
2013-08-23,6492.10009765625,0.0070111520261184,8.730158682853453e-07,0.0,50.0,0.0965754571824593,0.0
2013-08-27,6441.0,-0.007871119805238,1.309523802428016e-06,0.0,50.0,0.2071187695553094,0.0
2013-08-28,6430.10009765625,-0.0016922686452025,1.1904761638669722e-06,0.0,50.0,0.216333778450197,0.0
2013-08-29,6483.10009765625,0.0082424844395996,7.936507759113135e-07,0.0,50.0,0.0936530975618046,0.0
2013-08-30,6412.89990234375,-0.010828183161614,7.936507759113135e-07,0.0,50.0,0.2567918146779643,0.0
2013-09-02,6506.2001953125,0.014548845980685,7.936507759113135e-07,0.0,50.0,0.067762377097729,0.0
2013-09-03,6468.39990234375,-0.0058098877738167,5.952380819334841e-07,0.0,50.0,0.1209596463758411,0.0
2013-09-04,6474.7001953125,0.0009740110481522,5.952380819334841e-07,0.0,50.0,0.0986764998315502,0.0
2013-09-05,6532.39990234375,0.0089115642872581,5.952380819334841e-07,0.0,50.0,0.0620613401957991,0.0
2013-09-06,6547.2998046875,0.0022809231777749,5.952380819334841e-07,0.0,50.0,0.0660417930064716,0.0
2013-09-09,6530.7001953125,-0.0025353366838518,3.9682538795565474e-07,0.0,50.0,0.0625746713648173,0.0
2013-09-10,6584.0,0.0081614226795707,5.952380819334841e-07,0.0,50.0,0.0780995653132912,0.0
2013-09-11,6588.39990234375,0.0006682719234127,5.952380819334841e-07,0.0,50.0,0.091399176296978,0.0
2013-09-12,6589.0,9.10839756458337e-05,3.9682538795565474e-07,0.0,50.0,0.0910020848805044,0.0
2013-09-13,6583.7998046875,-0.0007892237536044,3.9682538795565474e-07,0.0,50.0,0.1019957183055865,0.0
2013-09-16,6622.89990234375,0.0059388345357056,1.1904762008242065e-07,0.0,50.0,0.1074099326879912,0.0
2013-09-17,6570.2001953125,-0.0079571951574566,1.9841269397782539e-07,0.0,50.0,0.0656858090792458,0.0
2013-09-18,6558.7998046875,-0.0017351664007336,1.9841269397782539e-07,0.0,50.0,0.0720654601280896,0.0
2013-09-19,6625.39990234375,0.0101543117093849,1.9841269397782539e-07,0.0,50.0,0.0749582631869202,0.0
2013-09-20,6596.39990234375,-0.0043770942776965,1.9841269397782539e-07,0.0,50.0,0.05686112691704,0.0
2013-09-23,6557.39990234375,-0.0059123158961515,1.9841269397782539e-07,0.0,50.0,0.0770211104316591,0.0
2013-09-24,6571.5,0.0021502573987,5.952380819334841e-07,0.0,50.0,0.0676808197810701,0.0
2013-09-25,6551.5,-0.0030434451799437,5.952380819334841e-07,0.0,50.0,0.0888909461109435,0.0
2013-09-26,6565.60009765625,0.002152193796268,1.1904762008242065e-07,0.0,50.0,0.0779863387907452,0.0
2013-09-27,6512.7001953125,-0.008057131344724,1.9841269397782539e-07,0.0,50.0,0.1490694745138066,0.0
2013-09-30,6462.2001953125,-0.00775408025635,1.9841269397782539e-07,0.0,50.0,0.2603908987726831,0.0
2013-10-01,6460.0,-0.0003404715493178,5.158730265167024e-07,0.0,50.0,0.2438888232961081,0.0
2013-10-02,6437.5,-0.0034829721362229,3.9682538795565474e-07,0.0,50.0,0.2851997852025931,0.0
2013-10-03,6449.0,0.0017864077669902,7.936507759113135e-07,0.0,50.0,0.2444349600868863,0.0
2013-10-04,6453.89990234375,0.0007597925792759,7.142856835372857e-07,0.0,50.0,0.2247905530260861,0.0
2013-10-07,6437.2998046875,-0.002572103365009,7.142856835372857e-07,0.0,50.0,0.2557029510453178,0.0
2013-10-08,6365.7998046875,-0.011107141529735,1.7857143566721944e-06,0.0,50.0,0.4182955887741956,0.0
2013-10-09,6337.89990234375,-0.0043827803574981,1.4682539871760755e-06,0.0,50.0,0.4590863012022975,0.0
2013-10-10,6430.5,0.0146105333127786,1.5873015518226308e-06,0.0,50.0,0.2041561938097339,0.0
2013-10-11,6487.2001953125,0.0088173851663946,2.5000000402094805e-06,0.0,50.0,0.1092824134577685,0.0
2013-10-14,6507.7001953125,0.0031600689639288,2.3015872353599167e-06,0.0,50.0,0.1165206994035096,0.0
2013-10-15,6549.10009765625,0.0063616794107341,3.650793657889441e-06,0.0,50.0,0.1129220796863174,0.0
2013-10-16,6571.60009765625,0.0034355865179174,3.650793657889441e-06,0.0,50.0,0.1263988740414945,0.0
2013-10-17,6576.2001953125,0.0006999965895506,1.4682539871760755e-06,0.0,50.0,0.1476164901904267,0.0
2013-10-18,6622.60009765625,0.0070557314202239,9.92063506846389e-07,0.0,50.0,0.1743989662161097,0.0
2013-10-21,6654.2001953125,0.0047715545541446,9.92063506846389e-07,0.0,50.0,0.1960148983457875,0.0
2013-10-22,6695.7001953125,0.0062366623759282,1.309523802428016e-06,0.0,50.0,0.199597734028968,0.0
2013-10-23,6674.5,-0.0031662402279214,1.1904761638669722e-06,0.0,50.0,0.1733800723120955,0.0
2013-10-24,6713.2001953125,0.0057982163926135,1.1904761638669722e-06,0.0,50.0,0.1915534322641095,0.0
2013-10-25,6721.2998046875,0.0012065198622641,1.1904761638669722e-06,0.0,50.0,0.190706096355738,0.0
2013-10-28,6725.7998046875,0.0006695133576486,7.936507759113135e-07,0.0,50.0,0.18488132033953,0.0
2013-10-29,6774.7001953125,0.0072705688609582,1.5873015518226308e-06,0.0,50.0,0.2090943855785381,0.0
2013-10-30,6777.7001953125,0.0004428240237221,1.3888888948020476e-06,0.0,50.0,0.1864661700259321,0.0
2013-10-31,6731.39990234375,-0.0068312689606382,1.309523802428016e-06,0.0,50.0,0.1411629609520013,0.0
2013-11-01,6734.7001953125,0.0004902833016355,1.309523802428016e-06,0.0,50.0,0.1344027055693565,0.0
2013-11-04,6763.60009765625,0.0042911935952048,1.309523802428016e-06,0.0,50.0,0.1439032590630531,0.0
2013-11-05,6746.7998046875,-0.0024839276015995,1.7857143566721944e-06,0.0,50.0,0.1383899436140399,0.0
2013-11-06,6741.7001953125,-0.0007558560388077,1.7857143566721944e-06,0.0,50.0,0.1248066550420315,0.0
2013-11-07,6697.2001953125,-0.0066007088287523,1.90476192131875e-06,0.0,50.0,0.1153247328916027,0.0
2013-11-08,6708.39990234375,0.0016722968859568,2.063492106066809e-06,0.0,50.0,0.1257152708058532,0.0
2013-11-11,6728.39990234375,0.0029813368748354,2.063492106066809e-06,0.0,50.0,0.1267521413529964,0.0
2013-11-12,6726.7998046875,-0.000237812508096,2.3015872353599167e-06,0.0,50.0,0.1474374132621669,0.0
2013-11-13,6630.0,-0.0143901717752988,2.777777789604095e-06,0.0,50.0,0.1948173029084317,0.0
2013-11-14,6666.10009765625,0.0054449619391025,2.698412845059044e-06,0.0,50.0,0.1431449965640225,0.0
2013-11-15,6693.39990234375,0.0040953187452283,2.777777789604095e-06,0.0,50.0,0.1317207544602202,0.0
2013-11-18,6723.5,0.0044969818172242,2.5793649847545317e-06,0.0,50.0,0.1372060173776817,0.0
2013-11-19,6698.0,-0.0037926675094817,3.1746031036452616e-06,0.0,50.0,0.1404642357411833,0.0
2013-11-20,6681.10009765625,-0.0025231266562779,3.0555555389987068e-06,0.0,50.0,0.1451943510504007,0.0
2013-11-21,6681.2998046875,2.989133949959921e-05,2.777777789604095e-06,0.0,50.0,0.1540654225685755,0.0
2013-11-22,6674.2998046875,-0.0010477003284733,2.5793649847545317e-06,0.0,50.0,0.1510969887772751,0.0
2013-11-25,6694.60009765625,0.0030415614465644,2.3809523277339444e-06,0.0,50.0,0.1400823950361285,0.0
2013-11-26,6636.2001953125,-0.0087234340351705,2.698412845059044e-06,0.0,50.0,0.181083531381219,0.0
2013-11-27,6649.5,0.0020041295162998,2.5000000402094805e-06,0.0,50.0,0.1618966819730954,0.0
2013-11-28,6654.5,0.0007519362358072,2.5000000402094805e-06,0.0,50.0,0.1578498052189643,0.0
2013-11-29,6650.60009765625,-0.0005860549017582,2.182539670713361e-06,0.0,50.0,0.1699076791854015,0.0
2013-12-02,6595.2998046875,-0.0083150831739587,1.984127013692778e-06,0.0,50.0,0.2555173906057134,0.0
2013-12-03,6532.39990234375,-0.0095370800731522,1.3888888948020476e-06,0.0,50.0,0.366069919011004,0.0
2013-12-04,6510.0,-0.0034290463962124,2.063492106066809e-06,0.0,50.0,0.3866376022032319,0.0
2013-12-05,6498.2998046875,-0.0017972650249615,1.90476192131875e-06,0.0,50.0,0.3930052382294238,0.0
2013-12-06,6552.0,0.008263730041166,2.063492106066809e-06,0.0,50.0,0.2498975225738305,0.0
2013-12-09,6559.5,0.0011446886446886,2.063492106066809e-06,0.0,50.0,0.2210789067432041,0.0
2013-12-10,6523.2998046875,-0.0055187430920802,2.777777789604095e-06,0.0,50.0,0.2999096294425922,0.0
2013-12-11,6507.7001953125,-0.0023913678417463,2.698412845059044e-06,0.0,50.0,0.3385865130155153,0.0
2013-12-12,6445.2998046875,-0.0095887008854445,2.5000000402094805e-06,0.0,50.0,0.4507810973802927,0.0
2013-12-13,6440.0,-0.0008222743469039,2.3809523277339444e-06,0.0,50.0,0.4491583334939629,0.0
2013-12-16,6522.2001953125,0.0127640054833073,2.3015872353599167e-06,0.0,50.0,0.2590510036658118,0.0
2013-12-17,6486.2001953125,-0.0055196097822746,2.5000000402094805e-06,0.0,50.0,0.3468821531300051,0.0
2013-12-18,6492.10009765625,0.000909608424978,2.3809523277339444e-06,0.0,50.0,0.3402918913367294,0.0
2013-12-19,6584.7001953125,0.014263504299584,2.3015872353599167e-06,0.0,50.0,0.1639054234821031,0.0
2013-12-20,6606.60009765625,0.0033258769107422,2.182539670713361e-06,0.0,50.0,0.1352624325760976,0.0
2013-12-23,6678.60009765625,0.0108981925552815,2.3015872353599167e-06,0.0,50.0,0.1303535040650699,0.0
2013-12-24,6694.2001953125,0.0023358334723058,2.698412845059044e-06,0.0,50.0,0.1275893435737448,0.0
2013-12-27,6750.89990234375,0.008469974810576,2.3015872353599167e-06,0.0,50.0,0.1523337694317297,0.0
2013-12-30,6731.2998046875,-0.0029033311024868,2.182539670713361e-06,0.0,50.0,0.1232626986572898,0.0
2013-12-31,6749.10009765625,0.0026444065017507,2.5000000402094805e-06,0.0,50.0,0.1253240524738685,0.0
2014-01-02,6717.89990234375,-0.0046228674728553,2.3015872353599167e-06,0.0,50.0,0.0909118604975327,0.0
2014-01-03,6730.7001953125,0.0019054009667938,2.3015872353599167e-06,0.0,50.0,0.0923696700655141,0.0
2014-01-06,6730.7001953125,0.0,1.7857143566721944e-06,0.0,50.0,0.0925768176849888,0.0
2014-01-07,6755.5,0.0036845802023348,1.7063492642981665e-06,0.0,50.0,0.0991099455601651,0.0
2014-01-08,6721.7998046875,-0.0049885567778106,1.5873015518226308e-06,0.0,50.0,0.087421239602879,0.0
2014-01-09,6691.2998046875,-0.004537475212923,1.309523802428016e-06,0.0,50.0,0.1057079593603753,0.0
2014-01-10,6739.89990234375,0.0072631774206566,1.309523802428016e-06,0.0,50.0,0.091002599356988,0.0
2014-01-13,6757.2001953125,0.0025668471667856,1.1904761638669722e-06,0.0,50.0,0.0907947441069889,0.0
2014-01-14,6766.89990234375,0.0014354624327954,1.309523802428016e-06,0.0,50.0,0.0939983309223481,0.0
2014-01-15,6819.89990234375,0.0078322423509831,1.3888888948020476e-06,0.0,50.0,0.117198907874459,0.0
2014-01-16,6815.39990234375,-0.0006598337313504,1.1904761638669722e-06,0.0,50.0,0.1057333003722834,0.0
2014-01-17,6829.2998046875,0.0020394844826303,1.1904761638669722e-06,0.0,50.0,0.1112458120046671,0.0
2014-01-20,6836.7001953125,0.0010836236271134,1.1904761638669722e-06,0.0,50.0,0.1208119006570128,0.0
2014-01-21,6834.2998046875,-0.0003511036840032,1.1111111454074327e-06,0.0,50.0,0.1128929965194179,0.0
2014-01-22,6826.2998046875,-0.00117056614849,1.1904761638669722e-06,0.0,50.0,0.1091614672078131,0.0
2014-01-23,6773.2998046875,-0.0077640891136374,1.1904761638669722e-06,0.0,50.0,0.1023043466921916,0.0
2014-01-24,6663.7001953125,-0.0161811247893015,1.309523802428016e-06,0.0,50.0,0.2502306064035652,0.0
2014-01-27,6550.7001953125,-0.0169575456109938,1.90476192131875e-06,0.0,50.0,0.4574310431585893,0.0
2014-01-28,6572.2998046875,0.0032972978049667,1.7857143566721944e-06,0.0,50.0,0.3997079204729133,0.0
2014-01-29,6544.2998046875,-0.0042603047383854,1.5873015518226308e-06,0.0,50.0,0.4333279020366677,0.0
2014-01-30,6538.5,-0.0008862376206153,5.952380819334841e-07,0.0,50.0,0.4241674822159155,0.0
2014-01-31,6510.39990234375,-0.0042976367142693,3.9682538795565474e-07,0.0,50.0,0.4524749419353888,0.0
2014-02-03,6465.7001953125,-0.0068658926796736,7.936507759113135e-07,0.0,50.0,0.5106792789979597,0.0
2014-02-04,6449.2998046875,-0.0025365219743547,2.182539670713361e-06,0.0,50.0,0.5172995796007938,0.0
2014-02-05,6457.89990234375,0.0013334932344126,2.182539670713361e-06,0.0,50.0,0.4894048888530171,0.0
2014-02-06,6558.2998046875,0.0155468347081861,2.3809523277339444e-06,0.0,50.0,0.246647348162406,0.0
2014-02-07,6571.7001953125,0.002043272040632,2.857142734149143e-06,0.0,50.0,0.2093467700612228,0.0
2014-02-10,6591.60009765625,0.0030281208442746,2.182539670713361e-06,0.0,50.0,0.1644957345307813,0.0
2014-02-11,6672.7001953125,0.0123035524690107,1.7857143566721944e-06,0.0,50.0,0.1117058502903883,0.0
2014-02-12,6675.0,0.0003446587768345,1.7063492642981665e-06,0.0,50.0,0.1011738140486215,0.0
2014-02-13,6659.39990234375,-0.0023370932818351,9.92063506846389e-07,0.0,50.0,0.1005114794793768,0.0
2014-02-14,6663.60009765625,0.0006307167874122,3.9682538795565474e-07,0.0,50.0,0.1006465432884589,0.0
2014-02-17,6736.0,0.0108649830846263,3.9682538795565474e-07,0.0,50.0,0.1148610850220662,0.0
2014-02-18,6796.39990234375,0.0089667313455685,5.952380819334841e-07,0.0,50.0,0.1486935642076226,0.0
2014-02-19,6796.7001953125,4.418412292750418e-05,1.7857143566721944e-06,0.0,50.0,0.1386739763437559,0.0
2014-02-20,6813.0,0.0023981938615948,1.5873015518226308e-06,0.0,50.0,0.1518113808621927,0.0
2014-02-21,6838.10009765625,0.0036841476084323,1.3888888948020476e-06,0.0,50.0,0.1503295960700513,0.0
2014-02-24,6865.89990234375,0.0040654281584775,1.309523802428016e-06,0.0,50.0,0.1690604254764418,0.0
2014-02-25,6830.5,-0.0051559013162522,1.5873015518226308e-06,0.0,50.0,0.1353522473255928,0.0
2014-02-26,6799.2001953125,-0.0045823592251665,1.5873015518226308e-06,0.0,50.0,0.1041485195192966,0.0
2014-02-27,6810.2998046875,0.0016324875067883,1.3888888948020476e-06,0.0,50.0,0.1215885807642043,0.0
2014-02-28,6809.7001953125,-8.804449028620986e-05,1.7063492642981665e-06,0.0,50.0,0.1158866261612877,0.0
2014-03-03,6708.39990234375,-0.014875881472503,1.7063492642981665e-06,0.0,50.0,0.1569622217671746,0.0
2014-03-04,6823.7998046875,0.0172022992104916,1.90476192131875e-06,0.0,50.0,0.1073906853413373,0.0
2014-03-05,6775.39990234375,-0.0070928080730772,1.984127013692778e-06,0.0,50.0,0.0799180955213021,0.0
2014-03-06,6788.5,0.001933479624091,1.7857143566721944e-06,0.0,50.0,0.0740258465804444,0.0
2014-03-07,6712.7001953125,-0.0111659136315092,1.7857143566721944e-06,0.0,50.0,0.1361668129804656,0.0
2014-03-10,6689.5,-0.0034561643805722,1.5873015518226308e-06,0.0,50.0,0.1756093865118211,0.0
2014-03-11,6685.5,-0.0005979520143508,1.7857143566721944e-06,0.0,50.0,0.1745801512854832,0.0
2014-03-12,6620.89990234375,-0.0096627174715803,1.5873015518226308e-06,0.0,50.0,0.322756108061837,0.0
2014-03-13,6553.7998046875,-0.0101345887486529,1.5873015518226308e-06,0.0,50.0,0.4622224590862973,0.0
2014-03-14,6527.89990234375,-0.00395189098166,1.5873015518226308e-06,0.0,50.0,0.4880892717441651,0.0
2014-03-17,6568.39990234375,0.0062041392493563,1.7063492642981665e-06,0.0,50.0,0.3813615922492802,0.0
2014-03-18,6605.2998046875,0.0056177916832658,1.984127013692778e-06,0.0,50.0,0.258748644816537,0.0
2014-03-19,6573.10009765625,-0.0048748289984353,1.984127013692778e-06,0.0,50.0,0.3421627675467516,0.0
2014-03-20,6542.39990234375,-0.0046705808304131,2.063492106066809e-06,0.0,50.0,0.3999506638236173,0.0
2014-03-21,6557.2001953125,0.0022622116027251,1.7857143566721944e-06,0.0,50.0,0.341318415522199,0.0
2014-03-24,6520.39990234375,-0.0056121960398672,1.7063492642981665e-06,0.0,50.0,0.4255935877605824,0.0
2014-03-25,6604.89990234375,0.0129593278427027,1.7857143566721944e-06,0.0,50.0,0.1871639175471526,0.0
2014-03-26,6605.2998046875,6.054631404905919e-05,1.4682539871760755e-06,0.0,50.0,0.1967506524200463,0.0
2014-03-27,6588.2998046875,-0.0025736909001368,1.309523802428016e-06,0.0,50.0,0.2270754440221783,0.0
2014-03-28,6615.60009765625,0.0041437538937323,1.309523802428016e-06,0.0,50.0,0.164700652153175,0.0
2014-03-31,6598.39990234375,-0.0025999448362353,1.1111111454074327e-06,0.0,50.0,0.2079526993542999,0.0
2014-04-01,6652.60009765625,0.0082141422336721,1.1904761638669722e-06,0.0,50.0,0.1184669784081063,0.0
2014-04-02,6659.0,0.0009620151895204,7.142856835372857e-07,0.0,50.0,0.1154102687385163,0.0
2014-04-03,6649.10009765625,-0.0014866950508709,5.952380819334841e-07,0.0,50.0,0.1320041566822155,0.0
2014-04-04,6695.60009765625,0.0069934275792284,7.936507759113135e-07,0.0,50.0,0.1032178019821486,0.0
2014-04-07,6622.7998046875,-0.0108728555927695,7.936507759113135e-07,0.0,50.0,0.1724385944942973,0.0
2014-04-08,6590.7001953125,-0.0048468337140857,9.92063506846389e-07,0.0,50.0,0.2394409790072113,0.0
2014-04-09,6635.60009765625,0.0068126148987452,1.1111111454074327e-06,0.0,50.0,0.1394362735300938,0.0
2014-04-10,6642.0,0.0009644798133645,1.1111111454074327e-06,0.0,50.0,0.1387141838712848,0.0
2014-04-11,6561.7001953125,-0.0120897026027552,1.1904761638669722e-06,0.0,50.0,0.3209598095597319,0.0
2014-04-14,6583.7998046875,0.0033679699951527,1.1904761638669722e-06,0.0,50.0,0.2381825490201693,0.0
2014-04-15,6541.60009765625,-0.0064096279174838,1.1904761638669722e-06,0.0,50.0,0.3503279191672803,0.0
2014-04-16,6584.2001953125,0.0065121831081531,9.92063506846389e-07,0.0,50.0,0.2220846322743954,0.0
2014-04-17,6625.2998046875,0.0062421567017751,9.92063506846389e-07,0.0,50.0,0.141465244572016,0.0
2014-04-22,6681.7998046875,0.0085279159684252,9.92063506846389e-07,0.0,50.0,0.1047398307283217,0.0
2014-04-23,6674.7001953125,-0.0010625294954241,5.952380819334841e-07,0.0,50.0,0.1018539780002203,0.0
2014-04-24,6703.0,0.0042398615457477,2.777777863518571e-07,0.0,50.0,0.0984462720394072,0.0
2014-04-25,6685.7001953125,-0.0025809047721169,2.777777863518571e-07,0.0,50.0,0.1010401863995126,0.0
2014-04-28,6700.2001953125,0.0021688079896502,1.1904762008242065e-07,0.0,50.0,0.0978291575487993,0.0
2014-04-29,6769.89990234375,0.0104026305184152,5.952380819334841e-07,0.0,50.0,0.1172345125965623,0.0
2014-04-30,6780.0,0.0014919124066743,7.936507759113135e-07,0.0,50.0,0.1169572808076617,0.0
2014-05-01,6808.89990234375,0.0042625224695795,7.142856835372857e-07,0.0,50.0,0.1355634972159598,0.0
2014-05-02,6822.39990234375,0.0019826991428311,5.952380819334841e-07,0.0,50.0,0.1338858425455333,0.0
2014-05-06,6798.60009765625,-0.003488479864589,7.936507759113135e-07,0.0,50.0,0.1051446275158827,0.0
2014-05-07,6796.39990234375,-0.0003236247581701,7.936507759113135e-07,0.0,50.0,0.1169160340514375,0.0
2014-05-08,6839.2998046875,0.0063121509858412,8.730158682853453e-07,0.0,50.0,0.1420596550221575,0.0
2014-05-09,6814.60009765625,-0.0036114379741507,8.730158682853453e-07,0.0,50.0,0.1142101910736216,0.0
2014-05-12,6851.7998046875,0.0054588246556162,7.936507759113135e-07,0.0,50.0,0.1397779182381059,0.0
2014-05-13,6873.10009765625,0.003108715020275,7.936507759113135e-07,0.0,50.0,0.1545239644506578,0.0
2014-05-14,6878.5,0.0007856574569009,7.936507759113135e-07,0.0,50.0,0.1682415543799298,0.0
2014-05-15,6840.89990234375,-0.0054663222586682,7.142856835372857e-07,0.0,50.0,0.1373450627802654,0.0
2014-05-16,6855.7998046875,0.0021780617398954,5.952380819334841e-07,0.0,50.0,0.159171535462501,0.0
2014-05-19,6844.60009765625,-0.0016336105706575,7.142856835372857e-07,0.0,50.0,0.1646879834284346,0.0
2014-05-20,6802.0,-0.006223898700939,9.92063506846389e-07,0.0,50.0,0.1528542444062142,0.0
2014-05-21,6821.0,0.0027932960893854,9.92063506846389e-07,0.0,50.0,0.1665809380402147,0.0
2014-05-22,6820.60009765625,-5.862811079748731e-05,1.1111111454074327e-06,0.0,50.0,0.1524288213244307,0.0
2014-05-23,6815.7998046875,-0.0007037933466294,1.1111111454074327e-06,0.0,50.0,0.1639807181504977,0.0
2014-05-27,6844.89990234375,0.0042695059259569,1.1111111454074327e-06,0.0,50.0,0.1579114725130312,0.0
2014-05-28,6851.2001953125,0.0009204360996708,1.1111111454074327e-06,0.0,50.0,0.1692571539345664,0.0
2014-05-29,6871.2998046875,0.0029337355210772,1.1904761638669722e-06,0.0,50.0,0.1706772089660568,0.0
2014-05-30,6844.5,-0.0039002525649103,1.1904761638669722e-06,0.0,50.0,0.1617666693282581,0.0
2014-06-02,6864.10009765625,0.0028636273878661,9.92063506846389e-07,0.0,50.0,0.1609269684380248,0.0
2014-06-03,6836.2998046875,-0.0040501001694661,1.1904761638669722e-06,0.0,50.0,0.163263765438092,0.0
2014-06-04,6818.60009765625,-0.0025890770646298,1.1904761638669722e-06,0.0,50.0,0.1730341402202925,0.0
2014-06-05,6813.5,-0.0007479684368061,1.1904761638669722e-06,0.0,50.0,0.1746863884405415,0.0
2014-06-06,6858.2001953125,0.0065605335455345,1.1111111454074327e-06,0.0,50.0,0.15277661440156,0.0
2014-06-09,6875.0,0.0024495938014441,1.1904761638669722e-06,0.0,50.0,0.1616366177793164,0.0
2014-06-10,6873.60009765625,-0.0002036221590908,1.3888888948020476e-06,0.0,50.0,0.1820356891189454,0.0
2014-06-11,6838.89990234375,-0.0050483290880323,1.309523802428016e-06,0.0,50.0,0.1794802926171436,0.0
2014-06-12,6843.10009765625,0.000614162419757,1.309523802428016e-06,0.0,50.0,0.1820455287275503,0.0
2014-06-13,6777.89990234375,-0.0095278739726211,1.1904761638669722e-06,0.0,50.0,0.2231784411240374,0.0
2014-06-16,6754.60009765625,-0.003437614161201,9.92063506846389e-07,0.0,50.0,0.2438990481275971,0.0
2014-06-17,6766.7998046875,0.0018061331322165,1.309523802428016e-06,0.0,50.0,0.2267526598676856,0.0
2014-06-18,6778.60009765625,0.0017438513491379,7.142856835372857e-07,0.0,50.0,0.2065763544875564,0.0
2014-06-19,6808.10009765625,0.0043519310145172,3.9682538795565474e-07,0.0,50.0,0.1704623171900631,0.0
2014-06-20,6825.2001953125,0.0025117282958482,3.9682538795565474e-07,0.0,50.0,0.1639569899157156,0.0
2014-06-23,6800.60009765625,-0.0036043041892229,1.9841269397782539e-07,0.0,50.0,0.1807748841322925,0.0
2014-06-24,6787.10009765625,-0.0019851189315855,8.730158682853453e-07,0.0,50.0,0.1937957490948474,0.0
2014-06-25,6733.60009765625,-0.0078826007028355,7.936507759113135e-07,0.0,50.0,0.2607251024986898,0.0
2014-06-26,6735.10009765625,0.000222763451682,9.92063506846389e-07,0.0,50.0,0.2526889323516538,0.0
2014-06-27,6757.7998046875,0.0033703592674367,7.142856835372857e-07,0.0,50.0,0.2141840154138817,0.0
2014-06-30,6743.89990234375,-0.002056868025908,7.936507759113135e-07,0.0,50.0,0.2321173173588874,0.0
2014-07-01,6802.89990234375,0.0087486470520559,9.92063506846389e-07,0.0,50.0,0.1546306073683529,0.0
2014-07-02,6816.39990234375,0.0019844478375095,2.777777863518571e-07,0.0,50.0,0.1534277799891131,0.0
2014-07-03,6865.2001953125,0.0071592473546,1.1904762008242065e-07,0.0,50.0,0.1514545368230803,0.0
2014-07-04,6866.10009765625,0.0001310817336928,1.1904762008242065e-07,0.0,50.0,0.1512973460599544,0.0
2014-07-07,6823.5,-0.0062044096430798,2.777777863518571e-07,0.0,50.0,0.150554602520813,0.0
2014-07-08,6738.5,-0.0124569502454752,9.92063506846389e-07,0.0,50.0,0.246435308995095,0.0
2014-07-09,6718.0,-0.0030422200786525,5.952380819334841e-07,0.0,50.0,0.2751879354357731,0.0
2014-07-10,6672.39990234375,-0.0067877489812816,5.952380819334841e-07,0.0,50.0,0.3518167488512237,0.0
2014-07-11,6690.2001953125,0.0026677497196319,5.952380819334841e-07,0.0,50.0,0.3020346205332294,0.0
2014-07-14,6746.10009765625,0.0083554902262739,5.952380819334841e-07,0.0,50.0,0.1953616063367179,0.0
2014-07-15,6710.5,-0.0052771374780843,7.936507759113135e-07,0.0,50.0,0.2500143321046482,0.0
2014-07-16,6784.7001953125,0.011057327369421,7.142856835372857e-07,0.0,50.0,0.1424653016623296,0.0
2014-07-17,6738.2998046875,-0.0068389743524788,2.777777863518571e-07,0.0,50.0,0.1940933665220362,0.0
2014-07-18,6749.5,0.0016621693360554,3.9682538795565474e-07,0.0,50.0,0.1814057416239215,0.0
2014-07-21,6728.39990234375,-0.0031261719618119,5.158730265167024e-07,0.0,50.0,0.2098447917082109,0.0
2014-07-22,6795.2998046875,0.0099429141125286,7.936507759113135e-07,0.0,50.0,0.1419219604034845,0.0
2014-07-23,6798.2001953125,0.0004268230554005,7.936507759113135e-07,0.0,50.0,0.1412338462800738,0.0
2014-07-24,6821.5,0.0034273490068099,7.936507759113135e-07,0.0,50.0,0.1496875312317921,0.0
2014-07-25,6791.60009765625,-0.0043831858599647,7.936507759113135e-07,0.0,50.0,0.1524234880846273,0.0
2014-07-28,6788.10009765625,-0.0005153424744792,9.92063506846389e-07,0.0,50.0,0.1589392013805538,0.0
2014-07-29,6807.7998046875,0.0029020943633479,1.1111111454074327e-06,0.0,50.0,0.1466506008103245,0.0
2014-07-30,6773.39990234375,-0.0050530132099454,1.1111111454074327e-06,0.0,50.0,0.172188304278149,0.0
2014-07-31,6730.10009765625,-0.0063926248725573,7.142856835372857e-07,0.0,50.0,0.2335797115780289,0.0
2014-08-01,6679.2001953125,-0.0075630230762059,7.142856835372857e-07,0.0,50.0,0.3235447413073429,0.0
2014-08-04,6677.5,-0.0002545507340374,5.952380819334841e-07,0.0,50.0,0.3206634082304056,0.0
2014-08-05,6682.5,0.0007487832272556,9.92063506846389e-07,0.0,50.0,0.3063019724310443,0.0
2014-08-06,6636.2001953125,-0.0069285154788627,7.936507759113135e-07,0.0,50.0,0.3843676841836839,0.0
2014-08-07,6597.39990234375,-0.0058467634831385,7.936507759113135e-07,0.0,50.0,0.4464537099374553,0.0
2014-08-08,6567.39990234375,-0.0045472459520519,7.936507759113135e-07,0.0,50.0,0.4779208655668192,0.0
2014-08-11,6632.7998046875,0.0099582640491269,9.92063506846389e-07,0.0,50.0,0.3413471253519179,0.0
2014-08-12,6632.39990234375,-6.0291634833786745e-05,9.92063506846389e-07,0.0,50.0,0.3306777962276672,0.0
2014-08-13,6656.7001953125,0.0036638763232843,1.1904761638669722e-06,0.0,50.0,0.2729894420725234,0.0
2014-08-14,6685.2998046875,0.0042963643450757,1.1111111454074327e-06,0.0,50.0,0.2252535849067322,0.0
2014-08-15,6689.10009765625,0.0005684551298783,8.730158682853453e-07,0.0,50.0,0.2208364748789057,0.0
2014-08-18,6741.2998046875,0.0078036965016474,8.730158682853453e-07,0.0,50.0,0.1684340424659303,0.0
2014-08-19,6779.2998046875,0.0056368951242276,9.92063506846389e-07,0.0,50.0,0.1619760842997084,0.0
2014-08-20,6755.5,-0.0035106582350944,9.92063506846389e-07,0.0,50.0,0.1635081422340869,0.0
2014-08-21,6777.7001953125,0.0032862401469173,5.952380819334841e-07,0.0,50.0,0.1646586863777343,0.0
2014-08-22,6775.2998046875,-0.0003541600477784,5.952380819334841e-07,0.0,50.0,0.1735975831097062,0.0
2014-08-26,6822.7998046875,0.0070107598732584,9.92063506846389e-07,0.0,50.0,0.1741941291561186,0.0
2014-08-27,6830.7001953125,0.00115793968036,9.92063506846389e-07,0.0,50.0,0.1896402870009056,0.0
2014-08-28,6805.7998046875,-0.0036453642983903,8.730158682853453e-07,0.0,50.0,0.17492304725022,0.0
2014-08-29,6819.7998046875,0.0020570690296175,7.142856835372857e-07,0.0,50.0,0.1813419558697112,0.0
2014-09-01,6825.2998046875,0.0008064752863008,7.142856835372857e-07,0.0,50.0,0.200023667513236,0.0
2014-09-02,6829.2001953125,0.0005714607030626,7.936507759113135e-07,0.0,50.0,0.1925144930327769,0.0
2014-09-03,6873.60009765625,0.0065014791006163,7.936507759113135e-07,0.0,50.0,0.1852494078954635,0.0
2014-09-04,6878.0,0.0006401161372844,7.936507759113135e-07,0.0,50.0,0.1738523150100832,0.0
2014-09-05,6855.10009765625,-0.0033294420389284,7.936507759113135e-07,0.0,50.0,0.1692761607647942,0.0
2014-09-08,6834.7998046875,-0.002961341582115,7.936507759113135e-07,0.0,50.0,0.1836432756851001,0.0
2014-09-09,6829.0,-0.0008485697976877,5.952380819334841e-07,0.0,50.0,0.1876044664024425,0.0
2014-09-10,6830.10009765625,0.0001610920568531,5.952380819334841e-07,0.0,50.0,0.1933721756641462,0.0
2014-09-11,6799.60009765625,-0.0044655275272562,3.9682538795565474e-07,0.0,50.0,0.2079641136911028,0.0
2014-09-12,6807.0,0.0010882849340361,3.9682538795565474e-07,0.0,50.0,0.1979198989879607,0.0
2014-09-15,6804.2001953125,-0.0004113125734538,3.9682538795565474e-07,0.0,50.0,0.2089816315426256,0.0
2014-09-16,6792.2001953125,-0.0017636165391292,5.952380819334841e-07,0.0,50.0,0.2278015378200399,0.0
2014-09-17,6780.89990234375,-0.0016637161219936,5.158730265167024e-07,0.0,50.0,0.2315663636549327,0.0
2014-09-18,6819.2998046875,0.0056629507730201,3.9682538795565474e-07,0.0,50.0,0.1966328403281144,0.0
2014-09-19,6837.89990234375,0.002727567080049,2.777777863518571e-07,0.0,50.0,0.1837144120986806,0.0
2014-09-22,6773.60009765625,-0.0094034433972133,1.1904762008242065e-07,0.0,50.0,0.2229266128422448,0.0
2014-09-23,6676.10009765625,-0.0143941181342749,2.777777863518571e-07,0.0,50.0,0.3766790168371365,0.0
2014-09-24,6706.2998046875,0.0045235551578761,2.777777863518571e-07,0.0,50.0,0.3054651864486701,0.0
2014-09-25,6639.7001953125,-0.0099309024819392,1.9841269397782539e-07,0.0,50.0,0.4154022273376443,0.0
2014-09-26,6649.39990234375,0.0014608652116698,1.9841269397782539e-07,0.0,50.0,0.3822058116796072,0.0
2014-09-29,6646.60009765625,-0.0004210612579509,1.9841269397782539e-07,0.0,50.0,0.3737955728198466,0.0
2014-09-30,6622.7001953125,-0.0035958086830254,5.158730265167024e-07,0.0,50.0,0.4031011695307022,0.0
2014-10-01,6557.5,-0.0098449564965432,5.158730265167024e-07,0.0,50.0,0.4929905682749052,0.0
2014-10-02,6446.39990234375,-0.0169424472216926,3.9682538795565474e-07,0.0,50.0,0.5903296984231776,0.0
2014-10-03,6527.89990234375,0.0126427155054977,3.9682538795565474e-07,0.0,50.0,0.537046751454092,0.0
2014-10-06,6563.7001953125,0.0054841975986636,3.9682538795565474e-07,0.0,50.0,0.4606373074771638,0.0
2014-10-07,6495.60009765625,-0.010375260238864,3.9682538795565474e-07,0.0,50.0,0.569689771987026,0.0
2014-10-08,6482.2001953125,-0.0020629198445552,1.9841269397782539e-07,0.0,50.0,0.5720075149338021,0.0
2014-10-09,6431.89990234375,-0.0077597561712339,1.9841269397782539e-07,0.0,50.0,0.6160568717482784,0.0
2014-10-10,6340.0,-0.0142881424989623,1.9841269397782539e-07,0.0,50.0,0.6563505463707235,0.0
2014-10-13,6366.2001953125,0.0041325229199526,1.9841269397782539e-07,0.0,50.0,0.6540404571131864,0.0
2014-10-14,6392.7001953125,0.0041626086498995,1.9841269397782539e-07,0.0,50.0,0.633477444577762,0.0
2014-10-15,6211.60009765625,-0.0283292023907273,3.9682538795565474e-07,0.0,50.0,0.6795700456289434,0.0
2014-10-16,6195.89990234375,-0.0025275605424798,7.936507759113135e-07,0.0,50.0,0.6868523950044831,0.0
2014-10-17,6310.2998046875,0.0184638073801797,8.730158682853453e-07,0.0,50.0,0.7317416340106851,0.0
2014-10-20,6267.10009765625,-0.0068459040565964,7.936507759113135e-07,0.0,50.0,0.73956161231007,0.0
2014-10-21,6372.2998046875,0.0167860262947758,7.142856835372857e-07,0.0,50.0,0.6631100558355707,0.0
2014-10-22,6399.7001953125,0.0042999217652697,5.952380819334841e-07,0.0,50.0,0.5819302773191317,0.0
2014-10-23,6419.2001953125,0.0030470177359687,5.952380819334841e-07,0.0,50.0,0.5196230393155534,0.0
2014-10-24,6388.7001953125,-0.0047513707427713,1.9841269397782539e-07,0.0,50.0,0.5839768307300465,0.0
2014-10-27,6363.5,-0.0039444948960024,1.9841269397782539e-07,0.0,50.0,0.6328331226391015,0.0
2014-10-28,6402.2001953125,0.0060815895831696,5.952380819334841e-07,0.0,50.0,0.5310504178585854,0.0
2014-10-29,6453.89990234375,0.0080753030917564,5.952380819334841e-07,0.0,50.0,0.405611057554351,0.0
2014-10-30,6463.60009765625,0.00150299748358,1.1904762008242065e-07,0.0,50.0,0.3812807572996354,0.0
2014-10-31,6546.5,0.0128256546028906,1.1904762008242065e-07,0.0,50.0,0.2844743638462361,0.0
2014-11-03,6488.0,-0.0089360727106087,1.1904762008242065e-07,0.0,50.0,0.3362937958916655,0.0
2014-11-04,6454.0,-0.0052404438964241,8.730158682853453e-07,0.0,50.0,0.4071625147274644,0.0
2014-11-05,6539.10009765625,0.0131856364512317,7.936507759113135e-07,0.0,50.0,0.2588017226023956,0.0
2014-11-06,6551.2001953125,0.0018504224550082,7.142856835372857e-07,0.0,50.0,0.2414056006078948,0.0
2014-11-07,6567.2001953125,0.0024423005743967,7.142856835372857e-07,0.0,50.0,0.2145996661844637,0.0
2014-11-10,6611.2998046875,0.0067151309634929,5.952380819334841e-07,0.0,50.0,0.2047171319938641,0.0
2014-11-11,6627.39990234375,0.002435239382857,5.952380819334841e-07,0.0,50.0,0.2010509201567175,0.0
2014-11-12,6611.0,-0.0024745605494471,5.158730265167024e-07,0.0,50.0,0.1921721010136779,0.0
2014-11-13,6635.5,0.003705944637725,1.9841269397782539e-07,0.0,50.0,0.1901952290863903,0.0
2014-11-14,6654.39990234375,0.002848301159483,1.1904762008242065e-07,0.0,50.0,0.2024847016042906,0.0
2014-11-17,6672.0,0.0026448812687152,3.9682538795565474e-07,0.0,50.0,0.2076354965598949,0.0
2014-11-18,6709.10009765625,0.0055605661954811,5.952380819334841e-07,0.0,50.0,0.2151547787499678,0.0
2014-11-19,6696.60009765625,-0.0018631410797353,5.952380819334841e-07,0.0,50.0,0.1971434678380136,0.0
2014-11-20,6678.89990234375,-0.0026431614631871,5.952380819334841e-07,0.0,50.0,0.1986903832422861,0.0
2014-11-21,6750.7998046875,0.0107652313098027,1.1904762008242065e-07,0.0,50.0,0.201966580306778,0.0
2014-11-24,6729.7998046875,-0.003110742520526,1.9841269397782539e-07,0.0,50.0,0.1710975568620412,0.0
2014-11-25,6731.10009765625,0.0001932142123817,7.142856835372857e-07,0.0,50.0,0.1643625564760204,0.0
2014-11-26,6729.2001953125,-0.0002822573303302,3.9682538795565474e-07,0.0,50.0,0.1471783310807855,0.0
2014-11-27,6723.39990234375,-0.0008619587470127,3.9682538795565474e-07,0.0,50.0,0.1379214128585397,0.0
2014-11-28,6722.60009765625,-0.0001189583691461,1.9841269397782539e-07,0.0,50.0,0.1495645028847636,0.0
2014-12-01,6656.39990234375,-0.0098474093878616,2.777777863518571e-07,0.0,50.0,0.1784760882975311,0.0
2014-12-02,6742.10009765625,0.0128748567648895,5.952380819334841e-07,0.0,50.0,0.1356116874439545,0.0
2014-12-03,6716.60009765625,-0.0037822043029092,1.9841269397782539e-07,0.0,50.0,0.1214027915213434,0.0
2014-12-04,6679.39990234375,-0.0055385455098749,5.158730265167024e-07,0.0,50.0,0.144089732802861,0.0
2014-12-05,6742.7998046875,0.0094918560455563,3.9682538795565474e-07,0.0,50.0,0.1122368115419556,0.0
2014-12-08,6672.2001953125,-0.01047037008661,1.9841269397782539e-07,0.0,50.0,0.1548649475304891,0.0
2014-12-09,6529.5,-0.0213872772301935,1.1111111454074327e-06,0.0,50.0,0.4778577770129426,0.0
2014-12-10,6500.0,-0.0045179569645454,9.92063506846389e-07,0.0,50.0,0.519391941047892,0.0
2014-12-11,6461.7001953125,-0.0058922776442307,8.730158682853453e-07,0.0,50.0,0.5625972980915824,0.0
2014-12-12,6300.60009765625,-0.0249315339286581,5.952380819334841e-07,0.0,50.0,0.6479593663081157,0.0
2014-12-15,6182.7001953125,-0.018712487781538,3.9682538795565474e-07,0.0,50.0,0.6503731887683428,0.0
2014-12-16,6331.7998046875,0.0241156136744333,1.1904761638669722e-06,0.0,50.0,0.705424085694546,0.0
2014-12-17,6336.5,0.0007423158434385,7.936507759113135e-07,0.0,50.0,0.7106290605947244,0.0
2014-12-18,6466.0,0.0204371498461295,1.309523802428016e-06,0.0,50.0,0.4620669563542892,0.0
2014-12-19,6545.2998046875,0.0122641207373181,9.92063506846389e-07,0.0,50.0,0.2542118562495878,0.0
2014-12-22,6576.7001953125,0.0047973953160269,5.952380819334841e-07,0.0,50.0,0.2109644262178182,0.0
2014-12-23,6598.2001953125,0.0032691166331899,7.936507759113135e-07,0.0,50.0,0.1868749253587479,0.0
2014-12-24,6609.89990234375,0.001773166421892,7.936507759113135e-07,0.0,50.0,0.1699318355023377,0.0
2014-12-29,6633.5,0.0035704167997887,1.1904762008242065e-07,0.0,50.0,0.1571424986123395,0.0
2014-12-30,6547.0,-0.0130398733700157,7.936507759113135e-07,0.0,50.0,0.2419573144461417,0.0
2014-12-31,6566.10009765625,0.0029173816490377,1.4682539871760755e-06,0.0,50.0,0.1966838573714753,0.0
2015-01-02,6547.7998046875,-0.0027870871135946,5.952380819334841e-07,0.0,30.0,0.2147005957930836,0.0
2015-01-05,6417.2001953125,-0.0199455715309905,1.1904762008242065e-07,0.0,30.0,0.6063154842287971,0.0
2015-01-06,6366.5,-0.0079006722198777,7.936507759113135e-07,0.0,30.0,0.6691470927329912,0.0
2015-01-07,6419.7998046875,0.0083719162314459,7.936507759113135e-07,0.0,30.0,0.5714079985854138,0.0
2015-01-08,6570.0,0.0233963986233385,7.142856835372857e-07,0.0,30.0,0.1861205344506129,0.0
2015-01-09,6501.10009765625,-0.0104870475409056,5.952380819334841e-07,0.0,30.0,0.3207991469971183,0.0
2015-01-12,6501.39990234375,4.611599313908421e-05,5.158730265167024e-07,0.0,30.0,0.3064206165725573,0.0
2015-01-13,6542.2001953125,0.0062756165720618,9.126984144723572e-07,0.0,30.0,0.1961810052597895,0.0
2015-01-14,6388.5,-0.0234936551502392,9.92063506846389e-07,0.0,30.0,0.6483888676683094,0.0
2015-01-15,6498.7998046875,0.0172653681908898,9.126984144723572e-07,0.0,30.0,0.3041604992116186,0.0
2015-01-16,6550.2998046875,0.0079245401532224,7.142856835372857e-07,0.0,30.0,0.2032602152342246,0.0
2015-01-19,6585.5,0.0053738296508674,7.142856835372857e-07,0.0,30.0,0.1750412854655658,0.0
2015-01-20,6620.10009765625,0.0052539818777996,3.17460332538873e-07,0.0,30.0,0.161295914966286,0.0
2015-01-21,6728.0,0.0162988324575259,7.936507759113135e-07,0.0,30.0,0.211295779156351,0.0
2015-01-22,6796.60009765625,0.0101962095208456,5.952380819334841e-07,0.0,30.0,0.2346375153040033,0.0
2015-01-23,6832.7998046875,0.0053261493262981,5.158730265167024e-07,0.0,30.0,0.2362096904640832,0.0
2015-01-26,6852.39990234375,0.0028685309414164,1.9841269397782539e-07,0.0,30.0,0.2335549911741766,0.0
2015-01-27,6811.60009765625,-0.0059540898472001,7.142856835372857e-07,0.0,30.0,0.1844281692405428,0.0
2015-01-28,6825.89990234375,0.002099331211828,5.952380819334841e-07,0.0,30.0,0.174796381233524,0.0
2015-01-29,6810.60009765625,-0.0022414340828886,3.9682538795565474e-07,0.0,30.0,0.1597763471124069,0.0
2015-01-30,6749.39990234375,-0.0089860209724487,1.9841269397782539e-07,0.0,30.0,0.0954156021041012,0.0
2015-02-02,6782.60009765625,0.00491898476796,1.9841269397782539e-07,0.0,30.0,0.1124047004409349,0.0
2015-02-03,6871.7998046875,0.0131512555284032,5.952380819334841e-07,0.0,30.0,0.1684372571252256,0.0
2015-02-04,6860.0,-0.0017171345241243,1.9841269397782539e-07,0.0,30.0,0.1522044721111294,0.0
2015-02-05,6865.89990234375,0.0008600440734329,3.17460332538873e-07,0.0,30.0,0.1604726470061176,0.0
2015-02-06,6853.39990234375,-0.0018205916453476,5.952380819334841e-07,0.0,30.0,0.1334811765733829,0.0
2015-02-09,6837.2001953125,-0.0023637475212426,1.1904762008242065e-07,0.0,30.0,0.133163998132309,0.0
2015-02-10,6829.10009765625,-0.0011847097386153,1.9841269397782539e-07,0.0,30.0,0.136542226499592,0.0
2015-02-11,6818.2001953125,-0.0015960964384591,1.9841269397782539e-07,0.0,30.0,0.1353910430015479,0.0
2015-02-12,6828.10009765625,0.0014519817635387,3.17460332538873e-07,0.0,30.0,0.1151931366453428,0.0
2015-02-13,6873.5,0.0066489801986548,1.9841269397782539e-07,0.0,30.0,0.1318558055412176,0.0
2015-02-16,6857.10009765625,-0.0023859609141995,1.9841269397782539e-07,0.0,30.0,0.1061472602490287,0.0
2015-02-17,6898.10009765625,0.0059792039515382,3.17460332538873e-07,0.0,30.0,0.1359989388853746,0.0
2015-02-18,6898.10009765625,0.0,5.158730265167024e-07,0.0,30.0,0.128472521903834,0.0
2015-02-19,6888.89990234375,-0.0013337288792932,5.158730265167024e-07,0.0,30.0,0.1256591388937323,0.0
2015-02-20,6915.2001953125,0.0038177783596191,3.9682538795565474e-07,0.0,30.0,0.1429128406691616,0.0
2015-02-23,6912.2001953125,-0.0004338269197229,5.952380819334841e-07,0.0,30.0,0.1342464839290915,0.0
2015-02-24,6949.60009765625,0.0054107087883699,7.142856835372857e-07,0.0,30.0,0.153359854830913,0.0
2015-02-25,6935.39990234375,-0.002043311142074,5.952380819334841e-07,0.0,30.0,0.1461446060233778,0.0
2015-02-26,6949.7001953125,0.0020619276710946,5.158730265167024e-07,0.0,30.0,0.1661476040687605,0.0
2015-02-27,6946.7001953125,-0.0004316732975075,3.17460332538873e-07,0.0,30.0,0.1570159866985387,0.0
2015-03-02,6940.60009765625,-0.0008781288215613,1.9841269397782539e-07,0.0,30.0,0.1444374528138996,0.0
2015-03-03,6889.10009765625,-0.0074201076672593,5.158730265167024e-07,0.0,30.0,0.1161514739311412,0.0
2015-03-04,6919.2001953125,0.0043692350567661,3.9682538795565474e-07,0.0,30.0,0.1258449633878897,0.0
2015-03-05,6961.10009765625,0.0060555990809654,1.1904762008242065e-07,0.0,30.0,0.1393427513332478,0.0
2015-03-06,6911.7998046875,-0.0070822560051031,1.9841269397782539e-07,0.0,30.0,0.1095749374240407,0.0
2015-03-09,6876.5,-0.0051071798496767,1.9841269397782539e-07,0.0,30.0,0.1180333934820232,0.0
2015-03-10,6702.7998046875,-0.0252599716879953,3.9682538795565474e-07,0.0,30.0,0.3978960455396025,0.0
2015-03-11,6721.5,0.0027899080768341,5.158730265167024e-07,0.0,30.0,0.3356885127697174,0.0
2015-03-12,6761.10009765625,0.00589155659544,7.142856835372857e-07,0.0,30.0,0.2257105500160625,0.0
2015-03-13,6740.60009765625,-0.0030320509538243,9.126984144723572e-07,0.0,30.0,0.2537416449742222,0.0
2015-03-16,6804.10009765625,0.0094205262261559,1.1904761638669722e-06,0.0,30.0,0.1238489309189571,0.0
2015-03-17,6837.60009765625,0.0049235019354785,1.90476192131875e-06,0.0,30.0,0.1029961705291842,0.0
2015-03-18,6945.2001953125,0.0157365297940037,1.5079364594485992e-06,0.0,30.0,0.1359959780941771,0.0
2015-03-19,6962.2998046875,0.0024620758069062,3.9682538795565474e-07,0.0,30.0,0.1366204508484683,0.0
2015-03-20,7022.5,0.0086465962399333,1.1904762008242065e-07,0.0,30.0,0.1745144756136483,0.0
2015-03-23,7037.7001953125,0.0021644991545033,1.1904762008242065e-07,0.0,30.0,0.1856313129037443,0.0
2015-03-24,7019.7001953125,-0.0025576537079526,5.952380819334841e-07,0.0,30.0,0.1462724068627507,0.0
2015-03-25,6991.0,-0.0040885215200023,7.142856835372857e-07,0.0,30.0,0.1077256587811763,0.0
2015-03-26,6895.2998046875,-0.0136890566889572,1.1111111454074327e-06,0.0,30.0,0.1027786353935269,0.0
2015-03-27,6855.0,-0.0058445326278784,1.1904761638669722e-06,0.0,30.0,0.1398175589447107,0.0
2015-03-30,6891.39990234375,0.0053099784600656,9.126984144723572e-07,0.0,30.0,0.0906425258893624,0.0
2015-03-31,6773.0,-0.0171808201557832,9.92063506846389e-07,0.0,30.0,0.299687214773295,0.0
2015-04-01,6809.5,0.0053890447364535,1.309523802428016e-06,0.0,30.0,0.1921952487757952,0.0
2015-04-02,6833.5,0.0035244878478595,3.9682538795565474e-07,0.0,30.0,0.1319436561458923,0.0
2015-04-07,6961.7998046875,0.0187751232439452,5.952380819334841e-07,0.0,30.0,0.092360231363433,0.0
2015-04-08,6937.39990234375,-0.0035048267730021,7.142856835372857e-07,0.0,30.0,0.0674106842105946,0.0
2015-04-09,7015.39990234375,0.0112434054686176,7.936507759113135e-07,0.0,30.0,0.1131527972926246,0.0
2015-04-10,7089.7998046875,0.010605226128149,5.952380819334841e-07,0.0,30.0,0.1631651160106327,0.0
2015-04-13,7064.2998046875,-0.0035967165085734,1.9841269397782539e-07,0.0,30.0,0.1260302172066396,0.0
2015-04-14,7075.2998046875,0.0015571253067008,3.9682538795565474e-07,0.0,30.0,0.1269150913178478,0.0
2015-04-15,7096.7998046875,0.0030387404906511,5.952380819334841e-07,0.0,30.0,0.1351920666536679,0.0
2015-04-16,7060.5,-0.0051149540196305,3.9682538795565474e-07,0.0,30.0,0.0889733787473783,0.0
2015-04-17,6994.60009765625,-0.0093336027680405,5.158730265167024e-07,0.0,30.0,0.0610799939040031,0.0
2015-04-20,7052.10009765625,0.0082206272263181,5.158730265167024e-07,0.0,30.0,0.0754025061499463,0.0
2015-04-21,7062.89990234375,0.0015314309975675,7.936507759113135e-07,0.0,30.0,0.0752792064725084,0.0
2015-04-22,7028.2001953125,-0.0049129546660763,7.936507759113135e-07,0.0,30.0,0.0587200216539211,0.0
2015-04-23,7053.7001953125,0.0036282404159471,7.936507759113135e-07,0.0,30.0,0.0715065664755862,0.0
2015-04-24,7070.7001953125,0.0024100825849242,5.952380819334841e-07,0.0,30.0,0.0726558274158171,0.0
2015-04-27,7104.0,0.0047095483852612,5.158730265167024e-07,0.0,30.0,0.0925580987372444,0.0
2015-04-28,7030.5,-0.0103462837837837,5.158730265167024e-07,0.0,30.0,0.0670137866799223,0.0
2015-04-29,6946.2998046875,-0.011976416373302,1.1904762008242065e-07,0.0,30.0,0.1397261786878842,0.0
2015-04-30,6960.60009765625,0.0020586921628547,1.9841269397782539e-07,0.0,30.0,0.1086287917995139,0.0
2015-05-01,6986.0,0.0036490966277897,1.1904762008242065e-07,0.0,30.0,0.0868354177414228,0.0
2015-05-05,6927.60009765625,-0.0083595623165975,3.17460332538873e-07,0.0,30.0,0.1495005361766782,0.0
2015-05-06,6933.7001953125,0.0008805499119837,3.9682538795565474e-07,0.0,30.0,0.1292509586569293,0.0
2015-05-07,6887.0,-0.0067352487123789,1.9841269397782539e-07,0.0,30.0,0.2104135611096318,0.0
2015-05-08,7046.7998046875,0.0232031079842456,1.1904762008242065e-07,0.0,30.0,0.0738972800586297,0.0
2015-05-11,7029.89990234375,-0.0023982378969398,1.9841269397782539e-07,0.0,30.0,0.0545201249869655,0.0
2015-05-12,6933.7998046875,-0.013670194311616,5.158730265167024e-07,0.0,30.0,0.1219289317401145,0.0
2015-05-13,6949.60009765625,0.0022787350967456,3.9682538795565474e-07,0.0,30.0,0.0887538035920247,0.0
2015-05-14,6973.0,0.0033670861653811,3.9682538795565474e-07,0.0,30.0,0.0616027897594106,0.0
2015-05-15,6960.5,-0.0017926287107414,3.9682538795565474e-07,0.0,30.0,0.0684139366679485,0.0
2015-05-18,6968.89990234375,0.0012067958255512,3.17460332538873e-07,0.0,30.0,0.0595487099397327,0.0
2015-05-19,6995.10009765625,0.0037595884113199,3.9682538795565474e-07,0.0,30.0,0.0471836310045599,0.0
2015-05-20,7007.2998046875,0.0017440360911114,5.158730265167024e-07,0.0,30.0,0.0513130721036723,0.0
2015-05-21,7013.5,0.0008848194718815,5.158730265167024e-07,0.0,30.0,0.0544800121249613,0.0
2015-05-22,7031.7001953125,0.0025950232141584,3.9682538795565474e-07,0.0,30.0,0.0536366852803382,0.0
2015-05-26,6949.0,-0.0117610525214982,3.9682538795565474e-07,0.0,30.0,0.1019690992251498,0.0
2015-05-27,7033.2998046875,0.0121312137987479,5.158730265167024e-07,0.0,30.0,0.0491346459813673,0.0
2015-05-28,7040.89990234375,0.0010805877564303,1.1904762008242065e-07,0.0,30.0,0.0557839247395476,0.0
2015-05-29,6984.39990234375,-0.0080245424283326,1.1904762008242065e-07,0.0,30.0,0.0637511327580442,0.0
2015-06-01,6953.60009765625,-0.0044097997133818,3.17460332538873e-07,0.0,30.0,0.1055495865252904,0.0
2015-06-02,6928.2998046875,-0.0036384452101693,3.9682538795565474e-07,0.0,30.0,0.144316365717388,0.0
2015-06-03,6950.5,0.0032042775194975,3.9682538795565474e-07,0.0,30.0,0.096776380368991,0.0
2015-06-04,6859.2001953125,-0.0131357175293144,1.9841269397782539e-07,0.0,30.0,0.3038646426713034,0.0
2015-06-05,6804.60009765625,-0.0079601259770144,3.9682538795565474e-07,0.0,30.0,0.4202807231181747,0.0
2015-06-08,6790.0,-0.0021456217039527,3.9682538795565474e-07,0.0,30.0,0.435614502656741,0.0
2015-06-09,6753.7998046875,-0.005331398425994,5.158730265167024e-07,0.0,30.0,0.4892994648260408,0.0
2015-06-10,6830.2998046875,0.0113269570038048,5.158730265167024e-07,0.0,30.0,0.2806491060033368,0.0
2015-06-11,6846.7001953125,0.0024011230976632,3.17460332538873e-07,0.0,30.0,0.2164400512369713,0.0
2015-06-12,6784.89990234375,-0.0090262887530931,1.9841269397782539e-07,0.0,30.0,0.3837192504641003,0.0
2015-06-15,6710.5,-0.0109655121541365,1.1904762008242065e-07,0.0,30.0,0.5390398007450462,0.0
2015-06-16,6710.10009765625,-5.959352414131036e-05,3.17460332538873e-07,0.0,30.0,0.5189647933703627,0.0
2015-06-17,6680.60009765625,-0.0043963576654101,1.1904762008242065e-07,0.0,30.0,0.5558025611045767,0.0
2015-06-18,6707.89990234375,0.0040864300045557,1.1904762008242065e-07,0.0,30.0,0.4805747228604937,0.0
2015-06-19,6710.5,0.0003876172414769,1.1904762008242065e-07,0.0,30.0,0.4590844101284917,0.0
2015-06-22,6825.7001953125,0.017167155251099,1.1904762008242065e-07,0.0,30.0,0.157103719434363,0.0
2015-06-23,6834.89990234375,0.0013478041472678,3.17460332538873e-07,0.0,30.0,0.1461663024962463,0.0
2015-06-24,6844.7998046875,0.0014484341373244,1.9841269397782539e-07,0.0,30.0,0.1413599862447306,0.0
2015-06-25,6807.7998046875,-0.0054055635016032,1.9841269397782539e-07,0.0,30.0,0.2199705595137908,0.0
2015-06-26,6753.7001953125,-0.0079467097927512,1.9841269397782539e-07,0.0,30.0,0.3625916320578805,0.0
2015-06-29,6620.5,-0.0197225508181351,1.9841269397782539e-07,0.0,30.0,0.6287656177927604,0.0
2015-06-30,6521.0,-0.0150290763537497,3.9682538795565474e-07,0.0,30.0,0.6695934923187715,0.0
2015-07-01,6608.60009765625,0.013433537441535,1.1904762008242065e-07,0.0,30.0,0.6462108861335334,0.0
2015-07-02,6630.5,0.0033138489271755,1.1904762008242065e-07,0.0,30.0,0.6036654104044636,0.0
2015-07-03,6585.7998046875,-0.0067416024903853,1.1904762008242065e-07,0.0,30.0,0.655653553433061,0.0
2015-07-06,6535.7001953125,-0.0076072171734313,1.9841269397782539e-07,0.0,30.0,0.6887733417016418,0.0
2015-07-07,6432.2001953125,-0.015836099714952,3.9682538795565474e-07,0.0,30.0,0.7015862403208781,0.0
2015-07-08,6490.7001953125,0.0090948661769936,3.9682538795565474e-07,0.0,30.0,0.7177484508647328,0.0
2015-07-09,6581.60009765625,0.0140046373439643,3.17460332538873e-07,0.0,30.0,0.6276013016846351,0.0
2015-07-10,6673.39990234375,0.0139479462935145,3.17460332538873e-07,0.0,30.0,0.3672392953733724,0.0
2015-07-13,6738.0,0.0096802377501101,3.17460332538873e-07,0.0,30.0,0.2437693630599909,0.0
2015-07-14,6753.7998046875,0.0023448804819679,3.9682538795565474e-07,0.0,30.0,0.2153717995354249,0.0
2015-07-15,6753.7998046875,0.0,5.158730265167024e-07,0.0,30.0,0.200076873134879,0.0
2015-07-16,6796.5,0.0063223957693954,3.9682538795565474e-07,0.0,30.0,0.1765485872173118,0.0
2015-07-17,6775.10009765625,-0.0031486650987641,5.158730265167024e-07,0.0,30.0,0.1601554611393406,0.0
2015-07-20,6788.7001953125,0.0020073648300715,9.126984144723572e-07,0.0,30.0,0.143028401947112,0.0
2015-07-21,6769.10009765625,-0.0028871650083742,1.1904761638669722e-06,0.0,30.0,0.1499699923641736,0.0
2015-07-22,6667.2998046875,-0.015038969951707,1.1904761638669722e-06,0.0,30.0,0.4183356111561493,0.0
2015-07-23,6655.0,-0.0018447955015991,1.1904761638669722e-06,0.0,30.0,0.4514598207843807,0.0
2015-07-24,6579.7998046875,-0.0112998039537941,1.1904761638669722e-06,0.0,30.0,0.6168659449985164,0.0
2015-07-27,6505.10009765625,-0.0113528844719611,1.1111111454074327e-06,0.0,30.0,0.6762934916159342,0.0
2015-07-28,6555.2998046875,0.0077169768762415,1.7063492642981665e-06,0.0,30.0,0.6360988146423956,0.0
2015-07-29,6631.0,0.0115479379384553,1.7857143566721944e-06,0.0,30.0,0.4376618067697043,0.0
2015-07-30,6668.89990234375,0.005715563616913,2.3809523277339444e-06,0.0,30.0,0.3115458295763777,0.0
2015-07-31,6696.2998046875,0.0041086090277229,2.3015872353599167e-06,0.0,30.0,0.2292243283907632,0.0
2015-08-03,6688.60009765625,-0.0011498450272283,2.5000000402094805e-06,0.0,30.0,0.2408702334226327,0.0
2015-08-04,6686.60009765625,-0.0002990162322158,2.9761905944536585e-06,0.0,30.0,0.2380757826627066,0.0
2015-08-05,6752.39990234375,0.009840547322482,2.9761905944536585e-06,0.0,30.0,0.1468401102136328,0.0
2015-08-06,6747.10009765625,-0.0007848771939085,1.1111111454074327e-06,0.0,30.0,0.1412193287883079,0.0
2015-08-07,6718.5,-0.0042388725885635,2.182539670713361e-06,0.0,30.0,0.1790623537250745,0.0
2015-08-10,6736.2001953125,0.0026345457040262,2.5793649847545317e-06,0.0,30.0,0.144641237472627,0.0
2015-08-11,6664.5,-0.0106440119404993,3.888888787182548e-06,0.0,30.0,0.3246852972768559,0.0
2015-08-12,6571.2001953125,-0.0139995205473029,3.571428713344389e-06,0.0,30.0,0.5839026514099047,0.0
2015-08-13,6568.2998046875,-0.00044137912996,3.2936506682918174e-06,0.0,30.0,0.5751084608831915,0.0
2015-08-14,6550.7001953125,-0.0026794771703995,3.1746031036452616e-06,0.0,30.0,0.59218457730476,0.0
2015-08-17,6550.2998046875,-6.112180577066972e-05,2.3809523277339444e-06,0.0,30.0,0.5777544564626037,0.0
2015-08-18,6526.2998046875,-0.0036639544319521,3.373015908494825e-06,0.0,30.0,0.6040588201459556,0.0
2015-08-19,6403.5,-0.0188161451913838,1.5873015518226308e-06,0.0,30.0,0.6883226051806439,0.0
2015-08-20,6367.89990234375,-0.0055594749209416,5.952380819334841e-07,0.0,30.0,0.6910407351606436,0.0
2015-08-21,6187.7001953125,-0.0282981375013332,7.936507759113135e-07,0.0,30.0,0.6710918329099854,0.0
2015-08-24,5898.89990234375,-0.0466732847185341,5.952380819334841e-07,0.0,30.0,0.6250487815239583,0.0
2015-08-25,6081.2998046875,0.0309210031299698,2.103174578339333e-06,0.0,30.0,0.7140974114245278,0.0
2015-08-26,5979.2001953125,-0.0167891096729519,2.182539670713361e-06,0.0,30.0,0.6885804429320962,0.0
2015-08-27,6192.0,0.0355900116631533,1.984127013692778e-06,0.0,30.0,0.839487537617599,0.0
2015-08-28,6247.89990234375,0.0090277620064196,1.984127013692778e-06,0.0,30.0,0.8818298070225437,0.0
2015-09-01,6058.5,-0.0303141704099166,1.5079364594485992e-06,0.0,30.0,0.7780032028227936,0.0
2015-09-02,6083.2998046875,0.0040933902265412,9.92063506846389e-07,0.0,30.0,0.8131383889062829,0.0
2015-09-03,6194.10009765625,0.0182138471760626,5.952380819334841e-07,0.0,30.0,0.8902263142969182,0.0
2015-09-04,6042.89990234375,-0.024410357102513,9.92063506846389e-07,0.0,30.0,0.8066506583515539,0.0
2015-09-07,6074.5,0.0052292935787325,9.92063506846389e-07,0.0,30.0,0.8418246426334156,0.0
2015-09-08,6146.10009765625,0.0117869944285537,9.92063506846389e-07,0.0,30.0,0.8838942332227749,0.0
2015-09-09,6229.0,0.0134882122039248,1.3888888948020476e-06,0.0,30.0,0.8193040940234222,0.0
2015-09-10,6155.7998046875,-0.0117515163449188,5.952380819334841e-07,0.0,30.0,0.8866828053269172,0.0
2015-09-11,6117.7998046875,-0.0061730402556404,9.126984144723572e-07,0.0,30.0,0.8697783455677851,0.0
2015-09-14,6084.60009765625,-0.0054267396925626,9.92063506846389e-07,0.0,30.0,0.8497938401771148,0.0
2015-09-15,6137.60009765625,0.0087105149310331,2.3015872353599167e-06,0.0,30.0,0.8775418282119698,0.0
2015-09-16,6229.2001953125,0.0149244160907826,2.103174578339333e-06,0.0,30.0,0.7627974554055402,0.0
2015-09-17,6187.0,-0.0067745768299846,1.1904762008242065e-07,0.0,30.0,0.8359703682257303,0.0
2015-09-18,6104.10009765625,-0.0133990467664053,3.9682538795565474e-07,0.0,30.0,0.88144295664964,0.0
2015-09-21,6108.7001953125,0.0007536078345138,5.158730265167024e-07,0.0,30.0,0.8731726197249279,0.0
2015-09-22,5935.7998046875,-0.0283039574863528,1.1904762008242065e-07,0.0,30.0,0.7786218212157978,0.0
2015-09-23,6032.2001953125,0.0162405057105989,1.1904762008242065e-07,0.0,30.0,0.8646045437638736,0.0
2015-09-24,5961.5,-0.0117204656714542,1.9841269397782539e-07,0.0,30.0,0.8204999028928679,0.0
2015-09-25,6109.0,0.024742095110291,7.936507759113135e-07,0.0,30.0,0.850994779718551,0.0
2015-09-28,5958.89990234375,-0.0245703220913815,5.158730265167024e-07,0.0,30.0,0.83782461617475,0.0
2015-09-29,5909.2001953125,-0.0083404164939407,1.1904762008242065e-07,0.0,30.0,0.8154542466324596,0.0
2015-09-30,6061.60009765625,0.0257902757237167,1.9841269397782539e-07,0.0,30.0,0.8715844920238454,0.0
2015-10-01,6072.5,0.0017981889547553,7.142856835372857e-07,0.0,30.0,0.8446078816622359,0.0
2015-10-02,6130.0,0.0094689172498971,3.17460332538873e-07,0.0,30.0,0.7499676702283744,0.0
2015-10-05,6298.89990234375,0.0275530020136622,3.17460332538873e-07,0.0,30.0,0.450656876119219,0.0
2015-10-06,6326.2001953125,0.0043341366575124,1.9841269397782539e-07,0.0,30.0,0.4213176533241613,0.0
2015-10-07,6336.39990234375,0.0016122959622439,1.9841269397782539e-07,0.0,30.0,0.4116606515663952,0.0
2015-10-08,6374.7998046875,0.0060602081521947,1.1904762008242065e-07,0.0,30.0,0.3730293144691984,0.0
2015-10-09,6416.2001953125,0.0064943828658834,1.1904762008242065e-07,0.0,30.0,0.3463567443631479,0.0
2015-10-12,6371.2001953125,-0.0070134968720078,3.9682538795565474e-07,0.0,30.0,0.3568433291827959,0.0
2015-10-13,6342.2998046875,-0.0045360983392521,1.9841269397782539e-07,0.0,30.0,0.3800719449290543,0.0
2015-10-14,6269.60009765625,-0.0114626727322979,3.9682538795565474e-07,0.0,30.0,0.5788978594712915,0.0
2015-10-15,6338.7001953125,0.0110214521787572,1.9841269397782539e-07,0.0,30.0,0.3840137357433114,0.0
2015-10-16,6378.0,0.0061999784619191,1.9841269397782539e-07,0.0,30.0,0.3189864842892995,0.0
2015-10-19,6352.2998046875,-0.0040295069477108,1.9841269397782539e-07,0.0,30.0,0.3561568248139844,0.0
2015-10-20,6345.10009765625,-0.0011334016423369,3.9682538795565474e-07,0.0,30.0,0.364017016610566,0.0
2015-10-21,6348.39990234375,0.0005200555762263,1.9841269397782539e-07,0.0,30.0,0.3541743054854528,0.0
2015-10-22,6376.2998046875,0.004394792825425,1.9841269397782539e-07,0.0,30.0,0.287595230702619,0.0
2015-10-23,6444.10009765625,0.0106331720661734,1.1904762008242065e-07,0.0,30.0,0.239509872410336,0.0
2015-10-26,6417.0,-0.0042054122756576,3.17460332538873e-07,0.0,30.0,0.2449657365458376,0.0
2015-10-27,6365.2998046875,-0.0080567547627395,3.9682538795565474e-07,0.0,30.0,0.3448657518868068,0.0
2015-10-28,6437.7998046875,0.0113898798524163,1.3888888948020476e-06,0.0,30.0,0.2305416876502831,0.0
2015-10-29,6395.7998046875,-0.0065239680130187,2.103174578339333e-06,0.0,30.0,0.2667153597258323,0.0
2015-10-30,6361.10009765625,-0.0054253898012596,2.698412845059044e-06,0.0,30.0,0.3513436040981352,0.0
2015-11-02,6361.7998046875,0.0001099978023466,2.103174578339333e-06,0.0,30.0,0.3199669077016374,0.0
2015-11-03,6383.60009765625,0.0034267492907724,2.3015872353599167e-06,0.0,30.0,0.2470972951612739,0.0
2015-11-04,6412.89990234375,0.0045898559181765,2.182539670713361e-06,0.0,30.0,0.2002923816975115,0.0
2015-11-05,6364.89990234375,-0.0074849133357682,1.5873015518226308e-06,0.0,30.0,0.3108524917457758,0.0
2015-11-06,6353.7998046875,-0.001743954787437,2.896825354250651e-06,0.0,30.0,0.3419260868811002,0.0
2015-11-09,6295.2001953125,-0.0092227660890052,2.9761905944536585e-06,0.0,30.0,0.5341288801261469,0.0
2015-11-10,6275.2998046875,-0.0031612005984842,4.96031746031746e-06,0.0,30.0,0.5736834883364659,0.0
2015-11-11,6297.2001953125,0.0034899353507606,4.880952515772409e-06,0.0,30.0,0.4975722418306673,0.0
2015-11-12,6178.7001953125,-0.0188178867313458,4.880952515772409e-06,0.0,30.0,0.7081516032394124,0.0
2015-11-13,6118.2998046875,-0.009775582034361,4.484126906073282e-06,0.0,30.0,0.7269506555310526,0.0
2015-11-16,6146.39990234375,0.004592795147881,3.888888787182548e-06,0.0,30.0,0.7385361039072074,0.0
2015-11-17,6268.7998046875,0.0199140804842645,5.357143070016588e-06,0.0,30.0,0.5109975890171623,0.0
2015-11-18,6279.0,0.0016271368731335,4.880952515772409e-06,0.0,30.0,0.4499804868723309,0.0
2015-11-19,6329.89990234375,0.0081063708144211,3.492063473141381e-06,0.0,30.0,0.2995177953971782,0.0
2015-11-20,6334.60009765625,0.0007425386475321,3.690476277990945e-06,0.0,30.0,0.2854569164343078,0.0
2015-11-23,6305.5,-0.0045938334239942,4.166666536577163e-06,0.0,30.0,0.3506128806966956,0.0
2015-11-24,6277.2001953125,-0.0044881142950599,6.071428457895913e-06,0.0,30.0,0.434671297649189,0.0
2015-11-25,6337.60009765625,0.0096221086574319,6.944444326181258e-06,0.0,30.0,0.251099606728808,0.0
2015-11-26,6393.10009765625,0.0087572581331731,6.944444326181258e-06,0.0,30.0,0.196656020815643,0.0
2015-11-27,6375.2001953125,-0.0027998783172989,6.349206207290528e-06,0.0,30.0,0.1947704875598984,0.0
2015-11-30,6356.10009765625,-0.0029959996660644,6.746031816989654e-06,0.0,30.0,0.2071942001171952,0.0
2015-12-01,6395.7001953125,0.0062302507902372,8.055555323759714e-06,0.0,30.0,0.171130325928815,0.0
2015-12-02,6420.89990234375,0.003940101358991,7.93650805477112e-06,0.0,30.0,0.1544562088897388,0.0
2015-12-03,6275.0,-0.0227226564130821,7.85714281456811e-06,0.0,30.0,0.4981471229302719,0.0
2015-12-04,6238.2998046875,-0.0058486367031872,8.134920563962722e-06,0.0,30.0,0.6050418711640867,0.0
2015-12-07,6223.5,-0.0023724099756121,9.325396801744186e-06,0.0,30.0,0.6316853323787542,0.0
2015-12-08,6135.2001953125,-0.0141881264059612,1.0634920899830168e-05,0.0,30.0,0.7349469964012671,0.0
2015-12-09,6126.7001953125,-0.0013854478630532,9.722222411443312e-06,0.0,30.0,0.7397885718425985,0.0
2015-12-10,6088.10009765625,-0.0063003079024142,9.126984292552583e-06,0.0,30.0,0.745794291221844,0.0
2015-12-11,5952.7998046875,-0.0222237300304632,8.452380933458842e-06,0.0,30.0,0.7184498045861648,0.0
2015-12-14,5874.10009765625,-0.0132206204833695,7.85714281456811e-06,0.0,30.0,0.7007031411711581,0.0
2015-12-15,6017.7998046875,0.0244632717594623,9.92063492063492e-06,0.0,30.0,0.8230970939378793,0.0
2015-12-16,6061.2001953125,0.0072120030631783,9.325396801744186e-06,0.0,30.0,0.8345467534304681,0.0
2015-12-17,6102.5,0.0068137998014716,8.452380933458842e-06,0.0,30.0,0.7684043399160303,0.0
2015-12-18,6052.39990234375,-0.0082097661050798,6.944444326181258e-06,0.0,30.0,0.8030464713783321,0.0
2015-12-21,6034.7998046875,-0.0029079535292164,6.071428457895913e-06,0.0,30.0,0.7812249122260096,0.0
2015-12-22,6083.10009765625,0.0080036280459929,7.658730305376503e-06,0.0,30.0,0.7463928139053827,0.0
2015-12-23,6241.0,0.0259571435302514,7.539682445071992e-06,0.0,30.0,0.3833822975035286,0.0
2015-12-24,6254.60009765625,0.0021791536061928,7.261904695677376e-06,0.0,30.0,0.3504139677560202,0.0
2015-12-29,6314.60009765625,0.0095929394466776,8.531746173661852e-06,0.0,30.0,0.2921929094007098,0.0
2015-12-30,6274.10009765625,-0.0064137078158016,7.738094954263595e-06,0.0,30.0,0.3060335111502626,0.0
2015-12-31,6242.2998046875,-0.0050685026495878,5.87301594870431e-06,0.0,30.0,0.3598342703308951,0.0
2016-01-04,6093.39990234375,-0.0238533724753075,6.150793698098924e-06,0.0,30.0,0.7669460409558578,0.0
2016-01-05,6137.2001953125,0.007188153357849,8.134920563962722e-06,0.0,30.0,0.6623356563221021,0.0
2016-01-06,6073.39990234375,-0.0103956675582262,8.134920563962722e-06,0.0,30.0,0.7884502354698402,0.0
2016-01-07,5954.10009765625,-0.0196430017133338,7.539682445071992e-06,0.0,30.0,0.7917695924468598,0.0
2016-01-08,5912.39990234375,-0.0070036100550131,7.539682445071992e-06,0.0,30.0,0.7755281288677344,0.0
2016-01-11,5871.7998046875,-0.0068669403840825,6.944444326181258e-06,0.0,30.0,0.7594904186050399,0.0
2016-01-12,5929.2001953125,0.0097756041647021,8.333333073154326e-06,0.0,30.0,0.8095117084109811,0.0
2016-01-13,5961.0,0.0053632536665975,8.531746173661852e-06,0.0,30.0,0.8134102115497885,0.0
2016-01-14,5918.2001953125,-0.0071799705900855,9.523809310935788e-06,0.0,30.0,0.8280098623953766,1.0
2016-01-15,5804.10009765625,-0.0192795265267679,8.849206543157968e-06,1.0,30.0,0.7720726271838219,1.0
2016-01-18,5779.89990234375,-0.0041694999923024,8.849206543157968e-06,1.0,30.0,0.7670423858626944,1.0
2016-01-19,5876.7998046875,0.0167649793216067,9.126984292552583e-06,1.0,30.0,0.8493397906006325,1.0
2016-01-20,5673.60009765625,-0.0345765916458771,1.0039682189623516e-05,1.0,30.0,0.7382272475804296,1.0
2016-01-21,5773.7998046875,0.0176606925596751,1.0833333409021768e-05,1.0,30.0,0.8450918080963152,1.0
2016-01-22,5900.0,0.0218573902077525,1.1428570936596582e-05,1.0,30.0,0.8610056882125183,1.0
2016-01-25,5877.0,-0.0038983050847457,1.0912698649224782e-05,1.0,30.0,0.880848597640391,1.0
2016-01-26,5911.5,0.0058703420112302,1.190476237781464e-05,1.0,30.0,0.8386267136080976,1.0
2016-01-27,5990.39990234375,0.0133468497578872,1.190476237781464e-05,1.0,30.0,0.6080371248714115,1.0
2016-01-28,5931.7998046875,-0.0097823348376663,1.2619047174378049e-05,1.0,30.0,0.803339510936862,1.0
2016-01-29,6083.7998046875,0.0256246004593554,1.190476237781464e-05,1.0,30.0,0.416617927115977,1.0
2016-02-01,6060.10009765625,-0.0038955435405664,1.1706348685991194e-05,1.0,30.0,0.447842948585024,1.0
2016-02-02,5922.0,-0.0227884185790363,1.3095238615596102e-05,1.0,30.0,0.8749115125001298,1.0
2016-02-03,5837.10009765625,-0.014336356356594,1.3214285884584698e-05,1.0,30.0,0.9086213580001,1.0
2016-02-04,5898.7998046875,0.0105702670845106,1.1230158427404976e-05,1.0,30.0,0.8956337382048171,1.0
2016-02-05,5848.10009765625,-0.0085949190869236,1.1031745918213372e-05,1.0,30.0,0.9151522017823658,1.0
2016-02-08,5689.39990234375,-0.0271370518052695,1.0317459939018123e-05,1.0,30.0,0.7954393632054128,1.0
2016-02-09,5632.2001953125,-0.0100537329091046,1.190476237781464e-05,1.0,30.0,0.7690486082106105,1.0
2016-02-10,5672.2998046875,0.0071197059735861,1.1825397137611633e-05,1.0,30.0,0.8283715499054377,1.0
2016-02-11,5537.0,-0.0238527245290685,1.0833333409021768e-05,1.0,30.0,0.7392743201112265,1.0
2016-02-12,5707.60009765625,0.0308109260712028,1.0714286140033176e-05,1.0,30.0,0.9196654092727904,1.0
2016-02-15,5824.2998046875,0.020446370634686,1.0714286140033176e-05,1.0,30.0,0.8197520985406814,1.0
2016-02-16,5862.2001953125,0.0065072870380911,1.0833333409021768e-05,1.0,30.0,0.7147045825186708,1.0
2016-02-17,6030.2998046875,0.0286751737870389,1.1626984628420029e-05,1.0,30.0,0.4100207076289624,1.0
2016-02-18,5972.0,-0.0096678119787978,1.1428570936596582e-05,1.0,30.0,0.4702621909325842,1.0
2016-02-19,5950.2001953125,-0.003650335681095,1.1230158427404976e-05,1.0,30.0,0.5215075838888654,1.0
2016-02-22,6037.7001953125,0.0147053875714857,1.1626984628420029e-05,1.0,30.0,0.3836889218646137,1.0
2016-02-23,5962.2998046875,-0.0124882634423515,1.2619047174378049e-05,1.0,30.0,0.5158057950851772,1.0
2016-02-24,5867.2001953125,-0.0159501555591407,1.2499999905389453e-05,1.0,30.0,0.8398371486302643,1.0
2016-02-25,6012.7998046875,0.0248158584210786,1.2301587396197849e-05,1.0,30.0,0.4074284756485661,1.0
2016-02-26,6096.0,0.0138371803510966,1.2023809646803232e-05,1.0,30.0,0.3358209004663188,1.0
2016-02-29,6097.10009765625,0.0001804622139518,1.2222222155994836e-05,1.0,30.0,0.3166829528956792,1.0
2016-03-01,6152.89990234375,0.0091518597027708,1.2698412414581057e-05,1.0,30.0,0.2999597552543736,1.0
2016-03-02,6147.10009765625,-0.0009426132034572,1.2023809646803232e-05,1.0,30.0,0.2782852702444031,1.0
2016-03-03,6130.5,-0.0027004762233462,1.0436508390638564e-05,1.0,30.0,0.2545327905344901,1.0
2016-03-04,6199.39990234375,0.0112388715999918,1.0515872448209727e-05,1.0,30.0,0.2581071054902763,1.0
2016-03-07,6182.39990234375,-0.0027422009013441,1.0515872448209727e-05,1.0,30.0,0.2311356236918245,1.0
2016-03-08,6125.39990234375,-0.0092197206425277,1.2103174887006245e-05,1.0,30.0,0.20937902574378,1.0
2016-03-09,6146.2998046875,0.0034120061835887,1.1428570936596582e-05,1.0,30.0,0.1923909773575627,1.0
2016-03-10,6036.7001953125,-0.0178318033382317,1.2023809646803232e-05,1.0,30.0,0.4197500907291962,1.0
2016-03-11,6139.7998046875,0.0170788023322836,1.2222222155994836e-05,1.0,30.0,0.2002681562426201,1.0
2016-03-14,6174.60009765625,0.0056679849629919,1.2222222155994836e-05,1.0,30.0,0.1883905014668361,1.0
2016-03-15,6140.0,-0.0056036175799277,1.2896824923772656e-05,1.0,30.0,0.1805526135456953,1.0
2016-03-16,6175.5,0.0057817589576547,1.190476237781464e-05,1.0,30.0,0.1661579398292368,1.0
2016-03-17,6201.10009765625,0.004145429140353,1.0912698649224782e-05,1.0,30.0,0.1644176669246621,1.0
2016-03-18,6189.60009765625,-0.0018545096545605,1.1111111158416386e-05,1.0,30.0,0.1442747782210867,1.0
2016-03-21,6184.60009765625,-0.0008078066306567,1.1428570936596582e-05,1.0,30.0,0.1341885781450435,1.0
2016-03-22,6192.7001953125,0.0013097205200574,1.1706348685991194e-05,1.0,30.0,0.1282380284365686,1.0
2016-03-23,6199.10009765625,0.0010334590956937,1.1626984628420029e-05,1.0,30.0,0.1221686478834318,1.0
2016-03-24,6106.5,-0.0149376677578185,1.0912698649224782e-05,1.0,30.0,0.2493719321868379,1.0
2016-03-29,6105.89990234375,-9.827194894784784e-05,8.92857119204506e-06,1.0,30.0,0.2408522334875805,1.0
2016-03-30,6203.2001953125,0.015935454973869,7.341269935880387e-06,1.0,30.0,0.1240080828839349,1.0
2016-03-31,6174.89990234375,-0.0045622085500537,7.658730305376503e-06,1.0,30.0,0.118138762540304,1.0
2016-04-01,6146.10009765625,-0.0046640115860936,8.650793442650444e-06,1.0,30.0,0.1468091541806679,1.0
2016-04-04,6164.7001953125,0.0030263252079709,7.261904695677376e-06,1.0,30.0,0.1176636513936206,1.0
2016-04-05,6091.2001953125,-0.0119227209225661,8.650793442650444e-06,1.0,30.0,0.3027131132178111,1.0
2016-04-06,6161.60009765625,0.0115576405447856,8.730158682853456e-06,1.0,30.0,0.1238959076949166,1.0
2016-04-07,6136.89990234375,-0.0040087306740168,8.730158682853456e-06,1.0,30.0,0.1533499056657643,1.0
2016-04-08,6204.39990234375,0.0109990387775791,8.650793442650444e-06,1.0,30.0,0.1083238940368977,1.0
2016-04-11,6200.10009765625,-0.000693025071752,8.333333073154326e-06,1.0,30.0,0.099840202577269,1.0
2016-04-12,6242.39990234375,0.0068224389963462,9.126984292552583e-06,1.0,30.0,0.1189401870434175,1.0
2016-04-13,6362.89990234375,0.0193034733251802,8.849206543157968e-06,1.0,30.0,0.2139307008647415,1.0
2016-04-14,6365.10009765625,0.0003457849952486,8.531746173661852e-06,1.0,30.0,0.1984901978685754,0.0
2016-04-15,6343.7998046875,-0.0033464191673266,8.333333073154326e-06,1.0,30.0,0.1568688487160321,0.0
2016-04-18,6353.5,0.0015290828227796,7.85714281456811e-06,0.0,30.0,0.1618619778322928,0.0
2016-04-19,6405.39990234375,0.0081687105286456,8.531746173661852e-06,0.0,30.0,0.1916043781744251,0.0
2016-04-20,6410.2998046875,0.0007649643142433,8.650793442650444e-06,0.0,30.0,0.1848100949763193,0.0
2016-04-21,6381.39990234375,-0.00450835424618,8.92857119204506e-06,0.0,30.0,0.1422846998077106,0.0
2016-04-22,6310.39990234375,-0.0111260853553345,8.92857119204506e-06,0.0,30.0,0.0849524916851823,0.0
2016-04-25,6260.89990234375,-0.0078441938333599,9.4444446620487e-06,0.0,30.0,0.0967432373780119,0.0
2016-04-26,6284.5,0.0037694417774376,9.722222411443312e-06,0.0,30.0,0.0704782009425305,0.0
2016-04-27,6319.89990234375,0.0056328908176863,9.722222411443312e-06,0.0,30.0,0.0831778237893619,0.0
2016-04-28,6322.39990234375,0.0003955758854776,8.333333073154326e-06,0.0,30.0,0.106291236643046,0.0
2016-04-29,6241.89990234375,-0.0127325068397141,7.658730305376503e-06,0.0,30.0,0.141749067969135,0.0
2016-05-03,6185.60009765625,-0.0090196583681773,8.055555323759714e-06,0.0,30.0,0.2785813891292949,0.0
2016-05-04,6112.0,-0.0118986188072742,7.85714281456811e-06,0.0,30.0,0.4845569421257724,0.0
2016-05-05,6117.2998046875,0.0008671146412795,7.261904695677376e-06,0.0,30.0,0.4489458756398499,0.0
2016-05-06,6125.7001953125,0.0013732187228363,7.142857426688782e-06,0.0,30.0,0.3872621395286769,0.0
2016-05-09,6114.7998046875,-0.0017794521895376,8.055555323759714e-06,0.0,30.0,0.4065817804361004,0.0
2016-05-10,6156.7001953125,0.0068522914835051,9.642857171240303e-06,0.0,30.0,0.2234555489521519,0.0
2016-05-11,6162.5,0.0009420313647747,9.841269680431907e-06,0.0,30.0,0.1898179294797241,0.0
2016-05-12,6104.2001953125,-0.0094604145537525,1.0238094698815115e-05,0.0,30.0,0.4038759696708991,0.0
2016-05-13,6138.5,0.005619049767378,1.0238094698815115e-05,0.0,30.0,0.2428849070027308,0.0
2016-05-16,6151.39990234375,0.0021014746833509,1.0238094698815115e-05,0.0,30.0,0.1982411787125773,0.0
2016-05-17,6167.7998046875,0.0026660439256276,1.0634920899830168e-05,0.0,30.0,0.1419691802502221,0.0
2016-05-18,6165.7998046875,-0.0003242647399936,1.0714286140033176e-05,0.0,30.0,0.1618760503319788,0.0
2016-05-19,6053.39990234375,-0.0182295737624011,1.150793617679959e-05,0.0,30.0,0.5270435642832652,0.0
2016-05-20,6156.2998046875,0.0169986956097034,1.1825397137611633e-05,0.0,30.0,0.1671481457016473,0.0
2016-05-23,6136.39990234375,-0.0032324452958899,1.242063466518644e-05,0.0,30.0,0.2107271891650494,0.0
2016-05-24,6219.2998046875,0.0135095338737762,1.3611110902967905e-05,0.0,30.0,0.1006421202639468,0.0
2016-05-25,6262.89990234375,0.0070104511802742,1.2499999905389453e-05,0.0,30.0,0.1212244648382621,0.0
2016-05-26,6265.7001953125,0.000447124018013,1.0912698649224782e-05,0.0,30.0,0.1081844348095098,0.0
2016-05-27,6270.7998046875,0.0008138929754115,1.1825397137611633e-05,0.0,30.0,0.1114484173028804,0.0
2016-05-31,6230.7998046875,-0.0063787716472943,1.1230158427404976e-05,0.0,30.0,0.0650523422363,0.0
2016-06-01,6191.89990234375,-0.0062431635685815,1.1706348685991194e-05,0.0,30.0,0.1086274109586994,0.0
2016-06-02,6185.60009765625,-0.0010174267651057,1.0714286140033176e-05,0.0,30.0,0.11363343928418,0.0
2016-06-03,6209.60009765625,0.003879979245521,1.0714286140033176e-05,0.0,30.0,0.0690058423611209,0.0
2016-06-06,6273.39990234375,0.0102743821959776,9.92063492063492e-06,0.0,30.0,0.0638135425927067,0.0
2016-06-07,6284.5,0.001769391052546,1.0515872448209727e-05,0.0,30.0,0.0605568772605424,0.0
2016-06-08,6301.5,0.0027050680245046,9.325396801744186e-06,0.0,30.0,0.0701177147850013,0.0
2016-06-09,6231.89990234375,-0.0110450047855669,9.523809310935788e-06,0.0,30.0,0.0564984417530241,0.0
2016-06-10,6115.7998046875,-0.0186299683043025,9.523809310935788e-06,0.0,30.0,0.4365380076156345,0.0
2016-06-13,6045.0,-0.0115765405913442,9.722222411443312e-06,0.0,30.0,0.600661350204812,0.0
2016-06-14,5923.5,-0.0200992555831265,1.0436508390638564e-05,0.0,30.0,0.6745046108730954,0.0
2016-06-15,5966.7998046875,0.0073098345045159,1.0119047429826525e-05,0.0,30.0,0.686253778068228,0.0
2016-06-16,5950.5,-0.0027317498862111,9.722222411443312e-06,0.0,30.0,0.7022847088722379,0.0
2016-06-17,6021.10009765625,0.0118645656089824,9.841269680431907e-06,0.0,30.0,0.6177908071925542,0.0
2016-06-20,6204.0,0.0303764925640324,9.841269680431907e-06,0.0,30.0,0.1674496710758728,0.0
2016-06-21,6226.60009765625,0.0036428268304722,1.0515872448209727e-05,0.0,30.0,0.1523827300156986,0.0
2016-06-22,6261.2001953125,0.0055568202732778,1.0634920899830168e-05,0.0,30.0,0.1535409799938886,0.0
2016-06-23,6338.10009765625,0.0122819746925393,1.0912698649224782e-05,0.0,30.0,0.1969130174750631,0.0
2016-06-24,6138.7001953125,-0.0314605164436398,9.4444446620487e-06,0.0,30.0,0.2836123809963312,0.0
2016-06-27,5982.2001953125,-0.0254939962892312,9.325396801744186e-06,0.0,30.0,0.7155797253178628,0.0
2016-06-28,6140.39990234375,0.0264450706874055,1.0317459939018123e-05,0.0,30.0,0.276962912837597,0.0
2016-06-29,6360.10009765625,0.0357794604271037,1.0119047429826525e-05,0.0,30.0,0.256008068462109,0.0
2016-06-30,6504.2998046875,0.0226725530757587,9.841269680431907e-06,0.0,30.0,0.3073446539789645,0.0
2016-07-01,6577.7998046875,0.0113002171189942,9.642857171240303e-06,0.0,30.0,0.3161375409217035,0.0
2016-07-04,6522.2998046875,-0.0084374717455598,9.642857171240303e-06,0.0,30.0,0.2676279410872712,0.0
2016-07-05,6545.39990234375,0.0035417104929227,9.4444446620487e-06,0.0,30.0,0.2606182804515609,0.0
2016-07-06,6463.60009765625,-0.0124972967134077,1.0436508390638564e-05,0.0,30.0,0.1851077688832436,0.0
2016-07-07,6533.7998046875,0.0108607751053015,1.0714286140033176e-05,0.0,30.0,0.2194664890259526,0.0
2016-07-08,6590.60009765625,0.0086933017029386,1.0833333409021768e-05,0.0,30.0,0.2401509640530597,0.0
2016-07-11,6682.89990234375,0.0140047648650878,1.0912698649224782e-05,0.0,30.0,0.2756789113245095,0.0
2016-07-12,6680.7001953125,-0.0003291545681356,1.1706348685991194e-05,0.0,30.0,0.2550357313615721,0.0
2016-07-13,6670.39990234375,-0.0015417984144801,1.1825397137611633e-05,0.0,30.0,0.2295368729305218,0.0
2016-07-14,6654.5,-0.0023836505421755,1.2023809646803232e-05,0.0,30.0,0.2018645497828695,0.0
2016-07-15,6669.2001953125,0.002209060832895,1.1825397137611633e-05,0.0,30.0,0.1986732300260412,0.0
2016-07-18,6695.39990234375,0.0039284631236087,1.1428570936596582e-05,0.0,30.0,0.2032847313980369,0.0
2016-07-19,6697.39990234375,0.0002987125532709,1.2301587396197849e-05,0.0,30.0,0.1928210764975154,0.0
2016-07-20,6729.0,0.0047182635227129,1.2499999905389453e-05,0.0,30.0,0.2040026737559211,0.0
2016-07-21,6699.89990234375,-0.0043245798270545,1.2023809646803232e-05,0.0,30.0,0.1682122085450601,0.0
2016-07-22,6730.5,0.0045672469890998,1.2023809646803232e-05,0.0,30.0,0.1829416768469959,0.0
2016-07-25,6710.10009765625,-0.0030309638724834,1.1825397137611633e-05,0.0,30.0,0.1562829558613205,0.0
2016-07-26,6724.0,0.0020714895666913,1.2222222155994836e-05,0.0,30.0,0.155611551978546,0.0
2016-07-27,6750.39990234375,0.0039262198607599,1.1230158427404976e-05,0.0,30.0,0.1640322557443552,0.0
2016-07-28,6721.10009765625,-0.0043404546562236,8.730158682853456e-06,0.0,30.0,0.1360625169285276,0.0
2016-07-29,6724.39990234375,0.0004909619912745,9.523809310935788e-06,0.0,30.0,0.1312735522756399,0.0
2016-08-01,6694.0,-0.0045208349868,9.4444446620487e-06,0.0,30.0,0.1111250345929387,0.0
2016-08-02,6645.39990234375,-0.0072602476331415,1.1111111158416386e-05,0.0,30.0,0.0994047235989553,0.0
2016-08-03,6634.39990234375,-0.0016552803686231,1.0634920899830168e-05,0.0,30.0,0.1015317628251229,0.0
2016-08-04,6740.2001953125,0.0159472287661426,9.841269680431907e-06,0.0,30.0,0.1284676852585253,0.0
2016-08-05,6793.5,0.0079077480108924,9.92063492063492e-06,0.0,30.0,0.1575575896388129,0.0
2016-08-08,6809.10009765625,0.0022963270267535,9.92063492063492e-06,0.0,30.0,0.1589596746867061,0.0
2016-08-09,6851.2998046875,0.0061975454062976,1.1626984628420029e-05,0.0,30.0,0.1794464076876515,0.0
2016-08-10,6866.39990234375,0.0022039756085288,1.0833333409021768e-05,0.0,30.0,0.1830915450279781,0.0
2016-08-11,6914.7001953125,0.0070342965244805,1.0912698649224782e-05,0.0,30.0,0.2080322660123377,0.0
2016-08-12,6916.0,0.0001879770128545,1.0436508390638564e-05,0.0,30.0,0.1978457123111097,0.0
2016-08-15,6941.2001953125,0.0036437529370301,1.0912698649224782e-05,0.0,30.0,0.2040497352341664,0.0
2016-08-16,6893.89990234375,-0.0068144256955292,1.1428570936596582e-05,0.0,30.0,0.1579004311160315,0.0
2016-08-17,6859.2001953125,-0.0050333929303866,1.1428570936596582e-05,0.0,30.0,0.1288697968636326,0.0
2016-08-18,6869.0,0.0014287095300407,1.130952366760799e-05,0.0,30.0,0.1295368936625098,0.0
2016-08-19,6859.0,-0.0014558159848595,1.1626984628420029e-05,0.0,30.0,0.1208821393358986,0.0
2016-08-22,6828.5,-0.0044467123487388,1.1111111158416386e-05,0.0,30.0,0.1061945361973177,0.0
2016-08-23,6868.5,0.005857801859852,1.2103174887006245e-05,0.0,30.0,0.117403686706086,0.0
2016-08-24,6835.7998046875,-0.0047608932536216,1.2103174887006245e-05,0.0,30.0,0.1016201735925058,0.0
2016-08-25,6816.89990234375,-0.0027648414060912,1.2103174887006245e-05,0.0,30.0,0.0947537897645398,0.0
2016-08-26,6838.10009765625,0.0031099466936885,1.2103174887006245e-05,0.0,30.0,0.0968606576177553,0.0
2016-08-30,6820.7998046875,-0.0025299853353535,1.2896824923772656e-05,0.0,30.0,0.0920787033311414,0.0
2016-08-31,6781.5,-0.0057617590037596,1.2698412414581057e-05,0.0,30.0,0.0989769618596915,0.0
2016-09-01,6746.0,-0.0052348300523482,1.2499999905389453e-05,0.0,30.0,0.1212479798857701,0.0
2016-09-02,6894.60009765625,0.0220278828426103,1.2023809646803232e-05,0.0,30.0,0.1208224423991472,0.0
2016-09-05,6879.39990234375,-0.0022046522056684,1.2023809646803232e-05,0.0,30.0,0.1087820979788567,0.0
2016-09-06,6826.10009765625,-0.0077477404198208,1.2023809646803232e-05,0.0,30.0,0.094730227014383,0.0
2016-09-07,6846.60009765625,0.0030031789318527,1.3095238615596102e-05,0.0,30.0,0.0843658418120146,0.0
2016-09-08,6858.7001953125,0.0017673147961996,1.3214285884584698e-05,0.0,30.0,0.0840895609110157,0.0
2016-09-09,6777.0,-0.0119119064816883,1.3214285884584698e-05,0.0,30.0,0.0952916299822456,0.0
2016-09-12,6700.89990234375,-0.0112291718542496,1.388888865236252e-05,0.0,30.0,0.1859689896487211,0.0
2016-09-13,6665.60009765625,-0.0052679200110351,1.3690476143170916e-05,0.0,30.0,0.2525186774929415,0.0
2016-09-14,6673.2998046875,0.0011551408603041,1.2499999905389453e-05,0.0,30.0,0.2303207001949654,0.0
2016-09-15,6730.2998046875,0.0085415014562904,1.1031745918213372e-05,0.0,30.0,0.0961180178985121,0.0
2016-09-16,6710.2998046875,-0.0029716358231278,1.0833333409021768e-05,0.0,30.0,0.1200285335189784,0.0
2016-09-19,6813.60009765625,0.0153942887762763,9.4444446620487e-06,0.0,30.0,0.0660340834163068,0.0
2016-09-20,6830.7998046875,0.0025243200048041,1.1428570936596582e-05,0.0,30.0,0.0730881003255067,0.0
2016-09-21,6834.7998046875,0.000585582964568,8.849206543157968e-06,0.0,30.0,0.0864315352541204,0.0
2016-09-22,6911.39990234375,0.011207365225784,6.349206207290528e-06,0.0,30.0,0.1280683562020295,0.0
2016-09-23,6909.39990234375,-0.0002893769754694,6.547619307798051e-06,0.0,30.0,0.1114734129826426,0.0
2016-09-26,6818.0,-0.0132283416267086,6.86507908597825e-06,0.0,30.0,0.0676195285441929,0.0
2016-09-27,6807.7001953125,-0.0015106783055881,1.0119047429826525e-05,0.0,30.0,0.0701303266265724,0.0
2016-09-28,6849.39990234375,0.0061253735967929,1.0436508390638564e-05,0.0,30.0,0.0696042042515442,0.0
2016-09-29,6919.39990234375,0.0102198734192826,9.325396801744186e-06,0.0,30.0,0.1048380708258534,0.0
2016-09-30,6899.2998046875,-0.0029048902997269,1.0317459939018123e-05,0.0,30.0,0.0775930101850873,0.0
2016-10-03,6983.5,0.0122041653060638,1.1428570936596582e-05,0.0,30.0,0.1384974222294404,0.0
2016-10-04,7074.2998046875,0.0130020483550512,1.2499999905389453e-05,0.0,30.0,0.1955613274518579,0.0
2016-10-05,7033.2998046875,-0.0057956265824121,1.242063466518644e-05,0.0,30.0,0.1496845037101818,0.0
2016-10-06,7000.0,-0.0047345919571503,1.2301587396197849e-05,0.0,30.0,0.1200774009624802,0.0
2016-10-07,7044.39990234375,0.0063428431919643,1.2301587396197849e-05,0.0,30.0,0.1429512962603236,0.0
2016-10-10,7097.5,0.0075379164147939,1.2222222155994836e-05,0.0,30.0,0.167616845262176,0.0
2016-10-11,7070.89990234375,-0.0037478122798521,1.2698412414581057e-05,0.0,30.0,0.140725404526881,0.0
2016-10-12,7024.0,-0.006632805299394,1.3492063633979314e-05,0.0,30.0,0.1116560634723683,0.0
2016-10-13,6977.7001953125,-0.0065916578427533,1.0912698649224782e-05,0.0,30.0,0.0899981686608458,0.0
2016-10-14,7013.60009765625,0.0051449476674085,1.150793617679959e-05,0.0,30.0,0.099633923463834,0.0
2016-10-17,6947.60009765625,-0.0094102884511558,1.1706348685991194e-05,0.0,30.0,0.1039545996101296,0.0
2016-10-18,7000.10009765625,0.0075565661900589,1.3214285884584698e-05,0.0,30.0,0.0959783137185587,0.0
2016-10-19,7021.89990234375,0.0031142132802928,1.2817460866201492e-05,0.0,30.0,0.0911438231461151,0.0
2016-10-20,7026.89990234375,0.0007120579999055,1.2698412414581057e-05,0.0,30.0,0.0893786754941931,0.0
2016-10-21,7020.5,-0.0009107718101427,1.2499999905389453e-05,0.0,30.0,0.0928565427801248,0.0
2016-10-24,6986.39990234375,-0.0048572178130118,1.242063466518644e-05,0.0,30.0,0.1047111980018082,0.0
2016-10-25,7017.60009765625,0.0044658473246046,1.2896824923772656e-05,0.0,30.0,0.1096726252014676,0.0
2016-10-26,6958.10009765625,-0.008478682052554,1.242063466518644e-05,0.0,30.0,0.1151403845022677,0.0
2016-10-27,6986.60009765625,0.0040959456748257,1.0912698649224782e-05,0.0,30.0,0.0891391303126577,0.0
2016-10-28,6996.2998046875,0.0013883300740948,1.0833333409021768e-05,0.0,30.0,0.076477390113043,0.0
2016-10-31,6954.2001953125,-0.006017410709986,1.1706348685991194e-05,0.0,30.0,0.0946387006573725,0.0
2016-11-01,6917.10009765625,-0.0053349194176575,1.3690476143170916e-05,0.0,30.0,0.1366828626135696,0.0
2016-11-02,6845.39990234375,-0.0103656437380159,1.3690476143170916e-05,0.0,30.0,0.2547397146479591,0.0
2016-11-03,6790.5,-0.0080199700714275,1.420634961317456e-05,0.0,30.0,0.3498432054408049,0.0
2016-11-04,6693.2998046875,-0.0143141440707605,1.420634961317456e-05,0.0,30.0,0.4784809637072411,0.0
2016-11-07,6806.89990234375,0.0169722111620778,1.547618990852719e-05,0.0,30.0,0.2547994119169111,0.0
2016-11-08,6843.10009765625,0.0053181618404636,1.6666666146308656e-05,0.0,30.0,0.1459444913234493,0.0
2016-11-09,6911.7998046875,0.0100392667140407,1.6587302088737487e-05,0.0,30.0,0.0643858523661446,0.0
2016-11-10,6828.0,-0.0121241654931423,1.817460334490216e-05,0.0,30.0,0.1587501648972344,0.0
2016-11-11,6730.39990234375,-0.0142940974891988,1.817460334490216e-05,0.0,30.0,0.3843251981860264,0.0
2016-11-14,6753.2001953125,0.0033876579846034,1.996031829289028e-05,0.0,30.0,0.3164786073984538,0.0
2016-11-15,6792.7001953125,0.0058490787859979,1.9365079582683625e-05,0.0,30.0,0.2035736216613984,0.0
2016-11-16,6749.7001953125,-0.0063303250200374,1.7976190835710555e-05,0.0,30.0,0.3043784107907673,0.0
2016-11-17,6794.7001953125,0.0066669627832138,1.6666666146308656e-05,0.0,30.0,0.1637216310741599,0.0
2016-11-18,6775.7998046875,-0.0027816371703992,1.6587302088737487e-05,0.0,30.0,0.192934282842787,0.0
2016-11-21,6778.0,0.0003247137424247,1.6666666146308656e-05,0.0,30.0,0.18820106508678,0.0
2016-11-22,6819.7001953125,0.0061522861186928,1.884920611267998e-05,0.0,30.0,0.1156792619517569,0.0
2016-11-23,6817.7001953125,-0.000293268023919,1.9246032313695023e-05,0.0,30.0,0.1250388234767181,0.0
2016-11-24,6829.2001953125,0.0016867858178784,1.9246032313695023e-05,0.0,30.0,0.0882360636367701,0.0
2016-11-25,6840.7998046875,0.0016985311666455,1.9047618621871583e-05,0.0,30.0,0.0770036229532017,0.0
2016-11-28,6799.5,-0.0060372771995461,1.785714238409012e-05,0.0,30.0,0.1224171658475643,0.0
2016-11-29,6772.0,-0.004044415030517,1.8571428363285367e-05,0.0,30.0,0.1673389204067539,0.0
2016-11-30,6783.7998046875,0.0017424401487744,1.8571428363285367e-05,0.0,30.0,0.1518876738693047,0.0
2016-12-01,6752.89990234375,-0.004554954926942,1.817460334490216e-05,0.0,30.0,0.2044727566416987,0.0
2016-12-02,6730.7001953125,-0.0032874331549835,1.8055556075913563e-05,0.0,30.0,0.2427706159441237,0.0
2016-12-05,6746.7998046875,0.0023919664979599,1.7976190835710555e-05,0.0,30.0,0.1956212853979458,0.0
2016-12-06,6779.7998046875,0.0048912078252376,1.9246032313695023e-05,0.0,30.0,0.1195723658505251,0.0
2016-12-07,6902.2001953125,0.0180536880366841,1.9365079582683625e-05,0.0,30.0,0.097772454482582,0.0
2016-12-08,6931.60009765625,0.0042594971910139,1.944444482288663e-05,0.0,30.0,0.1119462206658542,0.0
2016-12-09,6954.2001953125,0.0032604445348616,2.0634919878036257e-05,0.0,30.0,0.1185540990941529,0.0
2016-12-12,6890.39990234375,-0.0091743537972569,1.984126984126984e-05,0.0,30.0,0.0478906107917505,0.0
2016-12-13,6968.60009765625,0.011349151924535,2.075396832965669e-05,0.0,30.0,0.1020627477844527,0.0
2016-12-14,6949.2001953125,-0.0027839023723393,2.075396832965669e-05,0.0,30.0,0.0665423850092852,0.0
2016-12-15,6999.0,0.0071662642157139,1.9365079582683625e-05,0.0,30.0,0.1034080469637831,0.0
2016-12-16,7011.60009765625,0.0018002711324831,1.9246032313695023e-05,0.0,30.0,0.0991180271925684,0.0
2016-12-19,7017.2001953125,0.0007986903956662,1.896825338166857e-05,0.0,30.0,0.0969666091947065,0.0
2016-12-20,7044.0,0.0038191592004745,2.0357143311273484e-05,0.0,30.0,0.118450911731566,0.0
2016-12-21,7041.39990234375,-0.0003691223248509,1.996031829289028e-05,0.0,30.0,0.1036481853555889,0.0
2016-12-22,7063.7001953125,0.0031670254889695,1.9563492091875222e-05,0.0,30.0,0.1244940174279556,0.0
2016-12-23,7068.2001953125,0.0006370598801723,1.984126984126984e-05,0.0,30.0,0.1279015677610255,0.0
2016-12-28,7106.10009765625,0.0053620301203245,1.964285733207824e-05,0.0,30.0,0.1535078433379406,0.0
2016-12-29,7120.2998046875,0.0019982419099238,1.746031736570691e-05,0.0,30.0,0.1669367225045807,0.0
2016-12-30,7142.7998046875,0.0031599793010383,1.9047618621871583e-05,0.0,30.0,0.1831311729538677,0.0
2017-01-03,7177.89990234375,0.0049140531186686,1.884920611267998e-05,0.0,50.0,0.1849102406080492,0.0
2017-01-04,7189.7001953125,0.0016439756933497,2.055555582046509e-05,0.0,50.0,0.1943040662352161,0.0
2017-01-05,7195.2998046875,0.0007788376737392,2.015873080208188e-05,0.0,50.0,0.1863412018337586,0.0
2017-01-06,7210.10009765625,0.0020569390255438,1.996031829289028e-05,0.0,50.0,0.1983835291434542,0.0
2017-01-09,7237.7998046875,0.0038417922991462,1.9246032313695023e-05,0.0,50.0,0.2074423511035553,0.0
2017-01-10,7275.5,0.0052087922199897,1.996031829289028e-05,0.0,50.0,0.2177422262713128,0.0
2017-01-11,7290.5,0.0020617139715484,1.976190460106683e-05,0.0,50.0,0.2104452334146316,0.0
2017-01-12,7292.39990234375,0.0002605997316713,1.996031829289028e-05,0.0,50.0,0.2084958811847356,0.0
2017-01-13,7337.7998046875,0.0062256462826673,2.0357143311273484e-05,0.0,50.0,0.2266394455096559,0.0
2017-01-16,7327.10009765625,-0.0014581628439106,2.0357143311273484e-05,0.0,50.0,0.2028840380336851,0.0
2017-01-17,7220.39990234375,-0.0145624044834095,2.0357143311273484e-05,0.0,50.0,0.1310492401613337,0.0
2017-01-18,7247.60009765625,0.0037671314165952,2.0436507368844653e-05,0.0,50.0,0.1375741927817448,0.0
2017-01-19,7208.39990234375,-0.0054087138893296,1.996031829289028e-05,0.0,50.0,0.1211213245751114,0.0
2017-01-20,7198.39990234375,-0.0013872704255417,1.9047618621871583e-05,0.0,50.0,0.1096932354721648,0.0
2017-01-23,7151.2001953125,-0.006556972059288,1.876984087247697e-05,0.0,50.0,0.1174803806712888,0.0
2017-01-24,7150.2998046875,-0.0001259076239524,1.9563492091875222e-05,0.0,50.0,0.1111210806104278,0.0
2017-01-25,7164.39990234375,0.0019719589445754,1.916666707349202e-05,0.0,50.0,0.1024656032780754,0.0
2017-01-26,7161.5,-0.0004047655607277,1.9365079582683625e-05,0.0,50.0,0.1046501669182181,0.0
2017-01-27,7184.5,0.0032116176778607,1.976190460106683e-05,0.0,50.0,0.0939981264488341,0.0
2017-01-30,7118.5,-0.0091864430370937,1.964285733207824e-05,0.0,50.0,0.1216282463735086,0.0
2017-01-31,7099.2001953125,-0.0027112179093208,1.984126984126984e-05,0.0,50.0,0.1437754165017403,0.0
2017-02-01,7107.7001953125,0.0011973179747224,1.984126984126984e-05,0.0,50.0,0.1403137330355762,0.0
2017-02-02,7140.7998046875,0.0046568662809989,1.9365079582683625e-05,0.0,50.0,0.0964052738620499,0.0
2017-02-03,7188.2998046875,0.0066519159336773,1.9365079582683625e-05,0.0,50.0,0.0736314856544048,0.0
2017-02-06,7172.2001953125,-0.0022396964250852,1.996031829289028e-05,0.0,50.0,0.080825026522763,0.0
2017-02-07,7186.2001953125,0.0019519812078236,2.083333238722786e-05,0.0,50.0,0.0848106055670618,0.0
2017-02-08,7188.7998046875,0.0003617502023802,2.083333238722786e-05,0.0,50.0,0.0803884310107028,0.0
2017-02-09,7229.5,0.0056616120101107,2.0952380838848296e-05,0.0,50.0,0.0843467292324493,0.0
2017-02-10,7258.7998046875,0.0040528120461305,2.075396832965669e-05,0.0,50.0,0.0965498890872526,0.0
2017-02-13,7278.89990234375,0.0027690662639945,2.075396832965669e-05,0.0,50.0,0.1050753718421514,0.0
2017-02-14,7268.60009765625,-0.0014150221634705,2.123015977087475e-05,0.0,50.0,0.0979263329415754,0.0
2017-02-15,7302.39990234375,0.0046501120206625,2.0634919878036257e-05,0.0,50.0,0.1123495661196191,0.0
2017-02-16,7277.89990234375,-0.003355061394561,2.015873080208188e-05,0.0,50.0,0.0964677536208392,0.0
2017-02-17,7300.0,0.0030366036841387,2.015873080208188e-05,0.0,50.0,0.1086323062558667,0.0
2017-02-20,7299.89990234375,-1.371200770550196e-05,2.015873080208188e-05,0.0,50.0,0.1070762797994581,0.0
2017-02-21,7274.7998046875,-0.0034384166895482,2.0039682350461445e-05,0.0,50.0,0.0971720079419048,0.0
2017-02-22,7302.2998046875,0.0037801727522839,2.023809485965305e-05,0.0,50.0,0.1033527563705166,0.0
2017-02-23,7271.39990234375,-0.0042315302261233,1.976190460106683e-05,0.0,50.0,0.0956136520903174,0.0
2017-02-24,7243.7001953125,-0.0038094049843582,1.976190460106683e-05,0.0,50.0,0.0976960090622075,0.0
2017-02-27,7253.0,0.001283847265451,1.944444482288663e-05,0.0,50.0,0.1015379081638279,0.0
2017-02-28,7263.39990234375,0.0014338759608092,2.075396832965669e-05,0.0,50.0,0.1049581118865606,0.0
2017-03-01,7382.89990234375,0.0164523503602547,2.4404762283204094e-05,0.0,50.0,0.1252310401812329,0.0
2017-03-02,7382.39990234375,-6.772406596511349e-05,2.5595237338353717e-05,0.0,50.0,0.1186404300724857,0.0
2017-03-03,7374.2998046875,-0.001097217404015,2.710317571957906e-05,0.0,50.0,0.1108278182941044,0.0
2017-03-06,7350.10009765625,-0.0032816277710688,2.7976189813916644e-05,0.0,50.0,0.0935844871680551,0.0
2017-03-07,7339.0,-0.0015101968012366,2.916666723432995e-05,0.0,50.0,0.0929609711842429,0.0
2017-03-08,7334.60009765625,-0.0005995234151451,2.809523826553708e-05,0.0,50.0,0.0945508712568106,0.0
2017-03-09,7315.0,-0.0026722789784425,2.8293650774728687e-05,0.0,50.0,0.0909545284554695,0.0
2017-03-10,7343.10009765625,0.0038414350862951,2.8769842215946745e-05,0.0,50.0,0.0952762376000393,0.0
2017-03-13,7367.10009765625,0.0032683743488204,2.88888883023035e-05,0.0,50.0,0.1026079436204217,0.0
2017-03-14,7357.89990234375,-0.0012488218146278,2.98809532135252e-05,0.0,50.0,0.1023043462836165,0.0
2017-03-15,7368.60009765625,0.0014542458384207,2.837301483229985e-05,0.0,50.0,0.1079129832039191,0.0
2017-03-16,7416.0,0.0064326875818416,2.809523826553708e-05,0.0,50.0,0.1206884845093782,0.0
2017-03-17,7425.0,0.0012135922330096,2.809523826553708e-05,0.0,50.0,0.1243289227276757,0.0
2017-03-20,7429.7998046875,0.0006464383417508,2.8174602323108248e-05,0.0,50.0,0.1277270411887978,0.0
2017-03-21,7378.2998046875,-0.006931546118848,2.98809532135252e-05,0.0,50.0,0.092775719857975,0.0
2017-03-22,7324.7001953125,-0.0072644932835268,2.9682540704333597e-05,0.0,50.0,0.0984621633598364,0.0
2017-03-23,7340.7001953125,0.002184389746114,2.9682540704333597e-05,0.0,50.0,0.0924611354689241,0.0
2017-03-24,7336.7998046875,-0.000531337681859,2.9682540704333597e-05,0.0,50.0,0.0970735383715783,0.0
2017-03-27,7293.5,-0.0059017290699189,3.00793657227168e-05,0.0,50.0,0.119149117836667,0.0
2017-03-28,7343.39990234375,0.0068416949809761,3.0674603250291616e-05,0.0,50.0,0.0862638236558852,0.0
2017-03-29,7373.7001953125,0.0041261940479475,2.996031727109637e-05,0.0,50.0,0.0961746478418623,0.0
2017-03-30,7369.5,-0.0005696184007006,3.00793657227168e-05,0.0,50.0,0.1011962985901953,0.0
2017-03-31,7322.89990234375,-0.0063233730451522,2.9285713320686703e-05,0.0,50.0,0.0969916894821943,0.0
2017-04-03,7282.7001953125,-0.005489588491901,2.9365079743521557e-05,0.0,50.0,0.1259354443834012,0.0
2017-04-04,7321.7998046875,0.0053688341310778,3.0952379817054386e-05,0.0,50.0,0.089742127163303,0.0
2017-04-05,7331.7001953125,0.001352179913286,3.0952379817054386e-05,0.0,50.0,0.0896045438656119,0.0
2017-04-06,7303.2001953125,-0.0038872293248189,3.1269840777866425e-05,0.0,50.0,0.1050555060257639,0.0
2017-04-07,7349.39990234375,0.0063259538004862,3.166666579624963e-05,0.0,50.0,0.0869911863286853,0.0
2017-04-10,7348.89990234375,-6.803276548339454e-05,3.1269840777866425e-05,0.0,50.0,0.0912913050193207,0.0
2017-04-11,7365.5,0.0022588547778363,3.174603221908449e-05,0.0,50.0,0.0924223275201508,0.0
2017-04-12,7349.0,-0.0022401737831783,3.146825328705803e-05,0.0,50.0,0.0971630270778565,0.0
2017-04-13,7327.60009765625,-0.0029119475226221,3.134920720070128e-05,0.0,50.0,0.106867368768385,0.0
2017-04-18,7147.5,-0.0245783196757497,3.194444472827609e-05,0.0,50.0,0.353759835127466,0.0
2017-04-19,7114.39990234375,-0.0046310035195872,3.115079469150967e-05,0.0,50.0,0.3953530230995781,0.0
2017-04-20,7118.5,0.0005763096975894,3.055555479867118e-05,0.0,50.0,0.3612700601499672,0.0
2017-04-21,7114.60009765625,-0.000547854512011,3.0277778231908405e-05,0.0,50.0,0.3509730411037844,0.0
2017-04-24,7264.7001953125,0.0210974749945112,3.055555479867118e-05,0.0,50.0,0.0604546778592554,0.0
2017-04-25,7275.60009765625,0.0015003925902934,3.206349317989652e-05,0.0,50.0,0.0544839025699219,0.0
2017-04-26,7288.7001953125,0.0018005521854438,3.186507830544124e-05,0.0,50.0,0.0486833368372674,0.0
2017-04-27,7237.2001953125,-0.0070657316970068,3.115079469150967e-05,0.0,50.0,0.0862547374766616,0.0
2017-04-28,7203.89990234375,-0.0046012673506418,3.0952379817054386e-05,0.0,50.0,0.147975475866694,0.0
2017-05-02,7250.10009765625,0.006413220052859,3.3452380744237744e-05,0.0,50.0,0.0654215464967346,0.0
2017-05-03,7234.5,-0.0021517079000458,3.365079325342935e-05,0.0,50.0,0.0806694996714781,0.0
2017-05-04,7248.10009765625,0.0018798946238509,3.3928572185455806e-05,0.0,50.0,0.0716852131519524,0.0
2017-05-05,7297.39990234375,0.0068017554977533,3.444444329019577e-05,0.0,50.0,0.0501557136334367,0.0
2017-05-08,7300.89990234375,0.0004796228858001,3.4523809713030615e-05,0.0,50.0,0.0515139956224091,0.0
2017-05-09,7342.2001953125,0.0056568770317604,3.531745974979704e-05,0.0,50.0,0.0628031575633962,0.0
2017-05-10,7385.2001953125,0.0058565551001255,3.472222222222222e-05,0.0,50.0,0.085159190904277,0.0
2017-05-11,7386.60009765625,0.0001895550975907,3.412698469464741e-05,0.0,50.0,0.0810792053168709,0.0
2017-05-12,7435.39990234375,0.0066065312921141,3.3928572185455806e-05,0.0,50.0,0.1143028208780169,0.0
2017-05-15,7454.39990234375,0.0025553433910139,3.424603078100416e-05,0.0,50.0,0.1221339508020156,0.0
2017-05-16,7522.0,0.0090684828479614,3.531745974979704e-05,0.0,50.0,0.1599446383139487,0.0
2017-05-17,7503.5,-0.0024594522733315,3.472222222222222e-05,0.0,50.0,0.130886194857188,0.0
2017-05-18,7436.39990234375,-0.0089425065177917,3.543650820141747e-05,0.0,50.0,0.0759047235705157,0.0
2017-05-19,7470.7001953125,0.0046124863400553,3.523809569222586e-05,0.0,50.0,0.0957156047231492,0.0
2017-05-22,7496.2998046875,0.0034266680104579,3.4841270673842654e-05,0.0,50.0,0.1034509001144295,0.0
2017-05-23,7485.2998046875,-0.0014673906175846,3.6230158238183885e-05,0.0,50.0,0.0811565117591484,0.0
2017-05-24,7514.89990234375,0.0039544304742094,3.5912697277371846e-05,0.0,50.0,0.1002646573815567,0.0
2017-05-25,7517.7001953125,0.0003726321049035,3.6031745728992285e-05,0.0,50.0,0.1006459212543183,0.0
2017-05-26,7547.60009765625,0.0039772671916862,3.6111112151827125e-05,0.0,50.0,0.1185526833420354,0.0
2017-05-30,7526.5,-0.0027956035538769,3.6111112151827125e-05,0.0,50.0,0.1050637780889004,0.0
2017-05-31,7520.0,-0.0008636152262007,3.769841222535996e-05,0.0,50.0,0.0902896703075664,0.0
2017-06-01,7543.7998046875,0.0031648676446143,3.76190481677888e-05,0.0,50.0,0.1005103995262608,0.0
2017-06-02,7547.60009765625,0.0005037637619158,3.78174606769804e-05,0.0,50.0,0.1002665019346124,0.0
2017-06-05,7525.7998046875,-0.0028883741436591,3.76190481677888e-05,0.0,50.0,0.0955266788024826,0.0
2017-06-06,7525.0,-0.0001062750416244,3.8015873186172e-05,0.0,50.0,0.0965740296605665,0.0
2017-06-07,7478.60009765625,-0.0061660999792358,3.8611110713746805e-05,0.0,50.0,0.0979639468997995,0.0
2017-06-08,7450.0,-0.003824258187734,3.8611110713746805e-05,0.0,50.0,0.125497104445994,0.0
2017-06-09,7527.2998046875,0.0103758127097315,3.8888889645773273e-05,0.0,50.0,0.082182853714316,0.0
2017-06-12,7511.89990234375,-0.0020458733866505,3.8611110713746805e-05,0.0,50.0,0.0815737536158176,0.0
2017-06-13,7500.39990234375,-0.001530904318415,3.900793573213001e-05,0.0,50.0,0.0934212384752095,0.0
2017-06-14,7474.39990234375,-0.003466481832772,3.900793573213001e-05,0.0,50.0,0.1204194270115629,0.0
2017-06-15,7419.39990234375,-0.007358450272744,3.940476075051322e-05,0.0,50.0,0.1556474515848737,0.0
2017-06-16,7463.5,0.0059438901038773,3.908730215496487e-05,0.0,50.0,0.0986860182440656,0.0
2017-06-19,7523.7998046875,0.0080792931851678,3.908730215496487e-05,0.0,50.0,0.0776055687628318,0.0
2017-06-20,7472.7001953125,-0.0067917290068196,3.940476075051322e-05,0.0,50.0,0.0962178926115476,0.0
2017-06-21,7447.7998046875,-0.0033321811358923,3.84126982045552e-05,0.0,50.0,0.1094392026952767,0.0
2017-06-22,7439.2998046875,-0.0011412766485278,3.702381064021399e-05,0.0,50.0,0.1049667116786596,0.0
2017-06-23,7424.10009765625,-0.0020431636619446,3.702381064021399e-05,0.0,50.0,0.1169902865798012,0.0
2017-06-26,7446.7998046875,0.0030575701745207,3.702381064021399e-05,0.0,50.0,0.1020741591641062,0.0
2017-06-27,7434.39990234375,-0.0016651316899837,3.928571466415648e-05,0.0,50.0,0.1152870548281985,0.0
2017-06-28,7387.7998046875,-0.0062681720472904,3.908730215496487e-05,0.0,50.0,0.1722892176096558,0.0
2017-06-29,7350.2998046875,-0.0050759361367922,3.980158813416012e-05,0.0,50.0,0.2342511776659325,0.0
2017-06-30,7312.7001953125,-0.0051153844569743,3.940476075051322e-05,0.0,50.0,0.2944313460344629,0.0
2017-07-03,7377.10009765625,0.0088065831531054,3.968253968253968e-05,0.0,50.0,0.1597361399759935,0.0
2017-07-04,7357.2001953125,-0.0026975236990578,3.968253968253968e-05,0.0,50.0,0.1849868822737625,0.0
2017-07-05,7367.60009765625,0.0014135679426496,4.04761897193061e-05,0.0,50.0,0.1665731192947742,0.0
2017-07-06,7337.2998046875,-0.0041126408283735,4.000000064335172e-05,0.0,50.0,0.2047771049327694,0.0
2017-07-07,7350.89990234375,0.0018535562152661,4.000000064335172e-05,0.0,50.0,0.1711530513543422,0.0
2017-07-10,7370.0,0.0025983346134477,4.019841315254333e-05,0.0,50.0,0.1466726847737859,0.0
2017-07-11,7329.7998046875,-0.005454571955563,4.099206318930975e-05,0.0,50.0,0.2003302055823903,0.0
2017-07-12,7416.89990234375,0.0118830118116661,4.059523817092654e-05,0.0,50.0,0.096392219394888,0.0
2017-07-13,7413.39990234375,-0.0004718952724296,4.019841315254333e-05,0.0,50.0,0.1039830169287821,0.0
2017-07-14,7378.39990234375,-0.0047211806271147,4.000000064335172e-05,0.0,50.0,0.1343059707999362,0.0
2017-07-17,7404.10009765625,0.0034831664930952,4.04761897193061e-05,0.0,50.0,0.1163792085380348,0.0
2017-07-18,7390.2001953125,-0.0018773250172765,4.12698397560725e-05,0.0,50.0,0.1283823333515641,0.0
2017-07-19,7430.89990234375,0.0055072536542468,4.305555706932433e-05,0.0,50.0,0.1034957697908017,0.0
2017-07-20,7487.89990234375,0.0076706725630932,4.4166668066902766e-05,0.0,50.0,0.1040890116135464,0.0
2017-07-21,7452.89990234375,-0.0046742077827516,4.515873061286078e-05,0.0,50.0,0.0967224402776635,0.0
2017-07-24,7377.7001953125,-0.0100899928909016,4.5634919688815166e-05,0.0,50.0,0.14326297011572,0.0
2017-07-25,7434.7998046875,0.0077394862712474,4.535714312205238e-05,0.0,50.0,0.0891224305318079,0.0
2017-07-26,7452.2998046875,0.0023537957254702,4.345238208770752e-05,0.0,50.0,0.0919604551104168,0.0
2017-07-27,7443.0,-0.0012479107029014,4.277777577203418e-05,0.0,50.0,0.0946318719569241,0.0
2017-07-28,7368.39990234375,-0.0100228533731357,4.178571322607616e-05,0.0,50.0,0.1635286560337021,0.0
2017-07-31,7372.0,0.0004885860843553,4.178571322607616e-05,0.0,50.0,0.1732836472192612,0.0
2017-08-01,7423.7001953125,0.0070130487401653,4.198412573526776e-05,0.0,50.0,0.1076963688747946,0.0
2017-08-02,7411.39990234375,-0.0016568951661756,4.166666477445572e-05,0.0,50.0,0.1191827436408416,0.0
2017-08-03,7474.7998046875,0.0085543761204547,4.198412573526776e-05,0.0,50.0,0.0880563619343267,0.0
2017-08-04,7511.7001953125,0.0049366393200067,4.178571322607616e-05,0.0,50.0,0.0943718977233083,0.0
2017-08-07,7531.89990234375,0.0026890992060433,4.099206318930975e-05,0.0,50.0,0.1027435285202251,0.0
2017-08-08,7542.7001953125,0.0014339400561322,4.0873014737689306e-05,0.0,50.0,0.1064400309478497,0.0
2017-08-09,7498.10009765625,-0.0059130147694279,4.06746022284977e-05,0.0,50.0,0.0870317994001919,0.0
2017-08-10,7389.89990234375,-0.014430348208651,4.039682566173493e-05,0.0,50.0,0.1636203908891146,0.0
2017-08-11,7310.0,-0.0108120412183674,4.019841315254333e-05,0.0,50.0,0.3119817455874618,0.0
2017-08-14,7353.89990234375,0.0060054585969562,3.980158813416012e-05,0.0,50.0,0.2014096768830385,0.0
2017-08-15,7383.89990234375,0.0040794680915412,4.000000064335172e-05,0.0,50.0,0.1405089389206015,0.0
2017-08-16,7433.0,0.0066496158270867,3.908730215496487e-05,0.0,50.0,0.0868422496186719,0.0
2017-08-17,7387.89990234375,-0.0060675497990381,3.880952322293841e-05,0.0,50.0,0.1351708649784788,0.0
2017-08-18,7324.0,-0.0086492647692043,3.920634824132162e-05,0.0,50.0,0.2492536821854798,0.0
2017-08-21,7318.89990234375,-0.00069635413111,3.829364975293477e-05,0.0,50.0,0.2441729689286121,0.0
2017-08-22,7381.7001953125,0.0085805645393017,3.948412717334808e-05,0.0,50.0,0.1197664860530768,0.0
2017-08-23,7382.7001953125,0.0001354701455682,3.8888889645773273e-05,0.0,50.0,0.1200604102338449,0.0
2017-08-24,7407.10009765625,0.0033050105920924,3.9603175624968514e-05,0.0,50.0,0.1000997598525075,0.0
2017-08-25,7401.5,-0.0007560445494751,3.948412717334808e-05,0.0,50.0,0.1180134218628973,0.0
2017-08-29,7337.39990234375,-0.0086604198684387,4.007936470092289e-05,0.0,50.0,0.2042132175852696,0.0
2017-08-30,7365.2998046875,0.003802423571712,3.9603175624968514e-05,0.0,50.0,0.1515193028889342,0.0
2017-08-31,7430.60009765625,0.0088659382103075,3.880952322293841e-05,0.0,50.0,0.0885380174802397,0.0
2017-09-01,7438.5,0.0010631580545212,3.908730215496487e-05,0.0,50.0,0.0930928780916701,0.0
2017-09-04,7411.5,-0.0036297640653357,3.908730215496487e-05,0.0,50.0,0.1160757677786681,0.0
2017-09-05,7372.89990234375,-0.0052081356886257,3.900793573213001e-05,0.0,50.0,0.1765284212108652,0.0
2017-09-06,7354.10009765625,-0.0025498521526819,4.119047569850135e-05,0.0,50.0,0.1938911013365764,0.0
2017-09-07,7397.0,0.0058334672868298,4.059523817092654e-05,0.0,50.0,0.1279729119902162,0.0
2017-09-08,7377.60009765625,-0.0026226716701027,4.04761897193061e-05,0.0,50.0,0.1505814756118418,0.0
2017-09-11,7413.60009765625,0.0048796355892801,4.04761897193061e-05,0.0,50.0,0.1161430550215488,0.0
2017-09-12,7400.7001953125,-0.0017400321266085,4.039682566173493e-05,0.0,50.0,0.1360811819088759,0.0
2017-09-13,7379.7001953125,-0.0028375693442225,4.039682566173493e-05,0.0,50.0,0.1544046827440136,0.0
2017-09-14,7295.39990234375,-0.011423267983474,4.079365068011814e-05,0.0,50.0,0.2987884473781748,0.0
2017-09-15,7215.5,-0.0109520935676303,4.007936470092289e-05,0.0,50.0,0.4405327906653478,0.0
2017-09-18,7253.2998046875,0.0052386951268104,3.968253968253968e-05,0.0,50.0,0.3444784400973337,0.0
2017-09-19,7275.2998046875,0.0030331022558562,4.039682566173493e-05,0.0,50.0,0.2790848928097384,0.0
2017-09-20,7272.0,-0.0004535627089036,4.04761897193061e-05,0.0,50.0,0.2764290792688876,0.0
2017-09-21,7263.89990234375,-0.0011138748152158,4.000000064335172e-05,0.0,50.0,0.2941910895301218,0.0
2017-09-22,7310.60009765625,0.0064290802379354,3.980158813416012e-05,0.0,50.0,0.191653083631783,0.0
2017-09-25,7301.2998046875,-0.0012721654644646,3.9603175624968514e-05,0.0,50.0,0.2036724114342,0.0
2017-09-26,7285.7001953125,-0.0021365523663313,4.138888820769295e-05,0.0,50.0,0.2319031995165116,0.0
2017-09-27,7313.5,0.0038156668463225,4.119047569850135e-05,0.0,50.0,0.184507050275537,0.0
2017-09-28,7322.7998046875,0.0012715942691596,4.0873014737689306e-05,0.0,50.0,0.175055062034482,0.0
2017-09-29,7372.7998046875,0.0068279894758278,4.079365068011814e-05,0.0,50.0,0.1362758367961025,0.0
2017-10-02,7438.7998046875,0.008951823153809,4.019841315254333e-05,0.0,50.0,0.1374247182193788,0.0
2017-10-03,7468.10009765625,0.0039388468218066,4.107142724688091e-05,0.0,50.0,0.1505348768318806,0.0
2017-10-04,7467.60009765625,-6.695143255475156e-05,4.138888820769295e-05,0.0,50.0,0.141165045965273,0.0
2017-10-05,7508.0,0.0054100248828843,4.138888820769295e-05,0.0,50.0,0.1603184602851552,0.0
2017-10-06,7522.89990234375,0.0019845368065729,4.138888820769295e-05,0.0,50.0,0.1624574664641056,0.0
2017-10-09,7507.89990234375,-0.0019939119481473,4.146825226526412e-05,0.0,50.0,0.1455546967722859,0.0
2017-10-10,7538.2998046875,0.0040490553602425,4.186507728364732e-05,0.0,50.0,0.1580658020477553,0.0
2017-10-11,7533.7998046875,-0.0005969515827961,4.238095075365097e-05,0.0,50.0,0.1469289346463914,0.0
2017-10-12,7556.2001953125,0.0029733190694902,4.178571322607616e-05,0.0,50.0,0.155209757177983,0.0
2017-10-13,7535.39990234375,-0.002752745087624,4.166666477445572e-05,0.0,50.0,0.1391347409970333,0.0
2017-10-16,7527.0,-0.0011147254893715,4.186507728364732e-05,0.0,50.0,0.1236231359912224,0.0
2017-10-17,7516.2001953125,-0.0014348086472033,4.257936326284257e-05,0.0,50.0,0.1229697829513236,0.0
2017-10-18,7542.89990234375,0.0035522879031217,4.238095075365097e-05,0.0,50.0,0.1258686977636471,0.0
2017-10-19,7523.0,-0.0026382296731216,4.2261907032557895e-05,0.0,50.0,0.1282766143413454,0.0
2017-10-20,7523.2001953125,2.661110095703023e-05,4.26587320509411e-05,0.0,50.0,0.1302902129722631,0.0
2017-10-23,7524.5,0.0001727728431724,4.24603195417495e-05,0.0,50.0,0.1362935709078228,0.0
2017-10-24,7526.5,0.0002657983919196,4.357143053932795e-05,0.0,50.0,0.1422727528852381,0.0
2017-10-25,7447.2001953125,-0.0105360798096725,4.297618828122578e-05,0.0,50.0,0.1742957146695616,0.0
2017-10-26,7486.5,0.0052771247793548,4.285714456013271e-05,0.0,50.0,0.1256822041165533,0.0
2017-10-27,7505.0,0.0024711146730782,4.257936326284257e-05,0.0,50.0,0.1191241352479611,0.0
2017-10-30,7487.7998046875,-0.0022918314873418,4.26587320509411e-05,0.0,50.0,0.1322561844160834,0.0
2017-10-31,7493.10009765625,0.0007078571953047,4.456349308528596e-05,0.0,50.0,0.1357538519197376,0.0
2017-11-01,7488.0,-0.0006806392000349,4.515873061286078e-05,0.0,50.0,0.1541085837760946,0.0
2017-11-02,7555.2998046875,0.0089876875918135,4.515873061286078e-05,0.0,50.0,0.1086779513578827,0.0
2017-11-03,7560.39990234375,0.0006750357746341,4.555555563124399e-05,0.0,50.0,0.1128646112016483,0.0
2017-11-06,7562.2998046875,0.0002512965409622,4.595238064962721e-05,0.0,50.0,0.1156116023340464,0.0
2017-11-07,7513.10009765625,-0.0065059186096739,4.714285570477683e-05,0.0,50.0,0.1299317789335037,0.0
2017-11-08,7529.7001953125,0.0022094870879503,4.742063700206696e-05,0.0,50.0,0.1199833420249912,0.0
2017-11-09,7484.10009765625,-0.0060560309804416,4.773809323235164e-05,0.0,50.0,0.1552037331077461,0.0
2017-11-10,7433.0,-0.0068278212463048,4.761904951125856e-05,0.0,50.0,0.2223566712862766,0.0
2017-11-13,7415.2001953125,-0.0023946999445042,4.702380725315639e-05,0.0,50.0,0.2515968797544756,0.0
2017-11-14,7414.39990234375,-0.0001079260097732,4.92063495847914e-05,0.0,50.0,0.2472307117301602,0.0
2017-11-15,7372.60009765625,-0.0056376517638718,4.880952456640819e-05,0.0,50.0,0.3065563868204565,0.0
2017-11-16,7386.89990234375,0.001939587729985,4.880952456640819e-05,0.0,50.0,0.2657409081420711,0.0
2017-11-17,7380.7001953125,-0.0008392840180876,4.92063495847914e-05,0.0,50.0,0.2692310358853472,0.0
2017-11-20,7389.5,0.0011922723392949,4.92063495847914e-05,0.0,50.0,0.2439680293208508,0.0
2017-11-21,7411.2998046875,0.0029501055128899,5.071428560075306e-05,0.0,50.0,0.2068629154139892,0.0
2017-11-22,7419.0,0.0010389804103767,5.019841213074941e-05,0.0,50.0,0.2064320248797054,0.0
2017-11-23,7417.2001953125,-0.0002425939732443,5.019841213074941e-05,0.0,50.0,0.2067251899851915,0.0
2017-11-24,7409.60009765625,-0.0010246585579627,4.92063495847914e-05,0.0,50.0,0.2179522848440164,0.0
2017-11-27,7383.89990234375,-0.0034684996455651,4.853174799964541e-05,0.0,50.0,0.2545187758849581,0.0
2017-11-28,7460.7001953125,0.010401047411866,5.019841213074941e-05,0.0,50.0,0.1461263169918565,0.0
2017-11-29,7393.60009765625,-0.0089938070019766,4.992063556398664e-05,0.0,50.0,0.2088321825787426,0.0
2017-11-30,7326.7001953125,-0.0090483528267856,4.912698552722023e-05,0.0,50.0,0.3277233394665901,0.0
2017-12-01,7300.5,-0.0035759884551114,4.900793707559979e-05,0.0,50.0,0.3690230332395038,0.0
2017-12-04,7339.0,0.0052736113964797,4.9404762093983e-05,0.0,50.0,0.2898772711795371,0.0
2017-12-05,7327.5,-0.0015669709769723,5.091269810994467e-05,0.0,50.0,0.3195976962924711,0.0
2017-12-06,7348.0,0.0027976799727056,5.011904807317824e-05,0.0,50.0,0.2705192170929454,0.0
2017-12-07,7320.7998046875,-0.0037017141143849,4.999999962155781e-05,0.0,50.0,0.3206293252393338,0.0
2017-12-08,7394.0,0.0099989341691368,4.972222305479504e-05,0.0,50.0,0.2010679638192529,0.0
2017-12-11,7453.5,0.0080470651879902,5.011904807317824e-05,0.0,50.0,0.1485563749488055,0.0
2017-12-12,7500.39990234375,0.0062923327757093,5.198412471347384e-05,0.0,50.0,0.1376285254897881,0.0
2017-12-13,7496.5,-0.0005199592547767,5.051587309156145e-05,0.0,50.0,0.1378267799459829,0.0
2017-12-14,7448.10009765625,-0.006456333268025,5.091269810994467e-05,0.0,50.0,0.1594718336742496,0.0
2017-12-15,7490.60009765625,0.0057061531723201,5.099206216751583e-05,0.0,50.0,0.1292663871321097,0.0
2017-12-18,7537.0,0.0061944172347778,5.2182541953192816e-05,0.0,50.0,0.1280453295551814,0.0
2017-12-19,7544.10009765625,0.0009420323280151,5.369047796915448e-05,0.0,50.0,0.1282045453595074,0.0
2017-12-20,7525.2001953125,-0.0025052560410249,5.357142951753405e-05,0.0,50.0,0.1263882926050463,0.0
2017-12-21,7604.0,0.0104714562592747,5.238095446238442e-05,0.0,50.0,0.136858295133743,0.0
2017-12-22,7592.7001953125,-0.0014860342829431,5.1507935637519474e-05,0.0,50.0,0.1278409939485381,0.0
2017-12-27,7620.7001953125,0.003687752614977,5.587301557026213e-05,0.0,50.0,0.1326215389041705,0.0
2017-12-28,7622.89990234375,0.0002886489397133,5.4365079554300456e-05,0.0,50.0,0.1295959846593478,0.0
2017-12-29,7687.7998046875,0.0085138074978259,5.376984202672565e-05,0.0,50.0,0.1519741909490933,0.0
2018-01-02,7648.10009765625,-0.0051639881422307,5.46825405151125e-05,0.0,20.0,0.104452453988499,0.0
2018-01-03,7671.10009765625,0.003007282816166,5.4365079554300456e-05,0.0,20.0,0.1103015248920755,0.0
2018-01-04,7695.89990234375,0.0032328876395546,5.4365079554300456e-05,0.0,20.0,0.1177731089407516,0.0
2018-01-05,7724.2001953125,0.0036773208237974,5.4365079554300456e-05,0.0,20.0,0.1290590105670101,0.0
2018-01-08,7696.5,-0.0035861570922657,5.4761904572683664e-05,0.0,20.0,0.1045577289751539,0.0
2018-01-09,7731.0,0.0044825570064315,5.615079213702489e-05,0.0,20.0,0.1185108958683493,0.0
2018-01-10,7748.5,0.002263614021472,5.535714210025848e-05,0.0,20.0,0.1255640800720827,0.0
2018-01-11,7762.89990234375,0.0018584116078919,5.567460306107052e-05,0.0,20.0,0.1321981340474933,0.0
2018-01-12,7778.60009765625,0.002022465252677,5.595237962783329e-05,0.0,20.0,0.1354990175562392,0.0
2018-01-15,7769.10009765625,-0.0012212994472954,5.595237962783329e-05,0.0,20.0,0.1230990273255468,0.0
2018-01-16,7755.89990234375,-0.0016990636169667,5.535714210025848e-05,0.0,20.0,0.1149833667686174,0.0
2018-01-17,7725.39990234375,-0.0039324901538225,5.615079213702489e-05,0.0,20.0,0.1062189186553849,0.0
2018-01-18,7701.0,-0.0031583999083785,5.575396711864169e-05,0.0,20.0,0.1116893749080485,0.0
2018-01-19,7730.7998046875,0.003869601959161,5.567460306107052e-05,0.0,20.0,0.1086034192643142,0.0
2018-01-22,7715.39990234375,-0.0019920192907352,5.515872959106687e-05,0.0,20.0,0.11249292011606,0.0
2018-01-23,7731.7998046875,0.0021256062616752,5.607142807945373e-05,0.0,20.0,0.1140163162283763,0.0
2018-01-24,7643.39990234375,-0.0114332890888039,5.595237962783329e-05,0.0,20.0,0.1499166079791207,0.0
2018-01-25,7615.7998046875,-0.0036109712966591,5.527777804268731e-05,0.0,20.0,0.1881980205085275,0.0
2018-01-26,7665.5,0.0065259324807762,5.507936553349571e-05,0.0,20.0,0.1117265151617426,0.0
2018-01-29,7671.5,0.0007827278064054,5.4563492063492063e-05,0.0,20.0,0.1145080709023564,0.0
2018-01-30,7588.0,-0.0108844424167372,5.65476171554081e-05,0.0,20.0,0.2181765921195984,0.0
2018-01-31,7533.60009765625,-0.007169201679461,5.67460296645997e-05,0.0,20.0,0.3084533846487501,0.0
2018-02-01,7490.39990234375,-0.0057343361410887,5.765872815298656e-05,0.0,20.0,0.3734334887853923,0.0
2018-02-02,7443.39990234375,-0.0062746983622721,5.753968443189349e-05,0.0,20.0,0.434849336281082,0.0
2018-02-05,7335.0,-0.0145632243015207,5.785714066217816e-05,0.0,20.0,0.5486644256405772,0.0
2018-02-06,7141.39990234375,-0.026394014677062,5.904762044785515e-05,0.0,20.0,0.6218822596078004,0.0
2018-02-07,7279.39990234375,0.0193239423484337,6.011904705138434e-05,0.0,20.0,0.6295138141772052,0.0
2018-02-08,7170.7001953125,-0.0149325093399872,6.011904705138434e-05,0.0,20.0,0.6656208760991341,0.0
2018-02-09,7092.39990234375,-0.0109194765972694,6.051587206976755e-05,0.0,20.0,0.6737996821241548,0.0
2018-02-12,7177.10009765625,0.011942388539669,6.091269708815076e-05,0.0,20.0,0.6924952986022669,0.0
2018-02-13,7168.0,-0.001267935173319,6.230158938301934e-05,0.0,20.0,0.6903188601112463,0.0
2018-02-14,7214.0,0.0064174107142858,6.150793461572556e-05,0.0,20.0,0.6666975514293482,0.0
2018-02-15,7234.7998046875,0.0028832554321458,6.190475963410877e-05,0.0,20.0,0.6310669511769845,0.0
2018-02-16,7294.7001953125,0.0082794814289388,6.230158938301934e-05,0.0,20.0,0.5016547694538246,0.0
2018-02-19,7247.7001953125,-0.0064430338110675,6.230158938301934e-05,0.0,20.0,0.5938468837754728,0.0
2018-02-20,7246.7998046875,-0.000124231218281,6.24206331041124e-05,0.0,20.0,0.5799277342371081,0.0
2018-02-21,7281.60009765625,0.0048021601129701,6.380952539898101e-05,0.0,20.0,0.4803524555908182,0.0
2018-02-22,7252.39990234375,-0.0040101344376078,6.369047694736057e-05,0.0,20.0,0.5346197922372058,0.0
2018-02-23,7244.39990234375,-0.0011030831321663,6.369047694736057e-05,0.0,20.0,0.5360327727096468,0.0
2018-02-26,7289.60009765625,0.0062393291261952,6.380952539898101e-05,0.0,20.0,0.4087346523970793,0.0
2018-02-27,7282.5,-0.0009740037260114,6.488095200251019e-05,0.0,20.0,0.4264862224131143,0.0
2018-02-28,7231.89990234375,-0.006948176815139,6.420635041736421e-05,0.0,20.0,0.5471891717981361,0.0
2018-03-01,7175.60009765625,-0.0077849258767055,6.309523941978576e-05,0.0,20.0,0.6331490376015416,0.0
2018-03-02,7069.89990234375,-0.0147305025188101,6.369047694736057e-05,0.0,20.0,0.7034503623479884,0.0
2018-03-05,7116.0,0.0065206153259633,6.448412698412699e-05,0.0,20.0,0.6920748799041468,0.0
2018-03-06,7146.7998046875,0.0043282468644603,6.519841296332222e-05,0.0,20.0,0.6471441362247461,0.0
2018-03-07,7157.7998046875,0.0015391504310482,6.547618953008501e-05,0.0,20.0,0.6143221018863849,0.0
2018-03-08,7203.2001953125,0.0063427857531399,6.488095200251019e-05,0.0,20.0,0.5028187276219898,0.0
2018-03-09,7224.5,0.0029569919077581,6.488095200251019e-05,0.0,20.0,0.4296062596304005,0.0
2018-03-12,7214.7998046875,-0.0013426805055712,6.519841296332222e-05,0.0,20.0,0.449734249142097,0.0
2018-03-13,7138.7998046875,-0.010533902818845,6.70634943341452e-05,0.0,20.0,0.6190827851684018,0.0
2018-03-14,7132.7001953125,-0.0008544306524739,6.817460533172366e-05,0.0,20.0,0.614763625822836,0.0
2018-03-15,7139.7998046875,0.0009953606881816,6.876984285929846e-05,0.0,20.0,0.5871706789499876,0.0
2018-03-16,7164.10009765625,0.0034034978057502,6.896825536849007e-05,0.0,20.0,0.5257514956184117,0.0
2018-03-19,7042.89990234375,-0.0169177138315181,6.857143035010686e-05,0.0,20.0,0.6971974077315695,0.0
2018-03-20,7061.2998046875,0.0026125463372874,6.976190540525649e-05,0.0,20.0,0.6758777996361524,0.0
2018-03-21,7039.0,-0.0031580311421838,6.785714437091161e-05,0.0,20.0,0.6848932515965401,0.0
2018-03-22,6952.60009765625,-0.012274456931915,6.678571303685506e-05,0.0,20.0,0.7193151521637894,0.0
2018-03-23,6921.89990234375,-0.0044156423325496,6.698412554604667e-05,0.0,20.0,0.7238007102517512,0.0
2018-03-26,6888.7001953125,-0.0047963286813795,6.765873186172e-05,0.0,20.0,0.7227228358257026,0.0
2018-03-27,7000.10009765625,0.0161713965167991,6.876984285929846e-05,0.0,20.0,0.7348570822940796,0.0
2018-03-28,7044.7001953125,0.0063713514141294,6.72619068433368e-05,0.0,20.0,0.6583936046543765,0.0
2018-03-29,7056.60009765625,0.0016891992581413,6.626983956685142e-05,0.0,20.0,0.6215157045308073,0.0
2018-04-03,7030.5,-0.0036986788673087,6.797619282253204e-05,0.0,20.0,0.6626345800255226,0.0
2018-04-04,7034.0,0.0004978308797383,6.619047550928025e-05,0.0,20.0,0.6387731840675921,0.0
2018-04-05,7199.5,0.0235285754904748,6.646825207604302e-05,0.0,20.0,0.318911001880584,0.0
2018-04-06,7183.60009765625,-0.0022084731361552,6.666666458523462e-05,0.0,20.0,0.3303560773531225,0.0
2018-04-09,7194.7998046875,0.0015590660503086,6.646825207604302e-05,0.0,20.0,0.3027810220670778,0.0
2018-04-10,7266.7998046875,0.0100072277137011,6.72619068433368e-05,0.0,20.0,0.2417766710406643,0.0
2018-04-11,7257.10009765625,-0.0013347976126978,6.718253805523827e-05,0.0,20.0,0.2279855889655761,0.0
2018-04-12,7258.2998046875,0.0001653149350437,6.765873186172e-05,0.0,20.0,0.2147131394196617,0.0
2018-04-13,7264.60009765625,0.0008680122257669,6.817460533172366e-05,0.0,20.0,0.2000759277352399,0.0
2018-04-16,7198.2001953125,-0.0091402006237304,6.797619282253204e-05,0.0,20.0,0.2843030236692315,0.0
2018-04-17,7226.10009765625,0.00387595532032,6.964285695363604e-05,0.0,20.0,0.2232424463198827,0.0
2018-04-18,7317.2998046875,0.0126208751330236,7.023809448121085e-05,0.0,20.0,0.1666660443203215,0.0
2018-04-19,7328.89990234375,0.0015852975777783,7.075396795121451e-05,0.0,20.0,0.1536311740925051,0.0
2018-04-20,7368.2001953125,0.0053623727288432,7.003968197201925e-05,0.0,20.0,0.1582898281087978,0.0
2018-04-23,7398.89990234375,0.0041665136963542,7.075396795121451e-05,0.0,20.0,0.1620581138049946,0.0
2018-04-24,7425.39990234375,0.0035816135303581,7.234126802474734e-05,0.0,20.0,0.1580546269400036,0.0
2018-04-25,7379.2998046875,-0.0062084329817305,7.202381179446265e-05,0.0,20.0,0.1182625487811744,0.0
2018-04-26,7421.39990234375,0.0057051615695986,7.083333200878568e-05,0.0,20.0,0.1384146784687292,0.0
2018-04-27,7502.2001953125,0.010887473257334,7.023809448121085e-05,0.0,20.0,0.1766205880747424,0.0
2018-04-30,7509.2998046875,0.0009463369665123,6.996031791444809e-05,0.0,20.0,0.1507397571472393,0.0
2018-05-01,7520.39990234375,0.0014781801159837,7.182539455474369e-05,0.0,20.0,0.1353887266499697,0.0
2018-05-02,7543.2001953125,0.0030317926260337,7.083333200878568e-05,0.0,20.0,0.1338830133721827,0.0
2018-05-03,7502.7001953125,-0.005369073993975,7.095238046040612e-05,0.0,20.0,0.0854822884381639,0.0
2018-05-04,7567.10009765625,0.0085835633395008,7.115079296959771e-05,0.0,20.0,0.1245167484541928,0.0
2018-05-08,7565.7998046875,-0.0001718350427467,7.281746183122908e-05,0.0,20.0,0.1077963877918903,0.0
2018-05-09,7662.5,0.0127812257538968,7.321428684961227e-05,0.0,20.0,0.1688527187332796,0.0
2018-05-10,7701.0,0.0050244698205546,7.321428684961227e-05,0.0,20.0,0.1821320952982459,0.0
2018-05-11,7724.60009765625,0.0030645497540904,7.380952437718708e-05,0.0,20.0,0.1855640246330595,0.0
2018-05-14,7711.0,-0.001760621583553,7.361111186799548e-05,0.0,20.0,0.1618387972290876,0.0
2018-05-15,7723.0,0.0015562183893138,7.44047619047619e-05,0.0,20.0,0.1560656020467223,0.0
2018-05-16,7734.2001953125,0.0014502389372652,7.40079368863787e-05,0.0,20.0,0.1522138500484627,0.0
2018-05-17,7788.0,0.0069560915581299,7.392857282880753e-05,0.0,20.0,0.1802903852790261,0.0
2018-05-18,7778.7998046875,-0.0011813296497816,7.361111186799548e-05,0.0,20.0,0.1659528873600166,0.0
2018-05-21,7859.2001953125,0.010335834915889,7.392857282880753e-05,0.0,20.0,0.2019548609194104,0.0
2018-05-22,7877.5,0.0023284563610448,7.511904788395715e-05,0.0,20.0,0.1958956580361127,0.0
2018-05-23,7788.39990234375,-0.0113107074143129,7.432539784719073e-05,0.0,20.0,0.1208683251589874,0.0
2018-05-24,7716.7001953125,-0.0092059611640734,7.380952437718708e-05,0.0,20.0,0.0760628848217286,0.0
2018-05-25,7730.2998046875,0.0017623607281336,7.353174781042433e-05,0.0,20.0,0.0766521709236338,0.0
2018-05-29,7632.60009765625,-0.0126385404835148,7.301587434042068e-05,0.0,20.0,0.098545282392332,0.0
2018-05-30,7689.60009765625,0.0074679662592964,7.452381035638234e-05,0.0,20.0,0.0688860835376824,0.0
2018-05-31,7678.2001953125,-0.0014825091290799,7.420634939557031e-05,0.0,20.0,0.0640245738907571,0.0
2018-06-01,7701.7998046875,0.0030735860976127,7.412698533799913e-05,0.0,20.0,0.0574492423666002,0.0
2018-06-04,7741.2998046875,0.0051286713497744,7.40079368863787e-05,0.0,20.0,0.0642747662066103,0.0
2018-06-05,7686.7998046875,-0.0070401613908557,7.551587290234036e-05,0.0,20.0,0.0592229756476926,0.0
2018-06-06,7712.39990234375,0.0033303973443719,7.539682445071991e-05,0.0,20.0,0.0535813087815498,0.0
2018-06-07,7704.39990234375,-0.0010372906100951,7.480158692314511e-05,0.0,20.0,0.0595358037040438,0.0
2018-06-08,7681.10009765625,-0.0030242205730276,7.46031744139535e-05,0.0,20.0,0.0630843603292916,0.0
2018-06-11,7737.39990234375,0.0073296538219413,7.412698533799913e-05,0.0,20.0,0.0533711316190966,0.0
2018-06-12,7703.7998046875,-0.0043425566831658,7.492063537476556e-05,0.0,20.0,0.0589291818896644,0.0
2018-06-13,7703.7001953125,-1.292990180501441e-05,7.519841194152831e-05,0.0,20.0,0.0633939816072859,0.0
2018-06-14,7765.7998046875,0.0080610106572924,7.472222286557397e-05,0.0,20.0,0.0609805768840059,0.0
2018-06-15,7633.89990234375,-0.0169847157615541,7.492063537476556e-05,0.0,20.0,0.121664223536072,0.0
2018-06-18,7631.2998046875,-0.0003405988668323,7.472222286557397e-05,0.0,20.0,0.1076671097062605,0.0
2018-06-19,7603.89990234375,-0.0035904633607658,7.531746039314877e-05,0.0,20.0,0.1374760238650104,0.0
2018-06-20,7627.39990234375,0.0030905193784516,7.492063537476556e-05,0.0,20.0,0.099308500682165,0.0
2018-06-21,7556.39990234375,-0.0093085456261684,7.499999943233671e-05,0.0,20.0,0.2375546824179353,0.0
2018-06-22,7682.2998046875,0.0166613604323271,7.420634939557031e-05,0.0,20.0,0.0391261295590197,0.0
2018-06-25,7509.7998046875,-0.0224542135018924,7.353174781042433e-05,0.0,20.0,0.346244699191102,0.0
2018-06-26,7537.89990234375,0.0037417905120067,7.511904788395715e-05,0.0,20.0,0.24766807637277,0.0
2018-06-27,7621.7001953125,0.0111171936553169,7.46031744139535e-05,0.0,20.0,0.0610347121585219,0.0
2018-06-28,7615.60009765625,-0.000800359171829,7.46031744139535e-05,0.0,20.0,0.0587391464618003,0.0
2018-06-29,7636.89990234375,0.0027968649107579,7.46031744139535e-05,0.0,20.0,0.0486790705993147,0.0
2018-07-02,7547.89990234375,-0.0116539435030025,7.519841194152831e-05,0.0,20.0,0.2103302982800148,0.0
2018-07-03,7593.2998046875,0.0060149051962987,7.670634795749e-05,0.0,20.0,0.1043525111389435,0.0
2018-07-04,7573.10009765625,-0.0026602014342671,7.670634795749e-05,0.0,20.0,0.1400582689109789,0.0
2018-07-05,7603.2001953125,0.0039746071315716,7.579364946910313e-05,0.0,20.0,0.0842234126941458,0.0
2018-07-06,7617.7001953125,0.0019070917018519,7.559523695991153e-05,0.0,20.0,0.057594006560979,0.0
2018-07-09,7688.0,0.0092284814163148,7.599206197829476e-05,0.0,20.0,0.0436455720938308,0.0
2018-07-10,7692.0,0.0005202913631634,7.678571201506115e-05,0.0,20.0,0.0420892766123279,0.0
2018-07-11,7592.0,-0.0130005200208008,7.619047448748634e-05,0.0,20.0,0.1140106751774754,0.0
2018-07-12,7651.2998046875,0.0078108278039383,7.650793544829838e-05,0.0,20.0,0.0407740060486895,0.0
2018-07-13,7661.89990234375,0.0013853982887659,7.650793544829838e-05,0.0,20.0,0.0498672106454561,0.0
2018-07-16,7600.5,-0.0080136654258519,7.690476046668159e-05,0.0,20.0,0.1143479970707627,0.0
2018-07-17,7626.2998046875,0.0033944878215248,7.837301681912135e-05,0.0,20.0,0.0679409033786488,0.0
2018-07-18,7676.2998046875,0.0065562594286245,7.777777929154655e-05,0.0,20.0,0.0393477816090593,0.0
2018-07-19,7684.0,0.0010031128940271,7.730158548506479e-05,0.0,20.0,0.040113054271228,0.0
2018-07-20,7678.7998046875,-0.0006767562874153,7.670634795749e-05,0.0,20.0,0.0406649296842613,0.0
2018-07-23,7655.7998046875,-0.0029952597521762,7.619047448748634e-05,0.0,20.0,0.0515686660967197,0.0
2018-07-24,7709.10009765625,0.0069620802957928,7.777777929154655e-05,0.0,20.0,0.0430864025812405,0.0
2018-07-25,7658.2998046875,-0.0065896527902387,7.749999799425638e-05,0.0,20.0,0.0528667900298467,0.0
2018-07-26,7663.2001953125,0.0006398797056756,7.718254176397175e-05,0.0,20.0,0.054049192885366,0.0
2018-07-27,7701.2998046875,0.0049717622408331,7.718254176397175e-05,0.0,20.0,0.0433556101359985,0.0
2018-07-30,7700.89990234375,-5.192660380615166e-05,7.718254176397175e-05,0.0,20.0,0.0473184887109342,0.0
2018-07-31,7748.7998046875,0.0062200395994203,7.876984183750455e-05,0.0,20.0,0.0546887117715911,0.0
2018-08-01,7652.89990234375,-0.012376097558455,7.849206527074178e-05,0.0,20.0,0.0776661284664071,0.0
2018-08-02,7575.89990234375,-0.0100615454249464,7.797619180073813e-05,0.0,20.0,0.2298984492276096,0.0
2018-08-03,7659.10009765625,0.0109822194570918,7.777777929154655e-05,0.0,20.0,0.0557826773939147,0.0
2018-08-06,7663.7998046875,0.0006136108643739,7.809524025235857e-05,0.0,20.0,0.0535965175821602,0.0
2018-08-07,7718.5,0.007137477061841,7.968253559536404e-05,0.0,20.0,0.0392021529634393,0.0
2018-08-08,7776.7001953125,0.007540350497182,7.968253559536404e-05,0.0,20.0,0.0648703578770359,0.0
2018-08-09,7741.7998046875,-0.0044878148505759,7.956349660479834e-05,0.0,20.0,0.040847089557558,0.0
2018-08-10,7667.0,-0.0096618107642373,7.936507936507937e-05,0.0,20.0,0.0712086688027987,0.0
2018-08-13,7642.5,-0.0031955132385548,7.916666685588778e-05,0.0,20.0,0.1063163343750319,0.0
2018-08-14,7611.60009765625,-0.0040431668097807,8.06746028718494e-05,0.0,20.0,0.1702206883320014,0.0
2018-08-15,7497.89990234375,-0.0149377520959765,8.015872940184578e-05,0.0,20.0,0.4441948522261766,0.0
2018-08-16,7556.39990234375,0.0078021847133107,7.996032162318154e-05,0.0,20.0,0.2665854915360995,0.0
2018-08-17,7558.60009765625,0.0002911697820304,7.916666685588778e-05,0.0,20.0,0.2386590717189914,0.0
2018-08-20,7591.2998046875,0.0043261591576182,7.908730279831658e-05,0.0,20.0,0.146434141717982,0.0
2018-08-21,7565.7001953125,-0.0033722300572548,8.075397165994795e-05,0.0,20.0,0.2071432921284032,0.0
2018-08-22,7574.2001953125,0.0011234915183748,8.075397165994795e-05,0.0,20.0,0.1783549770368292,0.0
2018-08-23,7563.2001953125,-0.0014522985551408,8.06746028718494e-05,0.0,20.0,0.2167025574526709,0.0
2018-08-24,7577.5,0.0018907082079306,8.12698451299516e-05,0.0,20.0,0.1735421791844046,0.0
2018-08-28,7617.2001953125,0.005239220760475,8.246032018510122e-05,0.0,20.0,0.1043366292018918,0.0
2018-08-29,7563.2001953125,-0.0070892189538658,8.253967951214503e-05,0.0,20.0,0.2062671382287034,0.0
2018-08-30,7516.0,-0.0062407703212395,8.16666701483348e-05,0.0,20.0,0.3181515508071402,0.0
2018-08-31,7432.39990234375,-0.0111229507259512,8.154762169671437e-05,0.0,20.0,0.5005439315344208,0.0
2018-09-03,7504.60009765625,0.0097142506136855,8.154762169671437e-05,0.0,20.0,0.313204388411683,0.0
2018-09-04,7457.89990234375,-0.0062228759300692,8.206349516671802e-05,0.0,20.0,0.4282897037482162,0.0
2018-09-05,7383.2998046875,-0.0100028290313746,8.293650453052823e-05,0.0,20.0,0.5639765892312515,0.0
2018-09-06,7319.0,-0.0087088167064105,8.253967951214503e-05,0.0,20.0,0.6255743432953201,0.0
2018-09-07,7277.7001953125,-0.0056428206978412,8.285714520348445e-05,0.0,20.0,0.6487076921494442,0.0
2018-09-10,7279.2998046875,0.0002197959976464,8.265872796376547e-05,0.0,20.0,0.6428153579232245,0.0
2018-09-11,7273.5,-0.000796753100314,8.365079524025083e-05,0.0,20.0,0.6405495949900369,0.0
2018-09-12,7313.39990234375,0.0054856537215577,8.353174678863042e-05,0.0,20.0,0.5845224582917843,0.0
2018-09-13,7281.60009765625,-0.0043481561397058,8.305555298214868e-05,0.0,20.0,0.6194003571950543,0.0
2018-09-14,7304.0,0.003076233526057,8.345237800053192e-05,0.0,20.0,0.5718223392196756,0.0
2018-09-17,7302.10009765625,-0.0002601180645879,8.365079524025083e-05,0.0,20.0,0.5558227669286995,0.0
2018-09-18,7300.2001953125,-0.0002601857435999,8.432539682539683e-05,0.0,20.0,0.5428707106030416,0.0
2018-09-19,7331.10009765625,0.0042327472558343,8.412697958567786e-05,0.0,20.0,0.4604330339989415,0.0
2018-09-20,7367.2998046875,0.0049378274132176,8.404762025863405e-05,0.0,20.0,0.3587430250323767,0.0
2018-09-21,7490.2001953125,0.0166818771983194,8.42460280372983e-05,0.0,20.0,0.1879855099212589,0.0
2018-09-24,7458.39990234375,-0.0042455865183217,8.42460280372983e-05,0.0,20.0,0.1961013103875392,0.0
2018-09-25,7507.60009765625,0.0065966153540573,8.603174535055008e-05,0.0,20.0,0.1610149914640855,0.0
2018-09-26,7511.5,0.0005194605856759,8.571428912026542e-05,0.0,20.0,0.1516543987580227,0.0
2018-09-27,7545.39990234375,0.0045130669431872,8.4920639083499e-05,0.0,20.0,0.1463271534375818,0.0
2018-09-28,7510.2001953125,-0.0046650551974476,8.531746410188223e-05,0.0,20.0,0.1403961260278587,0.0
2018-10-01,7495.7001953125,-0.0019307075208261,8.551587188054645e-05,0.0,20.0,0.1466926881308381,0.0
2018-10-02,7474.60009765625,-0.0028149601913701,8.630952191731287e-05,0.0,20.0,0.1723800620066569,0.0
2018-10-03,7510.2998046875,0.0047761360560873,8.611111413864862e-05,0.0,20.0,0.1373373803107785,0.0
2018-10-04,7418.2998046875,-0.0122498438667626,8.611111413864862e-05,0.0,20.0,0.2932839865932647,0.0
2018-10-05,7318.5,-0.0134531910700668,8.591269689892968e-05,0.0,20.0,0.5522850268387404,0.0
2018-10-08,7233.2998046875,-0.011641756550181,8.591269689892968e-05,0.0,20.0,0.6550898841607425,0.0
2018-10-09,7237.60009765625,0.0005945133044207,8.670634693569607e-05,0.0,20.0,0.6426733040068813,0.0
2018-10-10,7145.7001953125,-0.0126975656438257,8.809523923056466e-05,0.0,20.0,0.6916191915129134,0.0
2018-10-11,7006.89990234375,-0.019424309609267,8.78968219908457e-05,0.0,20.0,0.6926912063090065,0.0
2018-10-12,6995.89990234375,-0.0015698811390641,8.801587044246613e-05,0.0,20.0,0.7006532663824108,0.0
2018-10-15,7029.2001953125,0.0047599727602725,8.849206424894787e-05,0.0,20.0,0.7277997191458432,0.0
2018-10-16,7059.39990234375,0.0042963219416327,8.96825393040975e-05,0.0,20.0,0.7428428195610887,0.0
2018-10-17,7054.60009765625,-0.0006799168135958,8.96825393040975e-05,0.0,20.0,0.7424880757001591,0.0
2018-10-18,7027.0,-0.0039123546727218,8.948413152543324e-05,0.0,20.0,0.7411172420458488,0.0
2018-10-19,7049.7998046875,0.0032446000693753,8.96825393040975e-05,0.0,20.0,0.738208034411627,0.0
2018-10-22,7042.7998046875,-0.0009929359973237,8.960317051599896e-05,0.0,20.0,0.7277832682931089,0.0
2018-10-23,6955.2001953125,-0.0124381796734724,9.087301435924712e-05,0.0,20.0,0.73959485156733,0.0
2018-10-24,6963.0,0.0011214349649859,9.067460658058287e-05,0.0,20.0,0.7337238163168933,0.0
2018-10-25,7004.10009765625,0.0059026422025347,9.047618934086392e-05,0.0,20.0,0.745124072695852,0.0
2018-10-26,6939.60009765625,-0.0092088918063268,9.019841277410112e-05,0.0,20.0,0.7588304405922617,0.0
2018-10-29,7026.2998046875,0.0124934730836336,8.96825393040975e-05,0.0,20.0,0.7512129098335332,0.0
2018-10-30,7035.89990234375,0.001366309141811,9.059523779248432e-05,0.0,20.0,0.7267419828249608,0.0
2018-10-31,7128.10009765625,0.0131042505709593,9.03968300138201e-05,0.0,20.0,0.5391895252127162,0.0
2018-11-01,7114.7001953125,-0.0018798701140793,9.00793643224807e-05,0.0,20.0,0.569962704826736,0.0
2018-11-02,7094.10009765625,-0.0028954273673853,9.019841277410112e-05,0.0,20.0,0.616320882178349,0.0
2018-11-05,7103.7998046875,0.0013672921015668,8.999999553438216e-05,0.0,20.0,0.584074995005077,0.0
2018-11-06,7040.7001953125,-0.0088825151482117,9.166666439601352e-05,0.0,20.0,0.7001102800461371,0.0
2018-11-07,7117.2998046875,0.0108795442569757,9.166666439601352e-05,0.0,20.0,0.5407942331355452,0.0
2018-11-08,7140.7001953125,0.0032878185923246,9.138888782925076e-05,0.0,20.0,0.4777001853330241,0.0
2018-11-09,7105.2998046875,-0.0049575517325651,9.126983937763032e-05,0.0,20.0,0.5581062425527016,0.0
2018-11-12,7053.10009765625,-0.007346587542557,9.126983937763032e-05,0.0,20.0,0.6634834190395218,0.0
2018-11-13,7053.7998046875,9.920560059573091e-05,9.107143159896608e-05,0.0,20.0,0.6469548719108479,0.0
2018-11-14,7033.7998046875,-0.0028353512367489,9.226190665411572e-05,0.0,20.0,0.6668398525370903,0.0
2018-11-15,7038.0,0.0005971445632702,9.166666439601352e-05,0.0,20.0,0.645810867787319,0.0
2018-11-16,7013.89990234375,-0.0034242821335962,9.126983937763032e-05,0.0,20.0,0.6701001965237731,0.0
2018-11-19,7000.89990234375,-0.0018534624361628,9.126983937763032e-05,0.0,20.0,0.6670134091382633,0.0
2018-11-20,6947.89990234375,-0.0075704553327861,9.265873167249892e-05,0.0,20.0,0.7125838384267462,0.0
2018-11-21,7050.2001953125,0.0147239157740659,9.325396446954637e-05,0.0,20.0,0.5918511322588885,0.0
2018-11-22,6960.2998046875,-0.0127514663604548,9.325396446954637e-05,0.0,20.0,0.7411941420749895,0.0
2018-11-23,6952.89990234375,-0.0010631585637684,9.317460514250255e-05,0.0,20.0,0.7375172359113815,0.0
2018-11-26,7036.0,0.0119518616438354,9.297618790278358e-05,0.0,20.0,0.5961381776155766,0.0
2018-11-27,7016.89990234375,-0.0027146244537024,9.337301292116682e-05,0.0,20.0,0.6301805360287327,0.0
2018-11-28,7004.5,-0.0017671482444274,9.265873167249892e-05,0.0,20.0,0.6436805276005089,0.0
2018-11-29,7039.0,0.0049254050967235,9.166666439601352e-05,0.0,20.0,0.554751813043476,0.0
2018-11-30,6980.2001953125,-0.0083534315510015,9.158730506896972e-05,0.0,20.0,0.6748254657159315,0.0
2018-12-03,7062.39990234375,0.0117761245711047,9.07936550322033e-05,0.0,20.0,0.4976289579755567,0.0
2018-12-04,7022.7998046875,-0.0056071729445833,9.384920672764854e-05,0.0,20.0,0.587115988633833,0.0
2018-12-05,6921.7998046875,-0.014381728485637,9.384920672764854e-05,0.0,20.0,0.734184110923363,0.0
2018-12-06,6704.10009765625,-0.0314513151454947,9.337301292116682e-05,0.0,20.0,0.7338169766128374,0.0
2018-12-07,6778.10009765625,0.0110380213484386,9.285713945116316e-05,0.0,20.0,0.7823142984708196,0.0
2018-12-10,6721.5,-0.0083504369721275,9.246031443277996e-05,0.0,20.0,0.7620411619939602,0.0
2018-12-11,6806.89990234375,0.0127054827558952,9.404761450631278e-05,0.0,20.0,0.7985591990077104,0.0
2018-12-12,6880.2001953125,0.0107685281141729,9.424603174603177e-05,0.0,20.0,0.7643604057471052,0.0
2018-12-13,6877.5,-0.0003924588290816,9.376983793955e-05,0.0,20.0,0.7608605805078188,0.0
2018-12-14,6845.2001953125,-0.004696445610687,9.396825517926896e-05,0.0,20.0,0.7976953314329286,1.0
2018-12-17,6773.2001953125,-0.0105183191061825,9.285713945116316e-05,1.0,20.0,0.8118026311197359,1.0
2018-12-18,6701.60009765625,-0.0105710883469533,9.238095510573614e-05,1.0,20.0,0.7879238245451045,1.0
2018-12-19,6765.89990234375,0.0095946943641098,9.277778012411937e-05,1.0,20.0,0.8139617567135351,1.0
2018-12-20,6711.89990234375,-0.0079811999555734,9.265873167249892e-05,1.0,20.0,0.8185489700536245,1.0
2018-12-21,6721.2001953125,0.0013856423820477,9.246031443277996e-05,1.0,20.0,0.8315731145585855,1.0
2018-12-24,6686.0,-0.0052371889379294,9.257936288440038e-05,1.0,20.0,0.8251631081475198,1.0
2018-12-27,6584.7001953125,-0.015151032708271,9.317460514250255e-05,1.0,20.0,0.7890855707205525,1.0
2018-12-28,6734.0,0.0226737437178663,9.238095510573614e-05,1.0,20.0,0.8539404069117054,1.0
2018-12-31,6728.10009765625,-0.0008761363741832,9.126983937763032e-05,1.0,20.0,0.8458456890761749,1.0
2019-01-02,6734.2001953125,0.0009066597654179,9.384920672764854e-05,1.0,50.0,0.8000466243238581,0.0
2019-01-03,6692.7001953125,-0.0061625729554174,9.345238170926534e-05,1.0,50.0,0.8148216171326609,0.0
2019-01-04,6837.39990234375,0.0216205272623142,9.357143016088576e-05,0.0,50.0,0.5710752275754709,0.0
2019-01-07,6810.89990234375,-0.0038757422965587,9.337301292116682e-05,0.0,50.0,0.6331099464796301,0.0
2019-01-08,6861.60009765625,0.0074439789219413,9.523809902251714e-05,0.0,50.0,0.5078360760451548,0.0
2019-01-09,6906.60009765625,0.0065582370525165,9.484127400413393e-05,0.0,50.0,0.4154460193742555,0.0
2019-01-10,6942.89990234375,0.0052558138844347,9.424603174603177e-05,0.0,50.0,0.3555499719393245,0.0
2019-01-11,6918.2001953125,-0.0035575490614393,9.404761450631278e-05,0.0,50.0,0.3869363890203589,0.0
2019-01-14,6855.0,-0.0091353521910687,9.365078948792958e-05,0.0,50.0,0.538729520599458,0.0
2019-01-15,6895.0,0.0058351568198395,9.45634879763164e-05,0.0,50.0,0.4258820251536207,0.0
2019-01-16,6862.7001953125,-0.0046845256979695,9.376983793955e-05,0.0,50.0,0.5090045423859154,0.0
2019-01-17,6834.89990234375,-0.0040509263376736,9.345238170926534e-05,0.0,50.0,0.5754228482587672,0.0
2019-01-18,6968.2998046875,0.0195174624719822,9.317460514250255e-05,0.0,50.0,0.3033711144577973,0.0
2019-01-21,6970.60009765625,0.0003301082090645,9.317460514250255e-05,0.0,50.0,0.2910889474881127,0.0
2019-01-22,6901.39990234375,-0.0099274372856029,9.305555669088212e-05,0.0,50.0,0.4181222832982681,0.0
2019-01-23,6842.89990234375,-0.0084765411116276,9.337301292116682e-05,0.0,50.0,0.5827620818648515,0.0
2019-01-24,6819.0,-0.0034926570145449,9.14682566173493e-05,0.0,50.0,0.6259161472502827,0.0
2019-01-25,6809.2001953125,-0.0014371322316322,9.238095510573614e-05,0.0,50.0,0.624585873479918,0.0
2019-01-28,6747.10009765625,-0.0091200281787867,9.257936288440038e-05,0.0,50.0,0.7007657918744858,0.0
2019-01-29,6833.89990234375,0.0128647572188311,9.384920672764854e-05,0.0,50.0,0.5512745331910176,0.0
2019-01-30,6941.60009765625,0.0157596975155522,9.384920672764854e-05,0.0,50.0,0.3258599757636004,0.0
2019-01-31,6968.89990234375,0.0039327826874839,9.285713945116316e-05,0.0,50.0,0.2911138554788797,0.0
2019-02-01,7020.2001953125,0.007361318671186,9.285713945116316e-05,0.0,50.0,0.2478617152307635,0.0
2019-02-04,7034.10009765625,0.0019799866039478,9.265873167249892e-05,0.0,50.0,0.2274122644800212,0.0
2019-02-05,7177.39990234375,0.0203721588686585,9.384920672764854e-05,0.0,50.0,0.2639234783875941,0.0
2019-02-06,7173.10009765625,-0.0005990755351524,9.384920672764854e-05,0.0,50.0,0.2373749955559692,0.0
2019-02-07,7093.60009765625,-0.0110830741126805,9.345238170926534e-05,0.0,50.0,0.1846502722962746,0.0
2019-02-08,7071.2001953125,-0.0031577622131745,9.384920672764854e-05,0.0,50.0,0.1829056222268818,0.0
2019-02-11,7129.10009765625,0.0081881294185577,9.424603174603177e-05,0.0,50.0,0.1775921514688951,0.0
2019-02-12,7133.10009765625,0.0005610806336293,9.436508019765218e-05,0.0,50.0,0.1730685559201106,0.0
2019-02-13,7190.7998046875,0.0080890084593385,9.41666629579332e-05,0.0,50.0,0.1824102297041586,0.0
2019-02-14,7197.0,0.0008622400123639,9.41666629579332e-05,0.0,50.0,0.1746741628407155,0.0
2019-02-15,7236.7001953125,0.0055162144383076,9.404761450631278e-05,0.0,50.0,0.1806740966426446,0.0
2019-02-18,7219.5,-0.0023768008689432,9.404761450631278e-05,0.0,50.0,0.159041096733456,0.0
2019-02-19,7179.2001953125,-0.005582076970358,9.41666629579332e-05,0.0,50.0,0.1375157029239779,0.0
2019-02-20,7228.60009765625,0.0068809757354313,9.45634879763164e-05,0.0,50.0,0.1398244401613051,0.0
2019-02-21,7167.39990234375,-0.0084663966031739,9.503968178279816e-05,0.0,50.0,0.1162215920398412,0.0
2019-02-22,7178.60009765625,0.0015626580719791,9.496031299469964e-05,0.0,50.0,0.1240736487623538,0.0
2019-02-25,7183.7001953125,0.0007104585276891,9.496031299469964e-05,0.0,50.0,0.1220323210119643,0.0
2019-02-26,7151.10009765625,-0.0045380648927306,9.523809902251714e-05,0.0,50.0,0.1211111796775114,0.0
2019-02-27,7107.2001953125,-0.0061389019513428,9.496031299469964e-05,0.0,50.0,0.174012076653899,0.0
2019-02-28,7074.7001953125,-0.0045728274294897,9.45634879763164e-05,0.0,50.0,0.2279674149532249,0.0
2019-03-01,7106.7001953125,0.0045231598677781,9.436508019765218e-05,0.0,50.0,0.1579382352788043,0.0
2019-03-04,7134.39990234375,0.0038976889794113,9.424603174603177e-05,0.0,50.0,0.1284519997864402,0.0
2019-03-05,7183.39990234375,0.0068681319621433,9.523809902251714e-05,0.0,50.0,0.1001017488118113,0.0
2019-03-06,7196.0,0.0017540576645522,9.543650680118136e-05,0.0,50.0,0.0985558228635917,0.0
2019-03-07,7157.60009765625,-0.0053362843723944,9.503968178279816e-05,0.0,50.0,0.1007818165830941,0.0
2019-03-08,7104.2998046875,-0.0074466709849022,9.496031299469964e-05,0.0,50.0,0.1655072045518998,0.0
2019-03-11,7130.60009765625,0.0037020246458907,9.444444898575072e-05,0.0,50.0,0.1328196027985012,0.0
2019-03-12,7151.2001953125,0.0028889711067965,9.503968178279816e-05,0.0,50.0,0.1043011475175537,0.0
2019-03-13,7159.2001953125,0.0011186933355946,9.47619052160354e-05,0.0,50.0,0.1014267147883759,0.0
2019-03-14,7185.39990234375,0.0036595857521073,9.47619052160354e-05,0.0,50.0,0.0952626292078133,0.0
2019-03-15,7228.2998046875,0.0059704265492246,9.47619052160354e-05,0.0,50.0,0.0983418909208197,0.0
2019-03-18,7299.2001953125,0.009808723011049,9.464285676441495e-05,0.0,50.0,0.1341853369041059,0.0
2019-03-19,7324.0,0.0033976057682902,9.543650680118136e-05,0.0,50.0,0.1389247727457526,0.0
2019-03-20,7291.0,-0.0045057345712725,9.55555552528018e-05,0.0,50.0,0.1020540845387242,0.0
2019-03-21,7355.2998046875,0.0088190652431079,9.55555552528018e-05,0.0,50.0,0.1376062429094754,0.0
2019-03-22,7207.60009765625,-0.0200807187950546,9.51587302344186e-05,0.0,50.0,0.0864524643921931,0.0
2019-03-25,7177.60009765625,-0.004162273099718,9.484127400413393e-05,0.0,50.0,0.1190668979693228,0.0
2019-03-26,7196.2998046875,0.0026052868335972,9.543650680118136e-05,0.0,50.0,0.0901425471403894,0.0
2019-03-27,7194.2001953125,-0.0002917623545412,9.436508019765218e-05,0.0,50.0,0.0895208570615725,0.0
2019-03-28,7234.2998046875,0.0055738801098594,9.404761450631278e-05,0.0,50.0,0.0638408869363599,0.0
2019-03-29,7279.2001953125,0.0062065979897469,9.238095510573614e-05,0.0,50.0,0.0677197636377335,0.0
2019-04-01,7317.39990234375,0.0052477890436162,9.218253786601717e-05,0.0,50.0,0.0858138355606183,0.0
2019-04-02,7391.10009765625,0.0100719102818056,9.404761450631278e-05,0.0,50.0,0.1354348605250644,0.0
2019-04-03,7418.2998046875,0.0036800620573214,9.41666629579332e-05,0.0,50.0,0.146770624914361,0.0
2019-04-04,7401.89990234375,-0.0022107359874276,9.404761450631278e-05,0.0,50.0,0.1204674756027693,0.0
2019-04-05,7446.89990234375,0.0060795202034211,9.404761450631278e-05,0.0,50.0,0.1455595329104193,0.0
2019-04-08,7451.89990234375,0.0006714203313551,9.384920672764854e-05,0.0,50.0,0.1405265498341701,0.0
2019-04-09,7425.60009765625,-0.0035292750885218,9.384920672764854e-05,0.0,50.0,0.1001630364552622,0.0
2019-04-10,7421.89990234375,-0.0004983025296053,9.376983793955e-05,0.0,50.0,0.087745093769216,0.0
2019-04-11,7418.0,-0.0005254587632633,9.384920672764854e-05,0.0,50.0,0.0816435485077515,0.0
2019-04-12,7437.10009765625,0.0025748311750135,9.424603174603177e-05,0.0,50.0,0.0895858134165996,0.0
2019-04-15,7436.89990234375,-2.691846416902344e-05,9.365078948792958e-05,0.0,50.0,0.0875691970369372,0.0
2019-04-16,7469.89990234375,0.0044373328178854,9.436508019765218e-05,0.0,50.0,0.1043649841107217,0.0
2019-04-17,7471.2998046875,0.0001874057700974,9.444444898575072e-05,0.0,50.0,0.1054441035908561,0.0
2019-04-18,7459.89990234375,-0.0015258258458049,9.384920672764854e-05,0.0,50.0,0.0969712589498957,0.0
2019-04-23,7523.10009765625,0.0084719897237017,9.484127400413393e-05,0.0,50.0,0.1319377078268724,0.0
2019-04-24,7471.7998046875,-0.0068190363417778,9.424603174603177e-05,0.0,50.0,0.0810194796385991,0.0
2019-04-25,7434.10009765625,-0.0050455991885113,9.384920672764854e-05,0.0,50.0,0.0639775003554813,0.0
2019-04-26,7428.2001953125,-0.0007936269711528,9.365078948792958e-05,0.0,50.0,0.0684238334239438,0.0
2019-04-29,7440.7001953125,0.0016827764022686,9.365078948792958e-05,0.0,50.0,0.0740595482478677,0.0
2019-04-30,7418.2001953125,-0.0030239089614407,9.396825517926896e-05,0.0,50.0,0.0725399188897266,0.0
2019-05-01,7385.2998046875,-0.0044350906902983,9.376983793955e-05,0.0,50.0,0.0811558822398668,0.0
2019-05-02,7351.2998046875,-0.004603739983368,9.41666629579332e-05,0.0,50.0,0.1136172980454615,0.0
2019-05-03,7380.60009765625,0.0039857295644596,9.396825517926896e-05,0.0,50.0,0.0794742150828438,0.0
2019-05-07,7260.5,-0.0162724027947792,9.396825517926896e-05,0.0,50.0,0.2716436219930337,0.0
2019-05-08,7271.0,0.0014461813924659,9.404761450631278e-05,0.0,50.0,0.2157223796649638,0.0
2019-05-09,7207.39990234375,-0.008747090861814,9.404761450631278e-05,0.0,50.0,0.344446656017409,0.0
2019-05-10,7203.2998046875,-0.0005688733401509,9.404761450631278e-05,0.0,50.0,0.3369770879912189,0.0
2019-05-13,7163.7001953125,-0.0054974262419608,9.325396446954637e-05,0.0,50.0,0.4033100611495339,0.0
2019-05-14,7241.60009765625,0.0108742549548239,9.337301292116682e-05,0.0,50.0,0.1755619805647485,0.0
2019-05-15,7297.0,0.0076502294515932,9.325396446954637e-05,0.0,50.0,0.0591239813424558,0.0
2019-05-16,7353.5,0.0077429080444018,9.277778012411937e-05,0.0,50.0,0.0450512459173226,0.0
2019-05-17,7348.60009765625,-0.0006663360772081,9.246031443277996e-05,0.0,50.0,0.0545721158798997,0.0
2019-05-20,7310.89990234375,-0.0051302553971502,9.206348941439676e-05,0.0,50.0,0.0648605360641722,0.0
2019-05-21,7328.89990234375,0.0024620772053287,9.246031443277996e-05,0.0,50.0,0.0482318955852031,0.0
2019-05-22,7334.2001953125,0.0007232044426006,9.206348941439676e-05,0.0,50.0,0.0476611426820135,0.0
2019-05-23,7231.0,-0.0140710905844182,9.138888782925076e-05,0.0,50.0,0.2129314069993193,0.0
2019-05-24,7277.7001953125,0.0064583315326371,9.07936550322033e-05,0.0,50.0,0.0937924418872953,0.0
2019-05-28,7269.0,-0.0011954594279802,9.119048005058652e-05,0.0,50.0,0.1185827252738366,0.0
2019-05-29,7185.2998046875,-0.0115146781280093,9.119048005058652e-05,0.0,50.0,0.3228439635252009,0.0
2019-05-30,7218.2001953125,0.004578847302034,9.166666439601352e-05,0.0,50.0,0.2088153346564074,0.0
2019-05-31,7161.7001953125,-0.0078274359911341,9.099206281086756e-05,0.0,50.0,0.3521926201326161,0.0
2019-06-03,7184.7998046875,0.0032254365227575,9.047618934086392e-05,0.0,50.0,0.2572853550311336,0.0
2019-06-04,7214.2998046875,0.0041058903242863,9.107143159896608e-05,0.0,50.0,0.1684855208481126,0.0
2019-06-05,7220.2001953125,0.0008178743308069,9.067460658058287e-05,0.0,50.0,0.151955970803782,0.0
2019-06-06,7259.89990234375,0.0054984219214619,8.948413152543324e-05,0.0,50.0,0.0887771873351984,0.0
2019-06-07,7331.89990234375,0.0099174921098783,8.78968219908457e-05,0.0,50.0,0.0722397525364609,0.0
2019-06-10,7375.5,0.0059466302373156,8.809523923056466e-05,0.0,50.0,0.0973750057557109,0.0
2019-06-11,7398.5,0.0031184326486339,8.78174626638019e-05,0.0,50.0,0.0987510339446955,0.0
2019-06-12,7367.60009765625,-0.0041765090685611,8.591269689892968e-05,0.0,50.0,0.06965164012309,0.0
2019-06-13,7368.60009765625,0.0001357294080495,8.4920639083499e-05,0.0,50.0,0.0614107070245833,0.0
2019-06-14,7345.7998046875,-0.0030942502872427,8.432539682539683e-05,0.0,50.0,0.0575673033682191,0.0
2019-06-17,7357.2998046875,0.0015655204750695,8.484127029540047e-05,0.0,50.0,0.0649245671879444,0.0
2019-06-18,7443.0,0.0116483217467771,8.603174535055008e-05,0.0,50.0,0.1010540334338323,0.0
2019-06-19,7403.5,-0.0053069998656455,8.432539682539683e-05,0.0,50.0,0.0540061709418041,0.0
2019-06-20,7424.39990234375,0.0028229759362126,8.246032018510122e-05,0.0,50.0,0.0610931324834345,0.0
2019-06-21,7407.5,-0.0022762650942893,8.154762169671437e-05,0.0,50.0,0.0502700566380927,0.0
2019-06-24,7416.7001953125,0.0012420108420518,8.16666701483348e-05,0.0,50.0,0.0548997350588028,0.0
2019-06-25,7422.39990234375,0.0007684963502843,8.265872796376547e-05,0.0,50.0,0.0591280929888548,0.0
2019-06-26,7416.39990234375,-0.0008083638821596,8.305555298214868e-05,0.0,50.0,0.0594254302733575,0.0
2019-06-27,7402.2998046875,-0.0019012051456116,8.2738096751864e-05,0.0,50.0,0.063156246889258,0.0
2019-06-28,7425.60009765625,0.0031477099798085,8.075397165994795e-05,0.0,50.0,0.0670280910907701,0.0
2019-07-01,7497.5,0.0096827059629085,8.194444671509758e-05,0.0,50.0,0.0934287470910664,0.0
2019-07-02,7559.2001953125,0.0082294358536179,8.523809531378367e-05,0.0,50.0,0.132836894727367,0.0
2019-07-03,7609.2998046875,0.0066276336226771,8.531746410188223e-05,0.0,50.0,0.1596063219915891,0.0
2019-07-04,7603.60009765625,-0.0007490448763418,8.531746410188223e-05,0.0,50.0,0.1367694448708062,0.0
2019-07-05,7553.10009765625,-0.0066415907400977,8.583333757188585e-05,0.0,50.0,0.0795338029540674,0.0
2019-07-08,7549.2998046875,-0.0005031434668698,8.64285703689333e-05,0.0,50.0,0.075384845221824,0.0
2019-07-09,7536.5,-0.0016954956113349,8.710317195407928e-05,0.0,50.0,0.0682223455809703,0.0
2019-07-10,7530.7001953125,-0.0007695620894977,8.452381406511579e-05,0.0,50.0,0.0700816455674897,0.0
2019-07-11,7509.7998046875,-0.0027753582114461,8.325397022186763e-05,0.0,50.0,0.0766700885710123,0.0
2019-07-12,7506.0,-0.0005059794916407,8.293650453052823e-05,0.0,50.0,0.0878738070090627,0.0
2019-07-15,7531.7001953125,0.0034239535454969,8.2738096751864e-05,0.0,50.0,0.0817486543700575,0.0
2019-07-16,7577.2001953125,0.0060411326553222,8.345237800053192e-05,0.0,50.0,0.0892672268323274,0.0
2019-07-17,7535.5,-0.0055033777962336,8.226190294538226e-05,0.0,50.0,0.0710288460893408,0.0
2019-07-18,7493.10009765625,-0.0056266873258243,7.9880952835083e-05,0.0,50.0,0.0860473390613609,0.0
2019-07-19,7508.7001953125,0.0020819283678232,7.9880952835083e-05,0.0,50.0,0.0824486255755994,0.0
2019-07-22,7514.89990234375,0.0008256698056903,8.035714664156477e-05,0.0,50.0,0.0878691853729718,0.0
2019-07-23,7556.89990234375,0.0055888967978003,8.06746028718494e-05,0.0,50.0,0.0849592767152777,0.0
2019-07-24,7501.5,-0.0073310356177362,8.095237943861221e-05,0.0,50.0,0.0929764721843212,0.0
2019-07-25,7489.10009765625,-0.001652989714557,8.174602947537861e-05,0.0,50.0,0.1094198518322261,0.0
2019-07-26,7549.10009765625,0.0080116434842121,8.186507792699906e-05,0.0,50.0,0.0699200700283132,0.0
2019-07-29,7686.60009765625,0.0182140915104158,8.13492044569954e-05,0.0,50.0,0.1392635302331067,0.0
2019-07-30,7646.7998046875,-0.005177880007168,8.095237943861221e-05,0.0,50.0,0.1021272596386104,0.0
2019-07-31,7586.7998046875,-0.0078464196176837,8.055555442022898e-05,0.0,50.0,0.0745241432140317,0.0
2019-08-01,7584.89990234375,-0.0002504221005773,8.055555442022898e-05,0.0,50.0,0.0659381947592982,0.0
2019-08-02,7407.10009765625,-0.0234412855774879,7.936507936507937e-05,0.0,50.0,0.2884870280406764,0.0
2019-08-05,7223.89990234375,-0.0247330524627942,7.749999799425638e-05,0.0,50.0,0.5567087084460572,0.0
2019-08-06,7171.7001953125,-0.0072259731913386,7.916666685588778e-05,0.0,50.0,0.5834398911907237,0.0
2019-08-07,7198.7001953125,0.0037647976441692,7.809524025235857e-05,0.0,50.0,0.5632270696329541,0.0
2019-08-08,7285.89990234375,0.0121132572082987,7.817460430992973e-05,0.0,50.0,0.4135432968097002,0.0
2019-08-09,7253.89990234375,-0.0043920449675277,7.738095427316333e-05,0.0,50.0,0.4673224295881306,0.0
2019-08-12,7226.7001953125,-0.0037496667168597,7.650793544829838e-05,0.0,50.0,0.5038821046529061,0.0
2019-08-13,7250.89990234375,0.0033486524108121,7.757936678235492e-05,0.0,50.0,0.4279403608421009,0.0
2019-08-14,7147.89990234375,-0.014205133347201,7.571428541153195e-05,0.0,50.0,0.5934156103943248,0.0
2019-08-15,7067.0,-0.011317995977703,7.313492279204111e-05,0.0,50.0,0.642138796542432,0.0
2019-08-16,7117.2001953125,0.0071034661543087,7.234126802474734e-05,0.0,50.0,0.6144967622517417,0.0
2019-08-19,7189.7001953125,0.0101865899525701,7.353174781042433e-05,0.0,50.0,0.4718348575605961,0.0
2019-08-20,7125.0,-0.0089990115797433,7.539682445071991e-05,0.0,50.0,0.5962082920947337,0.0
2019-08-21,7204.0,0.0110877192982457,7.650793544829838e-05,0.0,50.0,0.3976595761246857,0.0
2019-08-22,7128.2001953125,-0.0105219051481815,7.690476046668159e-05,0.0,50.0,0.5807129012995472,0.0
2019-08-23,7095.0,-0.0046575845799522,7.579364946910313e-05,0.0,50.0,0.6177979841536577,0.0
2019-08-27,7089.60009765625,-0.0007610856016561,7.710317297587319e-05,0.0,50.0,0.6134088538203836,0.0
2019-08-28,7114.7001953125,0.0035404109273451,7.698412925478012e-05,0.0,50.0,0.5498249468762968,0.0
2019-08-29,7184.2998046875,0.0097825076903248,7.698412925478012e-05,0.0,50.0,0.344999819498042,0.0
2019-08-30,7207.2001953125,0.0031875605483582,7.670634795749e-05,0.0,50.0,0.2793722043613733,0.0
2019-09-02,7281.89990234375,0.0103645944343038,7.670634795749e-05,0.0,50.0,0.1699614210947842,0.0
2019-09-03,7268.2001953125,-0.0018813369058864,7.579364946910313e-05,0.0,50.0,0.1704387646907648,0.0
2019-09-04,7311.2998046875,0.0059298874847719,7.559523695991153e-05,0.0,50.0,0.1394487598460097,0.0
2019-09-05,7271.2001953125,-0.0054846074495934,7.619047448748634e-05,0.0,50.0,0.1605011021564595,0.0
2019-09-06,7282.2998046875,0.0015265168165987,7.579364946910313e-05,0.0,50.0,0.134740512931997,0.0
2019-09-09,7235.7998046875,-0.006385345460519,7.571428541153195e-05,0.0,50.0,0.2105603695112142,0.0
2019-09-10,7268.0,0.0044501224718296,7.591269792072356e-05,0.0,50.0,0.1430197228181148,0.0
2019-09-11,7338.0,0.0096312603192074,7.591269792072356e-05,0.0,50.0,0.1089576237919271,0.0
2019-09-12,7344.7001953125,0.0009130819450122,7.519841194152831e-05,0.0,50.0,0.1005866152045534,0.0
2019-09-13,7367.5,0.0031042526013589,7.539682445071991e-05,0.0,50.0,0.102982894036231,0.0
2019-09-16,7321.39990234375,-0.006257223977774,7.718254176397175e-05,0.0,50.0,0.0826506449763903,0.0
2019-09-17,7320.39990234375,-0.0001365859006936,7.690476046668159e-05,0.0,50.0,0.0842462756039993,0.0
2019-09-18,7314.10009765625,-0.0008605820408094,7.46031744139535e-05,0.0,50.0,0.0955114011863254,0.0
2019-09-19,7356.39990234375,0.0057833231870938,7.472222286557397e-05,0.0,50.0,0.0742108171083917,0.0
2019-09-20,7344.89990234375,-0.0015632646610654,7.341269935880388e-05,0.0,50.0,0.0768016595218201,0.0
2019-09-23,7326.10009765625,-0.0025595726201116,7.321428684961227e-05,0.0,50.0,0.0911765522500464,0.0
2019-09-24,7291.39990234375,-0.0047365166800821,7.46031744139535e-05,0.0,50.0,0.1475983927843977,0.0
2019-09-25,7290.0,-0.0001919936311955,7.321428684961227e-05,0.0,50.0,0.1433000403094777,0.0
2019-09-26,7351.10009765625,0.0083813577031892,7.023809448121085e-05,0.0,50.0,0.0767491963217636,0.0
2019-09-27,7426.2001953125,0.0102161712748536,6.865079440767803e-05,0.0,50.0,0.0943374039671344,0.0
2019-09-30,7408.2001953125,-0.002423850627049,7.023809448121085e-05,0.0,50.0,0.0726140761997307,0.0
2019-10-01,7360.2998046875,-0.0064658607167917,6.956349289606488e-05,0.0,50.0,0.0721525936282766,0.0
2019-10-02,7122.5,-0.0323084400089319,6.884920691686963e-05,0.0,50.0,0.5823211273154698,0.0
2019-10-03,7077.60009765625,-0.006303952593015,6.607142705765981e-05,0.0,50.0,0.6168437895332441,0.0
2019-10-04,7155.39990234375,0.0109923990638103,6.567460203927661e-05,0.0,50.0,0.4967890510643352,0.0
2019-10-07,7197.89990234375,0.005939570195941,6.638888801847186e-05,0.0,50.0,0.3457162421808119,0.0
2019-10-08,7143.2001953125,-0.0075993981263117,6.567460203927661e-05,0.0,50.0,0.497978721694599,0.0
2019-10-09,7166.5,0.0032618159998916,6.460317543574742e-05,0.0,50.0,0.410653629625103,0.0
2019-10-10,7186.39990234375,0.002776795136224,6.480158794493902e-05,0.0,50.0,0.3249661154522936,0.0
2019-10-11,7247.10009765625,0.008446537367438,6.440476292655581e-05,0.0,50.0,0.1554299844744933,0.0
2019-10-14,7213.5,-0.0046363507062799,6.420635041736421e-05,0.0,50.0,0.2260810829602939,0.0
2019-10-15,7211.60009765625,-0.0002633814852359,6.420635041736421e-05,0.0,50.0,0.2240240356228779,0.0
2019-10-16,7168.0,-0.0060458285353925,6.408730196574378e-05,0.0,50.0,0.3513245863333994,0.0
2019-10-17,7182.2998046875,0.0019949504307337,6.448412698412699e-05,0.0,50.0,0.2989725511741175,0.0
2019-10-18,7150.60009765625,-0.0044135872761202,6.448412698412699e-05,0.0,50.0,0.3946701213287004,0.0
2019-10-21,7163.60009765625,0.0018180292314571,6.448412698412699e-05,0.0,50.0,0.3449371102565561,0.0
2019-10-22,7212.5,0.0068261630572801,6.408730196574378e-05,0.0,50.0,0.1995538711880169,0.0
2019-10-23,7260.7001953125,0.0066828693674176,6.408730196574378e-05,0.0,50.0,0.1182417541486589,0.0
2019-10-24,7328.2998046875,0.0093103430187961,6.440476292655581e-05,0.0,50.0,0.1083872936475475,0.0
2019-10-25,7324.5,-0.000518511085623,6.448412698412699e-05,0.0,50.0,0.0985860196000274,0.0
2019-10-28,7331.2998046875,0.0009283643508088,6.369047694736057e-05,0.0,50.0,0.0947031974842462,0.0
2019-10-29,7306.2998046875,-0.0034100365100354,6.329365192897736e-05,0.0,50.0,0.0876499874704122,0.0
2019-10-30,7330.7998046875,0.0033532705548549,6.329365192897736e-05,0.0,50.0,0.0991877343070581,0.0
2019-10-31,7248.39990234375,-0.0112402336087613,5.944444546623834e-05,0.0,50.0,0.1410096952046845,0.0
2019-11-01,7302.39990234375,0.0074499200827122,5.892857199623472e-05,0.0,50.0,0.0862872551338649,0.0
2019-11-04,7369.7001953125,0.0092161883584531,5.964285797542996e-05,0.0,50.0,0.0933127444587768,0.0
2019-11-05,7388.10009765625,0.0024966961824923,6.023809550300477e-05,0.0,50.0,0.0919159575733274,0.0
2019-11-06,7396.7001953125,0.0011640472574239,6.011904705138434e-05,0.0,50.0,0.1030906548278824,0.0
2019-11-07,7406.39990234375,0.0013113559797106,6.023809550300477e-05,0.0,50.0,0.0865200870138538,0.0
2019-11-08,7359.39990234375,-0.0063458631210457,5.992063454219273e-05,0.0,50.0,0.0547857203454774,0.0
2019-11-11,7328.5,-0.0041986986376306,6.003968299381317e-05,0.0,50.0,0.0752699095533421,0.0
2019-11-12,7365.39990234375,0.0050351234691614,6.083333303057959e-05,0.0,50.0,0.0607834320464783,0.0
2019-11-13,7351.2001953125,-0.0019278935590084,6.091269708815076e-05,0.0,50.0,0.0761212778398773,0.0
2019-11-14,7292.7998046875,-0.0079443341323011,6.063492052138797e-05,0.0,50.0,0.1264160377421322,0.0
2019-11-15,7302.89990234375,0.0013849410276911,6.063492052138797e-05,0.0,50.0,0.1099252395990586,0.0
2019-11-18,7307.7001953125,0.0006573132636269,6.043650801219637e-05,0.0,50.0,0.1038630593241005,0.0
2019-11-19,7323.7998046875,0.0022031020628523,6.051587206976755e-05,0.0,50.0,0.0922433694432895,0.0
2019-11-20,7262.5,-0.0083699454275451,6.031745956057594e-05,0.0,50.0,0.1932681825230439,0.0
2019-11-21,7238.60009765625,-0.0032908643502581,6.071428457895915e-05,0.0,50.0,0.2383815647556818,0.0
2019-11-22,7326.7998046875,0.0121846359574149,6.123015804896279e-05,0.0,50.0,0.0634921467470136,0.0
2019-11-25,7396.2998046875,0.0094857238975651,6.130952210653396e-05,0.0,50.0,0.0723732677753161,0.0
2019-11-26,7403.10009765625,0.0009194182426786,6.210317687382774e-05,0.0,50.0,0.0682978786109002,0.0
2019-11-27,7429.7998046875,0.0036065576149244,6.210317687382774e-05,0.0,50.0,0.0797638365115677,0.0
2019-11-28,7416.39990234375,-0.0018035347783255,6.210317687382774e-05,0.0,50.0,0.071544960610551,0.0
2019-11-29,7346.5,-0.0094250449361097,6.111110959734234e-05,0.0,50.0,0.064699637000885,0.0
2019-12-02,7285.89990234375,-0.0082488392644456,6.10317455397712e-05,0.0,50.0,0.1714027802038189,0.0
2019-12-03,7158.7998046875,-0.0174446670088569,6.10317455397712e-05,0.0,50.0,0.4843394832572085,0.0
2019-12-04,7188.5,0.0041487674083373,5.944444546623834e-05,0.0,50.0,0.3878032977362888,0.0
2019-12-05,7137.89990234375,-0.0070390342430618,5.924603295704674e-05,0.0,50.0,0.4891784512627027,0.0
2019-12-06,7239.7001953125,0.0142619389962759,5.873015948704311e-05,0.0,50.0,0.19292413948351,0.0
2019-12-09,7233.89990234375,-0.0008011786140682,5.944444546623834e-05,0.0,50.0,0.200125126272737,0.0
2019-12-10,7213.7998046875,-0.0027785977035343,6.011904705138434e-05,0.0,50.0,0.2443123428384999,0.0
2019-12-11,7216.2998046875,0.0003465579954651,6.031745956057594e-05,0.0,50.0,0.2245520655552476,0.0
2019-12-12,7273.5,0.0079265270097763,6.071428457895915e-05,0.0,50.0,0.0989240752783522,0.0
2019-12-13,7353.39990234375,0.0109850694086408,6.043650801219637e-05,0.0,50.0,0.0755448406577621,0.0
2019-12-16,7519.10009765625,0.0225338207513623,6.051587206976755e-05,0.0,50.0,0.1956843797054356,0.0
2019-12-17,7525.2998046875,0.0008245277959768,6.071428457895915e-05,0.0,50.0,0.1760935271411968,0.0
2019-12-18,7540.7998046875,0.0020597186028847,6.023809550300477e-05,0.0,50.0,0.1654309269071568,0.0
2019-12-19,7573.7998046875,0.0043761936206669,6.083333303057959e-05,0.0,50.0,0.1758087259513777,0.0
2019-12-20,7582.5,0.0011487226407957,6.063492052138797e-05,0.0,50.0,0.1606804868244476,0.0
2019-12-23,7623.60009765625,0.0054203887446422,6.031745956057594e-05,0.0,50.0,0.1795584553508201,0.0
2019-12-24,7632.2001953125,0.0011280887698836,6.10317455397712e-05,0.0,50.0,0.1739757123107579,0.0
2019-12-27,7644.89990234375,0.0016639640871907,6.023809550300477e-05,0.0,50.0,0.1645101856873157,0.0
2019-12-30,7587.10009765625,-0.0075605705013587,5.912698450542632e-05,0.0,50.0,0.0912137699830679,0.0
2019-12-31,7542.39990234375,-0.005891604794605,5.972222203300113e-05,0.0,50.0,0.0487081543760506,0.0
2020-01-02,7604.2998046875,0.0082069239426718,5.932539701461792e-05,0.0,30.0,0.0882025352635158,0.0
2020-01-03,7622.39990234375,0.0023802451403998,5.845238292028033e-05,0.0,30.0,0.1028210422674289,0.0
2020-01-06,7575.2998046875,-0.0061791690621961,5.904762044785515e-05,0.0,30.0,0.0656252414322226,0.0
2020-01-07,7573.89990234375,-0.0001847982759551,5.952380952380952e-05,0.0,30.0,0.0551691014990665,0.0
2020-01-08,7574.89990234375,0.0001320323760405,5.924603295704674e-05,0.0,30.0,0.0665422830454491,0.0
2020-01-09,7598.10009765625,0.003062772526581,5.952380952380952e-05,0.0,30.0,0.0706727631859229,0.0
2020-01-10,7587.89990234375,-0.0013424665615614,5.944444546623834e-05,0.0,30.0,0.0563497413373025,0.0
2020-01-13,7617.60009765625,0.0039141522285139,5.992063454219273e-05,0.0,30.0,0.0705317595032599,0.0
2020-01-14,7622.39990234375,0.0006300940750325,6.071428457895915e-05,0.0,30.0,0.0725224915791933,0.0
2020-01-15,7642.7998046875,0.0026763096406785,5.984127048462156e-05,0.0,30.0,0.0908847935058393,0.0
2020-01-16,7609.7998046875,-0.004317789402224,6.023809550300477e-05,0.0,30.0,0.066548275213166,0.0
2020-01-17,7674.60009765625,0.0085153742058805,6.043650801219637e-05,0.0,30.0,0.0970233694564425,0.0
2020-01-20,7651.39990234375,-0.0030229842620184,6.043650801219637e-05,0.0,30.0,0.0747651606283987,0.0
2020-01-21,7610.7001953125,-0.005319249751772,5.964285797542996e-05,0.0,30.0,0.0599792290101774,0.0
2020-01-22,7571.89990234375,-0.0050981239535158,6.003968299381317e-05,0.0,30.0,0.061185782214609,0.0
2020-01-23,7507.7001953125,-0.0084786787806555,6.011904705138434e-05,0.0,30.0,0.1228089468330619,0.0
2020-01-24,7586.0,0.0104292663066629,5.912698450542632e-05,0.0,30.0,0.0428530054011287,0.0
2020-01-27,7412.10009765625,-0.0229237941396981,5.972222203300113e-05,0.0,30.0,0.3106212518599643,0.0
2020-01-28,7480.7001953125,0.0092551499241007,6.071428457895915e-05,0.0,30.0,0.1216930469734985,0.0
2020-01-29,7483.60009765625,0.0003876511914708,6.031745956057594e-05,0.0,30.0,0.1049819407170165,0.0
2020-01-30,7382.0,-0.0135763664988017,6.063492052138797e-05,0.0,30.0,0.3291661556229409,0.0
2020-01-31,7286.0,-0.0130046057978867,5.992063454219273e-05,0.0,30.0,0.4980553299304603,0.0
2020-02-03,7326.2998046875,0.0055311288344084,6.023809550300477e-05,0.0,30.0,0.4028174678696205,0.0
2020-02-04,7439.7998046875,0.015492131502369,6.10317455397712e-05,0.0,30.0,0.0952349252522193,0.0
2020-02-05,7482.5,0.0057394279998765,6.031745956057594e-05,0.0,30.0,0.0431036159198307,0.0
2020-02-06,7504.7998046875,0.0029802612345473,6.071428457895915e-05,0.0,30.0,0.0365663681580713,0.0
2020-02-07,7466.7001953125,-0.0050766989615369,6.023809550300477e-05,0.0,30.0,0.0555452610500978,0.0
2020-02-10,7446.89990234375,-0.0026518130433548,6.031745956057594e-05,0.0,30.0,0.0784749134288951,0.0
2020-02-11,7499.39990234375,0.0070499134792287,6.10317455397712e-05,0.0,30.0,0.0332213233109093,0.0
2020-02-12,7534.39990234375,0.0046670400906425,6.091269708815076e-05,0.0,30.0,0.0365935660846083,0.0
2020-02-13,7452.0,-0.0109364917460934,6.130952210653396e-05,0.0,30.0,0.077066589553698,0.0
2020-02-14,7409.10009765625,-0.0057568306956186,6.091269708815076e-05,0.0,30.0,0.1693481698334028,0.0
2020-02-17,7433.2998046875,0.0032662140762418,6.091269708815076e-05,0.0,30.0,0.1043737048123804,0.0
2020-02-18,7382.0,-0.0069013501453486,6.091269708815076e-05,0.0,30.0,0.219814824078075,0.0
2020-02-19,7457.0,0.010159848279599,6.123015804896279e-05,0.0,30.0,0.0538650873056161,0.0
2020-02-20,7436.60009765625,-0.0027356714957422,6.10317455397712e-05,0.0,30.0,0.0927400673126206,0.0
2020-02-21,7403.89990234375,-0.004397196956013,6.023809550300477e-05,0.0,30.0,0.1501535571484351,0.0
2020-02-24,7156.7998046875,-0.0333743163623847,5.964285797542996e-05,0.0,30.0,0.6198420878440396,0.0
2020-02-25,7017.89990234375,-0.0194081022432365,5.912698450542632e-05,0.0,30.0,0.6461459417214224,0.0
2020-02-26,7042.5,0.0035053360689905,5.865079542947194e-05,0.0,30.0,0.6618256993601233,0.0
2020-02-27,6796.39990234375,-0.0349449907925097,5.535714210025848e-05,0.0,30.0,0.6424597476303063,0.0
2020-02-28,6580.60009765625,-0.0317520757736873,4.880952456640819e-05,0.0,30.0,0.620431824993157,0.0
2020-03-02,6654.89990234375,0.0112907339125443,4.503968216124035e-05,0.0,30.0,0.6565766311071977,0.0
2020-03-03,6718.2001953125,0.0095118324689535,3.642857074737549e-05,0.0,30.0,0.6979004060863712,0.0
2020-03-04,6815.60009765625,0.0144979160358615,2.6785714758767023e-05,0.0,30.0,0.769323105281576,0.0
2020-03-05,6705.39990234375,-0.0161688176732076,2.361111224643768e-05,0.0,30.0,0.7286775378996317,0.0
2020-03-06,6462.60009765625,-0.036209593495331,1.6468253637117052e-05,0.0,30.0,0.6573379337385218,0.0
2020-03-09,5965.7998046875,-0.0768731293073389,1.3095238615596102e-05,0.0,30.0,0.5898241229030319,0.0
2020-03-10,5960.2001953125,-0.0009386183845123,1.547618990852719e-05,0.0,30.0,0.6007154255706777,0.0
2020-03-11,5876.5,-0.0140431852235982,1.4603174631557764e-05,0.0,30.0,0.6011330793965662,0.0
2020-03-12,5237.5,-0.108738194503531,1.0833333409021768e-05,0.0,30.0,0.5600286382719328,0.0
2020-03-13,5366.10009765625,0.0245537179295942,9.642857171240303e-06,0.0,30.0,0.5777689232376954,1.0
2020-03-16,5151.10009765625,-0.0400663416796689,7.341269935880387e-06,1.0,30.0,0.5696696900431482,1.0
2020-03-17,5294.89990234375,0.0279163289319361,6.547619307798051e-06,1.0,30.0,0.5914149703004669,1.0
2020-03-18,5080.60009765625,-0.0404728717520498,1.1904762008242065e-07,1.0,30.0,0.578862317368638,1.0
2020-03-19,5151.60009765625,0.0139747271257884,-1.1111111454074327e-06,1.0,30.0,0.5937438940920441,1.0
2020-03-20,5190.7998046875,0.0076092294215701,-1.309523802428016e-06,1.0,30.0,0.6058776450453087,1.0
2020-03-23,4993.89990234375,-0.0379324785683203,-1.5873015518226308e-06,1.0,30.0,0.5901085616933344,1.0
2020-03-24,5446.0,0.0905304684709578,-1.309523802428016e-06,1.0,30.0,0.6689883513871446,1.0
2020-03-25,5688.2001953125,0.04447304357556,-2.777777789604095e-06,1.0,30.0,0.6837610461426503,1.0
2020-03-26,5815.7001953125,0.0224148229004086,-4.166666536577163e-06,1.0,30.0,0.6640514679064552,1.0
2020-03-27,5510.2998046875,-0.0525130904910048,-2.3015872353599167e-06,1.0,30.0,0.6940024331368183,1.0
2020-03-30,5563.7001953125,0.0096910136503958,5.158730265167024e-07,1.0,30.0,0.7059404031734724,1.0
2020-03-31,5672.0,0.0194654278422019,1.1904761638669722e-06,1.0,30.0,0.7125870765330443,1.0
2020-04-01,5454.60009765625,-0.0383286146586301,2.5000000402094805e-06,1.0,30.0,0.6968808547832052,1.0
2020-04-02,5480.2001953125,0.0046933042199097,2.5793649847545317e-06,1.0,30.0,0.707570633989693,1.0
2020-04-03,5415.5,-0.0118061736809982,2.3015872353599167e-06,1.0,30.0,0.6979441012253378,1.0
2020-04-06,5582.39990234375,0.0308189275863262,2.3809523277339444e-06,1.0,30.0,0.7294755084474939,1.0
2020-04-07,5704.5,0.0218723308598847,5.0793653206219725e-06,1.0,30.0,0.7166376694318898,1.0
2020-04-08,5677.7001953125,-0.0046980111644315,7.341269935880387e-06,1.0,30.0,0.736699746610763,1.0
2020-04-09,5842.7001953125,0.0290610624590963,8.333333073154326e-06,1.0,30.0,0.6638494404978025,1.0
2020-04-14,5791.2998046875,-0.0087973691797907,6.547619307798051e-06,1.0,30.0,0.721532535488075,1.0
2020-04-15,5597.7001953125,-0.0334293882037154,4.563492146276289e-06,1.0,30.0,0.7696999492827156,1.0
2020-04-16,5628.39990234375,0.0054843428479713,4.365079341426725e-06,1.0,30.0,0.7791774011821216,1.0
2020-04-17,5787.0,0.0281785410432913,4.087301592032112e-06,1.0,30.0,0.7380702950919693,1.0
2020-04-20,5812.7998046875,0.0044582347827026,2.777777789604095e-06,1.0,30.0,0.7340098122085066,1.0
2020-04-21,5641.0,-0.0295554311966771,3.888888787182548e-06,1.0,30.0,0.8019782219069856,1.0
2020-04-22,5770.60009765625,0.0229746671966406,3.690476277990945e-06,1.0,30.0,0.77821618656303,1.0
2020-04-23,5826.60009765625,0.0097043633335023,3.690476277990945e-06,1.0,30.0,0.7440771359523755,1.0
2020-04-24,5752.2001953125,-0.0127690078427858,3.96825402738556e-06,1.0,30.0,0.8169342732229674,1.0
2020-04-27,5846.7998046875,0.0164458131085372,3.690476277990945e-06,1.0,30.0,0.7470320764200308,1.0
2020-04-28,5958.5,0.0191045014441828,3.373015908494825e-06,1.0,30.0,0.6290485883898982,1.0
2020-04-29,6115.2998046875,0.026315315043635,3.571428713344389e-06,1.0,30.0,0.5104953823704866,1.0
2020-04-30,5901.2001953125,-0.0350104845572556,3.571428713344389e-06,1.0,30.0,0.7662163973766083,1.0
2020-05-01,5763.10009765625,-0.023402035702152,3.690476277990945e-06,1.0,30.0,0.8683096930591114,1.0
2020-05-04,5753.7998046875,-0.0016137656488965,3.571428713344389e-06,1.0,30.0,0.8699616848010276,1.0
2020-05-05,5849.39990234375,0.0166151240747665,4.365079341426725e-06,1.0,30.0,0.8280969929535246,1.0
2020-05-06,5853.7998046875,0.0007521972197501,4.285714396881679e-06,1.0,30.0,0.8352158232048233,1.0
2020-05-07,5936.0,0.0140421944813824,3.769841222535996e-06,1.0,30.0,0.7173832474937474,1.0
2020-05-11,5939.7001953125,0.0006233482669306,4.166666536577163e-06,1.0,30.0,0.7289901657297257,1.0
2020-05-12,5994.7998046875,0.0092764967192255,4.880952515772409e-06,1.0,30.0,0.6442977365622059,1.0
2020-05-13,5904.10009765625,-0.015129730764375,4.563492146276289e-06,1.0,30.0,0.8255473828056512,1.0
2020-05-14,5741.5,-0.0275402000248602,4.166666536577163e-06,1.0,30.0,0.8703327289849264,1.0
2020-05-15,5799.7998046875,0.0101541068862667,4.087301592032112e-06,1.0,30.0,0.8980928210179343,1.0
2020-05-18,6048.60009765625,0.0428980829248046,4.166666536577163e-06,1.0,30.0,0.5517946815400765,1.0
2020-05-19,6002.2001953125,-0.0076711803714266,4.682539710922846e-06,1.0,30.0,0.6376498219020461,1.0
2020-05-20,6067.2001953125,0.0108293622146695,4.682539710922846e-06,1.0,30.0,0.5458997872641379,1.0
2020-05-21,6015.2998046875,-0.0085542571456761,4.365079341426725e-06,1.0,30.0,0.6487210762435018,1.0
2020-05-22,5993.2998046875,-0.0036573405672741,4.365079341426725e-06,1.0,30.0,0.7026894592613062,1.0
2020-05-26,6067.7998046875,0.012430547849739,4.682539710922846e-06,1.0,30.0,0.5600114550900486,1.0
2020-05-27,6144.2998046875,0.0126075352619416,5.357143070016588e-06,1.0,30.0,0.4655983999664899,1.0
2020-05-28,6218.7998046875,0.0121250593831967,5.476190339005182e-06,1.0,30.0,0.4194230091058129,1.0
2020-05-29,6076.60009765625,-0.0228661014178435,5.0793653206219725e-06,1.0,30.0,0.5905586768811116,1.0
2020-06-01,6166.39990234375,0.0147779684765063,5.0793653206219725e-06,1.0,30.0,0.448057621395575,1.0
2020-06-02,6220.10009765625,0.0087085165028122,5.753968088399794e-06,1.0,30.0,0.4071784141697236,1.0
2020-06-03,6382.39990234375,0.0260927962797021,5.87301594870431e-06,1.0,30.0,0.3790390283061658,1.0
2020-06-04,6341.39990234375,-0.0064239158666544,5.55555557920819e-06,1.0,30.0,0.3666713788864366,1.0
2020-06-05,6484.2998046875,0.0225344410610242,5.753968088399794e-06,1.0,30.0,0.368335083997488,1.0
2020-06-08,6472.60009765625,-0.0018043130921849,6.071428457895913e-06,1.0,30.0,0.3517513325831342,1.0
2020-06-09,6335.7001953125,-0.0211506813766112,6.547619307798051e-06,1.0,30.0,0.3370817304564144,1.0
2020-06-10,6329.10009765625,-0.0010417313718747,6.547619307798051e-06,1.0,30.0,0.3324496741347673,1.0
2020-06-11,6076.7001953125,-0.0398792716893855,6.071428457895913e-06,1.0,30.0,0.7276553116366574,1.0
2020-06-12,6105.2001953125,0.0046900454332081,5.952381188907317e-06,1.0,30.0,0.695705326557595,1.0
2020-06-15,6064.7001953125,-0.0066336891018079,6.150793698098924e-06,1.0,30.0,0.7493598965984798,1.0
2020-06-16,6242.7998046875,0.0293665974639036,6.349206207290528e-06,1.0,30.0,0.3981685364199078,1.0
2020-06-17,6253.2998046875,0.0016819376447272,6.547619307798051e-06,1.0,30.0,0.3842274886695258,1.0
2020-06-18,6224.10009765625,-0.0046694877813728,5.55555557920819e-06,1.0,30.0,0.4255030005775166,1.0
2020-06-19,6292.60009765625,0.0110056070637094,5.674603439512706e-06,1.0,30.0,0.3429046088741758,1.0
2020-06-22,6244.60009765625,-0.0076280073824933,5.55555557920819e-06,1.0,30.0,0.3933412019257847,1.0
2020-06-23,6320.10009765625,0.012090445956393,5.55555557920819e-06,1.0,30.0,0.3208534608735238,1.0
2020-06-24,6123.7001953125,-0.031075441734947,5.357143070016588e-06,1.0,30.0,0.6853040061485963,1.0
2020-06-25,6147.10009765625,0.0038212031284061,5.158729969509063e-06,1.0,30.0,0.6216331580924436,1.0
2020-06-26,6159.2998046875,0.0019846280095392,5.277777829813576e-06,1.0,30.0,0.5860878806266178,1.0
2020-06-29,6225.7998046875,0.0107966817834375,4.96031746031746e-06,1.0,30.0,0.4091143260614865,1.0
2020-06-30,6169.7001953125,-0.0090108277064677,5.357143070016588e-06,1.0,30.0,0.5515491180651675,1.0
2020-07-01,6158.0,-0.001896396087672,5.158729969509063e-06,1.0,30.0,0.5769870712472477,1.0
2020-07-02,6240.39990234375,0.0133809519882672,5.277777829813576e-06,1.0,30.0,0.367383241122535,1.0
2020-07-03,6157.2998046875,-0.0133164699308836,5.277777829813576e-06,1.0,30.0,0.5803318251449257,1.0
2020-07-06,6285.89990234375,0.0208857943799241,5.0793653206219725e-06,1.0,30.0,0.3220612345492195,1.0
2020-07-07,6189.89990234375,-0.015272276283656,5.55555557920819e-06,1.0,30.0,0.4952313679725029,1.0
2020-07-08,6156.2001953125,-0.0054443056532287,5.357143070016588e-06,1.0,30.0,0.5946209125124811,1.0
2020-07-09,6049.60009765625,-0.0173158919908774,4.880952515772409e-06,1.0,30.0,0.7899792780796712,1.0
2020-07-10,6095.39990234375,0.0075707160718347,4.761904655467893e-06,1.0,30.0,0.7410628038510062,1.0
2020-07-13,6176.2001953125,0.0132559461664987,4.96031746031746e-06,1.0,30.0,0.481082731595262,1.0
2020-07-14,6179.7998046875,0.0005828194134205,5.277777829813576e-06,1.0,30.0,0.458068778600523,1.0
2020-07-15,6292.7001953125,0.0182692634378482,4.96031746031746e-06,1.0,30.0,0.3064548414144892,1.0
2020-07-16,6250.7001953125,-0.0066744002886529,4.087301592032112e-06,1.0,30.0,0.3269723581721089,1.0
2020-07-17,6290.2998046875,0.0063352277565154,4.166666536577163e-06,1.0,30.0,0.2940136204634388,1.0
2020-07-20,6261.5,-0.0045784470663923,4.166666536577163e-06,1.0,30.0,0.3088871327619219,1.0
2020-07-21,6269.7001953125,0.0013096215463546,4.365079341426725e-06,1.0,30.0,0.2921943082368619,1.0
2020-07-22,6207.10009765625,-0.0099845440301997,3.96825402738556e-06,1.0,30.0,0.4174354133369281,1.0
2020-07-23,6211.39990234375,0.0006927235939249,4.087301592032112e-06,1.0,30.0,0.4043220272036608,1.0
2020-07-24,6123.7998046875,-0.0141031166940637,3.888888787182548e-06,1.0,30.0,0.6751962769794243,1.0
2020-07-27,6104.89990234375,-0.0030863031037172,3.690476277990945e-06,1.0,30.0,0.7099832684659928,1.0
2020-07-28,6129.2998046875,0.0039967735317629,4.087301592032112e-06,1.0,30.0,0.6337380778751792,1.0
2020-07-29,6131.5,0.0003589635655965,3.571428713344389e-06,1.0,30.0,0.61125532625762,1.0
2020-07-30,5990.0,-0.0230775503547255,3.373015908494825e-06,1.0,30.0,0.7996399896311646,1.0
2020-07-31,5897.7998046875,-0.0153923531406511,3.2936506682918174e-06,1.0,30.0,0.7674837307658203,1.0
2020-08-03,6032.89990234375,0.0229068639374423,3.0952381591002142e-06,1.0,30.0,0.849231298665634,1.0
2020-08-04,6036.0,0.0005138652565817,3.571428713344389e-06,1.0,30.0,0.8419266385675183,1.0
2020-08-05,6104.7001953125,0.0113817420994863,3.769841222535996e-06,1.0,30.0,0.5964777420528515,1.0
2020-08-06,6026.89990234375,-0.0127443265810971,3.492063473141381e-06,1.0,30.0,0.8471831108790806,1.0
2020-08-07,6032.2001953125,0.0008794393559927,3.492063473141381e-06,1.0,30.0,0.8202790910060835,1.0
2020-08-10,6050.60009765625,0.0030502804529013,3.492063473141381e-06,1.0,30.0,0.7567205293468238,1.0
2020-08-11,6154.2998046875,0.0171387474560447,3.96825402738556e-06,1.0,30.0,0.393468077695477,1.0
2020-08-12,6280.10009765625,0.0204410407294315,3.96825402738556e-06,1.0,30.0,0.3069066214495232,1.0
2020-08-13,6185.60009765625,-0.0150475308562785,3.571428713344389e-06,1.0,30.0,0.3546838213288345,1.0
2020-08-14,6090.0,-0.0154552664490019,3.492063473141381e-06,1.0,30.0,0.6595994309524328,1.0
2020-08-17,6127.39990234375,0.0061411990712232,3.373015908494825e-06,1.0,30.0,0.4975061323154989,1.0
2020-08-18,6076.60009765625,-0.0082905972349004,3.96825402738556e-06,1.0,30.0,0.6921349812197677,1.0
2020-08-19,6112.0,0.0058256100080378,3.769841222535996e-06,1.0,30.0,0.5309555032518265,1.0
2020-08-20,6013.2998046875,-0.0161485921650033,3.492063473141381e-06,1.0,30.0,0.8319270302998981,1.0
2020-08-21,6001.89990234375,-0.0018957814700779,3.492063473141381e-06,1.0,30.0,0.8436144806017107,1.0
2020-08-24,6104.7001953125,0.0171279585866812,3.373015908494825e-06,1.0,30.0,0.5107225335904492,1.0
2020-08-25,6037.0,-0.0110898476823617,3.769841222535996e-06,1.0,30.0,0.7706002324076567,1.0
2020-08-26,6045.60009765625,0.0014245647931505,3.690476277990945e-06,1.0,30.0,0.7199426568235767,1.0
2020-08-27,6000.0,-0.0075426916963839,3.769841222535996e-06,1.0,30.0,0.8347052245627704,1.0
2020-08-28,5963.60009765625,-0.006066650390625,3.769841222535996e-06,1.0,30.0,0.8561721614724314,1.0
2020-09-01,5862.10009765625,-0.0170199205744682,3.96825402738556e-06,1.0,30.0,0.8254997623419631,1.0
2020-09-02,5941.0,0.0134593236262368,3.96825402738556e-06,1.0,30.0,0.8944885058823717,1.0
2020-09-03,5850.89990234375,-0.0151658134415502,3.96825402738556e-06,1.0,30.0,0.8536209496140944,1.0
2020-09-04,5799.10009765625,-0.0088533055687296,4.087301592032112e-06,1.0,30.0,0.8200160797005832,1.0
2020-09-07,5937.39990234375,0.0238484941384948,4.087301592032112e-06,1.0,30.0,0.8730411109880452,1.0
2020-09-08,5930.2998046875,-0.0011958260809495,4.285714396881679e-06,1.0,30.0,0.8814840360372624,1.0
2020-09-09,6012.7998046875,0.0139116069536298,4.166666536577163e-06,1.0,30.0,0.5867480460321236,1.0
2020-09-10,6003.2998046875,-0.0015799627974631,4.087301592032112e-06,1.0,30.0,0.6203325930583362,1.0
2020-09-11,6032.10009765625,0.0047974104085659,4.087301592032112e-06,1.0,30.0,0.5065530630624224,1.0
2020-09-14,6026.2998046875,-0.0009615710738957,3.96825402738556e-06,1.0,30.0,0.5293694400880048,1.0
2020-09-15,6105.5,0.0131424253487844,3.96825402738556e-06,1.0,30.0,0.342976212748099,1.0
2020-09-16,6078.5,-0.0044222422406027,3.96825402738556e-06,1.0,30.0,0.3816859879441299,1.0
2020-09-17,6049.89990234375,-0.0047051242339803,3.373015908494825e-06,1.0,30.0,0.4549787261785405,1.0
2020-09-18,6007.10009765625,-0.0070744649297287,3.2936506682918174e-06,1.0,30.0,0.6281230314781501,1.0
2020-09-21,5804.2998046875,-0.0337600988283639,3.1746031036452616e-06,1.0,30.0,0.8120723224702469,1.0
2020-09-22,5829.5,0.00434164260298,3.492063473141381e-06,1.0,30.0,0.8590368906020099,1.0
2020-09-23,5899.2998046875,0.0119735491358607,3.492063473141381e-06,1.0,30.0,0.8793703066692888,1.0
2020-09-24,5822.7998046875,-0.0129676406578309,3.690476277990945e-06,1.0,30.0,0.8749449901466759,1.0
2020-09-25,5842.7001953125,0.003417666980235,3.571428713344389e-06,1.0,30.0,0.9167838521544952,1.0
2020-09-28,5927.89990234375,0.014582248649281,3.492063473141381e-06,1.0,30.0,0.7712784096208167,1.0
2020-09-29,5897.5,-0.005128275248327,3.373015908494825e-06,1.0,30.0,0.8618355896818076,1.0
2020-09-30,5866.10009765625,-0.0053242733944468,3.373015908494825e-06,1.0,30.0,0.9036335223118198,1.0
2020-10-01,5879.5,0.0022842948672328,3.2936506682918174e-06,1.0,30.0,0.8653555712698261,1.0
2020-10-02,5902.10009765625,0.003843880883791,3.373015908494825e-06,1.0,30.0,0.7913219690536222,1.0
2020-10-05,5942.89990234375,0.006912760544963,3.373015908494825e-06,1.0,30.0,0.6116251892089969,1.0
2020-10-06,5949.89990234375,0.001177876140441,3.492063473141381e-06,1.0,30.0,0.5716039225208355,1.0
2020-10-07,5946.2998046875,-0.000605068608773,3.492063473141381e-06,1.0,30.0,0.5827571618637076,1.0
2020-10-08,5978.0,0.005331079217955,3.492063473141381e-06,1.0,30.0,0.4553177972178172,1.0
2020-10-09,6016.7001953125,0.0064737697076782,3.690476277990945e-06,1.0,30.0,0.3535665989583946,1.0
2020-10-12,6001.39990234375,-0.002542970809925,3.571428713344389e-06,1.0,30.0,0.3896717459967774,1.0
2020-10-13,5969.7001953125,-0.0052820521123529,3.690476277990945e-06,1.0,30.0,0.4950398541815917,1.0
2020-10-14,5935.10009765625,-0.0057959523132197,3.96825402738556e-06,1.0,30.0,0.6264861480015929,1.0
2020-10-15,5832.5,-0.0172870037519277,3.769841222535996e-06,1.0,30.0,0.8289366015796747,1.0
2020-10-16,5919.60009765625,0.014933578680883,3.571428713344389e-06,1.0,30.0,0.6864481518207735,1.0
2020-10-19,5884.7001953125,-0.0058956520318944,3.571428713344389e-06,1.0,30.0,0.781374573508626,1.0
2020-10-20,5889.2001953125,0.0007646948613599,3.769841222535996e-06,1.0,30.0,0.7520942178397841,1.0
2020-10-21,5776.5,-0.019136757382132,3.571428713344389e-06,1.0,30.0,0.8383910407492452,1.0
2020-10-22,5785.7001953125,0.0015926937267376,3.373015908494825e-06,1.0,30.0,0.8682130325862771,1.0
2020-10-23,5860.2998046875,0.0128937910463178,3.2936506682918174e-06,1.0,30.0,0.8019696194622451,1.0
2020-10-26,5792.0,-0.0116546605060834,3.1746031036452616e-06,1.0,30.0,0.8850244016704855,1.0
2020-10-27,5729.0,-0.0108770718232044,3.571428713344389e-06,1.0,30.0,0.8497784004359581,1.0
2020-10-28,5582.7998046875,-0.0255193219257287,3.571428713344389e-06,1.0,30.0,0.7530014527745423,1.0
2020-10-29,5581.7998046875,-0.0001791215940002,3.2936506682918174e-06,1.0,30.0,0.7784382802668385,1.0
2020-10-30,5577.2998046875,-0.0008061915793219,3.2936506682918174e-06,1.0,30.0,0.8010708538090163,1.0
2020-11-02,5655.0,0.0139315077247947,3.2936506682918174e-06,1.0,30.0,0.9210219700286444,1.0
2020-11-03,5786.7998046875,0.0233067735963747,3.571428713344389e-06,1.0,30.0,0.7734937721956121,1.0
2020-11-04,5883.2998046875,0.0166758836070035,3.2936506682918174e-06,1.0,30.0,0.4665641902934033,1.0
2020-11-05,5906.2001953125,0.0038924398526749,3.373015908494825e-06,1.0,30.0,0.4248265698183217,1.0
2020-11-06,5910.0,0.00064335859975,3.2936506682918174e-06,1.0,30.0,0.4135774708165932,1.0
2020-11-09,6186.2998046875,0.0467512359877326,3.492063473141381e-06,1.0,30.0,0.3657096281496258,1.0
2020-11-10,6296.89990234375,0.017878231115221,3.571428713344389e-06,1.0,30.0,0.3695369558076886,1.0
2020-11-11,6382.10009765625,0.0135304985999202,3.571428713344389e-06,1.0,30.0,0.3698740071083765,1.0
2020-11-12,6338.89990234375,-0.006768962355881,3.373015908494825e-06,1.0,30.0,0.3414916390753187,1.0
2020-11-13,6316.39990234375,-0.0035495117996232,3.2936506682918174e-06,1.0,30.0,0.3150606111269474,1.0
2020-11-16,6421.2998046875,0.0166075460650974,2.9761905944536585e-06,1.0,30.0,0.3339916903458159,1.0
2020-11-17,6365.2998046875,-0.0087209757686629,3.1746031036452616e-06,1.0,30.0,0.2950801616025581,1.0
2020-11-18,6385.2001953125,0.0031263870101365,2.9761905944536585e-06,1.0,30.0,0.2873973782727529,1.0
2020-11-19,6334.39990234375,-0.0079559436532692,2.3809523277339444e-06,1.0,30.0,0.2427216042952568,1.0
2020-11-20,6351.5,0.0026995607981623,2.3015872353599167e-06,1.0,30.0,0.2361316098054396,1.0
2020-11-23,6333.7998046875,-0.0027867740395969,2.777777789604095e-06,1.0,30.0,0.2094482634080449,1.0
2020-11-24,6432.2001953125,0.0155357595218239,3.1746031036452616e-06,1.0,30.0,0.2581158075020082,1.0
2020-11-25,6391.10009765625,-0.0063897416759823,3.1746031036452616e-06,1.0,30.0,0.2182869829203175,1.0
2020-11-26,6362.89990234375,-0.0044124164668992,3.1746031036452616e-06,1.0,30.0,0.1896379598738882,1.0
2020-11-27,6367.60009765625,0.0007386876085806,2.896825354250651e-06,1.0,30.0,0.1811902822592968,1.0
2020-11-30,6266.2001953125,-0.0159243515278342,2.9761905944536585e-06,1.0,30.0,0.1621360275395766,1.0
2020-12-01,6384.7001953125,0.0189109821433164,3.1746031036452616e-06,1.0,30.0,0.1895629583794365,1.0
2020-12-02,6463.39990234375,0.0123262963997947,2.9761905944536585e-06,1.0,30.0,0.2297346213544634,1.0
2020-12-03,6490.2998046875,0.0041618811693819,2.9761905944536585e-06,1.0,30.0,0.2348852049770996,1.0
2020-12-04,6550.2001953125,0.0092292178216077,2.9761905944536585e-06,1.0,30.0,0.2572549645902816,1.0
2020-12-07,6555.39990234375,0.0007938241391416,2.777777789604095e-06,1.0,30.0,0.2445606581925178,1.0
2020-12-08,6558.7998046875,0.0005186414855535,2.698412845059044e-06,1.0,30.0,0.2358207489485144,1.0
2020-12-09,6564.2998046875,0.0008385680557088,2.777777789604095e-06,1.0,30.0,0.2222326075014199,1.0
2020-12-10,6599.7998046875,0.0054080406221923,2.777777789604095e-06,1.0,30.0,0.230940440764868,0.0
2020-12-11,6546.7998046875,-0.0080305466178469,2.5793649847545317e-06,1.0,30.0,0.1884161594405554,0.0
2020-12-14,6531.7998046875,-0.0022911957670158,2.3809523277339444e-06,0.0,30.0,0.1718968387932226,0.0
2020-12-15,6513.2998046875,-0.0028322974606055,2.777777789604095e-06,0.0,30.0,0.1564167726426422,0.0
2020-12-16,6570.89990234375,0.008843458674326,2.9761905944536585e-06,0.0,30.0,0.1816534196246719,0.0
2020-12-17,6551.10009765625,-0.0030132561721778,3.1746031036452616e-06,0.0,30.0,0.1670301703810239,0.0
2020-12-18,6529.2001953125,-0.0033429350822444,3.1746031036452616e-06,0.0,30.0,0.1577488454868865,0.0
2020-12-21,6416.2998046875,-0.017291611108211,3.0952381591002142e-06,0.0,30.0,0.1800465180890985,0.0
2020-12-23,6495.7998046875,0.0123903187849669,2.9761905944536585e-06,0.0,30.0,0.1330878538066113,0.0
2020-12-24,6502.10009765625,0.0009699025767702,2.9761905944536585e-06,0.0,30.0,0.1297126969329044,0.0
2020-12-29,6602.7001953125,0.0154719392419861,3.571428713344389e-06,0.0,30.0,0.1825566670644392,0.0
2020-12-30,6555.7998046875,-0.0071032137213039,2.777777789604095e-06,0.0,30.0,0.1525859088220027,0.0
2020-12-31,6460.5,-0.0145367167281952,2.5793649847545317e-06,0.0,30.0,0.1569119920842113,0.0
2021-01-04,6571.89990234375,0.0172432323107731,2.698412845059044e-06,0.0,150.0,0.329565916270404,0.0
2021-01-05,6612.2998046875,0.0061473703105767,3.0952381591002142e-06,0.0,150.0,0.33454949280105,0.0
2021-01-06,6841.89990234375,0.0347231832249175,3.0952381591002142e-06,0.0,150.0,0.4146822863871529,0.0
2021-01-07,6857.0,0.0022070035913674,3.1746031036452616e-06,0.0,150.0,0.4096749984017869,0.0
2021-01-08,6873.2998046875,0.0023771043732681,3.1746031036452616e-06,0.0,150.0,0.4049650365450661,0.0
2021-01-11,6798.5,-0.0108826628858074,3.1746031036452616e-06,0.0,150.0,0.3777783186753466,0.0
2021-01-12,6754.10009765625,-0.0065308380295285,3.1746031036452616e-06,0.0,150.0,0.3574685519276298,0.0
2021-01-13,6745.5,-0.0012733151022198,3.1746031036452616e-06,0.0,150.0,0.3503370286310141,0.0
2021-01-14,6802.0,0.0083759543399302,2.9761905944536585e-06,0.0,150.0,0.3611491605081667,0.0
2021-01-15,6735.7001953125,-0.0097471044821375,2.9761905944536585e-06,0.0,150.0,0.3313720567066857,0.0
2021-01-18,6720.7001953125,-0.0022269399713542,2.9761905944536585e-06,0.0,150.0,0.3213591029835475,0.0
2021-01-19,6713.0,-0.0011457430161623,2.896825354250651e-06,0.0,150.0,0.3177617298276042,0.0
2021-01-20,6740.39990234375,0.0040816181057277,2.9761905944536585e-06,0.0,150.0,0.3168562179468077,0.0
2021-01-21,6715.39990234375,-0.0037089787493628,2.896825354250651e-06,0.0,150.0,0.3124189979382528,0.0
2021-01-22,6695.10009765625,-0.0030228735418147,2.777777789604095e-06,0.0,150.0,0.2974570483830707,0.0
2021-01-25,6638.89990234375,-0.0083942277923781,2.777777789604095e-06,0.0,150.0,0.3053518421637385,0.0
2021-01-26,6654.0,0.0022744879239584,2.698412845059044e-06,0.0,150.0,0.2990444559893331,0.0
2021-01-27,6567.39990234375,-0.0130147426594905,2.3809523277339444e-06,0.0,150.0,0.3594133994561596,0.0
2021-01-28,6526.2001953125,-0.0062733665748825,2.182539670713361e-06,0.0,150.0,0.3857073054243864,0.0
2021-01-29,6407.5,-0.0181882553032555,1.90476192131875e-06,0.0,150.0,0.5000680871204765,0.0
2021-02-01,6466.39990234375,0.0091923374707374,1.90476192131875e-06,0.0,150.0,0.433069663477648,0.0
2021-02-02,6516.7001953125,0.0077787167092029,1.984127013692778e-06,0.0,150.0,0.3147237592182477,0.0
2021-02-03,6507.7998046875,-0.0013657818156805,1.5873015518226308e-06,0.0,150.0,0.3245306055634086,0.0
2021-02-04,6503.7001953125,-0.0006299532096926,1.1904761638669722e-06,0.0,150.0,0.3236664738604984,0.0
2021-02-05,6489.2998046875,-0.002214184263195,9.126984144723572e-07,0.0,150.0,0.3316895544139537,0.0
2021-02-08,6523.5,0.0052702443009022,7.936507759113135e-07,0.0,150.0,0.2639526971381916,0.0
2021-02-09,6531.60009765625,0.0012416797204337,1.309523802428016e-06,0.0,150.0,0.2249542923024967,0.0
2021-02-10,6524.39990234375,-0.0011023631583145,1.3888888948020476e-06,0.0,150.0,0.2304189311459143,0.0
2021-02-11,6528.7001953125,0.0006591093484635,1.3888888948020476e-06,0.0,150.0,0.2320121720474555,0.0
2021-02-12,6589.7998046875,0.0093586177259095,1.3888888948020476e-06,0.0,150.0,0.2061431299255909,0.0
2021-02-15,6756.10009765625,0.0252360159485354,1.3888888948020476e-06,0.0,150.0,0.3522080672366102,0.0
2021-02-16,6748.89990234375,-0.0010657324800439,1.3888888948020476e-06,0.0,150.0,0.3353295411614464,0.0
2021-02-17,6710.89990234375,-0.0056305472817582,1.3888888948020476e-06,0.0,150.0,0.3005340022415388,0.0
2021-02-18,6617.2001953125,-0.0139623162906252,9.126984144723572e-07,0.0,150.0,0.2541880558297407,0.0
2021-02-19,6624.0,0.0010275954311185,9.126984144723572e-07,0.0,150.0,0.24574418050315,0.0
2021-02-22,6612.2001953125,-0.0017813714806008,9.92063506846389e-07,0.0,150.0,0.2178891700438587,0.0
2021-02-23,6625.89990234375,0.0020718832803885,9.126984144723572e-07,0.0,150.0,0.2118815154615484,0.0
2021-02-24,6659.0,0.0049955625868332,1.1111111454074327e-06,0.0,150.0,0.2219562064847635,0.0
2021-02-25,6652.0,-0.0010512088902238,1.309523802428016e-06,0.0,150.0,0.2181625993885679,0.0
2021-02-26,6483.39990234375,-0.0253457753542167,1.3888888948020476e-06,0.0,150.0,0.4459879986136834,0.0
2021-03-01,6588.5,0.0162106455315607,1.1111111454074327e-06,0.0,150.0,0.2456844111236678,0.0
2021-03-02,6613.7998046875,0.0038399946402822,1.3888888948020476e-06,0.0,150.0,0.2274298777685627,0.0
2021-03-03,6675.5,0.0093290086084507,1.3888888948020476e-06,0.0,150.0,0.2569267192228436,0.0
2021-03-04,6650.89990234375,-0.0036851318487379,1.1111111454074327e-06,0.0,150.0,0.2210303991198095,0.0
2021-03-05,6630.5,-0.0030672394177156,1.1111111454074327e-06,0.0,150.0,0.202402376568903,0.0
2021-03-08,6719.10009765625,0.0133625062448157,1.3888888948020476e-06,0.0,150.0,0.274948658232052,0.0
2021-03-09,6730.2998046875,0.0016668462842452,1.3888888948020476e-06,0.0,150.0,0.2719111436094441,0.0
2021-03-10,6725.60009765625,-0.0006982908886133,1.1904761638669722e-06,0.0,150.0,0.2549613913801123,0.0
2021-03-11,6737.0,0.0016950015133552,1.1111111454074327e-06,0.0,150.0,0.2555570816739218,0.0
2021-03-12,6761.5,0.0036366335164019,9.92063506846389e-07,0.0,150.0,0.2731868858429408,0.0
2021-03-15,6749.7001953125,-0.001745146001257,5.952380819334841e-07,0.0,150.0,0.2461353849380787,0.0
2021-03-16,6803.60009765625,0.0079855253987699,3.17460332538873e-07,0.0,150.0,0.2886672055950517,0.0
2021-03-17,6762.7001953125,-0.006011508871287,3.17460332538873e-07,0.0,150.0,0.2350374415336982,0.0
2021-03-18,6779.7001953125,0.0025137887987083,1.1904762008242065e-07,0.0,150.0,0.2461991128203011,0.0
2021-03-19,6708.7001953125,-0.0104724394817766,1.9841269397782539e-07,0.0,150.0,0.1939194625805401,0.0
2021-03-22,6726.10009765625,0.0025936324231492,1.9841269397782539e-07,0.0,150.0,0.2063750232896396,0.0
2021-03-23,6699.2001953125,-0.0039993312548416,3.9682538795565474e-07,0.0,150.0,0.1824888308132756,0.0
2021-03-24,6712.89990234375,0.0020449765094101,5.952380819334841e-07,0.0,150.0,0.1965181188738576,0.0
2021-03-25,6674.7998046875,-0.0056756540705973,5.952380819334841e-07,0.0,150.0,0.1978175961039914,0.0
2021-03-26,6740.60009765625,0.0098580174528291,5.952380819334841e-07,0.0,150.0,0.2183072113489115,0.0
2021-03-29,6736.2001953125,-0.0006527463845956,3.17460332538873e-07,0.0,150.0,0.2093460361506107,0.0
2021-03-30,6772.10009765625,0.0053293995580374,5.158730265167024e-07,0.0,150.0,0.232441421432878,0.0
2021-03-31,6713.60009765625,-0.00863838383314,5.158730265167024e-07,0.0,150.0,0.1645480877424416,0.0
2021-04-01,6737.2998046875,0.0035301040703219,3.17460332538873e-07,0.0,150.0,0.1664440658942481,0.0
2021-04-06,6823.60009765625,0.0128093294748004,5.952380819334841e-07,0.0,150.0,0.2530270020456332,0.0
2021-04-07,6885.2998046875,0.0090421047758122,3.9682538795565474e-07,0.0,150.0,0.3005465552415455,0.0
2021-04-08,6942.2001953125,0.0082640396553628,1.9841269397782539e-07,0.0,150.0,0.3332167938642449,0.0
2021-04-09,6915.7998046875,-0.0038028852355519,1.1904762008242065e-07,0.0,150.0,0.2977383495115364,0.0
2021-04-12,6889.10009765625,-0.0038606824641096,3.9682538795565474e-07,0.0,150.0,0.2657733250651658,0.0
2021-04-13,6890.5,0.0002032054004015,5.952380819334841e-07,0.0,150.0,0.2665623011879964,0.0
2021-04-14,6939.60009765625,0.0071257670207169,5.952380819334841e-07,0.0,150.0,0.3026677051377013,0.0
2021-04-15,6983.5,0.006325998865349,3.9682538795565474e-07,0.0,150.0,0.3234383962661855,0.0
2021-04-16,7019.5,0.0051550082336937,3.17460332538873e-07,0.0,150.0,0.333928834836901,0.0
2021-04-19,7000.10009765625,-0.0027637156982335,5.952380819334841e-07,0.0,150.0,0.3096541637165554,0.0
2021-04-20,6859.89990234375,-0.020028312932188,5.952380819334841e-07,0.0,150.0,0.2237149512622661,0.0
2021-04-21,6895.2998046875,0.0051604109167329,5.158730265167024e-07,0.0,150.0,0.2296136604725,0.0
2021-04-22,6938.2001953125,0.0062216860528436,5.952380819334841e-07,0.0,150.0,0.2610836135764169,0.0
2021-04-23,6938.60009765625,5.763776375600216e-05,5.952380819334841e-07,0.0,150.0,0.2713123990704542,0.0
2021-04-26,6963.10009765625,0.0035309716160578,3.17460332538873e-07,0.0,150.0,0.287276977393065,0.0
2021-04-27,6945.0,-0.0025994309147361,3.9682538795565474e-07,0.0,150.0,0.2627711556226957,0.0
2021-04-28,6963.7001953125,0.0026926127159827,3.17460332538873e-07,0.0,150.0,0.2636671509238197,0.0
2021-04-29,6961.5,-0.0003159520442854,3.17460332538873e-07,0.0,150.0,0.2446073496634814,0.0
2021-04-30,6969.7998046875,0.0011922437244127,1.1904762008242065e-07,0.0,150.0,0.2432076048765066,0.0
2021-05-04,6923.2001953125,-0.0066859322621661,3.9682538795565474e-07,0.0,150.0,0.2126459296273157,0.0
2021-05-05,7039.2998046875,0.016769644976265,3.17460332538873e-07,0.0,150.0,0.2862165489294792,0.0
2021-05-06,7076.2001953125,0.0052420541316378,3.17460332538873e-07,0.0,150.0,0.3073966155933728,0.0
2021-05-07,7129.7001953125,0.0075605548915136,3.17460332538873e-07,0.0,150.0,0.3316704154796917,0.0
2021-05-10,7123.7001953125,-0.0008415501122956,1.9841269397782539e-07,0.0,150.0,0.3162031843521731,0.0
2021-05-11,6948.0,-0.0246641759893423,3.9682538795565474e-07,0.0,150.0,0.2400633861945829,0.0
2021-05-12,7004.60009765625,0.0081462431859886,3.9682538795565474e-07,0.0,150.0,0.2452321853652979,0.0
2021-05-13,6963.2998046875,-0.005896167146297,3.17460332538873e-07,0.0,150.0,0.2377818288158044,0.0
2021-05-14,7043.60009765625,0.0115319310127497,1.9841269397782539e-07,0.0,150.0,0.274903651610796,0.0
2021-05-17,7032.89990234375,-0.0015191372542657,1.9841269397782539e-07,0.0,150.0,0.262468906391298,0.0
2021-05-18,7034.2001953125,0.0001848871712673,3.9682538795565474e-07,0.0,150.0,0.2428118383005502,0.0
2021-05-19,6950.2001953125,-0.0119416561467751,1.9841269397782539e-07,0.0,150.0,0.2240249487488931,0.0
2021-05-20,7019.7998046875,0.0100140438288296,1.1904762008242065e-07,0.0,150.0,0.239830831613391,0.0
2021-05-21,7018.10009765625,-0.000242130413764,1.1904762008242065e-07,0.0,150.0,0.2438136761232836,0.0
2021-05-24,7051.60009765625,0.0047733716438709,1.1904762008242065e-07,0.0,150.0,0.2682744199054343,0.0
2021-05-25,7029.7998046875,-0.0030915384688356,3.9682538795565474e-07,0.0,150.0,0.2301647619052679,0.0
2021-05-26,7026.89990234375,-0.0004125156369056,1.9841269397782539e-07,0.0,150.0,0.2243892895765588,0.0
2021-05-27,7019.7001953125,-0.0010245922286225,1.9841269397782539e-07,0.0,150.0,0.2124456303525667,0.0
2021-05-28,7022.60009765625,0.0004131091447019,3.17460332538873e-07,0.0,150.0,0.2042009876645225,0.0
2021-06-01,7080.5,0.0082447955940241,3.9682538795565474e-07,0.0,150.0,0.2383565433426747,0.0
2021-06-02,7108.0,0.0038839065037779,5.952380819334841e-07,0.0,150.0,0.2547652782540392,0.0
2021-06-03,7064.39990234375,-0.0061339473348691,5.952380819334841e-07,0.0,150.0,0.217018601317195,0.0
2021-06-04,7069.0,0.0006511660891004,5.952380819334841e-07,0.0,150.0,0.225263895227526,0.0
2021-06-07,7077.2001953125,0.0011600219709293,7.142856835372857e-07,0.0,150.0,0.2301289265091248,0.0
2021-06-08,7095.10009765625,0.0025292349869663,7.936507759113135e-07,0.0,150.0,0.2350076460002652,0.0
2021-06-09,7081.0,-0.0019873007374353,7.936507759113135e-07,0.0,150.0,0.228746795853631,0.0
2021-06-10,7088.2001953125,0.0010168331185567,7.936507759113135e-07,0.0,150.0,0.2234205183062009,0.0
2021-06-11,7134.10009765625,0.0064755369598765,7.142856835372857e-07,0.0,150.0,0.2535806030198561,0.0
2021-06-14,7146.7001953125,0.0017661789831613,5.952380819334841e-07,0.0,150.0,0.2530387366916623,0.0
2021-06-15,7172.5,0.0036100303612038,7.936507759113135e-07,0.0,150.0,0.2669202106200281,0.0
2021-06-16,7185.0,0.0017427675148136,1.1111111454074327e-06,0.0,150.0,0.2685422437741726,0.0
2021-06-17,7153.39990234375,-0.0043980650878566,1.1111111454074327e-06,0.0,150.0,0.2407219387012618,0.0
2021-06-18,7017.5,-0.0189979456201272,1.1111111454074327e-06,0.0,150.0,0.2489716339893114,0.0
2021-06-21,7062.2998046875,0.006384012068044,1.1904761638669722e-06,0.0,150.0,0.2002761568381987,0.0
2021-06-22,7090.0,0.003922262730069,1.5079364594485992e-06,0.0,150.0,0.2011657569025409,0.0
2021-06-23,7074.10009765625,-0.0022425814307123,1.5873015518226308e-06,0.0,150.0,0.1908797863446755,0.0
2021-06-24,7110.0,0.0050748366362025,1.7063492642981665e-06,0.0,150.0,0.1978693044885248,0.0
2021-06-25,7136.10009765625,0.0036708998110055,1.7063492642981665e-06,0.0,150.0,0.2180457102095889,0.0
2021-06-28,7073.0,-0.0088423784409882,1.5873015518226308e-06,0.0,150.0,0.1859951627472478,0.0
2021-06-29,7087.60009765625,0.0020642015631626,1.5873015518226308e-06,0.0,150.0,0.1851300803414644,0.0
2021-06-30,7037.5,-0.0070686970153434,1.5873015518226308e-06,0.0,150.0,0.2022609135777658,0.0
2021-07-01,7125.2001953125,0.0124618394760214,1.5873015518226308e-06,0.0,150.0,0.1880183161229479,0.0
2021-07-02,7123.2998046875,-0.0002667139972081,1.5079364594485992e-06,0.0,150.0,0.1832038911604417,0.0
2021-07-05,7164.89990234375,0.0058400037618626,1.5079364594485992e-06,0.0,150.0,0.2147889527174634,0.0
2021-07-06,7100.89990234375,-0.0089324346288585,1.5873015518226308e-06,0.0,150.0,0.1645172386362141,0.0
2021-07-07,7151.0,0.0070554575258432,1.7063492642981665e-06,0.0,150.0,0.1979271713990354,0.0
2021-07-08,7030.7001953125,-0.0168227946703258,1.7063492642981665e-06,0.0,150.0,0.208370117872701,0.0
2021-07-09,7121.89990234375,0.0129716393101293,1.7063492642981665e-06,0.0,150.0,0.1864196853934666,0.0
2021-07-12,7125.39990234375,0.0004914418972454,1.7063492642981665e-06,0.0,150.0,0.198260433809539,0.0
2021-07-13,7124.7001953125,-9.819898403451433e-05,1.7857143566721944e-06,0.0,150.0,0.1771793188960177,0.0
2021-07-14,7091.2001953125,-0.0047019522340098,1.7857143566721944e-06,0.0,150.0,0.1578451232964779,0.0
2021-07-15,7012.0,-0.0111687997984958,1.5079364594485992e-06,0.0,150.0,0.2286768294218546,0.0
2021-07-16,7008.10009765625,-0.0005561754625997,1.5079364594485992e-06,0.0,150.0,0.2180962903396799,0.0
2021-07-19,6844.39990234375,-0.0233587124943102,1.5873015518226308e-06,0.0,150.0,0.4692588423985064,0.0
2021-07-20,6881.10009765625,0.0053620764181141,1.7857143566721944e-06,0.0,150.0,0.4139356629962235,0.0
2021-07-21,6998.2998046875,0.017032117738146,1.7857143566721944e-06,0.0,150.0,0.1529962728012514,0.0
2021-07-22,6968.2998046875,-0.004286755474509,1.7063492642981665e-06,0.0,150.0,0.1991227837759597,0.0
2021-07-23,7027.60009765625,0.0085100088444614,1.7857143566721944e-06,0.0,150.0,0.1182745062014939,0.0
2021-07-26,7025.39990234375,-0.000313079185202,1.5873015518226308e-06,0.0,150.0,0.1188064134789597,0.0
2021-07-27,6996.10009765625,-0.0041705532915963,1.7857143566721944e-06,0.0,150.0,0.1373498547180529,0.0
2021-07-28,7016.60009765625,0.0029302039298819,1.7857143566721944e-06,0.0,150.0,0.1409717350384157,0.0
2021-07-29,7078.39990234375,0.0088076566752239,1.5873015518226308e-06,0.0,150.0,0.1827216511771719,0.0
2021-07-30,7032.2998046875,-0.0065127851339659,1.5873015518226308e-06,0.0,150.0,0.1435636315147691,0.0
2021-08-02,7081.7001953125,0.0070247844939816,1.5079364594485992e-06,0.0,150.0,0.1684474123353567,0.0
2021-08-03,7105.7001953125,0.0033890166680432,1.7857143566721944e-06,0.0,150.0,0.1908549125256013,0.0
2021-08-04,7123.89990234375,0.0025612827069816,1.7857143566721944e-06,0.0,150.0,0.195713112986833,0.0
2021-08-05,7120.39990234375,-0.0004913039273402,1.7063492642981665e-06,0.0,150.0,0.1898778433610919,0.0
2021-08-06,7123.0,0.000365161745395,1.7063492642981665e-06,0.0,150.0,0.1884639636972468,0.0
2021-08-09,7132.2998046875,0.0013056022304507,1.7857143566721944e-06,0.0,150.0,0.2083137895246427,0.0
2021-08-10,7161.0,0.0040239748886659,1.984127013692778e-06,0.0,150.0,0.2394869081622213,0.0
2021-08-11,7220.10009765625,0.0082530509225318,1.7857143566721944e-06,0.0,150.0,0.2870601611496928,0.0
2021-08-12,7193.2001953125,-0.0037256965942178,1.7063492642981665e-06,0.0,150.0,0.2453265515480638,0.0
2021-08-13,7218.7001953125,0.0035450146398841,1.7857143566721944e-06,0.0,150.0,0.2648836838927109,0.0
2021-08-16,7154.0,-0.0089628594569578,2.3015872353599167e-06,0.0,150.0,0.2108170887459385,0.0
2021-08-17,7181.10009765625,0.0037881042292773,2.5000000402094805e-06,0.0,150.0,0.2376240912117537,0.0
2021-08-18,7169.2998046875,-0.0016432430697632,2.182539670713361e-06,0.0,150.0,0.2228721580601236,0.0
2021-08-19,7058.89990234375,-0.0153989797262442,1.7063492642981665e-06,0.0,150.0,0.2564191419131799,0.0
2021-08-20,7087.89990234375,0.0041082888837071,1.7063492642981665e-06,0.0,150.0,0.2370920740689651,0.0
2021-08-23,7109.0,0.0029769181205949,1.5873015518226308e-06,0.0,150.0,0.2053733011532368,0.0
2021-08-24,7125.7998046875,0.0023631741014911,1.90476192131875e-06,0.0,150.0,0.2252006629866206,0.0
2021-08-25,7150.10009765625,0.003410184629768,1.7857143566721944e-06,0.0,150.0,0.2474533083345247,0.0
2021-08-26,7125.0,-0.0035104540235006,1.7063492642981665e-06,0.0,150.0,0.2423615073613112,0.0
2021-08-27,7148.0,0.0032280701754385,1.7063492642981665e-06,0.0,150.0,0.2521412711398436,0.0
2021-08-31,7119.7001953125,-0.0039591220883463,1.5873015518226308e-06,0.0,150.0,0.2421618601539572,0.0
2021-09-01,7149.7998046875,0.0042276512422274,1.5873015518226308e-06,0.0,150.0,0.2274010966466171,0.0
2021-09-02,7163.89990234375,0.0019720968476635,1.5873015518226308e-06,0.0,150.0,0.2462872823596004,0.0
2021-09-03,7138.39990234375,-0.0035595137212424,1.5873015518226308e-06,0.0,150.0,0.2257556267041157,0.0
2021-09-06,7187.2001953125,0.0068363069646359,1.5873015518226308e-06,0.0,150.0,0.2411623976089306,0.0
2021-09-07,7149.39990234375,-0.0052593905751231,1.3888888948020476e-06,0.0,150.0,0.2039537448993593,0.0
2021-09-08,7095.5,-0.0075390806333381,1.5873015518226308e-06,0.0,150.0,0.2190260695265041,0.0
2021-09-09,7024.2001953125,-0.0100485948400395,1.5079364594485992e-06,0.0,150.0,0.2983266015772635,0.0
2021-09-10,7029.2001953125,0.000711824814352,1.5079364594485992e-06,0.0,150.0,0.2740393130716506,0.0
2021-09-13,7068.39990234375,0.0055766952060052,1.5079364594485992e-06,0.0,150.0,0.2032114794769348,0.0
2021-09-14,7034.10009765625,-0.0048525557638762,1.3888888948020476e-06,0.0,150.0,0.2411908879224922,0.0
2021-09-15,7016.5,-0.002502110776347,1.3888888948020476e-06,0.0,150.0,0.2658822926160853,0.0
2021-09-16,7027.5,0.0015677332003134,1.1904761638669722e-06,0.0,150.0,0.2441123324594183,0.0
2021-09-17,6963.60009765625,-0.0090928356234436,1.1111111454074327e-06,0.0,150.0,0.3522083852353161,0.0
2021-09-20,6903.89990234375,-0.0085731797454298,9.92063506846389e-07,0.0,150.0,0.4188440924588176,0.0
2021-09-21,6981.0,0.0111676152242699,7.936507759113135e-07,0.0,150.0,0.2457598971438722,0.0
2021-09-22,7083.39990234375,0.0146683716292437,9.92063506846389e-07,0.0,150.0,0.1296972975679329,0.0
2021-09-23,7078.39990234375,-0.0007058757191367,9.92063506846389e-07,0.0,150.0,0.1235404580710424,0.0
2021-09-24,7051.5,-0.0038002801077745,9.92063506846389e-07,0.0,150.0,0.1316396907439418,0.0
2021-09-27,7063.39990234375,0.001687570352939,9.92063506846389e-07,0.0,150.0,0.1391376696480015,0.0
2021-09-28,7028.10009765625,-0.0049975656448089,1.1904761638669722e-06,0.0,150.0,0.1867553198141856,0.0
2021-09-29,7108.2001953125,0.0113971196401942,1.1904761638669722e-06,0.0,150.0,0.1381002083041928,0.0
2021-09-30,7086.39990234375,-0.0030669216355394,1.1111111454074327e-06,0.0,150.0,0.136987333859581,0.0
2021-10-01,7027.10009765625,-0.0083681143464521,1.1111111454074327e-06,0.0,150.0,0.1798785585309306,0.0
2021-10-04,7011.0,-0.0022911439189005,1.1111111454074327e-06,0.0,150.0,0.2367983500223329,0.0
2021-10-05,7077.10009765625,0.0094280555778418,1.3888888948020476e-06,0.0,150.0,0.1188634114199822,0.0
2021-10-06,6995.89990234375,-0.0114736536423147,1.5873015518226308e-06,0.0,150.0,0.2283418545590575,0.0
2021-10-07,7078.0,0.0117354591692693,1.5873015518226308e-06,0.0,150.0,0.0947757855025173,0.0
2021-10-08,7095.60009765625,0.0024865919265681,1.5873015518226308e-06,0.0,150.0,0.099402167798889,0.0
2021-10-11,7146.89990234375,0.0072298049469339,1.5873015518226308e-06,0.0,150.0,0.1632502627135478,0.0
2021-10-12,7130.2001953125,-0.0023366364800734,1.5873015518226308e-06,0.0,150.0,0.1418024395763047,0.0
2021-10-13,7141.7998046875,0.0016268280072453,1.7857143566721944e-06,0.0,150.0,0.1640067698715628,0.0
2021-10-14,7207.7001953125,0.0092274205980606,1.5873015518226308e-06,0.0,150.0,0.2381794813209096,0.0
2021-10-15,7234.0,0.0036488483115049,1.5079364594485992e-06,0.0,150.0,0.254559062377047,0.0
2021-10-18,7203.7998046875,-0.0041747574388305,1.7063492642981665e-06,0.0,150.0,0.2057514296018512,0.0
2021-10-19,7217.5,0.0019018012276779,1.984127013692778e-06,0.0,150.0,0.2230010961384989,0.0
2021-10-20,7223.10009765625,0.0007759054598199,1.984127013692778e-06,0.0,150.0,0.2312612859646629,0.0
2021-10-21,7190.2998046875,-0.0045410270555981,1.984127013692778e-06,0.0,150.0,0.1774417151170826,0.0
2021-10-22,7204.60009765625,0.0019888312528257,1.984127013692778e-06,0.0,150.0,0.1727941845999985,0.0
2021-10-25,7222.7998046875,0.0025261231414037,1.984127013692778e-06,0.0,150.0,0.1816473863139496,0.0
2021-10-26,7277.60009765625,0.0075871261076883,1.984127013692778e-06,0.0,150.0,0.2353094001462396,0.0
2021-10-27,7253.2998046875,-0.0033390530728084,1.984127013692778e-06,0.0,150.0,0.1934908627654759,0.0
2021-10-28,7249.5,-0.0005238725531576,1.90476192131875e-06,0.0,150.0,0.1956906977013084,0.0
2021-10-29,7237.60009765625,-0.0016414790459686,1.90476192131875e-06,0.0,150.0,0.1986904545799414,0.0
2021-11-01,7288.60009765625,0.0070465346678265,1.5873015518226308e-06,0.0,150.0,0.2338187576129903,0.0
2021-11-02,7274.7998046875,-0.0018934078950479,1.7857143566721944e-06,0.0,150.0,0.2260997147679926,0.0
2021-11-03,7248.89990234375,-0.0035602220046057,1.7857143566721944e-06,0.0,150.0,0.196413000202322,0.0
2021-11-04,7279.89990234375,0.0042765109765106,1.3888888948020476e-06,0.0,150.0,0.2173755314211701,0.0
2021-11-05,7304.0,0.003310498493048,1.5873015518226308e-06,0.0,150.0,0.2292675140086476,0.0
2021-11-08,7300.39990234375,-0.0004928939836048,1.3888888948020476e-06,0.0,150.0,0.215823729599772,0.0
2021-11-09,7274.0,-0.0036162268775542,1.5873015518226308e-06,0.0,150.0,0.1878378957702803,0.0
2021-11-10,7340.2001953125,0.0091009341919852,1.7857143566721944e-06,0.0,150.0,0.2319545663726205,0.0
2021-11-11,7384.2001953125,0.0059943869144194,1.5873015518226308e-06,0.0,150.0,0.2644818532484893,0.0
2021-11-12,7347.89990234375,-0.0049159410645168,1.7063492642981665e-06,0.0,150.0,0.2152963499060822,0.0
2021-11-15,7351.89990234375,0.000544373229516,1.5079364594485992e-06,0.0,150.0,0.2197774718677957,0.0
2021-11-16,7327.0,-0.003386866344006,1.5873015518226308e-06,0.0,150.0,0.1922089258735641,0.0
2021-11-17,7291.2001953125,-0.0048860112853146,1.7857143566721944e-06,0.0,150.0,0.1794812795730172,0.0
2021-11-18,7256.0,-0.0048277642047368,1.7857143566721944e-06,0.0,150.0,0.1902541397219996,0.0
2021-11-19,7223.60009765625,-0.0044652566625895,1.7857143566721944e-06,0.0,150.0,0.2211530177163691,0.0
2021-11-22,7255.5,0.0044160670458626,1.5873015518226308e-06,0.0,150.0,0.1754588690816136,0.0
2021-11-23,7266.7001953125,0.0015436834556543,1.7857143566721944e-06,0.0,150.0,0.1695943312408105,0.0
2021-11-24,7286.2998046875,0.0026971815058014,1.984127013692778e-06,0.0,150.0,0.1714973934322728,0.0
2021-11-25,7310.39990234375,0.0033075907253701,1.984127013692778e-06,0.0,150.0,0.1863201647029828,0.0
2021-11-26,7044.0,-0.0364412215340422,1.7063492642981665e-06,0.0,150.0,0.459030273793949,0.0
2021-11-29,7110.0,0.0093696763202726,1.5079364594485992e-06,0.0,150.0,0.3571175339975658,0.0
2021-11-30,7059.5,-0.0071026722925456,1.90476192131875e-06,0.0,150.0,0.4185512798176298,0.0
2021-12-01,7168.7001953125,0.015468545267016,1.984127013692778e-06,0.0,150.0,0.1791304720153291,0.0
2021-12-02,7129.2001953125,-0.0055100644362039,1.7063492642981665e-06,0.0,150.0,0.247853824647026,0.0
2021-12-03,7122.2998046875,-0.0009679052959596,1.7063492642981665e-06,0.0,150.0,0.2401503614887112,0.0
2021-12-06,7232.2998046875,0.0154444495481085,1.7063492642981665e-06,0.0,150.0,0.1362508864456798,0.0
2021-12-07,7339.89990234375,0.0148777153273582,2.3015872353599167e-06,0.0,150.0,0.2629182093166369,0.0
2021-12-08,7337.39990234375,-0.0003406040999552,2.3809523277339444e-06,0.0,150.0,0.2300464819964368,0.0
2021-12-09,7321.2998046875,-0.002194251079474,2.103174578339333e-06,0.0,150.0,0.1877753732401363,0.0
2021-12-10,7291.7998046875,-0.0040293391592995,1.984127013692778e-06,0.0,150.0,0.1377030755249486,0.0
2021-12-13,7231.39990234375,-0.0082832639350468,1.7063492642981665e-06,0.0,150.0,0.1360423526166166,0.0
2021-12-14,7218.60009765625,-0.0017700313715677,1.90476192131875e-06,0.0,150.0,0.1917385418457334,0.0
2021-12-15,7170.7998046875,-0.0066218231128041,1.7857143566721944e-06,0.0,150.0,0.295757476868978,0.0
2021-12-16,7260.60009765625,0.0125230511818288,1.3888888948020476e-06,0.0,150.0,0.1524933275469668,0.0
2021-12-17,7269.89990234375,0.0012808589596473,1.1904761638669722e-06,0.0,150.0,0.1263357683534495,0.0
2021-12-20,7198.0,-0.00989008147424,1.5079364594485992e-06,0.0,150.0,0.145903232444006,0.0
2021-12-21,7297.39990234375,0.0138093779305015,2.5793649847545317e-06,0.0,150.0,0.1304821794875326,0.0
2021-12-22,7341.7001953125,0.0060706955301328,2.5793649847545317e-06,0.0,150.0,0.1881737462397817,0.0
2021-12-23,7373.2998046875,0.0043041269098915,2.3015872353599167e-06,0.0,150.0,0.2185888235735003,0.0
2021-12-24,7372.10009765625,-0.0001627096500927,2.3015872353599167e-06,0.0,150.0,0.190599182021158,0.0
2021-12-29,7420.7001953125,0.0065924359426021,1.7857143566721944e-06,0.0,150.0,0.2369907031860138,0.0
2021-12-30,7403.0,-0.0023852459803834,9.92063506846389e-07,0.0,150.0,0.2032007594982406,0.0
2021-12-31,7384.5,-0.0024989868972038,1.309523802428016e-06,0.0,150.0,0.1645464421648412,0.0
2022-01-04,7505.2001953125,0.0163450735070078,3.1746031036452616e-06,0.0,150.0,0.2816203699533404,0.0
2022-01-05,7516.89990234375,0.0015588800733865,3.373015908494825e-06,0.0,150.0,0.2750700411516577,0.0
2022-01-06,7450.39990234375,-0.008846732145424,3.571428713344389e-06,0.0,150.0,0.1880071840827491,0.0
2022-01-07,7485.2998046875,0.0046842992055728,3.492063473141381e-06,0.0,150.0,0.2218305730427854,0.0
2022-01-10,7445.2998046875,-0.0053438073348712,3.571428713344389e-06,0.0,150.0,0.1633939146557368,0.0
2022-01-11,7491.39990234375,0.0061918389944788,4.682539710922846e-06,0.0,150.0,0.2128324952684857,0.0
2022-01-12,7551.7001953125,0.0080492689957567,4.563492146276289e-06,0.0,150.0,0.264795651447929,0.0
2022-01-13,7563.89990234375,0.0016154914410959,4.365079341426725e-06,0.0,150.0,0.2702573535331698,0.0
2022-01-14,7543.0,-0.0027631119678452,4.682539710922846e-06,0.0,150.0,0.2390284207434966,0.0
2022-01-17,7611.2001953125,0.0090415213194352,4.682539710922846e-06,0.0,150.0,0.2896622121297299,0.0
2022-01-18,7563.60009765625,-0.006253954229921,5.158729969509063e-06,0.0,150.0,0.2395283920641284,0.0
2022-01-19,7589.7001953125,0.0034507506107228,6.547619307798051e-06,0.0,150.0,0.2555584396673431,0.0
2022-01-20,7585.0,-0.000619286031272,6.666666576786647e-06,0.0,150.0,0.2425684378878949,0.0
2022-01-21,7494.10009765625,-0.0119841664263348,6.2698415584034366e-06,0.0,150.0,0.1771273663508442,0.0
2022-01-24,7297.2001953125,-0.0262739888416128,6.150793698098924e-06,0.0,150.0,0.3926126937547732,0.0
2022-01-25,7371.5,0.0101819605737591,7.341269935880387e-06,0.0,150.0,0.247225087968483,0.0
2022-01-26,7469.7998046875,0.0133351156057111,7.063492186485774e-06,0.0,150.0,0.1689040457222151,0.0
2022-01-27,7554.2998046875,0.0113122174903501,7.341269935880387e-06,0.0,150.0,0.2349848693676043,0.0
2022-01-28,7466.10009765625,-0.0116754311202371,6.86507908597825e-06,0.0,150.0,0.1699679687708079,0.0
2022-01-31,7464.39990234375,-0.0002277220088482,6.86507908597825e-06,0.0,150.0,0.149446301508199,0.0
2022-02-01,7535.7998046875,0.0095653908255011,8.055555323759714e-06,0.0,150.0,0.1984284182993036,0.0
2022-02-02,7583.0,0.0062634619464201,7.341269935880387e-06,0.0,150.0,0.2359430477451746,0.0
2022-02-03,7528.7998046875,-0.0071475926826454,7.658730305376503e-06,0.0,150.0,0.1686818658716855,0.0
2022-02-04,7516.39990234375,-0.0016469958911684,8.849206543157968e-06,0.0,150.0,0.1560734033063293,0.0
2022-02-07,7573.5,0.0075967349260441,8.055555323759714e-06,0.0,150.0,0.1989877069467446,0.0
2022-02-08,7567.10009765625,-0.0008450389309764,1.0912698649224782e-05,0.0,150.0,0.1859333490297459,0.0
2022-02-09,7643.39990234375,0.0100830970520837,1.0714286140033176e-05,0.0,150.0,0.2516846393451641,0.0
2022-02-10,7672.39990234375,0.0037941230827276,1.4682539871760775e-05,0.0,150.0,0.265715825085761,0.0
2022-02-11,7661.0,-0.0014858326584706,1.34126983937763e-05,0.0,150.0,0.2487412252779055,0.0
2022-02-14,7531.60009765625,-0.0168907325863137,1.4285714853377567e-05,0.0,150.0,0.1681635403786189,0.0
2022-02-15,7608.89990234375,0.0102633973770798,1.5873016109542244e-05,0.0,150.0,0.209905783871129,0.0
2022-02-16,7603.7998046875,-0.0006702805558894,1.480158714074937e-05,0.0,150.0,0.2029217128781914,0.0
2022-02-17,7537.39990234375,-0.008732463248548,1.3690476143170916e-05,0.0,150.0,0.174200541667123,0.0
2022-02-18,7513.60009765625,-0.003157561625475,1.2619047174378049e-05,0.0,150.0,0.1716466749871465,0.0
2022-02-21,7484.2998046875,-0.003899634341451,1.2619047174378049e-05,0.0,150.0,0.1951161934910142,0.0
2022-02-22,7494.2001953125,0.0013228212235429,1.3095238615596102e-05,0.0,150.0,0.1716160194428169,0.0
2022-02-23,7498.2001953125,0.0005337460830712,1.3492063633979314e-05,0.0,150.0,0.1623305672112626,0.0
2022-02-24,7207.0,-0.0388360123399403,1.1230158427404976e-05,0.0,150.0,0.5169010468220149,0.0
2022-02-25,7489.5,0.0391980019425557,1.1825397137611633e-05,0.0,150.0,0.2565851656041596,0.0
2022-02-28,7458.2998046875,-0.0041658582432071,1.1428570936596582e-05,0.0,150.0,0.2640525806024669,0.0
2022-03-01,7330.2001953125,-0.0171754438316478,1.242063466518644e-05,0.0,150.0,0.4599329591971198,0.0
2022-03-02,7429.60009765625,0.0135603257339838,1.2896824923772656e-05,0.0,150.0,0.2786018423353955,0.0
2022-03-03,7238.89990234375,-0.0256676258218336,1.3293651124787706e-05,0.0,150.0,0.5336595574223252,0.0
2022-03-04,6987.10009765625,-0.0347842639191591,1.2103174887006245e-05,0.0,150.0,0.5573601620995188,0.0
2022-03-07,6959.5,-0.0039501506018939,1.2103174887006245e-05,0.0,150.0,0.5627977276179044,0.0
2022-03-08,6964.10009765625,0.0006609810555715,1.4285714853377567e-05,0.0,150.0,0.5710335856653337,0.0
2022-03-09,7190.7001953125,0.0325383171520627,1.4682539871760775e-05,0.0,150.0,0.5590279310338065,0.0
2022-03-10,7099.10009765625,-0.0127386895807396,1.4285714853377567e-05,0.0,150.0,0.5997109855955806,0.0
2022-03-11,7155.60009765625,0.0079587552257014,1.4484127362569171e-05,0.0,150.0,0.5856238702862445,0.0
2022-03-14,7193.5,0.0052965372332871,1.4999999649940977e-05,0.0,150.0,0.531391931179578,0.0
2022-03-15,7175.7001953125,-0.0024744289549593,1.777777832651895e-05,0.0,150.0,0.534598201200313,0.0
2022-03-16,7291.7001953125,0.016165669808192,1.7182539616312296e-05,0.0,150.0,0.3491344006701451,0.0
2022-03-17,7385.2998046875,0.0128364588323544,1.4285714853377567e-05,0.0,150.0,0.3408723365077847,0.0
2022-03-18,7404.7001953125,0.0026268927650963,1.519841215913258e-05,0.0,150.0,0.3412325821276133,0.0
2022-03-21,7442.39990234375,0.0050913211928709,1.8055556075913563e-05,0.0,150.0,0.3376754106868877,0.0
2022-03-22,7476.7001953125,0.0046087677924897,2.0634919878036257e-05,0.0,150.0,0.337662621598675,0.0
2022-03-23,7460.60009765625,-0.0021533694324594,1.9047618621871583e-05,0.0,150.0,0.2942680777203775,0.0
2022-03-24,7467.39990234375,0.0009114286516491,1.916666707349202e-05,0.0,150.0,0.2740572788545132,0.0
2022-03-25,7483.39990234375,0.0021426467323624,2.0634919878036257e-05,0.0,150.0,0.2693539345978406,0.0
2022-03-28,7473.10009765625,-0.0013763536389755,2.015873080208188e-05,0.0,150.0,0.2313741407599527,0.0
2022-03-29,7537.2998046875,0.0085907730650343,2.2023809807641167e-05,0.0,150.0,0.2821598299241382,0.0
2022-03-30,7578.7998046875,0.0055059505493189,2.083333238722786e-05,0.0,150.0,0.3013076216176937,0.0
2022-03-31,7515.7001953125,-0.0083258050088581,1.9563492091875222e-05,0.0,150.0,0.218136249302983,0.0
2022-04-01,7537.89990234375,0.0029537776194286,1.984126984126984e-05,0.0,150.0,0.2272039350744594,0.0
2022-04-04,7558.89990234375,0.0027859218445538,2.1349205857231504e-05,0.0,150.0,0.2356521054603311,0.0
2022-04-05,7613.7001953125,0.0072497709556595,2.650793582674057e-05,0.0,150.0,0.2822780503322038,0.0
2022-04-06,7587.7001953125,-0.0034148967431114,2.6309523317548965e-05,0.0,150.0,0.2460617550641434,0.0
2022-04-07,7551.7998046875,-0.0047313928727941,2.619047723119221e-05,0.0,150.0,0.1898768852717125,0.0
2022-04-08,7669.60009765625,0.015598969254406,2.650793582674057e-05,0.0,150.0,0.3020692563446852,0.0
2022-04-11,7618.2998046875,-0.0066887832892913,2.6984127267958627e-05,0.0,150.0,0.2375969446081791,0.0
2022-04-12,7576.7001953125,-0.0054604846805063,2.9285713320686703e-05,0.0,150.0,0.186203092271755,0.0
2022-04-13,7580.7998046875,0.0005410811130597,2.9365079743521557e-05,0.0,150.0,0.1843859936951398,0.0
2022-04-14,7616.39990234375,0.0046960872959918,2.9682540704333597e-05,0.0,150.0,0.221138579906491,0.0
2022-04-19,7601.2998046875,-0.0019825767882282,3.3055555725854536e-05,0.0,150.0,0.2027854389124699,0.0
2022-04-20,7629.2001953125,0.003670476279306,3.154761970989288e-05,0.0,150.0,0.230163752537887,0.0
2022-04-21,7628.0,-0.0001573160071532,3.174603221908449e-05,0.0,150.0,0.2201417630302526,0.0
2022-04-22,7521.7001953125,-0.0139354751818956,3.0952379817054386e-05,0.0,150.0,0.1863438216905517,0.0
2022-04-25,7380.5,-0.0187723774739779,3.166666579624963e-05,0.0,150.0,0.4316813808938645,0.0
2022-04-26,7386.2001953125,0.0007723318626786,3.3055555725854536e-05,0.0,150.0,0.4087380646977818,0.0
2022-04-27,7425.60009765625,0.0053342586582956,3.206349317989652e-05,0.0,150.0,0.2925983315744583,0.0
2022-04-28,7509.2001953125,0.0112583624968758,3.115079469150967e-05,0.0,150.0,0.1342860115555562,0.0
2022-04-29,7544.60009765625,0.0047142040993723,3.206349317989652e-05,0.0,150.0,0.1443419004434529,0.0
2022-05-03,7561.2998046875,0.0022134648377769,3.551587225898864e-05,0.0,150.0,0.1757894726672006,0.0
2022-05-04,7493.5,-0.0089666864743901,3.3055555725854536e-05,0.0,150.0,0.1461361840702969,0.0
2022-05-05,7503.2998046875,0.0013077740291587,3.186507830544124e-05,0.0,150.0,0.1400292274325088,0.0
2022-05-06,7387.89990234375,-0.0153798868961169,3.2341269746659296e-05,0.0,150.0,0.3877713040869539,0.0
2022-05-09,7216.60009765625,-0.0231865356802082,3.174603221908449e-05,0.0,150.0,0.5415797775878445,0.0
2022-05-10,7243.2001953125,0.0036859597727867,3.4841270673842654e-05,0.0,150.0,0.5346906508604785,0.0
2022-05-11,7347.7001953125,0.0144273245502213,3.503968318303426e-05,0.0,150.0,0.4004910162391321,0.0
2022-05-12,7233.2998046875,-0.0155695506871635,3.5912697277371846e-05,0.0,150.0,0.544017947950244,0.0
2022-05-13,7418.2001953125,0.0255623844742582,3.742063565859719e-05,0.0,150.0,0.2305700798460999,0.0
2022-05-16,7464.7998046875,0.0062817945253683,3.8888889645773273e-05,0.0,150.0,0.2145764200585802,0.0
2022-05-17,7518.39990234375,0.0071803797903049,4.119047569850135e-05,0.0,150.0,0.2445468095067789,0.0
2022-05-18,7438.10009765625,-0.0106804380892892,3.980158813416012e-05,0.0,150.0,0.1825197977251927,0.0
2022-05-19,7302.7001953125,-0.0182035601250397,3.968253968253968e-05,0.0,150.0,0.4866119411020728,0.0
2022-05-20,7390.0,0.0119544555236619,3.880952322293841e-05,0.0,150.0,0.2583186198876714,0.0
2022-05-23,7513.39990234375,0.0166982276513869,3.940476075051322e-05,0.0,150.0,0.2462668288160331,0.0
2022-05-24,7484.39990234375,-0.0038597705934637,4.138888820769295e-05,0.0,150.0,0.1994109433665133,0.0
2022-05-25,7522.7998046875,0.00513065881631,4.146825226526412e-05,0.0,150.0,0.2191151000090817,0.0
2022-05-26,7564.89990234375,0.0055963336456217,4.079365068011814e-05,0.0,150.0,0.2506977685639587,0.0
2022-05-27,7585.5,0.0027231156951419,4.06746022284977e-05,0.0,150.0,0.2571083019249487,0.0
2022-05-30,7600.10009765625,0.0019247376779711,4.06746022284977e-05,0.0,150.0,0.250054560851968,0.0
2022-05-31,7607.7001953125,0.0009999996787666,4.0873014737689306e-05,0.0,150.0,0.2361866782298542,0.0
2022-06-01,7533.0,-0.0098190245928101,4.376984304851956e-05,0.0,150.0,0.1385600542812056,0.0
2022-06-06,7608.2001953125,0.0099827685268154,4.603174470719837e-05,0.0,150.0,0.213587790360852,0.0
2022-06-07,7598.89990234375,-0.0012224038182486,4.861111205721658e-05,0.0,150.0,0.1842037100254688,0.0
2022-06-08,7593.0,-0.000776415325846,4.892857301802862e-05,0.0,150.0,0.1641721112672108,0.0
2022-06-09,7476.2001953125,-0.0153825635042144,4.912698552722023e-05,0.0,150.0,0.2097237258592317,0.0
2022-06-10,7317.5,-0.0212273870638193,5.111111061913627e-05,0.0,150.0,0.5118198742005617,0.0
2022-06-13,7205.7998046875,-0.0152648029125384,5.944444546623834e-05,0.0,150.0,0.5501889130586973,0.0
2022-06-14,7187.5,-0.0025395938249069,6.916666787768166e-05,0.0,150.0,0.5543962515202145,0.0
2022-06-15,7273.39990234375,0.0119512907608696,6.72619068433368e-05,0.0,150.0,0.5277000759735035,0.0
2022-06-16,7045.0,-0.0314020823013115,5.884920793866354e-05,0.0,150.0,0.566365683586917,0.0
2022-06-17,7016.2998046875,-0.0040738389371894,5.992063454219273e-05,0.0,150.0,0.5717041317397231,0.0
2022-06-20,7121.7998046875,0.0150364156231632,5.992063454219273e-05,0.0,150.0,0.5954777268703193,0.0
2022-06-21,7152.10009765625,0.0042545836445453,5.904762044785515e-05,0.0,150.0,0.5969192644082896,0.0
2022-06-22,7089.2001953125,-0.008794605987738,6.130952210653396e-05,0.0,150.0,0.5991269206670055,0.0
2022-06-23,7020.5,-0.0096908245528072,6.190475963410877e-05,0.0,150.0,0.5935740406993271,0.0
2022-06-24,7208.7998046875,0.0268214236432591,6.341270038059779e-05,0.0,150.0,0.5518289103980788,0.0
2022-06-27,7258.2998046875,0.0068666076657881,6.480158794493902e-05,0.0,150.0,0.4386470450047365,0.0
2022-06-28,7323.39990234375,0.0089690560335089,6.896825536849007e-05,0.0,150.0,0.3405882747392995,0.0
2022-06-29,7312.2998046875,-0.0015157027889051,6.765873186172e-05,0.0,150.0,0.3217153130927676,0.0
2022-06-30,7169.2998046875,-0.0195560909453317,6.349206443816897e-05,0.0,150.0,0.587967412583128,0.0
2022-07-01,7168.7001953125,-8.363569544234117e-05,6.36111128897894e-05,0.0,150.0,0.575598642209811,0.0
2022-07-04,7232.7001953125,0.0089276993396723,6.36111128897894e-05,0.0,150.0,0.4320625539810199,0.0
2022-07-05,7025.5,-0.0286476958421124,6.468253949331859e-05,0.0,150.0,0.6036061920181762,0.0
2022-07-06,7107.7998046875,0.0117144409205749,7.301587434042068e-05,0.0,150.0,0.6155608649741277,0.0
2022-07-07,7189.10009765625,0.0114381799154126,7.353174781042433e-05,0.0,150.0,0.5197569850147247,0.0
2022-07-08,7196.2001953125,0.0009876198077372,7.313492279204111e-05,0.0,150.0,0.4760943153603104,0.0
2022-07-11,7196.60009765625,5.5571319987901546e-05,7.749999799425638e-05,0.0,150.0,0.4462341327004868,0.0
2022-07-12,7209.89990234375,0.0018480677690888,8.384920301891509e-05,0.0,150.0,0.4007204691273883,0.0
2022-07-13,7156.39990234375,-0.0074203526712774,9.218253786601717e-05,0.0,150.0,0.4965492983257497,0.0
2022-07-14,7039.7998046875,-0.0162931221350643,9.019841277410112e-05,0.0,150.0,0.5915111213098758,0.0
2022-07-15,7159.0,0.016932327426858,8.888888926733108e-05,0.0,150.0,0.478366289571587,0.0
2022-07-18,7223.2001953125,0.0089677602056852,8.96825393040975e-05,0.0,150.0,0.3480545075819739,0.0
2022-07-19,7296.2998046875,0.0101201139935782,9.722222411443316e-05,0.0,150.0,0.3112641203381593,0.0
2022-07-20,7264.2998046875,-0.0043857846931456,9.436508019765218e-05,0.0,150.0,0.27715761524297,0.0
2022-07-21,7270.5,0.0008535158899278,9.365078948792958e-05,0.0,150.0,0.2713801815916182,0.0
2022-07-22,7276.39990234375,0.0008114850895744,9.345238170926534e-05,0.0,150.0,0.2374334644154296,0.0
2022-07-25,7306.2998046875,0.0041091615008843,9.496031299469964e-05,0.0,150.0,0.2458033748672871,0.0
2022-07-26,7306.2998046875,0.0,9.821428192986385e-05,0.0,150.0,0.1918687753420777,0.0
2022-07-27,7348.2001953125,0.0057348304538664,9.45634879763164e-05,0.0,150.0,0.2167167699795188,0.0
2022-07-28,7345.2998046875,-0.0003947076219902,9.158730506896972e-05,0.0,150.0,0.1836321808026514,0.0
2022-07-29,7423.39990234375,0.0106326630270978,9.119048005058652e-05,0.0,150.0,0.2633991730551474,0.0
2022-08-01,7413.39990234375,-0.0013470916468938,8.988095654381647e-05,0.0,150.0,0.2170075986944237,0.0
2022-08-02,7409.10009765625,-0.0005800044168857,9.773809758443683e-05,0.0,150.0,0.1859194373994855,0.0
2022-08-03,7445.7001953125,0.0049398843548931,9.634920528956822e-05,0.0,150.0,0.2242763143590369,0.0
2022-08-04,7448.10009765625,0.0003223205717119,9.436508019765218e-05,0.0,150.0,0.2041843243313407,0.0
2022-08-05,7439.7001953125,-0.0011277912801405,9.563492404090031e-05,0.0,150.0,0.1713857335726596,0.0
2022-08-08,7482.39990234375,0.0057394392126384,9.761904913281636e-05,0.0,150.0,0.2142794932096177,0.0
2022-08-09,7488.2001953125,0.0007751915220319,0.000101984124335,0.0,150.0,0.2046025641860149,0.0
2022-08-10,7507.10009765625,0.0025239579405984,0.0001005952415012,0.0,150.0,0.2162466075394887,0.0
2022-08-11,7465.89990234375,-0.0054881638417693,9.8809524187966e-05,0.0,150.0,0.1439451146004734,0.0
2022-08-12,7500.89990234375,0.0046879814165485,9.92063492063492e-05,0.0,150.0,0.1791028531863385,0.0
2022-08-15,7509.2001953125,0.0011065729548205,9.972222267635284e-05,0.0,150.0,0.1809232346298746,0.0
2022-08-16,7536.10009765625,0.0035822593144529,0.0001030952400631,0.0,150.0,0.2028449422758619,0.0
2022-08-17,7515.7998046875,-0.0026937398263942,0.0001019047650079,0.0,150.0,0.1699695093554696,0.0
2022-08-18,7541.89990234375,0.003472697295632,0.0001017857165563,0.0,150.0,0.1946927447264481,0.0
2022-08-19,7550.39990234375,0.0011270369681462,0.0001023809493534,0.0,150.0,0.1987899283639682,0.0
2022-08-22,7533.7998046875,-0.0021985719790943,0.000105079365155,0.0,150.0,0.1828520974740742,0.0
2022-08-23,7488.10009765625,-0.0060659571817685,0.0001072619074866,0.0,150.0,0.1392421770231375,0.0
2022-08-24,7471.5,-0.0022168637491165,0.000107658732505,0.0,150.0,0.1555396221991649,0.0
2022-08-25,7479.7001953125,0.0010975299889579,0.0001083333340902,0.0,150.0,0.1481305333461688,0.0
2022-08-26,7427.2998046875,-0.0070056806097441,0.0001093254013667,0.0,150.0,0.1931935744835503,0.0
2022-08-30,7361.60009765625,-0.0088457055402269,0.0001140079327992,0.0,150.0,0.3273168970403773,0.0
2022-08-31,7284.2001953125,-0.0105140052864854,0.0001134920593291,0.0,150.0,0.4453213847935487,0.0
2022-09-01,7148.5,-0.0186293884948172,0.0001136111077808,0.0,150.0,0.5265907313803722,0.0
2022-09-02,7281.2001953125,0.0185633622875427,0.0001119047592556,0.0,150.0,0.4258987569473401,0.0
2022-09-05,7287.39990234375,0.0008514677340201,0.0001119047592556,0.0,150.0,0.364084512203383,0.0
2022-09-06,7300.39990234375,0.0017839010036788,0.0001128968265321,0.0,150.0,0.2928535674019429,0.0
2022-09-07,7237.7998046875,-0.0085748861012603,0.0001163888923705,0.0,150.0,0.442827807807872,0.0
2022-09-08,7262.10009765625,0.0033574143558119,0.0001170634939557,0.0,150.0,0.3557071237995208,0.0
2022-09-09,7351.10009765625,0.0122554080504513,0.0001177777752043,0.0,150.0,0.1165481893873886,0.0
2022-09-12,7473.0,0.0165825387662201,0.0001188492018079,0.0,150.0,0.2322014756901826,0.0
2022-09-13,7385.89990234375,-0.0116553054538003,0.000125119052236,0.0,150.0,0.1017402569894607,0.0
2022-09-14,7277.2998046875,-0.0147037055866121,0.0001241269849595,0.0,150.0,0.3674815231828566,0.0
2022-09-15,7282.10009765625,0.000659625561346,0.0001228174614527,0.0,150.0,0.3367128624656417,0.0
2022-09-16,7236.7001953125,-0.0062344518387438,0.0001218253941763,0.0,150.0,0.465444483017621,0.0
2022-09-20,7192.7001953125,-0.0060801192273379,0.0001286904774014,0.0,150.0,0.5200970385003627,0.0
2022-09-21,7237.60009765625,0.0062424265052798,0.0001265873038579,0.0,150.0,0.4321571379903463,0.0
2022-09-22,7159.5,-0.0107908832489296,0.0001242063537476,0.0,150.0,0.5412241406087717,0.0
2022-09-23,7018.60009765625,-0.0196801316214469,0.0001233333349227,0.0,150.0,0.5716253715388847,0.0
2022-09-26,7021.0,0.0003419346180659,0.0001255952365814,0.0,150.0,0.5760500111001811,0.0
2022-09-27,6984.60009765625,-0.0051844327508545,0.0001289682539682,0.0,150.0,0.5777328712518722,0.0
2022-09-28,7005.39990234375,0.0029779521227677,0.0001281746039314,0.0,150.0,0.5839079226048736,0.0
2022-09-29,6881.60009765625,-0.0176720539031727,0.000127698410125,0.0,150.0,0.5778354795671591,0.0
2022-09-30,6893.7998046875,0.0017728009268374,0.0001261904788395,0.0,150.0,0.5849140360871843,0.0
2022-10-03,6908.7998046875,0.0021758682330461,0.0001250000037844,0.0,150.0,0.5901128042817453,0.0
2022-10-04,7086.5,0.0257208488212283,0.0001315476213182,0.0,150.0,0.5468202586231206,0.0
2022-10-05,7052.60009765625,-0.0047837299574895,0.0001306746024934,0.0,150.0,0.5781415695370722,0.0
2022-10-06,6997.2998046875,-0.0078411213173886,0.0001304761947147,0.0,150.0,0.6132449410853643,0.0
2022-10-07,6991.10009765625,-0.0008860142060936,0.0001306746024934,0.0,150.0,0.6089896145466142,0.0
2022-10-10,6959.2998046875,-0.004548682256661,0.0001303571462631,0.0,150.0,0.6105247765811106,0.0
2022-10-11,6885.2001953125,-0.0106475667746185,0.0001325396791337,0.0,150.0,0.6073315065595188,0.0
2022-10-12,6826.2001953125,-0.0085691045033328,0.0001401984123956,0.0,150.0,0.6002911674642977,0.0
2022-10-13,6850.2998046875,0.0035304574558989,0.0001421825374875,0.0,150.0,0.6075391689769708,0.0
2022-10-14,6858.7998046875,0.0012408216052359,0.0001439682548008,0.0,150.0,0.6118125951405754,0.0
2022-10-17,6920.2001953125,0.0089520604731803,0.0001463492049111,0.0,150.0,0.6097454214625162,0.0
2022-10-18,6936.7001953125,0.002384324085187,0.0001521031724082,0.0,150.0,0.5971747028863438,0.0
2022-10-19,6925.0,-0.0016867090955446,0.0001544841225185,0.0,150.0,0.5952901624952502,0.0
2022-10-20,6943.89990234375,0.0027292277752708,0.0001543650835279,0.0,150.0,0.5697592954251539,0.0
2022-10-21,6969.7001953125,0.0037155335375791,0.0001541666662882,0.0,150.0,0.5185754630099758,0.0
2022-10-24,7014.0,0.0063560559918049,0.0001552777820163,0.0,150.0,0.4363956856166723,0.0
2022-10-25,7013.5,-7.128599942973768e-05,0.0001573412664352,0.0,150.0,0.4210743098044253,0.0
2022-10-26,7056.10009765625,0.0060740140666215,0.0001559523836014,0.0,150.0,0.3631555451442831,0.0
2022-10-27,7073.7001953125,0.0024943095212177,0.0001559523836014,0.0,150.0,0.3404697049998431,0.0
2022-10-28,7047.7001953125,-0.0036755869321729,0.000157539683675,0.0,150.0,0.3559790753128746,0.0
2022-10-31,7094.5,0.0066404363679697,0.0001577380914536,0.0,150.0,0.3101331204009457,0.0
2022-11-01,7186.2001953125,0.0129255332035378,0.0001607142932831,0.0,150.0,0.3162241122214264,0.0
2022-11-02,7144.10009765625,-0.0058584643500068,0.0001597222260066,0.0,150.0,0.260364184937909,0.0
2022-11-03,7188.60009765625,0.0062289160834405,0.0001597222260066,0.0,150.0,0.2781161240149091,0.0
2022-11-04,7334.7998046875,0.0203377159732276,0.0001592460322001,0.0,150.0,0.357161387101065,0.0
2022-11-07,7300.0,-0.0047444791424655,0.000158055557145,0.0,150.0,0.3077439548171183,0.0
2022-11-08,7306.10009765625,0.0008356298159246,0.0001623015933566,0.0,150.0,0.2949580466563261,0.0
2022-11-09,7296.2998046875,-0.0013413849848421,0.0001624206323472,0.0,150.0,0.2684301063439033,0.0
2022-11-10,7375.2998046875,0.0108274059612032,0.0001609126916007,0.0,150.0,0.3174290116430726,0.0
2022-11-11,7318.0,-0.0077691492149352,0.0001612301667531,0.0,150.0,0.2245094601502022,0.0
2022-11-14,7385.2001953125,0.0091828635299946,0.0001614285650707,0.0,150.0,0.2815085029147526,0.0
2022-11-15,7369.39990234375,-0.0021394535761912,0.0001638888934301,0.0,150.0,0.239193446488653,0.0
2022-11-16,7351.2001953125,-0.0024696321644129,0.0001636904761904,0.0,150.0,0.190151203997023,0.0
2022-11-17,7346.5,-0.0006393779502151,0.0001632142823839,0.0,150.0,0.1759894002766756,0.0
2022-11-18,7385.5,0.0053086503777308,0.0001640873106699,0.0,150.0,0.2122310912424906,0.0
2022-11-21,7376.89990234375,-0.0011644570653646,0.0001626190495869,0.0,150.0,0.1887632283765909,0.0
2022-11-22,7452.7998046875,0.010288861628668,0.0001665872997707,0.0,150.0,0.2683703168533813,0.0
2022-11-23,7465.2001953125,0.0016638566646054,0.0001666666590978,0.0,150.0,0.2596954363635508,0.0
2022-11-24,7466.60009765625,0.0001875237511552,0.0001666666590978,0.0,150.0,0.2460576454955775,0.0
2022-11-25,7486.7001953125,0.0026920013651943,0.0001656746107434,0.0,150.0,0.2545669593628982,0.0
2022-11-28,7474.0,-0.0016963675559563,0.0001659920669737,0.0,150.0,0.2340376433859627,0.0
2022-11-29,7512.0,0.0050842922130049,0.0001687698326413,0.0,150.0,0.2575064044298518,0.0
2022-11-30,7573.10009765625,0.0081336658221844,0.0001687698326413,0.0,150.0,0.296595175299619,0.0
2022-12-01,7558.5,-0.0019278891692938,0.000166388882531,0.0,150.0,0.2677989024185934,0.0
2022-12-02,7556.2001953125,-0.0003042673397499,0.0001669841342502,0.0,150.0,0.258264148871232,0.0
2022-12-05,7567.5,0.0014954347946616,0.0001649999996972,0.0,150.0,0.2573477476487595,0.0
2022-12-06,7521.39990234375,-0.0060918530104063,0.0001674603091345,0.0,150.0,0.1944355755450992,0.0
2022-12-07,7489.2001953125,-0.0042810789812167,0.0001659920669737,0.0,150.0,0.1793451556112703,0.0
2022-12-08,7472.2001953125,-0.0022699353144065,0.0001646825434669,0.0,150.0,0.1962938521953288,0.0
2022-12-09,7476.60009765625,0.0005888362501997,0.0001655952324942,0.0,150.0,0.1815554092019202,0.0
2022-12-12,7446.0,-0.004092782448782,0.0001653968341766,0.0,150.0,0.1986504559708023,0.0
2022-12-13,7502.89990234375,0.0076416736964477,0.0001685714343237,0.0,150.0,0.1858417948109915,0.0
2022-12-14,7495.89990234375,-0.0009329725960776,0.0001674603091345,0.0,150.0,0.1662014574196467,0.0
2022-12-15,7426.2001953125,-0.009298377504942,0.0001671825325678,0.0,150.0,0.1770973212655664,0.0
2022-12-16,7332.10009765625,-0.012671365594971,0.0001651984169369,0.0,150.0,0.3452203411464474,0.0
2022-12-19,7361.2998046875,0.0039824479538383,0.0001651984169369,0.0,150.0,0.2558722295395015,0.0
2022-12-20,7370.60009765625,0.0012634036400511,0.000167857143614,0.0,150.0,0.1992413542434317,0.0
2022-12-21,7497.2998046875,0.0171898767200162,0.0001668650763375,0.0,150.0,0.1418939778897159,0.0
2022-12-22,7469.2998046875,-0.0037346779146398,0.0001669841342502,0.0,150.0,0.1127188243824572,0.0
2022-12-23,7473.0,0.0004953871727277,0.000166388882531,0.0,150.0,0.124858157941014,0.0
2022-12-28,7497.2001953125,0.0032383507711093,0.0001721428500281,0.0,150.0,0.1545651212881934,0.0
2022-12-29,7512.7001953125,0.0020674384565175,0.000170436510964,0.0,150.0,0.1422737699700011,0.0
2022-12-30,7451.7001953125,-0.008119583959714,0.0001690476281302,0.0,150.0,0.1276405308421084,0.0
2023-01-03,7554.10009765625,0.0137418172577803,0.0001688492108905,0.0,150.0,0.196999174617778,0.0
2023-01-04,7585.2001953125,0.0041169824670312,0.0001746031783875,0.0,150.0,0.2164277738938884,0.0
2023-01-05,7633.5,0.0063676374312899,0.0001784920692443,0.0,150.0,0.2506932567753272,0.0
2023-01-06,7699.5,0.0086460994301433,0.0001782936520046,0.0,150.0,0.2927467747094974,0.0
2023-01-09,7724.89990234375,0.003298902830541,0.0001778968175252,0.0,150.0,0.2981003189564986,0.0
2023-01-10,7694.5,-0.0039353134316376,0.0001811507959214,0.0,150.0,0.2558799267723634,0.0
2023-01-11,7725.0,0.0039638702969653,0.000180753961442,0.0,150.0,0.2703692457385772,0.0
2023-01-12,7794.0,0.0089320388349514,0.0001775793612949,0.0,150.0,0.3090850701556656,0.0
2023-01-13,7844.10009765625,0.0064280340847127,0.0001780952347649,0.0,150.0,0.3262600059019558,0.0
2023-01-16,7860.10009765625,0.0020397495953399,0.0001780952347649,0.0,150.0,0.3228863958233279,0.0
2023-01-17,7851.0,-0.0011577584945723,0.0001782936520046,0.0,150.0,0.3054241842573905,0.0
2023-01-18,7830.7001953125,-0.0025856330005731,0.0001797619130876,0.0,150.0,0.2810877035337547,0.0
2023-01-19,7747.2998046875,-0.0106504384722739,0.0001795634958479,0.0,150.0,0.2084795141132535,0.0
2023-01-20,7770.60009765625,0.0030075372782982,0.0001800793693179,0.0,150.0,0.2208060804810484,0.0
2023-01-23,7784.7001953125,0.0018145442409915,0.0001799603114052,0.0,150.0,0.2283227287275192,0.0
2023-01-24,7757.39990234375,-0.0035069164237292,0.0001814682521517,0.0,150.0,0.2112201959112618,0.0
2023-01-25,7744.89990234375,-0.0016113646527651,0.0001803571458846,0.0,150.0,0.2009691588256406,0.0
2023-01-26,7761.10009765625,0.0020917242981535,0.0001802777865576,0.0,150.0,0.2115322498139917,0.0
2023-01-27,7765.2001953125,0.0005282882071691,0.0001804761848752,0.0,150.0,0.2087207755507684,0.0
2023-01-30,7784.89990234375,0.0025369219769943,0.0001799603114052,0.0,150.0,0.2147854205413981,0.0
2023-01-31,7771.7001953125,-0.0016955525693113,0.0001813492131611,0.0,150.0,0.2074849521148485,0.0
2023-02-01,7761.10009765625,-0.0013639354825657,0.0001793650786081,0.0,150.0,0.2026240455845583,0.0
2023-02-02,7820.2001953125,0.0076149124367173,0.0001789682630508,0.0,150.0,0.2285356912194747,0.0
2023-02-03,7901.7998046875,0.010434465529912,0.0001794841175987,0.0,150.0,0.2806933630547287,0.0
2023-02-06,7836.7001953125,-0.0082385799417977,0.0001798809520781,0.0,150.0,0.2175829397966344,0.0
2023-02-07,7864.7001953125,0.0035729323952891,0.0001813492131611,0.0,150.0,0.2333721836042852,0.0
2023-02-08,7885.2001953125,0.00260658378462,0.0001819444459582,0.0,150.0,0.2420910369300216,0.0
2023-02-09,7911.2001953125,0.0032973164099823,0.0001830555522252,0.0,150.0,0.2554647041212303,0.0
2023-02-10,7882.5,-0.0036277928258603,0.0001839285805111,0.0,150.0,0.2292763703720077,0.0
2023-02-13,7947.60009765625,0.0082588135307644,0.0001843253960685,0.0,150.0,0.2682000009630532,0.0
2023-02-14,7953.89990234375,0.0007926675487053,0.0001849206288655,0.0,150.0,0.2644127413370037,0.0
2023-02-15,7997.7998046875,0.0055192927850165,0.0001842460367414,0.0,150.0,0.2854788058097586,0.0
2023-02-16,8012.5,0.0018380299171634,0.0001851190461052,0.0,150.0,0.2864604269387512,0.0
2023-02-17,8004.39990234375,-0.001010932624805,0.0001857142789023,0.0,150.0,0.2775170223145981,0.0
2023-02-20,8014.2998046875,0.0012368075639064,0.0001857142789023,0.0,150.0,0.2800634731584089,0.0
2023-02-21,7977.7998046875,-0.0045543591941309,0.0001860317540547,0.0,150.0,0.2511109624672946,0.0
2023-02-22,7930.60009765625,-0.0059163814819616,0.0001863095306214,0.0,150.0,0.2242709672422531,0.0
2023-02-23,7907.7001953125,-0.002887537142431,0.0001861111133817,0.0,150.0,0.2159457998878859,0.0
2023-02-24,7878.7001953125,-0.0036673115170945,0.0001866269868517,0.0,150.0,0.2123582707674245,0.0
2023-02-27,7935.10009765625,0.0071585288113014,0.0001851190461052,0.0,150.0,0.2130816877433504,0.0
2023-02-28,7876.2998046875,-0.0074101513837383,0.0001869047634185,0.0,150.0,0.1976172804086752,0.0
2023-03-01,7914.89990234375,0.004900790804494,0.0001874999962155,0.0,150.0,0.1977647950945787,0.0
2023-03-02,7944.0,0.0036766223218607,0.0001874206368885,0.0,150.0,0.2115857328606108,0.0
2023-03-03,7947.10009765625,0.0003902439144323,0.0001872222196488,0.0,150.0,0.2125153533421974,0.0
2023-03-06,7929.7998046875,-0.0021769315544235,0.0001876190541282,0.0,150.0,0.2072878463096475,0.0
2023-03-07,7919.5,-0.0012988732302436,0.0001922618964361,0.0,150.0,0.2037484399020556,0.0
2023-03-08,7929.89990234375,0.0013132018869561,0.0001937698371826,0.0,150.0,0.2093061612521572,0.0
2023-03-09,7880.0,-0.0062926270139931,0.0001923809543488,0.0,150.0,0.2034371743469577,0.0
2023-03-10,7748.39990234375,-0.0167005200071382,0.0001905952370355,0.0,150.0,0.3222930010611492,0.0
2023-03-13,7548.60009765625,-0.0257859438342958,0.0001848412695385,0.0,150.0,0.4923134531638229,0.0
2023-03-14,7637.10009765625,0.0117240281449639,0.0001857142789023,0.0,150.0,0.4177289053060725,0.0
2023-03-15,7344.5,-0.038312984498664,0.0001808730193546,0.0,150.0,0.5352156688511048,0.0
2023-03-16,7410.0,0.0089182381373817,0.0001797619130876,0.0,150.0,0.5345384969380229,0.0
2023-03-17,7335.39990234375,-0.010067489562247,0.000170357151637,0.0,150.0,0.5450034265450207,0.0
2023-03-20,7403.89990234375,0.009338277518873,0.0001771825457376,0.0,150.0,0.54076218778284,0.0
2023-03-21,7536.2001953125,0.0178690007582178,0.0001827380959949,0.0,150.0,0.4325363695253847,0.0
2023-03-22,7566.7998046875,0.0040603498556253,0.0001810714365944,0.0,150.0,0.3424477225819955,0.0
2023-03-23,7499.60009765625,-0.0088808622886548,0.0001786904675619,0.0,150.0,0.4690966726226815,0.0
2023-03-24,7405.5,-0.0125473487160545,0.0001786904675619,0.0,150.0,0.5406960899674437,0.0
2023-03-27,7471.7998046875,0.008952778973398,0.0001818650866311,0.0,150.0,0.4736672213787429,0.0
2023-03-28,7484.2998046875,0.0016729570286611,0.0001836507850223,0.0,150.0,0.4436533227759369,0.0
2023-03-29,7564.2998046875,0.0106890426743588,0.0001837301632714,0.0,150.0,0.2465731518924202,0.0
2023-03-30,7620.39990234375,0.0074164296900931,0.0001851190461052,0.0,150.0,0.197093485124624,0.0
2023-03-31,7631.7001953125,0.0014829002563598,0.0001819444459582,0.0,150.0,0.1734978237729711,0.0
2023-04-03,7673.0,0.0054116125673893,0.0001813492131611,0.0,150.0,0.1864948380925987,0.0
2023-04-04,7634.5,-0.0050175941613449,0.0001876190541282,0.0,150.0,0.1341727971974047,0.0
2023-04-05,7662.89990234375,0.0037199426738816,0.0001867063461788,0.0,150.0,0.1328254518113863,0.0
2023-04-06,7741.60009765625,0.0102702888352266,0.0001869047634185,0.0,150.0,0.2155951287193811,0.0
2023-04-11,7785.7001953125,0.0056965093908172,0.000193650798192,0.0,150.0,0.2455250833109317,0.0
2023-04-12,7824.7998046875,0.0050219772652613,0.0001928571481553,0.0,150.0,0.2623079869854928,0.0
2023-04-13,7843.39990234375,0.002377070100261,0.0001926587309156,0.0,150.0,0.2614032742873691,0.0
2023-04-14,7871.89990234375,0.0036336283186941,0.0001945634872194,0.0,150.0,0.2660661102724371,0.0
2023-04-17,7879.5,0.0009654718366003,0.0001953571372561,0.0,150.0,0.2493375509227411,0.0
2023-04-18,7909.39990234375,0.003794644627673,0.0001996031829289,0.0,150.0,0.2625341637573286,0.0
2023-04-19,7898.7998046875,-0.0013401898737107,0.0001982142811729,0.0,150.0,0.236739769307126,0.0
2023-04-20,7902.60009765625,0.0004811228367245,0.0001962301655421,0.0,150.0,0.2399664047660545,0.0
2023-04-21,7914.10009765625,0.0014552172522825,0.0001964285638597,0.0,150.0,0.2370709937165907,0.0
2023-04-24,7912.2001953125,-0.0002400654932722,0.0001933730216253,0.0,150.0,0.2292127560661555,0.0
2023-04-25,7891.10009765625,-0.002666780053006,0.0001965476217724,0.0,150.0,0.2041844968787398,0.0
2023-04-26,7852.60009765625,-0.0048789141594383,0.0001978174656156,0.0,150.0,0.1673157065663206,0.0
2023-04-27,7831.60009765625,-0.0026742734557777,0.0001984126984126,0.0,150.0,0.1507991206185636,0.0
2023-04-28,7870.60009765625,0.0049798252609543,0.0001953571372561,0.0,150.0,0.1836342670718544,0.0
2023-05-02,7773.0,-0.0124005916251943,0.0001999999984862,0.0,150.0,0.1751932335424935,0.0
2023-05-03,7788.39990234375,0.0019812044697993,0.0002021825313568,0.0,150.0,0.1503012414065434,0.0
2023-05-04,7702.60009765625,-0.011016358400097,0.0002005952312832,0.0,150.0,0.2863753545814234,0.0
2023-05-05,7778.39990234375,0.0098408074840292,0.0002015872985597,0.0,150.0,0.118945738075884,0.0
2023-05-09,7764.10009765625,-0.0018383992681054,0.0002032936565459,0.0,150.0,0.1315272491737847,0.0
2023-05-10,7741.2998046875,-0.0029366304764196,0.0002009920657627,0.0,150.0,0.1603310287877366,0.0
2023-05-11,7730.60009765625,-0.0013821589786215,0.0001990079312097,0.0,150.0,0.1739021994916494,0.0
2023-05-12,7754.60009765625,0.0031045455329239,0.0001995238046797,0.0,150.0,0.1313671305111271,0.0
2023-05-15,7777.7001953125,0.0029788896094373,0.0001984126984126,0.0,150.0,0.1162501278566617,0.0
2023-05-16,7751.10009765625,-0.0034200466703874,0.0002007142891959,0.0,150.0,0.1481527257354301,0.0
2023-05-17,7723.2001953125,-0.0035994764604041,0.00020190475479,0.0,150.0,0.2011991228420185,0.0
2023-05-18,7742.2998046875,0.0024730175176077,0.000203373015873,0.0,150.0,0.1785197127309567,0.0
2023-05-19,7756.89990234375,0.001885757207104,0.0002017857157994,0.0,150.0,0.1795158021232431,0.0
2023-05-22,7771.0,0.0018177490793698,0.0002021825313568,0.0,150.0,0.166255180279668,0.0
2023-05-23,7763.0,-0.0010294685368678,0.00020448412214,0.0,150.0,0.1889586552115922,0.0
2023-05-24,7627.10009765625,-0.0175061061888123,0.0002057539659833,0.0,150.0,0.3949006738021246,0.0
2023-05-25,7570.89990234375,-0.0073684879695979,0.0002048809566195,0.0,150.0,0.4571790050195459,0.0
2023-05-26,7627.2001953125,0.0074364069918981,0.0002029761813935,0.0,150.0,0.353152141594463,0.0
2023-05-30,7522.10009765625,-0.0137796432458717,0.0002040873065827,0.0,150.0,0.4889333622889188,0.0
2023-05-31,7446.10009765625,-0.0101035613742603,0.0002082539740062,0.0,150.0,0.527105998137715,0.0
2023-06-01,7490.2998046875,0.0059359539156829,0.000206468256693,0.0,150.0,0.5016522399021506,0.0
2023-06-02,7607.2998046875,0.0156202025353886,0.0002069444504995,0.0,150.0,0.2922585070848345,0.0
2023-06-05,7600.0,-0.000959578940612,0.0002040873065827,0.0,150.0,0.3299539338359098,0.0
2023-06-06,7628.10009765625,0.0036973812705591,0.0002046825393797,0.0,150.0,0.2184220107886891,0.0
2023-06-07,7624.2998046875,-0.0004981965260153,0.00020448412214,0.0,150.0,0.2167203570583892,0.0
2023-06-08,7599.7001953125,-0.0032264745622773,0.0002023809485965,0.0,150.0,0.286021222624199,0.0
2023-06-09,7562.39990234375,-0.0049081269010792,0.0002021825313568,0.0,150.0,0.3744477627686199,0.0
2023-06-12,7570.7001953125,0.0010975739283738,0.0002021825313568,0.0,150.0,0.3551625798989533,0.0
2023-06-13,7594.7998046875,0.0031832735088257,0.0002023809485965,0.0,150.0,0.282460699689286,0.0
2023-06-14,7602.7001953125,0.0010402368499724,0.0002015872985597,0.0,150.0,0.2734436952437426,0.0
2023-06-15,7628.2998046875,0.0033671733354398,0.0002005952312832,0.0,150.0,0.200384124154516,0.0
2023-06-16,7642.7001953125,0.0018877588707448,0.0002009920657627,0.0,150.0,0.2164614851086699,0.0
2023-06-19,7588.5,-0.0070917599706112,0.0002009920657627,0.0,150.0,0.3184296778486673,0.0
2023-06-20,7569.2998046875,-0.0025301700352506,0.00020138888132,0.0,150.0,0.3703192592825081,0.0
2023-06-21,7559.2001953125,-0.0013342858171301,0.0002037698503524,0.0,150.0,0.3628076746318125,0.0
2023-06-22,7502.0,-0.007566963942557,0.0002037698503524,0.0,150.0,0.4384716705863303,0.0
2023-06-23,7461.89990234375,-0.005345254286357,0.000203888889343,0.0,150.0,0.4735380721731935,0.0
2023-06-26,7453.60009765625,-0.00111229107816,0.0002045635003892,0.0,150.0,0.4663955932660797,0.0
2023-06-27,7461.5,0.0010598774069237,0.0002055555487435,0.0,150.0,0.4472445650361359,0.0
2023-06-28,7500.5,0.0052268310661394,0.0002051587331862,0.0,150.0,0.3781835834346426,0.0
2023-06-29,7471.7001953125,-0.0038397179771348,0.0002053571504259,0.0,150.0,0.4208781931947255,0.0
2023-06-30,7531.5,0.0080035069829242,0.00020448412214,0.0,150.0,0.3082443018749198,0.0
2023-07-03,7527.2998046875,-0.0005576837698333,0.0002041666659097,0.0,150.0,0.3246622122292668,0.0
2023-07-04,7519.7001953125,-0.0010096063093258,0.0002041666659097,0.0,150.0,0.3596425438036841,0.0
2023-07-05,7442.10009765625,-0.0103195733394561,0.0002060714222135,0.0,150.0,0.4658856479598368,0.0
2023-07-06,7280.5,-0.0217143139081322,0.0002068650722503,0.0,150.0,0.5464405743802773,0.0
2023-07-07,7256.89990234375,-0.0032415490222168,0.0002068650722503,0.0,150.0,0.5472913197709253,0.0
2023-07-10,7273.7998046875,0.0023288046646876,0.0002073412660568,0.0,150.0,0.5424261087736787,0.0
2023-07-11,7282.5,0.0011961004627722,0.0002080555567665,0.0,150.0,0.5342133217436275,0.0
2023-07-12,7416.10009765625,0.0183453618477513,0.0002075396832965,0.0,150.0,0.4305291177629696,0.0
2023-07-13,7440.2001953125,0.0032496996182489,0.0002072619067298,0.0,150.0,0.3765024459968258,0.0
2023-07-14,7434.60009765625,-0.0007526810447624,0.0002069444504995,0.0,150.0,0.3894952808406412,0.0
2023-07-17,7406.39990234375,-0.0037931018403249,0.0002076587222871,0.0,150.0,0.4344422369586216,0.0
2023-07-18,7453.7001953125,0.0063864081864903,0.0002082539740062,0.0,150.0,0.3339168299485237,0.0
2023-07-19,7588.2001953125,0.0180447289903857,0.0002081349160936,0.0,150.0,0.2897209907799505,0.0
2023-07-20,7646.10009765625,0.0076302549818751,0.0002080555567665,0.0,150.0,0.2991030669626295,0.0
2023-07-21,7663.7001953125,0.0023018398178757,0.0002082539740062,0.0,150.0,0.2837419084725575,0.0
2023-07-24,7678.60009765625,0.0019442178013258,0.0002083333333333,0.0,150.0,0.2697424774889063,0.0
2023-07-25,7691.7998046875,0.0017190251951366,0.0002089285661303,0.0,150.0,0.255273499588017,0.0
2023-07-26,7676.89990234375,-0.0019371152034755,0.000209047624043,0.0,150.0,0.2162586003125708,0.0
2023-07-27,7692.7998046875,0.0020711358160208,0.000209047624043,0.0,150.0,0.2142917227719658,0.0
2023-07-28,7694.2998046875,0.0001949875257492,0.000208531750573,0.0,150.0,0.1939115173615331,0.0
2023-07-31,7699.39990234375,0.000662841036314,0.0002082539740062,0.0,150.0,0.1858942410207371,0.0
2023-08-01,7666.2998046875,-0.0042990490266876,0.0002087301678127,0.0,150.0,0.1369563463462018,0.0
2023-08-02,7561.60009765625,-0.0136571370411618,0.0002087301678127,0.0,150.0,0.2113052579971165,0.0
2023-08-03,7529.2001953125,-0.0042847944780619,0.0002086507895636,0.0,150.0,0.277214991993134,0.0
2023-08-04,7564.39990234375,0.0046750924557916,0.0002084523723238,0.0,150.0,0.1793343178822246,0.0
2023-08-07,7554.5,-0.0013087492030507,0.0002087301678127,0.0,150.0,0.2051854772805095,0.0
2023-08-08,7527.39990234375,-0.0035872787949235,0.0002093254006098,0.0,150.0,0.2570609407816132,0.0
2023-08-09,7587.2998046875,0.0079575820496928,0.0002095238178495,0.0,150.0,0.1596214127329253,0.0
2023-08-10,7618.60009765625,0.0041253533898071,0.000209047624043,0.0,150.0,0.1729652029774491,0.0
2023-08-11,7524.2001953125,-0.0123907149783055,0.0002089285661303,0.0,150.0,0.2578187859652922,0.0
2023-08-14,7507.2001953125,-0.0022593763534615,0.00020912698337,0.0,150.0,0.286829518150298,0.0
2023-08-15,7389.60009765625,-0.0156649742376231,0.0002095238178495,0.0,150.0,0.475679416616988,0.0
2023-08-16,7356.89990234375,-0.0044251644040753,0.0002097222161671,0.0,150.0,0.4936737361753598,0.0
2023-08-17,7310.2001953125,-0.0063477426159315,0.0002094444396003,0.0,150.0,0.5161871253829475,0.0
2023-08-18,7262.39990234375,-0.0065388486897254,0.0002094444396003,0.0,150.0,0.5278512107109556,0.0
2023-08-21,7257.7998046875,-0.0006334128825328,0.0002095238178495,0.0,150.0,0.5263383784661889,0.0
2023-08-22,7270.7998046875,0.0017911764377414,0.0002101190506465,0.0,150.0,0.5181205792195068,0.0
2023-08-23,7320.5,0.0068355884699862,0.0002101190506465,0.0,150.0,0.4793170786345222,0.0
2023-08-24,7333.60009765625,0.0017895085931629,0.0002104365068768,0.0,150.0,0.4600432089205025,0.0
2023-08-25,7338.60009765625,0.0006817933802523,0.0002109127006833,0.0,150.0,0.4514887861818967,0.0
2023-08-29,7465.0,0.0172239801408606,0.000211111117923,0.0,150.0,0.2700290685653708,0.0
2023-08-30,7473.7001953125,0.0011654648777628,0.0002109127006833,0.0,150.0,0.2780090576158377,0.0
2023-08-31,7439.10009765625,-0.0046295806296794,0.0002102380896371,0.0,150.0,0.3431347646224762,0.0
2023-09-01,7464.5,0.0034143783536064,0.000209047624043,0.0,150.0,0.3104968045842347,0.0
2023-09-04,7452.7998046875,-0.0015674452826712,0.000209047624043,0.0,150.0,0.3482449837040924,0.0
2023-09-05,7437.89990234375,-0.0019992355536476,0.0002094444396003,0.0,150.0,0.350351169869098,0.0
2023-09-06,7426.10009765625,-0.0015864430608674,0.0002103174678863,0.0,150.0,0.3383721250088841,0.0
2023-09-07,7441.7001953125,0.0021007120091436,0.0002096428568401,0.0,150.0,0.2942361345114063,0.0
2023-09-08,7478.2001953125,0.0049047931308749,0.0002100396913195,0.0,150.0,0.2277415628493165,0.0
2023-09-11,7496.89990234375,0.0025005625074026,0.0002100396913195,0.0,150.0,0.2281250163687732,0.0
2023-09-12,7527.5,0.0040817001767201,0.0002105158662039,0.0,150.0,0.2214259012395278,0.0
2023-09-13,7526.0,-0.0001992693457323,0.0002105158662039,0.0,150.0,0.2125743113067622,0.0
2023-09-14,7673.10009765625,0.0195455883146757,0.0002101190506465,0.0,150.0,0.2946607354332516,0.0
2023-09-15,7711.39990234375,0.0049914381671103,0.0002102380896371,0.0,150.0,0.3039881657978452,0.0
2023-09-18,7652.89990234375,-0.0075861712193423,0.0002103174678863,0.0,150.0,0.2282699023452659,0.0
2023-09-19,7660.2001953125,0.0009539250561103,0.0002107142834436,0.0,150.0,0.2207954684595904,0.0
2023-09-20,7731.7001953125,0.0093339597108379,0.0002109127006833,0.0,150.0,0.2685718500444114,0.0
2023-09-21,7678.60009765625,-0.0068678423005127,0.0002105158662039,0.0,150.0,0.2032011463145639,0.0
2023-09-22,7683.89990234375,0.000690204545112,0.0002105158662039,0.0,150.0,0.2001052469222498,0.0
2023-09-25,7624.0,-0.0077955078937818,0.0002108333413563,0.0,150.0,0.1520323803192149,0.0
2023-09-26,7625.7001953125,0.000223005681073,0.0002113095162406,0.0,150.0,0.1527500909341855,0.0
2023-09-27,7593.2001953125,-0.004261903716065,0.0002115079334803,0.0,150.0,0.1903466556443941,0.0
2023-09-28,7601.89990234375,0.0011457233850651,0.0002106349241165,0.0,150.0,0.1494225671360614,0.0
2023-09-29,7608.10009765625,0.0008156112803574,0.0002103174678863,0.0,150.0,0.1827089195841592,0.0
2023-10-02,7510.7001953125,-0.0128021320820628,0.0002109127006833,0.0,150.0,0.3425504362880531,0.0
2023-10-03,7470.2001953125,-0.0053923068351572,0.0002119047679598,0.0,150.0,0.4134730099188951,0.0
2023-10-04,7412.5,-0.0077240493967895,0.0002117063507201,0.0,150.0,0.4714220778440948,0.0
2023-10-05,7451.5,0.0052613827993255,0.0002113095162406,0.0,150.0,0.4158926265869298,0.0
2023-10-06,7494.60009765625,0.0057840834269946,0.0002122222241901,0.0,150.0,0.3030074043509069,0.0
2023-10-09,7492.2001953125,-0.0003202175316199,0.0002122222241901,0.0,150.0,0.3161731845800409,0.0
2023-10-10,7628.2001953125,0.0181522111602261,0.0002112301569136,0.0,150.0,0.2099171144132492,0.0
2023-10-11,7620.0,-0.0010749842823395,0.0002117063507201,0.0,150.0,0.2086141082464644,0.0
2023-10-12,7644.7998046875,0.0032545675442914,0.0002117063507201,0.0,150.0,0.2243048158276171,0.0
2023-10-13,7599.60009765625,-0.0059124775253807,0.0002114285741533,0.0,150.0,0.2375512613047648,0.0
2023-10-16,7630.60009765625,0.004079162008743,0.0002114285741533,0.0,150.0,0.2151833512819821,0.0
2023-10-17,7675.2001953125,0.0058449004122165,0.0002119047679598,0.0,150.0,0.2095500290529367,0.0
2023-10-18,7588.0,-0.0113612926169347,0.0002115079334803,0.0,150.0,0.2189744647575127,0.0
2023-10-19,7499.5,-0.0116631523458091,0.0002107142834436,0.0,150.0,0.3798200902441253,0.0
2023-10-20,7402.10009765625,-0.0129875194804653,0.0002103174678863,0.0,150.0,0.4948803338578081,0.0
2023-10-23,7374.7998046875,-0.0036881820846214,0.0002100396913195,0.0,150.0,0.5015957356622368,0.0
2023-10-24,7389.7001953125,0.0020204467944375,0.0002106349241165,0.0,150.0,0.4744366795561661,0.0
2023-10-25,7414.2998046875,0.0033289049250744,0.0002109127006833,0.0,150.0,0.4245067121893134,0.0
2023-10-26,7354.60009765625,-0.0080519683050186,0.0002103174678863,0.0,150.0,0.4902138296118573,0.0
2023-10-27,7291.2998046875,-0.0086068980132478,0.0002105158662039,0.0,150.0,0.5243503555050113,0.0
2023-10-30,7327.39990234375,0.0049511196389211,0.0002108333413563,0.0,150.0,0.5006921708656101,0.0
2023-10-31,7321.7001953125,-0.0007778621485401,0.000211111117923,0.0,150.0,0.5002830047263911,0.0
2023-11-01,7342.39990234375,0.0028271721702701,0.0002103174678863,0.0,150.0,0.4756500488810496,0.0
2023-11-02,7446.5,0.0141779389628478,0.00020912698337,0.0,150.0,0.3370520228864864,0.0
2023-11-03,7417.7001953125,-0.0038675625713422,0.0002084523723238,0.0,150.0,0.383734221908308,0.0
2023-11-06,7417.7998046875,1.3428606222554151e-05,0.0002087301678127,0.0,150.0,0.3873073913602001,0.0
2023-11-07,7410.0,-0.0010514984082707,0.0002092460223606,0.0,150.0,0.3956212764736453,0.0
2023-11-08,7401.7001953125,-0.001120081604251,0.000209047624043,0.0,150.0,0.4081909654882801,0.0
2023-11-09,7455.7001953125,0.0072956210836798,0.0002088492068033,0.0,150.0,0.3197025777811819,0.0
2023-11-10,7360.60009765625,-0.0127553543148154,0.0002083333333333,0.0,150.0,0.4494206400534767,0.0
2023-11-13,7425.7998046875,0.0088579336149521,0.0002087301678127,0.0,150.0,0.3260537731642591,0.0
2023-11-14,7440.5,0.001979611045159,0.0002084523723238,0.0,150.0,0.2886748420570029,0.0
2023-11-15,7486.89990234375,0.0062361269193937,0.000208531750573,0.0,150.0,0.2531193775985044,0.0
2023-11-16,7411.0,-0.0101376942838503,0.0002080555567665,0.0,150.0,0.3620490606911188,0.0
2023-11-17,7504.2998046875,0.0125893677894346,0.0002076587222871,0.0,150.0,0.2467142754374253,0.0
2023-11-20,7496.39990234375,-0.0010527167822926,0.0002078571395268,0.0,150.0,0.2268410482907987,0.0
2023-11-21,7482.0,-0.001920909040518,0.000208531750573,0.0,150.0,0.2187470868631035,0.0
2023-11-22,7469.5,-0.0016706762897621,0.0002089285661303,0.0,150.0,0.2340057008627223,0.0
2023-11-23,7483.60009765625,0.0018876896253094,0.0002089285661303,0.0,150.0,0.2112805372092091,0.0
2023-11-24,7488.2001953125,0.0006146904693224,0.0002084523723238,0.0,150.0,0.2022503436007588,0.0
2023-11-27,7460.7001953125,-0.0036724445504561,0.0002086507895636,0.0,150.0,0.2321941609035318,0.0
2023-11-28,7455.2001953125,-0.0007371962223405,0.0002087301678127,0.0,150.0,0.234376603311324,0.0
2023-11-29,7423.5,-0.0042520917590425,0.0002079364988538,0.0,150.0,0.2868316816072523,0.0
2023-11-30,7453.7998046875,0.0040816063430322,0.0002078571395268,0.0,150.0,0.2347783801059689,0.0
2023-12-01,7529.39990234375,0.0101424910297036,0.0002069444504995,0.0,150.0,0.1907005600660489,0.0
2023-12-04,7513.0,-0.0021781154615847,0.0002072619067298,0.0,150.0,0.1841897795666285,0.0
2023-12-05,7489.7998046875,-0.0030880068298283,0.0002080555567665,0.0,150.0,0.1916931792961402,0.0
2023-12-06,7515.39990234375,0.0034179949162631,0.0002080555567665,0.0,150.0,0.1828670365838389,0.0
2023-12-07,7513.7001953125,-0.0002261632186358,0.0002076587222871,0.0,150.0,0.190333591344223,0.0
2023-12-08,7554.5,0.0054300549166113,0.0002076587222871,0.0,150.0,0.1925098049506628,0.0
2023-12-11,7544.89990234375,-0.0012707786956449,0.0002076587222871,0.0,150.0,0.1967241024600018,0.0
2023-12-12,7542.7998046875,-0.0002783466558115,0.0002082539740062,0.0,150.0,0.1881425190979299,0.0
2023-12-13,7548.39990234375,0.0007424428330671,0.0002072619067298,0.0,150.0,0.2019315538569241,0.0
2023-12-14,7649.0,0.0133273407553584,0.0002069444504995,0.0,150.0,0.2456913280884358,0.0
2023-12-15,7576.39990234375,-0.0094914495563145,0.0002073412660568,0.0,150.0,0.1810032164673203,0.0
2023-12-18,7614.5,0.0050287865143527,0.0002073412660568,0.0,150.0,0.1837556165325684,0.0
2023-12-19,7638.0,0.003086217085823,0.0002078571395268,0.0,150.0,0.1896545672128831,0.0
2023-12-20,7715.7001953125,0.0101728456811338,0.0002075396832965,0.0,150.0,0.2539072241349352,0.0
2023-12-21,7694.7001953125,-0.0027217231707316,0.0002067460332598,0.0,150.0,0.2159860293246745,0.0
2023-12-22,7697.5,0.0003638614392287,0.0002066666739327,0.0,150.0,0.2069104709354393,0.0
2023-12-27,7725.0,0.0035725885027606,0.0002077381005362,0.0,150.0,0.2233812958251229,0.0
2023-12-28,7722.7001953125,-0.0002977093446602,0.00020706348949,0.0,150.0,0.2133431143300659,0.0
2023-12-29,7733.2001953125,0.0013596280749541,0.0002055555487435,0.0,150.0,0.2153944352456407,0.0
2024-01-02,7721.5,-0.0015129823381,0.0002068650722503,0.0,10.0,0.0564058233659887,0.0
2024-01-03,7682.2998046875,-0.0050767590898789,0.0002077381005362,0.0,10.0,0.0493638989111306,0.0
2024-01-04,7723.10009765625,0.0053109477638264,0.0002074603239695,0.0,10.0,0.0500005539678276,0.0
2024-01-05,7689.60009765625,-0.0043376363864773,0.0002071428488171,0.0,10.0,0.0452311639392373,0.0
2024-01-08,7694.2001953125,0.0005982232623062,0.0002071428488171,0.0,10.0,0.0508004423715665,0.0
2024-01-09,7684.0,-0.0013256992349528,0.0002075396832965,0.0,10.0,0.0519854868212388,0.0
2024-01-10,7651.7998046875,-0.0041905511859058,0.0002073412660568,0.0,10.0,0.0651493293064838,0.0
2024-01-11,7576.60009765625,-0.0098277149103119,0.00020706348949,0.0,10.0,0.1399814741792084,0.0
2024-01-12,7624.89990234375,0.006374865251558,0.0002062698394533,0.0,10.0,0.0732797866767821,0.0
2024-01-15,7594.89990234375,-0.0039344778796084,0.0002062698394533,0.0,10.0,0.1062736235022494,0.0
2024-01-16,7558.2998046875,-0.0048190362120448,0.000206468256693,0.0,10.0,0.1524096338438168,0.0
2024-01-17,7446.2998046875,-0.0148181473207161,0.0002069444504995,0.0,10.0,0.354197145336708,0.0
2024-01-18,7459.10009765625,0.0017190139135536,0.0002063491987803,0.0,10.0,0.2938354046124311,0.0
2024-01-19,7461.89990234375,0.0003753542184505,0.0002062698394533,0.0,10.0,0.2763001613197475,0.0
2024-01-22,7487.7001953125,0.0034576037344919,0.0002063491987803,0.0,10.0,0.202073915270275,0.0
2024-01-23,7485.7001953125,-0.0002671047114375,0.0002067460332598,0.0,10.0,0.2014970968697986,0.0
2024-01-24,7527.7001953125,0.005610697583948,0.0002067460332598,0.0,10.0,0.1171773462965815,0.0
2024-01-25,7529.7001953125,0.0002656853950222,0.0002061508004627,0.0,10.0,0.1126971388535023,0.0
2024-01-26,7635.10009765625,0.0139978883102629,0.0002063491987803,0.0,10.0,0.0517324430125578,0.0
2024-01-29,7632.7001953125,-0.0003143249352404,0.0002063491987803,0.0,10.0,0.0574004679943916,0.0
2024-01-30,7666.2998046875,0.0044020606751506,0.000206468256693,0.0,10.0,0.0578499314509227,0.0
2024-01-31,7630.60009765625,-0.0046567063564905,0.0002058730238959,0.0,10.0,0.0663337105521133,0.0
2024-02-01,7622.2001953125,-0.0011008180531345,0.0002063491987803,0.0,10.0,0.0802171545233872,0.0
2024-02-02,7615.5,-0.0008790369107098,0.0002067460332598,0.0,10.0,0.1023831529016759,0.0
2024-02-05,7612.89990234375,-0.0003414217919046,0.0002074603239695,0.0,10.0,0.1183585397902828,0.0
2024-02-06,7681.0,0.0089453557159322,0.0002072619067298,0.0,10.0,0.0830021408382631,0.0
2024-02-07,7628.7998046875,-0.0067960155334592,0.0002072619067298,0.0,10.0,0.1074712298120183,0.0
2024-02-08,7595.5,-0.0043650122614358,0.00020706348949,0.0,10.0,0.1522831960586014,0.0
2024-02-09,7572.60009765625,-0.0030149302012705,0.0002071428488171,0.0,10.0,0.1790636957619784,0.0
2024-02-12,7573.7001953125,0.0001452734387215,0.0002074603239695,0.0,10.0,0.1684513905191997,0.0
2024-02-13,7512.2998046875,-0.008107053229147,0.0002076587222871,0.0,10.0,0.2535211697450589,0.0
2024-02-14,7568.39990234375,0.0074677660789368,0.00020706348949,0.0,10.0,0.155714304109105,0.0
2024-02-15,7597.5,0.0038449471528636,0.00020706348949,0.0,10.0,0.1174359661301756,0.0
2024-02-16,7711.7001953125,0.0150312859904573,0.0002072619067298,0.0,10.0,0.0863539899016468,0.0
2024-02-19,7728.5,0.0021784825994288,0.0002072619067298,0.0,10.0,0.0781454588758788,0.0
2024-02-20,7719.2001953125,-0.0012033130216083,0.0002068650722503,0.0,10.0,0.0743236949823238,0.0
2024-02-21,7662.5,-0.0073453458749432,0.0002077381005362,0.0,10.0,0.0746564842796617,0.0
2024-02-22,7684.5,0.0028711256117455,0.0002076587222871,0.0,10.0,0.0671300815346747,0.0
2024-02-23,7706.2998046875,0.0028368540162013,0.0002079364988538,0.0,10.0,0.060800391138237,0.0
2024-02-26,7684.2998046875,-0.0028548071782281,0.0002083333333333,0.0,10.0,0.0682368110679336,0.0
2024-02-27,7683.0,-0.000169150699548,0.0002081349160936,0.0,10.0,0.071913025762768,0.0
2024-02-28,7625.0,-0.0075491344526877,0.0002079364988538,0.0,10.0,0.1171236196612668,0.0
2024-02-29,7630.0,0.0006557377049181,0.0002072619067298,0.0,10.0,0.1286588605543881,0.0
2024-03-01,7682.5,0.0068807339449541,0.0002069444504995,0.0,10.0,0.0843951121701476,0.0
2024-03-04,7640.2998046875,-0.0054930290026032,0.0002072619067298,0.0,10.0,0.1118816954349036,0.0
2024-03-05,7646.2001953125,0.0007722721327478,0.0002073412660568,0.0,10.0,0.093849929212151,0.0
2024-03-06,7679.2998046875,0.0043288965145447,0.0002075396832965,0.0,10.0,0.0761616310176471,0.0
2024-03-07,7692.5,0.0017189321485329,0.0002074603239695,0.0,10.0,0.0716296714286334,0.0
2024-03-08,7659.7001953125,-0.0042638680126746,0.0002074603239695,0.0,10.0,0.0883023848077815,0.0
2024-03-11,7669.2001953125,0.0012402574197112,0.0002079364988538,0.0,10.0,0.0775041761539972,0.0
2024-03-12,7747.7998046875,0.0102487361619587,0.0002079364988538,0.0,10.0,0.0648679858705612,0.0
2024-03-13,7772.2001953125,0.0031493315831725,0.0002078571395268,0.0,10.0,0.069243994337373,0.0
2024-03-14,7743.2001953125,-0.0037312471721315,0.0002078571395268,0.0,10.0,0.059285249494941,0.0
2024-03-15,7727.39990234375,-0.0020405378358052,0.0002078571395268,0.0,10.0,0.0658906553238825,0.0
2024-03-18,7722.60009765625,-0.0006211409721456,0.0002078571395268,0.0,10.0,0.0767378583852863,0.0
2024-03-19,7738.2998046875,0.0020329561071037,0.0002078571395268,0.0,10.0,0.067758508462024,0.0
2024-03-20,7737.39990234375,-0.0001162919977855,0.0002074603239695,0.0,10.0,0.0696973255798929,0.0
2024-03-21,7882.60009765625,0.0187660192241734,0.0002074603239695,0.0,10.0,0.099238708341689,0.0
2024-03-22,7930.89990234375,0.0061273950332532,0.0002071428488171,0.0,10.0,0.113461382923108,0.0
2024-03-25,7917.60009765625,-0.0016769603514438,0.00020706348949,0.0,10.0,0.0962672808379356,0.0
2024-03-26,7931.0,0.0016924196951695,0.00020706348949,0.0,10.0,0.0970890505531271,0.0
2024-03-27,7932.0,0.0001260875047282,0.0002069444504995,0.0,10.0,0.0945993412441345,0.0
2024-03-28,7952.60009765625,0.0025970874503593,0.000206468256693,0.0,10.0,0.0963841743154083,0.0
2024-04-02,7935.10009765625,-0.0022005381617462,0.0002068650722503,0.0,10.0,0.0797543885502608,0.0
2024-04-03,7937.39990234375,0.0002898268023334,0.0002067460332598,0.0,10.0,0.0817298771199171,0.0
2024-04-04,7975.89990234375,0.0048504548685561,0.000206468256693,0.0,10.0,0.0940274606653708,0.0
2024-04-05,7911.2001953125,-0.0081119005784209,0.0002069444504995,0.0,10.0,0.0539460100117352,0.0
2024-04-08,7943.5,0.0040827945052683,0.0002072619067298,0.0,10.0,0.0642306249938995,0.0
2024-04-09,7934.7998046875,-0.0010952596855919,0.0002071428488171,0.0,10.0,0.0592088595598807,0.0
2024-04-10,7961.2001953125,0.0033271653066033,0.0002080555567665,0.0,10.0,0.0654691491769014,0.0
2024-04-11,7923.7998046875,-0.0046978332044734,0.0002078571395268,0.0,10.0,0.0549895545277216,0.0
2024-04-12,7995.60009765625,0.0090613461645352,0.0002075396832965,0.0,10.0,0.0694422474632959,0.0
2024-04-15,7965.5,-0.0037645826815517,0.0002078571395268,0.0,10.0,0.0570497730487257,0.0
2024-04-16,7820.39990234375,-0.0182160690046137,0.0002076587222871,0.0,10.0,0.0913004182388865,0.0
2024-04-17,7848.0,0.0035292437728124,0.0002079364988538,0.0,10.0,0.0615322046720759,0.0
2024-04-18,7877.10009765625,0.0037079635137933,0.0002080555567665,0.0,10.0,0.0451160676276512,0.0
2024-04-19,7895.89990234375,0.0023866403186998,0.0002081349160936,0.0,10.0,0.0406380021133578,0.0
2024-04-22,8023.89990234375,0.0162109451212781,0.0002081349160936,0.0,10.0,0.0706696726492761,0.0
2024-04-23,8044.7998046875,0.0026047062647984,0.0002081349160936,0.0,10.0,0.0731334208482237,0.0
2024-04-24,8040.39990234375,-0.0005469250261748,0.000208531750573,0.0,10.0,0.0638527398528081,0.0
2024-04-25,8078.89990234375,0.0047883190472624,0.0002081349160936,0.0,10.0,0.0765915972580119,0.0
2024-04-26,8139.7998046875,0.0075381429501413,0.0002078571395268,0.0,10.0,0.1008947473960362,0.0
2024-04-29,8147.0,0.0008845666337338,0.0002080555567665,0.0,10.0,0.0950983976665461,0.0
2024-04-30,8144.10009765625,-0.0003559472620289,0.0002081349160936,0.0,10.0,0.0882594791530377,0.0
2024-05-01,8121.2001953125,-0.002811839499657,0.0002083333333333,0.0,10.0,0.0775057042226433,0.0
2024-05-02,8172.2001953125,0.0062798599681654,0.0002078571395268,0.0,10.0,0.0901255493832265,0.0
2024-05-03,8213.5,0.005053694684473,0.0002077381005362,0.0,10.0,0.1028939108568881,0.0
2024-05-07,8313.7001953125,0.0121994515508006,0.0002080555567665,0.0,10.0,0.1415124481549322,0.0
2024-05-08,8354.099609375,0.0048593782688095,0.0002081349160936,0.0,10.0,0.149297639481371,0.0
2024-05-09,8381.400390625,0.0032679501713581,0.0002079364988538,0.0,10.0,0.150908822792319,0.0
2024-05-10,8433.7998046875,0.0062518686162651,0.0002080555567665,0.0,10.0,0.1632473755825641,0.0
2024-05-13,8415.0,-0.0022291025543493,0.0002079364988538,0.0,10.0,0.1434365055792866,0.0
2024-05-14,8428.099609375,0.0015566974896019,0.0002077381005362,0.0,10.0,0.1409126172333646,0.0
2024-05-15,8445.7998046875,0.0021001407354999,0.0002079364988538,0.0,10.0,0.1410960543569021,0.0
2024-05-16,8438.7001953125,-0.0008406082951504,0.0002080555567665,0.0,10.0,0.1312851153532913,0.0
2024-05-17,8420.2998046875,-0.0021804768742964,0.0002079364988538,0.0,10.0,0.1186493178377956,0.0
2024-05-20,8424.2001953125,0.000463212797106,0.0002079364988538,0.0,10.0,0.1181708496056382,0.0
2024-05-21,8416.5,-0.0009140565435261,0.0002079364988538,0.0,10.0,0.1116619184083172,0.0
2024-05-22,8370.2998046875,-0.0054892408141745,0.0002081349160936,0.0,10.0,0.0928123185025715,0.0
2024-05-23,8339.2001953125,-0.0037154713810351,0.0002081349160936,0.0,10.0,0.0892994714667568,0.0
2024-05-24,8317.599609375,-0.0025902467181015,0.0002081349160936,0.0,10.0,0.0852527876639229,0.0
2024-05-28,8254.2001953125,-0.0076223209868193,0.0002082539740062,0.0,10.0,0.0930321320172797,0.0
2024-05-29,8183.10009765625,-0.00861380823991,0.0002083333333333,0.0,10.0,0.130715496443033,0.0
2024-05-30,8231.099609375,0.0058656879600553,0.0002082539740062,0.0,10.0,0.0816228242060779,0.0
2024-05-31,8275.400390625,0.0053821218734302,0.0002081349160936,0.0,10.0,0.0658243560145352,0.0
2024-06-03,8262.7998046875,-0.0015226557438567,0.0002080555567665,0.0,10.0,0.0737681941770144,0.0
2024-06-04,8232.0,-0.0037275264335978,0.0002079364988538,0.0,10.0,0.0787637027878783,0.0
2024-06-05,8247.0,0.0018221574344023,0.0002079364988538,0.0,10.0,0.0773854824288921,0.0
2024-06-06,8285.2998046875,0.0046440893279373,0.0002076587222871,0.0,10.0,0.0651716350168393,0.0
2024-06-07,8245.400390625,-0.0048156874226719,0.0002078571395268,0.0,10.0,0.0688230369000368,0.0
2024-06-10,8228.5,-0.0020496749489831,0.0002076587222871,0.0,10.0,0.0712081167587787,0.0
2024-06-11,8147.7998046875,-0.0098074005362459,0.0002081349160936,0.0,10.0,0.114281396402066,0.0
2024-06-12,8215.5,0.0083090155545491,0.0002080555567665,0.0,10.0,0.0581867440438573,0.0
2024-06-13,8163.7001953125,-0.0063051311164871,0.0002079364988538,0.0,10.0,0.0845880515967553,0.0
2024-06-14,8146.89990234375,-0.0020579262548613,0.0002079364988538,0.0,10.0,0.0921936739255202,0.0
2024-06-17,8142.2001953125,-0.0005768705995636,0.0002080555567665,0.0,10.0,0.095664013624927,0.0
2024-06-18,8191.2998046875,0.0060302630980832,0.0002077381005362,0.0,10.0,0.0574931425828639,0.0
2024-06-19,8205.099609375,0.0016846904662923,0.0002077381005362,0.0,10.0,0.0539778993805303,0.0
2024-06-20,8272.5,0.0082144512356667,0.0002073412660568,0.0,10.0,0.0553057285428956,0.0
2024-06-21,8237.7001953125,-0.0042066853656693,0.0002069444504995,0.0,10.0,0.0509129563726746,0.0
2024-06-24,8281.599609375,0.0053290861553179,0.0002067460332598,0.0,10.0,0.0564533946836423,0.0
2024-06-25,8247.7998046875,-0.0040813135483195,0.0002072619067298,0.0,10.0,0.0495081853174614,0.0
2024-06-26,8225.2998046875,-0.0027280002585916,0.0002075396832965,0.0,10.0,0.0556028267475416,0.0
2024-06-27,8179.7001953125,-0.0055438233812478,0.0002072619067298,0.0,10.0,0.0815656154065476,0.0
2024-06-28,8164.10009765625,-0.0019071723026218,0.0002068650722503,0.0,10.0,0.1059961645197553,0.0
2024-07-01,8166.7998046875,0.000330680295312,0.00020706348949,0.0,10.0,0.1204748628403385,0.0
2024-07-02,8121.2001953125,-0.0055835346115411,0.0002074603239695,0.0,10.0,0.1600429251036997,0.0
2024-07-03,8171.10009765625,0.0061443999832133,0.0002075396832965,0.0,10.0,0.0947767616776504,0.0
2024-07-04,8241.2998046875,0.008591218586514,0.0002075396832965,0.0,10.0,0.0638652636471496,0.0
2024-07-05,8203.900390625,-0.0045380479959274,0.0002073412660568,0.0,10.0,0.0762705003469519,0.0
2024-07-08,8193.5,-0.0012677373114969,0.00020706348949,0.0,10.0,0.0871570975756863,0.0
2024-07-09,8139.7998046875,-0.0065539995499481,0.0002073412660568,0.0,10.0,0.1320292753382664,0.0
2024-07-10,8193.5,0.0065972378438072,0.0002073412660568,0.0,10.0,0.0760137884581873,0.0
2024-07-11,8223.2998046875,0.0036370055150423,0.0002062698394533,0.0,10.0,0.0630880713233024,0.0
2024-07-12,8252.900390625,0.0035995995087796,0.0002062698394533,0.0,10.0,0.063150871145361,0.0
2024-07-15,8183.0,-0.008469796958219,0.0002060714222135,0.0,10.0,0.0828966859878626,0.0
2024-07-16,8164.89990234375,-0.002211914659202,0.0002060714222135,0.0,10.0,0.0879458750040692,0.0
2024-07-17,8187.5,0.0027679577124715,0.0002061508004627,0.0,10.0,0.0710600950896695,0.0
2024-07-18,8204.900390625,0.0021252385496182,0.0002060714222135,0.0,10.0,0.0737471950115449,0.0
2024-07-19,8155.7001953125,-0.0059964402942315,0.0002060714222135,0.0,10.0,0.0989222341254144,0.0
2024-07-22,8198.7998046875,0.0052845995246086,0.000205952383223,0.0,10.0,0.0745925731031724,0.0
2024-07-23,8167.39990234375,-0.00382981693562,0.0002052777721768,0.0,10.0,0.0985938801632188,0.0
2024-07-24,8153.7001953125,-0.0016773645462515,0.0002051587331862,0.0,10.0,0.1014708056045675,0.0
2024-07-25,8186.39990234375,0.0040104132170628,0.0002047618987068,0.0,10.0,0.0741276779996824,0.0
2024-07-26,8285.7001953125,0.0121299098692113,0.0002045635003892,0.0,10.0,0.0634390317878903,0.0
2024-07-29,8292.400390625,0.0008086456370084,0.0002042460252368,0.0,10.0,0.0649647304959254,0.0
2024-07-30,8274.400390625,-0.002170662190932,0.0002037698503524,0.0,10.0,0.0602247296031838,0.0
2024-07-31,8368.0,0.0113119507101746,0.0002037698503524,0.0,10.0,0.0821597602725315,0.0
2024-08-01,8283.400390625,-0.0101098959578155,0.0002029761813935,0.0,10.0,0.0505551824469072,0.0
2024-08-02,8174.7001953125,-0.0131226537637278,0.0001996031829289,0.0,10.0,0.0967221196758873,0.0
2024-08-05,8008.2001953125,-0.0203677194296952,0.0002007936485229,0.0,10.0,0.3473632287689872,0.0
2024-08-06,8026.7001953125,0.0023101320582405,0.0002015872985597,0.0,10.0,0.2766741740993222,0.0
2024-08-07,8166.89990234375,0.0174666679481967,0.0002015872985597,0.0,10.0,0.0562202796145866,0.0
2024-08-08,8145.0,-0.0026815441116726,0.0002017063564724,0.0,10.0,0.0672567546103269,0.0
2024-08-09,8168.10009765625,0.0028361077539902,0.00020138888132,0.0,10.0,0.0493752456454503,0.0
2024-08-12,8210.2998046875,0.0051664042466079,0.000201309521993,0.0,10.0,0.0357958996305804,0.0
2024-08-13,8235.2001953125,0.0030328235530185,0.0002005158719562,0.0,10.0,0.0370368056251181,0.0
2024-08-14,8281.099609375,0.0055735638447047,0.0002009127064356,0.0,10.0,0.0481036487037139,0.0
2024-08-15,8347.400390625,0.0080062774724918,0.0002015872985597,0.0,10.0,0.0711115549067843,0.0
2024-08-16,8311.400390625,-0.004312719926605,0.00020138888132,0.0,10.0,0.0452763701243512,0.0
2024-08-19,8356.900390625,0.0054744083862596,0.0002009127064356,0.0,10.0,0.0618886627950698,0.0
2024-08-20,8273.2998046875,-0.0100037791561193,0.0001997222219194,0.0,10.0,0.0303696128050135,0.0
2024-08-21,8283.400390625,0.001220865455858,0.0001986111156524,0.0,10.0,0.0314897746482094,0.0
2024-08-22,8288.0,0.0005552803387611,0.0001994047656891,0.0,10.0,0.0317190971507346,0.0
2024-08-23,8327.7998046875,0.0048020999864262,0.0001984126984126,0.0,10.0,0.0389211796868171,0.0
2024-08-27,8345.5,0.0021254347760062,0.0001971428545694,0.0,10.0,0.0413775452743249,0.0
2024-08-28,8343.900390625,-0.0001916732820083,0.0001966269810994,0.0,10.0,0.0402009203461679,0.0
2024-08-29,8379.599609375,0.0042784809356197,0.0001970238155788,0.0,10.0,0.049768169466392,0.0
2024-08-30,8376.599609375,-0.0003580123323128,0.0001971428545694,0.0,10.0,0.0468072614499501,0.0
2024-09-02,8363.7998046875,-0.0015280430346908,0.0001971428545694,0.0,10.0,0.0448273766052009,0.0
2024-09-03,8298.5,-0.0078074327712749,0.0001972222138964,0.0,10.0,0.0517264841831475,0.0
2024-09-04,8269.599609375,-0.0034826041603904,0.0001963492045326,0.0,10.0,0.0624729518860396,0.0
2024-09-05,8241.7001953125,-0.0033737321491201,0.0001957142920721,0.0,10.0,0.0930627314416994,0.0
2024-09-06,8181.5,-0.0073043418088344,0.0001947619044591,0.0,10.0,0.1613531689864532,0.0
2024-09-09,8270.7998046875,0.0109148450391125,0.0001942460309891,0.0,10.0,0.0519236365969458,0.0
2024-09-10,8206.0,-0.0078347688515897,0.0001918650808788,0.0,10.0,0.1069305637507442,0.0
2024-09-11,8193.900390625,-0.0014744832287351,0.0001934523809523,0.0,10.0,0.117888454298728,0.0
2024-09-12,8241.0,0.00574813057636,0.0001920634981185,0.0,10.0,0.0747208398643693,0.0
2024-09-13,8273.099609375,0.0038951109543745,0.000189007936962,0.0,10.0,0.0531886695339733,0.0
2024-09-16,8278.400390625,0.0006407249398996,0.0001882936462523,0.0,10.0,0.0491128790042841,0.0
2024-09-17,8309.900390625,0.0038050829283,0.000187896830695,0.0,10.0,0.0491158657902983,0.0
2024-09-18,8253.7001953125,-0.0067630407911872,0.0001831349115523,0.0,10.0,0.072220216074534,0.0
2024-09-19,8328.7001953125,0.0090868335686089,0.0001822619021884,0.0,10.0,0.0508017990298779,0.0
2024-09-20,8230.0,-0.0118506121000788,0.0001803571458846,0.0,10.0,0.0944342439526133,0.0
2024-09-23,8259.7001953125,0.0036087722129405,0.0001786904675619,0.0,10.0,0.0574623328397725,0.0
2024-09-24,8282.7998046875,0.0027966643859675,0.0001783730113317,0.0,10.0,0.0514988032998033,0.0
2024-09-25,8268.7001953125,-0.0017022757651369,0.0001780555551014,0.0,10.0,0.0624916305614688,0.0
2024-09-26,8284.900390625,0.0019592190948807,0.0001773015847281,0.0,10.0,0.0643921808156191,0.0
2024-09-27,8320.7998046875,0.0043331135402813,0.0001778571378617,0.0,10.0,0.0534207789224891,0.0
2024-09-30,8237.0,-0.0100711237686901,0.0001784920692443,0.0,10.0,0.0984960095288402,0.0
2024-10-01,8276.7001953125,0.004819739627595,0.0001778571378617,0.0,10.0,0.0630810311948294,0.0
2024-10-02,8290.900390625,0.0017156831801812,0.0001775000019678,0.0,10.0,0.0629841861777111,0.0
2024-10-03,8282.5,-0.0010132060728288,0.0001771825457376,0.0,10.0,0.0743425194375815,0.0
2024-10-04,8280.599609375,-0.0002294464986417,0.0001787698458111,0.0,10.0,0.0708940924421473,0.0
2024-10-07,8303.599609375,0.0027775766351461,0.0001795634958479,0.0,10.0,0.0620125963323425,0.0
2024-10-08,8190.60009765625,-0.0136084971620223,0.0001796825348384,0.0,10.0,0.1528799538301617,0.0
2024-10-09,8243.7001953125,0.006483053381088,0.0001799603114052,0.0,10.0,0.0758836237692019,0.0
2024-10-10,8237.7001953125,-0.0007278285063558,0.0001797619130876,0.0,10.0,0.0844385623671954,0.0
2024-10-11,8253.7001953125,0.001942289670739,0.0001791666613684,0.0,10.0,0.0702548877184858,0.0
2024-10-14,8292.7001953125,0.0047251534556767,0.0001792857192811,0.0,10.0,0.0537137535011569,0.0
2024-10-15,8249.2998046875,-0.0052335656182931,0.0001791666613684,0.0,10.0,0.07321726266364,0.0
2024-10-16,8329.099609375,0.0096735246114045,0.0001786904675619,0.0,10.0,0.0458393385294991,0.0
2024-10-17,8385.099609375,0.0067234158103917,0.0001791666613684,0.0,10.0,0.0565163139222993,0.0
2024-10-18,8358.2998046875,-0.0031961223999695,0.0001790873020414,0.0,10.0,0.0474096370386481,0.0
2024-10-21,8318.2001953125,-0.0047975796886959,0.0001792857192811,0.0,10.0,0.046552390541744,0.0
2024-10-22,8306.5,-0.0014065777497268,0.0001785714285714,0.0,10.0,0.050580079576356,0.0
2024-10-23,8258.599609375,-0.0057666153765123,0.0001787698458111,0.0,10.0,0.0791223110623306,0.0
2024-10-24,8269.400390625,0.0013078223622489,0.0001780555551014,0.0,10.0,0.080235289183166,0.0
2024-10-25,8248.7998046875,-0.0024911825482358,0.0001789682630508,0.0,10.0,0.1103489070663305,0.0
2024-10-28,8285.599609375,0.0044612313983651,0.0001778571378617,0.0,10.0,0.0711308154088194,0.0
2024-10-29,8219.599609375,-0.0079656274876379,0.0001777777785346,0.0,10.0,0.1339010501307478,0.0
2024-10-30,8159.60009765625,-0.0072995662283009,0.0001771031674884,0.0,10.0,0.2205757817972327,0.0
2024-10-31,8110.10009765625,-0.006066473774152,0.0001758730222308,0.0,10.0,0.2849979185171202,0.0
2024-11-01,8177.2001953125,0.0082736460522405,0.0001746031783875,0.0,10.0,0.1525066029637951,0.0
2024-11-04,8184.2001953125,0.0008560387214211,0.0001753174690973,0.0,10.0,0.1549299147336157,0.0
2024-11-05,8172.39990234375,-0.0014418382599571,0.0001755158674149,0.0,10.0,0.1696757064041571,0.0
2024-11-06,8166.7001953125,-0.0006974336913707,0.0001757936439816,0.0,10.0,0.1882386489302371,0.0
2024-11-07,8140.7001953125,-0.0031836603987156,0.0001753968284243,0.0,10.0,0.237149027117339,0.0
2024-11-08,8072.39990234375,-0.0083899776837473,0.0001755158674149,0.0,10.0,0.3359623086773034,0.0
2024-11-11,8125.2001953125,0.0065408420801129,0.0001751984111846,0.0,10.0,0.2336645159590552,0.0
2024-11-12,8025.7998046875,-0.0122335928021004,0.0001755158674149,0.0,10.0,0.3895281815036439,0.0
2024-11-13,8030.2998046875,0.0005606917826896,0.0001742063439081,0.0,10.0,0.3600747206812968,0.0
2024-11-14,8071.2001953125,0.0050932582368998,0.0001739285673413,0.0,10.0,0.2636222148665584,0.0
2024-11-15,8063.60009765625,-0.0009416316622481,0.0001743254018208,0.0,10.0,0.2623382169643688,0.0
2024-11-18,8109.2998046875,0.0056674074207292,0.0001747222173781,0.0,10.0,0.1698584383447325,0.0
2024-11-19,8099.0,-0.0012701225673696,0.0001749206346178,0.0,10.0,0.1803483393609171,0.0
2024-11-20,8085.10009765625,-0.0017162492090072,0.0001749999939449,0.0,10.0,0.2063839133286861,0.0
2024-11-21,8149.2998046875,0.0079404962530842,0.0001751190518576,0.0,10.0,0.1200982025666101,0.0
2024-11-22,8262.099609375,0.0138416560184246,0.0001751984111846,0.0,10.0,0.089177304293523,0.0
2024-11-25,8291.7001953125,0.0035826953603794,0.0001748015956273,0.0,10.0,0.0876807930854193,0.0
2024-11-26,8258.599609375,-0.0039920143224922,0.0001744047611478,0.0,10.0,0.0767130395802149,0.0
2024-11-27,8274.7998046875,0.00196161529542,0.0001740079455905,0.0,10.0,0.0724274084249452,0.0
2024-11-28,8281.2001953125,0.0007734798153513,0.0001740079455905,0.0,10.0,0.0731282755558743,0.0
2024-11-29,8287.2998046875,0.0007365610335627,0.000173531751784,0.0,10.0,0.0701703962481153,0.0
2024-12-02,8312.900390625,0.0030891347653454,0.0001738095283508,0.0,10.0,0.0719563588422689,0.0
2024-12-03,8359.400390625,0.0055937155282699,0.0001728968204013,0.0,10.0,0.0796680386656818,0.0
2024-12-04,8335.7998046875,-0.0028232390882925,0.0001724206265949,0.0,10.0,0.0690127306423212,0.0
2024-12-05,8349.400390625,0.0016315874008696,0.0001718253937978,0.0,10.0,0.0713007472693768,0.0
2024-12-06,8308.599609375,-0.0048866720172878,0.000170436510964,0.0,10.0,0.063978157304109,0.0
2024-12-09,8352.099609375,0.0052355393261358,0.000170357151637,0.0,10.0,0.0646579640251329,0.0
2024-12-10,8280.400390625,-0.008584574191323,0.0001700396764846,0.0,10.0,0.071076981254018,0.0
2024-12-11,8301.599609375,0.0025601683191553,0.0001688492108905,0.0,10.0,0.0628957762225883,0.0
2024-12-12,8311.7998046875,0.0012287023938111,0.0001675793670472,0.0,10.0,0.0660017825291115,0.0
2024-12-13,8300.2998046875,-0.0013835751907204,0.0001673809498075,0.0,10.0,0.0746761177410594,0.0
2024-12-16,8262.099609375,-0.004602266931482,0.0001677777842869,0.0,10.0,0.1031097303377351,0.0
2024-12-17,8195.2001953125,-0.0080971444578795,0.0001682539591713,0.0,10.0,0.1779999970068668,0.0
2024-12-18,8199.099609375,0.0004758168158882,0.000167936502941,0.0,10.0,0.1795457473572537,0.0
2024-12-19,8105.2998046875,-0.0114402567545646,0.0001674603091345,0.0,10.0,0.3097835070391327,0.0
2024-12-20,8084.60009765625,-0.0025538484115391,0.0001672619108169,0.0,10.0,0.3130418532260158,0.0
2024-12-23,8102.7001953125,0.0022388364838845,0.0001672619108169,0.0,10.0,0.2541128653699354,0.0
2024-12-24,8137.0,0.0042331326422941,0.0001666666590978,0.0,10.0,0.1828729413902431,0.0
2024-12-27,8149.7998046875,0.0015730373218016,0.000165793649734,0.0,10.0,0.1543879916667815,0.0
2024-12-30,8121.0,-0.0035338051703963,0.0001659523873102,0.0,10.0,0.1887731888643103,0.0
2024-12-31,8173.0,0.0064031523211427,0.0001669841342502,0.0,10.0,0.1156654787167394,0.0
2025-01-02,8260.099609375,0.0106569936834699,0.0001669841342502,0.0,10.0,0.0681955923479279,0.0
2025-01-03,8224.0,-0.0043703600540153,0.000166388882531,0.0,10.0,0.0709759452006887,0.0
2025-01-06,8249.7001953125,0.003125023749088,0.0001662698435404,0.0,10.0,0.0673474259191532,0.0
2025-01-07,8245.2998046875,-0.0005334000655563,0.0001667857170104,0.0,10.0,0.075336442053084,0.0
2025-01-08,8251.0,0.0006913266282033,0.0001668650763375,0.0,10.0,0.0796073916512214,0.0
2025-01-09,8319.7001953125,0.0083262871545872,0.0001668650763375,0.0,10.0,0.0828091495557346,0.0
2025-01-10,8248.5,-0.0085580241644543,0.0001671825325678,0.0,10.0,0.0657930755864986,0.0
2025-01-13,8224.2001953125,-0.0029459665014851,0.0001673809498075,0.0,10.0,0.078196965445204,0.0
2025-01-14,8201.5,-0.0027601705665479,0.0001671825325678,0.0,10.0,0.0927607642959841,0.0
2025-01-15,8301.099609375,0.0121440723495702,0.0001668650763375,0.0,10.0,0.0540139497340744,0.0
2025-01-16,8391.900390625,0.0109384040094462,0.0001664682607802,0.0,10.0,0.0806981423005416,0.0
2025-01-17,8505.2001953125,0.0135010902672383,0.000166388882531,0.0,10.0,0.1248543741512638,0.0
2025-01-20,8520.5,0.0017988764915766,0.000166388882531,0.0,10.0,0.114928512703427,0.0
2025-01-21,8548.2998046875,0.0032626964013262,0.0001665476201072,0.0,10.0,0.1204729198317377,0.0
2025-01-22,8545.099609375,-0.0003743662933703,0.0001672619108169,0.0,10.0,0.1026567654075648,0.0
2025-01-23,8565.2001953125,0.0023522939294291,0.0001671825325678,0.0,10.0,0.1057062151156707,0.0
2025-01-24,8502.400390625,-0.0073319716125104,0.0001668650763375,0.0,10.0,0.0604110388331319,0.0
2025-01-27,8503.7001953125,0.0001528750267905,0.0001661904842134,0.0,10.0,0.0617957292766022,0.0
2025-01-28,8533.900390625,0.0035514181613724,0.0001662698435404,0.0,10.0,0.0673745812197941,0.0
2025-01-29,8557.7998046875,0.0028005264847894,0.0001661904842134,0.0,10.0,0.0734832099623147,0.0
2025-01-30,8646.900390625,0.0104116230773119,0.0001659523873102,0.0,10.0,0.1090749289903091,0.0
2025-01-31,8674.0,0.003134025853285,0.0001661904842134,0.0,10.0,0.112425747133327,0.0
2025-02-03,8583.599609375,-0.0104219956911459,0.0001662698435404,0.0,10.0,0.0622122827804544,0.0
2025-02-04,8570.7998046875,-0.0014911931206017,0.0001671825325678,0.0,10.0,0.0609898221744847,0.0
2025-02-05,8623.2998046875,0.0061254493391955,0.0001670634935772,0.0,10.0,0.0830678955949261,0.0
2025-02-06,8727.2998046875,0.0120603483997467,0.0001671825325678,0.0,10.0,0.1190430907798334,0.0
2025-02-07,8700.5,-0.0030708014262447,0.0001677777842869,0.0,10.0,0.0950796812107377,0.0
2025-02-10,8767.7998046875,0.0077351651844721,0.0001677777842869,0.0,10.0,0.1194841774121304,0.0
2025-02-11,8777.400390625,0.0010949823389405,0.0001676587263743,0.0,10.0,0.1174186179074237,0.0
2025-02-12,8807.400390625,0.0034178684650232,0.0001677777842869,0.0,10.0,0.1282917510356115,0.0
2025-02-13,8764.7001953125,-0.0048482177962468,0.0001671825325678,0.0,10.0,0.1013158244582384,0.0
2025-02-14,8732.5,-0.0036738501711355,0.0001671825325678,0.0,10.0,0.0821067047059337,0.0
2025-02-17,8768.0,0.0040652734039507,0.0001671825325678,0.0,10.0,0.0980455756653245,0.0
2025-02-18,8766.7001953125,-0.0001482441477531,0.0001671825325678,0.0,10.0,0.089259143009322,0.0
2025-02-19,8712.5,-0.0061825081393203,0.0001673809498075,0.0,10.0,0.0689077634992655,0.0
2025-02-20,8663.0,-0.0056814921090387,0.0001668650763375,0.0,10.0,0.0632463886602429,0.0
2025-02-21,8659.400390625,-0.00041551533822,0.0001665476201072,0.0,10.0,0.0632756557982728,0.0
2025-02-24,8659.0,-4.623768470546352e-05,0.0001662698435404,0.0,10.0,0.0644648633852306,0.0
2025-02-25,8668.7001953125,0.0011202442906224,0.0001659523873102,0.0,10.0,0.0635891040449934,0.0
2025-02-26,8731.5,0.0072444314917545,0.000166388882531,0.0,10.0,0.0684235014889088,0.0
2025-02-27,8756.2001953125,0.0028288604835939,0.0001664682607802,0.0,10.0,0.0782176489784433,0.0
2025-02-28,8809.7001953125,0.0061099562374831,0.000166388882531,0.0,10.0,0.0983116846178516,0.0
2025-03-03,8871.2998046875,0.0069922480912318,0.000166388882531,0.0,10.0,0.1141523664505187,0.0
2025-03-04,8759.0,-0.0126587768602027,0.0001664682607802,0.0,10.0,0.0648280383134809,0.0
2025-03-05,8755.7998046875,-0.0003653608074551,0.0001668650763375,0.0,10.0,0.0576854539796862,0.0
2025-03-06,8682.7998046875,-0.0083373308696389,0.0001665476201072,0.0,10.0,0.0608277436545779,0.0
2025-03-07,8679.900390625,-0.0003339261675634,0.0001665476201072,0.0,10.0,0.0610241821654009,0.0
2025-03-10,8600.2001953125,-0.0091821555231881,0.0001660714263007,0.0,10.0,0.1014536760199819,0.0
2025-03-11,8496.0,-0.0121160197374584,0.0001664682607802,0.0,10.0,0.2136392349626686,0.0
2025-03-12,8541.0,0.0052966101694915,0.0001665476201072,0.0,10.0,0.1272002871417009,0.0
2025-03-13,8542.599609375,0.000187285958904,0.0001661904842134,0.0,10.0,0.1137478885075528,0.0
2025-03-14,8632.2998046875,0.0105003394065266,0.0001661904842134,0.0,10.0,0.0396288466356527,0.0
2025-03-17,8680.2998046875,0.0055605112294565,0.0001661904842134,0.0,10.0,0.0386395585298126,0.0
2025-03-18,8705.2001953125,0.0028686095164078,0.0001664682607802,0.0,10.0,0.0419613980346538,0.0
2025-03-19,8706.7001953125,0.0001723107988724,0.0001662698435404,0.0,10.0,0.0461047600279861,0.0
2025-03-20,8702.0,-0.0005398365864291,0.0001659523873102,0.0,10.0,0.044859275875872,0.0
2025-03-21,8646.7998046875,-0.0063433917849344,0.0001660714263007,0.0,10.0,0.0477280614629031,0.0
2025-03-24,8638.0,-0.0010176949722751,0.0001659523873102,0.0,10.0,0.050510956988301,0.0
2025-03-25,8663.7998046875,0.0029867798897313,0.0001659523873102,0.0,10.0,0.0450020018668314,0.0
2025-03-26,8689.599609375,0.0029778856009046,0.0001662698435404,0.0,10.0,0.044227574385204,0.0
2025-03-27,8666.099609375,-0.0027043823716165,0.0001661904842134,0.0,10.0,0.0487405807717534,0.0
2025-03-28,8658.900390625,-0.0008307334411679,0.0001661904842134,0.0,10.0,0.0530952833827931,0.0
2025-03-31,8582.7998046875,-0.0087887124813093,0.000166388882531,0.0,10.0,0.0913867292038493,0.0
2025-04-01,8634.7998046875,0.00605862902355,0.0001666666590978,0.0,10.0,0.05214721324827,0.0
2025-04-02,8608.5,-0.0030457920603118,0.0001667857170104,0.0,10.0,0.0662991985965707,0.0
2025-04-03,8474.7001953125,-0.0155427547990358,0.0001660714263007,0.0,10.0,0.2119739900999179,0.0
2025-04-04,8055.0,-0.0495238988565805,0.0001648809607066,0.0,10.0,0.6482197720468948,0.0
2025-04-07,7702.10009765625,-0.0438112852071694,0.0001646825434669,0.0,10.0,0.6561544920737684,0.0
2025-04-08,7910.5,0.0270575427093144,0.000165793649734,0.0,10.0,0.724705067391548,0.0
2025-04-09,7679.5,-0.0292016939510776,0.0001677777842869,0.0,10.0,0.7053455151933006,0.0
2025-04-10,7913.2998046875,0.030444664976561,0.0001665476201072,0.0,10.0,0.7916310263305726,0.0
2025-04-11,7964.2001953125,0.0064322585876057,0.0001671825325678,0.0,10.0,0.7934216418987858,0.0
2025-04-14,8134.2998046875,0.0213580278249554,0.0001664682607802,0.0,10.0,0.5064454578581397,0.0
2025-04-15,8249.099609375,0.0141130530523776,0.0001666666590978,0.0,10.0,0.2585840599987586,0.0
2025-04-16,8275.599609375,0.0032124718156976,0.0001669841342502,0.0,10.0,0.2226429455151836,0.0
2025-04-17,8275.7001953125,1.2154519581475398e-05,0.0001668650763375,0.0,10.0,0.216735964851297,0.0
2025-04-22,8328.599609375,0.0063921375610564,0.0001671825325678,0.0,10.0,0.1782831347527978,0.0
2025-04-23,8403.2001953125,0.0089571583983369,0.0001669841342502,0.0,10.0,0.151271092749463,0.0
2025-04-24,8407.400390625,0.0004998328273606,0.0001665476201072,0.0,10.0,0.1441086559279514,0.0
2025-04-25,8415.2998046875,0.0009395786682537,0.000166388882531,0.0,10.0,0.1233431610962035,0.0
2025-04-28,8417.2998046875,0.0002376623586108,0.000166388882531,0.0,10.0,0.0968998887588277,0.0
2025-04-29,8463.5,0.0054887192311685,0.0001662698435404,0.0,10.0,0.1001756936416097,0.0
2025-04-30,8494.900390625,0.003710095188161,0.0001662698435404,0.0,10.0,0.1081305074108571,0.0
2025-05-01,8496.7998046875,0.0002235946244404,0.0001660714263007,0.0,10.0,0.1017130889664753,0.0
2025-05-02,8596.400390625,0.01172212929891,0.0001669841342502,0.0,10.0,0.1311272391315863,0.0
2025-05-06,8597.400390625,0.000116327759825,0.0001670634935772,0.0,10.0,0.1093765733755631,0.0
2025-05-07,8559.2998046875,-0.0044316402873415,0.0001672619108169,0.0,10.0,0.0743781603103404,0.0
2025-05-08,8531.599609375,-0.003236268847287,0.0001672619108169,0.0,10.0,0.0467786749989688,0.0
2025-05-09,8554.7998046875,0.0027193253756314,0.0001672619108169,0.0,10.0,0.0456329300883279,0.0
2025-05-12,8605.0,0.005868073649718,0.0001698412781669,0.0,10.0,0.059325588081878,0.0
2025-05-13,8602.900390625,-0.0002439987652527,0.0001700396764846,0.0,10.0,0.0482394502388964,0.0
2025-05-14,8585.0,-0.0020807390312814,0.0001700396764846,0.0,10.0,0.0341398923871164,0.0
2025-05-15,8633.7998046875,0.0056843103887593,0.000168968249881,0.0,10.0,0.0564634053250241,0.0
2025-05-16,8684.599609375,0.005883829349381,0.0001681349201807,0.0,10.0,0.077552751199347,0.0
2025-05-19,8699.2998046875,0.0016926739255349,0.0001682539591713,0.0,10.0,0.0874371458326928,0.0
2025-05-20,8781.099609375,0.0094030331778454,0.0001685714343237,0.0,10.0,0.1224533693645301,0.0
2025-05-21,8786.5,0.0006150016359265,0.0001680555608537,0.0,10.0,0.1153845477450388,0.0
2025-05-22,8739.2998046875,-0.0053718995404882,0.000167936502941,0.0,10.0,0.0854316091777101,0.0
2025-05-23,8718.0,-0.0024372438483086,0.000167857143614,0.0,10.0,0.0759991076979388,0.0
2025-05-27,8778.099609375,0.0068937381710254,0.0001667857170104,0.0,10.0,0.0892575074008519,0.0
2025-05-28,8726.0,-0.0059351809267871,0.0001676587263743,0.0,10.0,0.0509971004063606,0.0
2025-05-29,8716.5,-0.0010887004354801,0.000167857143614,0.0,10.0,0.0388728730164131,0.0
2025-05-30,8772.400390625,0.0064131693483622,0.000167936502941,0.0,10.0,0.0564402156285272,0.0
2025-06-02,8774.2998046875,0.0002165215879259,0.000167936502941,0.0,10.0,0.0573144733665893,0.0
2025-06-03,8787.0,0.0014474312019421,0.0001680555608537,0.0,10.0,0.0639469835962319,0.0
2025-06-04,8801.2998046875,0.001627381892284,0.0001682539591713,0.0,10.0,0.0655493916969491,0.0
2025-06-05,8811.0,0.0011021321313624,0.000167936502941,0.0,10.0,0.0657480844052424,0.0
2025-06-06,8837.900390625,0.0030530462631936,0.000167936502941,0.0,10.0,0.0749882979261927,0.0
2025-06-09,8832.2998046875,-0.0006337009572364,0.0001682539591713,0.0,10.0,0.0701178795552033,0.0
2025-06-10,8853.099609375,0.0023549704094578,0.0001686507936507,0.0,10.0,0.071753730074377,0.0
2025-06-11,8864.400390625,0.0012764773637057,0.0001686507936507,0.0,10.0,0.0725682780558486,0.0
2025-06-12,8884.900390625,0.0023126211696935,0.000168968249881,0.0,10.0,0.080577458249907,0.0
2025-06-13,8850.599609375,-0.0038605701518267,0.0001682539591713,0.0,10.0,0.0637304214980873,0.0
2025-06-16,8875.2001953125,0.0027795389039451,0.0001685714343237,0.0,10.0,0.0679974356587913,0.0
2025-06-17,8834.0,-0.0046421708137085,0.0001673809498075,0.0,10.0,0.0546618326593485,0.0
2025-06-18,8843.5,0.0010753905365632,0.0001675793670472,0.0,10.0,0.0581359582553246,0.0
2025-06-19,8791.7998046875,-0.0058461237420138,0.0001675793670472,0.0,10.0,0.0537700904236997,0.0
2025-06-20,8774.7001953125,-0.0019449498117419,0.0001664682607802,0.0,10.0,0.0609461570288144,0.0
2025-06-23,8758.0,-0.001903221185998,0.0001649999996972,0.0,10.0,0.0680162220948704,0.0
2025-06-24,8759.0,0.0001141813199361,0.0001659523873102,0.0,10.0,0.0784704787701039,0.0
2025-06-25,8718.7998046875,-0.0045895873173307,0.0001661904842134,0.0,10.0,0.1093894204388238,0.0
2025-06-26,8735.599609375,0.0019268483121344,0.000166388882531,0.0,10.0,0.0884312109941269,0.0
2025-06-27,8798.900390625,0.0072463006640168,0.0001665476201072,0.0,10.0,0.039328654436179,0.0
2025-06-30,8761.0,-0.0043074008049212,0.0001662698435404,0.0,10.0,0.0553411491848991,0.0
2025-07-01,8785.2998046875,0.0027736336819426,0.0001676587263743,0.0,10.0,0.0392437232528877,0.0
2025-07-02,8774.7001953125,-0.0012065165231293,0.0001675793670472,0.0,10.0,0.0443193015220591,0.0
2025-07-03,8823.2001953125,0.0055272543700022,0.0001682539591713,0.0,10.0,0.036585540268374,0.0
2025-07-04,8822.900390625,-3.397913238545325e-05,0.0001682539591713,0.0,10.0,0.0385369884385443,0.0
2025-07-07,8806.5,-0.001858843452707,0.000168452376411,0.0,10.0,0.0410476404735651,0.0
2025-07-08,8854.2001953125,0.0054164759339692,0.0001686507936507,0.0,10.0,0.0436901443843444,0.0
2025-07-09,8867.0,0.001445619525779,0.000168452376411,0.0,10.0,0.0472228949501468,0.0
2025-07-10,8975.7001953125,0.0122589596608209,0.0001682539591713,0.0,10.0,0.080818783357083,0.0
2025-07-11,8941.099609375,-0.0038549177428597,0.0001681349201807,0.0,10.0,0.0546447570426535,0.0
2025-07-14,8998.099609375,0.0063750548020105,0.0001677777842869,0.0,10.0,0.0788642231556345,0.0
2025-07-15,8938.2998046875,-0.0066458260392222,0.000167936502941,0.0,10.0,0.039565610147716,0.0
2025-07-16,8926.599609375,-0.0013089956220045,0.0001676587263743,0.0,10.0,0.0373445731313462,0.0
2025-07-17,8972.599609375,0.0051531380383287,0.0001680555608537,0.0,10.0,0.0482048772616948,0.0
2025-07-18,8992.099609375,0.0021732832009606,0.000167857143614,0.0,10.0,0.053530150070581,0.0
2025-07-21,9013.0,0.0023243059499928,0.0001675793670472,0.0,10.0,0.0610498840085126,0.0
2025-07-22,9023.7998046875,0.0011982474966714,0.000167857143614,0.0,10.0,0.0647426827927619,0.0
2025-07-23,9061.5,0.0041778625555186,0.0001682539591713,0.0,10.0,0.0765708462366029,0.0
2025-07-24,9138.400390625,0.0084864967858522,0.000168452376411,0.0,10.0,0.1041391701522125,0.0
2025-07-25,9120.2998046875,-0.0019807171018758,0.000168452376411,0.0,10.0,0.0884473450711252,0.0
2025-07-28,9081.400390625,-0.0042651464201327,0.0001680555608537,0.0,10.0,0.0630752286272362,0.0
2025-07-29,9136.2998046875,0.0060452586276422,0.000167857143614,0.0,10.0,0.0811175146479031,0.0
2025-07-30,9136.900390625,6.573623352323921e-05,0.000167936502941,0.0,10.0,0.0815669747088458,0.0
2025-07-31,9132.7998046875,-0.0004487939850703,0.0001680555608537,0.0,10.0,0.073896879987004,0.0
2025-08-01,9068.599609375,-0.0070296291044886,0.0001659523873102,0.0,10.0,0.0492907503245137,0.0
2025-08-04,9128.2998046875,0.0065831768833175,0.0001648015824575,0.0,10.0,0.0656080985158625,0.0
2025-08-05,9142.7001953125,0.0015775545208982,0.0001646825434669,0.0,10.0,0.0657380138535132,0.0
2025-08-06,9164.2998046875,0.0023624978303535,0.0001640079324207,0.0,10.0,0.07077584136873,0.0
2025-08-07,9100.7998046875,-0.0069290618326912,0.0001642063496604,0.0,10.0,0.0494912930510871,0.0
2025-08-08,9095.7001953125,-0.0005603473853335,0.0001640079324207,0.0,10.0,0.0498338352991172,0.0
2025-08-11,9129.7001953125,0.0037380299778924,0.0001644047669001,0.0,10.0,0.0549236583835668,0.0
2025-08-12,9147.7998046875,0.0019824976710947,0.0001638888934301,0.0,10.0,0.0598551833623305,0.0
2025-08-13,9165.2001953125,0.0019021394211189,0.0001630952433934,0.0,10.0,0.0644851487990746,0.0
2025-08-14,9177.2001953125,0.001309300369253,0.0001631746027204,0.0,10.0,0.0730760831175258,0.0
2025-08-15,9138.900390625,-0.0041733648468367,0.0001631746027204,0.0,10.0,0.0597101078941502,0.0
2025-08-18,9157.7001953125,0.0020571188965781,0.0001636111168634,0.0,10.0,0.0657394253651357,0.0
2025-08-19,9189.2001953125,0.0034397282427005,0.0001630952433934,0.0,10.0,0.0742354036168193,0.0
2025-08-20,9288.099609375,0.0107625704044351,0.000163293641711,0.0,10.0,0.1005493696508896,0.0
2025-08-21,9309.2001953125,0.0022717872142759,0.000163809515181,0.0,10.0,0.1112360509201606,0.0
2025-08-22,9321.400390625,0.0013105524703016,0.0001622222151075,0.0,10.0,0.1087005018047097,0.0
2025-08-26,9265.7998046875,-0.0059648318500963,0.0001622222151075,0.0,10.0,0.077422629828759,0.0
2025-08-27,9255.5,-0.001111593699908,0.0001611111088404,0.0,10.0,0.0712389596651814,0.0
2025-08-28,9216.7998046875,-0.0041813187091459,0.0001615873026469,0.0,10.0,0.0606445830605142,0.0
2025-08-29,9187.2998046875,-0.0032006770923891,0.0001604365167163,0.0,10.0,0.059912503512895,0.0
2025-09-01,9196.2998046875,0.0009796131824726,0.0001604365167163,0.0,10.0,0.0614009994877597,0.0
2025-09-02,9116.7001953125,-0.0086556126991886,0.0001600000025734,0.0,10.0,0.0789014436943863,0.0
2025-09-03,9178.0,0.0067239026593217,0.0001594444494398,0.0,10.0,0.0502843769142825,0.0
2025-09-04,9216.900390625,0.0042384387257572,0.000158650789942,0.0,10.0,0.0517129157395714,0.0
2025-09-05,9208.2001953125,-0.0009439393878389,0.0001551587335647,0.0,10.0,0.0519263537950271,0.0
2025-09-08,9221.400390625,0.0014335260998366,0.0001558730148133,0.0,10.0,0.0544791493447442,0.0
2025-09-09,9242.5,0.0022881133538514,0.0001564682570714,0.0,10.0,0.0585873001485734,0.0
2025-09-10,9225.400390625,-0.0018501065052745,0.0001559523836014,0.0,10.0,0.0584543385977434,0.0
2025-09-11,9297.599609375,0.0078261339012852,0.0001558730148133,0.0,10.0,0.0661566580395969,0.0
2025-09-12,9283.2998046875,-0.0015380103777625,0.0001558730148133,0.0,10.0,0.0627241094880533,0.0
2025-09-15,9277.0,-0.000678616959491,0.0001547619085463,0.0,10.0,0.0643723724518138,0.0
2025-09-16,9195.7001953125,-0.0087635878718874,0.0001543650835279,0.0,10.0,0.0682975866396103,0.0
2025-09-17,9208.400390625,0.0013811014977385,0.000153492064703,0.0,10.0,0.0712725948639573,0.0
2025-09-18,9228.099609375,0.0021392660955594,0.0001539682585095,0.0,10.0,0.0665555702271891,0.0
2025-09-19,9216.7001953125,-0.0012352937814974,0.0001538888897214,0.0,10.0,0.0757562943490638,0.0
2025-09-22,9226.7001953125,0.0010849870114129,0.0001526984146663,0.0,10.0,0.0665429768308596,0.0
2025-09-23,9223.2998046875,-0.000368538107126,0.0001525793662146,0.0,10.0,0.0818413973069931,0.0
2025-09-24,9250.400390625,0.0029382744257893,0.0001530952396846,0.0,10.0,0.0700599811320414,0.0
2025-09-25,9214.0,-0.0039350070362241,0.0001540872975001,0.0,10.0,0.0796922766080192,0.0
2025-09-26,9284.7998046875,0.0076839379951703,0.0001531745990117,0.0,10.0,0.0606758968144673,0.0
2025-09-29,9299.7998046875,0.0016155437182854,0.0001532936474633,0.0,10.0,0.0689260570819053,0.0
2025-09-30,9350.400390625,0.0054410403449756,0.0001525793662146,0.0,10.0,0.0724533776144209,0.0
2025-10-01,9446.400390625,0.0102669400228307,0.0001525793662146,0.0,10.0,0.0975035159571704,0.0
2025-10-02,9427.7001953125,-0.0019796107024067,0.0001526984146663,0.0,10.0,0.085613758717944,0.0
2025-10-03,9491.2998046875,0.0067460364730969,0.0001530952396846,0.0,10.0,0.1028334765234544,0.0
2025-10-06,9479.099609375,-0.0012854082753211,0.0001531745990117,0.0,10.0,0.092959693782907,0.0
2025-10-07,9483.599609375,0.0004747286330391,0.0001524999974265,0.0,10.0,0.0923525275529777,0.0
2025-10-08,9548.900390625,0.0068856535429275,0.0001524999974265,0.0,10.0,0.1093033376806658,0.0
2025-10-09,9509.400390625,-0.0041366019524908,0.0001528968224449,0.0,10.0,0.0892476516130169,0.0
2025-10-10,9427.5,-0.0086125714830288,0.0001528968224449,0.0,10.0,0.0678632036389711,0.0
2025-10-13,9442.900390625,0.0016335603951207,0.0001528968224449,0.0,10.0,0.0663385612408647,0.0
2025-10-14,9452.7998046875,0.0010483446454998,0.0001528968224449,0.0,10.0,0.063468601957257,0.0
2025-10-15,9424.7998046875,-0.0029620853692591,0.0001530952396846,0.0,10.0,0.0617978218128484,0.0
2025-10-16,9436.099609375,0.001198943735853,0.0001528968224449,0.0,10.0,0.0631504723015376,0.0
2025-10-17,9354.599609375,-0.0086370432036376,0.0001520634927446,0.0,10.0,0.0668549705533843,0.0
2025-10-20,9403.599609375,0.0052380649141725,0.0001507142895743,0.0,10.0,0.0570571373490435,0.0
2025-10-21,9427.0,0.0024884503378548,0.0001501984161043,0.0,10.0,0.0587360938530526,0.0
2025-10-22,9515.0,0.0093348891481914,0.000150317464556,0.0,10.0,0.0720819646448815,0.0
2025-10-23,9578.599609375,0.0066841418155543,0.000150317464556,0.0,10.0,0.0917772935048506,0.0
2025-10-24,9645.599609375,0.0069947594358599,0.0001493253972795,0.0,10.0,0.1155425632389366,0.0
2025-10-27,9653.7998046875,0.0008501488393246,0.0001475396799662,0.0,10.0,0.1106316197015536,0.0
2025-10-28,9696.7001953125,0.0044438864999218,0.0001476190487543,0.0,10.0,0.1197137945392023,0.0
2025-10-29,9756.099609375,0.006125734823813,0.0001480158737727,0.0,10.0,0.1340440687925969,0.0
2025-10-30,9760.099609375,0.0004099999139159,0.0001490873003762,0.0,10.0,0.1332704084477483,0.0
2025-10-31,9717.2998046875,-0.0043851811354864,0.0001475396799662,0.0,10.0,0.107644416593521,0.0
2025-11-03,9701.400390625,-0.0016361967194662,0.0001501190473162,0.0,10.0,0.0939528654472892,0.0
2025-11-04,9715.0,0.0014018192041782,0.0001505158723346,0.0,10.0,0.1012745577936983,0.0
2025-11-05,9777.099609375,0.0063921368373649,0.000150317464556,0.0,10.0,0.1197914978151392,0.0
2025-11-06,9735.7998046875,-0.0042241366394486,0.0001493253972795,0.0,10.0,0.0972906618724032,0.0
2025-11-07,9682.599609375,-0.0054643887898029,0.0001490873003762,0.0,10.0,0.0820046624427202,0.0
2025-11-10,9787.2001953125,0.0108029444733233,0.0001501190473162,0.0,10.0,0.1060590847248145,0.0
2025-11-11,9899.599609375,0.0114843276748679,0.0001501190473162,0.0,10.0,0.1404402181257761,0.0
2025-11-12,9911.400390625,0.0011920463165828,0.0001499206395376,0.0,10.0,0.138008889417305,0.0
2025-11-13,9807.7001953125,-0.0104627188112174,0.0001505158723346,0.0,10.0,0.0915960968223032,0.0
2025-11-14,9698.400390625,-0.0111442848487292,0.000150317464556,0.0,10.0,0.073798074993034,0.0
2025-11-17,9675.400390625,-0.0023715251045144,0.0001496825426343,0.0,10.0,0.0700241724448374,0.0
2025-11-18,9552.2998046875,-0.0127230482427144,0.0001496825426343,0.0,10.0,0.1112202494058958,0.0
2025-11-19,9507.400390625,-0.0047003773939828,0.0001496825426343,0.0,10.0,0.1356978737126535,0.0
2025-11-20,9527.7001953125,0.002135158282333,0.000149801591086,0.0,10.0,0.108513667628977,0.0
2025-11-21,9539.7001953125,0.0012594854743543,0.0001484126987911,0.0,10.0,0.0829953569365608,0.0
2025-11-24,9534.900390625,-0.0005031399927912,0.0001480158737727,0.0,10.0,0.0828455764023032,0.0
2025-11-25,9609.5,0.0078238477927203,0.0001480952425608,0.0,10.0,0.0475355925975388,0.0
2025-11-26,9691.599609375,0.008543588050887,0.0001489285722611,0.0,10.0,0.0530532168974886,0.0
2025-11-27,9693.900390625,0.0002373995359625,0.0001489285722611,0.0,10.0,0.0566234474690867,0.0
2025-11-28,9720.5,0.0027439532389588,0.0001467063502659,0.0,10.0,0.0618296674413492,0.0
2025-12-01,9702.5,-0.0018517565968828,0.0001465476221508,0.0,10.0,0.0548993291373254,0.0
2025-12-02,9701.7998046875,-7.216648415353522e-05,0.0001457142829895,0.0,10.0,0.0539489689872843,0.0
2025-12-03,9692.099609375,-0.0009998346191202,0.0001442460313675,0.0,10.0,0.0536830126131669,0.0
2025-12-04,9710.900390625,0.0019398047902658,0.0001433333328792,0.0,10.0,0.0572300792433254,0.0
2025-12-05,9667.0,-0.0045207332851835,0.0001429761875243,0.0,10.0,0.056499224224836,0.0
2025-12-08,9645.099609375,-0.0022654795308783,0.0001435714297824,0.0,10.0,0.0630055544168937,0.0
2025-12-09,9642.0,-0.000321366237834,0.0001441269829159,0.0,10.0,0.0688015749699067,0.0
2025-12-10,9655.5,0.001400124455507,0.0001425793625059,0.0,10.0,0.0672969409027488,0.0
2025-12-11,9703.2001953125,0.004940209757392,0.0001415873046905,0.0,10.0,0.0595892731673303,0.0
2025-12-12,9649.0,-0.005585806148644,0.0001398809561653,0.0,10.0,0.0660018764711563,0.0
2025-12-15,9751.2998046875,0.0106021146945278,0.0001403968296353,0.0,10.0,0.0586376191642855,0.0
2025-12-16,9684.7998046875,-0.0068196036766332,0.0001406746062021,0.0,10.0,0.0505511110762298,0.0
2025-12-17,9774.2998046875,0.0092412854994361,0.000140595237414,0.0,10.0,0.0601234458687282,0.0
2025-12-18,9837.7998046875,0.0064966290444199,0.0001397619077137,0.0,10.0,0.0749168915578305,0.0
2025-12-19,9897.400390625,0.0060583247393488,0.0001397619077137,0.0,10.0,0.0930372757538041,0.0
2025-12-22,9866.0,-0.0031725897089849,0.0001400000046169,0.0,10.0,0.0759542211345785,0.0
2025-12-23,9889.2001953125,0.0023515300337015,0.0001407539655291,0.0,10.0,0.08233873010982,0.0
2025-12-24,9870.7001953125,-0.0018707276255535,0.0001410714312205,0.0,10.0,0.07198180650316,0.0
2025-12-29,9866.5,-0.0004255215161427,0.0001403968296353,0.0,10.0,0.0695196481959146,0.0
2025-12-30,9940.7001953125,0.0075204170995286,0.0001404761889624,0.0,10.0,0.0887420080985309,0.0
2025-12-31,9931.400390625,-0.0009355281323024,0.0001407539655291,0.0,10.0,0.0828438237573375,0.0
2026-01-02,9951.099609375,0.0019835288051215,0.0001401984123956,0.0,10.0,0.094622080981011,0.0
2026-01-05,10004.599609375,0.0053762902694287,0.0001394841311469,0.0,10.0,0.109222879154449,0.0
2026-01-06,10122.7001953125,0.0118046289255626,0.0001396825389256,0.0,10.0,0.1497443909624815,0.0
2026-01-07,10048.2001953125,-0.007359696381653,0.0001394841311469,0.0,10.0,0.1044444595466285,0.0
2026-01-08,10044.7001953125,-0.0003483210855644,0.0001391666654556,0.0,10.0,0.0982374282173387,0.0
2026-01-09,10124.599609375,0.0079543851492736,0.0001394047623588,0.0,10.0,0.1258052856162807,0.0
2026-01-12,10140.7001953125,0.0015902442129751,0.0001401984123956,0.0,10.0,0.1280676294117785,0.0
2026-01-13,10137.400390625,-0.0003254020554739,0.0001412698389991,0.0,10.0,0.1229635413348506,0.0
2026-01-14,10184.400390625,0.0046362970967848,0.0001412698389991,0.0,10.0,0.1402464398193559,0.0
2026-01-15,10238.900390625,0.0053513214239071,0.0001414682562389,0.0,10.0,0.1560702981765289,0.0
2026-01-16,10235.2998046875,-0.0003516574827504,0.0001411507905475,0.0,10.0,0.1463436259933259,0.0
2026-01-19,10195.400390625,-0.0038982164493341,0.0001411507905475,0.0,10.0,0.1244328812583848,0.0
2026-01-20,10126.7998046875,-0.0067285818417274,0.0001417460328056,0.0,10.0,0.1020718822824411,0.0
2026-01-21,10138.099609375,0.0011158317440294,0.0001423809547272,0.0,10.0,0.104648135202702,0.0
2026-01-22,10150.099609375,0.0011836537874321,0.0001423809547272,0.0,10.0,0.0990085899857545,0.0
2026-01-23,10143.400390625,-0.0006600150745134,0.000142142857824,0.0,10.0,0.0954166063699432,0.0
2026-01-26,10148.900390625,0.0005422244797792,0.0001418650812572,0.0,10.0,0.0964890673034469,0.0
2026-01-27,10207.7998046875,0.0058035266674711,0.0001416666640175,0.0,10.0,0.1068127612702882,0.0
2026-01-28,10154.400390625,-0.0052312364157042,0.000142142857824,0.0,10.0,0.0917371838092394,0.0
2026-01-29,10171.7998046875,0.0017134851289264,0.0001420634890359,0.0,10.0,0.0968528911577904,0.0
2026-01-30,10223.5,0.0050826988640373,0.0001417460328056,0.0,10.0,0.102738073466899,0.0
2026-02-02,10341.599609375,0.0115517786839145,0.0001419841297089,0.0,10.0,0.1353994251161448,0.0
2026-02-03,10314.599609375,-0.0026108146727633,0.0001424603140543,0.0,10.0,0.1202696279247895,0.0
2026-02-04,10402.2998046875,0.0085025302613577,0.000142658731294,0.0,10.0,0.1450046132253148,0.0
2026-02-05,10309.2001953125,-0.0089499063786882,0.0001419841297089,0.0,10.0,0.1022949755775727,0.0
2026-02-06,10369.7998046875,0.0058782066723812,0.0001424603140543,0.0,10.0,0.1193282513732805,0.0
2026-02-09,10386.2001953125,0.0015815532540548,0.0001425793625059,0.0,10.0,0.1215372292928008,0.0
2026-02-10,10353.7998046875,-0.003119561535086,0.0001424603140543,0.0,10.0,0.1064318591629789,0.0
2026-02-11,10472.099609375,0.011425738078685,0.0001428571390727,0.0,10.0,0.1417652465873789,0.0
2026-02-12,10402.400390625,-0.0066557062432449,0.0001427777797456,0.0,10.0,0.1095995143271505,0.0
2026-02-13,10446.400390625,0.0042297929658288,0.0001425793625059,0.0,10.0,0.1211911789032987,0.0
2026-02-16,10473.7001953125,0.0026133216865782,0.0001425793625059,0.0,10.0,0.1263712556762382,0.0
2026-02-17,10556.2001953125,0.0078768724005411,0.0001425793625059,0.0,10.0,0.1522525775565832,0.0
2026-02-18,10686.2001953125,0.0123150373803755,0.0001429761875243,0.0,10.0,0.1898518216758166,0.0
2026-02-19,10627.0,-0.0055398733160986,0.000142658731294,0.0,10.0,0.158222769077393,0.0
2026-02-20,10686.900390625,0.0056366228121764,0.000142658731294,0.0,10.0,0.1699411866129426,0.0
2026-02-23,10684.7001953125,-0.0002058777785961,0.0001423809547272,0.0,10.0,0.1601979374694789,0.0
2026-02-24,10680.599609375,-0.0003837810947001,0.0001423809547272,0.0,10.0,0.1524493600692857,0.0
2026-02-25,10806.400390625,0.0117784380887733,0.0001423809547272,0.0,10.0,0.1877804900513436,0.0
2026-02-26,10846.7001953125,0.0037292533342057,0.0001423809547272,0.0,10.0,0.1938392137782532,0.0
2026-02-27,10910.599609375,0.0058911385870252,0.0001419841297089,0.0,10.0,0.2047954911006566,0.0
2026-03-02,10780.099609375,-0.0119608458446103,0.0001424603140543,0.0,10.0,0.1557567816040069,0.0
2026-03-03,10484.099609375,-0.0274580023122031,0.000142658731294,0.0,10.0,0.1435501917536479,0.0
2026-03-04,10567.7001953125,0.0079740358306727,0.000142658731294,0.0,10.0,0.1218737555388967,0.0
2026-03-05,10413.900390625,-0.014553763055818,0.0001423809547272,0.0,10.0,0.1583894925799376,0.0
2026-03-06,10284.7998046875,-0.0123969484146133,0.0001416666640175,0.0,10.0,0.2423689986780647,0.0
2026-03-09,10249.5,-0.0034322306080679,0.0001425793625059,0.0,10.0,0.2480618222680192,0.0
2026-03-10,10412.2001953125,0.0158739641262988,0.000142658731294,0.0,10.0,0.1069123781812769,0.0
2026-03-11,10353.7998046875,-0.0056088424664838,0.0001428571390727,0.0,10.0,0.1258726830880336,0.0
2026-03-12,10305.2001953125,-0.0046938911599389,0.0001430555563124,0.0,10.0,0.1468456074401529,0.0
2026-03-13,10261.2001953125,-0.004269689008081,0.0001429761875243,0.0,10.0,0.1682563435532411,0.0
2026-03-16,10317.7001953125,0.0055061785097818,0.0001430555563124,0.0,10.0,0.1027609998140092,0.0
2026-03-17,10403.599609375,0.0083254419528031,0.0001430555563124,0.0,10.0,0.0669947577456924,0.0
2026-03-18,10305.2998046875,-0.0094486339707766,0.0001432539640911,0.0,10.0,0.099743504985578,0.0
2026-03-19,10063.5,-0.0234636361163906,0.0001433333328792,0.0,10.0,0.3816057330116097,0.0
2026-03-20,9918.2998046875,-0.0144283991963531,0.0001435714297824,0.0,10.0,0.5160979772036763,0.0
2026-03-23,9894.2001953125,-0.0024298125535194,0.0001433333328792,0.0,10.0,0.5171242502844905,0.0
2026-03-24,9965.2001953125,0.0071759211051376,0.0001436507891094,0.0,10.0,0.4069510772683166,0.0
2026-03-25,10106.7998046875,0.0142094094047007,0.0001436507891094,0.0,10.0,0.1610828573304501,0.0
2026-03-26,9972.2001953125,-0.013317727864024,0.0001436507891094,0.0,10.0,0.3650961512937775,0.0
2026-03-27,9967.400390625,-0.0004813185248483,0.0001431349251005,0.0,10.0,0.3442950494448575,0.0
2026-03-30,10128.0,0.0161124870157773,0.0001427777797456,0.0,10.0,0.0976950322373345,0.0
2026-03-31,10176.5,0.0047887045813586,0.0001428571390727,0.0,10.0,0.0641859193366818,0.0
2026-04-01,10364.7998046875,0.0185033955375129,0.0001430555563124,0.0,10.0,0.105326832725545,0.0
2026-04-02,10436.2998046875,0.0068983483856257,0.0001431349251005,0.0,10.0,0.1271175366256442,0.0
2026-04-07,10348.7998046875,-0.0083841976215266,0.0001434523813308,0.0,10.0,0.0686200099615248,0.0
2026-04-08,10608.900390625,0.0251334058872882,0.0001428571390727,0.0,10.0,0.1828823979376209,0.0
2026-04-09,10603.5,-0.000509043390564,0.0001423809547272,0.0,10.0,0.1606609832272594,0.0
2026-04-10,10600.5,-0.0002829254491441,0.0001425793625059,0.0,10.0,0.1402295993008048,0.0
2026-04-13,10583.0,-0.001650865525211,0.0001429761875243,0.0,10.0,0.1185655655613684,0.0
2026-04-14,10609.099609375,0.002466182497874,0.0001433333328792,0.0,10.0,0.1188139823506769,0.0
2026-04-15,10559.599609375,-0.0046658059423118,0.0001433333328792,0.0,10.0,0.0834652548422375,0.0
2026-04-16,10590.0,0.0028789340268176,0.0001432539640911,0.0,10.0,0.0881646233063822,0.0
2026-04-17,10667.599609375,0.0073276307247402,0.0001428571390727,0.0,10.0,0.1150911140723077,0.0
2026-04-20,10609.099609375,-0.0054838953599822,0.0001427777797456,0.0,10.0,0.0800120584699867,0.0
2026-04-21,10498.099609375,-0.0104627163554871,0.0001427777797456,0.0,10.0,0.0533314346948699,0.0
2026-04-22,10476.5,-0.0020574780368545,0.000142658731294,0.0,10.0,0.0582114264962964,0.0
2026-04-23,10457.0,-0.0018613086431537,0.000142658731294,0.0,10.0,0.0518145644462089,0.0
2026-04-24,10379.099609375,-0.007449592677154,0.0001425793625059,0.0,10.0,0.0937284771542981,0.0
2026-04-27,10321.099609375,-0.0055881533257096,0.0001424603140543,0.0,10.0,0.1532751009481279,0.0
2026-04-28,10332.7998046875,0.0011336190672814,0.0001424603140543,0.0,10.0,0.1225267156572079,0.0
2026-04-29,10213.099609375,-0.0115844879969703,0.0001424603140543,0.0,10.0,0.2755046501096451,0.0
2026-04-30,10378.7998046875,0.0162242807423906,0.0001422619062756,0.0,10.0,0.0580774991542792,0.0
2026-05-01,10363.900390625,-0.0014355623331101,0.0001418650812572,0.0,10.0,0.0526649831323031,0.0
2026-05-05,10219.099609375,-0.0139716492625676,0.0001428571390727,0.0,10.0,0.2190985577229876,0.0
2026-05-06,10438.7001953125,0.0214892303952138,0.0001428571390727,0.0,10.0,0.0461252588395751,0.0
2026-05-07,10277.0,-0.0154904530532558,0.0001427777797456,0.0,10.0,0.1441162334121753,0.0
2026-05-08,10233.099609375,-0.004271712622847,0.000142658731294,0.0,10.0,0.1878249892208034,0.0
2026-05-11,10269.400390625,0.0035473886344996,0.0001428571390727,0.0,10.0,0.1126373261129275,0.0
2026-05-12,10265.2998046875,-0.0003993013984773,0.0001429761875243,0.0,10.0,0.1018961758963381,0.0
2026-05-13,10325.400390625,0.0058547326508726,0.0001428571390727,0.0,10.0,0.0473491462597655,0.0
2026-05-14,10372.900390625,0.004600305867376,0.0001423809547272,0.0,10.0,0.0412043238280074,0.0
2026-05-15,10195.400390625,-0.0171118967034932,0.0001423809547272,0.0,10.0,0.199855004286734,0.0
2026-05-18,10323.7998046875,0.0125938569495089,0.0001415873046905,0.0,10.0,0.0564476147430191,0.0
2026-05-19,10330.599609375,0.0006586532881442,0.0001418650812572,0.0,10.0,0.0412542372725567,0.0
2026-05-20,10432.2998046875,0.009844558801815,0.0001411507905475,0.0,10.0,0.0462550920007249,0.0
2026-05-21,10443.5,0.0010736074999941,0.000142142857824,0.0,10.0,0.0472959506508864,0.0
2026-05-22,10466.2998046875,0.0021831574364437,0.0001422619062756,0.0,10.0,0.0460761200786958,0.0
2026-05-26,10491.400390625,0.0023982292124153,0.000142142857824,0.0,10.0,0.0443274933476541,0.0
2026-05-27,10505.0,0.0012962625453845,0.0001422619062756,0.0,10.0,0.0456499814593883,0.0
2026-05-28,10426.0,-0.0075202284626368,0.0001424603140543,0.0,10.0,0.0246646359122455,0.0
2026-05-29,10409.2998046875,-0.0016017835519375,0.0001423809547272,0.0,10.0,0.0265249377964681,0.0
2026-06-01,10339.0,-0.0067535574924878,0.0001436507891094,0.0,10.0,0.0661432096432747,0.0
2026-06-02,10373.5,0.0033368797756068,0.0001435714297824,0.0,10.0,0.034169699492552,0.0
2026-06-03,10332.2998046875,-0.0039716773810671,0.0001437698375611,0.0,10.0,0.0676877907411717,0.0
2026-06-04,10360.2998046875,0.0027099484654227,0.0001436507891094,0.0,10.0,0.0368280226958052,0.0
2026-06-05,10368.099609375,0.0007528551137072,0.0001438492063492,0.0,10.0,0.0337565326092176,0.0
2026-06-08,10373.2001953125,0.0004919499358289,0.0001439682548008,0.0,10.0,0.0331999174237175,0.0
2026-06-09,10227.2998046875,-0.0140651282032453,0.0001442460313675,0.0,10.0,0.201666229022073,0.0
2026-06-10,10254.7998046875,0.0026888817698875,0.0001442460313675,0.0,10.0,0.1321548128543574,0.0
2026-06-11,10303.900390625,0.0047880589453395,0.0001437698375611,0.0,10.0,0.0644616052547604,0.0
2026-06-12,10471.7001953125,0.0162850763619737,0.0001435714297824,0.0,10.0,0.0392332347733447,0.0
2026-06-15,10430.599609375,-0.0039249200388584,0.0001435714297824,0.0,10.0,0.0202264577556627,0.0
2026-06-16,10494.2001953125,0.0060975004620382,0.0001440476235889,0.0,10.0,0.0350798135033917,0.0
2026-06-17,10508.599609375,0.0013721306811862,0.000144722225174,0.0,10.0,0.0400459198411843,0.0
2026-06-18,10399.7001953125,-0.0103628854567213,0.0001451587298559,0.0,10.0,0.022971047311866,0.0
2026-06-19,10363.2998046875,-0.0035001384598958,0.0001451587298559,0.0,10.0,0.0429142321270471,0.0
2026-06-22,10437.900390625,0.0071985359242194,0.0001460317486808,0.0,10.0,0.0163374833675847,0.0
2026-06-23,10428.900390625,-0.0008622423728131,0.0001464285736992,0.0,10.0,0.0206154550133372,0.0
2026-06-24,10461.599609375,0.0031354426186096,0.0001464285736992,0.0,10.0,0.0288332181661812,0.0
2026-06-25,10529.900390625,0.0065287129884796,0.0001460317486808,0.0,10.0,0.0454748995877884,0.0
2026-06-26,10508.0,-0.0020798288504703,0.0001453571470956,0.0,10.0,0.0458488571943779,0.0
2026-06-29,10484.2001953125,-0.0022649224103064,0.0001460317486808,0.0,10.0,0.0306566966267164,0.0
2026-06-30,10497.099609375,0.0012303670115214,0.0001480952425608,0.0,10.0,0.0234457606726529,0.0
2026-07-01,10478.2998046875,-0.0017909522998819,0.0001468253987176,0.0,10.0,0.0265073283149493,0.0
2026-07-02,10652.900390625,0.0166630645421494,0.0001455555548743,0.0,10.0,0.0799753672240548,0.0
2026-07-03,10679.0,0.0024500003208487,0.0001455555548743,0.0,10.0,0.0858789261817469,0.0
2026-07-06,10651.7998046875,-0.0025470732570933,0.0001464285736992,0.0,10.0,0.0603993281948158,0.0
2026-07-07,10665.900390625,0.0013237749672403,0.000147817456533,0.0,10.0,0.0579615074742855,0.0
2026-07-08,10489.0,-0.0165856031039338,0.0001477380972059,0.0,10.0,0.044597444461389,0.0
2026-07-09,10472.5,-0.0015730765563923,0.0001461111080078,0.0,10.0,0.050163418353737,0.0
2026-07-10,10497.2998046875,0.0023680882967296,0.0001466269814778,0.0,10.0,0.031277026618033,0.0
2026-07-13,10498.2998046875,9.52625931054385e-05,0.0001479365049846,0.0,10.0,0.0304127540667875,0.0
2026-07-14,10529.400390625,0.0029624402537651,0.0001468253987176,0.0,10.0,0.0231818539289304,0.0
2026-07-15,10515.900390625,-0.0012821242900041,0.0001463492049111,0.0,10.0,0.0296935261015298,0.0
2026-07-16,10572.2001953125,0.0053537788107704,0.0001467063502659,0.0,10.0,0.0371604569900177,0.0
2026-07-17,10600.400390625,0.0026673913463162,0.0001471031752843,0.0,10.0,0.0467809461348468,0.0
2026-07-20,10524.7998046875,-0.0071318613591577,0.0001470238064962,0.0,10.0,0.0366704851332526,0.0
2026-07-21,10585.900390625,0.0058053917481915,0.0001480158737727,0.0,10.0,0.0431989989216244,0.0
2026-07-22,10717.0,0.0123843607569842,0.0001486111065698,0.0,10.0,0.0810362931299605,0.0
2026-07-23,10639.2001953125,-0.007259476036904,0.0001507936489014,0.0,10.0,0.0396396453673666,0.0
2026-07-24,10736.2001953125,0.00911722669179,0.0001509920661411,0.0,10.0,0.0798899823753472,0.0
2026-07-27,10781.7998046875,0.0042472763683103,0.0001506746004498,0.0,10.0,0.0892193085131737,0.0
2026-07-28,10871.0,0.0082732194001338,0.0001492063488279,0.0,10.0,0.1251216837519059,0.0
2026-07-29,10908.400390625,0.0034403818071013,0.0001451587298559,0.0,10.0,0.1273436653907798,0.0
2026-07-30,10897.2998046875,-0.0010176181236472,0.0001458333314411,0.0,10.0,0.1058781247217702,0.0
2026-07-31,10868.099609375,-0.0026795807985331,0.0001461111080078,0.0,10.0,0.080795175961091,0.0
2026-08-03,10857.7001953125,-0.0009568751149031,0.0001468253987176,0.0,10.0,0.0695536524081251,0.0
2026-08-04,10879.400390625,0.0019985996041655,0.0001480158737727,0.0,10.0,0.0730960611176669,0.0
